solid OpenSCAD_Model
  facet normal 0 0.5141027441932231 0.8577286100002712
    outer loop
      vertex 13 -1.000026419435284 4.503354697855419
      vertex 0 -0.8485141262867958 4.412541724172961
      vertex 0 -1.000026419435284 4.503354697855419
    endloop
  endfacet
  facet normal 0 0.4275550934302788 0.9039892931234448
    outer loop
      vertex 13 -0.8485141262867958 4.412541724172961
      vertex 0 -0.6888301782571616 4.337016841479684
      vertex 0 -0.8485141262867958 4.412541724172961
    endloop
  endfacet
  facet normal 0 0.3368898533922228 0.9415440651830198
    outer loop
      vertex 13 -0.6888301782571616 4.337016841479684
      vertex 0 -0.5225124190580323 4.277507395682024
      vertex 0 -0.6888301782571616 4.337016841479684
    endloop
  endfacet
  facet normal 0 0.24298017990326246 0.9700312531945443
    outer loop
      vertex 13 -0.5225124190580323 4.277507395682024
      vertex 0 -0.35116257962903086 4.234586495274185
      vertex 0 -0.5225124190580323 4.277507395682024
    endloop
  endfacet
  facet normal 0 0.1467304744553646 0.9891765099647806
    outer loop
      vertex 13 -0.35116257962903086 4.234586495274185
      vertex 0 -0.1764308525932091 4.208667491990045
      vertex 0 -0.35116257962903086 4.234586495274185
    endloop
  endfacet
  facet normal 0 0.049067674327415316 0.9987954562051724
    outer loop
      vertex 13 -0.1764308525932091 4.208667491990045
      vertex 0 0 4.2
      vertex 0 -0.1764308525932091 4.208667491990045
    endloop
  endfacet
  facet normal 1.2621600545314758e-19 0.5141027441932231 0.8577286100002712
    outer loop
      vertex 13 -1.000026419435284 4.503354697855419
      vertex 13 -0.8485141262867958 4.412541724172961
      vertex 0 -0.8485141262867958 4.412541724172961
    endloop
  endfacet
  facet normal 2.74753529831165e-19 0.3368898533922228 0.9415440651830198
    outer loop
      vertex 13 -0.6888301782571616 4.337016841479684
      vertex 13 -0.5225124190580323 4.277507395682024
      vertex 0 -0.5225124190580323 4.277507395682024
    endloop
  endfacet
  facet normal 1.6882166622221333e-19 0.4275550934302788 0.9039892931234448
    outer loop
      vertex 13 -0.8485141262867958 4.412541724172961
      vertex 13 -0.6888301782571616 4.337016841479684
      vertex 0 -0.6888301782571616 4.337016841479684
    endloop
  endfacet
  facet normal 1.8544606946823962e-19 0.24298017990326246 0.9700312531945443
    outer loop
      vertex 13 -0.5225124190580323 4.277507395682024
      vertex 13 -0.35116257962903086 4.234586495274185
      vertex 0 -0.35116257962903086 4.234586495274185
    endloop
  endfacet
  facet normal -2.0955374467939768e-20 0.1467304744553646 0.9891765099647806
    outer loop
      vertex 13 -0.35116257962903086 4.234586495274185
      vertex 13 -0.1764308525932091 4.208667491990045
      vertex 0 -0.1764308525932091 4.208667491990045
    endloop
  endfacet
  facet normal -2.215913056270957e-20 0.049067674327415316 0.9987954562051724
    outer loop
      vertex 13 -0.1764308525932091 4.208667491990045
      vertex 13 0 4.2
      vertex 0 0 4.2
    endloop
  endfacet
  facet normal 0 0.8577286100002717 0.5141027441932224
    outer loop
      vertex 13 -1.587458275827039 5.151485873713204
      vertex 0 -1.4966453021445814 4.999973580564716
      vertex 0 -1.587458275827039 5.151485873713204
    endloop
  endfacet
  facet normal 0 0.740951125354961 0.6715589548470163
    outer loop
      vertex 13 -1.3914188160529266 4.858092088505439
      vertex 0 -1.2727922061357857 4.727207793864214
      vertex 0 -1.3914188160529266 4.858092088505439
    endloop
  endfacet
  facet normal 0 0.5956993044924335 0.8032075314806447
    outer loop
      vertex 13 -1.1419079114945618 4.608581183947074
      vertex 0 -1.000026419435284 4.503354697855419
      vertex 0 -1.1419079114945618 4.608581183947074
    endloop
  endfacet
  facet normal 0 0.6715589548470169 0.7409511253549604
    outer loop
      vertex 13 -1.2727922061357857 4.727207793864214
      vertex 0 -1.1419079114945618 4.608581183947074
      vertex 0 -1.2727922061357857 4.727207793864214
    endloop
  endfacet
  facet normal 0 0.8032075314806444 0.5956993044924339
    outer loop
      vertex 13 -1.4966453021445814 4.999973580564716
      vertex 0 -1.3914188160529266 4.858092088505439
      vertex 0 -1.4966453021445814 4.999973580564716
    endloop
  endfacet
  facet normal 0 0.8577286100002717 0.5141027441932224
    outer loop
      vertex 13 -1.4966453021445814 4.999973580564716
      vertex 0 -1.4966453021445814 4.999973580564716
      vertex 13 -1.587458275827039 5.151485873713204
    endloop
  endfacet
  facet normal 0 0.9039892931234438 0.4275550934302809
    outer loop
      vertex 13 -1.587458275827039 5.151485873713204
      vertex 0 -1.587458275827039 5.151485873713204
      vertex 13 -1.662983158520316 5.311169821742839
    endloop
  endfacet
  facet normal -8.006707278747105e-20 0.740951125354961 0.6715589548470163
    outer loop
      vertex 13 -1.3914188160529266 4.858092088505439
      vertex 13 -1.2727922061357857 4.727207793864214
      vertex 0 -1.2727922061357857 4.727207793864214
    endloop
  endfacet
  facet normal 0 0.6715589548470169 0.7409511253549604
    outer loop
      vertex 13 -1.1419079114945618 4.608581183947074
      vertex 0 -1.1419079114945618 4.608581183947074
      vertex 13 -1.2727922061357857 4.727207793864214
    endloop
  endfacet
  facet normal -2.346759936800365e-19 0.5956993044924335 0.8032075314806447
    outer loop
      vertex 13 -1.1419079114945618 4.608581183947074
      vertex 13 -1.000026419435284 4.503354697855419
      vertex 0 -1.000026419435284 4.503354697855419
    endloop
  endfacet
  facet normal 0 0.8032075314806444 0.5956993044924339
    outer loop
      vertex 13 -1.3914188160529266 4.858092088505439
      vertex 0 -1.3914188160529266 4.858092088505439
      vertex 13 -1.4966453021445814 4.999973580564716
    endloop
  endfacet
  facet normal 0 0.9700312531945443 0.2429801799032627
    outer loop
      vertex 13 -1.7654135047258148 5.6488374203709695
      vertex 0 -1.722492604317976 5.477487580941967
      vertex 0 -1.7654135047258148 5.6488374203709695
    endloop
  endfacet
  facet normal 0 0.9039892931234438 0.4275550934302809
    outer loop
      vertex 13 -1.662983158520316 5.311169821742839
      vertex 0 -1.587458275827039 5.151485873713204
      vertex 0 -1.662983158520316 5.311169821742839
    endloop
  endfacet
  facet normal 0 0.9415440651830203 0.3368898533922219
    outer loop
      vertex 13 -1.722492604317976 5.477487580941967
      vertex 0 -1.662983158520316 5.311169821742839
      vertex 0 -1.722492604317976 5.477487580941967
    endloop
  endfacet
  facet normal 0 0.989176509964781 0.14673047445536255
    outer loop
      vertex 13 -1.7913325080099545 5.823569147406791
      vertex 0 -1.7654135047258148 5.6488374203709695
      vertex 0 -1.7913325080099545 5.823569147406791
    endloop
  endfacet
  facet normal 0 0.9987954562051724 0.04906767432741779
    outer loop
      vertex 13 -1.8 6
      vertex 0 -1.7913325080099545 5.823569147406791
      vertex 0 -1.8 6
    endloop
  endfacet
  facet normal 0 0.9415440651830203 0.3368898533922219
    outer loop
      vertex 13 -1.662983158520316 5.311169821742839
      vertex 0 -1.662983158520316 5.311169821742839
      vertex 13 -1.722492604317976 5.477487580941967
    endloop
  endfacet
  facet normal 0 0.9700312531945443 0.2429801799032627
    outer loop
      vertex 13 -1.722492604317976 5.477487580941967
      vertex 0 -1.722492604317976 5.477487580941967
      vertex 13 -1.7654135047258148 5.6488374203709695
    endloop
  endfacet
  facet normal 0 0.989176509964781 0.14673047445536255
    outer loop
      vertex 13 -1.7654135047258148 5.6488374203709695
      vertex 0 -1.7654135047258148 5.6488374203709695
      vertex 13 -1.7913325080099545 5.823569147406791
    endloop
  endfacet
  facet normal 0 0.9987954562051724 0.04906767432741779
    outer loop
      vertex 13 -1.7913325080099545 5.823569147406791
      vertex 0 -1.7913325080099545 5.823569147406791
      vertex 13 -1.8 6
    endloop
  endfacet
  facet normal -1 0 0
    outer loop
      vertex 13 -1.722492604317976 5.477487580941967
      vertex 13 -1.7654135047258148 5.6488374203709695
      vertex 13 -1.7654135047258148 6.3511625796290305
    endloop
  endfacet
  facet normal -1 0 0
    outer loop
      vertex 13 -1.7654135047258148 5.6488374203709695
      vertex 13 -1.7913325080099545 5.823569147406791
      vertex 13 -1.7913325080099545 6.176430852593209
    endloop
  endfacet
  facet normal -1 0 0
    outer loop
      vertex 13 -1.587458275827039 5.151485873713204
      vertex 13 -1.662983158520316 5.311169821742839
      vertex 13 -1.662983158520316 6.688830178257161
    endloop
  endfacet
  facet normal -1 0 0
    outer loop
      vertex 13 -1.662983158520316 5.311169821742839
      vertex 13 -1.722492604317976 5.477487580941967
      vertex 13 -1.722492604317976 6.522512419058033
    endloop
  endfacet
  facet normal -1 0 0
    outer loop
      vertex 13 -1.4966453021445814 4.999973580564716
      vertex 13 -1.587458275827039 5.151485873713204
      vertex 13 -1.587458275827039 6.848514126286796
    endloop
  endfacet
  facet normal -1 0 0
    outer loop
      vertex 13 -1.3914188160529266 4.858092088505439
      vertex 13 -1.4966453021445814 4.999973580564716
      vertex 13 -1.4966453021445814 7.000026419435284
    endloop
  endfacet
  facet normal -1 0 0
    outer loop
      vertex 13 -1.3914188160529266 4.858092088505439
      vertex 13 -1.3914188160529266 7.141907911494561
      vertex 13 -1.2727922061357857 4.727207793864214
    endloop
  endfacet
  facet normal -1 0 0
    outer loop
      vertex 13 -1.1419079114945618 4.608581183947074
      vertex 13 -1.2727922061357857 4.727207793864214
      vertex 13 -1.2727922061357857 7.272792206135786
    endloop
  endfacet
  facet normal -1 0 0
    outer loop
      vertex 13 -1.1419079114945618 4.608581183947074
      vertex 13 -1.1419079114945618 7.391418816052926
      vertex 13 -1.000026419435284 4.503354697855419
    endloop
  endfacet
  facet normal -1 0 0
    outer loop
      vertex 13 -1.000026419435284 4.503354697855419
      vertex 13 -1.000026419435284 7.496645302144581
      vertex 13 -0.8485141262867958 4.412541724172961
    endloop
  endfacet
  facet normal -1 0 0
    outer loop
      vertex 13 -0.8485141262867958 4.412541724172961
      vertex 13 -0.8485141262867958 7.587458275827039
      vertex 13 -0.6888301782571616 4.337016841479684
    endloop
  endfacet
  facet normal -1 0 0
    outer loop
      vertex 13 -0.6888301782571616 4.337016841479684
      vertex 13 -0.6888301782571616 7.662983158520316
      vertex 13 -0.5225124190580323 4.277507395682024
    endloop
  endfacet
  facet normal -1 0 0
    outer loop
      vertex 13 -0.5225124190580323 4.277507395682024
      vertex 13 -0.5225124190580323 7.722492604317976
      vertex 13 -0.35116257962903086 4.234586495274185
    endloop
  endfacet
  facet normal -1 0 0
    outer loop
      vertex 13 -0.35116257962903086 4.234586495274185
      vertex 13 -0.35116257962903086 7.765413504725815
      vertex 13 -0.1764308525932091 4.208667491990045
    endloop
  endfacet
  facet normal -1 0 0
    outer loop
      vertex 13 -0.1764308525932091 4.208667491990045
      vertex 13 -0.1764308525932091 7.791332508009955
      vertex 13 0 4.2
    endloop
  endfacet
  facet normal 0 0.9987954562051724 -0.04906767432741779
    outer loop
      vertex 13 -1.7913325080099545 6.176430852593209
      vertex 0 -1.8 6
      vertex 0 -1.7913325080099545 6.176430852593209
    endloop
  endfacet
  facet normal 0 0.989176509964781 -0.14673047445536255
    outer loop
      vertex 13 -1.7654135047258148 6.3511625796290305
      vertex 0 -1.7913325080099545 6.176430852593209
      vertex 0 -1.7654135047258148 6.3511625796290305
    endloop
  endfacet
  facet normal 0 0.9700312531945443 -0.2429801799032627
    outer loop
      vertex 13 -1.722492604317976 6.522512419058033
      vertex 0 -1.7654135047258148 6.3511625796290305
      vertex 0 -1.722492604317976 6.522512419058033
    endloop
  endfacet
  facet normal 0 0.9415440651830203 -0.3368898533922219
    outer loop
      vertex 13 -1.662983158520316 6.688830178257161
      vertex 0 -1.722492604317976 6.522512419058033
      vertex 0 -1.662983158520316 6.688830178257161
    endloop
  endfacet
  facet normal 0 0.9987954562051724 -0.04906767432741779
    outer loop
      vertex 13 -1.8 6
      vertex 0 -1.8 6
      vertex 13 -1.7913325080099545 6.176430852593209
    endloop
  endfacet
  facet normal 0 0.989176509964781 -0.14673047445536255
    outer loop
      vertex 13 -1.7913325080099545 6.176430852593209
      vertex 0 -1.7913325080099545 6.176430852593209
      vertex 13 -1.7654135047258148 6.3511625796290305
    endloop
  endfacet
  facet normal 0 0.9700312531945443 -0.2429801799032627
    outer loop
      vertex 13 -1.7654135047258148 6.3511625796290305
      vertex 0 -1.7654135047258148 6.3511625796290305
      vertex 13 -1.722492604317976 6.522512419058033
    endloop
  endfacet
  facet normal 0 0.9415440651830203 -0.3368898533922219
    outer loop
      vertex 13 -1.722492604317976 6.522512419058033
      vertex 0 -1.722492604317976 6.522512419058033
      vertex 13 -1.662983158520316 6.688830178257161
    endloop
  endfacet
  facet normal 0 0.9039892931234438 -0.4275550934302809
    outer loop
      vertex 13 -1.662983158520316 6.688830178257161
      vertex 0 -1.662983158520316 6.688830178257161
      vertex 13 -1.587458275827039 6.848514126286796
    endloop
  endfacet
  facet normal 0 0.9039892931234438 -0.4275550934302809
    outer loop
      vertex 13 -1.587458275827039 6.848514126286796
      vertex 0 -1.662983158520316 6.688830178257161
      vertex 0 -1.587458275827039 6.848514126286796
    endloop
  endfacet
  facet normal 0 0.8577286100002717 -0.5141027441932224
    outer loop
      vertex 13 -1.4966453021445814 7.000026419435284
      vertex 0 -1.587458275827039 6.848514126286796
      vertex 0 -1.4966453021445814 7.000026419435284
    endloop
  endfacet
  facet normal 0 0.8032075314806444 -0.5956993044924339
    outer loop
      vertex 13 -1.3914188160529266 7.141907911494561
      vertex 0 -1.4966453021445814 7.000026419435284
      vertex 0 -1.3914188160529266 7.141907911494561
    endloop
  endfacet
  facet normal 0 0.740951125354961 -0.6715589548470163
    outer loop
      vertex 13 -1.2727922061357857 7.272792206135786
      vertex 0 -1.3914188160529266 7.141907911494561
      vertex 0 -1.2727922061357857 7.272792206135786
    endloop
  endfacet
  facet normal 0 0.6715589548470169 -0.7409511253549604
    outer loop
      vertex 13 -1.1419079114945618 7.391418816052926
      vertex 0 -1.2727922061357857 7.272792206135786
      vertex 0 -1.1419079114945618 7.391418816052926
    endloop
  endfacet
  facet normal 0 0.5956993044924335 -0.8032075314806447
    outer loop
      vertex 13 -1.000026419435284 7.496645302144581
      vertex 0 -1.1419079114945618 7.391418816052926
      vertex 0 -1.000026419435284 7.496645302144581
    endloop
  endfacet
  facet normal 0 0.8577286100002717 -0.5141027441932224
    outer loop
      vertex 13 -1.587458275827039 6.848514126286796
      vertex 0 -1.587458275827039 6.848514126286796
      vertex 13 -1.4966453021445814 7.000026419435284
    endloop
  endfacet
  facet normal 0 0.8032075314806444 -0.5956993044924339
    outer loop
      vertex 13 -1.4966453021445814 7.000026419435284
      vertex 0 -1.4966453021445814 7.000026419435284
      vertex 13 -1.3914188160529266 7.141907911494561
    endloop
  endfacet
  facet normal 0 0.740951125354961 -0.6715589548470163
    outer loop
      vertex 13 -1.3914188160529266 7.141907911494561
      vertex 0 -1.3914188160529266 7.141907911494561
      vertex 13 -1.2727922061357857 7.272792206135786
    endloop
  endfacet
  facet normal 0 0.6715589548470169 -0.7409511253549604
    outer loop
      vertex 13 -1.2727922061357857 7.272792206135786
      vertex 0 -1.2727922061357857 7.272792206135786
      vertex 13 -1.1419079114945618 7.391418816052926
    endloop
  endfacet
  facet normal 0 0.5956993044924335 -0.8032075314806447
    outer loop
      vertex 13 -1.1419079114945618 7.391418816052926
      vertex 0 -1.1419079114945618 7.391418816052926
      vertex 13 -1.000026419435284 7.496645302144581
    endloop
  endfacet
  facet normal -1 0 0
    outer loop
      vertex 13 -1.7913325080099545 5.823569147406791
      vertex 13 -1.8 6
      vertex 13 -1.7913325080099545 6.176430852593209
    endloop
  endfacet
  facet normal -1 0 0
    outer loop
      vertex 13 -1.7654135047258148 5.6488374203709695
      vertex 13 -1.7913325080099545 6.176430852593209
      vertex 13 -1.7654135047258148 6.3511625796290305
    endloop
  endfacet
  facet normal -1 0 0
    outer loop
      vertex 13 -1.722492604317976 5.477487580941967
      vertex 13 -1.7654135047258148 6.3511625796290305
      vertex 13 -1.722492604317976 6.522512419058033
    endloop
  endfacet
  facet normal -1 0 0
    outer loop
      vertex 13 -1.662983158520316 5.311169821742839
      vertex 13 -1.722492604317976 6.522512419058033
      vertex 13 -1.662983158520316 6.688830178257161
    endloop
  endfacet
  facet normal -1 0 0
    outer loop
      vertex 13 -1.587458275827039 5.151485873713204
      vertex 13 -1.662983158520316 6.688830178257161
      vertex 13 -1.587458275827039 6.848514126286796
    endloop
  endfacet
  facet normal -1 0 0
    outer loop
      vertex 13 -1.4966453021445814 4.999973580564716
      vertex 13 -1.587458275827039 6.848514126286796
      vertex 13 -1.4966453021445814 7.000026419435284
    endloop
  endfacet
  facet normal -1 0 0
    outer loop
      vertex 13 -1.3914188160529266 4.858092088505439
      vertex 13 -1.4966453021445814 7.000026419435284
      vertex 13 -1.3914188160529266 7.141907911494561
    endloop
  endfacet
  facet normal -1 0 0
    outer loop
      vertex 13 -1.2727922061357857 4.727207793864214
      vertex 13 -1.3914188160529266 7.141907911494561
      vertex 13 -1.2727922061357857 7.272792206135786
    endloop
  endfacet
  facet normal -1 0 0
    outer loop
      vertex 13 -1.1419079114945618 4.608581183947074
      vertex 13 -1.2727922061357857 7.272792206135786
      vertex 13 -1.1419079114945618 7.391418816052926
    endloop
  endfacet
  facet normal -1 0 0
    outer loop
      vertex 13 -1.000026419435284 4.503354697855419
      vertex 13 -1.1419079114945618 7.391418816052926
      vertex 13 -1.000026419435284 7.496645302144581
    endloop
  endfacet
  facet normal -1 0 0
    outer loop
      vertex 13 -0.8485141262867958 4.412541724172961
      vertex 13 -1.000026419435284 7.496645302144581
      vertex 13 -0.8485141262867958 7.587458275827039
    endloop
  endfacet
  facet normal -1 0 0
    outer loop
      vertex 13 -0.6888301782571616 4.337016841479684
      vertex 13 -0.8485141262867958 7.587458275827039
      vertex 13 -0.6888301782571616 7.662983158520316
    endloop
  endfacet
  facet normal -1 0 0
    outer loop
      vertex 13 -0.5225124190580323 4.277507395682024
      vertex 13 -0.6888301782571616 7.662983158520316
      vertex 13 -0.5225124190580323 7.722492604317976
    endloop
  endfacet
  facet normal -1 0 0
    outer loop
      vertex 13 -0.35116257962903086 4.234586495274185
      vertex 13 -0.5225124190580323 7.722492604317976
      vertex 13 -0.35116257962903086 7.765413504725815
    endloop
  endfacet
  facet normal -1 0 0
    outer loop
      vertex 13 -0.1764308525932091 4.208667491990045
      vertex 13 -0.35116257962903086 7.765413504725815
      vertex 13 -0.1764308525932091 7.791332508009955
    endloop
  endfacet
  facet normal -1 0 0
    outer loop
      vertex 13 -0.1764308525932091 7.791332508009955
      vertex 13 0 7.8
      vertex 13 0 4.2
    endloop
  endfacet
  facet normal 0 0.5141027441932231 -0.8577286100002712
    outer loop
      vertex 13 -0.8485141262867958 7.587458275827039
      vertex 0 -1.000026419435284 7.496645302144581
      vertex 0 -0.8485141262867958 7.587458275827039
    endloop
  endfacet
  facet normal 0 0.4275550934302788 -0.9039892931234448
    outer loop
      vertex 13 -0.6888301782571616 7.662983158520316
      vertex 0 -0.8485141262867958 7.587458275827039
      vertex 0 -0.6888301782571616 7.662983158520316
    endloop
  endfacet
  facet normal 0 0.3368898533922228 -0.9415440651830198
    outer loop
      vertex 13 -0.5225124190580323 7.722492604317976
      vertex 0 -0.6888301782571616 7.662983158520316
      vertex 0 -0.5225124190580323 7.722492604317976
    endloop
  endfacet
  facet normal 0 0.24298017990326246 -0.9700312531945443
    outer loop
      vertex 13 -0.35116257962903086 7.765413504725815
      vertex 0 -0.5225124190580323 7.722492604317976
      vertex 0 -0.35116257962903086 7.765413504725815
    endloop
  endfacet
  facet normal 0 0.1467304744553646 -0.9891765099647806
    outer loop
      vertex 13 -0.1764308525932091 7.791332508009955
      vertex 0 -0.35116257962903086 7.765413504725815
      vertex 0 -0.1764308525932091 7.791332508009955
    endloop
  endfacet
  facet normal 0 0.049067674327415316 -0.9987954562051724
    outer loop
      vertex 13 0 7.8
      vertex 0 -0.1764308525932091 7.791332508009955
      vertex 0 0 7.8
    endloop
  endfacet
  facet normal 0 0.5141027441932231 -0.8577286100002712
    outer loop
      vertex 13 -1.000026419435284 7.496645302144581
      vertex 0 -1.000026419435284 7.496645302144581
      vertex 13 -0.8485141262867958 7.587458275827039
    endloop
  endfacet
  facet normal 0 0.4275550934302788 -0.9039892931234448
    outer loop
      vertex 13 -0.8485141262867958 7.587458275827039
      vertex 0 -0.8485141262867958 7.587458275827039
      vertex 13 -0.6888301782571616 7.662983158520316
    endloop
  endfacet
  facet normal 0 0.3368898533922228 -0.9415440651830198
    outer loop
      vertex 13 -0.6888301782571616 7.662983158520316
      vertex 0 -0.6888301782571616 7.662983158520316
      vertex 13 -0.5225124190580323 7.722492604317976
    endloop
  endfacet
  facet normal 0 0.24298017990326246 -0.9700312531945443
    outer loop
      vertex 13 -0.5225124190580323 7.722492604317976
      vertex 0 -0.5225124190580323 7.722492604317976
      vertex 13 -0.35116257962903086 7.765413504725815
    endloop
  endfacet
  facet normal 0 0.1467304744553646 -0.9891765099647806
    outer loop
      vertex 13 -0.35116257962903086 7.765413504725815
      vertex 0 -0.35116257962903086 7.765413504725815
      vertex 13 -0.1764308525932091 7.791332508009955
    endloop
  endfacet
  facet normal 0 0.049067674327415316 -0.9987954562051724
    outer loop
      vertex 13 -0.1764308525932091 7.791332508009955
      vertex 0 -0.1764308525932091 7.791332508009955
      vertex 13 0 7.8
    endloop
  endfacet
  facet normal 0 -0.049067674327415316 0.9987954562051724
    outer loop
      vertex 13 0 4.2
      vertex 0 0.1764308525932091 4.208667491990045
      vertex 0 0 4.2
    endloop
  endfacet
  facet normal 0 -0.1467304744553646 0.9891765099647806
    outer loop
      vertex 13 0.1764308525932091 4.208667491990045
      vertex 0 0.35116257962903086 4.234586495274185
      vertex 0 0.1764308525932091 4.208667491990045
    endloop
  endfacet
  facet normal 0 -0.24298017990326246 0.9700312531945443
    outer loop
      vertex 13 0.35116257962903086 4.234586495274185
      vertex 0 0.5225124190580323 4.277507395682024
      vertex 0 0.35116257962903086 4.234586495274185
    endloop
  endfacet
  facet normal 0 -0.3368898533922228 0.9415440651830198
    outer loop
      vertex 13 0.5225124190580323 4.277507395682024
      vertex 0 0.6888301782571616 4.337016841479684
      vertex 0 0.5225124190580323 4.277507395682024
    endloop
  endfacet
  facet normal 0 -0.4275550934302788 0.9039892931234448
    outer loop
      vertex 13 0.6888301782571616 4.337016841479684
      vertex 0 0.8485141262867958 4.412541724172961
      vertex 0 0.6888301782571616 4.337016841479684
    endloop
  endfacet
  facet normal 0 -0.5141027441932231 0.8577286100002712
    outer loop
      vertex 13 0.8485141262867958 4.412541724172961
      vertex 0 1.000026419435284 4.503354697855419
      vertex 0 0.8485141262867958 4.412541724172961
    endloop
  endfacet
  facet normal 2.215913056270957e-20 -0.049067674327415316 0.9987954562051724
    outer loop
      vertex 13 0 4.2
      vertex 13 0.1764308525932091 4.208667491990045
      vertex 0 0.1764308525932091 4.208667491990045
    endloop
  endfacet
  facet normal 2.0955374467939768e-20 -0.1467304744553646 0.9891765099647806
    outer loop
      vertex 13 0.1764308525932091 4.208667491990045
      vertex 13 0.35116257962903086 4.234586495274185
      vertex 0 0.35116257962903086 4.234586495274185
    endloop
  endfacet
  facet normal -1.8544606946823962e-19 -0.24298017990326246 0.9700312531945443
    outer loop
      vertex 13 0.35116257962903086 4.234586495274185
      vertex 13 0.5225124190580323 4.277507395682024
      vertex 0 0.5225124190580323 4.277507395682024
    endloop
  endfacet
  facet normal -2.74753529831165e-19 -0.3368898533922228 0.9415440651830198
    outer loop
      vertex 13 0.5225124190580323 4.277507395682024
      vertex 13 0.6888301782571616 4.337016841479684
      vertex 0 0.6888301782571616 4.337016841479684
    endloop
  endfacet
  facet normal -1.6882166622221333e-19 -0.4275550934302788 0.9039892931234448
    outer loop
      vertex 13 0.6888301782571616 4.337016841479684
      vertex 13 0.8485141262867958 4.412541724172961
      vertex 0 0.8485141262867958 4.412541724172961
    endloop
  endfacet
  facet normal -1.2621600545314758e-19 -0.5141027441932231 0.8577286100002712
    outer loop
      vertex 13 0.8485141262867958 4.412541724172961
      vertex 13 1.000026419435284 4.503354697855419
      vertex 0 1.000026419435284 4.503354697855419
    endloop
  endfacet
  facet normal 0 -0.5956993044924335 0.8032075314806447
    outer loop
      vertex 13 1.000026419435284 4.503354697855419
      vertex 0 1.1419079114945618 4.608581183947074
      vertex 0 1.000026419435284 4.503354697855419
    endloop
  endfacet
  facet normal 0 -0.6715589548470169 0.7409511253549604
    outer loop
      vertex 13 1.1419079114945618 4.608581183947074
      vertex 0 1.2727922061357857 4.727207793864214
      vertex 0 1.1419079114945618 4.608581183947074
    endloop
  endfacet
  facet normal 0 -0.740951125354961 0.6715589548470163
    outer loop
      vertex 13 1.2727922061357857 4.727207793864214
      vertex 0 1.3914188160529266 4.858092088505439
      vertex 0 1.2727922061357857 4.727207793864214
    endloop
  endfacet
  facet normal 0 -0.8032075314806444 0.5956993044924339
    outer loop
      vertex 13 1.3914188160529266 4.858092088505439
      vertex 0 1.4966453021445814 4.999973580564716
      vertex 0 1.3914188160529266 4.858092088505439
    endloop
  endfacet
  facet normal 0 -0.8577286100002717 0.5141027441932224
    outer loop
      vertex 13 1.4966453021445814 4.999973580564716
      vertex 0 1.587458275827039 5.151485873713204
      vertex 0 1.4966453021445814 4.999973580564716
    endloop
  endfacet
  facet normal 0 -0.9039892931234438 0.4275550934302809
    outer loop
      vertex 13 1.587458275827039 5.151485873713204
      vertex 0 1.662983158520316 5.311169821742839
      vertex 0 1.587458275827039 5.151485873713204
    endloop
  endfacet
  facet normal 2.346759936800365e-19 -0.5956993044924335 0.8032075314806447
    outer loop
      vertex 13 1.000026419435284 4.503354697855419
      vertex 13 1.1419079114945618 4.608581183947074
      vertex 0 1.1419079114945618 4.608581183947074
    endloop
  endfacet
  facet normal -1.1793494066474137e-20 -0.6715589548470169 0.7409511253549604
    outer loop
      vertex 13 1.1419079114945618 4.608581183947074
      vertex 13 1.2727922061357857 4.727207793864214
      vertex 0 1.2727922061357857 4.727207793864214
    endloop
  endfacet
  facet normal 8.006707278747105e-20 -0.740951125354961 0.6715589548470163
    outer loop
      vertex 13 1.2727922061357857 4.727207793864214
      vertex 13 1.3914188160529266 4.858092088505439
      vertex 0 1.3914188160529266 4.858092088505439
    endloop
  endfacet
  facet normal 1.600317911511132e-19 -0.8032075314806444 0.5956993044924339
    outer loop
      vertex 13 1.3914188160529266 4.858092088505439
      vertex 13 1.4966453021445814 4.999973580564716
      vertex 0 1.4966453021445814 4.999973580564716
    endloop
  endfacet
  facet normal -2.815334181725777e-19 -0.8577286100002717 0.5141027441932224
    outer loop
      vertex 13 1.4966453021445814 4.999973580564716
      vertex 13 1.587458275827039 5.151485873713204
      vertex 0 1.587458275827039 5.151485873713204
    endloop
  endfacet
  facet normal 0 -0.9415440651830203 0.3368898533922219
    outer loop
      vertex 13 1.662983158520316 5.311169821742839
      vertex 0 1.722492604317976 5.477487580941967
      vertex 0 1.662983158520316 5.311169821742839
    endloop
  endfacet
  facet normal 0 -0.9700312531945443 0.2429801799032627
    outer loop
      vertex 13 1.722492604317976 5.477487580941967
      vertex 0 1.7654135047258148 5.6488374203709695
      vertex 0 1.722492604317976 5.477487580941967
    endloop
  endfacet
  facet normal 0 -0.989176509964781 0.14673047445536255
    outer loop
      vertex 13 1.7654135047258148 5.6488374203709695
      vertex 0 1.7913325080099545 5.823569147406791
      vertex 0 1.7654135047258148 5.6488374203709695
    endloop
  endfacet
  facet normal 0 -0.9987954562051724 0.04906767432741779
    outer loop
      vertex 13 1.7913325080099545 5.823569147406791
      vertex 0 1.8 6
      vertex 0 1.7913325080099545 5.823569147406791
    endloop
  endfacet
  facet normal 3.2447264703911404e-19 -0.9039892931234438 0.4275550934302809
    outer loop
      vertex 13 1.587458275827039 5.151485873713204
      vertex 13 1.662983158520316 5.311169821742839
      vertex 0 1.662983158520316 5.311169821742839
    endloop
  endfacet
  facet normal 1.5661172448865304e-19 -0.9415440651830203 0.3368898533922219
    outer loop
      vertex 13 1.662983158520316 5.311169821742839
      vertex 13 1.722492604317976 5.477487580941967
      vertex 0 1.722492604317976 5.477487580941967
    endloop
  endfacet
  facet normal 1.276042336807422e-19 -0.9700312531945443 0.2429801799032627
    outer loop
      vertex 13 1.722492604317976 5.477487580941967
      vertex 13 1.7654135047258148 5.6488374203709695
      vertex 0 1.7654135047258148 5.6488374203709695
    endloop
  endfacet
  facet normal 1.86172687484047e-19 -0.989176509964781 0.14673047445536255
    outer loop
      vertex 13 1.7654135047258148 5.6488374203709695
      vertex 13 1.7913325080099545 5.823569147406791
      vertex 0 1.7913325080099545 5.823569147406791
    endloop
  endfacet
  facet normal 1.0599397003307163e-20 -0.9987954562051724 0.04906767432741779
    outer loop
      vertex 13 1.7913325080099545 5.823569147406791
      vertex 13 1.8 6
      vertex 0 1.8 6
    endloop
  endfacet
  facet normal -1 0 0
    outer loop
      vertex 13 0 4.2
      vertex 13 0 7.8
      vertex 13 0.1764308525932091 4.208667491990045
    endloop
  endfacet
  facet normal -1 0 0
    outer loop
      vertex 13 0.1764308525932091 4.208667491990045
      vertex 13 0.1764308525932091 7.791332508009955
      vertex 13 0.35116257962903086 4.234586495274185
    endloop
  endfacet
  facet normal -1 0 0
    outer loop
      vertex 13 0.35116257962903086 4.234586495274185
      vertex 13 0.35116257962903086 7.765413504725815
      vertex 13 0.5225124190580323 4.277507395682024
    endloop
  endfacet
  facet normal -1 0 0
    outer loop
      vertex 13 0.5225124190580323 4.277507395682024
      vertex 13 0.5225124190580323 7.722492604317976
      vertex 13 0.6888301782571616 4.337016841479684
    endloop
  endfacet
  facet normal -1 0 0
    outer loop
      vertex 13 0.6888301782571616 4.337016841479684
      vertex 13 0.6888301782571616 7.662983158520316
      vertex 13 0.8485141262867958 4.412541724172961
    endloop
  endfacet
  facet normal -1 0 0
    outer loop
      vertex 13 0.8485141262867958 4.412541724172961
      vertex 13 0.8485141262867958 7.587458275827039
      vertex 13 1.000026419435284 4.503354697855419
    endloop
  endfacet
  facet normal -1 0 0
    outer loop
      vertex 13 1.000026419435284 4.503354697855419
      vertex 13 1.000026419435284 7.496645302144581
      vertex 13 1.1419079114945618 4.608581183947074
    endloop
  endfacet
  facet normal -1 0 0
    outer loop
      vertex 13 1.1419079114945618 4.608581183947074
      vertex 13 1.1419079114945618 7.391418816052926
      vertex 13 1.2727922061357857 4.727207793864214
    endloop
  endfacet
  facet normal -1 0 0
    outer loop
      vertex 13 1.2727922061357857 4.727207793864214
      vertex 13 1.2727922061357857 7.272792206135786
      vertex 13 1.3914188160529266 4.858092088505439
    endloop
  endfacet
  facet normal -1 0 0
    outer loop
      vertex 13 1.3914188160529266 4.858092088505439
      vertex 13 1.3914188160529266 7.141907911494561
      vertex 13 1.4966453021445814 4.999973580564716
    endloop
  endfacet
  facet normal -1 0 0
    outer loop
      vertex 13 1.4966453021445814 4.999973580564716
      vertex 13 1.4966453021445814 7.000026419435284
      vertex 13 1.587458275827039 5.151485873713204
    endloop
  endfacet
  facet normal -1 0 0
    outer loop
      vertex 13 1.587458275827039 5.151485873713204
      vertex 13 1.587458275827039 6.848514126286796
      vertex 13 1.662983158520316 5.311169821742839
    endloop
  endfacet
  facet normal -1 0 0
    outer loop
      vertex 13 1.662983158520316 5.311169821742839
      vertex 13 1.662983158520316 6.688830178257161
      vertex 13 1.722492604317976 5.477487580941967
    endloop
  endfacet
  facet normal -1 0 0
    outer loop
      vertex 13 1.722492604317976 5.477487580941967
      vertex 13 1.722492604317976 6.522512419058033
      vertex 13 1.7654135047258148 5.6488374203709695
    endloop
  endfacet
  facet normal -1 0 0
    outer loop
      vertex 13 1.7654135047258148 5.6488374203709695
      vertex 13 1.7654135047258148 6.3511625796290305
      vertex 13 1.7913325080099545 5.823569147406791
    endloop
  endfacet
  facet normal 0 -0.9987954562051724 -0.04906767432741779
    outer loop
      vertex 13 1.8 6
      vertex 0 1.7913325080099545 6.176430852593209
      vertex 0 1.8 6
    endloop
  endfacet
  facet normal 0 -0.989176509964781 -0.14673047445536255
    outer loop
      vertex 13 1.7913325080099545 6.176430852593209
      vertex 0 1.7654135047258148 6.3511625796290305
      vertex 0 1.7913325080099545 6.176430852593209
    endloop
  endfacet
  facet normal 0 -0.9415440651830203 -0.3368898533922219
    outer loop
      vertex 13 1.722492604317976 6.522512419058033
      vertex 0 1.662983158520316 6.688830178257161
      vertex 0 1.722492604317976 6.522512419058033
    endloop
  endfacet
  facet normal 0 -0.9039892931234438 -0.4275550934302809
    outer loop
      vertex 13 1.662983158520316 6.688830178257161
      vertex 0 1.587458275827039 6.848514126286796
      vertex 0 1.662983158520316 6.688830178257161
    endloop
  endfacet
  facet normal 0 -0.9700312531945443 -0.2429801799032627
    outer loop
      vertex 13 1.7654135047258148 6.3511625796290305
      vertex 0 1.722492604317976 6.522512419058033
      vertex 0 1.7654135047258148 6.3511625796290305
    endloop
  endfacet
  facet normal -1.0599397003307163e-20 -0.9987954562051724 -0.04906767432741779
    outer loop
      vertex 13 1.8 6
      vertex 13 1.7913325080099545 6.176430852593209
      vertex 0 1.7913325080099545 6.176430852593209
    endloop
  endfacet
  facet normal -1.86172687484047e-19 -0.989176509964781 -0.14673047445536255
    outer loop
      vertex 13 1.7913325080099545 6.176430852593209
      vertex 13 1.7654135047258148 6.3511625796290305
      vertex 0 1.7654135047258148 6.3511625796290305
    endloop
  endfacet
  facet normal -1.276042336807422e-19 -0.9700312531945443 -0.2429801799032627
    outer loop
      vertex 13 1.7654135047258148 6.3511625796290305
      vertex 13 1.722492604317976 6.522512419058033
      vertex 0 1.722492604317976 6.522512419058033
    endloop
  endfacet
  facet normal -1.5661172448865304e-19 -0.9415440651830203 -0.3368898533922219
    outer loop
      vertex 13 1.722492604317976 6.522512419058033
      vertex 13 1.662983158520316 6.688830178257161
      vertex 0 1.662983158520316 6.688830178257161
    endloop
  endfacet
  facet normal 0 -0.8032075314806444 -0.5956993044924339
    outer loop
      vertex 13 1.4966453021445814 7.000026419435284
      vertex 0 1.3914188160529266 7.141907911494561
      vertex 0 1.4966453021445814 7.000026419435284
    endloop
  endfacet
  facet normal 0 -0.6715589548470169 -0.7409511253549604
    outer loop
      vertex 13 1.2727922061357857 7.272792206135786
      vertex 0 1.1419079114945618 7.391418816052926
      vertex 0 1.2727922061357857 7.272792206135786
    endloop
  endfacet
  facet normal 0 -0.5956993044924335 -0.8032075314806447
    outer loop
      vertex 13 1.1419079114945618 7.391418816052926
      vertex 0 1.000026419435284 7.496645302144581
      vertex 0 1.1419079114945618 7.391418816052926
    endloop
  endfacet
  facet normal 0 -0.740951125354961 -0.6715589548470163
    outer loop
      vertex 13 1.3914188160529266 7.141907911494561
      vertex 0 1.2727922061357857 7.272792206135786
      vertex 0 1.3914188160529266 7.141907911494561
    endloop
  endfacet
  facet normal 0 -0.8577286100002717 -0.5141027441932224
    outer loop
      vertex 13 1.587458275827039 6.848514126286796
      vertex 0 1.4966453021445814 7.000026419435284
      vertex 0 1.587458275827039 6.848514126286796
    endloop
  endfacet
  facet normal -1.600317911511132e-19 -0.8032075314806444 -0.5956993044924339
    outer loop
      vertex 13 1.4966453021445814 7.000026419435284
      vertex 13 1.3914188160529266 7.141907911494561
      vertex 0 1.3914188160529266 7.141907911494561
    endloop
  endfacet
  facet normal 0 -0.5956993044924335 -0.8032075314806447
    outer loop
      vertex 13 1.000026419435284 7.496645302144581
      vertex 0 1.000026419435284 7.496645302144581
      vertex 13 1.1419079114945618 7.391418816052926
    endloop
  endfacet
  facet normal 1.1793494066474137e-20 -0.6715589548470169 -0.7409511253549604
    outer loop
      vertex 13 1.2727922061357857 7.272792206135786
      vertex 13 1.1419079114945618 7.391418816052926
      vertex 0 1.1419079114945618 7.391418816052926
    endloop
  endfacet
  facet normal 0 -0.740951125354961 -0.6715589548470163
    outer loop
      vertex 13 1.2727922061357857 7.272792206135786
      vertex 0 1.2727922061357857 7.272792206135786
      vertex 13 1.3914188160529266 7.141907911494561
    endloop
  endfacet
  facet normal -3.2447264703911404e-19 -0.9039892931234438 -0.4275550934302809
    outer loop
      vertex 13 1.662983158520316 6.688830178257161
      vertex 13 1.587458275827039 6.848514126286796
      vertex 0 1.587458275827039 6.848514126286796
    endloop
  endfacet
  facet normal 2.815334181725777e-19 -0.8577286100002717 -0.5141027441932224
    outer loop
      vertex 13 1.587458275827039 6.848514126286796
      vertex 13 1.4966453021445814 7.000026419435284
      vertex 0 1.4966453021445814 7.000026419435284
    endloop
  endfacet
  facet normal -1 0 0
    outer loop
      vertex 13 0.1764308525932091 4.208667491990045
      vertex 13 0 7.8
      vertex 13 0.1764308525932091 7.791332508009955
    endloop
  endfacet
  facet normal -1 0 0
    outer loop
      vertex 13 0.35116257962903086 4.234586495274185
      vertex 13 0.1764308525932091 7.791332508009955
      vertex 13 0.35116257962903086 7.765413504725815
    endloop
  endfacet
  facet normal -1 0 0
    outer loop
      vertex 13 0.5225124190580323 4.277507395682024
      vertex 13 0.35116257962903086 7.765413504725815
      vertex 13 0.5225124190580323 7.722492604317976
    endloop
  endfacet
  facet normal -1 0 0
    outer loop
      vertex 13 0.6888301782571616 4.337016841479684
      vertex 13 0.5225124190580323 7.722492604317976
      vertex 13 0.6888301782571616 7.662983158520316
    endloop
  endfacet
  facet normal -1 0 0
    outer loop
      vertex 13 0.8485141262867958 4.412541724172961
      vertex 13 0.6888301782571616 7.662983158520316
      vertex 13 0.8485141262867958 7.587458275827039
    endloop
  endfacet
  facet normal -1 0 0
    outer loop
      vertex 13 1.000026419435284 4.503354697855419
      vertex 13 0.8485141262867958 7.587458275827039
      vertex 13 1.000026419435284 7.496645302144581
    endloop
  endfacet
  facet normal -1 0 0
    outer loop
      vertex 13 1.1419079114945618 4.608581183947074
      vertex 13 1.000026419435284 7.496645302144581
      vertex 13 1.1419079114945618 7.391418816052926
    endloop
  endfacet
  facet normal -1 0 0
    outer loop
      vertex 13 1.2727922061357857 4.727207793864214
      vertex 13 1.1419079114945618 7.391418816052926
      vertex 13 1.2727922061357857 7.272792206135786
    endloop
  endfacet
  facet normal -1 0 0
    outer loop
      vertex 13 1.3914188160529266 4.858092088505439
      vertex 13 1.2727922061357857 7.272792206135786
      vertex 13 1.3914188160529266 7.141907911494561
    endloop
  endfacet
  facet normal -1 0 0
    outer loop
      vertex 13 1.4966453021445814 4.999973580564716
      vertex 13 1.3914188160529266 7.141907911494561
      vertex 13 1.4966453021445814 7.000026419435284
    endloop
  endfacet
  facet normal -1 0 0
    outer loop
      vertex 13 1.587458275827039 5.151485873713204
      vertex 13 1.4966453021445814 7.000026419435284
      vertex 13 1.587458275827039 6.848514126286796
    endloop
  endfacet
  facet normal -1 0 0
    outer loop
      vertex 13 1.722492604317976 5.477487580941967
      vertex 13 1.662983158520316 6.688830178257161
      vertex 13 1.722492604317976 6.522512419058033
    endloop
  endfacet
  facet normal -1 0 0
    outer loop
      vertex 13 1.662983158520316 5.311169821742839
      vertex 13 1.587458275827039 6.848514126286796
      vertex 13 1.662983158520316 6.688830178257161
    endloop
  endfacet
  facet normal -1 0 0
    outer loop
      vertex 13 1.7913325080099545 5.823569147406791
      vertex 13 1.7913325080099545 6.176430852593209
      vertex 13 1.8 6
    endloop
  endfacet
  facet normal -1 0 0
    outer loop
      vertex 13 1.7913325080099545 5.823569147406791
      vertex 13 1.7654135047258148 6.3511625796290305
      vertex 13 1.7913325080099545 6.176430852593209
    endloop
  endfacet
  facet normal -1 0 0
    outer loop
      vertex 13 1.7654135047258148 5.6488374203709695
      vertex 13 1.722492604317976 6.522512419058033
      vertex 13 1.7654135047258148 6.3511625796290305
    endloop
  endfacet
  facet normal 0 -0.049067674327415316 -0.9987954562051724
    outer loop
      vertex 13 0.1764308525932091 7.791332508009955
      vertex 0 0 7.8
      vertex 0 0.1764308525932091 7.791332508009955
    endloop
  endfacet
  facet normal 0 -0.1467304744553646 -0.9891765099647806
    outer loop
      vertex 13 0.35116257962903086 7.765413504725815
      vertex 0 0.1764308525932091 7.791332508009955
      vertex 0 0.35116257962903086 7.765413504725815
    endloop
  endfacet
  facet normal 0 -0.24298017990326246 -0.9700312531945443
    outer loop
      vertex 13 0.5225124190580323 7.722492604317976
      vertex 0 0.35116257962903086 7.765413504725815
      vertex 0 0.5225124190580323 7.722492604317976
    endloop
  endfacet
  facet normal 0 -0.3368898533922228 -0.9415440651830198
    outer loop
      vertex 13 0.6888301782571616 7.662983158520316
      vertex 0 0.5225124190580323 7.722492604317976
      vertex 0 0.6888301782571616 7.662983158520316
    endloop
  endfacet
  facet normal 0 -0.4275550934302788 -0.9039892931234448
    outer loop
      vertex 13 0.8485141262867958 7.587458275827039
      vertex 0 0.6888301782571616 7.662983158520316
      vertex 0 0.8485141262867958 7.587458275827039
    endloop
  endfacet
  facet normal 0 -0.5141027441932231 -0.8577286100002712
    outer loop
      vertex 13 1.000026419435284 7.496645302144581
      vertex 0 0.8485141262867958 7.587458275827039
      vertex 0 1.000026419435284 7.496645302144581
    endloop
  endfacet
  facet normal 0 -0.049067674327415316 -0.9987954562051724
    outer loop
      vertex 13 0 7.8
      vertex 0 0 7.8
      vertex 13 0.1764308525932091 7.791332508009955
    endloop
  endfacet
  facet normal 0 -0.1467304744553646 -0.9891765099647806
    outer loop
      vertex 13 0.1764308525932091 7.791332508009955
      vertex 0 0.1764308525932091 7.791332508009955
      vertex 13 0.35116257962903086 7.765413504725815
    endloop
  endfacet
  facet normal 0 -0.24298017990326246 -0.9700312531945443
    outer loop
      vertex 13 0.35116257962903086 7.765413504725815
      vertex 0 0.35116257962903086 7.765413504725815
      vertex 13 0.5225124190580323 7.722492604317976
    endloop
  endfacet
  facet normal 0 -0.4275550934302788 -0.9039892931234448
    outer loop
      vertex 13 0.6888301782571616 7.662983158520316
      vertex 0 0.6888301782571616 7.662983158520316
      vertex 13 0.8485141262867958 7.587458275827039
    endloop
  endfacet
  facet normal 0 -0.3368898533922228 -0.9415440651830198
    outer loop
      vertex 13 0.5225124190580323 7.722492604317976
      vertex 0 0.5225124190580323 7.722492604317976
      vertex 13 0.6888301782571616 7.662983158520316
    endloop
  endfacet
  facet normal 0 -0.5141027441932231 -0.8577286100002712
    outer loop
      vertex 13 0.8485141262867958 7.587458275827039
      vertex 0 0.8485141262867958 7.587458275827039
      vertex 13 1.000026419435284 7.496645302144581
    endloop
  endfacet
  facet normal 0 0.5141027441932231 0.8577286100002712
    outer loop
      vertex 159.2 -1.000026419435284 4.503354697855419
      vertex 172.2 -1.000026419435284 4.503354697855419
      vertex 159.2 -0.8485141262867958 4.412541724172961
    endloop
  endfacet
  facet normal 0 0.4275550934302788 0.9039892931234448
    outer loop
      vertex 159.2 -0.8485141262867958 4.412541724172961
      vertex 172.2 -0.8485141262867958 4.412541724172961
      vertex 159.2 -0.6888301782571616 4.337016841479684
    endloop
  endfacet
  facet normal 0 0.3368898533922228 0.9415440651830198
    outer loop
      vertex 159.2 -0.6888301782571616 4.337016841479684
      vertex 172.2 -0.6888301782571616 4.337016841479684
      vertex 159.2 -0.5225124190580323 4.277507395682024
    endloop
  endfacet
  facet normal 0 0.24298017990326246 0.9700312531945443
    outer loop
      vertex 159.2 -0.5225124190580323 4.277507395682024
      vertex 172.2 -0.5225124190580323 4.277507395682024
      vertex 159.2 -0.35116257962903086 4.234586495274185
    endloop
  endfacet
  facet normal 0 0.1467304744553646 0.9891765099647806
    outer loop
      vertex 159.2 -0.35116257962903086 4.234586495274185
      vertex 172.2 -0.35116257962903086 4.234586495274185
      vertex 159.2 -0.1764308525932091 4.208667491990045
    endloop
  endfacet
  facet normal 0 0.049067674327415316 0.9987954562051724
    outer loop
      vertex 159.2 -0.1764308525932091 4.208667491990045
      vertex 172.2 -0.1764308525932091 4.208667491990045
      vertex 159.2 0 4.2
    endloop
  endfacet
  facet normal 0 0.5141027441932231 0.8577286100002712
    outer loop
      vertex 159.2 -0.8485141262867958 4.412541724172961
      vertex 172.2 -1.000026419435284 4.503354697855419
      vertex 172.2 -0.8485141262867958 4.412541724172961
    endloop
  endfacet
  facet normal 0 0.3368898533922228 0.9415440651830198
    outer loop
      vertex 159.2 -0.5225124190580323 4.277507395682024
      vertex 172.2 -0.6888301782571616 4.337016841479684
      vertex 172.2 -0.5225124190580323 4.277507395682024
    endloop
  endfacet
  facet normal 0 0.4275550934302788 0.9039892931234448
    outer loop
      vertex 159.2 -0.6888301782571616 4.337016841479684
      vertex 172.2 -0.8485141262867958 4.412541724172961
      vertex 172.2 -0.6888301782571616 4.337016841479684
    endloop
  endfacet
  facet normal 0 0.24298017990326246 0.9700312531945443
    outer loop
      vertex 159.2 -0.35116257962903086 4.234586495274185
      vertex 172.2 -0.5225124190580323 4.277507395682024
      vertex 172.2 -0.35116257962903086 4.234586495274185
    endloop
  endfacet
  facet normal 0 0.1467304744553646 0.9891765099647806
    outer loop
      vertex 159.2 -0.1764308525932091 4.208667491990045
      vertex 172.2 -0.35116257962903086 4.234586495274185
      vertex 172.2 -0.1764308525932091 4.208667491990045
    endloop
  endfacet
  facet normal 0 0.049067674327415316 0.9987954562051724
    outer loop
      vertex 159.2 0 4.2
      vertex 172.2 -0.1764308525932091 4.208667491990045
      vertex 172.2 0 4.2
    endloop
  endfacet
  facet normal 1 0 0
    outer loop
      vertex 159.2 -1.7654135047258148 5.6488374203709695
      vertex 159.2 -1.7654135047258148 6.3511625796290305
      vertex 159.2 -1.7913325080099545 5.823569147406791
    endloop
  endfacet
  facet normal 1 0 0
    outer loop
      vertex 159.2 -1.4966453021445814 4.999973580564716
      vertex 159.2 -1.4966453021445814 7.000026419435284
      vertex 159.2 -1.587458275827039 5.151485873713204
    endloop
  endfacet
  facet normal 1 0 0
    outer loop
      vertex 159.2 -1.587458275827039 5.151485873713204
      vertex 159.2 -1.587458275827039 6.848514126286796
      vertex 159.2 -1.662983158520316 5.311169821742839
    endloop
  endfacet
  facet normal 1 0 0
    outer loop
      vertex 159.2 -1.722492604317976 5.477487580941967
      vertex 159.2 -1.722492604317976 6.522512419058033
      vertex 159.2 -1.7654135047258148 5.6488374203709695
    endloop
  endfacet
  facet normal 1 0 0
    outer loop
      vertex 159.2 -1.662983158520316 5.311169821742839
      vertex 159.2 -1.662983158520316 6.688830178257161
      vertex 159.2 -1.722492604317976 5.477487580941967
    endloop
  endfacet
  facet normal 1 0 0
    outer loop
      vertex 159.2 -1.3914188160529266 4.858092088505439
      vertex 159.2 -1.2727922061357857 4.727207793864214
      vertex 159.2 -1.2727922061357857 7.272792206135786
    endloop
  endfacet
  facet normal 1 0 0
    outer loop
      vertex 159.2 -1.1419079114945618 4.608581183947074
      vertex 159.2 -1.1419079114945618 7.391418816052926
      vertex 159.2 -1.2727922061357857 4.727207793864214
    endloop
  endfacet
  facet normal 1 0 0
    outer loop
      vertex 159.2 -1.1419079114945618 4.608581183947074
      vertex 159.2 -1.000026419435284 4.503354697855419
      vertex 159.2 -1.000026419435284 7.496645302144581
    endloop
  endfacet
  facet normal 1 0 0
    outer loop
      vertex 159.2 -1.3914188160529266 4.858092088505439
      vertex 159.2 -1.3914188160529266 7.141907911494561
      vertex 159.2 -1.4966453021445814 4.999973580564716
    endloop
  endfacet
  facet normal 1 0 0
    outer loop
      vertex 159.2 -1.000026419435284 4.503354697855419
      vertex 159.2 -0.8485141262867958 4.412541724172961
      vertex 159.2 -0.8485141262867958 7.587458275827039
    endloop
  endfacet
  facet normal 1 0 0
    outer loop
      vertex 159.2 -0.8485141262867958 4.412541724172961
      vertex 159.2 -0.6888301782571616 4.337016841479684
      vertex 159.2 -0.6888301782571616 7.662983158520316
    endloop
  endfacet
  facet normal 1 0 0
    outer loop
      vertex 159.2 -0.6888301782571616 4.337016841479684
      vertex 159.2 -0.5225124190580323 4.277507395682024
      vertex 159.2 -0.5225124190580323 7.722492604317976
    endloop
  endfacet
  facet normal 1 0 0
    outer loop
      vertex 159.2 -0.5225124190580323 4.277507395682024
      vertex 159.2 -0.35116257962903086 4.234586495274185
      vertex 159.2 -0.35116257962903086 7.765413504725815
    endloop
  endfacet
  facet normal 1 0 0
    outer loop
      vertex 159.2 -0.35116257962903086 4.234586495274185
      vertex 159.2 -0.1764308525932091 4.208667491990045
      vertex 159.2 -0.1764308525932091 7.791332508009955
    endloop
  endfacet
  facet normal 1 0 0
    outer loop
      vertex 159.2 -0.1764308525932091 4.208667491990045
      vertex 159.2 0 4.2
      vertex 159.2 0 7.8
    endloop
  endfacet
  facet normal 2.815334181725777e-19 0.8577286100002717 0.5141027441932224
    outer loop
      vertex 159.2 -1.4966453021445814 4.999973580564716
      vertex 159.2 -1.587458275827039 5.151485873713204
      vertex 172.2 -1.587458275827039 5.151485873713204
    endloop
  endfacet
  facet normal 0 0.740951125354961 0.6715589548470163
    outer loop
      vertex 159.2 -1.3914188160529266 4.858092088505439
      vertex 172.2 -1.3914188160529266 4.858092088505439
      vertex 159.2 -1.2727922061357857 4.727207793864214
    endloop
  endfacet
  facet normal 0 0.5956993044924335 0.8032075314806447
    outer loop
      vertex 159.2 -1.1419079114945618 4.608581183947074
      vertex 172.2 -1.1419079114945618 4.608581183947074
      vertex 159.2 -1.000026419435284 4.503354697855419
    endloop
  endfacet
  facet normal 1.1793494066474137e-20 0.6715589548470169 0.7409511253549604
    outer loop
      vertex 159.2 -1.1419079114945618 4.608581183947074
      vertex 159.2 -1.2727922061357857 4.727207793864214
      vertex 172.2 -1.2727922061357857 4.727207793864214
    endloop
  endfacet
  facet normal -1.600317911511132e-19 0.8032075314806444 0.5956993044924339
    outer loop
      vertex 159.2 -1.3914188160529266 4.858092088505439
      vertex 159.2 -1.4966453021445814 4.999973580564716
      vertex 172.2 -1.4966453021445814 4.999973580564716
    endloop
  endfacet
  facet normal 0 0.8577286100002717 0.5141027441932224
    outer loop
      vertex 159.2 -1.4966453021445814 4.999973580564716
      vertex 172.2 -1.587458275827039 5.151485873713204
      vertex 172.2 -1.4966453021445814 4.999973580564716
    endloop
  endfacet
  facet normal 0 0.9039892931234438 0.4275550934302809
    outer loop
      vertex 159.2 -1.587458275827039 5.151485873713204
      vertex 172.2 -1.662983158520316 5.311169821742839
      vertex 172.2 -1.587458275827039 5.151485873713204
    endloop
  endfacet
  facet normal 0 0.740951125354961 0.6715589548470163
    outer loop
      vertex 159.2 -1.2727922061357857 4.727207793864214
      vertex 172.2 -1.3914188160529266 4.858092088505439
      vertex 172.2 -1.2727922061357857 4.727207793864214
    endloop
  endfacet
  facet normal 0 0.6715589548470169 0.7409511253549604
    outer loop
      vertex 159.2 -1.1419079114945618 4.608581183947074
      vertex 172.2 -1.2727922061357857 4.727207793864214
      vertex 172.2 -1.1419079114945618 4.608581183947074
    endloop
  endfacet
  facet normal 0 0.5956993044924335 0.8032075314806447
    outer loop
      vertex 159.2 -1.000026419435284 4.503354697855419
      vertex 172.2 -1.1419079114945618 4.608581183947074
      vertex 172.2 -1.000026419435284 4.503354697855419
    endloop
  endfacet
  facet normal 0 0.8032075314806444 0.5956993044924339
    outer loop
      vertex 159.2 -1.3914188160529266 4.858092088505439
      vertex 172.2 -1.4966453021445814 4.999973580564716
      vertex 172.2 -1.3914188160529266 4.858092088505439
    endloop
  endfacet
  facet normal -1.276042336807422e-19 0.9700312531945443 0.2429801799032627
    outer loop
      vertex 159.2 -1.722492604317976 5.477487580941967
      vertex 159.2 -1.7654135047258148 5.6488374203709695
      vertex 172.2 -1.7654135047258148 5.6488374203709695
    endloop
  endfacet
  facet normal -3.2447264703911404e-19 0.9039892931234438 0.4275550934302809
    outer loop
      vertex 159.2 -1.587458275827039 5.151485873713204
      vertex 159.2 -1.662983158520316 5.311169821742839
      vertex 172.2 -1.662983158520316 5.311169821742839
    endloop
  endfacet
  facet normal -1.5661172448865304e-19 0.9415440651830203 0.3368898533922219
    outer loop
      vertex 159.2 -1.662983158520316 5.311169821742839
      vertex 159.2 -1.722492604317976 5.477487580941967
      vertex 172.2 -1.722492604317976 5.477487580941967
    endloop
  endfacet
  facet normal -1.86172687484047e-19 0.989176509964781 0.14673047445536255
    outer loop
      vertex 159.2 -1.7654135047258148 5.6488374203709695
      vertex 159.2 -1.7913325080099545 5.823569147406791
      vertex 172.2 -1.7913325080099545 5.823569147406791
    endloop
  endfacet
  facet normal -1.0599397003307163e-20 0.9987954562051724 0.04906767432741779
    outer loop
      vertex 159.2 -1.7913325080099545 5.823569147406791
      vertex 159.2 -1.8 6
      vertex 172.2 -1.8 6
    endloop
  endfacet
  facet normal 0 0.9415440651830203 0.3368898533922219
    outer loop
      vertex 159.2 -1.662983158520316 5.311169821742839
      vertex 172.2 -1.722492604317976 5.477487580941967
      vertex 172.2 -1.662983158520316 5.311169821742839
    endloop
  endfacet
  facet normal 0 0.9700312531945443 0.2429801799032627
    outer loop
      vertex 159.2 -1.722492604317976 5.477487580941967
      vertex 172.2 -1.7654135047258148 5.6488374203709695
      vertex 172.2 -1.722492604317976 5.477487580941967
    endloop
  endfacet
  facet normal 0 0.989176509964781 0.14673047445536255
    outer loop
      vertex 159.2 -1.7654135047258148 5.6488374203709695
      vertex 172.2 -1.7913325080099545 5.823569147406791
      vertex 172.2 -1.7654135047258148 5.6488374203709695
    endloop
  endfacet
  facet normal 0 0.9987954562051724 0.04906767432741779
    outer loop
      vertex 159.2 -1.7913325080099545 5.823569147406791
      vertex 172.2 -1.8 6
      vertex 172.2 -1.7913325080099545 5.823569147406791
    endloop
  endfacet
  facet normal 1 0 0
    outer loop
      vertex 159.2 -1.7913325080099545 5.823569147406791
      vertex 159.2 -1.7913325080099545 6.176430852593209
      vertex 159.2 -1.8 6
    endloop
  endfacet
  facet normal 1 0 0
    outer loop
      vertex 159.2 -1.7913325080099545 5.823569147406791
      vertex 159.2 -1.7654135047258148 6.3511625796290305
      vertex 159.2 -1.7913325080099545 6.176430852593209
    endloop
  endfacet
  facet normal 1 0 0
    outer loop
      vertex 159.2 -1.7654135047258148 5.6488374203709695
      vertex 159.2 -1.722492604317976 6.522512419058033
      vertex 159.2 -1.7654135047258148 6.3511625796290305
    endloop
  endfacet
  facet normal 1 0 0
    outer loop
      vertex 159.2 -1.722492604317976 5.477487580941967
      vertex 159.2 -1.662983158520316 6.688830178257161
      vertex 159.2 -1.722492604317976 6.522512419058033
    endloop
  endfacet
  facet normal 1 0 0
    outer loop
      vertex 159.2 -1.662983158520316 5.311169821742839
      vertex 159.2 -1.587458275827039 6.848514126286796
      vertex 159.2 -1.662983158520316 6.688830178257161
    endloop
  endfacet
  facet normal 1 0 0
    outer loop
      vertex 159.2 -1.587458275827039 5.151485873713204
      vertex 159.2 -1.4966453021445814 7.000026419435284
      vertex 159.2 -1.587458275827039 6.848514126286796
    endloop
  endfacet
  facet normal 1 0 0
    outer loop
      vertex 159.2 -1.4966453021445814 4.999973580564716
      vertex 159.2 -1.3914188160529266 7.141907911494561
      vertex 159.2 -1.4966453021445814 7.000026419435284
    endloop
  endfacet
  facet normal 1 0 0
    outer loop
      vertex 159.2 -1.3914188160529266 4.858092088505439
      vertex 159.2 -1.2727922061357857 7.272792206135786
      vertex 159.2 -1.3914188160529266 7.141907911494561
    endloop
  endfacet
  facet normal 1 0 0
    outer loop
      vertex 159.2 -1.2727922061357857 4.727207793864214
      vertex 159.2 -1.1419079114945618 7.391418816052926
      vertex 159.2 -1.2727922061357857 7.272792206135786
    endloop
  endfacet
  facet normal 1 0 0
    outer loop
      vertex 159.2 -1.1419079114945618 4.608581183947074
      vertex 159.2 -1.000026419435284 7.496645302144581
      vertex 159.2 -1.1419079114945618 7.391418816052926
    endloop
  endfacet
  facet normal 1 0 0
    outer loop
      vertex 159.2 -1.000026419435284 4.503354697855419
      vertex 159.2 -0.8485141262867958 7.587458275827039
      vertex 159.2 -1.000026419435284 7.496645302144581
    endloop
  endfacet
  facet normal 1 0 0
    outer loop
      vertex 159.2 -0.8485141262867958 4.412541724172961
      vertex 159.2 -0.6888301782571616 7.662983158520316
      vertex 159.2 -0.8485141262867958 7.587458275827039
    endloop
  endfacet
  facet normal 1 0 0
    outer loop
      vertex 159.2 -0.6888301782571616 4.337016841479684
      vertex 159.2 -0.5225124190580323 7.722492604317976
      vertex 159.2 -0.6888301782571616 7.662983158520316
    endloop
  endfacet
  facet normal 1 0 0
    outer loop
      vertex 159.2 -0.5225124190580323 4.277507395682024
      vertex 159.2 -0.35116257962903086 7.765413504725815
      vertex 159.2 -0.5225124190580323 7.722492604317976
    endloop
  endfacet
  facet normal 1 0 0
    outer loop
      vertex 159.2 -0.35116257962903086 4.234586495274185
      vertex 159.2 -0.1764308525932091 7.791332508009955
      vertex 159.2 -0.35116257962903086 7.765413504725815
    endloop
  endfacet
  facet normal 1 0 0
    outer loop
      vertex 159.2 -0.1764308525932091 4.208667491990045
      vertex 159.2 0 7.8
      vertex 159.2 -0.1764308525932091 7.791332508009955
    endloop
  endfacet
  facet normal 1.0599397003307163e-20 0.9987954562051724 -0.04906767432741779
    outer loop
      vertex 159.2 -1.8 6
      vertex 159.2 -1.7913325080099545 6.176430852593209
      vertex 172.2 -1.7913325080099545 6.176430852593209
    endloop
  endfacet
  facet normal 1.86172687484047e-19 0.989176509964781 -0.14673047445536255
    outer loop
      vertex 159.2 -1.7913325080099545 6.176430852593209
      vertex 159.2 -1.7654135047258148 6.3511625796290305
      vertex 172.2 -1.7654135047258148 6.3511625796290305
    endloop
  endfacet
  facet normal 1.276042336807422e-19 0.9700312531945443 -0.2429801799032627
    outer loop
      vertex 159.2 -1.7654135047258148 6.3511625796290305
      vertex 159.2 -1.722492604317976 6.522512419058033
      vertex 172.2 -1.722492604317976 6.522512419058033
    endloop
  endfacet
  facet normal 1.5661172448865304e-19 0.9415440651830203 -0.3368898533922219
    outer loop
      vertex 159.2 -1.722492604317976 6.522512419058033
      vertex 159.2 -1.662983158520316 6.688830178257161
      vertex 172.2 -1.662983158520316 6.688830178257161
    endloop
  endfacet
  facet normal 0 0.9987954562051724 -0.04906767432741779
    outer loop
      vertex 159.2 -1.8 6
      vertex 172.2 -1.7913325080099545 6.176430852593209
      vertex 172.2 -1.8 6
    endloop
  endfacet
  facet normal 0 0.989176509964781 -0.14673047445536255
    outer loop
      vertex 159.2 -1.7913325080099545 6.176430852593209
      vertex 172.2 -1.7654135047258148 6.3511625796290305
      vertex 172.2 -1.7913325080099545 6.176430852593209
    endloop
  endfacet
  facet normal 0 0.9700312531945443 -0.2429801799032627
    outer loop
      vertex 159.2 -1.7654135047258148 6.3511625796290305
      vertex 172.2 -1.722492604317976 6.522512419058033
      vertex 172.2 -1.7654135047258148 6.3511625796290305
    endloop
  endfacet
  facet normal 0 0.9415440651830203 -0.3368898533922219
    outer loop
      vertex 159.2 -1.722492604317976 6.522512419058033
      vertex 172.2 -1.662983158520316 6.688830178257161
      vertex 172.2 -1.722492604317976 6.522512419058033
    endloop
  endfacet
  facet normal 0 0.9039892931234438 -0.4275550934302809
    outer loop
      vertex 159.2 -1.662983158520316 6.688830178257161
      vertex 172.2 -1.587458275827039 6.848514126286796
      vertex 172.2 -1.662983158520316 6.688830178257161
    endloop
  endfacet
  facet normal 3.2447264703911404e-19 0.9039892931234438 -0.4275550934302809
    outer loop
      vertex 159.2 -1.662983158520316 6.688830178257161
      vertex 159.2 -1.587458275827039 6.848514126286796
      vertex 172.2 -1.587458275827039 6.848514126286796
    endloop
  endfacet
  facet normal -2.815334181725777e-19 0.8577286100002717 -0.5141027441932224
    outer loop
      vertex 159.2 -1.587458275827039 6.848514126286796
      vertex 159.2 -1.4966453021445814 7.000026419435284
      vertex 172.2 -1.4966453021445814 7.000026419435284
    endloop
  endfacet
  facet normal 1.600317911511132e-19 0.8032075314806444 -0.5956993044924339
    outer loop
      vertex 159.2 -1.4966453021445814 7.000026419435284
      vertex 159.2 -1.3914188160529266 7.141907911494561
      vertex 172.2 -1.3914188160529266 7.141907911494561
    endloop
  endfacet
  facet normal 8.006707278747105e-20 0.740951125354961 -0.6715589548470163
    outer loop
      vertex 159.2 -1.3914188160529266 7.141907911494561
      vertex 159.2 -1.2727922061357857 7.272792206135786
      vertex 172.2 -1.2727922061357857 7.272792206135786
    endloop
  endfacet
  facet normal -1.1793494066474137e-20 0.6715589548470169 -0.7409511253549604
    outer loop
      vertex 159.2 -1.2727922061357857 7.272792206135786
      vertex 159.2 -1.1419079114945618 7.391418816052926
      vertex 172.2 -1.1419079114945618 7.391418816052926
    endloop
  endfacet
  facet normal 2.346759936800365e-19 0.5956993044924335 -0.8032075314806447
    outer loop
      vertex 159.2 -1.1419079114945618 7.391418816052926
      vertex 159.2 -1.000026419435284 7.496645302144581
      vertex 172.2 -1.000026419435284 7.496645302144581
    endloop
  endfacet
  facet normal 0 0.8577286100002717 -0.5141027441932224
    outer loop
      vertex 159.2 -1.587458275827039 6.848514126286796
      vertex 172.2 -1.4966453021445814 7.000026419435284
      vertex 172.2 -1.587458275827039 6.848514126286796
    endloop
  endfacet
  facet normal 0 0.8032075314806444 -0.5956993044924339
    outer loop
      vertex 159.2 -1.4966453021445814 7.000026419435284
      vertex 172.2 -1.3914188160529266 7.141907911494561
      vertex 172.2 -1.4966453021445814 7.000026419435284
    endloop
  endfacet
  facet normal 0 0.740951125354961 -0.6715589548470163
    outer loop
      vertex 159.2 -1.3914188160529266 7.141907911494561
      vertex 172.2 -1.2727922061357857 7.272792206135786
      vertex 172.2 -1.3914188160529266 7.141907911494561
    endloop
  endfacet
  facet normal 0 0.6715589548470169 -0.7409511253549604
    outer loop
      vertex 159.2 -1.2727922061357857 7.272792206135786
      vertex 172.2 -1.1419079114945618 7.391418816052926
      vertex 172.2 -1.2727922061357857 7.272792206135786
    endloop
  endfacet
  facet normal 0 0.5956993044924335 -0.8032075314806447
    outer loop
      vertex 159.2 -1.1419079114945618 7.391418816052926
      vertex 172.2 -1.000026419435284 7.496645302144581
      vertex 172.2 -1.1419079114945618 7.391418816052926
    endloop
  endfacet
  facet normal -1.2621600545314758e-19 0.5141027441932231 -0.8577286100002712
    outer loop
      vertex 159.2 -1.000026419435284 7.496645302144581
      vertex 159.2 -0.8485141262867958 7.587458275827039
      vertex 172.2 -0.8485141262867958 7.587458275827039
    endloop
  endfacet
  facet normal -1.6882166622221333e-19 0.4275550934302788 -0.9039892931234448
    outer loop
      vertex 159.2 -0.8485141262867958 7.587458275827039
      vertex 159.2 -0.6888301782571616 7.662983158520316
      vertex 172.2 -0.6888301782571616 7.662983158520316
    endloop
  endfacet
  facet normal -2.74753529831165e-19 0.3368898533922228 -0.9415440651830198
    outer loop
      vertex 159.2 -0.6888301782571616 7.662983158520316
      vertex 159.2 -0.5225124190580323 7.722492604317976
      vertex 172.2 -0.5225124190580323 7.722492604317976
    endloop
  endfacet
  facet normal -1.8544606946823962e-19 0.24298017990326246 -0.9700312531945443
    outer loop
      vertex 159.2 -0.5225124190580323 7.722492604317976
      vertex 159.2 -0.35116257962903086 7.765413504725815
      vertex 172.2 -0.35116257962903086 7.765413504725815
    endloop
  endfacet
  facet normal 2.0955374467939768e-20 0.1467304744553646 -0.9891765099647806
    outer loop
      vertex 159.2 -0.35116257962903086 7.765413504725815
      vertex 159.2 -0.1764308525932091 7.791332508009955
      vertex 172.2 -0.1764308525932091 7.791332508009955
    endloop
  endfacet
  facet normal 2.215913056270957e-20 0.049067674327415316 -0.9987954562051724
    outer loop
      vertex 159.2 -0.1764308525932091 7.791332508009955
      vertex 159.2 0 7.8
      vertex 172.2 0 7.8
    endloop
  endfacet
  facet normal 0 0.5141027441932231 -0.8577286100002712
    outer loop
      vertex 159.2 -1.000026419435284 7.496645302144581
      vertex 172.2 -0.8485141262867958 7.587458275827039
      vertex 172.2 -1.000026419435284 7.496645302144581
    endloop
  endfacet
  facet normal 0 0.4275550934302788 -0.9039892931234448
    outer loop
      vertex 159.2 -0.8485141262867958 7.587458275827039
      vertex 172.2 -0.6888301782571616 7.662983158520316
      vertex 172.2 -0.8485141262867958 7.587458275827039
    endloop
  endfacet
  facet normal 0 0.3368898533922228 -0.9415440651830198
    outer loop
      vertex 159.2 -0.6888301782571616 7.662983158520316
      vertex 172.2 -0.5225124190580323 7.722492604317976
      vertex 172.2 -0.6888301782571616 7.662983158520316
    endloop
  endfacet
  facet normal 0 0.24298017990326246 -0.9700312531945443
    outer loop
      vertex 159.2 -0.5225124190580323 7.722492604317976
      vertex 172.2 -0.35116257962903086 7.765413504725815
      vertex 172.2 -0.5225124190580323 7.722492604317976
    endloop
  endfacet
  facet normal 0 0.1467304744553646 -0.9891765099647806
    outer loop
      vertex 159.2 -0.35116257962903086 7.765413504725815
      vertex 172.2 -0.1764308525932091 7.791332508009955
      vertex 172.2 -0.35116257962903086 7.765413504725815
    endloop
  endfacet
  facet normal 0 0.049067674327415316 -0.9987954562051724
    outer loop
      vertex 159.2 -0.1764308525932091 7.791332508009955
      vertex 172.2 0 7.8
      vertex 172.2 -0.1764308525932091 7.791332508009955
    endloop
  endfacet
  facet normal 0 -0.049067674327415316 0.9987954562051724
    outer loop
      vertex 159.2 0 4.2
      vertex 172.2 0 4.2
      vertex 159.2 0.1764308525932091 4.208667491990045
    endloop
  endfacet
  facet normal 0 -0.1467304744553646 0.9891765099647806
    outer loop
      vertex 159.2 0.1764308525932091 4.208667491990045
      vertex 172.2 0.1764308525932091 4.208667491990045
      vertex 159.2 0.35116257962903086 4.234586495274185
    endloop
  endfacet
  facet normal 0 -0.24298017990326246 0.9700312531945443
    outer loop
      vertex 159.2 0.35116257962903086 4.234586495274185
      vertex 172.2 0.35116257962903086 4.234586495274185
      vertex 159.2 0.5225124190580323 4.277507395682024
    endloop
  endfacet
  facet normal 0 -0.3368898533922228 0.9415440651830198
    outer loop
      vertex 159.2 0.5225124190580323 4.277507395682024
      vertex 172.2 0.5225124190580323 4.277507395682024
      vertex 159.2 0.6888301782571616 4.337016841479684
    endloop
  endfacet
  facet normal 0 -0.4275550934302788 0.9039892931234448
    outer loop
      vertex 159.2 0.6888301782571616 4.337016841479684
      vertex 172.2 0.6888301782571616 4.337016841479684
      vertex 159.2 0.8485141262867958 4.412541724172961
    endloop
  endfacet
  facet normal 0 -0.5141027441932231 0.8577286100002712
    outer loop
      vertex 159.2 0.8485141262867958 4.412541724172961
      vertex 172.2 0.8485141262867958 4.412541724172961
      vertex 159.2 1.000026419435284 4.503354697855419
    endloop
  endfacet
  facet normal 0 -0.049067674327415316 0.9987954562051724
    outer loop
      vertex 159.2 0.1764308525932091 4.208667491990045
      vertex 172.2 0 4.2
      vertex 172.2 0.1764308525932091 4.208667491990045
    endloop
  endfacet
  facet normal 0 -0.1467304744553646 0.9891765099647806
    outer loop
      vertex 159.2 0.35116257962903086 4.234586495274185
      vertex 172.2 0.1764308525932091 4.208667491990045
      vertex 172.2 0.35116257962903086 4.234586495274185
    endloop
  endfacet
  facet normal 0 -0.24298017990326246 0.9700312531945443
    outer loop
      vertex 159.2 0.5225124190580323 4.277507395682024
      vertex 172.2 0.35116257962903086 4.234586495274185
      vertex 172.2 0.5225124190580323 4.277507395682024
    endloop
  endfacet
  facet normal 0 -0.3368898533922228 0.9415440651830198
    outer loop
      vertex 159.2 0.6888301782571616 4.337016841479684
      vertex 172.2 0.5225124190580323 4.277507395682024
      vertex 172.2 0.6888301782571616 4.337016841479684
    endloop
  endfacet
  facet normal 0 -0.4275550934302788 0.9039892931234448
    outer loop
      vertex 159.2 0.8485141262867958 4.412541724172961
      vertex 172.2 0.6888301782571616 4.337016841479684
      vertex 172.2 0.8485141262867958 4.412541724172961
    endloop
  endfacet
  facet normal 0 -0.5141027441932231 0.8577286100002712
    outer loop
      vertex 159.2 1.000026419435284 4.503354697855419
      vertex 172.2 0.8485141262867958 4.412541724172961
      vertex 172.2 1.000026419435284 4.503354697855419
    endloop
  endfacet
  facet normal 1 0 0
    outer loop
      vertex 159.2 0 4.2
      vertex 159.2 0.1764308525932091 4.208667491990045
      vertex 159.2 0.1764308525932091 7.791332508009955
    endloop
  endfacet
  facet normal 1 0 0
    outer loop
      vertex 159.2 0.1764308525932091 4.208667491990045
      vertex 159.2 0.35116257962903086 4.234586495274185
      vertex 159.2 0.35116257962903086 7.765413504725815
    endloop
  endfacet
  facet normal 1 0 0
    outer loop
      vertex 159.2 0.35116257962903086 4.234586495274185
      vertex 159.2 0.5225124190580323 4.277507395682024
      vertex 159.2 0.5225124190580323 7.722492604317976
    endloop
  endfacet
  facet normal 1 0 0
    outer loop
      vertex 159.2 0.5225124190580323 4.277507395682024
      vertex 159.2 0.6888301782571616 4.337016841479684
      vertex 159.2 0.6888301782571616 7.662983158520316
    endloop
  endfacet
  facet normal 1 0 0
    outer loop
      vertex 159.2 0.6888301782571616 4.337016841479684
      vertex 159.2 0.8485141262867958 4.412541724172961
      vertex 159.2 0.8485141262867958 7.587458275827039
    endloop
  endfacet
  facet normal 1 0 0
    outer loop
      vertex 159.2 0.8485141262867958 4.412541724172961
      vertex 159.2 1.000026419435284 4.503354697855419
      vertex 159.2 1.000026419435284 7.496645302144581
    endloop
  endfacet
  facet normal 1 0 0
    outer loop
      vertex 159.2 1.000026419435284 4.503354697855419
      vertex 159.2 1.1419079114945618 4.608581183947074
      vertex 159.2 1.1419079114945618 7.391418816052926
    endloop
  endfacet
  facet normal 1 0 0
    outer loop
      vertex 159.2 1.1419079114945618 4.608581183947074
      vertex 159.2 1.2727922061357857 4.727207793864214
      vertex 159.2 1.2727922061357857 7.272792206135786
    endloop
  endfacet
  facet normal 1 0 0
    outer loop
      vertex 159.2 1.2727922061357857 4.727207793864214
      vertex 159.2 1.3914188160529266 4.858092088505439
      vertex 159.2 1.3914188160529266 7.141907911494561
    endloop
  endfacet
  facet normal 1 0 0
    outer loop
      vertex 159.2 1.3914188160529266 4.858092088505439
      vertex 159.2 1.4966453021445814 4.999973580564716
      vertex 159.2 1.4966453021445814 7.000026419435284
    endloop
  endfacet
  facet normal 1 0 0
    outer loop
      vertex 159.2 1.4966453021445814 4.999973580564716
      vertex 159.2 1.587458275827039 5.151485873713204
      vertex 159.2 1.587458275827039 6.848514126286796
    endloop
  endfacet
  facet normal 1 0 0
    outer loop
      vertex 159.2 1.587458275827039 5.151485873713204
      vertex 159.2 1.662983158520316 5.311169821742839
      vertex 159.2 1.662983158520316 6.688830178257161
    endloop
  endfacet
  facet normal 1 0 0
    outer loop
      vertex 159.2 1.662983158520316 5.311169821742839
      vertex 159.2 1.722492604317976 5.477487580941967
      vertex 159.2 1.722492604317976 6.522512419058033
    endloop
  endfacet
  facet normal 1 0 0
    outer loop
      vertex 159.2 1.722492604317976 5.477487580941967
      vertex 159.2 1.7654135047258148 5.6488374203709695
      vertex 159.2 1.7654135047258148 6.3511625796290305
    endloop
  endfacet
  facet normal 1 0 0
    outer loop
      vertex 159.2 1.7654135047258148 5.6488374203709695
      vertex 159.2 1.7913325080099545 5.823569147406791
      vertex 159.2 1.7913325080099545 6.176430852593209
    endloop
  endfacet
  facet normal 0 -0.5956993044924335 0.8032075314806447
    outer loop
      vertex 159.2 1.000026419435284 4.503354697855419
      vertex 172.2 1.000026419435284 4.503354697855419
      vertex 159.2 1.1419079114945618 4.608581183947074
    endloop
  endfacet
  facet normal 0 -0.6715589548470169 0.7409511253549604
    outer loop
      vertex 159.2 1.1419079114945618 4.608581183947074
      vertex 172.2 1.1419079114945618 4.608581183947074
      vertex 159.2 1.2727922061357857 4.727207793864214
    endloop
  endfacet
  facet normal 0 -0.740951125354961 0.6715589548470163
    outer loop
      vertex 159.2 1.2727922061357857 4.727207793864214
      vertex 172.2 1.2727922061357857 4.727207793864214
      vertex 159.2 1.3914188160529266 4.858092088505439
    endloop
  endfacet
  facet normal 0 -0.8032075314806444 0.5956993044924339
    outer loop
      vertex 159.2 1.3914188160529266 4.858092088505439
      vertex 172.2 1.3914188160529266 4.858092088505439
      vertex 159.2 1.4966453021445814 4.999973580564716
    endloop
  endfacet
  facet normal 0 -0.8577286100002717 0.5141027441932224
    outer loop
      vertex 159.2 1.4966453021445814 4.999973580564716
      vertex 172.2 1.4966453021445814 4.999973580564716
      vertex 159.2 1.587458275827039 5.151485873713204
    endloop
  endfacet
  facet normal 0 -0.9039892931234438 0.4275550934302809
    outer loop
      vertex 159.2 1.587458275827039 5.151485873713204
      vertex 172.2 1.587458275827039 5.151485873713204
      vertex 159.2 1.662983158520316 5.311169821742839
    endloop
  endfacet
  facet normal 0 -0.5956993044924335 0.8032075314806447
    outer loop
      vertex 159.2 1.1419079114945618 4.608581183947074
      vertex 172.2 1.000026419435284 4.503354697855419
      vertex 172.2 1.1419079114945618 4.608581183947074
    endloop
  endfacet
  facet normal 0 -0.6715589548470169 0.7409511253549604
    outer loop
      vertex 159.2 1.2727922061357857 4.727207793864214
      vertex 172.2 1.1419079114945618 4.608581183947074
      vertex 172.2 1.2727922061357857 4.727207793864214
    endloop
  endfacet
  facet normal 0 -0.740951125354961 0.6715589548470163
    outer loop
      vertex 159.2 1.3914188160529266 4.858092088505439
      vertex 172.2 1.2727922061357857 4.727207793864214
      vertex 172.2 1.3914188160529266 4.858092088505439
    endloop
  endfacet
  facet normal 0 -0.8032075314806444 0.5956993044924339
    outer loop
      vertex 159.2 1.4966453021445814 4.999973580564716
      vertex 172.2 1.3914188160529266 4.858092088505439
      vertex 172.2 1.4966453021445814 4.999973580564716
    endloop
  endfacet
  facet normal 0 -0.8577286100002717 0.5141027441932224
    outer loop
      vertex 159.2 1.587458275827039 5.151485873713204
      vertex 172.2 1.4966453021445814 4.999973580564716
      vertex 172.2 1.587458275827039 5.151485873713204
    endloop
  endfacet
  facet normal 0 -0.9415440651830203 0.3368898533922219
    outer loop
      vertex 159.2 1.662983158520316 5.311169821742839
      vertex 172.2 1.662983158520316 5.311169821742839
      vertex 159.2 1.722492604317976 5.477487580941967
    endloop
  endfacet
  facet normal 0 -0.9700312531945443 0.2429801799032627
    outer loop
      vertex 159.2 1.722492604317976 5.477487580941967
      vertex 172.2 1.722492604317976 5.477487580941967
      vertex 159.2 1.7654135047258148 5.6488374203709695
    endloop
  endfacet
  facet normal 0 -0.989176509964781 0.14673047445536255
    outer loop
      vertex 159.2 1.7654135047258148 5.6488374203709695
      vertex 172.2 1.7654135047258148 5.6488374203709695
      vertex 159.2 1.7913325080099545 5.823569147406791
    endloop
  endfacet
  facet normal 0 -0.9987954562051724 0.04906767432741779
    outer loop
      vertex 159.2 1.7913325080099545 5.823569147406791
      vertex 172.2 1.7913325080099545 5.823569147406791
      vertex 159.2 1.8 6
    endloop
  endfacet
  facet normal 0 -0.9039892931234438 0.4275550934302809
    outer loop
      vertex 159.2 1.662983158520316 5.311169821742839
      vertex 172.2 1.587458275827039 5.151485873713204
      vertex 172.2 1.662983158520316 5.311169821742839
    endloop
  endfacet
  facet normal 0 -0.9415440651830203 0.3368898533922219
    outer loop
      vertex 159.2 1.722492604317976 5.477487580941967
      vertex 172.2 1.662983158520316 5.311169821742839
      vertex 172.2 1.722492604317976 5.477487580941967
    endloop
  endfacet
  facet normal 0 -0.9700312531945443 0.2429801799032627
    outer loop
      vertex 159.2 1.7654135047258148 5.6488374203709695
      vertex 172.2 1.722492604317976 5.477487580941967
      vertex 172.2 1.7654135047258148 5.6488374203709695
    endloop
  endfacet
  facet normal 0 -0.989176509964781 0.14673047445536255
    outer loop
      vertex 159.2 1.7913325080099545 5.823569147406791
      vertex 172.2 1.7654135047258148 5.6488374203709695
      vertex 172.2 1.7913325080099545 5.823569147406791
    endloop
  endfacet
  facet normal 0 -0.9987954562051724 0.04906767432741779
    outer loop
      vertex 159.2 1.8 6
      vertex 172.2 1.7913325080099545 5.823569147406791
      vertex 172.2 1.8 6
    endloop
  endfacet
  facet normal 1 0 0
    outer loop
      vertex 159.2 0 4.2
      vertex 159.2 0.1764308525932091 7.791332508009955
      vertex 159.2 0 7.8
    endloop
  endfacet
  facet normal 1 0 0
    outer loop
      vertex 159.2 0.1764308525932091 4.208667491990045
      vertex 159.2 0.35116257962903086 7.765413504725815
      vertex 159.2 0.1764308525932091 7.791332508009955
    endloop
  endfacet
  facet normal 1 0 0
    outer loop
      vertex 159.2 0.35116257962903086 4.234586495274185
      vertex 159.2 0.5225124190580323 7.722492604317976
      vertex 159.2 0.35116257962903086 7.765413504725815
    endloop
  endfacet
  facet normal 1 0 0
    outer loop
      vertex 159.2 0.5225124190580323 4.277507395682024
      vertex 159.2 0.6888301782571616 7.662983158520316
      vertex 159.2 0.5225124190580323 7.722492604317976
    endloop
  endfacet
  facet normal 1 0 0
    outer loop
      vertex 159.2 0.6888301782571616 4.337016841479684
      vertex 159.2 0.8485141262867958 7.587458275827039
      vertex 159.2 0.6888301782571616 7.662983158520316
    endloop
  endfacet
  facet normal 1 0 0
    outer loop
      vertex 159.2 0.8485141262867958 4.412541724172961
      vertex 159.2 1.000026419435284 7.496645302144581
      vertex 159.2 0.8485141262867958 7.587458275827039
    endloop
  endfacet
  facet normal 1 0 0
    outer loop
      vertex 159.2 1.3914188160529266 4.858092088505439
      vertex 159.2 1.4966453021445814 7.000026419435284
      vertex 159.2 1.3914188160529266 7.141907911494561
    endloop
  endfacet
  facet normal 1 0 0
    outer loop
      vertex 159.2 1.000026419435284 4.503354697855419
      vertex 159.2 1.1419079114945618 7.391418816052926
      vertex 159.2 1.000026419435284 7.496645302144581
    endloop
  endfacet
  facet normal 1 0 0
    outer loop
      vertex 159.2 1.1419079114945618 4.608581183947074
      vertex 159.2 1.2727922061357857 7.272792206135786
      vertex 159.2 1.1419079114945618 7.391418816052926
    endloop
  endfacet
  facet normal 1 0 0
    outer loop
      vertex 159.2 1.2727922061357857 4.727207793864214
      vertex 159.2 1.3914188160529266 7.141907911494561
      vertex 159.2 1.2727922061357857 7.272792206135786
    endloop
  endfacet
  facet normal 1 0 0
    outer loop
      vertex 159.2 1.662983158520316 5.311169821742839
      vertex 159.2 1.722492604317976 6.522512419058033
      vertex 159.2 1.662983158520316 6.688830178257161
    endloop
  endfacet
  facet normal 1 0 0
    outer loop
      vertex 159.2 1.722492604317976 5.477487580941967
      vertex 159.2 1.7654135047258148 6.3511625796290305
      vertex 159.2 1.722492604317976 6.522512419058033
    endloop
  endfacet
  facet normal 1 0 0
    outer loop
      vertex 159.2 1.587458275827039 5.151485873713204
      vertex 159.2 1.662983158520316 6.688830178257161
      vertex 159.2 1.587458275827039 6.848514126286796
    endloop
  endfacet
  facet normal 1 0 0
    outer loop
      vertex 159.2 1.4966453021445814 4.999973580564716
      vertex 159.2 1.587458275827039 6.848514126286796
      vertex 159.2 1.4966453021445814 7.000026419435284
    endloop
  endfacet
  facet normal 1 0 0
    outer loop
      vertex 159.2 1.7913325080099545 5.823569147406791
      vertex 159.2 1.8 6
      vertex 159.2 1.7913325080099545 6.176430852593209
    endloop
  endfacet
  facet normal 1 0 0
    outer loop
      vertex 159.2 1.7654135047258148 5.6488374203709695
      vertex 159.2 1.7913325080099545 6.176430852593209
      vertex 159.2 1.7654135047258148 6.3511625796290305
    endloop
  endfacet
  facet normal 0 -0.9987954562051724 -0.04906767432741779
    outer loop
      vertex 159.2 1.8 6
      vertex 172.2 1.8 6
      vertex 159.2 1.7913325080099545 6.176430852593209
    endloop
  endfacet
  facet normal 0 -0.989176509964781 -0.14673047445536255
    outer loop
      vertex 159.2 1.7913325080099545 6.176430852593209
      vertex 172.2 1.7913325080099545 6.176430852593209
      vertex 159.2 1.7654135047258148 6.3511625796290305
    endloop
  endfacet
  facet normal 0 -0.9415440651830203 -0.3368898533922219
    outer loop
      vertex 159.2 1.722492604317976 6.522512419058033
      vertex 172.2 1.722492604317976 6.522512419058033
      vertex 159.2 1.662983158520316 6.688830178257161
    endloop
  endfacet
  facet normal 0 -0.9039892931234438 -0.4275550934302809
    outer loop
      vertex 159.2 1.662983158520316 6.688830178257161
      vertex 172.2 1.662983158520316 6.688830178257161
      vertex 159.2 1.587458275827039 6.848514126286796
    endloop
  endfacet
  facet normal 0 -0.9700312531945443 -0.2429801799032627
    outer loop
      vertex 159.2 1.7654135047258148 6.3511625796290305
      vertex 172.2 1.7654135047258148 6.3511625796290305
      vertex 159.2 1.722492604317976 6.522512419058033
    endloop
  endfacet
  facet normal 0 -0.9987954562051724 -0.04906767432741779
    outer loop
      vertex 159.2 1.7913325080099545 6.176430852593209
      vertex 172.2 1.8 6
      vertex 172.2 1.7913325080099545 6.176430852593209
    endloop
  endfacet
  facet normal 0 -0.989176509964781 -0.14673047445536255
    outer loop
      vertex 159.2 1.7654135047258148 6.3511625796290305
      vertex 172.2 1.7913325080099545 6.176430852593209
      vertex 172.2 1.7654135047258148 6.3511625796290305
    endloop
  endfacet
  facet normal 0 -0.9700312531945443 -0.2429801799032627
    outer loop
      vertex 159.2 1.722492604317976 6.522512419058033
      vertex 172.2 1.7654135047258148 6.3511625796290305
      vertex 172.2 1.722492604317976 6.522512419058033
    endloop
  endfacet
  facet normal 0 -0.9415440651830203 -0.3368898533922219
    outer loop
      vertex 159.2 1.662983158520316 6.688830178257161
      vertex 172.2 1.722492604317976 6.522512419058033
      vertex 172.2 1.662983158520316 6.688830178257161
    endloop
  endfacet
  facet normal 0 -0.8032075314806444 -0.5956993044924339
    outer loop
      vertex 159.2 1.4966453021445814 7.000026419435284
      vertex 172.2 1.4966453021445814 7.000026419435284
      vertex 159.2 1.3914188160529266 7.141907911494561
    endloop
  endfacet
  facet normal 0 -0.6715589548470169 -0.7409511253549604
    outer loop
      vertex 159.2 1.2727922061357857 7.272792206135786
      vertex 172.2 1.2727922061357857 7.272792206135786
      vertex 159.2 1.1419079114945618 7.391418816052926
    endloop
  endfacet
  facet normal -2.346759936800365e-19 -0.5956993044924335 -0.8032075314806447
    outer loop
      vertex 159.2 1.000026419435284 7.496645302144581
      vertex 159.2 1.1419079114945618 7.391418816052926
      vertex 172.2 1.1419079114945618 7.391418816052926
    endloop
  endfacet
  facet normal -8.006707278747105e-20 -0.740951125354961 -0.6715589548470163
    outer loop
      vertex 159.2 1.2727922061357857 7.272792206135786
      vertex 159.2 1.3914188160529266 7.141907911494561
      vertex 172.2 1.3914188160529266 7.141907911494561
    endloop
  endfacet
  facet normal 0 -0.8577286100002717 -0.5141027441932224
    outer loop
      vertex 159.2 1.587458275827039 6.848514126286796
      vertex 172.2 1.587458275827039 6.848514126286796
      vertex 159.2 1.4966453021445814 7.000026419435284
    endloop
  endfacet
  facet normal 0 -0.8032075314806444 -0.5956993044924339
    outer loop
      vertex 159.2 1.3914188160529266 7.141907911494561
      vertex 172.2 1.4966453021445814 7.000026419435284
      vertex 172.2 1.3914188160529266 7.141907911494561
    endloop
  endfacet
  facet normal 0 -0.5956993044924335 -0.8032075314806447
    outer loop
      vertex 159.2 1.000026419435284 7.496645302144581
      vertex 172.2 1.1419079114945618 7.391418816052926
      vertex 172.2 1.000026419435284 7.496645302144581
    endloop
  endfacet
  facet normal 0 -0.6715589548470169 -0.7409511253549604
    outer loop
      vertex 159.2 1.1419079114945618 7.391418816052926
      vertex 172.2 1.2727922061357857 7.272792206135786
      vertex 172.2 1.1419079114945618 7.391418816052926
    endloop
  endfacet
  facet normal 0 -0.740951125354961 -0.6715589548470163
    outer loop
      vertex 159.2 1.2727922061357857 7.272792206135786
      vertex 172.2 1.3914188160529266 7.141907911494561
      vertex 172.2 1.2727922061357857 7.272792206135786
    endloop
  endfacet
  facet normal 0 -0.9039892931234438 -0.4275550934302809
    outer loop
      vertex 159.2 1.587458275827039 6.848514126286796
      vertex 172.2 1.662983158520316 6.688830178257161
      vertex 172.2 1.587458275827039 6.848514126286796
    endloop
  endfacet
  facet normal 0 -0.8577286100002717 -0.5141027441932224
    outer loop
      vertex 159.2 1.4966453021445814 7.000026419435284
      vertex 172.2 1.587458275827039 6.848514126286796
      vertex 172.2 1.4966453021445814 7.000026419435284
    endloop
  endfacet
  facet normal -2.215913056270957e-20 -0.049067674327415316 -0.9987954562051724
    outer loop
      vertex 159.2 0 7.8
      vertex 159.2 0.1764308525932091 7.791332508009955
      vertex 172.2 0.1764308525932091 7.791332508009955
    endloop
  endfacet
  facet normal -2.0955374467939768e-20 -0.1467304744553646 -0.9891765099647806
    outer loop
      vertex 159.2 0.1764308525932091 7.791332508009955
      vertex 159.2 0.35116257962903086 7.765413504725815
      vertex 172.2 0.35116257962903086 7.765413504725815
    endloop
  endfacet
  facet normal 1.8544606946823962e-19 -0.24298017990326246 -0.9700312531945443
    outer loop
      vertex 159.2 0.35116257962903086 7.765413504725815
      vertex 159.2 0.5225124190580323 7.722492604317976
      vertex 172.2 0.5225124190580323 7.722492604317976
    endloop
  endfacet
  facet normal 2.74753529831165e-19 -0.3368898533922228 -0.9415440651830198
    outer loop
      vertex 159.2 0.5225124190580323 7.722492604317976
      vertex 159.2 0.6888301782571616 7.662983158520316
      vertex 172.2 0.6888301782571616 7.662983158520316
    endloop
  endfacet
  facet normal 1.6882166622221333e-19 -0.4275550934302788 -0.9039892931234448
    outer loop
      vertex 159.2 0.6888301782571616 7.662983158520316
      vertex 159.2 0.8485141262867958 7.587458275827039
      vertex 172.2 0.8485141262867958 7.587458275827039
    endloop
  endfacet
  facet normal 1.2621600545314758e-19 -0.5141027441932231 -0.8577286100002712
    outer loop
      vertex 159.2 0.8485141262867958 7.587458275827039
      vertex 159.2 1.000026419435284 7.496645302144581
      vertex 172.2 1.000026419435284 7.496645302144581
    endloop
  endfacet
  facet normal 0 -0.049067674327415316 -0.9987954562051724
    outer loop
      vertex 159.2 0 7.8
      vertex 172.2 0.1764308525932091 7.791332508009955
      vertex 172.2 0 7.8
    endloop
  endfacet
  facet normal 0 -0.1467304744553646 -0.9891765099647806
    outer loop
      vertex 159.2 0.1764308525932091 7.791332508009955
      vertex 172.2 0.35116257962903086 7.765413504725815
      vertex 172.2 0.1764308525932091 7.791332508009955
    endloop
  endfacet
  facet normal 0 -0.24298017990326246 -0.9700312531945443
    outer loop
      vertex 159.2 0.35116257962903086 7.765413504725815
      vertex 172.2 0.5225124190580323 7.722492604317976
      vertex 172.2 0.35116257962903086 7.765413504725815
    endloop
  endfacet
  facet normal 0 -0.4275550934302788 -0.9039892931234448
    outer loop
      vertex 159.2 0.6888301782571616 7.662983158520316
      vertex 172.2 0.8485141262867958 7.587458275827039
      vertex 172.2 0.6888301782571616 7.662983158520316
    endloop
  endfacet
  facet normal 0 -0.3368898533922228 -0.9415440651830198
    outer loop
      vertex 159.2 0.5225124190580323 7.722492604317976
      vertex 172.2 0.6888301782571616 7.662983158520316
      vertex 172.2 0.5225124190580323 7.722492604317976
    endloop
  endfacet
  facet normal 0 -0.5141027441932231 -0.8577286100002712
    outer loop
      vertex 159.2 0.8485141262867958 7.587458275827039
      vertex 172.2 1.000026419435284 7.496645302144581
      vertex 172.2 0.8485141262867958 7.587458275827039
    endloop
  endfacet
  facet normal -1 0 0
    outer loop
      vertex 0 -8 0
      vertex 0 -8 12
      vertex 0 -1.662983158520316 5.311169821742839
    endloop
  endfacet
  facet normal -1 0 0
    outer loop
      vertex 0 -8 0
      vertex 0 -1.000026419435284 4.503354697855419
      vertex 0 -0.8485141262867958 4.412541724172961
    endloop
  endfacet
  facet normal -1 0 0
    outer loop
      vertex 0 -8 0
      vertex 0 -0.8485141262867958 4.412541724172961
      vertex 0 -0.6888301782571616 4.337016841479684
    endloop
  endfacet
  facet normal -1 0 0
    outer loop
      vertex 0 -8 0
      vertex 0 -0.6888301782571616 4.337016841479684
      vertex 0 -0.5225124190580323 4.277507395682024
    endloop
  endfacet
  facet normal -1 0 0
    outer loop
      vertex 0 -8 0
      vertex 0 -0.5225124190580323 4.277507395682024
      vertex 0 -0.35116257962903086 4.234586495274185
    endloop
  endfacet
  facet normal -1 0 0
    outer loop
      vertex 0 -8 0
      vertex 0 -0.35116257962903086 4.234586495274185
      vertex 0 -0.1764308525932091 4.208667491990045
    endloop
  endfacet
  facet normal -1 0 0
    outer loop
      vertex 0 -8 0
      vertex 0 -0.1764308525932091 4.208667491990045
      vertex 0 0 4.2
    endloop
  endfacet
  facet normal -1 0 0
    outer loop
      vertex 0 -8 0
      vertex 0 0 4.2
      vertex 0 0.1764308525932091 4.208667491990045
    endloop
  endfacet
  facet normal -1 0 0
    outer loop
      vertex 0 -8 0
      vertex 0 0.1764308525932091 4.208667491990045
      vertex 0 0.35116257962903086 4.234586495274185
    endloop
  endfacet
  facet normal -1 0 0
    outer loop
      vertex 0 -8 0
      vertex 0 0.35116257962903086 4.234586495274185
      vertex 0 0.5225124190580323 4.277507395682024
    endloop
  endfacet
  facet normal -1 0 0
    outer loop
      vertex 0 -8 0
      vertex 0 0.5225124190580323 4.277507395682024
      vertex 0 0.6888301782571616 4.337016841479684
    endloop
  endfacet
  facet normal -1 0 0
    outer loop
      vertex 0 -8 0
      vertex 0 0.6888301782571616 4.337016841479684
      vertex 0 0.8485141262867958 4.412541724172961
    endloop
  endfacet
  facet normal -1 0 0
    outer loop
      vertex 0 -8 0
      vertex 0 -1.4966453021445814 4.999973580564716
      vertex 0 -1.3914188160529266 4.858092088505439
    endloop
  endfacet
  facet normal -1 0 0
    outer loop
      vertex 0 -8 0
      vertex 0 -1.3914188160529266 4.858092088505439
      vertex 0 -1.2727922061357857 4.727207793864214
    endloop
  endfacet
  facet normal -1 0 0
    outer loop
      vertex 0 -8 0
      vertex 0 -1.662983158520316 5.311169821742839
      vertex 0 -1.587458275827039 5.151485873713204
    endloop
  endfacet
  facet normal -1 0 0
    outer loop
      vertex 0 -8 0
      vertex 0 -1.587458275827039 5.151485873713204
      vertex 0 -1.4966453021445814 4.999973580564716
    endloop
  endfacet
  facet normal -1 0 0
    outer loop
      vertex 0 -8 0
      vertex 0 -1.1419079114945618 4.608581183947074
      vertex 0 -1.000026419435284 4.503354697855419
    endloop
  endfacet
  facet normal -1 0 0
    outer loop
      vertex 0 -8 0
      vertex 0 -1.2727922061357857 4.727207793864214
      vertex 0 -1.1419079114945618 4.608581183947074
    endloop
  endfacet
  facet normal -1 0 0
    outer loop
      vertex 0 -8 12
      vertex 0 -1.722492604317976 5.477487580941967
      vertex 0 -1.662983158520316 5.311169821742839
    endloop
  endfacet
  facet normal -1 0 0
    outer loop
      vertex 0 -8 12
      vertex 0 -1.7654135047258148 5.6488374203709695
      vertex 0 -1.722492604317976 5.477487580941967
    endloop
  endfacet
  facet normal -1 0 0
    outer loop
      vertex 0 -8 12
      vertex 0 -1.7913325080099545 5.823569147406791
      vertex 0 -1.7654135047258148 5.6488374203709695
    endloop
  endfacet
  facet normal -1 0 0
    outer loop
      vertex 0 -8 12
      vertex 0 -1.8 6
      vertex 0 -1.7913325080099545 5.823569147406791
    endloop
  endfacet
  facet normal -1 0 0
    outer loop
      vertex 0 -8 12
      vertex 0 -1.7913325080099545 6.176430852593209
      vertex 0 -1.8 6
    endloop
  endfacet
  facet normal -1 0 0
    outer loop
      vertex 0 -8 12
      vertex 0 -1.7654135047258148 6.3511625796290305
      vertex 0 -1.7913325080099545 6.176430852593209
    endloop
  endfacet
  facet normal -1 0 0
    outer loop
      vertex 0 -8 12
      vertex 0 -1.722492604317976 6.522512419058033
      vertex 0 -1.7654135047258148 6.3511625796290305
    endloop
  endfacet
  facet normal -1 0 0
    outer loop
      vertex 0 -8 12
      vertex 0 -1.662983158520316 6.688830178257161
      vertex 0 -1.722492604317976 6.522512419058033
    endloop
  endfacet
  facet normal -1 0 0
    outer loop
      vertex 0 -8 12
      vertex 0 -1.587458275827039 6.848514126286796
      vertex 0 -1.662983158520316 6.688830178257161
    endloop
  endfacet
  facet normal -1 0 0
    outer loop
      vertex 0 -8 12
      vertex 0 -1.4966453021445814 7.000026419435284
      vertex 0 -1.587458275827039 6.848514126286796
    endloop
  endfacet
  facet normal -1 0 0
    outer loop
      vertex 0 -8 12
      vertex 0 -1.3914188160529266 7.141907911494561
      vertex 0 -1.4966453021445814 7.000026419435284
    endloop
  endfacet
  facet normal -1 0 0
    outer loop
      vertex 0 -8 12
      vertex 0 -1.2727922061357857 7.272792206135786
      vertex 0 -1.3914188160529266 7.141907911494561
    endloop
  endfacet
  facet normal -1 0 0
    outer loop
      vertex 0 -8 12
      vertex 0 -1.1419079114945618 7.391418816052926
      vertex 0 -1.2727922061357857 7.272792206135786
    endloop
  endfacet
  facet normal -1 0 0
    outer loop
      vertex 0 -8 12
      vertex 0 -1.000026419435284 7.496645302144581
      vertex 0 -1.1419079114945618 7.391418816052926
    endloop
  endfacet
  facet normal -1 0 0
    outer loop
      vertex 0 -8 12
      vertex 0 -0.8485141262867958 7.587458275827039
      vertex 0 -1.000026419435284 7.496645302144581
    endloop
  endfacet
  facet normal -1 0 0
    outer loop
      vertex 0 -8 12
      vertex 0 8 12
      vertex 0 -0.8485141262867958 7.587458275827039
    endloop
  endfacet
  facet normal 0 -1 0
    outer loop
      vertex 0 -8 0
      vertex 172.2 -8 12
      vertex 0 -8 12
    endloop
  endfacet
  facet normal 0 0 1
    outer loop
      vertex 0 -8 12
      vertex 172.2 -8 12
      vertex 0 8 12
    endloop
  endfacet
  facet normal -1 0 0
    outer loop
      vertex 0 -8 0
      vertex 0 0.8485141262867958 4.412541724172961
      vertex 0 8 0
    endloop
  endfacet
  facet normal -1 0 0
    outer loop
      vertex 0 8 0
      vertex 0 0.8485141262867958 4.412541724172961
      vertex 0 1.000026419435284 4.503354697855419
    endloop
  endfacet
  facet normal -1 0 0
    outer loop
      vertex 0 8 0
      vertex 0 1.000026419435284 4.503354697855419
      vertex 0 1.1419079114945618 4.608581183947074
    endloop
  endfacet
  facet normal -1 0 0
    outer loop
      vertex 0 8 0
      vertex 0 1.1419079114945618 4.608581183947074
      vertex 0 1.2727922061357857 4.727207793864214
    endloop
  endfacet
  facet normal -1 0 0
    outer loop
      vertex 0 8 0
      vertex 0 1.2727922061357857 4.727207793864214
      vertex 0 1.3914188160529266 4.858092088505439
    endloop
  endfacet
  facet normal -1 0 0
    outer loop
      vertex 0 8 0
      vertex 0 1.3914188160529266 4.858092088505439
      vertex 0 1.4966453021445814 4.999973580564716
    endloop
  endfacet
  facet normal -1 0 0
    outer loop
      vertex 0 8 0
      vertex 0 1.4966453021445814 4.999973580564716
      vertex 0 1.587458275827039 5.151485873713204
    endloop
  endfacet
  facet normal -1 0 0
    outer loop
      vertex 0 8 0
      vertex 0 1.587458275827039 5.151485873713204
      vertex 0 1.662983158520316 5.311169821742839
    endloop
  endfacet
  facet normal -1 0 0
    outer loop
      vertex 0 8 0
      vertex 0 1.662983158520316 5.311169821742839
      vertex 0 1.722492604317976 5.477487580941967
    endloop
  endfacet
  facet normal -1 0 0
    outer loop
      vertex 0 8 0
      vertex 0 1.722492604317976 5.477487580941967
      vertex 0 1.7654135047258148 5.6488374203709695
    endloop
  endfacet
  facet normal -1 0 0
    outer loop
      vertex 0 8 0
      vertex 0 1.7654135047258148 5.6488374203709695
      vertex 0 1.7913325080099545 5.823569147406791
    endloop
  endfacet
  facet normal -1 0 0
    outer loop
      vertex 0 8 0
      vertex 0 1.7913325080099545 5.823569147406791
      vertex 0 1.8 6
    endloop
  endfacet
  facet normal -1 0 0
    outer loop
      vertex 0 8 0
      vertex 0 1.8 6
      vertex 0 1.7913325080099545 6.176430852593209
    endloop
  endfacet
  facet normal -1 0 0
    outer loop
      vertex 0 8 0
      vertex 0 1.7913325080099545 6.176430852593209
      vertex 0 1.7654135047258148 6.3511625796290305
    endloop
  endfacet
  facet normal -1 0 0
    outer loop
      vertex 0 8 0
      vertex 0 1.7654135047258148 6.3511625796290305
      vertex 0 1.722492604317976 6.522512419058033
    endloop
  endfacet
  facet normal -1 0 0
    outer loop
      vertex 0 8 0
      vertex 0 1.722492604317976 6.522512419058033
      vertex 0 1.662983158520316 6.688830178257161
    endloop
  endfacet
  facet normal 0 0 -1
    outer loop
      vertex 0 -8 0
      vertex 0 8 0
      vertex 172.2 8 0
    endloop
  endfacet
  facet normal 0 1 0
    outer loop
      vertex 0 8 0
      vertex 0 8 12
      vertex 172.2 8 0
    endloop
  endfacet
  facet normal -1 0 0
    outer loop
      vertex 0 8 12
      vertex 0 1.2727922061357857 7.272792206135786
      vertex 0 1.1419079114945618 7.391418816052926
    endloop
  endfacet
  facet normal -1 0 0
    outer loop
      vertex 0 8 12
      vertex 0 1.1419079114945618 7.391418816052926
      vertex 0 1.000026419435284 7.496645302144581
    endloop
  endfacet
  facet normal -1 0 0
    outer loop
      vertex 0 8 12
      vertex 0 1.587458275827039 6.848514126286796
      vertex 0 1.4966453021445814 7.000026419435284
    endloop
  endfacet
  facet normal -1 0 0
    outer loop
      vertex 0 8 12
      vertex 0 1.662983158520316 6.688830178257161
      vertex 0 1.587458275827039 6.848514126286796
    endloop
  endfacet
  facet normal -1 0 0
    outer loop
      vertex 0 8 12
      vertex 0 1.3914188160529266 7.141907911494561
      vertex 0 1.2727922061357857 7.272792206135786
    endloop
  endfacet
  facet normal -1 0 0
    outer loop
      vertex 0 8 12
      vertex 0 1.4966453021445814 7.000026419435284
      vertex 0 1.3914188160529266 7.141907911494561
    endloop
  endfacet
  facet normal -1 0 0
    outer loop
      vertex 0 8 12
      vertex 0 -0.6888301782571616 7.662983158520316
      vertex 0 -0.8485141262867958 7.587458275827039
    endloop
  endfacet
  facet normal -1 0 0
    outer loop
      vertex 0 8 12
      vertex 0 -0.5225124190580323 7.722492604317976
      vertex 0 -0.6888301782571616 7.662983158520316
    endloop
  endfacet
  facet normal -1 0 0
    outer loop
      vertex 0 8 12
      vertex 0 -0.35116257962903086 7.765413504725815
      vertex 0 -0.5225124190580323 7.722492604317976
    endloop
  endfacet
  facet normal -1 0 0
    outer loop
      vertex 0 8 12
      vertex 0 -0.1764308525932091 7.791332508009955
      vertex 0 -0.35116257962903086 7.765413504725815
    endloop
  endfacet
  facet normal -1 0 0
    outer loop
      vertex 0 8 12
      vertex 0 0 7.8
      vertex 0 -0.1764308525932091 7.791332508009955
    endloop
  endfacet
  facet normal -1 0 0
    outer loop
      vertex 0 8 12
      vertex 0 0.1764308525932091 7.791332508009955
      vertex 0 0 7.8
    endloop
  endfacet
  facet normal -1 0 0
    outer loop
      vertex 0 8 12
      vertex 0 0.35116257962903086 7.765413504725815
      vertex 0 0.1764308525932091 7.791332508009955
    endloop
  endfacet
  facet normal -1 0 0
    outer loop
      vertex 0 8 12
      vertex 0 0.5225124190580323 7.722492604317976
      vertex 0 0.35116257962903086 7.765413504725815
    endloop
  endfacet
  facet normal -1 0 0
    outer loop
      vertex 0 8 12
      vertex 0 0.6888301782571616 7.662983158520316
      vertex 0 0.5225124190580323 7.722492604317976
    endloop
  endfacet
  facet normal -1 0 0
    outer loop
      vertex 0 8 12
      vertex 0 0.8485141262867958 7.587458275827039
      vertex 0 0.6888301782571616 7.662983158520316
    endloop
  endfacet
  facet normal -1 0 0
    outer loop
      vertex 0 8 12
      vertex 0 1.000026419435284 7.496645302144581
      vertex 0 0.8485141262867958 7.587458275827039
    endloop
  endfacet
  facet normal -1 0 0
    outer loop
      vertex 0 8 0
      vertex 0 1.662983158520316 6.688830178257161
      vertex 0 8 12
    endloop
  endfacet
  facet normal 0 -1 0
    outer loop
      vertex 0 -8 0
      vertex 172.2 -8 0
      vertex 172.2 -8 12
    endloop
  endfacet
  facet normal 0 0 -1
    outer loop
      vertex 0 -8 0
      vertex 172.2 8 0
      vertex 172.2 -8 0
    endloop
  endfacet
  facet normal 1 0 0
    outer loop
      vertex 172.2 -8 0
      vertex 172.2 -0.8485141262867958 4.412541724172961
      vertex 172.2 -1.000026419435284 4.503354697855419
    endloop
  endfacet
  facet normal 1 0 0
    outer loop
      vertex 172.2 -8 0
      vertex 172.2 8 0
      vertex 172.2 -0.8485141262867958 4.412541724172961
    endloop
  endfacet
  facet normal 1 0 0
    outer loop
      vertex 172.2 -8 0
      vertex 172.2 -1.3914188160529266 4.858092088505439
      vertex 172.2 -1.4966453021445814 4.999973580564716
    endloop
  endfacet
  facet normal 1 0 0
    outer loop
      vertex 172.2 -8 0
      vertex 172.2 -1.2727922061357857 4.727207793864214
      vertex 172.2 -1.3914188160529266 4.858092088505439
    endloop
  endfacet
  facet normal 1 0 0
    outer loop
      vertex 172.2 -8 0
      vertex 172.2 -1.587458275827039 5.151485873713204
      vertex 172.2 -1.662983158520316 5.311169821742839
    endloop
  endfacet
  facet normal 1 0 0
    outer loop
      vertex 172.2 -8 0
      vertex 172.2 -1.662983158520316 5.311169821742839
      vertex 172.2 -1.722492604317976 5.477487580941967
    endloop
  endfacet
  facet normal 1 0 0
    outer loop
      vertex 172.2 -8 0
      vertex 172.2 -1.722492604317976 5.477487580941967
      vertex 172.2 -1.7654135047258148 5.6488374203709695
    endloop
  endfacet
  facet normal 1 0 0
    outer loop
      vertex 172.2 -8 0
      vertex 172.2 -1.4966453021445814 4.999973580564716
      vertex 172.2 -1.587458275827039 5.151485873713204
    endloop
  endfacet
  facet normal 1 0 0
    outer loop
      vertex 172.2 -8 0
      vertex 172.2 -1.000026419435284 4.503354697855419
      vertex 172.2 -1.1419079114945618 4.608581183947074
    endloop
  endfacet
  facet normal 1 0 0
    outer loop
      vertex 172.2 -8 0
      vertex 172.2 -1.1419079114945618 4.608581183947074
      vertex 172.2 -1.2727922061357857 4.727207793864214
    endloop
  endfacet
  facet normal 1 0 0
    outer loop
      vertex 172.2 -8 0
      vertex 172.2 -1.7654135047258148 5.6488374203709695
      vertex 172.2 -1.7913325080099545 5.823569147406791
    endloop
  endfacet
  facet normal 1 0 0
    outer loop
      vertex 172.2 -8 0
      vertex 172.2 -1.7913325080099545 5.823569147406791
      vertex 172.2 -1.8 6
    endloop
  endfacet
  facet normal 1 0 0
    outer loop
      vertex 172.2 -8 0
      vertex 172.2 -1.8 6
      vertex 172.2 -1.7913325080099545 6.176430852593209
    endloop
  endfacet
  facet normal 1 0 0
    outer loop
      vertex 172.2 -8 0
      vertex 172.2 -1.7913325080099545 6.176430852593209
      vertex 172.2 -1.7654135047258148 6.3511625796290305
    endloop
  endfacet
  facet normal 1 0 0
    outer loop
      vertex 172.2 -8 0
      vertex 172.2 -1.7654135047258148 6.3511625796290305
      vertex 172.2 -1.722492604317976 6.522512419058033
    endloop
  endfacet
  facet normal 1 0 0
    outer loop
      vertex 172.2 -8 0
      vertex 172.2 -1.722492604317976 6.522512419058033
      vertex 172.2 -1.662983158520316 6.688830178257161
    endloop
  endfacet
  facet normal 1 0 0
    outer loop
      vertex 172.2 -8 0
      vertex 172.2 -1.662983158520316 6.688830178257161
      vertex 172.2 -8 12
    endloop
  endfacet
  facet normal 1 0 0
    outer loop
      vertex 172.2 -8 12
      vertex 172.2 -1.662983158520316 6.688830178257161
      vertex 172.2 -1.587458275827039 6.848514126286796
    endloop
  endfacet
  facet normal 1 0 0
    outer loop
      vertex 172.2 -8 12
      vertex 172.2 -1.587458275827039 6.848514126286796
      vertex 172.2 -1.4966453021445814 7.000026419435284
    endloop
  endfacet
  facet normal 1 0 0
    outer loop
      vertex 172.2 -8 12
      vertex 172.2 -1.4966453021445814 7.000026419435284
      vertex 172.2 -1.3914188160529266 7.141907911494561
    endloop
  endfacet
  facet normal 1 0 0
    outer loop
      vertex 172.2 -8 12
      vertex 172.2 -1.3914188160529266 7.141907911494561
      vertex 172.2 -1.2727922061357857 7.272792206135786
    endloop
  endfacet
  facet normal 1 0 0
    outer loop
      vertex 172.2 -8 12
      vertex 172.2 -1.2727922061357857 7.272792206135786
      vertex 172.2 -1.1419079114945618 7.391418816052926
    endloop
  endfacet
  facet normal 1 0 0
    outer loop
      vertex 172.2 -8 12
      vertex 172.2 -1.1419079114945618 7.391418816052926
      vertex 172.2 -1.000026419435284 7.496645302144581
    endloop
  endfacet
  facet normal 1 0 0
    outer loop
      vertex 172.2 -8 12
      vertex 172.2 -1.000026419435284 7.496645302144581
      vertex 172.2 -0.8485141262867958 7.587458275827039
    endloop
  endfacet
  facet normal 1 0 0
    outer loop
      vertex 172.2 -8 12
      vertex 172.2 -0.8485141262867958 7.587458275827039
      vertex 172.2 -0.6888301782571616 7.662983158520316
    endloop
  endfacet
  facet normal 1 0 0
    outer loop
      vertex 172.2 -8 12
      vertex 172.2 -0.6888301782571616 7.662983158520316
      vertex 172.2 -0.5225124190580323 7.722492604317976
    endloop
  endfacet
  facet normal 1 0 0
    outer loop
      vertex 172.2 -8 12
      vertex 172.2 -0.5225124190580323 7.722492604317976
      vertex 172.2 -0.35116257962903086 7.765413504725815
    endloop
  endfacet
  facet normal 1 0 0
    outer loop
      vertex 172.2 -8 12
      vertex 172.2 -0.35116257962903086 7.765413504725815
      vertex 172.2 -0.1764308525932091 7.791332508009955
    endloop
  endfacet
  facet normal 1 0 0
    outer loop
      vertex 172.2 -8 12
      vertex 172.2 -0.1764308525932091 7.791332508009955
      vertex 172.2 0 7.8
    endloop
  endfacet
  facet normal 1 0 0
    outer loop
      vertex 172.2 -8 12
      vertex 172.2 0 7.8
      vertex 172.2 0.1764308525932091 7.791332508009955
    endloop
  endfacet
  facet normal 1 0 0
    outer loop
      vertex 172.2 -8 12
      vertex 172.2 0.1764308525932091 7.791332508009955
      vertex 172.2 0.35116257962903086 7.765413504725815
    endloop
  endfacet
  facet normal 1 0 0
    outer loop
      vertex 172.2 -8 12
      vertex 172.2 0.35116257962903086 7.765413504725815
      vertex 172.2 0.5225124190580323 7.722492604317976
    endloop
  endfacet
  facet normal 1 0 0
    outer loop
      vertex 172.2 -8 12
      vertex 172.2 0.5225124190580323 7.722492604317976
      vertex 172.2 0.6888301782571616 7.662983158520316
    endloop
  endfacet
  facet normal 1 0 0
    outer loop
      vertex 172.2 -8 12
      vertex 172.2 0.6888301782571616 7.662983158520316
      vertex 172.2 0.8485141262867958 7.587458275827039
    endloop
  endfacet
  facet normal 1 0 0
    outer loop
      vertex 172.2 8 0
      vertex 172.2 -0.6888301782571616 4.337016841479684
      vertex 172.2 -0.8485141262867958 4.412541724172961
    endloop
  endfacet
  facet normal 1 0 0
    outer loop
      vertex 172.2 8 0
      vertex 172.2 -0.5225124190580323 4.277507395682024
      vertex 172.2 -0.6888301782571616 4.337016841479684
    endloop
  endfacet
  facet normal 1 0 0
    outer loop
      vertex 172.2 8 0
      vertex 172.2 -0.35116257962903086 4.234586495274185
      vertex 172.2 -0.5225124190580323 4.277507395682024
    endloop
  endfacet
  facet normal 1 0 0
    outer loop
      vertex 172.2 8 0
      vertex 172.2 -0.1764308525932091 4.208667491990045
      vertex 172.2 -0.35116257962903086 4.234586495274185
    endloop
  endfacet
  facet normal 1 0 0
    outer loop
      vertex 172.2 8 0
      vertex 172.2 0 4.2
      vertex 172.2 -0.1764308525932091 4.208667491990045
    endloop
  endfacet
  facet normal 1 0 0
    outer loop
      vertex 172.2 8 0
      vertex 172.2 0.1764308525932091 4.208667491990045
      vertex 172.2 0 4.2
    endloop
  endfacet
  facet normal 1 0 0
    outer loop
      vertex 172.2 8 0
      vertex 172.2 0.35116257962903086 4.234586495274185
      vertex 172.2 0.1764308525932091 4.208667491990045
    endloop
  endfacet
  facet normal 1 0 0
    outer loop
      vertex 172.2 8 0
      vertex 172.2 0.5225124190580323 4.277507395682024
      vertex 172.2 0.35116257962903086 4.234586495274185
    endloop
  endfacet
  facet normal 1 0 0
    outer loop
      vertex 172.2 8 0
      vertex 172.2 0.6888301782571616 4.337016841479684
      vertex 172.2 0.5225124190580323 4.277507395682024
    endloop
  endfacet
  facet normal 1 0 0
    outer loop
      vertex 172.2 8 0
      vertex 172.2 0.8485141262867958 4.412541724172961
      vertex 172.2 0.6888301782571616 4.337016841479684
    endloop
  endfacet
  facet normal 1 0 0
    outer loop
      vertex 172.2 8 0
      vertex 172.2 1.000026419435284 4.503354697855419
      vertex 172.2 0.8485141262867958 4.412541724172961
    endloop
  endfacet
  facet normal 1 0 0
    outer loop
      vertex 172.2 8 0
      vertex 172.2 1.1419079114945618 4.608581183947074
      vertex 172.2 1.000026419435284 4.503354697855419
    endloop
  endfacet
  facet normal 1 0 0
    outer loop
      vertex 172.2 8 0
      vertex 172.2 1.2727922061357857 4.727207793864214
      vertex 172.2 1.1419079114945618 4.608581183947074
    endloop
  endfacet
  facet normal 1 0 0
    outer loop
      vertex 172.2 8 0
      vertex 172.2 1.3914188160529266 4.858092088505439
      vertex 172.2 1.2727922061357857 4.727207793864214
    endloop
  endfacet
  facet normal 1 0 0
    outer loop
      vertex 172.2 8 0
      vertex 172.2 1.4966453021445814 4.999973580564716
      vertex 172.2 1.3914188160529266 4.858092088505439
    endloop
  endfacet
  facet normal 1 0 0
    outer loop
      vertex 172.2 8 0
      vertex 172.2 1.587458275827039 5.151485873713204
      vertex 172.2 1.4966453021445814 4.999973580564716
    endloop
  endfacet
  facet normal 1 0 0
    outer loop
      vertex 172.2 8 0
      vertex 172.2 1.662983158520316 5.311169821742839
      vertex 172.2 1.587458275827039 5.151485873713204
    endloop
  endfacet
  facet normal 1 0 0
    outer loop
      vertex 172.2 8 0
      vertex 172.2 8 12
      vertex 172.2 1.662983158520316 5.311169821742839
    endloop
  endfacet
  facet normal 0 0 1
    outer loop
      vertex 0 8 12
      vertex 172.2 -8 12
      vertex 172.2 8 12
    endloop
  endfacet
  facet normal 0 1 0
    outer loop
      vertex 0 8 12
      vertex 172.2 8 12
      vertex 172.2 8 0
    endloop
  endfacet
  facet normal 1 0 0
    outer loop
      vertex 172.2 8 12
      vertex 172.2 1.722492604317976 5.477487580941967
      vertex 172.2 1.662983158520316 5.311169821742839
    endloop
  endfacet
  facet normal 1 0 0
    outer loop
      vertex 172.2 8 12
      vertex 172.2 1.7654135047258148 5.6488374203709695
      vertex 172.2 1.722492604317976 5.477487580941967
    endloop
  endfacet
  facet normal 1 0 0
    outer loop
      vertex 172.2 8 12
      vertex 172.2 1.7913325080099545 5.823569147406791
      vertex 172.2 1.7654135047258148 5.6488374203709695
    endloop
  endfacet
  facet normal 1 0 0
    outer loop
      vertex 172.2 8 12
      vertex 172.2 1.8 6
      vertex 172.2 1.7913325080099545 5.823569147406791
    endloop
  endfacet
  facet normal 1 0 0
    outer loop
      vertex 172.2 8 12
      vertex 172.2 1.7913325080099545 6.176430852593209
      vertex 172.2 1.8 6
    endloop
  endfacet
  facet normal 1 0 0
    outer loop
      vertex 172.2 8 12
      vertex 172.2 1.7654135047258148 6.3511625796290305
      vertex 172.2 1.7913325080099545 6.176430852593209
    endloop
  endfacet
  facet normal 1 0 0
    outer loop
      vertex 172.2 8 12
      vertex 172.2 1.1419079114945618 7.391418816052926
      vertex 172.2 1.2727922061357857 7.272792206135786
    endloop
  endfacet
  facet normal 1 0 0
    outer loop
      vertex 172.2 8 12
      vertex 172.2 1.000026419435284 7.496645302144581
      vertex 172.2 1.1419079114945618 7.391418816052926
    endloop
  endfacet
  facet normal 1 0 0
    outer loop
      vertex 172.2 8 12
      vertex 172.2 1.4966453021445814 7.000026419435284
      vertex 172.2 1.587458275827039 6.848514126286796
    endloop
  endfacet
  facet normal 1 0 0
    outer loop
      vertex 172.2 8 12
      vertex 172.2 1.722492604317976 6.522512419058033
      vertex 172.2 1.7654135047258148 6.3511625796290305
    endloop
  endfacet
  facet normal 1 0 0
    outer loop
      vertex 172.2 8 12
      vertex 172.2 1.662983158520316 6.688830178257161
      vertex 172.2 1.722492604317976 6.522512419058033
    endloop
  endfacet
  facet normal 1 0 0
    outer loop
      vertex 172.2 8 12
      vertex 172.2 1.587458275827039 6.848514126286796
      vertex 172.2 1.662983158520316 6.688830178257161
    endloop
  endfacet
  facet normal 1 0 0
    outer loop
      vertex 172.2 8 12
      vertex 172.2 1.2727922061357857 7.272792206135786
      vertex 172.2 1.3914188160529266 7.141907911494561
    endloop
  endfacet
  facet normal 1 0 0
    outer loop
      vertex 172.2 8 12
      vertex 172.2 1.3914188160529266 7.141907911494561
      vertex 172.2 1.4966453021445814 7.000026419435284
    endloop
  endfacet
  facet normal 1 0 0
    outer loop
      vertex 172.2 -8 12
      vertex 172.2 0.8485141262867958 7.587458275827039
      vertex 172.2 8 12
    endloop
  endfacet
  facet normal 1 0 0
    outer loop
      vertex 172.2 8 12
      vertex 172.2 0.8485141262867958 7.587458275827039
      vertex 172.2 1.000026419435284 7.496645302144581
    endloop
  endfacet
endsolid OpenSCAD_Model
