solid OpenSCAD_Model
  facet normal -1 0 0
    outer loop
      vertex -85.1 -23.170541932096768 1.2402883175806174
      vertex -85.1 -22 1.125
      vertex -85.1 -22.588102841977364 1.1538916399668189
    endloop
  endfacet
  facet normal 0 -0.24298017990326343 -0.9700312531945441
    outer loop
      vertex -85.1 -23.170541932096768 1.2402883175806174
      vertex -79.1 -23.170541932096768 1.2402883175806174
      vertex -85.1 -23.741708063526772 1.3833579856067466
    endloop
  endfacet
  facet normal 0 -0.14673047445536203 -0.9891765099647809
    outer loop
      vertex -85.1 -23.170541932096768 1.2402883175806174
      vertex -85.1 -22.588102841977364 1.1538916399668189
      vertex -79.1 -23.170541932096768 1.2402883175806174
    endloop
  endfacet
  facet normal 0 -0.24298017990326343 -0.9700312531945441
    outer loop
      vertex -85.1 -23.741708063526772 1.3833579856067466
      vertex -79.1 -23.170541932096768 1.2402883175806174
      vertex -79.1 -23.741708063526772 1.3833579856067466
    endloop
  endfacet
  facet normal 0 -0.14673047445536203 -0.9891765099647809
    outer loop
      vertex -85.1 -22.588102841977364 1.1538916399668189
      vertex -79.1 -22.588102841977364 1.1538916399668189
      vertex -79.1 -23.170541932096768 1.2402883175806174
    endloop
  endfacet
  facet normal 0 -0.33688985339222066 -0.9415440651830206
    outer loop
      vertex -85.1 -24.296100594190538 1.58172280493228
      vertex -85.1 -23.741708063526772 1.3833579856067466
      vertex -79.1 -24.296100594190538 1.58172280493228
    endloop
  endfacet
  facet normal -1 0 0
    outer loop
      vertex -85.1 -23.170541932096768 1.2402883175806174
      vertex -85.1 -24.296100594190538 1.58172280493228
      vertex -85.1 -25.333421398117615 2.136182326184729
    endloop
  endfacet
  facet normal -2.93237240662793e-18 -0.4275550934302792 -0.9039892931234448
    outer loop
      vertex -85.1 -24.296100594190538 1.58172280493228
      vertex -79.1 -24.828380420955988 1.8334724139098695
      vertex -85.1 -24.828380420955988 1.8334724139098695
    endloop
  endfacet
  facet normal -1 0 0
    outer loop
      vertex -85.1 -23.170541932096768 1.2402883175806174
      vertex -85.1 -23.741708063526772 1.3833579856067466
      vertex -85.1 -24.296100594190538 1.58172280493228
    endloop
  endfacet
  facet normal 0 -0.33688985339222066 -0.9415440651830206
    outer loop
      vertex -85.1 -23.741708063526772 1.3833579856067466
      vertex -79.1 -23.741708063526772 1.3833579856067466
      vertex -79.1 -24.296100594190538 1.58172280493228
    endloop
  endfacet
  facet normal 0 -0.4275550934302792 -0.9039892931234448
    outer loop
      vertex -85.1 -24.296100594190538 1.58172280493228
      vertex -79.1 -24.296100594190538 1.58172280493228
      vertex -79.1 -24.828380420955988 1.8334724139098695
    endloop
  endfacet
  facet normal 2.7421159019548754e-19 -0.04906767432741834 -0.9987954562051724
    outer loop
      vertex -85.1 -22.588102841977364 1.1538916399668189
      vertex -85.1 -22 1.125
      vertex -79.1 -22 1.125
    endloop
  endfacet
  facet normal 0 -0.04906767432741834 -0.9987954562051724
    outer loop
      vertex -85.1 -22.588102841977364 1.1538916399668189
      vertex -79.1 -22 1.125
      vertex -79.1 -22.588102841977364 1.1538916399668189
    endloop
  endfacet
  facet normal 0 -0.5141027441932225 -0.8577286100002716
    outer loop
      vertex -85.1 -25.333421398117615 2.136182326184729
      vertex -79.1 -24.828380420955988 1.8334724139098695
      vertex -79.1 -25.333421398117615 2.136182326184729
    endloop
  endfacet
  facet normal -1 0 0
    outer loop
      vertex -85.1 -23.170541932096768 1.2402883175806174
      vertex -85.1 -25.333421398117615 2.136182326184729
      vertex -85.1 -26.63806272017642 3.318640295018127
    endloop
  endfacet
  facet normal 0 -0.5956993044924342 -0.8032075314806443
    outer loop
      vertex -85.1 -25.333421398117615 2.136182326184729
      vertex -79.1 -25.333421398117615 2.136182326184729
      vertex -85.1 -25.806359704981872 2.486937279823578
    endloop
  endfacet
  facet normal -1 0 0
    outer loop
      vertex -85.1 -25.333421398117615 2.136182326184729
      vertex -85.1 -25.806359704981872 2.486937279823578
      vertex -85.1 -26.63806272017642 3.318640295018127
    endloop
  endfacet
  facet normal 0 -0.671558954847019 -0.7409511253549586
    outer loop
      vertex -85.1 -25.806359704981872 2.486937279823578
      vertex -79.1 -25.806359704981872 2.486937279823578
      vertex -85.1 -26.242640687119284 2.8823593128807143
    endloop
  endfacet
  facet normal 0 -0.5956993044924342 -0.8032075314806443
    outer loop
      vertex -85.1 -25.806359704981872 2.486937279823578
      vertex -79.1 -25.333421398117615 2.136182326184729
      vertex -79.1 -25.806359704981872 2.486937279823578
    endloop
  endfacet
  facet normal 0 -0.7409511253549589 -0.6715589548470187
    outer loop
      vertex -85.1 -26.242640687119284 2.8823593128807143
      vertex -79.1 -26.242640687119284 2.8823593128807143
      vertex -85.1 -26.63806272017642 3.318640295018127
    endloop
  endfacet
  facet normal -1 0 0
    outer loop
      vertex -85.1 -25.806359704981872 2.486937279823578
      vertex -85.1 -26.242640687119284 2.8823593128807143
      vertex -85.1 -26.63806272017642 3.318640295018127
    endloop
  endfacet
  facet normal 3.2745610506778047e-18 -0.671558954847019 -0.7409511253549586
    outer loop
      vertex -79.1 -25.806359704981872 2.486937279823578
      vertex -79.1 -26.242640687119284 2.8823593128807143
      vertex -85.1 -26.242640687119284 2.8823593128807143
    endloop
  endfacet
  facet normal 0 -0.8032075314806464 -0.5956993044924315
    outer loop
      vertex -85.1 -26.63806272017642 3.318640295018127
      vertex -79.1 -26.63806272017642 3.318640295018127
      vertex -85.1 -26.98881767381527 3.791578601882387
    endloop
  endfacet
  facet normal 0 -0.7409511253549589 -0.6715589548470187
    outer loop
      vertex -85.1 -26.63806272017642 3.318640295018127
      vertex -79.1 -26.242640687119284 2.8823593128807143
      vertex -79.1 -26.63806272017642 3.318640295018127
    endloop
  endfacet
  facet normal -1 0 0
    outer loop
      vertex -85.1 -24.296100594190538 1.58172280493228
      vertex -85.1 -24.828380420955988 1.8334724139098695
      vertex -85.1 -25.333421398117615 2.136182326184729
    endloop
  endfacet
  facet normal 1.0763869187805004e-18 -0.5141027441932225 -0.8577286100002716
    outer loop
      vertex -85.1 -25.333421398117615 2.136182326184729
      vertex -85.1 -24.828380420955988 1.8334724139098695
      vertex -79.1 -24.828380420955988 1.8334724139098695
    endloop
  endfacet
  facet normal -1 0 0
    outer loop
      vertex -85.1 -26.63806272017642 3.318640295018127
      vertex -85.1 -26.98881767381527 3.791578601882387
      vertex -85.1 -27.29152758609013 4.296619579044014
    endloop
  endfacet
  facet normal 0 -0.8577286100002709 -0.5141027441932237
    outer loop
      vertex -85.1 -26.98881767381527 3.791578601882387
      vertex -79.1 -26.98881767381527 3.791578601882387
      vertex -85.1 -27.29152758609013 4.296619579044014
    endloop
  endfacet
  facet normal -1 0 0
    outer loop
      vertex -85.1 -23.170541932096768 1.2402883175806174
      vertex -85.1 -26.63806272017642 3.318640295018127
      vertex -85.1 -28 7.125
    endloop
  endfacet
  facet normal 2.081614091204567e-18 -0.8032075314806464 -0.5956993044924315
    outer loop
      vertex -79.1 -26.63806272017642 3.318640295018127
      vertex -79.1 -26.98881767381527 3.791578601882387
      vertex -85.1 -26.98881767381527 3.791578601882387
    endloop
  endfacet
  facet normal -1 0 0
    outer loop
      vertex -85.1 -26.63806272017642 3.318640295018127
      vertex -85.1 -27.29152758609013 4.296619579044014
      vertex -85.1 -27.741642014393253 5.383291936473226
    endloop
  endfacet
  facet normal 0 -0.8577286100002709 -0.5141027441932237
    outer loop
      vertex -85.1 -27.29152758609013 4.296619579044014
      vertex -79.1 -26.98881767381527 3.791578601882387
      vertex -79.1 -27.29152758609013 4.296619579044014
    endloop
  endfacet
  facet normal -1.8057217612112046e-18 -0.9415440651830204 -0.3368898533922211
    outer loop
      vertex -85.1 -27.54327719506772 4.828899405809461
      vertex -79.1 -27.741642014393253 5.383291936473226
      vertex -85.1 -27.741642014393253 5.383291936473226
    endloop
  endfacet
  facet normal 0 -0.9415440651830204 -0.3368898533922211
    outer loop
      vertex -85.1 -27.54327719506772 4.828899405809461
      vertex -79.1 -27.54327719506772 4.828899405809461
      vertex -79.1 -27.741642014393253 5.383291936473226
    endloop
  endfacet
  facet normal 0 -0.9039892931234433 -0.42755509343028214
    outer loop
      vertex -85.1 -27.29152758609013 4.296619579044014
      vertex -79.1 -27.29152758609013 4.296619579044014
      vertex -85.1 -27.54327719506772 4.828899405809461
    endloop
  endfacet
  facet normal -1 0 0
    outer loop
      vertex -85.1 -27.29152758609013 4.296619579044014
      vertex -85.1 -27.54327719506772 4.828899405809461
      vertex -85.1 -27.741642014393253 5.383291936473226
    endloop
  endfacet
  facet normal -1.8716987348148028e-18 -0.9039892931234433 -0.42755509343028214
    outer loop
      vertex -79.1 -27.29152758609013 4.296619579044014
      vertex -79.1 -27.54327719506772 4.828899405809461
      vertex -85.1 -27.54327719506772 4.828899405809461
    endloop
  endfacet
  facet normal -1 0 0
    outer loop
      vertex -85.1 -26.63806272017642 3.318640295018127
      vertex -85.1 -27.741642014393253 5.383291936473226
      vertex -85.1 -28 7.125
    endloop
  endfacet
  facet normal -1 0 0
    outer loop
      vertex -85.1 -23.170541932096768 1.2402883175806174
      vertex -85.1 -22.35116257962903 5.359586495274185
      vertex -85.1 -22.17643085259321 5.333667491990045
    endloop
  endfacet
  facet normal -1 0 0
    outer loop
      vertex -85.1 -23.170541932096768 1.2402883175806174
      vertex -85.1 -22.52251241905803 5.402507395682024
      vertex -85.1 -22.35116257962903 5.359586495274185
    endloop
  endfacet
  facet normal -1 0 0
    outer loop
      vertex -85.1 -23.170541932096768 1.2402883175806174
      vertex -85.1 -22.848514126286794 5.537541724172961
      vertex -85.1 -22.688830178257163 5.462016841479684
    endloop
  endfacet
  facet normal -1 0 0
    outer loop
      vertex -85.1 -23.170541932096768 1.2402883175806174
      vertex -85.1 -22.688830178257163 5.462016841479684
      vertex -85.1 -22.52251241905803 5.402507395682024
    endloop
  endfacet
  facet normal -1 0 0
    outer loop
      vertex -85.1 -23.170541932096768 1.2402883175806174
      vertex -85.1 -23.000026419435283 5.628354697855419
      vertex -85.1 -22.848514126286794 5.537541724172961
    endloop
  endfacet
  facet normal -1 0 0
    outer loop
      vertex -85.1 -23.170541932096768 1.2402883175806174
      vertex -85.1 -23.141907911494563 5.733581183947074
      vertex -85.1 -23.000026419435283 5.628354697855419
    endloop
  endfacet
  facet normal -1 0 0
    outer loop
      vertex -85.1 -23.170541932096768 1.2402883175806174
      vertex -85.1 -23.272792206135787 5.852207793864214
      vertex -85.1 -23.141907911494563 5.733581183947074
    endloop
  endfacet
  facet normal -1 0 0
    outer loop
      vertex -85.1 -23.170541932096768 1.2402883175806174
      vertex -85.1 -22.17643085259321 5.333667491990045
      vertex -85.1 -22 5.325
    endloop
  endfacet
  facet normal -1 0 0
    outer loop
      vertex -85.1 -23.170541932096768 1.2402883175806174
      vertex -85.1 -22 5.325
      vertex -85.1 -21.82356914740679 5.333667491990045
    endloop
  endfacet
  facet normal -1 0 0
    outer loop
      vertex -85.1 -23.170541932096768 1.2402883175806174
      vertex -85.1 -21.82356914740679 5.333667491990045
      vertex -85.1 -21.64883742037097 5.359586495274185
    endloop
  endfacet
  facet normal -1 0 0
    outer loop
      vertex -85.1 -23.170541932096768 1.2402883175806174
      vertex -85.1 -21.64883742037097 5.359586495274185
      vertex -85.1 -21.47748758094197 5.402507395682024
    endloop
  endfacet
  facet normal -1 0 0
    outer loop
      vertex -85.1 -23.170541932096768 1.2402883175806174
      vertex -85.1 -21.47748758094197 5.402507395682024
      vertex -85.1 -21.311169821742837 5.462016841479684
    endloop
  endfacet
  facet normal -1 0 0
    outer loop
      vertex -85.1 -23.170541932096768 1.2402883175806174
      vertex -85.1 -28 7.125
      vertex -85.1 -23.272792206135787 5.852207793864214
    endloop
  endfacet
  facet normal 0 -0.9700312531945441 -0.24298017990326343
    outer loop
      vertex -85.1 -27.741642014393253 5.383291936473226
      vertex -79.1 -27.741642014393253 5.383291936473226
      vertex -85.1 -27.884711682419383 5.95445806790323
    endloop
  endfacet
  facet normal 0 -0.9700312531945441 -0.24298017990326343
    outer loop
      vertex -85.1 -27.884711682419383 5.95445806790323
      vertex -79.1 -27.741642014393253 5.383291936473226
      vertex -79.1 -27.884711682419383 5.95445806790323
    endloop
  endfacet
  facet normal -1 0 0
    outer loop
      vertex -85.1 -27.741642014393253 5.383291936473226
      vertex -85.1 -27.884711682419383 5.95445806790323
      vertex -85.1 -27.97110836003318 6.5368971580226365
    endloop
  endfacet
  facet normal 0 -0.9891765099647809 -0.14673047445536158
    outer loop
      vertex -85.1 -27.884711682419383 5.95445806790323
      vertex -79.1 -27.884711682419383 5.95445806790323
      vertex -79.1 -27.97110836003318 6.5368971580226365
    endloop
  endfacet
  facet normal -1 0 0
    outer loop
      vertex -85.1 -27.741642014393253 5.383291936473226
      vertex -85.1 -27.97110836003318 6.5368971580226365
      vertex -85.1 -28 7.125
    endloop
  endfacet
  facet normal -4.501178284644648e-19 -0.9891765099647809 -0.14673047445536158
    outer loop
      vertex -85.1 -27.884711682419383 5.95445806790323
      vertex -79.1 -27.97110836003318 6.5368971580226365
      vertex -85.1 -27.97110836003318 6.5368971580226365
    endloop
  endfacet
  facet normal 2.7421159019548754e-19 -0.9987954562051724 -0.04906767432741834
    outer loop
      vertex -85.1 -27.97110836003318 6.5368971580226365
      vertex -79.1 -28 7.125
      vertex -85.1 -28 7.125
    endloop
  endfacet
  facet normal 0 -0.9987954562051724 -0.04906767432741834
    outer loop
      vertex -85.1 -27.97110836003318 6.5368971580226365
      vertex -79.1 -27.97110836003318 6.5368971580226365
      vertex -79.1 -28 7.125
    endloop
  endfacet
  facet normal -1 0 0
    outer loop
      vertex -85.1 -23.58745827582704 6.276485873713204
      vertex -85.1 -28 7.125
      vertex -85.1 -23.662983158520316 6.436169821742839
    endloop
  endfacet
  facet normal -1 0 0
    outer loop
      vertex -85.1 -23.662983158520316 6.436169821742839
      vertex -85.1 -28 7.125
      vertex -85.1 -23.722492604317978 6.602487580941967
    endloop
  endfacet
  facet normal -1 0 0
    outer loop
      vertex -85.1 -23.722492604317978 6.602487580941967
      vertex -85.1 -28 7.125
      vertex -85.1 -23.765413504725814 6.7738374203709695
    endloop
  endfacet
  facet normal -1 0 0
    outer loop
      vertex -85.1 -23.791332508009955 6.948569147406791
      vertex -85.1 -23.765413504725814 6.7738374203709695
      vertex -85.1 -28 7.125
    endloop
  endfacet
  facet normal -1 0 0
    outer loop
      vertex -85.1 -23.791332508009955 6.948569147406791
      vertex -85.1 -28 7.125
      vertex -85.1 -23.8 7.125
    endloop
  endfacet
  facet normal -1 0 0
    outer loop
      vertex -85.1 -23.272792206135787 5.852207793864214
      vertex -85.1 -28 7.125
      vertex -85.1 -23.391418816052926 5.983092088505439
    endloop
  endfacet
  facet normal -1 0 0
    outer loop
      vertex -85.1 -23.391418816052926 5.983092088505439
      vertex -85.1 -28 7.125
      vertex -85.1 -23.496645302144582 6.124973580564716
    endloop
  endfacet
  facet normal -1 0 0
    outer loop
      vertex -85.1 -23.496645302144582 6.124973580564716
      vertex -85.1 -28 7.125
      vertex -85.1 -23.58745827582704 6.276485873713204
    endloop
  endfacet
  facet normal -1 0 0
    outer loop
      vertex -85.1 -23.170541932096768 1.2402883175806174
      vertex -85.1 0 0.125
      vertex -85.1 -22 1.125
    endloop
  endfacet
  facet normal 0 -0.045407660918649985 -0.9989685402102997
    outer loop
      vertex -85.1 -22 1.125
      vertex -79.1 0 0.125
      vertex -79.1 -22 1.125
    endloop
  endfacet
  facet normal -1 0 0
    outer loop
      vertex -85.1 -23.170541932096768 1.2402883175806174
      vertex -85.1 -21.311169821742837 5.462016841479684
      vertex -85.1 0 0.125
    endloop
  endfacet
  facet normal 0 -0.045407660918649985 -0.9989685402102997
    outer loop
      vertex -85.1 -22 1.125
      vertex -85.1 0 0.125
      vertex -79.1 0 0.125
    endloop
  endfacet
  facet normal -1 0 0
    outer loop
      vertex -85.1 -21.311169821742837 5.462016841479684
      vertex -85.1 -21.151485873713206 5.537541724172961
      vertex -85.1 0 0.125
    endloop
  endfacet
  facet normal -1 0 0
    outer loop
      vertex -85.1 -21.151485873713206 5.537541724172961
      vertex -85.1 -20.999973580564717 5.628354697855419
      vertex -85.1 0 0.125
    endloop
  endfacet
  facet normal -1 0 0
    outer loop
      vertex -85.1 -20.999973580564717 5.628354697855419
      vertex -85.1 -20.858092088505437 5.733581183947074
      vertex -85.1 0 0.125
    endloop
  endfacet
  facet normal -1 0 0
    outer loop
      vertex -85.1 -20.858092088505437 5.733581183947074
      vertex -85.1 -20.727207793864213 5.852207793864214
      vertex -85.1 0 0.125
    endloop
  endfacet
  facet normal -1 0 0
    outer loop
      vertex -85.1 -20.727207793864213 5.852207793864214
      vertex -85.1 -20.608581183947074 5.983092088505439
      vertex -85.1 0 0.125
    endloop
  endfacet
  facet normal -1 0 0
    outer loop
      vertex -85.1 -20.608581183947074 5.983092088505439
      vertex -85.1 -20.503354697855418 6.124973580564716
      vertex -85.1 0 0.125
    endloop
  endfacet
  facet normal -1 0 0
    outer loop
      vertex -85.1 -20.503354697855418 6.124973580564716
      vertex -85.1 -20.41254172417296 6.276485873713204
      vertex -85.1 0 0.125
    endloop
  endfacet
  facet normal -1 0 0
    outer loop
      vertex -85.1 -20.41254172417296 6.276485873713204
      vertex -85.1 -20.337016841479684 6.436169821742839
      vertex -85.1 0 0.125
    endloop
  endfacet
  facet normal -1 0 0
    outer loop
      vertex -85.1 -20.337016841479684 6.436169821742839
      vertex -85.1 -20.277507395682022 6.602487580941967
      vertex -85.1 0 0.125
    endloop
  endfacet
  facet normal -1 0 0
    outer loop
      vertex -85.1 -20.277507395682022 6.602487580941967
      vertex -85.1 -20.234586495274186 6.7738374203709695
      vertex -85.1 -1.722492604317976 6.602487580941967
    endloop
  endfacet
  facet normal -1 0 0
    outer loop
      vertex -85.1 -20.234586495274186 6.7738374203709695
      vertex -85.1 -20.208667491990045 6.948569147406791
      vertex -85.1 -1.7654135047258148 6.7738374203709695
    endloop
  endfacet
  facet normal -1 0 0
    outer loop
      vertex -85.1 -20.208667491990045 6.948569147406791
      vertex -85.1 -20.2 7.125
      vertex -85.1 -1.7913325080099545 6.948569147406791
    endloop
  endfacet
  facet normal -1 0 0
    outer loop
      vertex -85.1 -20.277507395682022 6.602487580941967
      vertex -85.1 -1.587458275827039 6.276485873713204
      vertex -85.1 0 0.125
    endloop
  endfacet
  facet normal -1 0 0
    outer loop
      vertex -85.1 -0.6888301782571616 5.462016841479684
      vertex -85.1 -0.5225124190580323 5.402507395682024
      vertex -85.1 0 0.125
    endloop
  endfacet
  facet normal -1 0 0
    outer loop
      vertex -85.1 -0.1764308525932091 5.333667491990045
      vertex -85.1 0 0.125
      vertex -85.1 -0.35116257962903086 5.359586495274185
    endloop
  endfacet
  facet normal -1 0 0
    outer loop
      vertex -85.1 -0.1764308525932091 5.333667491990045
      vertex -85.1 0 5.325
      vertex -85.1 0 0.125
    endloop
  endfacet
  facet normal -1 0 0
    outer loop
      vertex -85.1 -0.35116257962903086 5.359586495274185
      vertex -85.1 0 0.125
      vertex -85.1 -0.5225124190580323 5.402507395682024
    endloop
  endfacet
  facet normal -1 0 0
    outer loop
      vertex -85.1 -0.6888301782571616 5.462016841479684
      vertex -85.1 0 0.125
      vertex -85.1 -0.8485141262867958 5.537541724172961
    endloop
  endfacet
  facet normal -1 0 0
    outer loop
      vertex -85.1 -0.8485141262867958 5.537541724172961
      vertex -85.1 0 0.125
      vertex -85.1 -1.000026419435284 5.628354697855419
    endloop
  endfacet
  facet normal -1 0 0
    outer loop
      vertex -85.1 -1.000026419435284 5.628354697855419
      vertex -85.1 0 0.125
      vertex -85.1 -1.1419079114945618 5.733581183947074
    endloop
  endfacet
  facet normal -1 0 0
    outer loop
      vertex -85.1 -1.1419079114945618 5.733581183947074
      vertex -85.1 0 0.125
      vertex -85.1 -1.2727922061357857 5.852207793864214
    endloop
  endfacet
  facet normal -1 0 0
    outer loop
      vertex -85.1 -1.2727922061357857 5.852207793864214
      vertex -85.1 0 0.125
      vertex -85.1 -1.3914188160529266 5.983092088505439
    endloop
  endfacet
  facet normal -1 0 0
    outer loop
      vertex -85.1 -1.3914188160529266 5.983092088505439
      vertex -85.1 0 0.125
      vertex -85.1 -1.4966453021445814 6.124973580564716
    endloop
  endfacet
  facet normal -1 0 0
    outer loop
      vertex -85.1 -1.4966453021445814 6.124973580564716
      vertex -85.1 0 0.125
      vertex -85.1 -1.587458275827039 6.276485873713204
    endloop
  endfacet
  facet normal -1 0 0
    outer loop
      vertex -85.1 -20.277507395682022 6.602487580941967
      vertex -85.1 -1.662983158520316 6.436169821742839
      vertex -85.1 -1.587458275827039 6.276485873713204
    endloop
  endfacet
  facet normal -1 0 0
    outer loop
      vertex -85.1 -20.277507395682022 6.602487580941967
      vertex -85.1 -1.722492604317976 6.602487580941967
      vertex -85.1 -1.662983158520316 6.436169821742839
    endloop
  endfacet
  facet normal -1 0 0
    outer loop
      vertex -85.1 -20.234586495274186 6.7738374203709695
      vertex -85.1 -1.7654135047258148 6.7738374203709695
      vertex -85.1 -1.722492604317976 6.602487580941967
    endloop
  endfacet
  facet normal -1 0 0
    outer loop
      vertex -85.1 -20.208667491990045 6.948569147406791
      vertex -85.1 -1.7913325080099545 6.948569147406791
      vertex -85.1 -1.7654135047258148 6.7738374203709695
    endloop
  endfacet
  facet normal -1 0 0
    outer loop
      vertex -85.1 -1.7913325080099545 6.948569147406791
      vertex -85.1 -20.2 7.125
      vertex -85.1 -1.8 7.125
    endloop
  endfacet
  facet normal -2.7421159019548754e-19 -0.9987954562051724 0.04906767432741834
    outer loop
      vertex -85.1 -28 7.125
      vertex -79.1 -27.97110836003318 7.7131028419773635
      vertex -85.1 -27.97110836003318 7.7131028419773635
    endloop
  endfacet
  facet normal 0 -0.9987954562051724 0.04906767432741834
    outer loop
      vertex -85.1 -28 7.125
      vertex -79.1 -28 7.125
      vertex -79.1 -27.97110836003318 7.7131028419773635
    endloop
  endfacet
  facet normal -1 0 0
    outer loop
      vertex -85.1 -28 7.125
      vertex -85.1 -27.97110836003318 7.7131028419773635
      vertex -85.1 -27.884711682419383 8.29554193209677
    endloop
  endfacet
  facet normal 0 -0.9891765099647809 0.14673047445536158
    outer loop
      vertex -85.1 -27.97110836003318 7.7131028419773635
      vertex -79.1 -27.97110836003318 7.7131028419773635
      vertex -85.1 -27.884711682419383 8.29554193209677
    endloop
  endfacet
  facet normal -1 0 0
    outer loop
      vertex -85.1 -28 7.125
      vertex -85.1 -23.791332508009955 7.301430852593209
      vertex -85.1 -23.8 7.125
    endloop
  endfacet
  facet normal -1 0 0
    outer loop
      vertex -85.1 -28 7.125
      vertex -85.1 -23.765413504725814 7.4761625796290305
      vertex -85.1 -23.791332508009955 7.301430852593209
    endloop
  endfacet
  facet normal -1 0 0
    outer loop
      vertex -85.1 -28 7.125
      vertex -85.1 -23.722492604317978 7.647512419058033
      vertex -85.1 -23.765413504725814 7.4761625796290305
    endloop
  endfacet
  facet normal -1 0 0
    outer loop
      vertex -85.1 -28 7.125
      vertex -85.1 -23.662983158520316 7.813830178257161
      vertex -85.1 -23.722492604317978 7.647512419058033
    endloop
  endfacet
  facet normal -1 0 0
    outer loop
      vertex -85.1 -28 7.125
      vertex -85.1 -23.58745827582704 7.973514126286796
      vertex -85.1 -23.662983158520316 7.813830178257161
    endloop
  endfacet
  facet normal -1 0 0
    outer loop
      vertex -85.1 -28 7.125
      vertex -85.1 -27.884711682419383 8.29554193209677
      vertex -85.1 -27.54327719506772 9.421100594190538
    endloop
  endfacet
  facet normal 4.501178284644648e-19 -0.9891765099647809 0.14673047445536158
    outer loop
      vertex -79.1 -27.97110836003318 7.7131028419773635
      vertex -79.1 -27.884711682419383 8.29554193209677
      vertex -85.1 -27.884711682419383 8.29554193209677
    endloop
  endfacet
  facet normal -9.841534622784876e-20 -0.9700312531945441 0.24298017990326343
    outer loop
      vertex -85.1 -27.884711682419383 8.29554193209677
      vertex -79.1 -27.741642014393253 8.866708063526774
      vertex -85.1 -27.741642014393253 8.866708063526774
    endloop
  endfacet
  facet normal -1 0 0
    outer loop
      vertex -85.1 -27.884711682419383 8.29554193209677
      vertex -85.1 -27.741642014393253 8.866708063526774
      vertex -85.1 -27.54327719506772 9.421100594190538
    endloop
  endfacet
  facet normal 0 -0.9700312531945441 0.24298017990326343
    outer loop
      vertex -85.1 -27.884711682419383 8.29554193209677
      vertex -79.1 -27.884711682419383 8.29554193209677
      vertex -79.1 -27.741642014393253 8.866708063526774
    endloop
  endfacet
  facet normal -1 0 0
    outer loop
      vertex -85.1 -28 7.125
      vertex -85.1 -23.496645302144582 8.125026419435283
      vertex -85.1 -23.58745827582704 7.973514126286796
    endloop
  endfacet
  facet normal -1 0 0
    outer loop
      vertex -85.1 -28 7.125
      vertex -85.1 -23.391418816052926 8.266907911494561
      vertex -85.1 -23.496645302144582 8.125026419435283
    endloop
  endfacet
  facet normal 0 -0.9415440651830201 0.3368898533922216
    outer loop
      vertex -85.1 -27.741642014393253 8.866708063526774
      vertex -79.1 -27.741642014393253 8.866708063526774
      vertex -85.1 -27.54327719506772 9.421100594190538
    endloop
  endfacet
  facet normal -9.257376724386325e-19 -0.9415440651830201 0.3368898533922216
    outer loop
      vertex -79.1 -27.741642014393253 8.866708063526774
      vertex -79.1 -27.54327719506772 9.421100594190538
      vertex -85.1 -27.54327719506772 9.421100594190538
    endloop
  endfacet
  facet normal -1 0 0
    outer loop
      vertex -85.1 -28 7.125
      vertex -85.1 -27.54327719506772 9.421100594190538
      vertex -85.1 -26.63806272017642 10.931359704981872
    endloop
  endfacet
  facet normal 2.311557493975804e-18 -0.9039892931234434 0.42755509343028153
    outer loop
      vertex -85.1 -27.54327719506772 9.421100594190538
      vertex -79.1 -27.29152758609013 9.953380420955986
      vertex -85.1 -27.29152758609013 9.953380420955986
    endloop
  endfacet
  facet normal 0 -0.9039892931234434 0.42755509343028153
    outer loop
      vertex -85.1 -27.54327719506772 9.421100594190538
      vertex -79.1 -27.54327719506772 9.421100594190538
      vertex -79.1 -27.29152758609013 9.953380420955986
    endloop
  endfacet
  facet normal -1 0 0
    outer loop
      vertex -85.1 -27.54327719506772 9.421100594190538
      vertex -85.1 -27.29152758609013 9.953380420955986
      vertex -85.1 -26.63806272017642 10.931359704981872
    endloop
  endfacet
  facet normal 0 -0.8577286100002709 0.5141027441932237
    outer loop
      vertex -85.1 -27.29152758609013 9.953380420955986
      vertex -79.1 -27.29152758609013 9.953380420955986
      vertex -85.1 -26.98881767381527 10.458421398117613
    endloop
  endfacet
  facet normal -1 0 0
    outer loop
      vertex -85.1 -27.29152758609013 9.953380420955986
      vertex -85.1 -26.98881767381527 10.458421398117613
      vertex -85.1 -26.63806272017642 10.931359704981872
    endloop
  endfacet
  facet normal 0 -0.8032075314806459 0.5956993044924318
    outer loop
      vertex -85.1 -26.98881767381527 10.458421398117613
      vertex -79.1 -26.98881767381527 10.458421398117613
      vertex -85.1 -26.63806272017642 10.931359704981872
    endloop
  endfacet
  facet normal -1 0 0
    outer loop
      vertex -85.1 -28 7.125
      vertex -85.1 -26.63806272017642 10.931359704981872
      vertex -85.1 -23.170541932096768 13.009711682419383
    endloop
  endfacet
  facet normal 0 -0.8577286100002709 0.5141027441932237
    outer loop
      vertex -85.1 -26.98881767381527 10.458421398117613
      vertex -79.1 -27.29152758609013 9.953380420955986
      vertex -79.1 -26.98881767381527 10.458421398117613
    endloop
  endfacet
  facet normal -1 0 0
    outer loop
      vertex -85.1 -28 7.125
      vertex -85.1 -23.170541932096768 13.009711682419383
      vertex -85.1 -23.391418816052926 8.266907911494561
    endloop
  endfacet
  facet normal -1 0 0
    outer loop
      vertex -85.1 -23.391418816052926 8.266907911494561
      vertex -85.1 -23.170541932096768 13.009711682419383
      vertex -85.1 -23.272792206135787 8.397792206135787
    endloop
  endfacet
  facet normal -1 0 0
    outer loop
      vertex -85.1 -23.272792206135787 8.397792206135787
      vertex -85.1 -23.170541932096768 13.009711682419383
      vertex -85.1 -23.141907911494563 8.516418816052926
    endloop
  endfacet
  facet normal -1 0 0
    outer loop
      vertex -85.1 -23.141907911494563 8.516418816052926
      vertex -85.1 -23.170541932096768 13.009711682419383
      vertex -85.1 -23.000026419435283 8.621645302144582
    endloop
  endfacet
  facet normal -1 0 0
    outer loop
      vertex -85.1 -23.000026419435283 8.621645302144582
      vertex -85.1 -23.170541932096768 13.009711682419383
      vertex -85.1 -22.848514126286794 8.71245827582704
    endloop
  endfacet
  facet normal -1 0 0
    outer loop
      vertex -85.1 -22.848514126286794 8.71245827582704
      vertex -85.1 -23.170541932096768 13.009711682419383
      vertex -85.1 -22.688830178257163 8.787983158520316
    endloop
  endfacet
  facet normal -1 0 0
    outer loop
      vertex -85.1 -22.688830178257163 8.787983158520316
      vertex -85.1 -23.170541932096768 13.009711682419383
      vertex -85.1 -22.52251241905803 8.847492604317976
    endloop
  endfacet
  facet normal -1 0 0
    outer loop
      vertex -85.1 -22.52251241905803 8.847492604317976
      vertex -85.1 -23.170541932096768 13.009711682419383
      vertex -85.1 -22.35116257962903 8.890413504725815
    endloop
  endfacet
  facet normal -1 0 0
    outer loop
      vertex -85.1 -22.35116257962903 8.890413504725815
      vertex -85.1 -23.170541932096768 13.009711682419383
      vertex -85.1 -22.17643085259321 8.916332508009955
    endloop
  endfacet
  facet normal -1 0 0
    outer loop
      vertex -85.1 -22.17643085259321 8.916332508009955
      vertex -85.1 -23.170541932096768 13.009711682419383
      vertex -85.1 -22 8.925
    endloop
  endfacet
  facet normal -1 0 0
    outer loop
      vertex -85.1 -22 8.925
      vertex -85.1 -23.170541932096768 13.009711682419383
      vertex -85.1 -21.82356914740679 8.916332508009955
    endloop
  endfacet
  facet normal -1 0 0
    outer loop
      vertex -85.1 -21.64883742037097 8.890413504725815
      vertex -85.1 -23.170541932096768 13.009711682419383
      vertex -85.1 -21.47748758094197 8.847492604317976
    endloop
  endfacet
  facet normal -1 0 0
    outer loop
      vertex -85.1 -21.64883742037097 8.890413504725815
      vertex -85.1 -21.82356914740679 8.916332508009955
      vertex -85.1 -23.170541932096768 13.009711682419383
    endloop
  endfacet
  facet normal 9.66037168251365e-19 -0.8032075314806459 0.5956993044924318
    outer loop
      vertex -79.1 -26.98881767381527 10.458421398117613
      vertex -79.1 -26.63806272017642 10.931359704981872
      vertex -85.1 -26.63806272017642 10.931359704981872
    endloop
  endfacet
  facet normal 0 -0.7409511253549592 0.6715589548470182
    outer loop
      vertex -85.1 -26.63806272017642 10.931359704981872
      vertex -79.1 -26.63806272017642 10.931359704981872
      vertex -79.1 -26.242640687119284 11.367640687119286
    endloop
  endfacet
  facet normal -1.1690401148091464e-18 -0.7409511253549592 0.6715589548470182
    outer loop
      vertex -85.1 -26.63806272017642 10.931359704981872
      vertex -79.1 -26.242640687119284 11.367640687119286
      vertex -85.1 -26.242640687119284 11.367640687119286
    endloop
  endfacet
  facet normal -1 0 0
    outer loop
      vertex -85.1 -26.63806272017642 10.931359704981872
      vertex -85.1 -26.242640687119284 11.367640687119286
      vertex -85.1 -25.806359704981872 11.763062720176421
    endloop
  endfacet
  facet normal 0 -0.6715589548470181 0.7409511253549593
    outer loop
      vertex -85.1 -26.242640687119284 11.367640687119286
      vertex -79.1 -26.242640687119284 11.367640687119286
      vertex -85.1 -25.806359704981872 11.763062720176421
    endloop
  endfacet
  facet normal -1 0 0
    outer loop
      vertex -85.1 -26.63806272017642 10.931359704981872
      vertex -85.1 -25.806359704981872 11.763062720176421
      vertex -85.1 -24.828380420955988 12.41652758609013
    endloop
  endfacet
  facet normal -4.501955684742151e-19 -0.5956993044924352 0.8032075314806435
    outer loop
      vertex -85.1 -25.806359704981872 11.763062720176421
      vertex -79.1 -25.333421398117615 12.113817673815271
      vertex -85.1 -25.333421398117615 12.113817673815271
    endloop
  endfacet
  facet normal -2.968095039528393e-18 -0.6715589548470181 0.7409511253549593
    outer loop
      vertex -79.1 -26.242640687119284 11.367640687119286
      vertex -79.1 -25.806359704981872 11.763062720176421
      vertex -85.1 -25.806359704981872 11.763062720176421
    endloop
  endfacet
  facet normal 0 -0.5956993044924352 0.8032075314806435
    outer loop
      vertex -85.1 -25.806359704981872 11.763062720176421
      vertex -79.1 -25.806359704981872 11.763062720176421
      vertex -79.1 -25.333421398117615 12.113817673815271
    endloop
  endfacet
  facet normal -1 0 0
    outer loop
      vertex -85.1 -25.806359704981872 11.763062720176421
      vertex -85.1 -25.333421398117615 12.113817673815271
      vertex -85.1 -24.828380420955988 12.41652758609013
    endloop
  endfacet
  facet normal 0 -0.5141027441932214 0.8577286100002723
    outer loop
      vertex -85.1 -25.333421398117615 12.113817673815271
      vertex -79.1 -25.333421398117615 12.113817673815271
      vertex -85.1 -24.828380420955988 12.41652758609013
    endloop
  endfacet
  facet normal -1 0 0
    outer loop
      vertex -85.1 -26.63806272017642 10.931359704981872
      vertex -85.1 -24.828380420955988 12.41652758609013
      vertex -85.1 -23.170541932096768 13.009711682419383
    endloop
  endfacet
  facet normal -2.3437089248244765e-18 -0.5141027441932214 0.8577286100002723
    outer loop
      vertex -79.1 -25.333421398117615 12.113817673815271
      vertex -79.1 -24.828380420955988 12.41652758609013
      vertex -85.1 -24.828380420955988 12.41652758609013
    endloop
  endfacet
  facet normal -1 0 0
    outer loop
      vertex -85.1 -24.828380420955988 12.41652758609013
      vertex -85.1 -24.296100594190538 12.66827719506772
      vertex -85.1 -23.741708063526772 12.866642014393253
    endloop
  endfacet
  facet normal 3.191275012297803e-18 -0.42755509343028036 0.9039892931234441
    outer loop
      vertex -85.1 -24.828380420955988 12.41652758609013
      vertex -79.1 -24.296100594190538 12.66827719506772
      vertex -85.1 -24.296100594190538 12.66827719506772
    endloop
  endfacet
  facet normal -1 0 0
    outer loop
      vertex -85.1 -24.828380420955988 12.41652758609013
      vertex -85.1 -23.741708063526772 12.866642014393253
      vertex -85.1 -23.170541932096768 13.009711682419383
    endloop
  endfacet
  facet normal 0 -0.33688985339222066 0.9415440651830206
    outer loop
      vertex -85.1 -24.296100594190538 12.66827719506772
      vertex -79.1 -24.296100594190538 12.66827719506772
      vertex -85.1 -23.741708063526772 12.866642014393253
    endloop
  endfacet
  facet normal 0 -0.42755509343028036 0.9039892931234441
    outer loop
      vertex -85.1 -24.828380420955988 12.41652758609013
      vertex -79.1 -24.828380420955988 12.41652758609013
      vertex -79.1 -24.296100594190538 12.66827719506772
    endloop
  endfacet
  facet normal 0 -0.33688985339222066 0.9415440651830206
    outer loop
      vertex -85.1 -23.741708063526772 12.866642014393253
      vertex -79.1 -24.296100594190538 12.66827719506772
      vertex -79.1 -23.741708063526772 12.866642014393253
    endloop
  endfacet
  facet normal -1 0 0
    outer loop
      vertex -85.1 -23.170541932096768 13.009711682419383
      vertex -85.1 -22.588102841977364 13.096108360033181
      vertex -85.1 -22 13.125
    endloop
  endfacet
  facet normal 0 -0.24298017990326343 0.9700312531945441
    outer loop
      vertex -85.1 -23.741708063526772 12.866642014393253
      vertex -79.1 -23.741708063526772 12.866642014393253
      vertex -85.1 -23.170541932096768 13.009711682419383
    endloop
  endfacet
  facet normal 2.1923961735914067e-19 -0.14673047445536203 0.9891765099647809
    outer loop
      vertex -85.1 -23.170541932096768 13.009711682419383
      vertex -79.1 -22.588102841977364 13.096108360033181
      vertex -85.1 -22.588102841977364 13.096108360033181
    endloop
  endfacet
  facet normal 0 -0.24298017990326343 0.9700312531945441
    outer loop
      vertex -85.1 -23.170541932096768 13.009711682419383
      vertex -79.1 -23.741708063526772 12.866642014393253
      vertex -79.1 -23.170541932096768 13.009711682419383
    endloop
  endfacet
  facet normal 0 -0.14673047445536203 0.9891765099647809
    outer loop
      vertex -85.1 -23.170541932096768 13.009711682419383
      vertex -79.1 -23.170541932096768 13.009711682419383
      vertex -79.1 -22.588102841977364 13.096108360033181
    endloop
  endfacet
  facet normal 0 -0.04906767432741834 0.9987954562051724
    outer loop
      vertex -85.1 -22.588102841977364 13.096108360033181
      vertex -79.1 -22.588102841977364 13.096108360033181
      vertex -85.1 -22 13.125
    endloop
  endfacet
  facet normal 0 -0.04906767432741834 0.9987954562051724
    outer loop
      vertex -85.1 -22 13.125
      vertex -79.1 -22.588102841977364 13.096108360033181
      vertex -79.1 -22 13.125
    endloop
  endfacet
  facet normal -1 0 0
    outer loop
      vertex -85.1 -20.2 7.125
      vertex -85.1 -20.208667491990045 7.301430852593209
      vertex -85.1 -1.8 7.125
    endloop
  endfacet
  facet normal -1 0 0
    outer loop
      vertex -85.1 -20.208667491990045 7.301430852593209
      vertex -85.1 -20.234586495274186 7.4761625796290305
      vertex -85.1 -1.7913325080099545 7.301430852593209
    endloop
  endfacet
  facet normal -1 0 0
    outer loop
      vertex -85.1 -20.234586495274186 7.4761625796290305
      vertex -85.1 -20.277507395682022 7.647512419058033
      vertex -85.1 -1.7654135047258148 7.4761625796290305
    endloop
  endfacet
  facet normal -1 0 0
    outer loop
      vertex -85.1 -20.277507395682022 7.647512419058033
      vertex -85.1 -20.337016841479684 7.813830178257161
      vertex -85.1 0 14.125
    endloop
  endfacet
  facet normal -1 0 0
    outer loop
      vertex -85.1 -20.337016841479684 7.813830178257161
      vertex -85.1 -20.41254172417296 7.973514126286796
      vertex -85.1 0 14.125
    endloop
  endfacet
  facet normal -1 0 0
    outer loop
      vertex -85.1 -20.41254172417296 7.973514126286796
      vertex -85.1 -20.503354697855418 8.125026419435283
      vertex -85.1 0 14.125
    endloop
  endfacet
  facet normal -1 0 0
    outer loop
      vertex -85.1 -20.503354697855418 8.125026419435283
      vertex -85.1 -20.608581183947074 8.266907911494561
      vertex -85.1 0 14.125
    endloop
  endfacet
  facet normal -1 0 0
    outer loop
      vertex -85.1 -20.727207793864213 8.397792206135787
      vertex -85.1 0 14.125
      vertex -85.1 -20.608581183947074 8.266907911494561
    endloop
  endfacet
  facet normal -1 0 0
    outer loop
      vertex -85.1 -20.727207793864213 8.397792206135787
      vertex -85.1 -20.858092088505437 8.516418816052926
      vertex -85.1 0 14.125
    endloop
  endfacet
  facet normal -1 0 0
    outer loop
      vertex -85.1 -20.858092088505437 8.516418816052926
      vertex -85.1 -20.999973580564717 8.621645302144582
      vertex -85.1 0 14.125
    endloop
  endfacet
  facet normal -1 0 0
    outer loop
      vertex -85.1 -21.311169821742837 8.787983158520316
      vertex -85.1 0 14.125
      vertex -85.1 -21.151485873713206 8.71245827582704
    endloop
  endfacet
  facet normal -1 0 0
    outer loop
      vertex -85.1 -20.999973580564717 8.621645302144582
      vertex -85.1 -21.151485873713206 8.71245827582704
      vertex -85.1 0 14.125
    endloop
  endfacet
  facet normal -1 0 0
    outer loop
      vertex -85.1 -21.311169821742837 8.787983158520316
      vertex -85.1 -21.47748758094197 8.847492604317976
      vertex -85.1 0 14.125
    endloop
  endfacet
  facet normal -1 0 0
    outer loop
      vertex -85.1 -20.208667491990045 7.301430852593209
      vertex -85.1 -1.7913325080099545 7.301430852593209
      vertex -85.1 -1.8 7.125
    endloop
  endfacet
  facet normal -1 0 0
    outer loop
      vertex -85.1 -20.234586495274186 7.4761625796290305
      vertex -85.1 -1.7654135047258148 7.4761625796290305
      vertex -85.1 -1.7913325080099545 7.301430852593209
    endloop
  endfacet
  facet normal -1 0 0
    outer loop
      vertex -85.1 -20.277507395682022 7.647512419058033
      vertex -85.1 -1.722492604317976 7.647512419058033
      vertex -85.1 -1.7654135047258148 7.4761625796290305
    endloop
  endfacet
  facet normal -1 0 0
    outer loop
      vertex -85.1 -20.277507395682022 7.647512419058033
      vertex -85.1 -1.662983158520316 7.813830178257161
      vertex -85.1 -1.722492604317976 7.647512419058033
    endloop
  endfacet
  facet normal -1 0 0
    outer loop
      vertex -85.1 -20.277507395682022 7.647512419058033
      vertex -85.1 -1.587458275827039 7.973514126286796
      vertex -85.1 -1.662983158520316 7.813830178257161
    endloop
  endfacet
  facet normal -1 0 0
    outer loop
      vertex -85.1 -20.277507395682022 7.647512419058033
      vertex -85.1 0 14.125
      vertex -85.1 -1.587458275827039 7.973514126286796
    endloop
  endfacet
  facet normal -1 0 0
    outer loop
      vertex -85.1 -1.587458275827039 7.973514126286796
      vertex -85.1 0 14.125
      vertex -85.1 -1.4966453021445814 8.125026419435283
    endloop
  endfacet
  facet normal -1 0 0
    outer loop
      vertex -85.1 -1.4966453021445814 8.125026419435283
      vertex -85.1 0 14.125
      vertex -85.1 -1.3914188160529266 8.266907911494561
    endloop
  endfacet
  facet normal -1 0 0
    outer loop
      vertex -85.1 -1.3914188160529266 8.266907911494561
      vertex -85.1 0 14.125
      vertex -85.1 -1.2727922061357857 8.397792206135787
    endloop
  endfacet
  facet normal -1 0 0
    outer loop
      vertex -85.1 -1.2727922061357857 8.397792206135787
      vertex -85.1 0 14.125
      vertex -85.1 -1.1419079114945618 8.516418816052926
    endloop
  endfacet
  facet normal -1 0 0
    outer loop
      vertex -85.1 -1.1419079114945618 8.516418816052926
      vertex -85.1 0 14.125
      vertex -85.1 -1.000026419435284 8.621645302144582
    endloop
  endfacet
  facet normal -1 0 0
    outer loop
      vertex -85.1 -1.000026419435284 8.621645302144582
      vertex -85.1 0 14.125
      vertex -85.1 -0.8485141262867958 8.71245827582704
    endloop
  endfacet
  facet normal -1 0 0
    outer loop
      vertex -85.1 -0.8485141262867958 8.71245827582704
      vertex -85.1 0 14.125
      vertex -85.1 -0.6888301782571616 8.787983158520316
    endloop
  endfacet
  facet normal -1 0 0
    outer loop
      vertex -85.1 -0.6888301782571616 8.787983158520316
      vertex -85.1 0 14.125
      vertex -85.1 -0.5225124190580323 8.847492604317976
    endloop
  endfacet
  facet normal -1 0 0
    outer loop
      vertex -85.1 -0.5225124190580323 8.847492604317976
      vertex -85.1 0 14.125
      vertex -85.1 -0.35116257962903086 8.890413504725815
    endloop
  endfacet
  facet normal -1 0 0
    outer loop
      vertex -85.1 -0.35116257962903086 8.890413504725815
      vertex -85.1 0 14.125
      vertex -85.1 -0.1764308525932091 8.916332508009955
    endloop
  endfacet
  facet normal -1 0 0
    outer loop
      vertex -85.1 -0.1764308525932091 8.916332508009955
      vertex -85.1 0 14.125
      vertex -85.1 0 8.925
    endloop
  endfacet
  facet normal -1 0 0
    outer loop
      vertex -85.1 -21.47748758094197 8.847492604317976
      vertex -85.1 -23.170541932096768 13.009711682419383
      vertex -85.1 0 14.125
    endloop
  endfacet
  facet normal -1 0 0
    outer loop
      vertex -85.1 -23.170541932096768 13.009711682419383
      vertex -85.1 -22 13.125
      vertex -85.1 0 14.125
    endloop
  endfacet
  facet normal 0 -0.045407660918649985 0.9989685402102997
    outer loop
      vertex -85.1 -22 13.125
      vertex -79.1 -22 13.125
      vertex -85.1 0 14.125
    endloop
  endfacet
  facet normal 0 -0.045407660918649985 0.9989685402102997
    outer loop
      vertex -79.1 -22 13.125
      vertex -79.1 0 14.125
      vertex -85.1 0 14.125
    endloop
  endfacet
  facet normal -1 0 0
    outer loop
      vertex -85.1 0 0.125
      vertex -85.1 1.3656322541128978 0.259503037177387
      vertex -85.1 0.6861199823069242 0.15870691329462172
    endloop
  endfacet
  facet normal 0 0.04906767432741792 -0.9987954562051724
    outer loop
      vertex -85.1 0 0.125
      vertex -85.1 0.6861199823069242 0.15870691329462172
      vertex -79.1 0 0.125
    endloop
  endfacet
  facet normal -7.225567130873235e-19 0.14673047445536205 -0.9891765099647809
    outer loop
      vertex -85.1 0.6861199823069242 0.15870691329462172
      vertex -85.1 1.3656322541128978 0.259503037177387
      vertex -79.1 1.3656322541128978 0.259503037177387
    endloop
  endfacet
  facet normal -1 0 0
    outer loop
      vertex -85.1 0 0.125
      vertex -85.1 2.6787840265556286 0.657843272420993
      vertex -85.1 1.3656322541128978 0.259503037177387
    endloop
  endfacet
  facet normal 0 0.2429801799032639 -0.970031253194544
    outer loop
      vertex -85.1 1.3656322541128978 0.259503037177387
      vertex -85.1 2.031992740781236 0.426417649874538
      vertex -79.1 1.3656322541128978 0.259503037177387
    endloop
  endfacet
  facet normal 0 0.04906767432741792 -0.9987954562051724
    outer loop
      vertex -85.1 0.6861199823069242 0.15870691329462172
      vertex -79.1 0.6861199823069242 0.15870691329462172
      vertex -79.1 0 0.125
    endloop
  endfacet
  facet normal 0 0.14673047445536205 -0.9891765099647809
    outer loop
      vertex -85.1 0.6861199823069242 0.15870691329462172
      vertex -79.1 1.3656322541128978 0.259503037177387
      vertex -79.1 0.6861199823069242 0.15870691329462172
    endloop
  endfacet
  facet normal 0 0.2429801799032639 -0.970031253194544
    outer loop
      vertex -85.1 2.031992740781236 0.426417649874538
      vertex -79.1 2.031992740781236 0.426417649874538
      vertex -79.1 1.3656322541128978 0.259503037177387
    endloop
  endfacet
  facet normal -1 0 0
    outer loop
      vertex -85.1 1.3656322541128978 0.259503037177387
      vertex -85.1 2.6787840265556286 0.657843272420993
      vertex -85.1 2.031992740781236 0.426417649874538
    endloop
  endfacet
  facet normal -2.6634224046879617e-18 0.3368898533922201 -0.9415440651830207
    outer loop
      vertex -85.1 2.031992740781236 0.426417649874538
      vertex -85.1 2.6787840265556286 0.657843272420993
      vertex -79.1 2.6787840265556286 0.657843272420993
    endloop
  endfacet
  facet normal 0 0.3368898533922201 -0.9415440651830207
    outer loop
      vertex -85.1 2.031992740781236 0.426417649874538
      vertex -79.1 2.6787840265556286 0.657843272420993
      vertex -79.1 2.031992740781236 0.426417649874538
    endloop
  endfacet
  facet normal 0 0.4275550934302814 -0.9039892931234436
    outer loop
      vertex -85.1 2.6787840265556286 0.657843272420993
      vertex -85.1 3.2997771577819837 0.9515511495615145
      vertex -79.1 2.6787840265556286 0.657843272420993
    endloop
  endfacet
  facet normal 2.5722165110382184e-18 0.4275550934302814 -0.9039892931234436
    outer loop
      vertex -79.1 2.6787840265556286 0.657843272420993
      vertex -85.1 3.2997771577819837 0.9515511495615145
      vertex -79.1 3.2997771577819837 0.9515511495615145
    endloop
  endfacet
  facet normal -1 0 0
    outer loop
      vertex -85.1 0 0.125
      vertex -85.1 4.949747468305833 2.1752525316941673
      vertex -85.1 2.6787840265556286 0.657843272420993
    endloop
  endfacet
  facet normal -1 0 0
    outer loop
      vertex -85.1 2.6787840265556286 0.657843272420993
      vertex -85.1 3.8889916311372152 1.304712713882183
      vertex -85.1 3.2997771577819837 0.9515511495615145
    endloop
  endfacet
  facet normal -9.302941623402377e-19 0.514102744193222 -0.857728610000272
    outer loop
      vertex -85.1 3.2997771577819837 0.9515511495615145
      vertex -85.1 3.8889916311372152 1.304712713882183
      vertex -79.1 3.8889916311372152 1.304712713882183
    endloop
  endfacet
  facet normal 0 0.514102744193222 -0.857728610000272
    outer loop
      vertex -85.1 3.2997771577819837 0.9515511495615145
      vertex -79.1 3.8889916311372152 1.304712713882183
      vertex -79.1 3.2997771577819837 0.9515511495615145
    endloop
  endfacet
  facet normal -1 0 0
    outer loop
      vertex -85.1 2.6787840265556286 0.657843272420993
      vertex -85.1 4.949747468305833 2.1752525316941673
      vertex -85.1 3.8889916311372152 1.304712713882183
    endloop
  endfacet
  facet normal -1 0 0
    outer loop
      vertex -85.1 3.8889916311372152 1.304712713882183
      vertex -85.1 4.949747468305833 2.1752525316941673
      vertex -85.1 4.440752989145518 1.713926826460841
    endloop
  endfacet
  facet normal -1.0434885370822483e-18 0.5956993044924334 -0.8032075314806449
    outer loop
      vertex -85.1 3.8889916311372152 1.304712713882183
      vertex -85.1 4.440752989145518 1.713926826460841
      vertex -79.1 4.440752989145518 1.713926826460841
    endloop
  endfacet
  facet normal 0 0.5956993044924334 -0.8032075314806449
    outer loop
      vertex -85.1 3.8889916311372152 1.304712713882183
      vertex -79.1 4.440752989145518 1.713926826460841
      vertex -79.1 3.8889916311372152 1.304712713882183
    endloop
  endfacet
  facet normal -1.8043932091531814e-18 0.6715589548470184 -0.7409511253549591
    outer loop
      vertex -85.1 4.440752989145518 1.713926826460841
      vertex -85.1 4.949747468305833 2.1752525316941673
      vertex -79.1 4.949747468305833 2.1752525316941673
    endloop
  endfacet
  facet normal 0 0.6715589548470184 -0.7409511253549591
    outer loop
      vertex -85.1 4.440752989145518 1.713926826460841
      vertex -79.1 4.949747468305833 2.1752525316941673
      vertex -79.1 4.440752989145518 1.713926826460841
    endloop
  endfacet
  facet normal -1 0 0
    outer loop
      vertex -85.1 0 0.125
      vertex -85.1 7 7.125
      vertex -85.1 4.949747468305833 2.1752525316941673
    endloop
  endfacet
  facet normal 0 0.7409511253549591 -0.6715589548470184
    outer loop
      vertex -85.1 4.949747468305833 2.1752525316941673
      vertex -85.1 5.411073173539159 2.684247010854482
      vertex -79.1 4.949747468305833 2.1752525316941673
    endloop
  endfacet
  facet normal -1.8043932091531814e-18 0.7409511253549591 -0.6715589548470184
    outer loop
      vertex -79.1 4.949747468305833 2.1752525316941673
      vertex -85.1 5.411073173539159 2.684247010854482
      vertex -79.1 5.411073173539159 2.684247010854482
    endloop
  endfacet
  facet normal -1 0 0
    outer loop
      vertex -85.1 4.949747468305833 2.1752525316941673
      vertex -85.1 5.820287286117817 3.2360083688627848
      vertex -85.1 5.411073173539159 2.684247010854482
    endloop
  endfacet
  facet normal 0 0.8032075314806449 -0.5956993044924334
    outer loop
      vertex -85.1 5.411073173539159 2.684247010854482
      vertex -85.1 5.820287286117817 3.2360083688627848
      vertex -79.1 5.411073173539159 2.684247010854482
    endloop
  endfacet
  facet normal 0 0.8032075314806449 -0.5956993044924334
    outer loop
      vertex -85.1 5.820287286117817 3.2360083688627848
      vertex -79.1 5.820287286117817 3.2360083688627848
      vertex -79.1 5.411073173539159 2.684247010854482
    endloop
  endfacet
  facet normal -1 0 0
    outer loop
      vertex -85.1 4.949747468305833 2.1752525316941673
      vertex -85.1 6.467156727579007 4.446215973444371
      vertex -85.1 5.820287286117817 3.2360083688627848
    endloop
  endfacet
  facet normal 0 0.857728610000272 -0.514102744193222
    outer loop
      vertex -85.1 5.820287286117817 3.2360083688627848
      vertex -85.1 6.1734488504384855 3.8252228422180163
      vertex -79.1 5.820287286117817 3.2360083688627848
    endloop
  endfacet
  facet normal -1 0 0
    outer loop
      vertex -85.1 0 0.125
      vertex -85.1 0 5.325
      vertex -85.1 0.1764308525932091 5.333667491990045
    endloop
  endfacet
  facet normal -1 0 0
    outer loop
      vertex -85.1 0 0.125
      vertex -85.1 0.1764308525932091 5.333667491990045
      vertex -85.1 0.35116257962903086 5.359586495274185
    endloop
  endfacet
  facet normal -1 0 0
    outer loop
      vertex -85.1 0 0.125
      vertex -85.1 0.35116257962903086 5.359586495274185
      vertex -85.1 0.5225124190580323 5.402507395682024
    endloop
  endfacet
  facet normal -1 0 0
    outer loop
      vertex -85.1 0 0.125
      vertex -85.1 0.5225124190580323 5.402507395682024
      vertex -85.1 0.6888301782571616 5.462016841479684
    endloop
  endfacet
  facet normal -1 0 0
    outer loop
      vertex -85.1 0 0.125
      vertex -85.1 0.6888301782571616 5.462016841479684
      vertex -85.1 0.8485141262867958 5.537541724172961
    endloop
  endfacet
  facet normal -1 0 0
    outer loop
      vertex -85.1 0 0.125
      vertex -85.1 0.8485141262867958 5.537541724172961
      vertex -85.1 1.000026419435284 5.628354697855419
    endloop
  endfacet
  facet normal -1 0 0
    outer loop
      vertex -85.1 0 0.125
      vertex -85.1 1.000026419435284 5.628354697855419
      vertex -85.1 1.1419079114945618 5.733581183947074
    endloop
  endfacet
  facet normal -1 0 0
    outer loop
      vertex -85.1 0 0.125
      vertex -85.1 1.1419079114945618 5.733581183947074
      vertex -85.1 1.2727922061357857 5.852207793864214
    endloop
  endfacet
  facet normal -1 0 0
    outer loop
      vertex -85.1 0 0.125
      vertex -85.1 1.2727922061357857 5.852207793864214
      vertex -85.1 1.3914188160529266 5.983092088505439
    endloop
  endfacet
  facet normal -1 0 0
    outer loop
      vertex -85.1 0 0.125
      vertex -85.1 1.3914188160529266 5.983092088505439
      vertex -85.1 1.4966453021445814 6.124973580564716
    endloop
  endfacet
  facet normal -1 0 0
    outer loop
      vertex -85.1 0 0.125
      vertex -85.1 1.4966453021445814 6.124973580564716
      vertex -85.1 1.587458275827039 6.276485873713204
    endloop
  endfacet
  facet normal -1 0 0
    outer loop
      vertex -85.1 0 0.125
      vertex -85.1 1.587458275827039 6.276485873713204
      vertex -85.1 1.662983158520316 6.436169821742839
    endloop
  endfacet
  facet normal -1 0 0
    outer loop
      vertex -85.1 0 0.125
      vertex -85.1 1.662983158520316 6.436169821742839
      vertex -85.1 7 7.125
    endloop
  endfacet
  facet normal -1 0 0
    outer loop
      vertex -85.1 5.820287286117817 3.2360083688627848
      vertex -85.1 6.467156727579007 4.446215973444371
      vertex -85.1 6.1734488504384855 3.8252228422180163
    endloop
  endfacet
  facet normal -9.302941623402377e-19 0.857728610000272 -0.514102744193222
    outer loop
      vertex -79.1 5.820287286117817 3.2360083688627848
      vertex -85.1 6.1734488504384855 3.8252228422180163
      vertex -79.1 6.1734488504384855 3.8252228422180163
    endloop
  endfacet
  facet normal -2.1370706621455725e-18 0.9039892931234434 -0.4275550934302817
    outer loop
      vertex -85.1 6.1734488504384855 3.8252228422180163
      vertex -85.1 6.467156727579007 4.446215973444371
      vertex -79.1 6.467156727579007 4.446215973444371
    endloop
  endfacet
  facet normal 0 0.9039892931234434 -0.4275550934302817
    outer loop
      vertex -85.1 6.1734488504384855 3.8252228422180163
      vertex -79.1 6.467156727579007 4.446215973444371
      vertex -79.1 6.1734488504384855 3.8252228422180163
    endloop
  endfacet
  facet normal -1 0 0
    outer loop
      vertex -85.1 4.949747468305833 2.1752525316941673
      vertex -85.1 7 7.125
      vertex -85.1 6.467156727579007 4.446215973444371
    endloop
  endfacet
  facet normal 0 0.9415440651830208 -0.3368898533922199
    outer loop
      vertex -85.1 6.467156727579007 4.446215973444371
      vertex -85.1 6.698582350125462 5.093007259218764
      vertex -79.1 6.467156727579007 4.446215973444371
    endloop
  endfacet
  facet normal 2.0693256573393985e-18 0.9415440651830208 -0.3368898533922199
    outer loop
      vertex -79.1 6.467156727579007 4.446215973444371
      vertex -85.1 6.698582350125462 5.093007259218764
      vertex -79.1 6.698582350125462 5.093007259218764
    endloop
  endfacet
  facet normal -1 0 0
    outer loop
      vertex -85.1 6.467156727579007 4.446215973444371
      vertex -85.1 6.865496962822613 5.759367745887102
      vertex -85.1 6.698582350125462 5.093007259218764
    endloop
  endfacet
  facet normal 0 0.9700312531945441 -0.24298017990326384
    outer loop
      vertex -85.1 6.698582350125462 5.093007259218764
      vertex -79.1 6.865496962822613 5.759367745887102
      vertex -79.1 6.698582350125462 5.093007259218764
    endloop
  endfacet
  facet normal -1 0 0
    outer loop
      vertex -85.1 1.662983158520316 6.436169821742839
      vertex -85.1 1.722492604317976 6.602487580941967
      vertex -85.1 7 7.125
    endloop
  endfacet
  facet normal -1 0 0
    outer loop
      vertex -85.1 1.722492604317976 6.602487580941967
      vertex -85.1 1.7654135047258148 6.7738374203709695
      vertex -85.1 7 7.125
    endloop
  endfacet
  facet normal -1 0 0
    outer loop
      vertex -85.1 1.7654135047258148 6.7738374203709695
      vertex -85.1 1.7913325080099545 6.948569147406791
      vertex -85.1 7 7.125
    endloop
  endfacet
  facet normal -1 0 0
    outer loop
      vertex -85.1 1.7913325080099545 6.948569147406791
      vertex -85.1 1.8 7.125
      vertex -85.1 7 7.125
    endloop
  endfacet
  facet normal -2.3033901628706113e-19 0.9700312531945441 -0.24298017990326384
    outer loop
      vertex -85.1 6.698582350125462 5.093007259218764
      vertex -85.1 6.865496962822613 5.759367745887102
      vertex -79.1 6.865496962822613 5.759367745887102
    endloop
  endfacet
  facet normal -1 0 0
    outer loop
      vertex -85.1 6.467156727579007 4.446215973444371
      vertex -85.1 7 7.125
      vertex -85.1 6.865496962822613 5.759367745887102
    endloop
  endfacet
  facet normal -1.4817384211142108e-18 0.9891765099647809 -0.14673047445536214
    outer loop
      vertex -85.1 6.865496962822613 5.759367745887102
      vertex -85.1 6.966293086705378 6.438880017693076
      vertex -79.1 6.966293086705378 6.438880017693076
    endloop
  endfacet
  facet normal 0 0.9891765099647809 -0.14673047445536214
    outer loop
      vertex -85.1 6.865496962822613 5.759367745887102
      vertex -79.1 6.966293086705378 6.438880017693076
      vertex -79.1 6.865496962822613 5.759367745887102
    endloop
  endfacet
  facet normal -1 0 0
    outer loop
      vertex -85.1 6.865496962822613 5.759367745887102
      vertex -85.1 7 7.125
      vertex -85.1 6.966293086705378 6.438880017693076
    endloop
  endfacet
  facet normal 0 0.9987954562051724 -0.0490676743274179
    outer loop
      vertex -85.1 6.966293086705378 6.438880017693076
      vertex -79.1 7 7.125
      vertex -79.1 6.966293086705378 6.438880017693076
    endloop
  endfacet
  facet normal 1.4274874936895392e-19 0.9987954562051724 -0.0490676743274179
    outer loop
      vertex -85.1 6.966293086705378 6.438880017693076
      vertex -85.1 7 7.125
      vertex -79.1 7 7.125
    endloop
  endfacet
  facet normal -1 0 0
    outer loop
      vertex -85.1 1.8 7.125
      vertex -85.1 1.7913325080099545 7.301430852593209
      vertex -85.1 7 7.125
    endloop
  endfacet
  facet normal -1 0 0
    outer loop
      vertex -85.1 1.7913325080099545 7.301430852593209
      vertex -85.1 1.7654135047258148 7.4761625796290305
      vertex -85.1 7 7.125
    endloop
  endfacet
  facet normal -1 0 0
    outer loop
      vertex -85.1 1.7654135047258148 7.4761625796290305
      vertex -85.1 1.722492604317976 7.647512419058033
      vertex -85.1 7 7.125
    endloop
  endfacet
  facet normal -1 0 0
    outer loop
      vertex -85.1 1.722492604317976 7.647512419058033
      vertex -85.1 1.662983158520316 7.813830178257161
      vertex -85.1 7 7.125
    endloop
  endfacet
  facet normal -1 0 0
    outer loop
      vertex -85.1 1.662983158520316 7.813830178257161
      vertex -85.1 1.587458275827039 7.973514126286796
      vertex -85.1 7 7.125
    endloop
  endfacet
  facet normal -1 0 0
    outer loop
      vertex -85.1 1.587458275827039 7.973514126286796
      vertex -85.1 1.4966453021445814 8.125026419435283
      vertex -85.1 7 7.125
    endloop
  endfacet
  facet normal -1 0 0
    outer loop
      vertex -85.1 1.4966453021445814 8.125026419435283
      vertex -85.1 1.3914188160529266 8.266907911494561
      vertex -85.1 7 7.125
    endloop
  endfacet
  facet normal -1 0 0
    outer loop
      vertex -85.1 1.3914188160529266 8.266907911494561
      vertex -85.1 1.2727922061357857 8.397792206135787
      vertex -85.1 7 7.125
    endloop
  endfacet
  facet normal -1 0 0
    outer loop
      vertex -85.1 1.2727922061357857 8.397792206135787
      vertex -85.1 1.1419079114945618 8.516418816052926
      vertex -85.1 7 7.125
    endloop
  endfacet
  facet normal -1 0 0
    outer loop
      vertex -85.1 1.1419079114945618 8.516418816052926
      vertex -85.1 1.000026419435284 8.621645302144582
      vertex -85.1 7 7.125
    endloop
  endfacet
  facet normal -1 0 0
    outer loop
      vertex -85.1 1.000026419435284 8.621645302144582
      vertex -85.1 0.8485141262867958 8.71245827582704
      vertex -85.1 7 7.125
    endloop
  endfacet
  facet normal -1 0 0
    outer loop
      vertex -85.1 0.8485141262867958 8.71245827582704
      vertex -85.1 0.6888301782571616 8.787983158520316
      vertex -85.1 7 7.125
    endloop
  endfacet
  facet normal 0 0.9987954562051724 0.0490676743274179
    outer loop
      vertex -85.1 7 7.125
      vertex -85.1 6.966293086705378 7.811119982306924
      vertex -79.1 7 7.125
    endloop
  endfacet
  facet normal -1 0 0
    outer loop
      vertex -85.1 7 7.125
      vertex -85.1 6.865496962822613 8.490632254112898
      vertex -85.1 6.966293086705378 7.811119982306924
    endloop
  endfacet
  facet normal 0 0.9987954562051724 0.0490676743274179
    outer loop
      vertex -85.1 6.966293086705378 7.811119982306924
      vertex -79.1 6.966293086705378 7.811119982306924
      vertex -79.1 7 7.125
    endloop
  endfacet
  facet normal 1.4817384211142108e-18 0.9891765099647809 0.14673047445536214
    outer loop
      vertex -85.1 6.966293086705378 7.811119982306924
      vertex -85.1 6.865496962822613 8.490632254112898
      vertex -79.1 6.865496962822613 8.490632254112898
    endloop
  endfacet
  facet normal 0 0.9891765099647809 0.14673047445536214
    outer loop
      vertex -85.1 6.966293086705378 7.811119982306924
      vertex -79.1 6.865496962822613 8.490632254112898
      vertex -79.1 6.966293086705378 7.811119982306924
    endloop
  endfacet
  facet normal -1 0 0
    outer loop
      vertex -85.1 7 7.125
      vertex -85.1 6.467156727579007 9.803784026555629
      vertex -85.1 6.865496962822613 8.490632254112898
    endloop
  endfacet
  facet normal 0 0.9700312531945441 0.24298017990326384
    outer loop
      vertex -85.1 6.865496962822613 8.490632254112898
      vertex -85.1 6.698582350125462 9.156992740781236
      vertex -79.1 6.865496962822613 8.490632254112898
    endloop
  endfacet
  facet normal -1 0 0
    outer loop
      vertex -85.1 0.5225124190580323 8.847492604317976
      vertex -85.1 0.35116257962903086 8.890413504725815
      vertex -85.1 0 14.125
    endloop
  endfacet
  facet normal -1 0 0
    outer loop
      vertex -85.1 0 8.925
      vertex -85.1 0 14.125
      vertex -85.1 0.1764308525932091 8.916332508009955
    endloop
  endfacet
  facet normal -1 0 0
    outer loop
      vertex -85.1 0.35116257962903086 8.890413504725815
      vertex -85.1 0.1764308525932091 8.916332508009955
      vertex -85.1 0 14.125
    endloop
  endfacet
  facet normal -1 0 0
    outer loop
      vertex -85.1 0.5225124190580323 8.847492604317976
      vertex -85.1 0 14.125
      vertex -85.1 0.6888301782571616 8.787983158520316
    endloop
  endfacet
  facet normal -1 0 0
    outer loop
      vertex -85.1 0.6888301782571616 8.787983158520316
      vertex -85.1 0 14.125
      vertex -85.1 7 7.125
    endloop
  endfacet
  facet normal -1 0 0
    outer loop
      vertex -85.1 6.865496962822613 8.490632254112898
      vertex -85.1 6.467156727579007 9.803784026555629
      vertex -85.1 6.698582350125462 9.156992740781236
    endloop
  endfacet
  facet normal 2.3033901628706113e-19 0.9700312531945441 0.24298017990326384
    outer loop
      vertex -79.1 6.865496962822613 8.490632254112898
      vertex -85.1 6.698582350125462 9.156992740781236
      vertex -79.1 6.698582350125462 9.156992740781236
    endloop
  endfacet
  facet normal -1 0 0
    outer loop
      vertex -85.1 7 7.125
      vertex -85.1 4.949747468305833 12.074747468305834
      vertex -85.1 6.467156727579007 9.803784026555629
    endloop
  endfacet
  facet normal -2.0693256573393985e-18 0.9415440651830208 0.3368898533922199
    outer loop
      vertex -85.1 6.698582350125462 9.156992740781236
      vertex -85.1 6.467156727579007 9.803784026555629
      vertex -79.1 6.467156727579007 9.803784026555629
    endloop
  endfacet
  facet normal 0 0.9415440651830208 0.3368898533922199
    outer loop
      vertex -85.1 6.698582350125462 9.156992740781236
      vertex -79.1 6.467156727579007 9.803784026555629
      vertex -79.1 6.698582350125462 9.156992740781236
    endloop
  endfacet
  facet normal 0 0.9039892931234434 0.4275550934302817
    outer loop
      vertex -85.1 6.467156727579007 9.803784026555629
      vertex -85.1 6.1734488504384855 10.424777157781984
      vertex -79.1 6.467156727579007 9.803784026555629
    endloop
  endfacet
  facet normal 0 0.9039892931234434 0.4275550934302817
    outer loop
      vertex -85.1 6.1734488504384855 10.424777157781984
      vertex -79.1 6.1734488504384855 10.424777157781984
      vertex -79.1 6.467156727579007 9.803784026555629
    endloop
  endfacet
  facet normal -1 0 0
    outer loop
      vertex -85.1 6.467156727579007 9.803784026555629
      vertex -85.1 5.820287286117817 11.013991631137216
      vertex -85.1 6.1734488504384855 10.424777157781984
    endloop
  endfacet
  facet normal 0 0.8577286100002721 0.5141027441932213
    outer loop
      vertex -85.1 6.1734488504384855 10.424777157781984
      vertex -79.1 5.820287286117817 11.013991631137216
      vertex -79.1 6.1734488504384855 10.424777157781984
    endloop
  endfacet
  facet normal -1 0 0
    outer loop
      vertex -85.1 7 7.125
      vertex -85.1 0 14.125
      vertex -85.1 4.949747468305833 12.074747468305834
    endloop
  endfacet
  facet normal 0 0.671558954847017 0.7409511253549603
    outer loop
      vertex -85.1 4.949747468305833 12.074747468305834
      vertex -85.1 4.440752989145518 12.536073173539158
      vertex -79.1 4.949747468305833 12.074747468305834
    endloop
  endfacet
  facet normal -1.0532177099468118e-18 0.671558954847017 0.7409511253549603
    outer loop
      vertex -79.1 4.949747468305833 12.074747468305834
      vertex -85.1 4.440752989145518 12.536073173539158
      vertex -79.1 4.440752989145518 12.536073173539158
    endloop
  endfacet
  facet normal -1.097796060043389e-18 0.8577286100002721 0.5141027441932213
    outer loop
      vertex -85.1 6.1734488504384855 10.424777157781984
      vertex -85.1 5.820287286117817 11.013991631137216
      vertex -79.1 5.820287286117817 11.013991631137216
    endloop
  endfacet
  facet normal -1 0 0
    outer loop
      vertex -85.1 6.467156727579007 9.803784026555629
      vertex -85.1 4.949747468305833 12.074747468305834
      vertex -85.1 5.820287286117817 11.013991631137216
    endloop
  endfacet
  facet normal -1 0 0
    outer loop
      vertex -85.1 4.949747468305833 12.074747468305834
      vertex -85.1 5.411073173539159 11.565752989145519
      vertex -85.1 5.820287286117817 11.013991631137216
    endloop
  endfacet
  facet normal 1.0434885370822483e-18 0.8032075314806449 0.5956993044924334
    outer loop
      vertex -85.1 5.820287286117817 11.013991631137216
      vertex -85.1 5.411073173539159 11.565752989145519
      vertex -79.1 5.411073173539159 11.565752989145519
    endloop
  endfacet
  facet normal 0 0.8032075314806449 0.5956993044924334
    outer loop
      vertex -85.1 5.820287286117817 11.013991631137216
      vertex -79.1 5.411073173539159 11.565752989145519
      vertex -79.1 5.820287286117817 11.013991631137216
    endloop
  endfacet
  facet normal 0 0.7409511253549591 0.6715589548470184
    outer loop
      vertex -85.1 4.949747468305833 12.074747468305834
      vertex -79.1 4.949747468305833 12.074747468305834
      vertex -85.1 5.411073173539159 11.565752989145519
    endloop
  endfacet
  facet normal 1.8043932091531814e-18 0.7409511253549591 0.6715589548470184
    outer loop
      vertex -79.1 4.949747468305833 12.074747468305834
      vertex -79.1 5.411073173539159 11.565752989145519
      vertex -85.1 5.411073173539159 11.565752989145519
    endloop
  endfacet
  facet normal -1 0 0
    outer loop
      vertex -85.1 4.949747468305833 12.074747468305834
      vertex -85.1 3.8889916311372152 12.945287286117818
      vertex -85.1 4.440752989145518 12.536073173539158
    endloop
  endfacet
  facet normal 0 0.595699304492435 0.8032075314806437
    outer loop
      vertex -85.1 4.440752989145518 12.536073173539158
      vertex -85.1 3.8889916311372152 12.945287286117818
      vertex -79.1 4.440752989145518 12.536073173539158
    endloop
  endfacet
  facet normal -1 0 0
    outer loop
      vertex -85.1 4.949747468305833 12.074747468305834
      vertex -85.1 2.6787840265556286 13.592156727579006
      vertex -85.1 3.8889916311372152 12.945287286117818
    endloop
  endfacet
  facet normal 0 0.595699304492435 0.8032075314806437
    outer loop
      vertex -85.1 3.8889916311372152 12.945287286117818
      vertex -79.1 3.8889916311372152 12.945287286117818
      vertex -79.1 4.440752989145518 12.536073173539158
    endloop
  endfacet
  facet normal 9.302941623402377e-19 0.514102744193222 0.857728610000272
    outer loop
      vertex -85.1 3.2997771577819837 13.298448850438486
      vertex -79.1 3.8889916311372152 12.945287286117818
      vertex -85.1 3.8889916311372152 12.945287286117818
    endloop
  endfacet
  facet normal -1 0 0
    outer loop
      vertex -85.1 4.949747468305833 12.074747468305834
      vertex -85.1 0 14.125
      vertex -85.1 2.6787840265556286 13.592156727579006
    endloop
  endfacet
  facet normal -1 0 0
    outer loop
      vertex -85.1 3.2997771577819837 13.298448850438486
      vertex -85.1 3.8889916311372152 12.945287286117818
      vertex -85.1 2.6787840265556286 13.592156727579006
    endloop
  endfacet
  facet normal 0 0.514102744193222 0.857728610000272
    outer loop
      vertex -85.1 3.2997771577819837 13.298448850438486
      vertex -79.1 3.2997771577819837 13.298448850438486
      vertex -79.1 3.8889916311372152 12.945287286117818
    endloop
  endfacet
  facet normal -1 0 0
    outer loop
      vertex -85.1 1.3656322541128978 13.990496962822613
      vertex -85.1 2.031992740781236 13.823582350125463
      vertex -85.1 2.6787840265556286 13.592156727579006
    endloop
  endfacet
  facet normal 5.886747197944294e-21 0.3368898533922224 0.9415440651830199
    outer loop
      vertex -85.1 2.031992740781236 13.823582350125463
      vertex -79.1 2.6787840265556286 13.592156727579006
      vertex -85.1 2.6787840265556286 13.592156727579006
    endloop
  endfacet
  facet normal 0 0.3368898533922224 0.9415440651830199
    outer loop
      vertex -85.1 2.031992740781236 13.823582350125463
      vertex -79.1 2.031992740781236 13.823582350125463
      vertex -79.1 2.6787840265556286 13.592156727579006
    endloop
  endfacet
  facet normal -1 0 0
    outer loop
      vertex -85.1 0 14.125
      vertex -85.1 0.6861199823069242 14.091293086705377
      vertex -85.1 1.3656322541128978 13.990496962822613
    endloop
  endfacet
  facet normal 0 0.0490676743274192 0.9987954562051722
    outer loop
      vertex -85.1 0 14.125
      vertex -79.1 0 14.125
      vertex -85.1 0.6861199823069242 14.091293086705377
    endloop
  endfacet
  facet normal 0 0.1467304744553608 0.9891765099647811
    outer loop
      vertex -85.1 0.6861199823069242 14.091293086705377
      vertex -79.1 0.6861199823069242 14.091293086705377
      vertex -85.1 1.3656322541128978 13.990496962822613
    endloop
  endfacet
  facet normal -1 0 0
    outer loop
      vertex -85.1 0 14.125
      vertex -85.1 1.3656322541128978 13.990496962822613
      vertex -85.1 2.6787840265556286 13.592156727579006
    endloop
  endfacet
  facet normal 0 0.2429801799032627 0.9700312531945443
    outer loop
      vertex -85.1 1.3656322541128978 13.990496962822613
      vertex -79.1 1.3656322541128978 13.990496962822613
      vertex -85.1 2.031992740781236 13.823582350125463
    endloop
  endfacet
  facet normal 0 0.1467304744553608 0.9891765099647811
    outer loop
      vertex -85.1 1.3656322541128978 13.990496962822613
      vertex -79.1 0.6861199823069242 14.091293086705377
      vertex -79.1 1.3656322541128978 13.990496962822613
    endloop
  endfacet
  facet normal 0 0.0490676743274192 0.9987954562051722
    outer loop
      vertex -85.1 0.6861199823069242 14.091293086705377
      vertex -79.1 0 14.125
      vertex -79.1 0.6861199823069242 14.091293086705377
    endloop
  endfacet
  facet normal 0 0.2429801799032627 0.9700312531945443
    outer loop
      vertex -85.1 2.031992740781236 13.823582350125463
      vertex -79.1 1.3656322541128978 13.990496962822613
      vertex -79.1 2.031992740781236 13.823582350125463
    endloop
  endfacet
  facet normal 2.4349464939035486e-18 0.42755509343027936 0.9039892931234448
    outer loop
      vertex -85.1 3.2997771577819837 13.298448850438486
      vertex -85.1 2.6787840265556286 13.592156727579006
      vertex -79.1 2.6787840265556286 13.592156727579006
    endloop
  endfacet
  facet normal 0 0.42755509343027936 0.9039892931234448
    outer loop
      vertex -85.1 3.2997771577819837 13.298448850438486
      vertex -79.1 2.6787840265556286 13.592156727579006
      vertex -79.1 3.2997771577819837 13.298448850438486
    endloop
  endfacet
  facet normal 0 -0.24298017990326343 -0.9700312531945441
    outer loop
      vertex 79.1 -23.170541932096768 1.2402883175806174
      vertex 85.1 -23.170541932096768 1.2402883175806174
      vertex 79.1 -23.741708063526772 1.3833579856067466
    endloop
  endfacet
  facet normal 0 -0.14673047445536203 -0.9891765099647809
    outer loop
      vertex 79.1 -23.170541932096768 1.2402883175806174
      vertex 79.1 -22.588102841977364 1.1538916399668189
      vertex 85.1 -23.170541932096768 1.2402883175806174
    endloop
  endfacet
  facet normal 0 -0.24298017990326343 -0.9700312531945441
    outer loop
      vertex 79.1 -23.741708063526772 1.3833579856067466
      vertex 85.1 -23.170541932096768 1.2402883175806174
      vertex 85.1 -23.741708063526772 1.3833579856067466
    endloop
  endfacet
  facet normal 0 -0.14673047445536203 -0.9891765099647809
    outer loop
      vertex 79.1 -22.588102841977364 1.1538916399668189
      vertex 85.1 -22.588102841977364 1.1538916399668189
      vertex 85.1 -23.170541932096768 1.2402883175806174
    endloop
  endfacet
  facet normal 1 0 0
    outer loop
      vertex 85.1 -23.170541932096768 1.2402883175806174
      vertex 85.1 -22.588102841977364 1.1538916399668189
      vertex 85.1 -22 1.125
    endloop
  endfacet
  facet normal 0 -0.33688985339222066 -0.9415440651830206
    outer loop
      vertex 79.1 -24.296100594190538 1.58172280493228
      vertex 79.1 -23.741708063526772 1.3833579856067466
      vertex 85.1 -24.296100594190538 1.58172280493228
    endloop
  endfacet
  facet normal -2.93237240662793e-18 -0.4275550934302792 -0.9039892931234448
    outer loop
      vertex 79.1 -24.296100594190538 1.58172280493228
      vertex 85.1 -24.828380420955988 1.8334724139098695
      vertex 79.1 -24.828380420955988 1.8334724139098695
    endloop
  endfacet
  facet normal 0 -0.33688985339222066 -0.9415440651830206
    outer loop
      vertex 79.1 -23.741708063526772 1.3833579856067466
      vertex 85.1 -23.741708063526772 1.3833579856067466
      vertex 85.1 -24.296100594190538 1.58172280493228
    endloop
  endfacet
  facet normal 0 -0.4275550934302792 -0.9039892931234448
    outer loop
      vertex 79.1 -24.296100594190538 1.58172280493228
      vertex 85.1 -24.296100594190538 1.58172280493228
      vertex 85.1 -24.828380420955988 1.8334724139098695
    endloop
  endfacet
  facet normal 1 0 0
    outer loop
      vertex 85.1 -23.170541932096768 1.2402883175806174
      vertex 85.1 -25.333421398117615 2.136182326184729
      vertex 85.1 -24.296100594190538 1.58172280493228
    endloop
  endfacet
  facet normal 1 0 0
    outer loop
      vertex 85.1 -23.170541932096768 1.2402883175806174
      vertex 85.1 -24.296100594190538 1.58172280493228
      vertex 85.1 -23.741708063526772 1.3833579856067466
    endloop
  endfacet
  facet normal 2.7421159019548754e-19 -0.04906767432741834 -0.9987954562051724
    outer loop
      vertex 79.1 -22.588102841977364 1.1538916399668189
      vertex 79.1 -22 1.125
      vertex 85.1 -22 1.125
    endloop
  endfacet
  facet normal 0 -0.04906767432741834 -0.9987954562051724
    outer loop
      vertex 79.1 -22.588102841977364 1.1538916399668189
      vertex 85.1 -22 1.125
      vertex 85.1 -22.588102841977364 1.1538916399668189
    endloop
  endfacet
  facet normal 0 -0.5141027441932225 -0.8577286100002716
    outer loop
      vertex 79.1 -25.333421398117615 2.136182326184729
      vertex 85.1 -24.828380420955988 1.8334724139098695
      vertex 85.1 -25.333421398117615 2.136182326184729
    endloop
  endfacet
  facet normal 0 -0.5956993044924342 -0.8032075314806443
    outer loop
      vertex 79.1 -25.333421398117615 2.136182326184729
      vertex 85.1 -25.333421398117615 2.136182326184729
      vertex 79.1 -25.806359704981872 2.486937279823578
    endloop
  endfacet
  facet normal 0 -0.671558954847019 -0.7409511253549586
    outer loop
      vertex 79.1 -25.806359704981872 2.486937279823578
      vertex 85.1 -25.806359704981872 2.486937279823578
      vertex 79.1 -26.242640687119284 2.8823593128807143
    endloop
  endfacet
  facet normal 0 -0.5956993044924342 -0.8032075314806443
    outer loop
      vertex 79.1 -25.806359704981872 2.486937279823578
      vertex 85.1 -25.333421398117615 2.136182326184729
      vertex 85.1 -25.806359704981872 2.486937279823578
    endloop
  endfacet
  facet normal 1 0 0
    outer loop
      vertex 85.1 -23.170541932096768 1.2402883175806174
      vertex 85.1 -26.63806272017642 3.318640295018127
      vertex 85.1 -25.333421398117615 2.136182326184729
    endloop
  endfacet
  facet normal 1 0 0
    outer loop
      vertex 85.1 -25.333421398117615 2.136182326184729
      vertex 85.1 -26.242640687119284 2.8823593128807143
      vertex 85.1 -25.806359704981872 2.486937279823578
    endloop
  endfacet
  facet normal 0 -0.7409511253549589 -0.6715589548470187
    outer loop
      vertex 79.1 -26.242640687119284 2.8823593128807143
      vertex 85.1 -26.242640687119284 2.8823593128807143
      vertex 79.1 -26.63806272017642 3.318640295018127
    endloop
  endfacet
  facet normal 3.2745610506778047e-18 -0.671558954847019 -0.7409511253549586
    outer loop
      vertex 85.1 -25.806359704981872 2.486937279823578
      vertex 85.1 -26.242640687119284 2.8823593128807143
      vertex 79.1 -26.242640687119284 2.8823593128807143
    endloop
  endfacet
  facet normal 1 0 0
    outer loop
      vertex 85.1 -25.333421398117615 2.136182326184729
      vertex 85.1 -26.63806272017642 3.318640295018127
      vertex 85.1 -26.242640687119284 2.8823593128807143
    endloop
  endfacet
  facet normal 0 -0.8032075314806464 -0.5956993044924315
    outer loop
      vertex 79.1 -26.63806272017642 3.318640295018127
      vertex 85.1 -26.63806272017642 3.318640295018127
      vertex 79.1 -26.98881767381527 3.791578601882387
    endloop
  endfacet
  facet normal 0 -0.7409511253549589 -0.6715589548470187
    outer loop
      vertex 79.1 -26.63806272017642 3.318640295018127
      vertex 85.1 -26.242640687119284 2.8823593128807143
      vertex 85.1 -26.63806272017642 3.318640295018127
    endloop
  endfacet
  facet normal 1.0763869187805004e-18 -0.5141027441932225 -0.8577286100002716
    outer loop
      vertex 79.1 -25.333421398117615 2.136182326184729
      vertex 79.1 -24.828380420955988 1.8334724139098695
      vertex 85.1 -24.828380420955988 1.8334724139098695
    endloop
  endfacet
  facet normal 1 0 0
    outer loop
      vertex 85.1 -24.296100594190538 1.58172280493228
      vertex 85.1 -25.333421398117615 2.136182326184729
      vertex 85.1 -24.828380420955988 1.8334724139098695
    endloop
  endfacet
  facet normal 0 -0.8577286100002709 -0.5141027441932237
    outer loop
      vertex 79.1 -26.98881767381527 3.791578601882387
      vertex 85.1 -26.98881767381527 3.791578601882387
      vertex 79.1 -27.29152758609013 4.296619579044014
    endloop
  endfacet
  facet normal 2.081614091204567e-18 -0.8032075314806464 -0.5956993044924315
    outer loop
      vertex 85.1 -26.63806272017642 3.318640295018127
      vertex 85.1 -26.98881767381527 3.791578601882387
      vertex 79.1 -26.98881767381527 3.791578601882387
    endloop
  endfacet
  facet normal 1 0 0
    outer loop
      vertex 85.1 -26.63806272017642 3.318640295018127
      vertex 85.1 -27.29152758609013 4.296619579044014
      vertex 85.1 -26.98881767381527 3.791578601882387
    endloop
  endfacet
  facet normal 1 0 0
    outer loop
      vertex 85.1 -23.170541932096768 1.2402883175806174
      vertex 85.1 -28 7.125
      vertex 85.1 -26.63806272017642 3.318640295018127
    endloop
  endfacet
  facet normal 0 -0.8577286100002709 -0.5141027441932237
    outer loop
      vertex 79.1 -27.29152758609013 4.296619579044014
      vertex 85.1 -26.98881767381527 3.791578601882387
      vertex 85.1 -27.29152758609013 4.296619579044014
    endloop
  endfacet
  facet normal 1 0 0
    outer loop
      vertex 85.1 -26.63806272017642 3.318640295018127
      vertex 85.1 -27.741642014393253 5.383291936473226
      vertex 85.1 -27.29152758609013 4.296619579044014
    endloop
  endfacet
  facet normal -1.8057217612112046e-18 -0.9415440651830204 -0.3368898533922211
    outer loop
      vertex 79.1 -27.54327719506772 4.828899405809461
      vertex 85.1 -27.741642014393253 5.383291936473226
      vertex 79.1 -27.741642014393253 5.383291936473226
    endloop
  endfacet
  facet normal 0 -0.9415440651830204 -0.3368898533922211
    outer loop
      vertex 79.1 -27.54327719506772 4.828899405809461
      vertex 85.1 -27.54327719506772 4.828899405809461
      vertex 85.1 -27.741642014393253 5.383291936473226
    endloop
  endfacet
  facet normal 0 -0.9039892931234433 -0.42755509343028214
    outer loop
      vertex 79.1 -27.29152758609013 4.296619579044014
      vertex 85.1 -27.29152758609013 4.296619579044014
      vertex 79.1 -27.54327719506772 4.828899405809461
    endloop
  endfacet
  facet normal -1.8716987348148028e-18 -0.9039892931234433 -0.42755509343028214
    outer loop
      vertex 85.1 -27.29152758609013 4.296619579044014
      vertex 85.1 -27.54327719506772 4.828899405809461
      vertex 79.1 -27.54327719506772 4.828899405809461
    endloop
  endfacet
  facet normal 1 0 0
    outer loop
      vertex 85.1 -27.29152758609013 4.296619579044014
      vertex 85.1 -27.741642014393253 5.383291936473226
      vertex 85.1 -27.54327719506772 4.828899405809461
    endloop
  endfacet
  facet normal 1 0 0
    outer loop
      vertex 85.1 -26.63806272017642 3.318640295018127
      vertex 85.1 -28 7.125
      vertex 85.1 -27.741642014393253 5.383291936473226
    endloop
  endfacet
  facet normal 1 0 0
    outer loop
      vertex 85.1 -23.170541932096768 1.2402883175806174
      vertex 85.1 -22.17643085259321 5.333667491990045
      vertex 85.1 -22.35116257962903 5.359586495274185
    endloop
  endfacet
  facet normal 1 0 0
    outer loop
      vertex 85.1 -23.170541932096768 1.2402883175806174
      vertex 85.1 -22.35116257962903 5.359586495274185
      vertex 85.1 -22.52251241905803 5.402507395682024
    endloop
  endfacet
  facet normal 1 0 0
    outer loop
      vertex 85.1 -23.170541932096768 1.2402883175806174
      vertex 85.1 -22.688830178257163 5.462016841479684
      vertex 85.1 -22.848514126286794 5.537541724172961
    endloop
  endfacet
  facet normal 1 0 0
    outer loop
      vertex 85.1 -23.170541932096768 1.2402883175806174
      vertex 85.1 -22.52251241905803 5.402507395682024
      vertex 85.1 -22.688830178257163 5.462016841479684
    endloop
  endfacet
  facet normal 1 0 0
    outer loop
      vertex 85.1 -23.170541932096768 1.2402883175806174
      vertex 85.1 -22.848514126286794 5.537541724172961
      vertex 85.1 -23.000026419435283 5.628354697855419
    endloop
  endfacet
  facet normal 1 0 0
    outer loop
      vertex 85.1 -23.170541932096768 1.2402883175806174
      vertex 85.1 -23.000026419435283 5.628354697855419
      vertex 85.1 -23.141907911494563 5.733581183947074
    endloop
  endfacet
  facet normal 1 0 0
    outer loop
      vertex 85.1 -23.170541932096768 1.2402883175806174
      vertex 85.1 -23.141907911494563 5.733581183947074
      vertex 85.1 -23.272792206135787 5.852207793864214
    endloop
  endfacet
  facet normal 1 0 0
    outer loop
      vertex 85.1 -23.170541932096768 1.2402883175806174
      vertex 85.1 -23.272792206135787 5.852207793864214
      vertex 85.1 -23.391418816052926 5.983092088505439
    endloop
  endfacet
  facet normal 1 0 0
    outer loop
      vertex 85.1 -23.170541932096768 1.2402883175806174
      vertex 85.1 -22 5.325
      vertex 85.1 -22.17643085259321 5.333667491990045
    endloop
  endfacet
  facet normal 1 0 0
    outer loop
      vertex 85.1 -23.170541932096768 1.2402883175806174
      vertex 85.1 -21.82356914740679 5.333667491990045
      vertex 85.1 -22 5.325
    endloop
  endfacet
  facet normal 1 0 0
    outer loop
      vertex 85.1 -23.170541932096768 1.2402883175806174
      vertex 85.1 -21.64883742037097 5.359586495274185
      vertex 85.1 -21.82356914740679 5.333667491990045
    endloop
  endfacet
  facet normal 1 0 0
    outer loop
      vertex 85.1 -23.170541932096768 1.2402883175806174
      vertex 85.1 -21.47748758094197 5.402507395682024
      vertex 85.1 -21.64883742037097 5.359586495274185
    endloop
  endfacet
  facet normal 1 0 0
    outer loop
      vertex 85.1 -23.170541932096768 1.2402883175806174
      vertex 85.1 -23.391418816052926 5.983092088505439
      vertex 85.1 -28 7.125
    endloop
  endfacet
  facet normal 0 -0.9700312531945441 -0.24298017990326343
    outer loop
      vertex 79.1 -27.741642014393253 5.383291936473226
      vertex 85.1 -27.741642014393253 5.383291936473226
      vertex 79.1 -27.884711682419383 5.95445806790323
    endloop
  endfacet
  facet normal 0 -0.9700312531945441 -0.24298017990326343
    outer loop
      vertex 79.1 -27.884711682419383 5.95445806790323
      vertex 85.1 -27.741642014393253 5.383291936473226
      vertex 85.1 -27.884711682419383 5.95445806790323
    endloop
  endfacet
  facet normal 1 0 0
    outer loop
      vertex 85.1 -27.741642014393253 5.383291936473226
      vertex 85.1 -27.97110836003318 6.5368971580226365
      vertex 85.1 -27.884711682419383 5.95445806790323
    endloop
  endfacet
  facet normal 0 -0.9891765099647809 -0.14673047445536158
    outer loop
      vertex 79.1 -27.884711682419383 5.95445806790323
      vertex 85.1 -27.884711682419383 5.95445806790323
      vertex 85.1 -27.97110836003318 6.5368971580226365
    endloop
  endfacet
  facet normal -4.501178284644648e-19 -0.9891765099647809 -0.14673047445536158
    outer loop
      vertex 79.1 -27.884711682419383 5.95445806790323
      vertex 85.1 -27.97110836003318 6.5368971580226365
      vertex 79.1 -27.97110836003318 6.5368971580226365
    endloop
  endfacet
  facet normal 1 0 0
    outer loop
      vertex 85.1 -27.741642014393253 5.383291936473226
      vertex 85.1 -28 7.125
      vertex 85.1 -27.97110836003318 6.5368971580226365
    endloop
  endfacet
  facet normal 2.7421159019548754e-19 -0.9987954562051724 -0.04906767432741834
    outer loop
      vertex 79.1 -27.97110836003318 6.5368971580226365
      vertex 85.1 -28 7.125
      vertex 79.1 -28 7.125
    endloop
  endfacet
  facet normal 0 -0.9987954562051724 -0.04906767432741834
    outer loop
      vertex 79.1 -27.97110836003318 6.5368971580226365
      vertex 85.1 -27.97110836003318 6.5368971580226365
      vertex 85.1 -28 7.125
    endloop
  endfacet
  facet normal 1 0 0
    outer loop
      vertex 85.1 -23.58745827582704 6.276485873713204
      vertex 85.1 -23.662983158520316 6.436169821742839
      vertex 85.1 -28 7.125
    endloop
  endfacet
  facet normal 1 0 0
    outer loop
      vertex 85.1 -23.662983158520316 6.436169821742839
      vertex 85.1 -23.722492604317978 6.602487580941967
      vertex 85.1 -28 7.125
    endloop
  endfacet
  facet normal 1 0 0
    outer loop
      vertex 85.1 -23.722492604317978 6.602487580941967
      vertex 85.1 -23.765413504725814 6.7738374203709695
      vertex 85.1 -28 7.125
    endloop
  endfacet
  facet normal 1 0 0
    outer loop
      vertex 85.1 -23.791332508009955 6.948569147406791
      vertex 85.1 -28 7.125
      vertex 85.1 -23.765413504725814 6.7738374203709695
    endloop
  endfacet
  facet normal 1 0 0
    outer loop
      vertex 85.1 -23.791332508009955 6.948569147406791
      vertex 85.1 -23.8 7.125
      vertex 85.1 -28 7.125
    endloop
  endfacet
  facet normal 1 0 0
    outer loop
      vertex 85.1 -23.391418816052926 5.983092088505439
      vertex 85.1 -23.496645302144582 6.124973580564716
      vertex 85.1 -28 7.125
    endloop
  endfacet
  facet normal 1 0 0
    outer loop
      vertex 85.1 -23.496645302144582 6.124973580564716
      vertex 85.1 -23.58745827582704 6.276485873713204
      vertex 85.1 -28 7.125
    endloop
  endfacet
  facet normal 1 0 0
    outer loop
      vertex 85.1 -23.170541932096768 1.2402883175806174
      vertex 85.1 -22 1.125
      vertex 85.1 0 0.125
    endloop
  endfacet
  facet normal 0 -0.045407660918649985 -0.9989685402102997
    outer loop
      vertex 79.1 -22 1.125
      vertex 85.1 0 0.125
      vertex 85.1 -22 1.125
    endloop
  endfacet
  facet normal 1 0 0
    outer loop
      vertex 85.1 -23.170541932096768 1.2402883175806174
      vertex 85.1 0 0.125
      vertex 85.1 -21.47748758094197 5.402507395682024
    endloop
  endfacet
  facet normal 0 -0.045407660918649985 -0.9989685402102997
    outer loop
      vertex 79.1 -22 1.125
      vertex 79.1 0 0.125
      vertex 85.1 0 0.125
    endloop
  endfacet
  facet normal 1 0 0
    outer loop
      vertex 85.1 -21.47748758094197 5.402507395682024
      vertex 85.1 0 0.125
      vertex 85.1 -21.311169821742837 5.462016841479684
    endloop
  endfacet
  facet normal 1 0 0
    outer loop
      vertex 85.1 -21.311169821742837 5.462016841479684
      vertex 85.1 0 0.125
      vertex 85.1 -21.151485873713206 5.537541724172961
    endloop
  endfacet
  facet normal 1 0 0
    outer loop
      vertex 85.1 -21.151485873713206 5.537541724172961
      vertex 85.1 0 0.125
      vertex 85.1 -20.999973580564717 5.628354697855419
    endloop
  endfacet
  facet normal 1 0 0
    outer loop
      vertex 85.1 -20.999973580564717 5.628354697855419
      vertex 85.1 0 0.125
      vertex 85.1 -20.858092088505437 5.733581183947074
    endloop
  endfacet
  facet normal 1 0 0
    outer loop
      vertex 85.1 -20.858092088505437 5.733581183947074
      vertex 85.1 0 0.125
      vertex 85.1 -20.727207793864213 5.852207793864214
    endloop
  endfacet
  facet normal 1 0 0
    outer loop
      vertex 85.1 -20.727207793864213 5.852207793864214
      vertex 85.1 -1.3914188160529266 5.983092088505439
      vertex 85.1 -20.608581183947074 5.983092088505439
    endloop
  endfacet
  facet normal 1 0 0
    outer loop
      vertex 85.1 -20.608581183947074 5.983092088505439
      vertex 85.1 -1.4966453021445814 6.124973580564716
      vertex 85.1 -20.503354697855418 6.124973580564716
    endloop
  endfacet
  facet normal 1 0 0
    outer loop
      vertex 85.1 -20.503354697855418 6.124973580564716
      vertex 85.1 -1.587458275827039 6.276485873713204
      vertex 85.1 -20.41254172417296 6.276485873713204
    endloop
  endfacet
  facet normal 1 0 0
    outer loop
      vertex 85.1 -20.41254172417296 6.276485873713204
      vertex 85.1 -1.662983158520316 6.436169821742839
      vertex 85.1 -20.337016841479684 6.436169821742839
    endloop
  endfacet
  facet normal 1 0 0
    outer loop
      vertex 85.1 -20.337016841479684 6.436169821742839
      vertex 85.1 -1.722492604317976 6.602487580941967
      vertex 85.1 -20.277507395682022 6.602487580941967
    endloop
  endfacet
  facet normal 1 0 0
    outer loop
      vertex 85.1 -20.277507395682022 6.602487580941967
      vertex 85.1 -1.7654135047258148 6.7738374203709695
      vertex 85.1 -20.234586495274186 6.7738374203709695
    endloop
  endfacet
  facet normal 1 0 0
    outer loop
      vertex 85.1 -20.234586495274186 6.7738374203709695
      vertex 85.1 -1.7913325080099545 6.948569147406791
      vertex 85.1 -20.208667491990045 6.948569147406791
    endloop
  endfacet
  facet normal 1 0 0
    outer loop
      vertex 85.1 -20.208667491990045 6.948569147406791
      vertex 85.1 -1.8 7.125
      vertex 85.1 -20.2 7.125
    endloop
  endfacet
  facet normal 1 0 0
    outer loop
      vertex 85.1 -20.727207793864213 5.852207793864214
      vertex 85.1 0 0.125
      vertex 85.1 -0.35116257962903086 5.359586495274185
    endloop
  endfacet
  facet normal 1 0 0
    outer loop
      vertex 85.1 -0.1764308525932091 5.333667491990045
      vertex 85.1 -0.35116257962903086 5.359586495274185
      vertex 85.1 0 0.125
    endloop
  endfacet
  facet normal 1 0 0
    outer loop
      vertex 85.1 -0.1764308525932091 5.333667491990045
      vertex 85.1 0 0.125
      vertex 85.1 0 5.325
    endloop
  endfacet
  facet normal 1 0 0
    outer loop
      vertex 85.1 -20.727207793864213 5.852207793864214
      vertex 85.1 -0.8485141262867958 5.537541724172961
      vertex 85.1 -1.000026419435284 5.628354697855419
    endloop
  endfacet
  facet normal 1 0 0
    outer loop
      vertex 85.1 -20.727207793864213 5.852207793864214
      vertex 85.1 -1.000026419435284 5.628354697855419
      vertex 85.1 -1.1419079114945618 5.733581183947074
    endloop
  endfacet
  facet normal 1 0 0
    outer loop
      vertex 85.1 -20.727207793864213 5.852207793864214
      vertex 85.1 -1.1419079114945618 5.733581183947074
      vertex 85.1 -1.2727922061357857 5.852207793864214
    endloop
  endfacet
  facet normal 1 0 0
    outer loop
      vertex 85.1 -20.727207793864213 5.852207793864214
      vertex 85.1 -1.2727922061357857 5.852207793864214
      vertex 85.1 -1.3914188160529266 5.983092088505439
    endloop
  endfacet
  facet normal 1 0 0
    outer loop
      vertex 85.1 -20.608581183947074 5.983092088505439
      vertex 85.1 -1.3914188160529266 5.983092088505439
      vertex 85.1 -1.4966453021445814 6.124973580564716
    endloop
  endfacet
  facet normal 1 0 0
    outer loop
      vertex 85.1 -20.503354697855418 6.124973580564716
      vertex 85.1 -1.4966453021445814 6.124973580564716
      vertex 85.1 -1.587458275827039 6.276485873713204
    endloop
  endfacet
  facet normal 1 0 0
    outer loop
      vertex 85.1 -20.727207793864213 5.852207793864214
      vertex 85.1 -0.35116257962903086 5.359586495274185
      vertex 85.1 -0.5225124190580323 5.402507395682024
    endloop
  endfacet
  facet normal 1 0 0
    outer loop
      vertex 85.1 -20.727207793864213 5.852207793864214
      vertex 85.1 -0.6888301782571616 5.462016841479684
      vertex 85.1 -0.8485141262867958 5.537541724172961
    endloop
  endfacet
  facet normal 1 0 0
    outer loop
      vertex 85.1 -20.727207793864213 5.852207793864214
      vertex 85.1 -0.5225124190580323 5.402507395682024
      vertex 85.1 -0.6888301782571616 5.462016841479684
    endloop
  endfacet
  facet normal 1 0 0
    outer loop
      vertex 85.1 -20.41254172417296 6.276485873713204
      vertex 85.1 -1.587458275827039 6.276485873713204
      vertex 85.1 -1.662983158520316 6.436169821742839
    endloop
  endfacet
  facet normal 1 0 0
    outer loop
      vertex 85.1 -20.337016841479684 6.436169821742839
      vertex 85.1 -1.662983158520316 6.436169821742839
      vertex 85.1 -1.722492604317976 6.602487580941967
    endloop
  endfacet
  facet normal 1 0 0
    outer loop
      vertex 85.1 -20.277507395682022 6.602487580941967
      vertex 85.1 -1.722492604317976 6.602487580941967
      vertex 85.1 -1.7654135047258148 6.7738374203709695
    endloop
  endfacet
  facet normal 1 0 0
    outer loop
      vertex 85.1 -20.234586495274186 6.7738374203709695
      vertex 85.1 -1.7654135047258148 6.7738374203709695
      vertex 85.1 -1.7913325080099545 6.948569147406791
    endloop
  endfacet
  facet normal 1 0 0
    outer loop
      vertex 85.1 -20.208667491990045 6.948569147406791
      vertex 85.1 -1.7913325080099545 6.948569147406791
      vertex 85.1 -1.8 7.125
    endloop
  endfacet
  facet normal -2.7421159019548754e-19 -0.9987954562051724 0.04906767432741834
    outer loop
      vertex 79.1 -28 7.125
      vertex 85.1 -27.97110836003318 7.7131028419773635
      vertex 79.1 -27.97110836003318 7.7131028419773635
    endloop
  endfacet
  facet normal 0 -0.9987954562051724 0.04906767432741834
    outer loop
      vertex 79.1 -28 7.125
      vertex 85.1 -28 7.125
      vertex 85.1 -27.97110836003318 7.7131028419773635
    endloop
  endfacet
  facet normal 0 -0.9891765099647809 0.14673047445536158
    outer loop
      vertex 79.1 -27.97110836003318 7.7131028419773635
      vertex 85.1 -27.97110836003318 7.7131028419773635
      vertex 79.1 -27.884711682419383 8.29554193209677
    endloop
  endfacet
  facet normal 1 0 0
    outer loop
      vertex 85.1 -28 7.125
      vertex 85.1 -27.741642014393253 8.866708063526774
      vertex 85.1 -27.97110836003318 7.7131028419773635
    endloop
  endfacet
  facet normal 1 0 0
    outer loop
      vertex 85.1 -28 7.125
      vertex 85.1 -23.8 7.125
      vertex 85.1 -23.791332508009955 7.301430852593209
    endloop
  endfacet
  facet normal 1 0 0
    outer loop
      vertex 85.1 -28 7.125
      vertex 85.1 -23.791332508009955 7.301430852593209
      vertex 85.1 -23.765413504725814 7.4761625796290305
    endloop
  endfacet
  facet normal 1 0 0
    outer loop
      vertex 85.1 -28 7.125
      vertex 85.1 -23.765413504725814 7.4761625796290305
      vertex 85.1 -23.722492604317978 7.647512419058033
    endloop
  endfacet
  facet normal 1 0 0
    outer loop
      vertex 85.1 -28 7.125
      vertex 85.1 -23.722492604317978 7.647512419058033
      vertex 85.1 -23.662983158520316 7.813830178257161
    endloop
  endfacet
  facet normal 1 0 0
    outer loop
      vertex 85.1 -28 7.125
      vertex 85.1 -23.662983158520316 7.813830178257161
      vertex 85.1 -23.58745827582704 7.973514126286796
    endloop
  endfacet
  facet normal 4.501178284644648e-19 -0.9891765099647809 0.14673047445536158
    outer loop
      vertex 85.1 -27.97110836003318 7.7131028419773635
      vertex 85.1 -27.884711682419383 8.29554193209677
      vertex 79.1 -27.884711682419383 8.29554193209677
    endloop
  endfacet
  facet normal 1 0 0
    outer loop
      vertex 85.1 -27.97110836003318 7.7131028419773635
      vertex 85.1 -27.741642014393253 8.866708063526774
      vertex 85.1 -27.884711682419383 8.29554193209677
    endloop
  endfacet
  facet normal -9.841534622784876e-20 -0.9700312531945441 0.24298017990326343
    outer loop
      vertex 79.1 -27.884711682419383 8.29554193209677
      vertex 85.1 -27.741642014393253 8.866708063526774
      vertex 79.1 -27.741642014393253 8.866708063526774
    endloop
  endfacet
  facet normal 0 -0.9700312531945441 0.24298017990326343
    outer loop
      vertex 79.1 -27.884711682419383 8.29554193209677
      vertex 85.1 -27.884711682419383 8.29554193209677
      vertex 85.1 -27.741642014393253 8.866708063526774
    endloop
  endfacet
  facet normal 1 0 0
    outer loop
      vertex 85.1 -28 7.125
      vertex 85.1 -23.58745827582704 7.973514126286796
      vertex 85.1 -23.496645302144582 8.125026419435283
    endloop
  endfacet
  facet normal 1 0 0
    outer loop
      vertex 85.1 -28 7.125
      vertex 85.1 -23.496645302144582 8.125026419435283
      vertex 85.1 -23.391418816052926 8.266907911494561
    endloop
  endfacet
  facet normal 1 0 0
    outer loop
      vertex 85.1 -28 7.125
      vertex 85.1 -23.391418816052926 8.266907911494561
      vertex 85.1 -23.272792206135787 8.397792206135787
    endloop
  endfacet
  facet normal 0 -0.9415440651830201 0.3368898533922216
    outer loop
      vertex 79.1 -27.741642014393253 8.866708063526774
      vertex 85.1 -27.741642014393253 8.866708063526774
      vertex 79.1 -27.54327719506772 9.421100594190538
    endloop
  endfacet
  facet normal -9.257376724386325e-19 -0.9415440651830201 0.3368898533922216
    outer loop
      vertex 85.1 -27.741642014393253 8.866708063526774
      vertex 85.1 -27.54327719506772 9.421100594190538
      vertex 79.1 -27.54327719506772 9.421100594190538
    endloop
  endfacet
  facet normal 1 0 0
    outer loop
      vertex 85.1 -28 7.125
      vertex 85.1 -26.63806272017642 10.931359704981872
      vertex 85.1 -27.741642014393253 8.866708063526774
    endloop
  endfacet
  facet normal 2.311557493975804e-18 -0.9039892931234434 0.42755509343028153
    outer loop
      vertex 79.1 -27.54327719506772 9.421100594190538
      vertex 85.1 -27.29152758609013 9.953380420955986
      vertex 79.1 -27.29152758609013 9.953380420955986
    endloop
  endfacet
  facet normal 1 0 0
    outer loop
      vertex 85.1 -27.741642014393253 8.866708063526774
      vertex 85.1 -27.29152758609013 9.953380420955986
      vertex 85.1 -27.54327719506772 9.421100594190538
    endloop
  endfacet
  facet normal 0 -0.9039892931234434 0.42755509343028153
    outer loop
      vertex 79.1 -27.54327719506772 9.421100594190538
      vertex 85.1 -27.54327719506772 9.421100594190538
      vertex 85.1 -27.29152758609013 9.953380420955986
    endloop
  endfacet
  facet normal 0 -0.8577286100002709 0.5141027441932237
    outer loop
      vertex 79.1 -27.29152758609013 9.953380420955986
      vertex 85.1 -27.29152758609013 9.953380420955986
      vertex 79.1 -26.98881767381527 10.458421398117613
    endloop
  endfacet
  facet normal 1 0 0
    outer loop
      vertex 85.1 -27.741642014393253 8.866708063526774
      vertex 85.1 -26.63806272017642 10.931359704981872
      vertex 85.1 -27.29152758609013 9.953380420955986
    endloop
  endfacet
  facet normal 0 -0.8032075314806459 0.5956993044924318
    outer loop
      vertex 79.1 -26.98881767381527 10.458421398117613
      vertex 85.1 -26.98881767381527 10.458421398117613
      vertex 79.1 -26.63806272017642 10.931359704981872
    endloop
  endfacet
  facet normal 0 -0.8577286100002709 0.5141027441932237
    outer loop
      vertex 79.1 -26.98881767381527 10.458421398117613
      vertex 85.1 -27.29152758609013 9.953380420955986
      vertex 85.1 -26.98881767381527 10.458421398117613
    endloop
  endfacet
  facet normal 1 0 0
    outer loop
      vertex 85.1 -27.29152758609013 9.953380420955986
      vertex 85.1 -26.63806272017642 10.931359704981872
      vertex 85.1 -26.98881767381527 10.458421398117613
    endloop
  endfacet
  facet normal 1 0 0
    outer loop
      vertex 85.1 -28 7.125
      vertex 85.1 -23.170541932096768 13.009711682419383
      vertex 85.1 -26.63806272017642 10.931359704981872
    endloop
  endfacet
  facet normal 1 0 0
    outer loop
      vertex 85.1 -28 7.125
      vertex 85.1 -23.272792206135787 8.397792206135787
      vertex 85.1 -23.170541932096768 13.009711682419383
    endloop
  endfacet
  facet normal 1 0 0
    outer loop
      vertex 85.1 -23.272792206135787 8.397792206135787
      vertex 85.1 -23.141907911494563 8.516418816052926
      vertex 85.1 -23.170541932096768 13.009711682419383
    endloop
  endfacet
  facet normal 1 0 0
    outer loop
      vertex 85.1 -23.141907911494563 8.516418816052926
      vertex 85.1 -23.000026419435283 8.621645302144582
      vertex 85.1 -23.170541932096768 13.009711682419383
    endloop
  endfacet
  facet normal 1 0 0
    outer loop
      vertex 85.1 -23.000026419435283 8.621645302144582
      vertex 85.1 -22.848514126286794 8.71245827582704
      vertex 85.1 -23.170541932096768 13.009711682419383
    endloop
  endfacet
  facet normal 1 0 0
    outer loop
      vertex 85.1 -22.848514126286794 8.71245827582704
      vertex 85.1 -22.688830178257163 8.787983158520316
      vertex 85.1 -23.170541932096768 13.009711682419383
    endloop
  endfacet
  facet normal 1 0 0
    outer loop
      vertex 85.1 -22.688830178257163 8.787983158520316
      vertex 85.1 -22.52251241905803 8.847492604317976
      vertex 85.1 -23.170541932096768 13.009711682419383
    endloop
  endfacet
  facet normal 1 0 0
    outer loop
      vertex 85.1 -22.52251241905803 8.847492604317976
      vertex 85.1 -22.35116257962903 8.890413504725815
      vertex 85.1 -23.170541932096768 13.009711682419383
    endloop
  endfacet
  facet normal 1 0 0
    outer loop
      vertex 85.1 -22.35116257962903 8.890413504725815
      vertex 85.1 -22.17643085259321 8.916332508009955
      vertex 85.1 -23.170541932096768 13.009711682419383
    endloop
  endfacet
  facet normal 1 0 0
    outer loop
      vertex 85.1 -21.311169821742837 8.787983158520316
      vertex 85.1 -23.170541932096768 13.009711682419383
      vertex 85.1 -21.47748758094197 8.847492604317976
    endloop
  endfacet
  facet normal 1 0 0
    outer loop
      vertex 85.1 -22.17643085259321 8.916332508009955
      vertex 85.1 -22 8.925
      vertex 85.1 -23.170541932096768 13.009711682419383
    endloop
  endfacet
  facet normal 1 0 0
    outer loop
      vertex 85.1 -22 8.925
      vertex 85.1 -21.82356914740679 8.916332508009955
      vertex 85.1 -23.170541932096768 13.009711682419383
    endloop
  endfacet
  facet normal 1 0 0
    outer loop
      vertex 85.1 -21.64883742037097 8.890413504725815
      vertex 85.1 -21.47748758094197 8.847492604317976
      vertex 85.1 -23.170541932096768 13.009711682419383
    endloop
  endfacet
  facet normal 1 0 0
    outer loop
      vertex 85.1 -21.64883742037097 8.890413504725815
      vertex 85.1 -23.170541932096768 13.009711682419383
      vertex 85.1 -21.82356914740679 8.916332508009955
    endloop
  endfacet
  facet normal 9.66037168251365e-19 -0.8032075314806459 0.5956993044924318
    outer loop
      vertex 85.1 -26.98881767381527 10.458421398117613
      vertex 85.1 -26.63806272017642 10.931359704981872
      vertex 79.1 -26.63806272017642 10.931359704981872
    endloop
  endfacet
  facet normal 0 -0.7409511253549592 0.6715589548470182
    outer loop
      vertex 79.1 -26.63806272017642 10.931359704981872
      vertex 85.1 -26.63806272017642 10.931359704981872
      vertex 85.1 -26.242640687119284 11.367640687119286
    endloop
  endfacet
  facet normal -1.1690401148091464e-18 -0.7409511253549592 0.6715589548470182
    outer loop
      vertex 79.1 -26.63806272017642 10.931359704981872
      vertex 85.1 -26.242640687119284 11.367640687119286
      vertex 79.1 -26.242640687119284 11.367640687119286
    endloop
  endfacet
  facet normal 0 -0.6715589548470181 0.7409511253549593
    outer loop
      vertex 79.1 -26.242640687119284 11.367640687119286
      vertex 85.1 -26.242640687119284 11.367640687119286
      vertex 79.1 -25.806359704981872 11.763062720176421
    endloop
  endfacet
  facet normal 1 0 0
    outer loop
      vertex 85.1 -26.63806272017642 10.931359704981872
      vertex 85.1 -25.806359704981872 11.763062720176421
      vertex 85.1 -26.242640687119284 11.367640687119286
    endloop
  endfacet
  facet normal -4.501955684742151e-19 -0.5956993044924352 0.8032075314806435
    outer loop
      vertex 79.1 -25.806359704981872 11.763062720176421
      vertex 85.1 -25.333421398117615 12.113817673815271
      vertex 79.1 -25.333421398117615 12.113817673815271
    endloop
  endfacet
  facet normal -2.968095039528393e-18 -0.6715589548470181 0.7409511253549593
    outer loop
      vertex 85.1 -26.242640687119284 11.367640687119286
      vertex 85.1 -25.806359704981872 11.763062720176421
      vertex 79.1 -25.806359704981872 11.763062720176421
    endloop
  endfacet
  facet normal 1 0 0
    outer loop
      vertex 85.1 -26.63806272017642 10.931359704981872
      vertex 85.1 -24.828380420955988 12.41652758609013
      vertex 85.1 -25.806359704981872 11.763062720176421
    endloop
  endfacet
  facet normal 0 -0.5956993044924352 0.8032075314806435
    outer loop
      vertex 79.1 -25.806359704981872 11.763062720176421
      vertex 85.1 -25.806359704981872 11.763062720176421
      vertex 85.1 -25.333421398117615 12.113817673815271
    endloop
  endfacet
  facet normal 0 -0.5141027441932214 0.8577286100002723
    outer loop
      vertex 79.1 -25.333421398117615 12.113817673815271
      vertex 85.1 -25.333421398117615 12.113817673815271
      vertex 79.1 -24.828380420955988 12.41652758609013
    endloop
  endfacet
  facet normal 1 0 0
    outer loop
      vertex 85.1 -25.806359704981872 11.763062720176421
      vertex 85.1 -24.828380420955988 12.41652758609013
      vertex 85.1 -25.333421398117615 12.113817673815271
    endloop
  endfacet
  facet normal 1 0 0
    outer loop
      vertex 85.1 -26.63806272017642 10.931359704981872
      vertex 85.1 -23.170541932096768 13.009711682419383
      vertex 85.1 -24.828380420955988 12.41652758609013
    endloop
  endfacet
  facet normal -2.3437089248244765e-18 -0.5141027441932214 0.8577286100002723
    outer loop
      vertex 85.1 -25.333421398117615 12.113817673815271
      vertex 85.1 -24.828380420955988 12.41652758609013
      vertex 79.1 -24.828380420955988 12.41652758609013
    endloop
  endfacet
  facet normal 3.191275012297803e-18 -0.42755509343028036 0.9039892931234441
    outer loop
      vertex 79.1 -24.828380420955988 12.41652758609013
      vertex 85.1 -24.296100594190538 12.66827719506772
      vertex 79.1 -24.296100594190538 12.66827719506772
    endloop
  endfacet
  facet normal 0 -0.33688985339222066 0.9415440651830206
    outer loop
      vertex 79.1 -24.296100594190538 12.66827719506772
      vertex 85.1 -24.296100594190538 12.66827719506772
      vertex 79.1 -23.741708063526772 12.866642014393253
    endloop
  endfacet
  facet normal 0 -0.42755509343028036 0.9039892931234441
    outer loop
      vertex 79.1 -24.828380420955988 12.41652758609013
      vertex 85.1 -24.828380420955988 12.41652758609013
      vertex 85.1 -24.296100594190538 12.66827719506772
    endloop
  endfacet
  facet normal 1 0 0
    outer loop
      vertex 85.1 -24.828380420955988 12.41652758609013
      vertex 85.1 -23.741708063526772 12.866642014393253
      vertex 85.1 -24.296100594190538 12.66827719506772
    endloop
  endfacet
  facet normal 0 -0.33688985339222066 0.9415440651830206
    outer loop
      vertex 79.1 -23.741708063526772 12.866642014393253
      vertex 85.1 -24.296100594190538 12.66827719506772
      vertex 85.1 -23.741708063526772 12.866642014393253
    endloop
  endfacet
  facet normal 1 0 0
    outer loop
      vertex 85.1 -24.828380420955988 12.41652758609013
      vertex 85.1 -23.170541932096768 13.009711682419383
      vertex 85.1 -23.741708063526772 12.866642014393253
    endloop
  endfacet
  facet normal 0 -0.24298017990326343 0.9700312531945441
    outer loop
      vertex 79.1 -23.741708063526772 12.866642014393253
      vertex 85.1 -23.741708063526772 12.866642014393253
      vertex 79.1 -23.170541932096768 13.009711682419383
    endloop
  endfacet
  facet normal 2.1923961735914067e-19 -0.14673047445536203 0.9891765099647809
    outer loop
      vertex 79.1 -23.170541932096768 13.009711682419383
      vertex 85.1 -22.588102841977364 13.096108360033181
      vertex 79.1 -22.588102841977364 13.096108360033181
    endloop
  endfacet
  facet normal 0 -0.24298017990326343 0.9700312531945441
    outer loop
      vertex 79.1 -23.170541932096768 13.009711682419383
      vertex 85.1 -23.741708063526772 12.866642014393253
      vertex 85.1 -23.170541932096768 13.009711682419383
    endloop
  endfacet
  facet normal 0 -0.14673047445536203 0.9891765099647809
    outer loop
      vertex 79.1 -23.170541932096768 13.009711682419383
      vertex 85.1 -23.170541932096768 13.009711682419383
      vertex 85.1 -22.588102841977364 13.096108360033181
    endloop
  endfacet
  facet normal 1 0 0
    outer loop
      vertex 85.1 -23.170541932096768 13.009711682419383
      vertex 85.1 -22 13.125
      vertex 85.1 -22.588102841977364 13.096108360033181
    endloop
  endfacet
  facet normal 0 -0.04906767432741834 0.9987954562051724
    outer loop
      vertex 79.1 -22.588102841977364 13.096108360033181
      vertex 85.1 -22.588102841977364 13.096108360033181
      vertex 79.1 -22 13.125
    endloop
  endfacet
  facet normal 0 -0.04906767432741834 0.9987954562051724
    outer loop
      vertex 79.1 -22 13.125
      vertex 85.1 -22.588102841977364 13.096108360033181
      vertex 85.1 -22 13.125
    endloop
  endfacet
  facet normal 1 0 0
    outer loop
      vertex 85.1 -20.2 7.125
      vertex 85.1 -1.7913325080099545 7.301430852593209
      vertex 85.1 -20.208667491990045 7.301430852593209
    endloop
  endfacet
  facet normal 1 0 0
    outer loop
      vertex 85.1 -20.208667491990045 7.301430852593209
      vertex 85.1 -1.7654135047258148 7.4761625796290305
      vertex 85.1 -20.234586495274186 7.4761625796290305
    endloop
  endfacet
  facet normal 1 0 0
    outer loop
      vertex 85.1 -20.234586495274186 7.4761625796290305
      vertex 85.1 -1.722492604317976 7.647512419058033
      vertex 85.1 -20.277507395682022 7.647512419058033
    endloop
  endfacet
  facet normal 1 0 0
    outer loop
      vertex 85.1 -20.277507395682022 7.647512419058033
      vertex 85.1 -1.662983158520316 7.813830178257161
      vertex 85.1 -20.337016841479684 7.813830178257161
    endloop
  endfacet
  facet normal 1 0 0
    outer loop
      vertex 85.1 -20.337016841479684 7.813830178257161
      vertex 85.1 -1.587458275827039 7.973514126286796
      vertex 85.1 -20.41254172417296 7.973514126286796
    endloop
  endfacet
  facet normal 1 0 0
    outer loop
      vertex 85.1 -20.41254172417296 7.973514126286796
      vertex 85.1 -1.4966453021445814 8.125026419435283
      vertex 85.1 -20.503354697855418 8.125026419435283
    endloop
  endfacet
  facet normal 1 0 0
    outer loop
      vertex 85.1 -20.503354697855418 8.125026419435283
      vertex 85.1 -1.3914188160529266 8.266907911494561
      vertex 85.1 -20.608581183947074 8.266907911494561
    endloop
  endfacet
  facet normal 1 0 0
    outer loop
      vertex 85.1 -20.727207793864213 8.397792206135787
      vertex 85.1 -20.608581183947074 8.266907911494561
      vertex 85.1 -1.2727922061357857 8.397792206135787
    endloop
  endfacet
  facet normal 1 0 0
    outer loop
      vertex 85.1 -20.727207793864213 8.397792206135787
      vertex 85.1 0 14.125
      vertex 85.1 -20.858092088505437 8.516418816052926
    endloop
  endfacet
  facet normal 1 0 0
    outer loop
      vertex 85.1 -20.858092088505437 8.516418816052926
      vertex 85.1 0 14.125
      vertex 85.1 -20.999973580564717 8.621645302144582
    endloop
  endfacet
  facet normal 1 0 0
    outer loop
      vertex 85.1 -21.311169821742837 8.787983158520316
      vertex 85.1 -21.151485873713206 8.71245827582704
      vertex 85.1 0 14.125
    endloop
  endfacet
  facet normal 1 0 0
    outer loop
      vertex 85.1 -20.999973580564717 8.621645302144582
      vertex 85.1 0 14.125
      vertex 85.1 -21.151485873713206 8.71245827582704
    endloop
  endfacet
  facet normal 1 0 0
    outer loop
      vertex 85.1 -20.2 7.125
      vertex 85.1 -1.8 7.125
      vertex 85.1 -1.7913325080099545 7.301430852593209
    endloop
  endfacet
  facet normal 1 0 0
    outer loop
      vertex 85.1 -20.208667491990045 7.301430852593209
      vertex 85.1 -1.7913325080099545 7.301430852593209
      vertex 85.1 -1.7654135047258148 7.4761625796290305
    endloop
  endfacet
  facet normal 1 0 0
    outer loop
      vertex 85.1 -20.234586495274186 7.4761625796290305
      vertex 85.1 -1.7654135047258148 7.4761625796290305
      vertex 85.1 -1.722492604317976 7.647512419058033
    endloop
  endfacet
  facet normal 1 0 0
    outer loop
      vertex 85.1 -20.277507395682022 7.647512419058033
      vertex 85.1 -1.722492604317976 7.647512419058033
      vertex 85.1 -1.662983158520316 7.813830178257161
    endloop
  endfacet
  facet normal 1 0 0
    outer loop
      vertex 85.1 -20.337016841479684 7.813830178257161
      vertex 85.1 -1.662983158520316 7.813830178257161
      vertex 85.1 -1.587458275827039 7.973514126286796
    endloop
  endfacet
  facet normal 1 0 0
    outer loop
      vertex 85.1 -20.41254172417296 7.973514126286796
      vertex 85.1 -1.587458275827039 7.973514126286796
      vertex 85.1 -1.4966453021445814 8.125026419435283
    endloop
  endfacet
  facet normal 1 0 0
    outer loop
      vertex 85.1 -20.503354697855418 8.125026419435283
      vertex 85.1 -1.4966453021445814 8.125026419435283
      vertex 85.1 -1.3914188160529266 8.266907911494561
    endloop
  endfacet
  facet normal 1 0 0
    outer loop
      vertex 85.1 -20.608581183947074 8.266907911494561
      vertex 85.1 -1.3914188160529266 8.266907911494561
      vertex 85.1 -1.2727922061357857 8.397792206135787
    endloop
  endfacet
  facet normal 1 0 0
    outer loop
      vertex 85.1 -20.727207793864213 8.397792206135787
      vertex 85.1 -1.2727922061357857 8.397792206135787
      vertex 85.1 -1.1419079114945618 8.516418816052926
    endloop
  endfacet
  facet normal 1 0 0
    outer loop
      vertex 85.1 -20.727207793864213 8.397792206135787
      vertex 85.1 -1.1419079114945618 8.516418816052926
      vertex 85.1 -1.000026419435284 8.621645302144582
    endloop
  endfacet
  facet normal 1 0 0
    outer loop
      vertex 85.1 -20.727207793864213 8.397792206135787
      vertex 85.1 -1.000026419435284 8.621645302144582
      vertex 85.1 -0.8485141262867958 8.71245827582704
    endloop
  endfacet
  facet normal 1 0 0
    outer loop
      vertex 85.1 -20.727207793864213 8.397792206135787
      vertex 85.1 -0.8485141262867958 8.71245827582704
      vertex 85.1 -0.6888301782571616 8.787983158520316
    endloop
  endfacet
  facet normal 1 0 0
    outer loop
      vertex 85.1 -20.727207793864213 8.397792206135787
      vertex 85.1 -0.6888301782571616 8.787983158520316
      vertex 85.1 -0.5225124190580323 8.847492604317976
    endloop
  endfacet
  facet normal 1 0 0
    outer loop
      vertex 85.1 -20.727207793864213 8.397792206135787
      vertex 85.1 -0.5225124190580323 8.847492604317976
      vertex 85.1 -0.35116257962903086 8.890413504725815
    endloop
  endfacet
  facet normal 1 0 0
    outer loop
      vertex 85.1 -20.727207793864213 8.397792206135787
      vertex 85.1 -0.35116257962903086 8.890413504725815
      vertex 85.1 0 14.125
    endloop
  endfacet
  facet normal 1 0 0
    outer loop
      vertex 85.1 -0.35116257962903086 8.890413504725815
      vertex 85.1 -0.1764308525932091 8.916332508009955
      vertex 85.1 0 14.125
    endloop
  endfacet
  facet normal 1 0 0
    outer loop
      vertex 85.1 -0.1764308525932091 8.916332508009955
      vertex 85.1 0 8.925
      vertex 85.1 0 14.125
    endloop
  endfacet
  facet normal 1 0 0
    outer loop
      vertex 85.1 -21.311169821742837 8.787983158520316
      vertex 85.1 0 14.125
      vertex 85.1 -23.170541932096768 13.009711682419383
    endloop
  endfacet
  facet normal 1 0 0
    outer loop
      vertex 85.1 -23.170541932096768 13.009711682419383
      vertex 85.1 0 14.125
      vertex 85.1 -22 13.125
    endloop
  endfacet
  facet normal 0 -0.045407660918649985 0.9989685402102997
    outer loop
      vertex 79.1 -22 13.125
      vertex 85.1 -22 13.125
      vertex 79.1 0 14.125
    endloop
  endfacet
  facet normal 0 -0.045407660918649985 0.9989685402102997
    outer loop
      vertex 85.1 -22 13.125
      vertex 85.1 0 14.125
      vertex 79.1 0 14.125
    endloop
  endfacet
  facet normal 0 0.04906767432741792 -0.9987954562051724
    outer loop
      vertex 79.1 0 0.125
      vertex 79.1 0.6861199823069242 0.15870691329462172
      vertex 85.1 0 0.125
    endloop
  endfacet
  facet normal -7.225567130873235e-19 0.14673047445536205 -0.9891765099647809
    outer loop
      vertex 79.1 0.6861199823069242 0.15870691329462172
      vertex 79.1 1.3656322541128978 0.259503037177387
      vertex 85.1 1.3656322541128978 0.259503037177387
    endloop
  endfacet
  facet normal 0 0.2429801799032639 -0.970031253194544
    outer loop
      vertex 79.1 1.3656322541128978 0.259503037177387
      vertex 79.1 2.031992740781236 0.426417649874538
      vertex 85.1 1.3656322541128978 0.259503037177387
    endloop
  endfacet
  facet normal 0 0.04906767432741792 -0.9987954562051724
    outer loop
      vertex 79.1 0.6861199823069242 0.15870691329462172
      vertex 85.1 0.6861199823069242 0.15870691329462172
      vertex 85.1 0 0.125
    endloop
  endfacet
  facet normal 0 0.14673047445536205 -0.9891765099647809
    outer loop
      vertex 79.1 0.6861199823069242 0.15870691329462172
      vertex 85.1 1.3656322541128978 0.259503037177387
      vertex 85.1 0.6861199823069242 0.15870691329462172
    endloop
  endfacet
  facet normal 1 0 0
    outer loop
      vertex 85.1 0 0.125
      vertex 85.1 0.6861199823069242 0.15870691329462172
      vertex 85.1 1.3656322541128978 0.259503037177387
    endloop
  endfacet
  facet normal 0 0.2429801799032639 -0.970031253194544
    outer loop
      vertex 79.1 2.031992740781236 0.426417649874538
      vertex 85.1 2.031992740781236 0.426417649874538
      vertex 85.1 1.3656322541128978 0.259503037177387
    endloop
  endfacet
  facet normal 1 0 0
    outer loop
      vertex 85.1 0 0.125
      vertex 85.1 1.3656322541128978 0.259503037177387
      vertex 85.1 2.6787840265556286 0.657843272420993
    endloop
  endfacet
  facet normal -2.6634224046879617e-18 0.3368898533922201 -0.9415440651830207
    outer loop
      vertex 79.1 2.031992740781236 0.426417649874538
      vertex 79.1 2.6787840265556286 0.657843272420993
      vertex 85.1 2.6787840265556286 0.657843272420993
    endloop
  endfacet
  facet normal 0 0.3368898533922201 -0.9415440651830207
    outer loop
      vertex 79.1 2.031992740781236 0.426417649874538
      vertex 85.1 2.6787840265556286 0.657843272420993
      vertex 85.1 2.031992740781236 0.426417649874538
    endloop
  endfacet
  facet normal 1 0 0
    outer loop
      vertex 85.1 1.3656322541128978 0.259503037177387
      vertex 85.1 2.031992740781236 0.426417649874538
      vertex 85.1 2.6787840265556286 0.657843272420993
    endloop
  endfacet
  facet normal 0 0.4275550934302814 -0.9039892931234436
    outer loop
      vertex 79.1 2.6787840265556286 0.657843272420993
      vertex 79.1 3.2997771577819837 0.9515511495615145
      vertex 85.1 2.6787840265556286 0.657843272420993
    endloop
  endfacet
  facet normal 2.5722165110382184e-18 0.4275550934302814 -0.9039892931234436
    outer loop
      vertex 85.1 2.6787840265556286 0.657843272420993
      vertex 79.1 3.2997771577819837 0.9515511495615145
      vertex 85.1 3.2997771577819837 0.9515511495615145
    endloop
  endfacet
  facet normal -9.302941623402377e-19 0.514102744193222 -0.857728610000272
    outer loop
      vertex 79.1 3.2997771577819837 0.9515511495615145
      vertex 79.1 3.8889916311372152 1.304712713882183
      vertex 85.1 3.8889916311372152 1.304712713882183
    endloop
  endfacet
  facet normal 0 0.514102744193222 -0.857728610000272
    outer loop
      vertex 79.1 3.2997771577819837 0.9515511495615145
      vertex 85.1 3.8889916311372152 1.304712713882183
      vertex 85.1 3.2997771577819837 0.9515511495615145
    endloop
  endfacet
  facet normal 1 0 0
    outer loop
      vertex 85.1 0 0.125
      vertex 85.1 2.6787840265556286 0.657843272420993
      vertex 85.1 4.949747468305833 2.1752525316941673
    endloop
  endfacet
  facet normal 1 0 0
    outer loop
      vertex 85.1 2.6787840265556286 0.657843272420993
      vertex 85.1 3.2997771577819837 0.9515511495615145
      vertex 85.1 3.8889916311372152 1.304712713882183
    endloop
  endfacet
  facet normal -1.0434885370822483e-18 0.5956993044924334 -0.8032075314806449
    outer loop
      vertex 79.1 3.8889916311372152 1.304712713882183
      vertex 79.1 4.440752989145518 1.713926826460841
      vertex 85.1 4.440752989145518 1.713926826460841
    endloop
  endfacet
  facet normal 0 0.5956993044924334 -0.8032075314806449
    outer loop
      vertex 79.1 3.8889916311372152 1.304712713882183
      vertex 85.1 4.440752989145518 1.713926826460841
      vertex 85.1 3.8889916311372152 1.304712713882183
    endloop
  endfacet
  facet normal 1 0 0
    outer loop
      vertex 85.1 2.6787840265556286 0.657843272420993
      vertex 85.1 3.8889916311372152 1.304712713882183
      vertex 85.1 4.949747468305833 2.1752525316941673
    endloop
  endfacet
  facet normal 1 0 0
    outer loop
      vertex 85.1 3.8889916311372152 1.304712713882183
      vertex 85.1 4.440752989145518 1.713926826460841
      vertex 85.1 4.949747468305833 2.1752525316941673
    endloop
  endfacet
  facet normal -1.8043932091531814e-18 0.6715589548470184 -0.7409511253549591
    outer loop
      vertex 79.1 4.440752989145518 1.713926826460841
      vertex 79.1 4.949747468305833 2.1752525316941673
      vertex 85.1 4.949747468305833 2.1752525316941673
    endloop
  endfacet
  facet normal 0 0.6715589548470184 -0.7409511253549591
    outer loop
      vertex 79.1 4.440752989145518 1.713926826460841
      vertex 85.1 4.949747468305833 2.1752525316941673
      vertex 85.1 4.440752989145518 1.713926826460841
    endloop
  endfacet
  facet normal 1 0 0
    outer loop
      vertex 85.1 0 0.125
      vertex 85.1 4.949747468305833 2.1752525316941673
      vertex 85.1 7 7.125
    endloop
  endfacet
  facet normal 0 0.7409511253549591 -0.6715589548470184
    outer loop
      vertex 79.1 4.949747468305833 2.1752525316941673
      vertex 79.1 5.411073173539159 2.684247010854482
      vertex 85.1 4.949747468305833 2.1752525316941673
    endloop
  endfacet
  facet normal -1.8043932091531814e-18 0.7409511253549591 -0.6715589548470184
    outer loop
      vertex 85.1 4.949747468305833 2.1752525316941673
      vertex 79.1 5.411073173539159 2.684247010854482
      vertex 85.1 5.411073173539159 2.684247010854482
    endloop
  endfacet
  facet normal 0 0.8032075314806449 -0.5956993044924334
    outer loop
      vertex 79.1 5.411073173539159 2.684247010854482
      vertex 79.1 5.820287286117817 3.2360083688627848
      vertex 85.1 5.411073173539159 2.684247010854482
    endloop
  endfacet
  facet normal 1 0 0
    outer loop
      vertex 85.1 4.949747468305833 2.1752525316941673
      vertex 85.1 5.411073173539159 2.684247010854482
      vertex 85.1 5.820287286117817 3.2360083688627848
    endloop
  endfacet
  facet normal 0 0.8032075314806449 -0.5956993044924334
    outer loop
      vertex 79.1 5.820287286117817 3.2360083688627848
      vertex 85.1 5.820287286117817 3.2360083688627848
      vertex 85.1 5.411073173539159 2.684247010854482
    endloop
  endfacet
  facet normal 0 0.857728610000272 -0.514102744193222
    outer loop
      vertex 79.1 5.820287286117817 3.2360083688627848
      vertex 79.1 6.1734488504384855 3.8252228422180163
      vertex 85.1 5.820287286117817 3.2360083688627848
    endloop
  endfacet
  facet normal 1 0 0
    outer loop
      vertex 85.1 4.949747468305833 2.1752525316941673
      vertex 85.1 5.820287286117817 3.2360083688627848
      vertex 85.1 6.467156727579007 4.446215973444371
    endloop
  endfacet
  facet normal 1 0 0
    outer loop
      vertex 85.1 0 0.125
      vertex 85.1 0.1764308525932091 5.333667491990045
      vertex 85.1 0 5.325
    endloop
  endfacet
  facet normal 1 0 0
    outer loop
      vertex 85.1 0 0.125
      vertex 85.1 0.35116257962903086 5.359586495274185
      vertex 85.1 0.1764308525932091 5.333667491990045
    endloop
  endfacet
  facet normal 1 0 0
    outer loop
      vertex 85.1 0 0.125
      vertex 85.1 0.5225124190580323 5.402507395682024
      vertex 85.1 0.35116257962903086 5.359586495274185
    endloop
  endfacet
  facet normal 1 0 0
    outer loop
      vertex 85.1 0 0.125
      vertex 85.1 0.6888301782571616 5.462016841479684
      vertex 85.1 0.5225124190580323 5.402507395682024
    endloop
  endfacet
  facet normal 1 0 0
    outer loop
      vertex 85.1 0 0.125
      vertex 85.1 7 7.125
      vertex 85.1 0.6888301782571616 5.462016841479684
    endloop
  endfacet
  facet normal -9.302941623402377e-19 0.857728610000272 -0.514102744193222
    outer loop
      vertex 85.1 5.820287286117817 3.2360083688627848
      vertex 79.1 6.1734488504384855 3.8252228422180163
      vertex 85.1 6.1734488504384855 3.8252228422180163
    endloop
  endfacet
  facet normal 1 0 0
    outer loop
      vertex 85.1 5.820287286117817 3.2360083688627848
      vertex 85.1 6.1734488504384855 3.8252228422180163
      vertex 85.1 6.467156727579007 4.446215973444371
    endloop
  endfacet
  facet normal -2.1370706621455725e-18 0.9039892931234434 -0.4275550934302817
    outer loop
      vertex 79.1 6.1734488504384855 3.8252228422180163
      vertex 79.1 6.467156727579007 4.446215973444371
      vertex 85.1 6.467156727579007 4.446215973444371
    endloop
  endfacet
  facet normal 0 0.9039892931234434 -0.4275550934302817
    outer loop
      vertex 79.1 6.1734488504384855 3.8252228422180163
      vertex 85.1 6.467156727579007 4.446215973444371
      vertex 85.1 6.1734488504384855 3.8252228422180163
    endloop
  endfacet
  facet normal 0 0.9415440651830208 -0.3368898533922199
    outer loop
      vertex 79.1 6.467156727579007 4.446215973444371
      vertex 79.1 6.698582350125462 5.093007259218764
      vertex 85.1 6.467156727579007 4.446215973444371
    endloop
  endfacet
  facet normal 1 0 0
    outer loop
      vertex 85.1 4.949747468305833 2.1752525316941673
      vertex 85.1 6.467156727579007 4.446215973444371
      vertex 85.1 7 7.125
    endloop
  endfacet
  facet normal 2.0693256573393985e-18 0.9415440651830208 -0.3368898533922199
    outer loop
      vertex 85.1 6.467156727579007 4.446215973444371
      vertex 79.1 6.698582350125462 5.093007259218764
      vertex 85.1 6.698582350125462 5.093007259218764
    endloop
  endfacet
  facet normal 1 0 0
    outer loop
      vertex 85.1 6.467156727579007 4.446215973444371
      vertex 85.1 6.698582350125462 5.093007259218764
      vertex 85.1 6.865496962822613 5.759367745887102
    endloop
  endfacet
  facet normal 0 0.9700312531945441 -0.24298017990326384
    outer loop
      vertex 79.1 6.698582350125462 5.093007259218764
      vertex 85.1 6.865496962822613 5.759367745887102
      vertex 85.1 6.698582350125462 5.093007259218764
    endloop
  endfacet
  facet normal 1 0 0
    outer loop
      vertex 85.1 0.6888301782571616 5.462016841479684
      vertex 85.1 7 7.125
      vertex 85.1 0.8485141262867958 5.537541724172961
    endloop
  endfacet
  facet normal 1 0 0
    outer loop
      vertex 85.1 0.8485141262867958 5.537541724172961
      vertex 85.1 7 7.125
      vertex 85.1 1.000026419435284 5.628354697855419
    endloop
  endfacet
  facet normal 1 0 0
    outer loop
      vertex 85.1 1.000026419435284 5.628354697855419
      vertex 85.1 7 7.125
      vertex 85.1 1.1419079114945618 5.733581183947074
    endloop
  endfacet
  facet normal 1 0 0
    outer loop
      vertex 85.1 1.1419079114945618 5.733581183947074
      vertex 85.1 7 7.125
      vertex 85.1 1.2727922061357857 5.852207793864214
    endloop
  endfacet
  facet normal 1 0 0
    outer loop
      vertex 85.1 1.2727922061357857 5.852207793864214
      vertex 85.1 7 7.125
      vertex 85.1 1.3914188160529266 5.983092088505439
    endloop
  endfacet
  facet normal 1 0 0
    outer loop
      vertex 85.1 1.3914188160529266 5.983092088505439
      vertex 85.1 7 7.125
      vertex 85.1 1.4966453021445814 6.124973580564716
    endloop
  endfacet
  facet normal 1 0 0
    outer loop
      vertex 85.1 1.4966453021445814 6.124973580564716
      vertex 85.1 7 7.125
      vertex 85.1 1.587458275827039 6.276485873713204
    endloop
  endfacet
  facet normal 1 0 0
    outer loop
      vertex 85.1 1.587458275827039 6.276485873713204
      vertex 85.1 7 7.125
      vertex 85.1 1.662983158520316 6.436169821742839
    endloop
  endfacet
  facet normal 1 0 0
    outer loop
      vertex 85.1 1.662983158520316 6.436169821742839
      vertex 85.1 7 7.125
      vertex 85.1 1.722492604317976 6.602487580941967
    endloop
  endfacet
  facet normal 1 0 0
    outer loop
      vertex 85.1 1.722492604317976 6.602487580941967
      vertex 85.1 7 7.125
      vertex 85.1 1.7654135047258148 6.7738374203709695
    endloop
  endfacet
  facet normal 1 0 0
    outer loop
      vertex 85.1 1.7654135047258148 6.7738374203709695
      vertex 85.1 7 7.125
      vertex 85.1 1.7913325080099545 6.948569147406791
    endloop
  endfacet
  facet normal 1 0 0
    outer loop
      vertex 85.1 1.7913325080099545 6.948569147406791
      vertex 85.1 7 7.125
      vertex 85.1 1.8 7.125
    endloop
  endfacet
  facet normal -2.3033901628706113e-19 0.9700312531945441 -0.24298017990326384
    outer loop
      vertex 79.1 6.698582350125462 5.093007259218764
      vertex 79.1 6.865496962822613 5.759367745887102
      vertex 85.1 6.865496962822613 5.759367745887102
    endloop
  endfacet
  facet normal 1 0 0
    outer loop
      vertex 85.1 6.467156727579007 4.446215973444371
      vertex 85.1 6.865496962822613 5.759367745887102
      vertex 85.1 7 7.125
    endloop
  endfacet
  facet normal -1.4817384211142108e-18 0.9891765099647809 -0.14673047445536214
    outer loop
      vertex 79.1 6.865496962822613 5.759367745887102
      vertex 79.1 6.966293086705378 6.438880017693076
      vertex 85.1 6.966293086705378 6.438880017693076
    endloop
  endfacet
  facet normal 0 0.9891765099647809 -0.14673047445536214
    outer loop
      vertex 79.1 6.865496962822613 5.759367745887102
      vertex 85.1 6.966293086705378 6.438880017693076
      vertex 85.1 6.865496962822613 5.759367745887102
    endloop
  endfacet
  facet normal 1 0 0
    outer loop
      vertex 85.1 6.865496962822613 5.759367745887102
      vertex 85.1 6.966293086705378 6.438880017693076
      vertex 85.1 7 7.125
    endloop
  endfacet
  facet normal 0 0.9987954562051724 -0.0490676743274179
    outer loop
      vertex 79.1 6.966293086705378 6.438880017693076
      vertex 85.1 7 7.125
      vertex 85.1 6.966293086705378 6.438880017693076
    endloop
  endfacet
  facet normal 1.4274874936895392e-19 0.9987954562051724 -0.0490676743274179
    outer loop
      vertex 79.1 6.966293086705378 6.438880017693076
      vertex 79.1 7 7.125
      vertex 85.1 7 7.125
    endloop
  endfacet
  facet normal 1 0 0
    outer loop
      vertex 85.1 1.8 7.125
      vertex 85.1 7 7.125
      vertex 85.1 1.7913325080099545 7.301430852593209
    endloop
  endfacet
  facet normal 1 0 0
    outer loop
      vertex 85.1 1.7913325080099545 7.301430852593209
      vertex 85.1 7 7.125
      vertex 85.1 1.7654135047258148 7.4761625796290305
    endloop
  endfacet
  facet normal 1 0 0
    outer loop
      vertex 85.1 1.7654135047258148 7.4761625796290305
      vertex 85.1 7 7.125
      vertex 85.1 1.722492604317976 7.647512419058033
    endloop
  endfacet
  facet normal 1 0 0
    outer loop
      vertex 85.1 1.722492604317976 7.647512419058033
      vertex 85.1 7 7.125
      vertex 85.1 1.662983158520316 7.813830178257161
    endloop
  endfacet
  facet normal 0 0.9987954562051724 0.0490676743274179
    outer loop
      vertex 79.1 7 7.125
      vertex 79.1 6.966293086705378 7.811119982306924
      vertex 85.1 7 7.125
    endloop
  endfacet
  facet normal 0 0.9987954562051724 0.0490676743274179
    outer loop
      vertex 79.1 6.966293086705378 7.811119982306924
      vertex 85.1 6.966293086705378 7.811119982306924
      vertex 85.1 7 7.125
    endloop
  endfacet
  facet normal 1 0 0
    outer loop
      vertex 85.1 7 7.125
      vertex 85.1 6.966293086705378 7.811119982306924
      vertex 85.1 6.865496962822613 8.490632254112898
    endloop
  endfacet
  facet normal 1.4817384211142108e-18 0.9891765099647809 0.14673047445536214
    outer loop
      vertex 79.1 6.966293086705378 7.811119982306924
      vertex 79.1 6.865496962822613 8.490632254112898
      vertex 85.1 6.865496962822613 8.490632254112898
    endloop
  endfacet
  facet normal 0 0.9891765099647809 0.14673047445536214
    outer loop
      vertex 79.1 6.966293086705378 7.811119982306924
      vertex 85.1 6.865496962822613 8.490632254112898
      vertex 85.1 6.966293086705378 7.811119982306924
    endloop
  endfacet
  facet normal 0 0.9700312531945441 0.24298017990326384
    outer loop
      vertex 79.1 6.865496962822613 8.490632254112898
      vertex 79.1 6.698582350125462 9.156992740781236
      vertex 85.1 6.865496962822613 8.490632254112898
    endloop
  endfacet
  facet normal 1 0 0
    outer loop
      vertex 85.1 7 7.125
      vertex 85.1 6.865496962822613 8.490632254112898
      vertex 85.1 6.467156727579007 9.803784026555629
    endloop
  endfacet
  facet normal 1 0 0
    outer loop
      vertex 85.1 1.662983158520316 7.813830178257161
      vertex 85.1 7 7.125
      vertex 85.1 0 14.125
    endloop
  endfacet
  facet normal 1 0 0
    outer loop
      vertex 85.1 1.662983158520316 7.813830178257161
      vertex 85.1 0 14.125
      vertex 85.1 1.587458275827039 7.973514126286796
    endloop
  endfacet
  facet normal 1 0 0
    outer loop
      vertex 85.1 1.587458275827039 7.973514126286796
      vertex 85.1 0 14.125
      vertex 85.1 1.4966453021445814 8.125026419435283
    endloop
  endfacet
  facet normal 1 0 0
    outer loop
      vertex 85.1 1.4966453021445814 8.125026419435283
      vertex 85.1 0 14.125
      vertex 85.1 1.3914188160529266 8.266907911494561
    endloop
  endfacet
  facet normal 1 0 0
    outer loop
      vertex 85.1 1.3914188160529266 8.266907911494561
      vertex 85.1 0 14.125
      vertex 85.1 1.2727922061357857 8.397792206135787
    endloop
  endfacet
  facet normal 1 0 0
    outer loop
      vertex 85.1 1.2727922061357857 8.397792206135787
      vertex 85.1 0 14.125
      vertex 85.1 1.1419079114945618 8.516418816052926
    endloop
  endfacet
  facet normal 1 0 0
    outer loop
      vertex 85.1 1.1419079114945618 8.516418816052926
      vertex 85.1 0 14.125
      vertex 85.1 1.000026419435284 8.621645302144582
    endloop
  endfacet
  facet normal 1 0 0
    outer loop
      vertex 85.1 1.000026419435284 8.621645302144582
      vertex 85.1 0 14.125
      vertex 85.1 0.8485141262867958 8.71245827582704
    endloop
  endfacet
  facet normal 1 0 0
    outer loop
      vertex 85.1 0.8485141262867958 8.71245827582704
      vertex 85.1 0 14.125
      vertex 85.1 0.6888301782571616 8.787983158520316
    endloop
  endfacet
  facet normal 1 0 0
    outer loop
      vertex 85.1 0.5225124190580323 8.847492604317976
      vertex 85.1 0 14.125
      vertex 85.1 0.35116257962903086 8.890413504725815
    endloop
  endfacet
  facet normal 1 0 0
    outer loop
      vertex 85.1 0 8.925
      vertex 85.1 0.1764308525932091 8.916332508009955
      vertex 85.1 0 14.125
    endloop
  endfacet
  facet normal 1 0 0
    outer loop
      vertex 85.1 0.35116257962903086 8.890413504725815
      vertex 85.1 0 14.125
      vertex 85.1 0.1764308525932091 8.916332508009955
    endloop
  endfacet
  facet normal 1 0 0
    outer loop
      vertex 85.1 0.5225124190580323 8.847492604317976
      vertex 85.1 0.6888301782571616 8.787983158520316
      vertex 85.1 0 14.125
    endloop
  endfacet
  facet normal 2.3033901628706113e-19 0.9700312531945441 0.24298017990326384
    outer loop
      vertex 85.1 6.865496962822613 8.490632254112898
      vertex 79.1 6.698582350125462 9.156992740781236
      vertex 85.1 6.698582350125462 9.156992740781236
    endloop
  endfacet
  facet normal 1 0 0
    outer loop
      vertex 85.1 6.865496962822613 8.490632254112898
      vertex 85.1 6.698582350125462 9.156992740781236
      vertex 85.1 6.467156727579007 9.803784026555629
    endloop
  endfacet
  facet normal -2.0693256573393985e-18 0.9415440651830208 0.3368898533922199
    outer loop
      vertex 79.1 6.698582350125462 9.156992740781236
      vertex 79.1 6.467156727579007 9.803784026555629
      vertex 85.1 6.467156727579007 9.803784026555629
    endloop
  endfacet
  facet normal 1 0 0
    outer loop
      vertex 85.1 7 7.125
      vertex 85.1 6.467156727579007 9.803784026555629
      vertex 85.1 4.949747468305833 12.074747468305834
    endloop
  endfacet
  facet normal 0 0.9415440651830208 0.3368898533922199
    outer loop
      vertex 79.1 6.698582350125462 9.156992740781236
      vertex 85.1 6.467156727579007 9.803784026555629
      vertex 85.1 6.698582350125462 9.156992740781236
    endloop
  endfacet
  facet normal 0 0.9039892931234434 0.4275550934302817
    outer loop
      vertex 79.1 6.467156727579007 9.803784026555629
      vertex 79.1 6.1734488504384855 10.424777157781984
      vertex 85.1 6.467156727579007 9.803784026555629
    endloop
  endfacet
  facet normal 0 0.9039892931234434 0.4275550934302817
    outer loop
      vertex 79.1 6.1734488504384855 10.424777157781984
      vertex 85.1 6.1734488504384855 10.424777157781984
      vertex 85.1 6.467156727579007 9.803784026555629
    endloop
  endfacet
  facet normal 1 0 0
    outer loop
      vertex 85.1 6.467156727579007 9.803784026555629
      vertex 85.1 6.1734488504384855 10.424777157781984
      vertex 85.1 5.820287286117817 11.013991631137216
    endloop
  endfacet
  facet normal 0 0.8577286100002721 0.5141027441932213
    outer loop
      vertex 79.1 6.1734488504384855 10.424777157781984
      vertex 85.1 5.820287286117817 11.013991631137216
      vertex 85.1 6.1734488504384855 10.424777157781984
    endloop
  endfacet
  facet normal 1 0 0
    outer loop
      vertex 85.1 7 7.125
      vertex 85.1 4.949747468305833 12.074747468305834
      vertex 85.1 0 14.125
    endloop
  endfacet
  facet normal 0 0.671558954847017 0.7409511253549603
    outer loop
      vertex 79.1 4.949747468305833 12.074747468305834
      vertex 79.1 4.440752989145518 12.536073173539158
      vertex 85.1 4.949747468305833 12.074747468305834
    endloop
  endfacet
  facet normal -1.0532177099468118e-18 0.671558954847017 0.7409511253549603
    outer loop
      vertex 85.1 4.949747468305833 12.074747468305834
      vertex 79.1 4.440752989145518 12.536073173539158
      vertex 85.1 4.440752989145518 12.536073173539158
    endloop
  endfacet
  facet normal -1.097796060043389e-18 0.8577286100002721 0.5141027441932213
    outer loop
      vertex 79.1 6.1734488504384855 10.424777157781984
      vertex 79.1 5.820287286117817 11.013991631137216
      vertex 85.1 5.820287286117817 11.013991631137216
    endloop
  endfacet
  facet normal 1 0 0
    outer loop
      vertex 85.1 6.467156727579007 9.803784026555629
      vertex 85.1 5.820287286117817 11.013991631137216
      vertex 85.1 4.949747468305833 12.074747468305834
    endloop
  endfacet
  facet normal 1.0434885370822483e-18 0.8032075314806449 0.5956993044924334
    outer loop
      vertex 79.1 5.820287286117817 11.013991631137216
      vertex 79.1 5.411073173539159 11.565752989145519
      vertex 85.1 5.411073173539159 11.565752989145519
    endloop
  endfacet
  facet normal 0 0.8032075314806449 0.5956993044924334
    outer loop
      vertex 79.1 5.820287286117817 11.013991631137216
      vertex 85.1 5.411073173539159 11.565752989145519
      vertex 85.1 5.820287286117817 11.013991631137216
    endloop
  endfacet
  facet normal 1 0 0
    outer loop
      vertex 85.1 4.949747468305833 12.074747468305834
      vertex 85.1 5.820287286117817 11.013991631137216
      vertex 85.1 5.411073173539159 11.565752989145519
    endloop
  endfacet
  facet normal 0 0.7409511253549591 0.6715589548470184
    outer loop
      vertex 79.1 4.949747468305833 12.074747468305834
      vertex 85.1 4.949747468305833 12.074747468305834
      vertex 79.1 5.411073173539159 11.565752989145519
    endloop
  endfacet
  facet normal 1.8043932091531814e-18 0.7409511253549591 0.6715589548470184
    outer loop
      vertex 85.1 4.949747468305833 12.074747468305834
      vertex 85.1 5.411073173539159 11.565752989145519
      vertex 79.1 5.411073173539159 11.565752989145519
    endloop
  endfacet
  facet normal 0 0.595699304492435 0.8032075314806437
    outer loop
      vertex 79.1 4.440752989145518 12.536073173539158
      vertex 79.1 3.8889916311372152 12.945287286117818
      vertex 85.1 4.440752989145518 12.536073173539158
    endloop
  endfacet
  facet normal 1 0 0
    outer loop
      vertex 85.1 4.949747468305833 12.074747468305834
      vertex 85.1 4.440752989145518 12.536073173539158
      vertex 85.1 3.8889916311372152 12.945287286117818
    endloop
  endfacet
  facet normal 0 0.595699304492435 0.8032075314806437
    outer loop
      vertex 79.1 3.8889916311372152 12.945287286117818
      vertex 85.1 3.8889916311372152 12.945287286117818
      vertex 85.1 4.440752989145518 12.536073173539158
    endloop
  endfacet
  facet normal 1 0 0
    outer loop
      vertex 85.1 4.949747468305833 12.074747468305834
      vertex 85.1 3.8889916311372152 12.945287286117818
      vertex 85.1 2.6787840265556286 13.592156727579006
    endloop
  endfacet
  facet normal 9.302941623402377e-19 0.514102744193222 0.857728610000272
    outer loop
      vertex 79.1 3.2997771577819837 13.298448850438486
      vertex 85.1 3.8889916311372152 12.945287286117818
      vertex 79.1 3.8889916311372152 12.945287286117818
    endloop
  endfacet
  facet normal 0 0.514102744193222 0.857728610000272
    outer loop
      vertex 79.1 3.2997771577819837 13.298448850438486
      vertex 85.1 3.2997771577819837 13.298448850438486
      vertex 85.1 3.8889916311372152 12.945287286117818
    endloop
  endfacet
  facet normal 1 0 0
    outer loop
      vertex 85.1 4.949747468305833 12.074747468305834
      vertex 85.1 2.6787840265556286 13.592156727579006
      vertex 85.1 0 14.125
    endloop
  endfacet
  facet normal 1 0 0
    outer loop
      vertex 85.1 3.2997771577819837 13.298448850438486
      vertex 85.1 2.6787840265556286 13.592156727579006
      vertex 85.1 3.8889916311372152 12.945287286117818
    endloop
  endfacet
  facet normal 5.886747197944294e-21 0.3368898533922224 0.9415440651830199
    outer loop
      vertex 79.1 2.031992740781236 13.823582350125463
      vertex 85.1 2.6787840265556286 13.592156727579006
      vertex 79.1 2.6787840265556286 13.592156727579006
    endloop
  endfacet
  facet normal 0 0.3368898533922224 0.9415440651830199
    outer loop
      vertex 79.1 2.031992740781236 13.823582350125463
      vertex 85.1 2.031992740781236 13.823582350125463
      vertex 85.1 2.6787840265556286 13.592156727579006
    endloop
  endfacet
  facet normal 1 0 0
    outer loop
      vertex 85.1 1.3656322541128978 13.990496962822613
      vertex 85.1 2.6787840265556286 13.592156727579006
      vertex 85.1 2.031992740781236 13.823582350125463
    endloop
  endfacet
  facet normal 0 0.0490676743274192 0.9987954562051722
    outer loop
      vertex 79.1 0 14.125
      vertex 85.1 0 14.125
      vertex 79.1 0.6861199823069242 14.091293086705377
    endloop
  endfacet
  facet normal 0 0.1467304744553608 0.9891765099647811
    outer loop
      vertex 79.1 0.6861199823069242 14.091293086705377
      vertex 85.1 0.6861199823069242 14.091293086705377
      vertex 79.1 1.3656322541128978 13.990496962822613
    endloop
  endfacet
  facet normal 0 0.2429801799032627 0.9700312531945443
    outer loop
      vertex 79.1 1.3656322541128978 13.990496962822613
      vertex 85.1 1.3656322541128978 13.990496962822613
      vertex 79.1 2.031992740781236 13.823582350125463
    endloop
  endfacet
  facet normal 0 0.1467304744553608 0.9891765099647811
    outer loop
      vertex 79.1 1.3656322541128978 13.990496962822613
      vertex 85.1 0.6861199823069242 14.091293086705377
      vertex 85.1 1.3656322541128978 13.990496962822613
    endloop
  endfacet
  facet normal 0 0.0490676743274192 0.9987954562051722
    outer loop
      vertex 79.1 0.6861199823069242 14.091293086705377
      vertex 85.1 0 14.125
      vertex 85.1 0.6861199823069242 14.091293086705377
    endloop
  endfacet
  facet normal 1 0 0
    outer loop
      vertex 85.1 0 14.125
      vertex 85.1 1.3656322541128978 13.990496962822613
      vertex 85.1 0.6861199823069242 14.091293086705377
    endloop
  endfacet
  facet normal 0 0.2429801799032627 0.9700312531945443
    outer loop
      vertex 79.1 2.031992740781236 13.823582350125463
      vertex 85.1 1.3656322541128978 13.990496962822613
      vertex 85.1 2.031992740781236 13.823582350125463
    endloop
  endfacet
  facet normal 1 0 0
    outer loop
      vertex 85.1 0 14.125
      vertex 85.1 2.6787840265556286 13.592156727579006
      vertex 85.1 1.3656322541128978 13.990496962822613
    endloop
  endfacet
  facet normal 2.4349464939035486e-18 0.42755509343027936 0.9039892931234448
    outer loop
      vertex 79.1 3.2997771577819837 13.298448850438486
      vertex 79.1 2.6787840265556286 13.592156727579006
      vertex 85.1 2.6787840265556286 13.592156727579006
    endloop
  endfacet
  facet normal 0 0.42755509343027936 0.9039892931234448
    outer loop
      vertex 79.1 3.2997771577819837 13.298448850438486
      vertex 85.1 2.6787840265556286 13.592156727579006
      vertex 85.1 3.2997771577819837 13.298448850438486
    endloop
  endfacet
  facet normal -1 0 0
    outer loop
      vertex -79.1 -40.05 0
      vertex -79.1 -25.333421398117615 2.136182326184729
      vertex -79.1 -24.828380420955988 1.8334724139098695
    endloop
  endfacet
  facet normal -1 0 0
    outer loop
      vertex -79.1 -40.05 0
      vertex -79.1 -25.806359704981872 2.486937279823578
      vertex -79.1 -25.333421398117615 2.136182326184729
    endloop
  endfacet
  facet normal -1 0 0
    outer loop
      vertex -79.1 -40.05 0
      vertex -79.1 -26.242640687119284 2.8823593128807143
      vertex -79.1 -25.806359704981872 2.486937279823578
    endloop
  endfacet
  facet normal -1 0 0
    outer loop
      vertex -79.1 -40.05 0
      vertex -79.1 -26.63806272017642 3.318640295018127
      vertex -79.1 -26.242640687119284 2.8823593128807143
    endloop
  endfacet
  facet normal -1 0 0
    outer loop
      vertex -79.1 -40.05 0
      vertex -79.1 -26.98881767381527 3.791578601882387
      vertex -79.1 -26.63806272017642 3.318640295018127
    endloop
  endfacet
  facet normal -1 0 0
    outer loop
      vertex -79.1 -40.05 0
      vertex -79.1 -27.29152758609013 4.296619579044014
      vertex -79.1 -26.98881767381527 3.791578601882387
    endloop
  endfacet
  facet normal -1 0 0
    outer loop
      vertex -79.1 -40.05 0
      vertex -79.1 -27.54327719506772 4.828899405809461
      vertex -79.1 -27.29152758609013 4.296619579044014
    endloop
  endfacet
  facet normal -1 0 0
    outer loop
      vertex -79.1 -40.05 0
      vertex -79.1 -27.741642014393253 5.383291936473226
      vertex -79.1 -27.54327719506772 4.828899405809461
    endloop
  endfacet
  facet normal -1 0 0
    outer loop
      vertex -79.1 -40.05 0
      vertex -79.1 -23.741708063526772 1.3833579856067466
      vertex -79.1 -23.170541932096768 1.2402883175806174
    endloop
  endfacet
  facet normal -1 0 0
    outer loop
      vertex -79.1 -40.05 0
      vertex -79.1 -22.588102841977364 1.1538916399668189
      vertex -79.1 -22 1.125
    endloop
  endfacet
  facet normal -1 0 0
    outer loop
      vertex -79.1 -40.05 0
      vertex -79.1 -23.170541932096768 1.2402883175806174
      vertex -79.1 -22.588102841977364 1.1538916399668189
    endloop
  endfacet
  facet normal -1 0 0
    outer loop
      vertex -79.1 -40.05 0
      vertex -79.1 -24.296100594190538 1.58172280493228
      vertex -79.1 -23.741708063526772 1.3833579856067466
    endloop
  endfacet
  facet normal -1 0 0
    outer loop
      vertex -79.1 -40.05 0
      vertex -79.1 -24.828380420955988 1.8334724139098695
      vertex -79.1 -24.296100594190538 1.58172280493228
    endloop
  endfacet
  facet normal -1 0 0
    outer loop
      vertex -79.1 -40.05 0
      vertex -79.1 -22 1.125
      vertex -79.1 0 0.125
    endloop
  endfacet
  facet normal -1 0 0
    outer loop
      vertex -79.1 -40.05 0
      vertex -79.1 -27.884711682419383 5.95445806790323
      vertex -79.1 -27.741642014393253 5.383291936473226
    endloop
  endfacet
  facet normal -1 0 0
    outer loop
      vertex -79.1 -40.05 0
      vertex -79.1 -40.05 14.25
      vertex -79.1 -27.884711682419383 5.95445806790323
    endloop
  endfacet
  facet normal 0 -1 0
    outer loop
      vertex -79.1 -40.05 0
      vertex -57.099999999999994 -40.05 3
      vertex -79.1 -40.05 14.25
    endloop
  endfacet
  facet normal 0 0 -1
    outer loop
      vertex -79.1 -40.05 0
      vertex -79.1 40.05 0
      vertex -71.1 -32.05 0
    endloop
  endfacet
  facet normal 0 0 -1
    outer loop
      vertex -79.1 -40.05 0
      vertex -71.1 -32.05 0
      vertex 71.1 -32.05 0
    endloop
  endfacet
  facet normal 0 -1 0
    outer loop
      vertex -79.1 -40.05 0
      vertex 79.1 -40.05 0
      vertex -57.099999999999994 -40.05 3
    endloop
  endfacet
  facet normal -1 0 0
    outer loop
      vertex -79.1 -27.884711682419383 5.95445806790323
      vertex -79.1 -40.05 14.25
      vertex -79.1 -27.97110836003318 6.5368971580226365
    endloop
  endfacet
  facet normal -1 0 0
    outer loop
      vertex -79.1 -27.97110836003318 6.5368971580226365
      vertex -79.1 -40.05 14.25
      vertex -79.1 -28 7.125
    endloop
  endfacet
  facet normal -1 0 0
    outer loop
      vertex -79.1 -28 7.125
      vertex -79.1 -40.05 14.25
      vertex -79.1 -27.97110836003318 7.7131028419773635
    endloop
  endfacet
  facet normal -1 0 0
    outer loop
      vertex -79.1 -27.97110836003318 7.7131028419773635
      vertex -79.1 -40.05 14.25
      vertex -79.1 -27.884711682419383 8.29554193209677
    endloop
  endfacet
  facet normal -1 0 0
    outer loop
      vertex -79.1 -27.884711682419383 8.29554193209677
      vertex -79.1 -40.05 14.25
      vertex -79.1 -27.741642014393253 8.866708063526774
    endloop
  endfacet
  facet normal 0 -1 0
    outer loop
      vertex -57.099999999999994 -40.05 3
      vertex -57.099999999999994 -40.05 14.25
      vertex -79.1 -40.05 14.25
    endloop
  endfacet
  facet normal -1 0 0
    outer loop
      vertex -79.1 -27.741642014393253 8.866708063526774
      vertex -79.1 -40.05 14.25
      vertex -79.1 -27.54327719506772 9.421100594190538
    endloop
  endfacet
  facet normal -1 0 0
    outer loop
      vertex -79.1 -27.54327719506772 9.421100594190538
      vertex -79.1 -40.05 14.25
      vertex -79.1 -27.29152758609013 9.953380420955986
    endloop
  endfacet
  facet normal -1 0 0
    outer loop
      vertex -79.1 -27.29152758609013 9.953380420955986
      vertex -79.1 -40.05 14.25
      vertex -79.1 -26.98881767381527 10.458421398117613
    endloop
  endfacet
  facet normal -1 0 0
    outer loop
      vertex -79.1 -26.98881767381527 10.458421398117613
      vertex -79.1 -40.05 14.25
      vertex -79.1 -26.63806272017642 10.931359704981872
    endloop
  endfacet
  facet normal -1 0 0
    outer loop
      vertex -79.1 -40.05 14.25
      vertex -79.1 -26.242640687119284 11.367640687119286
      vertex -79.1 -26.63806272017642 10.931359704981872
    endloop
  endfacet
  facet normal -1 0 0
    outer loop
      vertex -79.1 -40.05 14.25
      vertex -79.1 -25.806359704981872 11.763062720176421
      vertex -79.1 -26.242640687119284 11.367640687119286
    endloop
  endfacet
  facet normal -1 0 0
    outer loop
      vertex -79.1 -40.05 14.25
      vertex -79.1 -25.333421398117615 12.113817673815271
      vertex -79.1 -25.806359704981872 11.763062720176421
    endloop
  endfacet
  facet normal -1 0 0
    outer loop
      vertex -79.1 -40.05 14.25
      vertex -79.1 -24.828380420955988 12.41652758609013
      vertex -79.1 -25.333421398117615 12.113817673815271
    endloop
  endfacet
  facet normal 0 0 1
    outer loop
      vertex -79.1 -40.05 14.25
      vertex -60.69999999999999 -39.25 14.25
      vertex -75.1 -36.05 14.25
    endloop
  endfacet
  facet normal 0 0 1
    outer loop
      vertex -75.1 -36.05 14.25
      vertex -60.69999999999999 -39.25 14.25
      vertex -73.1 -36.05 14.25
    endloop
  endfacet
  facet normal 0 0 1
    outer loop
      vertex -79.1 -40.05 14.25
      vertex -57.099999999999994 -40.05 14.25
      vertex -60.69999999999999 -39.25 14.25
    endloop
  endfacet
  facet normal -1 0 0
    outer loop
      vertex -79.1 -40.05 14.25
      vertex -79.1 -24.296100594190538 12.66827719506772
      vertex -79.1 -24.828380420955988 12.41652758609013
    endloop
  endfacet
  facet normal -1 0 0
    outer loop
      vertex -79.1 -40.05 14.25
      vertex -79.1 -23.741708063526772 12.866642014393253
      vertex -79.1 -24.296100594190538 12.66827719506772
    endloop
  endfacet
  facet normal -1 0 0
    outer loop
      vertex -79.1 -40.05 14.25
      vertex -79.1 -23.170541932096768 13.009711682419383
      vertex -79.1 -23.741708063526772 12.866642014393253
    endloop
  endfacet
  facet normal -1 0 0
    outer loop
      vertex -79.1 -40.05 14.25
      vertex -79.1 -22.588102841977364 13.096108360033181
      vertex -79.1 -23.170541932096768 13.009711682419383
    endloop
  endfacet
  facet normal -1 0 0
    outer loop
      vertex -79.1 -40.05 14.25
      vertex -79.1 -22 13.125
      vertex -79.1 -22.588102841977364 13.096108360033181
    endloop
  endfacet
  facet normal -1 0 0
    outer loop
      vertex -79.1 -40.05 14.25
      vertex -79.1 0 14.125
      vertex -79.1 -22 13.125
    endloop
  endfacet
  facet normal 0 0 1
    outer loop
      vertex -57.099999999999994 -40.05 14.25
      vertex -59.099999999999994 -36.05 14.25
      vertex -60.69999999999999 -39.25 14.25
    endloop
  endfacet
  facet normal 0 0 1
    outer loop
      vertex -57.099999999999994 -40.05 14.25
      vertex -57.099999999999994 -36.05 14.25
      vertex -59.099999999999994 -36.05 14.25
    endloop
  endfacet
  facet normal 0 0 1
    outer loop
      vertex -79.1 -40.05 14.25
      vertex -75.1 -36.05 14.25
      vertex -75.1 36.05 14.25
    endloop
  endfacet
  facet normal -1 0 0
    outer loop
      vertex -79.1 -40.05 0
      vertex -79.1 0 0.125
      vertex -79.1 40.05 0
    endloop
  endfacet
  facet normal -1 0 0
    outer loop
      vertex -79.1 0 0.125
      vertex -79.1 0.6861199823069242 0.15870691329462172
      vertex -79.1 40.05 0
    endloop
  endfacet
  facet normal -1 0 0
    outer loop
      vertex -79.1 0.6861199823069242 0.15870691329462172
      vertex -79.1 1.3656322541128978 0.259503037177387
      vertex -79.1 40.05 0
    endloop
  endfacet
  facet normal -1 0 0
    outer loop
      vertex -79.1 1.3656322541128978 0.259503037177387
      vertex -79.1 2.031992740781236 0.426417649874538
      vertex -79.1 40.05 0
    endloop
  endfacet
  facet normal -1 0 0
    outer loop
      vertex -79.1 2.031992740781236 0.426417649874538
      vertex -79.1 2.6787840265556286 0.657843272420993
      vertex -79.1 40.05 0
    endloop
  endfacet
  facet normal -1 0 0
    outer loop
      vertex -79.1 2.6787840265556286 0.657843272420993
      vertex -79.1 3.2997771577819837 0.9515511495615145
      vertex -79.1 40.05 0
    endloop
  endfacet
  facet normal -1 0 0
    outer loop
      vertex -79.1 3.2997771577819837 0.9515511495615145
      vertex -79.1 3.8889916311372152 1.304712713882183
      vertex -79.1 40.05 0
    endloop
  endfacet
  facet normal -1 0 0
    outer loop
      vertex -79.1 3.8889916311372152 1.304712713882183
      vertex -79.1 4.440752989145518 1.713926826460841
      vertex -79.1 40.05 0
    endloop
  endfacet
  facet normal -1 0 0
    outer loop
      vertex -79.1 4.440752989145518 1.713926826460841
      vertex -79.1 4.949747468305833 2.1752525316941673
      vertex -79.1 40.05 0
    endloop
  endfacet
  facet normal -1 0 0
    outer loop
      vertex -79.1 4.949747468305833 2.1752525316941673
      vertex -79.1 5.411073173539159 2.684247010854482
      vertex -79.1 40.05 0
    endloop
  endfacet
  facet normal 0 0 -1
    outer loop
      vertex -71.1 -32.05 0
      vertex -79.1 40.05 0
      vertex -71.1 32.05 0
    endloop
  endfacet
  facet normal -1 0 0
    outer loop
      vertex -79.1 5.411073173539159 2.684247010854482
      vertex -79.1 5.820287286117817 3.2360083688627848
      vertex -79.1 40.05 0
    endloop
  endfacet
  facet normal -1 0 0
    outer loop
      vertex -79.1 5.820287286117817 3.2360083688627848
      vertex -79.1 6.1734488504384855 3.8252228422180163
      vertex -79.1 40.05 0
    endloop
  endfacet
  facet normal -1 0 0
    outer loop
      vertex -79.1 6.1734488504384855 3.8252228422180163
      vertex -79.1 6.467156727579007 4.446215973444371
      vertex -79.1 40.05 0
    endloop
  endfacet
  facet normal -1 0 0
    outer loop
      vertex -79.1 6.467156727579007 4.446215973444371
      vertex -79.1 6.698582350125462 5.093007259218764
      vertex -79.1 40.05 0
    endloop
  endfacet
  facet normal -1 0 0
    outer loop
      vertex -79.1 6.698582350125462 5.093007259218764
      vertex -79.1 6.865496962822613 5.759367745887102
      vertex -79.1 40.05 0
    endloop
  endfacet
  facet normal -1 0 0
    outer loop
      vertex -79.1 6.865496962822613 5.759367745887102
      vertex -79.1 6.966293086705378 6.438880017693076
      vertex -79.1 40.05 0
    endloop
  endfacet
  facet normal -1 0 0
    outer loop
      vertex -79.1 6.966293086705378 6.438880017693076
      vertex -79.1 7 7.125
      vertex -79.1 40.05 0
    endloop
  endfacet
  facet normal -1 0 0
    outer loop
      vertex -79.1 40.05 0
      vertex -79.1 7 7.125
      vertex -79.1 6.966293086705378 7.811119982306924
    endloop
  endfacet
  facet normal 0 1 0
    outer loop
      vertex -79.1 40.05 0
      vertex -79.1 40.05 14.25
      vertex -57.099999999999994 40.05 3
    endloop
  endfacet
  facet normal 0 0 -1
    outer loop
      vertex -79.1 40.05 0
      vertex 79.1 40.05 0
      vertex -71.1 32.05 0
    endloop
  endfacet
  facet normal 0 1 0
    outer loop
      vertex -79.1 40.05 0
      vertex -57.099999999999994 40.05 3
      vertex 57.099999999999994 40.05 3
    endloop
  endfacet
  facet normal -1 0 0
    outer loop
      vertex -79.1 6.966293086705378 7.811119982306924
      vertex -79.1 6.865496962822613 8.490632254112898
      vertex -79.1 40.05 14.25
    endloop
  endfacet
  facet normal -1 0 0
    outer loop
      vertex -79.1 6.865496962822613 8.490632254112898
      vertex -79.1 6.698582350125462 9.156992740781236
      vertex -79.1 40.05 14.25
    endloop
  endfacet
  facet normal -1 0 0
    outer loop
      vertex -79.1 -40.05 14.25
      vertex -79.1 40.05 14.25
      vertex -79.1 0 14.125
    endloop
  endfacet
  facet normal -1 0 0
    outer loop
      vertex -79.1 6.698582350125462 9.156992740781236
      vertex -79.1 6.467156727579007 9.803784026555629
      vertex -79.1 40.05 14.25
    endloop
  endfacet
  facet normal -1 0 0
    outer loop
      vertex -79.1 6.467156727579007 9.803784026555629
      vertex -79.1 6.1734488504384855 10.424777157781984
      vertex -79.1 40.05 14.25
    endloop
  endfacet
  facet normal -1 0 0
    outer loop
      vertex -79.1 6.1734488504384855 10.424777157781984
      vertex -79.1 5.820287286117817 11.013991631137216
      vertex -79.1 40.05 14.25
    endloop
  endfacet
  facet normal -1 0 0
    outer loop
      vertex -79.1 5.820287286117817 11.013991631137216
      vertex -79.1 5.411073173539159 11.565752989145519
      vertex -79.1 40.05 14.25
    endloop
  endfacet
  facet normal 0 0 1
    outer loop
      vertex -79.1 -40.05 14.25
      vertex -75.1 36.05 14.25
      vertex -79.1 40.05 14.25
    endloop
  endfacet
  facet normal -1 0 0
    outer loop
      vertex -79.1 0 14.125
      vertex -79.1 40.05 14.25
      vertex -79.1 0.6861199823069242 14.091293086705377
    endloop
  endfacet
  facet normal -1 0 0
    outer loop
      vertex -79.1 2.031992740781236 13.823582350125463
      vertex -79.1 40.05 14.25
      vertex -79.1 2.6787840265556286 13.592156727579006
    endloop
  endfacet
  facet normal -1 0 0
    outer loop
      vertex -79.1 1.3656322541128978 13.990496962822613
      vertex -79.1 40.05 14.25
      vertex -79.1 2.031992740781236 13.823582350125463
    endloop
  endfacet
  facet normal -1 0 0
    outer loop
      vertex -79.1 0.6861199823069242 14.091293086705377
      vertex -79.1 40.05 14.25
      vertex -79.1 1.3656322541128978 13.990496962822613
    endloop
  endfacet
  facet normal -1 0 0
    outer loop
      vertex -79.1 4.949747468305833 12.074747468305834
      vertex -79.1 40.05 14.25
      vertex -79.1 5.411073173539159 11.565752989145519
    endloop
  endfacet
  facet normal -1 0 0
    outer loop
      vertex -79.1 4.440752989145518 12.536073173539158
      vertex -79.1 3.8889916311372152 12.945287286117818
      vertex -79.1 40.05 14.25
    endloop
  endfacet
  facet normal -1 0 0
    outer loop
      vertex -79.1 4.949747468305833 12.074747468305834
      vertex -79.1 4.440752989145518 12.536073173539158
      vertex -79.1 40.05 14.25
    endloop
  endfacet
  facet normal -1 0 0
    outer loop
      vertex -79.1 3.2997771577819837 13.298448850438486
      vertex -79.1 40.05 14.25
      vertex -79.1 3.8889916311372152 12.945287286117818
    endloop
  endfacet
  facet normal -1 0 0
    outer loop
      vertex -79.1 3.2997771577819837 13.298448850438486
      vertex -79.1 2.6787840265556286 13.592156727579006
      vertex -79.1 40.05 14.25
    endloop
  endfacet
  facet normal -1 0 0
    outer loop
      vertex -79.1 40.05 0
      vertex -79.1 6.966293086705378 7.811119982306924
      vertex -79.1 40.05 14.25
    endloop
  endfacet
  facet normal 0 1 0
    outer loop
      vertex -57.099999999999994 40.05 3
      vertex -79.1 40.05 14.25
      vertex -57.099999999999994 40.05 14.25
    endloop
  endfacet
  facet normal 0 0 1
    outer loop
      vertex -75.1 36.05 14.25
      vertex -57.099999999999994 36.05 14.25
      vertex -79.1 40.05 14.25
    endloop
  endfacet
  facet normal 0 0 1
    outer loop
      vertex -79.1 40.05 14.25
      vertex -57.099999999999994 36.05 14.25
      vertex -57.099999999999994 40.05 14.25
    endloop
  endfacet
  facet normal 0 0 -1
    outer loop
      vertex -79.1 -40.05 0
      vertex 71.1 -32.05 0
      vertex 79.1 -40.05 0
    endloop
  endfacet
  facet normal 0 -1 0
    outer loop
      vertex -57.099999999999994 -40.05 3
      vertex 79.1 -40.05 0
      vertex 57.099999999999994 -40.05 3
    endloop
  endfacet
  facet normal 1 0 0
    outer loop
      vertex 79.1 -40.05 0
      vertex 79.1 -24.828380420955988 1.8334724139098695
      vertex 79.1 -25.333421398117615 2.136182326184729
    endloop
  endfacet
  facet normal 1 0 0
    outer loop
      vertex 79.1 -40.05 0
      vertex 79.1 -25.333421398117615 2.136182326184729
      vertex 79.1 -25.806359704981872 2.486937279823578
    endloop
  endfacet
  facet normal 1 0 0
    outer loop
      vertex 79.1 -40.05 0
      vertex 79.1 -25.806359704981872 2.486937279823578
      vertex 79.1 -26.242640687119284 2.8823593128807143
    endloop
  endfacet
  facet normal 1 0 0
    outer loop
      vertex 79.1 -40.05 0
      vertex 79.1 -26.242640687119284 2.8823593128807143
      vertex 79.1 -26.63806272017642 3.318640295018127
    endloop
  endfacet
  facet normal 1 0 0
    outer loop
      vertex 79.1 -40.05 0
      vertex 79.1 -26.63806272017642 3.318640295018127
      vertex 79.1 -26.98881767381527 3.791578601882387
    endloop
  endfacet
  facet normal 1 0 0
    outer loop
      vertex 79.1 -40.05 0
      vertex 79.1 -26.98881767381527 3.791578601882387
      vertex 79.1 -27.29152758609013 4.296619579044014
    endloop
  endfacet
  facet normal 1 0 0
    outer loop
      vertex 79.1 -40.05 0
      vertex 79.1 -27.29152758609013 4.296619579044014
      vertex 79.1 -27.54327719506772 4.828899405809461
    endloop
  endfacet
  facet normal 1 0 0
    outer loop
      vertex 79.1 -40.05 0
      vertex 79.1 -27.54327719506772 4.828899405809461
      vertex 79.1 -27.741642014393253 5.383291936473226
    endloop
  endfacet
  facet normal 1 0 0
    outer loop
      vertex 79.1 -40.05 0
      vertex 79.1 -23.170541932096768 1.2402883175806174
      vertex 79.1 -23.741708063526772 1.3833579856067466
    endloop
  endfacet
  facet normal 1 0 0
    outer loop
      vertex 79.1 -40.05 0
      vertex 79.1 -22 1.125
      vertex 79.1 -22.588102841977364 1.1538916399668189
    endloop
  endfacet
  facet normal 1 0 0
    outer loop
      vertex 79.1 -40.05 0
      vertex 79.1 -22.588102841977364 1.1538916399668189
      vertex 79.1 -23.170541932096768 1.2402883175806174
    endloop
  endfacet
  facet normal 1 0 0
    outer loop
      vertex 79.1 -40.05 0
      vertex 79.1 -23.741708063526772 1.3833579856067466
      vertex 79.1 -24.296100594190538 1.58172280493228
    endloop
  endfacet
  facet normal 1 0 0
    outer loop
      vertex 79.1 -40.05 0
      vertex 79.1 -24.296100594190538 1.58172280493228
      vertex 79.1 -24.828380420955988 1.8334724139098695
    endloop
  endfacet
  facet normal 1 0 0
    outer loop
      vertex 79.1 -40.05 0
      vertex 79.1 0 0.125
      vertex 79.1 -22 1.125
    endloop
  endfacet
  facet normal 1 0 0
    outer loop
      vertex 79.1 -40.05 0
      vertex 79.1 -27.741642014393253 5.383291936473226
      vertex 79.1 -27.884711682419383 5.95445806790323
    endloop
  endfacet
  facet normal 1 0 0
    outer loop
      vertex 79.1 -40.05 0
      vertex 79.1 -27.884711682419383 5.95445806790323
      vertex 79.1 -27.97110836003318 6.5368971580226365
    endloop
  endfacet
  facet normal 1 0 0
    outer loop
      vertex 79.1 -40.05 0
      vertex 79.1 -27.97110836003318 6.5368971580226365
      vertex 79.1 -28 7.125
    endloop
  endfacet
  facet normal 1 0 0
    outer loop
      vertex 79.1 -40.05 0
      vertex 79.1 -28 7.125
      vertex 79.1 -27.97110836003318 7.7131028419773635
    endloop
  endfacet
  facet normal 1 0 0
    outer loop
      vertex 79.1 -40.05 0
      vertex 79.1 -27.97110836003318 7.7131028419773635
      vertex 79.1 -27.884711682419383 8.29554193209677
    endloop
  endfacet
  facet normal 0 -1 0
    outer loop
      vertex 57.099999999999994 -40.05 3
      vertex 79.1 -40.05 0
      vertex 79.1 -40.05 14.25
    endloop
  endfacet
  facet normal 0 0 -1
    outer loop
      vertex 71.1 -32.05 0
      vertex 71.1 32.05 0
      vertex 79.1 -40.05 0
    endloop
  endfacet
  facet normal 1 0 0
    outer loop
      vertex 79.1 -40.05 0
      vertex 79.1 -27.884711682419383 8.29554193209677
      vertex 79.1 -40.05 14.25
    endloop
  endfacet
  facet normal 0 -1 0
    outer loop
      vertex 57.099999999999994 -40.05 3
      vertex 79.1 -40.05 14.25
      vertex 57.099999999999994 -40.05 14.25
    endloop
  endfacet
  facet normal 1 0 0
    outer loop
      vertex 79.1 -27.884711682419383 8.29554193209677
      vertex 79.1 -27.741642014393253 8.866708063526774
      vertex 79.1 -40.05 14.25
    endloop
  endfacet
  facet normal 0 0 1
    outer loop
      vertex 57.099999999999994 -40.05 14.25
      vertex 69.67142857142856 -38.33571428571428 14.25
      vertex 57.099999999999994 -36.05 14.25
    endloop
  endfacet
  facet normal 0 0 1
    outer loop
      vertex 57.099999999999994 -36.05 14.25
      vertex 69.67142857142856 -38.33571428571428 14.25
      vertex 59.099999999999994 -36.05 14.25
    endloop
  endfacet
  facet normal 1 0 0
    outer loop
      vertex 79.1 -27.741642014393253 8.866708063526774
      vertex 79.1 -27.54327719506772 9.421100594190538
      vertex 79.1 -40.05 14.25
    endloop
  endfacet
  facet normal 1 0 0
    outer loop
      vertex 79.1 -27.54327719506772 9.421100594190538
      vertex 79.1 -27.29152758609013 9.953380420955986
      vertex 79.1 -40.05 14.25
    endloop
  endfacet
  facet normal 1 0 0
    outer loop
      vertex 79.1 -27.29152758609013 9.953380420955986
      vertex 79.1 -26.98881767381527 10.458421398117613
      vertex 79.1 -40.05 14.25
    endloop
  endfacet
  facet normal 1 0 0
    outer loop
      vertex 79.1 -26.98881767381527 10.458421398117613
      vertex 79.1 -26.63806272017642 10.931359704981872
      vertex 79.1 -40.05 14.25
    endloop
  endfacet
  facet normal 1 0 0
    outer loop
      vertex 79.1 -40.05 14.25
      vertex 79.1 -26.63806272017642 10.931359704981872
      vertex 79.1 -26.242640687119284 11.367640687119286
    endloop
  endfacet
  facet normal 1 0 0
    outer loop
      vertex 79.1 -40.05 14.25
      vertex 79.1 -26.242640687119284 11.367640687119286
      vertex 79.1 -25.806359704981872 11.763062720176421
    endloop
  endfacet
  facet normal 0 0 1
    outer loop
      vertex 57.099999999999994 -40.05 14.25
      vertex 79.1 -40.05 14.25
      vertex 69.67142857142856 -38.33571428571428 14.25
    endloop
  endfacet
  facet normal 0 0 1
    outer loop
      vertex 79.1 -40.05 14.25
      vertex 73.1 -36.05 14.25
      vertex 69.67142857142856 -38.33571428571428 14.25
    endloop
  endfacet
  facet normal 0 0 1
    outer loop
      vertex 79.1 -40.05 14.25
      vertex 75.1 -36.05 14.25
      vertex 73.1 -36.05 14.25
    endloop
  endfacet
  facet normal 1 0 0
    outer loop
      vertex 79.1 -40.05 14.25
      vertex 79.1 -25.806359704981872 11.763062720176421
      vertex 79.1 -25.333421398117615 12.113817673815271
    endloop
  endfacet
  facet normal 1 0 0
    outer loop
      vertex 79.1 -40.05 14.25
      vertex 79.1 -25.333421398117615 12.113817673815271
      vertex 79.1 -24.828380420955988 12.41652758609013
    endloop
  endfacet
  facet normal 1 0 0
    outer loop
      vertex 79.1 -40.05 14.25
      vertex 79.1 -24.828380420955988 12.41652758609013
      vertex 79.1 -24.296100594190538 12.66827719506772
    endloop
  endfacet
  facet normal 1 0 0
    outer loop
      vertex 79.1 -40.05 14.25
      vertex 79.1 -24.296100594190538 12.66827719506772
      vertex 79.1 -23.741708063526772 12.866642014393253
    endloop
  endfacet
  facet normal 1 0 0
    outer loop
      vertex 79.1 -40.05 14.25
      vertex 79.1 -23.741708063526772 12.866642014393253
      vertex 79.1 -23.170541932096768 13.009711682419383
    endloop
  endfacet
  facet normal 1 0 0
    outer loop
      vertex 79.1 -40.05 14.25
      vertex 79.1 -23.170541932096768 13.009711682419383
      vertex 79.1 -22.588102841977364 13.096108360033181
    endloop
  endfacet
  facet normal 1 0 0
    outer loop
      vertex 79.1 -40.05 14.25
      vertex 79.1 -22.588102841977364 13.096108360033181
      vertex 79.1 -22 13.125
    endloop
  endfacet
  facet normal 1 0 0
    outer loop
      vertex 79.1 -40.05 14.25
      vertex 79.1 -22 13.125
      vertex 79.1 0 14.125
    endloop
  endfacet
  facet normal 0 0 1
    outer loop
      vertex 79.1 -40.05 14.25
      vertex 79.1 40.05 14.25
      vertex 75.1 -36.05 14.25
    endloop
  endfacet
  facet normal 0 1 0
    outer loop
      vertex -79.1 40.05 0
      vertex 57.099999999999994 40.05 3
      vertex 79.1 40.05 0
    endloop
  endfacet
  facet normal 0 0 -1
    outer loop
      vertex -71.1 32.05 0
      vertex 79.1 40.05 0
      vertex 71.1 32.05 0
    endloop
  endfacet
  facet normal 1 0 0
    outer loop
      vertex 79.1 -40.05 0
      vertex 79.1 40.05 0
      vertex 79.1 0 0.125
    endloop
  endfacet
  facet normal 0 0 -1
    outer loop
      vertex 79.1 -40.05 0
      vertex 71.1 32.05 0
      vertex 79.1 40.05 0
    endloop
  endfacet
  facet normal 1 0 0
    outer loop
      vertex 79.1 0 0.125
      vertex 79.1 40.05 0
      vertex 79.1 0.6861199823069242 0.15870691329462172
    endloop
  endfacet
  facet normal 1 0 0
    outer loop
      vertex 79.1 0.6861199823069242 0.15870691329462172
      vertex 79.1 40.05 0
      vertex 79.1 1.3656322541128978 0.259503037177387
    endloop
  endfacet
  facet normal 1 0 0
    outer loop
      vertex 79.1 1.3656322541128978 0.259503037177387
      vertex 79.1 40.05 0
      vertex 79.1 2.031992740781236 0.426417649874538
    endloop
  endfacet
  facet normal 1 0 0
    outer loop
      vertex 79.1 2.031992740781236 0.426417649874538
      vertex 79.1 40.05 0
      vertex 79.1 2.6787840265556286 0.657843272420993
    endloop
  endfacet
  facet normal 1 0 0
    outer loop
      vertex 79.1 2.6787840265556286 0.657843272420993
      vertex 79.1 40.05 0
      vertex 79.1 3.2997771577819837 0.9515511495615145
    endloop
  endfacet
  facet normal 1 0 0
    outer loop
      vertex 79.1 3.2997771577819837 0.9515511495615145
      vertex 79.1 40.05 0
      vertex 79.1 3.8889916311372152 1.304712713882183
    endloop
  endfacet
  facet normal 1 0 0
    outer loop
      vertex 79.1 3.8889916311372152 1.304712713882183
      vertex 79.1 40.05 0
      vertex 79.1 4.440752989145518 1.713926826460841
    endloop
  endfacet
  facet normal 1 0 0
    outer loop
      vertex 79.1 4.440752989145518 1.713926826460841
      vertex 79.1 40.05 0
      vertex 79.1 4.949747468305833 2.1752525316941673
    endloop
  endfacet
  facet normal 1 0 0
    outer loop
      vertex 79.1 4.949747468305833 2.1752525316941673
      vertex 79.1 40.05 0
      vertex 79.1 5.411073173539159 2.684247010854482
    endloop
  endfacet
  facet normal 1 0 0
    outer loop
      vertex 79.1 5.411073173539159 2.684247010854482
      vertex 79.1 40.05 0
      vertex 79.1 5.820287286117817 3.2360083688627848
    endloop
  endfacet
  facet normal 1 0 0
    outer loop
      vertex 79.1 5.820287286117817 3.2360083688627848
      vertex 79.1 40.05 0
      vertex 79.1 6.1734488504384855 3.8252228422180163
    endloop
  endfacet
  facet normal 1 0 0
    outer loop
      vertex 79.1 6.1734488504384855 3.8252228422180163
      vertex 79.1 40.05 0
      vertex 79.1 6.467156727579007 4.446215973444371
    endloop
  endfacet
  facet normal 1 0 0
    outer loop
      vertex 79.1 6.467156727579007 4.446215973444371
      vertex 79.1 40.05 0
      vertex 79.1 6.698582350125462 5.093007259218764
    endloop
  endfacet
  facet normal 1 0 0
    outer loop
      vertex 79.1 6.698582350125462 5.093007259218764
      vertex 79.1 40.05 0
      vertex 79.1 6.865496962822613 5.759367745887102
    endloop
  endfacet
  facet normal 1 0 0
    outer loop
      vertex 79.1 6.865496962822613 5.759367745887102
      vertex 79.1 40.05 0
      vertex 79.1 6.966293086705378 6.438880017693076
    endloop
  endfacet
  facet normal 1 0 0
    outer loop
      vertex 79.1 6.966293086705378 6.438880017693076
      vertex 79.1 40.05 0
      vertex 79.1 40.05 14.25
    endloop
  endfacet
  facet normal 0 1 0
    outer loop
      vertex 57.099999999999994 40.05 3
      vertex 79.1 40.05 14.25
      vertex 79.1 40.05 0
    endloop
  endfacet
  facet normal 1 0 0
    outer loop
      vertex 79.1 6.966293086705378 6.438880017693076
      vertex 79.1 40.05 14.25
      vertex 79.1 7 7.125
    endloop
  endfacet
  facet normal 1 0 0
    outer loop
      vertex 79.1 7 7.125
      vertex 79.1 40.05 14.25
      vertex 79.1 6.966293086705378 7.811119982306924
    endloop
  endfacet
  facet normal 1 0 0
    outer loop
      vertex 79.1 6.966293086705378 7.811119982306924
      vertex 79.1 40.05 14.25
      vertex 79.1 6.865496962822613 8.490632254112898
    endloop
  endfacet
  facet normal 1 0 0
    outer loop
      vertex 79.1 6.865496962822613 8.490632254112898
      vertex 79.1 40.05 14.25
      vertex 79.1 6.698582350125462 9.156992740781236
    endloop
  endfacet
  facet normal 1 0 0
    outer loop
      vertex 79.1 -40.05 14.25
      vertex 79.1 0 14.125
      vertex 79.1 40.05 14.25
    endloop
  endfacet
  facet normal 1 0 0
    outer loop
      vertex 79.1 6.698582350125462 9.156992740781236
      vertex 79.1 40.05 14.25
      vertex 79.1 6.467156727579007 9.803784026555629
    endloop
  endfacet
  facet normal 1 0 0
    outer loop
      vertex 79.1 6.467156727579007 9.803784026555629
      vertex 79.1 40.05 14.25
      vertex 79.1 6.1734488504384855 10.424777157781984
    endloop
  endfacet
  facet normal 1 0 0
    outer loop
      vertex 79.1 6.1734488504384855 10.424777157781984
      vertex 79.1 40.05 14.25
      vertex 79.1 5.820287286117817 11.013991631137216
    endloop
  endfacet
  facet normal 1 0 0
    outer loop
      vertex 79.1 5.820287286117817 11.013991631137216
      vertex 79.1 40.05 14.25
      vertex 79.1 5.411073173539159 11.565752989145519
    endloop
  endfacet
  facet normal 0 0 1
    outer loop
      vertex 75.1 -36.05 14.25
      vertex 79.1 40.05 14.25
      vertex 75.1 36.05 14.25
    endloop
  endfacet
  facet normal 1 0 0
    outer loop
      vertex 79.1 0 14.125
      vertex 79.1 0.6861199823069242 14.091293086705377
      vertex 79.1 40.05 14.25
    endloop
  endfacet
  facet normal 1 0 0
    outer loop
      vertex 79.1 2.031992740781236 13.823582350125463
      vertex 79.1 2.6787840265556286 13.592156727579006
      vertex 79.1 40.05 14.25
    endloop
  endfacet
  facet normal 1 0 0
    outer loop
      vertex 79.1 1.3656322541128978 13.990496962822613
      vertex 79.1 2.031992740781236 13.823582350125463
      vertex 79.1 40.05 14.25
    endloop
  endfacet
  facet normal 1 0 0
    outer loop
      vertex 79.1 0.6861199823069242 14.091293086705377
      vertex 79.1 1.3656322541128978 13.990496962822613
      vertex 79.1 40.05 14.25
    endloop
  endfacet
  facet normal 1 0 0
    outer loop
      vertex 79.1 4.949747468305833 12.074747468305834
      vertex 79.1 5.411073173539159 11.565752989145519
      vertex 79.1 40.05 14.25
    endloop
  endfacet
  facet normal 1 0 0
    outer loop
      vertex 79.1 4.440752989145518 12.536073173539158
      vertex 79.1 40.05 14.25
      vertex 79.1 3.8889916311372152 12.945287286117818
    endloop
  endfacet
  facet normal 1 0 0
    outer loop
      vertex 79.1 4.949747468305833 12.074747468305834
      vertex 79.1 40.05 14.25
      vertex 79.1 4.440752989145518 12.536073173539158
    endloop
  endfacet
  facet normal 1 0 0
    outer loop
      vertex 79.1 3.2997771577819837 13.298448850438486
      vertex 79.1 3.8889916311372152 12.945287286117818
      vertex 79.1 40.05 14.25
    endloop
  endfacet
  facet normal 1 0 0
    outer loop
      vertex 79.1 3.2997771577819837 13.298448850438486
      vertex 79.1 40.05 14.25
      vertex 79.1 2.6787840265556286 13.592156727579006
    endloop
  endfacet
  facet normal 0 1 0
    outer loop
      vertex 57.099999999999994 40.05 3
      vertex 57.099999999999994 40.05 14.25
      vertex 79.1 40.05 14.25
    endloop
  endfacet
  facet normal 0 0 1
    outer loop
      vertex 57.099999999999994 36.05 14.25
      vertex 75.1 36.05 14.25
      vertex 57.099999999999994 40.05 14.25
    endloop
  endfacet
  facet normal 0 0 1
    outer loop
      vertex 57.099999999999994 40.05 14.25
      vertex 75.1 36.05 14.25
      vertex 79.1 40.05 14.25
    endloop
  endfacet
  facet normal 1 0 0
    outer loop
      vertex -57.099999999999994 -40.05 3
      vertex -57.099999999999994 -36.05 3
      vertex -57.099999999999994 -36.05 14.25
    endloop
  endfacet
  facet normal 0 0 1
    outer loop
      vertex -57.099999999999994 -40.05 3
      vertex 45.67999999999999 -36.05 3
      vertex -57.099999999999994 -36.05 3
    endloop
  endfacet
  facet normal 1 0 0
    outer loop
      vertex -57.099999999999994 -40.05 3
      vertex -57.099999999999994 -36.05 14.25
      vertex -57.099999999999994 -40.05 14.25
    endloop
  endfacet
  facet normal 0 0 1
    outer loop
      vertex -57.099999999999994 -40.05 3
      vertex 57.099999999999994 -36.05 3
      vertex 45.67999999999999 -36.05 3
    endloop
  endfacet
  facet normal 0 0 1
    outer loop
      vertex -57.099999999999994 -40.05 3
      vertex 57.099999999999994 -40.05 3
      vertex 57.099999999999994 -36.05 3
    endloop
  endfacet
  facet normal -1 0 0
    outer loop
      vertex 57.099999999999994 -40.05 3
      vertex 57.099999999999994 -40.05 14.25
      vertex 57.099999999999994 -36.05 3
    endloop
  endfacet
  facet normal -1 0 0
    outer loop
      vertex 57.099999999999994 -36.05 3
      vertex 57.099999999999994 -40.05 14.25
      vertex 57.099999999999994 -36.05 14.25
    endloop
  endfacet
  facet normal 1 0 0
    outer loop
      vertex -57.099999999999994 36.05 3
      vertex -57.099999999999994 40.05 3
      vertex -57.099999999999994 40.05 14.25
    endloop
  endfacet
  facet normal 0 0 1
    outer loop
      vertex -57.099999999999994 36.05 3
      vertex 57.099999999999994 40.05 3
      vertex -57.099999999999994 40.05 3
    endloop
  endfacet
  facet normal 0 0 1
    outer loop
      vertex -57.099999999999994 36.05 3
      vertex -45.67999999999999 36.05 3
      vertex 57.099999999999994 40.05 3
    endloop
  endfacet
  facet normal 1 0 0
    outer loop
      vertex -57.099999999999994 36.05 3
      vertex -57.099999999999994 40.05 14.25
      vertex -57.099999999999994 36.05 14.25
    endloop
  endfacet
  facet normal 0 0 1
    outer loop
      vertex -45.67999999999999 36.05 3
      vertex 57.099999999999994 36.05 3
      vertex 57.099999999999994 40.05 3
    endloop
  endfacet
  facet normal -1 0 0
    outer loop
      vertex 57.099999999999994 36.05 3
      vertex 57.099999999999994 36.05 14.25
      vertex 57.099999999999994 40.05 3
    endloop
  endfacet
  facet normal -1 0 0
    outer loop
      vertex 57.099999999999994 40.05 3
      vertex 57.099999999999994 36.05 14.25
      vertex 57.099999999999994 40.05 14.25
    endloop
  endfacet
  facet normal 0 0.049067674327415316 0.9987954562051725
    outer loop
      vertex -85.1 -0.1764308525932091 5.333667491990045
      vertex -78.1 -0.1764308525932091 5.333667491990045
      vertex -85.1 0 5.325
    endloop
  endfacet
  facet normal 0 0.14673047445536458 0.9891765099647805
    outer loop
      vertex -85.1 -0.1764308525932091 5.333667491990045
      vertex -78.1 -0.35116257962903086 5.359586495274185
      vertex -78.1 -0.1764308525932091 5.333667491990045
    endloop
  endfacet
  facet normal -4.115267104503206e-20 0.049067674327415316 0.9987954562051725
    outer loop
      vertex -78.1 -0.1764308525932091 5.333667491990045
      vertex -78.1 0 5.325
      vertex -85.1 0 5.325
    endloop
  endfacet
  facet normal 0 0.3368898533922228 0.9415440651830198
    outer loop
      vertex -85.1 -0.6888301782571616 5.462016841479684
      vertex -78.1 -0.6888301782571616 5.462016841479684
      vertex -85.1 -0.5225124190580323 5.402507395682024
    endloop
  endfacet
  facet normal 3.135259515555391e-19 0.4275550934302789 0.9039892931234449
    outer loop
      vertex -85.1 -0.6888301782571616 5.462016841479684
      vertex -85.1 -0.8485141262867958 5.537541724172961
      vertex -78.1 -0.8485141262867958 5.537541724172961
    endloop
  endfacet
  facet normal 3.443998432981593e-19 0.24298017990326243 0.9700312531945444
    outer loop
      vertex -85.1 -0.35116257962903086 5.359586495274185
      vertex -85.1 -0.5225124190580323 5.402507395682024
      vertex -78.1 -0.5225124190580323 5.402507395682024
    endloop
  endfacet
  facet normal -3.8917124011888133e-20 0.14673047445536458 0.9891765099647805
    outer loop
      vertex -85.1 -0.1764308525932091 5.333667491990045
      vertex -85.1 -0.35116257962903086 5.359586495274185
      vertex -78.1 -0.35116257962903086 5.359586495274185
    endloop
  endfacet
  facet normal 2.344011529844169e-19 0.514102744193223 0.8577286100002712
    outer loop
      vertex -85.1 -0.8485141262867958 5.537541724172961
      vertex -85.1 -1.000026419435284 5.628354697855419
      vertex -78.1 -1.000026419435284 5.628354697855419
    endloop
  endfacet
  facet normal -4.358268454057821e-19 0.5956993044924336 0.8032075314806447
    outer loop
      vertex -85.1 -1.000026419435284 5.628354697855419
      vertex -85.1 -1.1419079114945618 5.733581183947074
      vertex -78.1 -1.1419079114945618 5.733581183947074
    endloop
  endfacet
  facet normal 0 0.4275550934302789 0.9039892931234449
    outer loop
      vertex -85.1 -0.6888301782571616 5.462016841479684
      vertex -78.1 -0.8485141262867958 5.537541724172961
      vertex -78.1 -0.6888301782571616 5.462016841479684
    endloop
  endfacet
  facet normal 0 0.24298017990326243 0.9700312531945444
    outer loop
      vertex -85.1 -0.35116257962903086 5.359586495274185
      vertex -78.1 -0.5225124190580323 5.402507395682024
      vertex -78.1 -0.35116257962903086 5.359586495274185
    endloop
  endfacet
  facet normal 0 0.3368898533922228 0.9415440651830198
    outer loop
      vertex -85.1 -0.5225124190580323 5.402507395682024
      vertex -78.1 -0.6888301782571616 5.462016841479684
      vertex -78.1 -0.5225124190580323 5.402507395682024
    endloop
  endfacet
  facet normal 0 0.5956993044924336 0.8032075314806447
    outer loop
      vertex -85.1 -1.000026419435284 5.628354697855419
      vertex -78.1 -1.1419079114945618 5.733581183947074
      vertex -78.1 -1.000026419435284 5.628354697855419
    endloop
  endfacet
  facet normal 0 0.514102744193223 0.8577286100002712
    outer loop
      vertex -85.1 -0.8485141262867958 5.537541724172961
      vertex -78.1 -1.000026419435284 5.628354697855419
      vertex -78.1 -0.8485141262867958 5.537541724172961
    endloop
  endfacet
  facet normal 0 0.6715589548470169 0.7409511253549604
    outer loop
      vertex -85.1 -1.1419079114945618 5.733581183947074
      vertex -78.1 -1.2727922061357857 5.852207793864214
      vertex -78.1 -1.1419079114945618 5.733581183947074
    endloop
  endfacet
  facet normal -1.486959923195891e-19 0.740951125354961 0.6715589548470163
    outer loop
      vertex -85.1 -1.2727922061357857 5.852207793864214
      vertex -85.1 -1.3914188160529266 5.983092088505439
      vertex -78.1 -1.3914188160529266 5.983092088505439
    endloop
  endfacet
  facet normal -2.9720189785206744e-19 0.8032075314806445 0.595699304492434
    outer loop
      vertex -85.1 -1.3914188160529266 5.983092088505439
      vertex -85.1 -1.4966453021445814 6.124973580564716
      vertex -78.1 -1.4966453021445814 6.124973580564716
    endloop
  endfacet
  facet normal 5.228477766062157e-19 0.8577286100002716 0.5141027441932224
    outer loop
      vertex -85.1 -1.4966453021445814 6.124973580564716
      vertex -85.1 -1.587458275827039 6.276485873713204
      vertex -78.1 -1.587458275827039 6.276485873713204
    endloop
  endfacet
  facet normal 2.1902203266309113e-20 0.6715589548470169 0.7409511253549604
    outer loop
      vertex -85.1 -1.1419079114945618 5.733581183947074
      vertex -85.1 -1.2727922061357857 5.852207793864214
      vertex -78.1 -1.2727922061357857 5.852207793864214
    endloop
  endfacet
  facet normal 0 0.740951125354961 0.6715589548470163
    outer loop
      vertex -85.1 -1.2727922061357857 5.852207793864214
      vertex -78.1 -1.3914188160529266 5.983092088505439
      vertex -78.1 -1.2727922061357857 5.852207793864214
    endloop
  endfacet
  facet normal 0 0.8032075314806445 0.595699304492434
    outer loop
      vertex -85.1 -1.3914188160529266 5.983092088505439
      vertex -78.1 -1.4966453021445814 6.124973580564716
      vertex -78.1 -1.3914188160529266 5.983092088505439
    endloop
  endfacet
  facet normal 0 0.8577286100002716 0.5141027441932224
    outer loop
      vertex -85.1 -1.4966453021445814 6.124973580564716
      vertex -78.1 -1.587458275827039 6.276485873713204
      vertex -78.1 -1.4966453021445814 6.124973580564716
    endloop
  endfacet
  facet normal -6.025920587869261e-19 0.9039892931234439 0.427555093430281
    outer loop
      vertex -85.1 -1.587458275827039 6.276485873713204
      vertex -85.1 -1.662983158520316 6.436169821742839
      vertex -78.1 -1.662983158520316 6.436169821742839
    endloop
  endfacet
  facet normal -2.9085034547892705e-19 0.9415440651830203 0.3368898533922218
    outer loop
      vertex -85.1 -1.662983158520316 6.436169821742839
      vertex -85.1 -1.722492604317976 6.602487580941967
      vertex -78.1 -1.722492604317976 6.602487580941967
    endloop
  endfacet
  facet normal 0 0.9039892931234439 0.427555093430281
    outer loop
      vertex -85.1 -1.587458275827039 6.276485873713204
      vertex -78.1 -1.662983158520316 6.436169821742839
      vertex -78.1 -1.587458275827039 6.276485873713204
    endloop
  endfacet
  facet normal 0 0.9415440651830203 0.3368898533922218
    outer loop
      vertex -85.1 -1.662983158520316 6.436169821742839
      vertex -78.1 -1.722492604317976 6.602487580941967
      vertex -78.1 -1.662983158520316 6.436169821742839
    endloop
  endfacet
  facet normal 0 0.9700312531945442 0.24298017990326268
    outer loop
      vertex -85.1 -1.722492604317976 6.602487580941967
      vertex -78.1 -1.7654135047258148 6.7738374203709695
      vertex -78.1 -1.722492604317976 6.602487580941967
    endloop
  endfacet
  facet normal -2.3697929112137836e-19 0.9700312531945442 0.24298017990326268
    outer loop
      vertex -85.1 -1.722492604317976 6.602487580941967
      vertex -85.1 -1.7654135047258148 6.7738374203709695
      vertex -78.1 -1.7654135047258148 6.7738374203709695
    endloop
  endfacet
  facet normal -3.4574927675608724e-19 0.9891765099647808 0.14673047445536253
    outer loop
      vertex -85.1 -1.7654135047258148 6.7738374203709695
      vertex -85.1 -1.7913325080099545 6.948569147406791
      vertex -78.1 -1.7913325080099545 6.948569147406791
    endloop
  endfacet
  facet normal -1.9684594434713302e-20 0.9987954562051725 0.04906767432741779
    outer loop
      vertex -85.1 -1.7913325080099545 6.948569147406791
      vertex -85.1 -1.8 7.125
      vertex -78.1 -1.8 7.125
    endloop
  endfacet
  facet normal 0 0.9891765099647808 0.14673047445536253
    outer loop
      vertex -85.1 -1.7654135047258148 6.7738374203709695
      vertex -78.1 -1.7913325080099545 6.948569147406791
      vertex -78.1 -1.7654135047258148 6.7738374203709695
    endloop
  endfacet
  facet normal 0 0.9987954562051725 0.04906767432741779
    outer loop
      vertex -85.1 -1.7913325080099545 6.948569147406791
      vertex -78.1 -1.8 7.125
      vertex -78.1 -1.7913325080099545 6.948569147406791
    endloop
  endfacet
  facet normal -1 0 0
    outer loop
      vertex -78.1 -0.6888301782571616 5.462016841479684
      vertex -78.1 -0.6888301782571616 8.787983158520316
      vertex -78.1 -0.5225124190580323 5.402507395682024
    endloop
  endfacet
  facet normal -1 0 0
    outer loop
      vertex -78.1 -0.8485141262867958 5.537541724172961
      vertex -78.1 -1.000026419435284 5.628354697855419
      vertex -78.1 -1.000026419435284 8.621645302144582
    endloop
  endfacet
  facet normal -1 0 0
    outer loop
      vertex -78.1 -1.1419079114945618 5.733581183947074
      vertex -78.1 -1.2727922061357857 5.852207793864214
      vertex -78.1 -1.2727922061357857 8.397792206135787
    endloop
  endfacet
  facet normal -1 0 0
    outer loop
      vertex -78.1 -1.000026419435284 5.628354697855419
      vertex -78.1 -1.1419079114945618 5.733581183947074
      vertex -78.1 -1.1419079114945618 8.516418816052926
    endloop
  endfacet
  facet normal -1 0 0
    outer loop
      vertex -78.1 -0.6888301782571616 5.462016841479684
      vertex -78.1 -0.8485141262867958 5.537541724172961
      vertex -78.1 -0.8485141262867958 8.71245827582704
    endloop
  endfacet
  facet normal -1 0 0
    outer loop
      vertex -78.1 -0.35116257962903086 5.359586495274185
      vertex -78.1 -0.5225124190580323 5.402507395682024
      vertex -78.1 -0.5225124190580323 8.847492604317976
    endloop
  endfacet
  facet normal -1 0 0
    outer loop
      vertex -78.1 -0.1764308525932091 5.333667491990045
      vertex -78.1 -0.35116257962903086 5.359586495274185
      vertex -78.1 -0.35116257962903086 8.890413504725815
    endloop
  endfacet
  facet normal -1 0 0
    outer loop
      vertex -78.1 -0.1764308525932091 5.333667491990045
      vertex -78.1 -0.1764308525932091 8.916332508009955
      vertex -78.1 0 5.325
    endloop
  endfacet
  facet normal -1 0 0
    outer loop
      vertex -78.1 -1.2727922061357857 5.852207793864214
      vertex -78.1 -1.3914188160529266 5.983092088505439
      vertex -78.1 -1.3914188160529266 8.266907911494561
    endloop
  endfacet
  facet normal -1 0 0
    outer loop
      vertex -78.1 -1.3914188160529266 5.983092088505439
      vertex -78.1 -1.4966453021445814 6.124973580564716
      vertex -78.1 -1.4966453021445814 8.125026419435283
    endloop
  endfacet
  facet normal -1 0 0
    outer loop
      vertex -78.1 -1.587458275827039 6.276485873713204
      vertex -78.1 -1.662983158520316 6.436169821742839
      vertex -78.1 -1.662983158520316 7.813830178257161
    endloop
  endfacet
  facet normal -1 0 0
    outer loop
      vertex -78.1 -1.662983158520316 6.436169821742839
      vertex -78.1 -1.722492604317976 6.602487580941967
      vertex -78.1 -1.722492604317976 7.647512419058033
    endloop
  endfacet
  facet normal -1 0 0
    outer loop
      vertex -78.1 -1.4966453021445814 6.124973580564716
      vertex -78.1 -1.587458275827039 6.276485873713204
      vertex -78.1 -1.587458275827039 7.973514126286796
    endloop
  endfacet
  facet normal -1 0 0
    outer loop
      vertex -78.1 -1.722492604317976 6.602487580941967
      vertex -78.1 -1.7654135047258148 6.7738374203709695
      vertex -78.1 -1.7654135047258148 7.4761625796290305
    endloop
  endfacet
  facet normal -1 0 0
    outer loop
      vertex -78.1 -1.7654135047258148 6.7738374203709695
      vertex -78.1 -1.7913325080099545 6.948569147406791
      vertex -78.1 -1.7913325080099545 7.301430852593209
    endloop
  endfacet
  facet normal 1.9684594434713302e-20 0.9987954562051725 -0.04906767432741779
    outer loop
      vertex -85.1 -1.8 7.125
      vertex -85.1 -1.7913325080099545 7.301430852593209
      vertex -78.1 -1.7913325080099545 7.301430852593209
    endloop
  endfacet
  facet normal 3.4574927675608724e-19 0.9891765099647808 -0.14673047445536253
    outer loop
      vertex -85.1 -1.7913325080099545 7.301430852593209
      vertex -85.1 -1.7654135047258148 7.4761625796290305
      vertex -78.1 -1.7654135047258148 7.4761625796290305
    endloop
  endfacet
  facet normal 0 0.9987954562051725 -0.04906767432741779
    outer loop
      vertex -85.1 -1.8 7.125
      vertex -78.1 -1.7913325080099545 7.301430852593209
      vertex -78.1 -1.8 7.125
    endloop
  endfacet
  facet normal 0 0.9891765099647808 -0.14673047445536253
    outer loop
      vertex -85.1 -1.7913325080099545 7.301430852593209
      vertex -78.1 -1.7654135047258148 7.4761625796290305
      vertex -78.1 -1.7913325080099545 7.301430852593209
    endloop
  endfacet
  facet normal 0 0.9700312531945442 -0.24298017990326268
    outer loop
      vertex -85.1 -1.7654135047258148 7.4761625796290305
      vertex -78.1 -1.722492604317976 7.647512419058033
      vertex -78.1 -1.7654135047258148 7.4761625796290305
    endloop
  endfacet
  facet normal 2.3697929112137836e-19 0.9700312531945442 -0.24298017990326268
    outer loop
      vertex -85.1 -1.7654135047258148 7.4761625796290305
      vertex -85.1 -1.722492604317976 7.647512419058033
      vertex -78.1 -1.722492604317976 7.647512419058033
    endloop
  endfacet
  facet normal 2.9085034547892705e-19 0.9415440651830203 -0.3368898533922218
    outer loop
      vertex -85.1 -1.722492604317976 7.647512419058033
      vertex -85.1 -1.662983158520316 7.813830178257161
      vertex -78.1 -1.662983158520316 7.813830178257161
    endloop
  endfacet
  facet normal 6.025920587869261e-19 0.9039892931234439 -0.427555093430281
    outer loop
      vertex -85.1 -1.662983158520316 7.813830178257161
      vertex -85.1 -1.587458275827039 7.973514126286796
      vertex -78.1 -1.587458275827039 7.973514126286796
    endloop
  endfacet
  facet normal 0 0.9415440651830203 -0.3368898533922218
    outer loop
      vertex -85.1 -1.722492604317976 7.647512419058033
      vertex -78.1 -1.662983158520316 7.813830178257161
      vertex -78.1 -1.722492604317976 7.647512419058033
    endloop
  endfacet
  facet normal 0 0.9039892931234439 -0.427555093430281
    outer loop
      vertex -85.1 -1.662983158520316 7.813830178257161
      vertex -78.1 -1.587458275827039 7.973514126286796
      vertex -78.1 -1.662983158520316 7.813830178257161
    endloop
  endfacet
  facet normal -1 0 0
    outer loop
      vertex -78.1 -1.7913325080099545 6.948569147406791
      vertex -78.1 -1.8 7.125
      vertex -78.1 -1.7913325080099545 7.301430852593209
    endloop
  endfacet
  facet normal -1 0 0
    outer loop
      vertex -78.1 -1.7654135047258148 6.7738374203709695
      vertex -78.1 -1.7913325080099545 7.301430852593209
      vertex -78.1 -1.7654135047258148 7.4761625796290305
    endloop
  endfacet
  facet normal -1 0 0
    outer loop
      vertex -78.1 -1.722492604317976 6.602487580941967
      vertex -78.1 -1.7654135047258148 7.4761625796290305
      vertex -78.1 -1.722492604317976 7.647512419058033
    endloop
  endfacet
  facet normal -1 0 0
    outer loop
      vertex -78.1 -1.662983158520316 6.436169821742839
      vertex -78.1 -1.722492604317976 7.647512419058033
      vertex -78.1 -1.662983158520316 7.813830178257161
    endloop
  endfacet
  facet normal -1 0 0
    outer loop
      vertex -78.1 -1.587458275827039 6.276485873713204
      vertex -78.1 -1.662983158520316 7.813830178257161
      vertex -78.1 -1.587458275827039 7.973514126286796
    endloop
  endfacet
  facet normal -1 0 0
    outer loop
      vertex -78.1 -1.4966453021445814 6.124973580564716
      vertex -78.1 -1.587458275827039 7.973514126286796
      vertex -78.1 -1.4966453021445814 8.125026419435283
    endloop
  endfacet
  facet normal -1 0 0
    outer loop
      vertex -78.1 -1.3914188160529266 5.983092088505439
      vertex -78.1 -1.4966453021445814 8.125026419435283
      vertex -78.1 -1.3914188160529266 8.266907911494561
    endloop
  endfacet
  facet normal -1 0 0
    outer loop
      vertex -78.1 -1.2727922061357857 5.852207793864214
      vertex -78.1 -1.3914188160529266 8.266907911494561
      vertex -78.1 -1.2727922061357857 8.397792206135787
    endloop
  endfacet
  facet normal -1 0 0
    outer loop
      vertex -78.1 -1.1419079114945618 5.733581183947074
      vertex -78.1 -1.2727922061357857 8.397792206135787
      vertex -78.1 -1.1419079114945618 8.516418816052926
    endloop
  endfacet
  facet normal -1 0 0
    outer loop
      vertex -78.1 -1.000026419435284 5.628354697855419
      vertex -78.1 -1.1419079114945618 8.516418816052926
      vertex -78.1 -1.000026419435284 8.621645302144582
    endloop
  endfacet
  facet normal -1 0 0
    outer loop
      vertex -78.1 -0.8485141262867958 5.537541724172961
      vertex -78.1 -1.000026419435284 8.621645302144582
      vertex -78.1 -0.8485141262867958 8.71245827582704
    endloop
  endfacet
  facet normal -1 0 0
    outer loop
      vertex -78.1 -0.6888301782571616 5.462016841479684
      vertex -78.1 -0.8485141262867958 8.71245827582704
      vertex -78.1 -0.6888301782571616 8.787983158520316
    endloop
  endfacet
  facet normal -1 0 0
    outer loop
      vertex -78.1 -0.5225124190580323 5.402507395682024
      vertex -78.1 -0.6888301782571616 8.787983158520316
      vertex -78.1 -0.5225124190580323 8.847492604317976
    endloop
  endfacet
  facet normal -1 0 0
    outer loop
      vertex -78.1 -0.35116257962903086 5.359586495274185
      vertex -78.1 -0.5225124190580323 8.847492604317976
      vertex -78.1 -0.35116257962903086 8.890413504725815
    endloop
  endfacet
  facet normal -1 0 0
    outer loop
      vertex -78.1 -0.1764308525932091 5.333667491990045
      vertex -78.1 -0.35116257962903086 8.890413504725815
      vertex -78.1 -0.1764308525932091 8.916332508009955
    endloop
  endfacet
  facet normal -1 0 0
    outer loop
      vertex -78.1 -0.1764308525932091 8.916332508009955
      vertex -78.1 0 8.925
      vertex -78.1 0 5.325
    endloop
  endfacet
  facet normal 1.8388583108103132e-19 0.8577286100002702 -0.5141027441932247
    outer loop
      vertex -85.1 -1.587458275827039 7.973514126286796
      vertex -85.1 -1.4966453021445814 8.125026419435283
      vertex -78.1 -1.4966453021445814 8.125026419435283
    endloop
  endfacet
  facet normal 1.2318439944589568e-19 0.8032075314806463 -0.5956993044924315
    outer loop
      vertex -85.1 -1.4966453021445814 8.125026419435283
      vertex -85.1 -1.3914188160529266 8.266907911494561
      vertex -78.1 -1.3914188160529266 8.266907911494561
    endloop
  endfacet
  facet normal -2.2051962660250747e-19 0.7409511253549632 -0.6715589548470138
    outer loop
      vertex -85.1 -1.3914188160529266 8.266907911494561
      vertex -85.1 -1.2727922061357857 8.397792206135787
      vertex -78.1 -1.2727922061357857 8.397792206135787
    endloop
  endfacet
  facet normal 0 0.8577286100002702 -0.5141027441932247
    outer loop
      vertex -85.1 -1.587458275827039 7.973514126286796
      vertex -78.1 -1.4966453021445814 8.125026419435283
      vertex -78.1 -1.587458275827039 7.973514126286796
    endloop
  endfacet
  facet normal 0 0.8032075314806463 -0.5956993044924315
    outer loop
      vertex -85.1 -1.4966453021445814 8.125026419435283
      vertex -78.1 -1.3914188160529266 8.266907911494561
      vertex -78.1 -1.4966453021445814 8.125026419435283
    endloop
  endfacet
  facet normal 0 0.7409511253549632 -0.6715589548470138
    outer loop
      vertex -85.1 -1.3914188160529266 8.266907911494561
      vertex -78.1 -1.2727922061357857 8.397792206135787
      vertex -78.1 -1.3914188160529266 8.266907911494561
    endloop
  endfacet
  facet normal 0 0.6715589548470141 -0.740951125354963
    outer loop
      vertex -85.1 -1.2727922061357857 8.397792206135787
      vertex -78.1 -1.1419079114945618 8.516418816052926
      vertex -78.1 -1.2727922061357857 8.397792206135787
    endloop
  endfacet
  facet normal -3.9801912953053697e-20 0.6715589548470141 -0.740951125354963
    outer loop
      vertex -85.1 -1.2727922061357857 8.397792206135787
      vertex -85.1 -1.1419079114945618 8.516418816052926
      vertex -78.1 -1.1419079114945618 8.516418816052926
    endloop
  endfacet
  facet normal -6.456267806806029e-20 0.5956993044924367 -0.8032075314806423
    outer loop
      vertex -85.1 -1.1419079114945618 8.516418816052926
      vertex -85.1 -1.000026419435284 8.621645302144582
      vertex -78.1 -1.000026419435284 8.621645302144582
    endloop
  endfacet
  facet normal 3.6283201443633785e-19 0.5141027441932193 -0.8577286100002736
    outer loop
      vertex -85.1 -1.000026419435284 8.621645302144582
      vertex -85.1 -0.8485141262867958 8.71245827582704
      vertex -78.1 -0.8485141262867958 8.71245827582704
    endloop
  endfacet
  facet normal -3.135259515555391e-19 0.4275550934302789 -0.9039892931234449
    outer loop
      vertex -85.1 -0.8485141262867958 8.71245827582704
      vertex -85.1 -0.6888301782571616 8.787983158520316
      vertex -78.1 -0.6888301782571616 8.787983158520316
    endloop
  endfacet
  facet normal -5.102565554007351e-19 0.3368898533922228 -0.9415440651830198
    outer loop
      vertex -85.1 -0.6888301782571616 8.787983158520316
      vertex -85.1 -0.5225124190580323 8.847492604317976
      vertex -78.1 -0.5225124190580323 8.847492604317976
    endloop
  endfacet
  facet normal -2.0159080416560343e-20 0.24298017990326715 -0.9700312531945432
    outer loop
      vertex -85.1 -0.5225124190580323 8.847492604317976
      vertex -85.1 -0.35116257962903086 8.890413504725815
      vertex -78.1 -0.35116257962903086 8.890413504725815
    endloop
  endfacet
  facet normal 0 0.5956993044924367 -0.8032075314806423
    outer loop
      vertex -85.1 -1.1419079114945618 8.516418816052926
      vertex -78.1 -1.000026419435284 8.621645302144582
      vertex -78.1 -1.1419079114945618 8.516418816052926
    endloop
  endfacet
  facet normal 0 0.5141027441932193 -0.8577286100002736
    outer loop
      vertex -85.1 -1.000026419435284 8.621645302144582
      vertex -78.1 -0.8485141262867958 8.71245827582704
      vertex -78.1 -1.000026419435284 8.621645302144582
    endloop
  endfacet
  facet normal 0 0.4275550934302789 -0.9039892931234449
    outer loop
      vertex -85.1 -0.8485141262867958 8.71245827582704
      vertex -78.1 -0.6888301782571616 8.787983158520316
      vertex -78.1 -0.8485141262867958 8.71245827582704
    endloop
  endfacet
  facet normal 0 0.3368898533922228 -0.9415440651830198
    outer loop
      vertex -85.1 -0.6888301782571616 8.787983158520316
      vertex -78.1 -0.5225124190580323 8.847492604317976
      vertex -78.1 -0.6888301782571616 8.787983158520316
    endloop
  endfacet
  facet normal 0 0.24298017990326715 -0.9700312531945432
    outer loop
      vertex -85.1 -0.5225124190580323 8.847492604317976
      vertex -78.1 -0.35116257962903086 8.890413504725815
      vertex -78.1 -0.5225124190580323 8.847492604317976
    endloop
  endfacet
  facet normal 0 0.1467304744553597 -0.9891765099647813
    outer loop
      vertex -85.1 -0.35116257962903086 8.890413504725815
      vertex -78.1 -0.1764308525932091 8.916332508009955
      vertex -78.1 -0.35116257962903086 8.890413504725815
    endloop
  endfacet
  facet normal 9.132442456924415e-20 0.1467304744553597 -0.9891765099647813
    outer loop
      vertex -85.1 -0.35116257962903086 8.890413504725815
      vertex -85.1 -0.1764308525932091 8.916332508009955
      vertex -78.1 -0.1764308525932091 8.916332508009955
    endloop
  endfacet
  facet normal -1.8336191061951036e-20 0.04906767432742034 -0.9987954562051723
    outer loop
      vertex -85.1 -0.1764308525932091 8.916332508009955
      vertex -85.1 0 8.925
      vertex -78.1 0 8.925
    endloop
  endfacet
  facet normal 0 0.04906767432742034 -0.9987954562051723
    outer loop
      vertex -85.1 -0.1764308525932091 8.916332508009955
      vertex -78.1 0 8.925
      vertex -78.1 -0.1764308525932091 8.916332508009955
    endloop
  endfacet
  facet normal 0 -0.049067674327415316 0.9987954562051725
    outer loop
      vertex -85.1 0 5.325
      vertex -78.1 0 5.325
      vertex -85.1 0.1764308525932091 5.333667491990045
    endloop
  endfacet
  facet normal 0 -0.14673047445536458 0.9891765099647805
    outer loop
      vertex -85.1 0.1764308525932091 5.333667491990045
      vertex -78.1 0.1764308525932091 5.333667491990045
      vertex -85.1 0.35116257962903086 5.359586495274185
    endloop
  endfacet
  facet normal 0 -0.049067674327415316 0.9987954562051725
    outer loop
      vertex -85.1 0.1764308525932091 5.333667491990045
      vertex -78.1 0 5.325
      vertex -78.1 0.1764308525932091 5.333667491990045
    endloop
  endfacet
  facet normal 0 -0.24298017990326243 0.9700312531945444
    outer loop
      vertex -85.1 0.35116257962903086 5.359586495274185
      vertex -78.1 0.35116257962903086 5.359586495274185
      vertex -85.1 0.5225124190580323 5.402507395682024
    endloop
  endfacet
  facet normal 0 -0.3368898533922228 0.9415440651830198
    outer loop
      vertex -85.1 0.5225124190580323 5.402507395682024
      vertex -78.1 0.5225124190580323 5.402507395682024
      vertex -85.1 0.6888301782571616 5.462016841479684
    endloop
  endfacet
  facet normal 0 -0.4275550934302789 0.9039892931234449
    outer loop
      vertex -85.1 0.6888301782571616 5.462016841479684
      vertex -78.1 0.6888301782571616 5.462016841479684
      vertex -85.1 0.8485141262867958 5.537541724172961
    endloop
  endfacet
  facet normal 0 -0.514102744193223 0.8577286100002712
    outer loop
      vertex -85.1 0.8485141262867958 5.537541724172961
      vertex -78.1 0.8485141262867958 5.537541724172961
      vertex -85.1 1.000026419435284 5.628354697855419
    endloop
  endfacet
  facet normal 0 -0.5956993044924336 0.8032075314806447
    outer loop
      vertex -85.1 1.000026419435284 5.628354697855419
      vertex -78.1 1.000026419435284 5.628354697855419
      vertex -85.1 1.1419079114945618 5.733581183947074
    endloop
  endfacet
  facet normal 0 -0.6715589548470169 0.7409511253549604
    outer loop
      vertex -85.1 1.1419079114945618 5.733581183947074
      vertex -78.1 1.1419079114945618 5.733581183947074
      vertex -85.1 1.2727922061357857 5.852207793864214
    endloop
  endfacet
  facet normal 3.8917124011888133e-20 -0.14673047445536458 0.9891765099647805
    outer loop
      vertex -78.1 0.1764308525932091 5.333667491990045
      vertex -78.1 0.35116257962903086 5.359586495274185
      vertex -85.1 0.35116257962903086 5.359586495274185
    endloop
  endfacet
  facet normal 0 -0.24298017990326243 0.9700312531945444
    outer loop
      vertex -85.1 0.5225124190580323 5.402507395682024
      vertex -78.1 0.35116257962903086 5.359586495274185
      vertex -78.1 0.5225124190580323 5.402507395682024
    endloop
  endfacet
  facet normal 0 -0.3368898533922228 0.9415440651830198
    outer loop
      vertex -85.1 0.6888301782571616 5.462016841479684
      vertex -78.1 0.5225124190580323 5.402507395682024
      vertex -78.1 0.6888301782571616 5.462016841479684
    endloop
  endfacet
  facet normal 0 -0.4275550934302789 0.9039892931234449
    outer loop
      vertex -85.1 0.8485141262867958 5.537541724172961
      vertex -78.1 0.6888301782571616 5.462016841479684
      vertex -78.1 0.8485141262867958 5.537541724172961
    endloop
  endfacet
  facet normal 0 -0.514102744193223 0.8577286100002712
    outer loop
      vertex -85.1 1.000026419435284 5.628354697855419
      vertex -78.1 0.8485141262867958 5.537541724172961
      vertex -78.1 1.000026419435284 5.628354697855419
    endloop
  endfacet
  facet normal 0 -0.5956993044924336 0.8032075314806447
    outer loop
      vertex -85.1 1.1419079114945618 5.733581183947074
      vertex -78.1 1.000026419435284 5.628354697855419
      vertex -78.1 1.1419079114945618 5.733581183947074
    endloop
  endfacet
  facet normal 0 -0.740951125354961 0.6715589548470163
    outer loop
      vertex -85.1 1.2727922061357857 5.852207793864214
      vertex -78.1 1.2727922061357857 5.852207793864214
      vertex -85.1 1.3914188160529266 5.983092088505439
    endloop
  endfacet
  facet normal 0 -0.8032075314806445 0.595699304492434
    outer loop
      vertex -85.1 1.3914188160529266 5.983092088505439
      vertex -78.1 1.3914188160529266 5.983092088505439
      vertex -85.1 1.4966453021445814 6.124973580564716
    endloop
  endfacet
  facet normal 0 -0.8577286100002716 0.5141027441932224
    outer loop
      vertex -85.1 1.4966453021445814 6.124973580564716
      vertex -78.1 1.4966453021445814 6.124973580564716
      vertex -85.1 1.587458275827039 6.276485873713204
    endloop
  endfacet
  facet normal 0 -0.6715589548470169 0.7409511253549604
    outer loop
      vertex -85.1 1.2727922061357857 5.852207793864214
      vertex -78.1 1.1419079114945618 5.733581183947074
      vertex -78.1 1.2727922061357857 5.852207793864214
    endloop
  endfacet
  facet normal 0 -0.740951125354961 0.6715589548470163
    outer loop
      vertex -85.1 1.3914188160529266 5.983092088505439
      vertex -78.1 1.2727922061357857 5.852207793864214
      vertex -78.1 1.3914188160529266 5.983092088505439
    endloop
  endfacet
  facet normal 0 -0.8032075314806445 0.595699304492434
    outer loop
      vertex -85.1 1.4966453021445814 6.124973580564716
      vertex -78.1 1.3914188160529266 5.983092088505439
      vertex -78.1 1.4966453021445814 6.124973580564716
    endloop
  endfacet
  facet normal -5.228477766062157e-19 -0.8577286100002716 0.5141027441932224
    outer loop
      vertex -78.1 1.4966453021445814 6.124973580564716
      vertex -78.1 1.587458275827039 6.276485873713204
      vertex -85.1 1.587458275827039 6.276485873713204
    endloop
  endfacet
  facet normal 0 -0.9039892931234439 0.427555093430281
    outer loop
      vertex -85.1 1.587458275827039 6.276485873713204
      vertex -78.1 1.587458275827039 6.276485873713204
      vertex -85.1 1.662983158520316 6.436169821742839
    endloop
  endfacet
  facet normal 0 -0.9415440651830203 0.3368898533922218
    outer loop
      vertex -85.1 1.662983158520316 6.436169821742839
      vertex -78.1 1.662983158520316 6.436169821742839
      vertex -85.1 1.722492604317976 6.602487580941967
    endloop
  endfacet
  facet normal 0 -0.9700312531945442 0.24298017990326268
    outer loop
      vertex -85.1 1.722492604317976 6.602487580941967
      vertex -78.1 1.722492604317976 6.602487580941967
      vertex -85.1 1.7654135047258148 6.7738374203709695
    endloop
  endfacet
  facet normal 0 -0.9039892931234439 0.427555093430281
    outer loop
      vertex -85.1 1.662983158520316 6.436169821742839
      vertex -78.1 1.587458275827039 6.276485873713204
      vertex -78.1 1.662983158520316 6.436169821742839
    endloop
  endfacet
  facet normal 0 -0.9415440651830203 0.3368898533922218
    outer loop
      vertex -85.1 1.722492604317976 6.602487580941967
      vertex -78.1 1.662983158520316 6.436169821742839
      vertex -78.1 1.722492604317976 6.602487580941967
    endloop
  endfacet
  facet normal 0 -0.9891765099647808 0.14673047445536253
    outer loop
      vertex -85.1 1.7654135047258148 6.7738374203709695
      vertex -78.1 1.7654135047258148 6.7738374203709695
      vertex -85.1 1.7913325080099545 6.948569147406791
    endloop
  endfacet
  facet normal 0 -0.9987954562051725 0.04906767432741779
    outer loop
      vertex -85.1 1.7913325080099545 6.948569147406791
      vertex -78.1 1.7913325080099545 6.948569147406791
      vertex -85.1 1.8 7.125
    endloop
  endfacet
  facet normal 0 -0.9700312531945442 0.24298017990326268
    outer loop
      vertex -85.1 1.7654135047258148 6.7738374203709695
      vertex -78.1 1.722492604317976 6.602487580941967
      vertex -78.1 1.7654135047258148 6.7738374203709695
    endloop
  endfacet
  facet normal 0 -0.9891765099647808 0.14673047445536253
    outer loop
      vertex -85.1 1.7913325080099545 6.948569147406791
      vertex -78.1 1.7654135047258148 6.7738374203709695
      vertex -78.1 1.7913325080099545 6.948569147406791
    endloop
  endfacet
  facet normal 1.9684594434713302e-20 -0.9987954562051725 0.04906767432741779
    outer loop
      vertex -78.1 1.7913325080099545 6.948569147406791
      vertex -78.1 1.8 7.125
      vertex -85.1 1.8 7.125
    endloop
  endfacet
  facet normal -1 0 0
    outer loop
      vertex -78.1 0 5.325
      vertex -78.1 0 8.925
      vertex -78.1 0.1764308525932091 5.333667491990045
    endloop
  endfacet
  facet normal -1 0 0
    outer loop
      vertex -78.1 0.1764308525932091 5.333667491990045
      vertex -78.1 0.1764308525932091 8.916332508009955
      vertex -78.1 0.35116257962903086 5.359586495274185
    endloop
  endfacet
  facet normal -1 0 0
    outer loop
      vertex -78.1 0.35116257962903086 5.359586495274185
      vertex -78.1 0.35116257962903086 8.890413504725815
      vertex -78.1 0.5225124190580323 5.402507395682024
    endloop
  endfacet
  facet normal -1 0 0
    outer loop
      vertex -78.1 0.5225124190580323 5.402507395682024
      vertex -78.1 0.5225124190580323 8.847492604317976
      vertex -78.1 0.6888301782571616 5.462016841479684
    endloop
  endfacet
  facet normal -1 0 0
    outer loop
      vertex -78.1 0.6888301782571616 5.462016841479684
      vertex -78.1 0.6888301782571616 8.787983158520316
      vertex -78.1 0.8485141262867958 5.537541724172961
    endloop
  endfacet
  facet normal -1 0 0
    outer loop
      vertex -78.1 0.8485141262867958 5.537541724172961
      vertex -78.1 0.8485141262867958 8.71245827582704
      vertex -78.1 1.000026419435284 5.628354697855419
    endloop
  endfacet
  facet normal -1 0 0
    outer loop
      vertex -78.1 1.000026419435284 5.628354697855419
      vertex -78.1 1.000026419435284 8.621645302144582
      vertex -78.1 1.1419079114945618 5.733581183947074
    endloop
  endfacet
  facet normal -1 0 0
    outer loop
      vertex -78.1 1.1419079114945618 5.733581183947074
      vertex -78.1 1.1419079114945618 8.516418816052926
      vertex -78.1 1.2727922061357857 5.852207793864214
    endloop
  endfacet
  facet normal -1 0 0
    outer loop
      vertex -78.1 1.2727922061357857 5.852207793864214
      vertex -78.1 1.2727922061357857 8.397792206135787
      vertex -78.1 1.3914188160529266 5.983092088505439
    endloop
  endfacet
  facet normal -1 0 0
    outer loop
      vertex -78.1 1.3914188160529266 5.983092088505439
      vertex -78.1 1.3914188160529266 8.266907911494561
      vertex -78.1 1.4966453021445814 6.124973580564716
    endloop
  endfacet
  facet normal -1 0 0
    outer loop
      vertex -78.1 1.4966453021445814 6.124973580564716
      vertex -78.1 1.4966453021445814 8.125026419435283
      vertex -78.1 1.587458275827039 6.276485873713204
    endloop
  endfacet
  facet normal -1 0 0
    outer loop
      vertex -78.1 1.587458275827039 6.276485873713204
      vertex -78.1 1.587458275827039 7.973514126286796
      vertex -78.1 1.662983158520316 6.436169821742839
    endloop
  endfacet
  facet normal -1 0 0
    outer loop
      vertex -78.1 1.662983158520316 6.436169821742839
      vertex -78.1 1.662983158520316 7.813830178257161
      vertex -78.1 1.722492604317976 6.602487580941967
    endloop
  endfacet
  facet normal -1 0 0
    outer loop
      vertex -78.1 1.722492604317976 6.602487580941967
      vertex -78.1 1.722492604317976 7.647512419058033
      vertex -78.1 1.7654135047258148 6.7738374203709695
    endloop
  endfacet
  facet normal -1 0 0
    outer loop
      vertex -78.1 1.7654135047258148 6.7738374203709695
      vertex -78.1 1.7654135047258148 7.4761625796290305
      vertex -78.1 1.7913325080099545 6.948569147406791
    endloop
  endfacet
  facet normal 0 -0.9987954562051725 -0.04906767432741779
    outer loop
      vertex -85.1 1.8 7.125
      vertex -78.1 1.8 7.125
      vertex -85.1 1.7913325080099545 7.301430852593209
    endloop
  endfacet
  facet normal 0 -0.9891765099647808 -0.14673047445536253
    outer loop
      vertex -85.1 1.7913325080099545 7.301430852593209
      vertex -78.1 1.7913325080099545 7.301430852593209
      vertex -85.1 1.7654135047258148 7.4761625796290305
    endloop
  endfacet
  facet normal 0 -0.9700312531945442 -0.24298017990326268
    outer loop
      vertex -85.1 1.7654135047258148 7.4761625796290305
      vertex -78.1 1.7654135047258148 7.4761625796290305
      vertex -85.1 1.722492604317976 7.647512419058033
    endloop
  endfacet
  facet normal 0 -0.9987954562051725 -0.04906767432741779
    outer loop
      vertex -85.1 1.7913325080099545 7.301430852593209
      vertex -78.1 1.8 7.125
      vertex -78.1 1.7913325080099545 7.301430852593209
    endloop
  endfacet
  facet normal 0 -0.9891765099647808 -0.14673047445536253
    outer loop
      vertex -85.1 1.7654135047258148 7.4761625796290305
      vertex -78.1 1.7913325080099545 7.301430852593209
      vertex -78.1 1.7654135047258148 7.4761625796290305
    endloop
  endfacet
  facet normal 0 -0.9415440651830203 -0.3368898533922218
    outer loop
      vertex -85.1 1.722492604317976 7.647512419058033
      vertex -78.1 1.722492604317976 7.647512419058033
      vertex -85.1 1.662983158520316 7.813830178257161
    endloop
  endfacet
  facet normal 0 -0.9039892931234439 -0.427555093430281
    outer loop
      vertex -85.1 1.662983158520316 7.813830178257161
      vertex -78.1 1.662983158520316 7.813830178257161
      vertex -85.1 1.587458275827039 7.973514126286796
    endloop
  endfacet
  facet normal 0 -0.9700312531945442 -0.24298017990326268
    outer loop
      vertex -85.1 1.722492604317976 7.647512419058033
      vertex -78.1 1.7654135047258148 7.4761625796290305
      vertex -78.1 1.722492604317976 7.647512419058033
    endloop
  endfacet
  facet normal 0 -0.9415440651830203 -0.3368898533922218
    outer loop
      vertex -85.1 1.662983158520316 7.813830178257161
      vertex -78.1 1.722492604317976 7.647512419058033
      vertex -78.1 1.662983158520316 7.813830178257161
    endloop
  endfacet
  facet normal 0 -0.9039892931234439 -0.427555093430281
    outer loop
      vertex -85.1 1.587458275827039 7.973514126286796
      vertex -78.1 1.662983158520316 7.813830178257161
      vertex -78.1 1.587458275827039 7.973514126286796
    endloop
  endfacet
  facet normal -1 0 0
    outer loop
      vertex -78.1 1.7913325080099545 6.948569147406791
      vertex -78.1 1.7913325080099545 7.301430852593209
      vertex -78.1 1.8 7.125
    endloop
  endfacet
  facet normal -1 0 0
    outer loop
      vertex -78.1 1.7913325080099545 6.948569147406791
      vertex -78.1 1.7654135047258148 7.4761625796290305
      vertex -78.1 1.7913325080099545 7.301430852593209
    endloop
  endfacet
  facet normal -1 0 0
    outer loop
      vertex -78.1 1.7654135047258148 6.7738374203709695
      vertex -78.1 1.722492604317976 7.647512419058033
      vertex -78.1 1.7654135047258148 7.4761625796290305
    endloop
  endfacet
  facet normal -1 0 0
    outer loop
      vertex -78.1 1.587458275827039 6.276485873713204
      vertex -78.1 1.4966453021445814 8.125026419435283
      vertex -78.1 1.587458275827039 7.973514126286796
    endloop
  endfacet
  facet normal -1 0 0
    outer loop
      vertex -78.1 1.722492604317976 6.602487580941967
      vertex -78.1 1.662983158520316 7.813830178257161
      vertex -78.1 1.722492604317976 7.647512419058033
    endloop
  endfacet
  facet normal -1 0 0
    outer loop
      vertex -78.1 1.662983158520316 6.436169821742839
      vertex -78.1 1.587458275827039 7.973514126286796
      vertex -78.1 1.662983158520316 7.813830178257161
    endloop
  endfacet
  facet normal -1 0 0
    outer loop
      vertex -78.1 1.4966453021445814 6.124973580564716
      vertex -78.1 1.3914188160529266 8.266907911494561
      vertex -78.1 1.4966453021445814 8.125026419435283
    endloop
  endfacet
  facet normal -1 0 0
    outer loop
      vertex -78.1 1.3914188160529266 5.983092088505439
      vertex -78.1 1.2727922061357857 8.397792206135787
      vertex -78.1 1.3914188160529266 8.266907911494561
    endloop
  endfacet
  facet normal -1 0 0
    outer loop
      vertex -78.1 0.1764308525932091 5.333667491990045
      vertex -78.1 0 8.925
      vertex -78.1 0.1764308525932091 8.916332508009955
    endloop
  endfacet
  facet normal -1 0 0
    outer loop
      vertex -78.1 0.35116257962903086 5.359586495274185
      vertex -78.1 0.1764308525932091 8.916332508009955
      vertex -78.1 0.35116257962903086 8.890413504725815
    endloop
  endfacet
  facet normal -1 0 0
    outer loop
      vertex -78.1 0.5225124190580323 5.402507395682024
      vertex -78.1 0.35116257962903086 8.890413504725815
      vertex -78.1 0.5225124190580323 8.847492604317976
    endloop
  endfacet
  facet normal -1 0 0
    outer loop
      vertex -78.1 0.8485141262867958 5.537541724172961
      vertex -78.1 0.6888301782571616 8.787983158520316
      vertex -78.1 0.8485141262867958 8.71245827582704
    endloop
  endfacet
  facet normal -1 0 0
    outer loop
      vertex -78.1 1.1419079114945618 5.733581183947074
      vertex -78.1 1.000026419435284 8.621645302144582
      vertex -78.1 1.1419079114945618 8.516418816052926
    endloop
  endfacet
  facet normal -1 0 0
    outer loop
      vertex -78.1 1.2727922061357857 5.852207793864214
      vertex -78.1 1.1419079114945618 8.516418816052926
      vertex -78.1 1.2727922061357857 8.397792206135787
    endloop
  endfacet
  facet normal -1 0 0
    outer loop
      vertex -78.1 1.000026419435284 5.628354697855419
      vertex -78.1 0.8485141262867958 8.71245827582704
      vertex -78.1 1.000026419435284 8.621645302144582
    endloop
  endfacet
  facet normal -1 0 0
    outer loop
      vertex -78.1 0.6888301782571616 5.462016841479684
      vertex -78.1 0.5225124190580323 8.847492604317976
      vertex -78.1 0.6888301782571616 8.787983158520316
    endloop
  endfacet
  facet normal 0 -0.6715589548470141 -0.740951125354963
    outer loop
      vertex -85.1 1.2727922061357857 8.397792206135787
      vertex -78.1 1.2727922061357857 8.397792206135787
      vertex -85.1 1.1419079114945618 8.516418816052926
    endloop
  endfacet
  facet normal 0 -0.8577286100002702 -0.5141027441932247
    outer loop
      vertex -85.1 1.587458275827039 7.973514126286796
      vertex -78.1 1.587458275827039 7.973514126286796
      vertex -85.1 1.4966453021445814 8.125026419435283
    endloop
  endfacet
  facet normal 0 -0.8032075314806463 -0.5956993044924315
    outer loop
      vertex -85.1 1.4966453021445814 8.125026419435283
      vertex -78.1 1.4966453021445814 8.125026419435283
      vertex -85.1 1.3914188160529266 8.266907911494561
    endloop
  endfacet
  facet normal 0 -0.7409511253549632 -0.6715589548470138
    outer loop
      vertex -85.1 1.3914188160529266 8.266907911494561
      vertex -78.1 1.3914188160529266 8.266907911494561
      vertex -85.1 1.2727922061357857 8.397792206135787
    endloop
  endfacet
  facet normal -1.8388583108103132e-19 -0.8577286100002702 -0.5141027441932247
    outer loop
      vertex -78.1 1.587458275827039 7.973514126286796
      vertex -78.1 1.4966453021445814 8.125026419435283
      vertex -85.1 1.4966453021445814 8.125026419435283
    endloop
  endfacet
  facet normal 0 -0.8032075314806463 -0.5956993044924315
    outer loop
      vertex -85.1 1.3914188160529266 8.266907911494561
      vertex -78.1 1.4966453021445814 8.125026419435283
      vertex -78.1 1.3914188160529266 8.266907911494561
    endloop
  endfacet
  facet normal 0 -0.7409511253549632 -0.6715589548470138
    outer loop
      vertex -85.1 1.2727922061357857 8.397792206135787
      vertex -78.1 1.3914188160529266 8.266907911494561
      vertex -78.1 1.2727922061357857 8.397792206135787
    endloop
  endfacet
  facet normal 0 -0.5956993044924367 -0.8032075314806423
    outer loop
      vertex -85.1 1.1419079114945618 8.516418816052926
      vertex -78.1 1.1419079114945618 8.516418816052926
      vertex -85.1 1.000026419435284 8.621645302144582
    endloop
  endfacet
  facet normal 0 -0.5141027441932193 -0.8577286100002736
    outer loop
      vertex -85.1 1.000026419435284 8.621645302144582
      vertex -78.1 1.000026419435284 8.621645302144582
      vertex -85.1 0.8485141262867958 8.71245827582704
    endloop
  endfacet
  facet normal 0 -0.1467304744553597 -0.9891765099647813
    outer loop
      vertex -85.1 0.35116257962903086 8.890413504725815
      vertex -78.1 0.35116257962903086 8.890413504725815
      vertex -85.1 0.1764308525932091 8.916332508009955
    endloop
  endfacet
  facet normal 0 -0.24298017990326715 -0.9700312531945432
    outer loop
      vertex -85.1 0.5225124190580323 8.847492604317976
      vertex -78.1 0.5225124190580323 8.847492604317976
      vertex -85.1 0.35116257962903086 8.890413504725815
    endloop
  endfacet
  facet normal 0 -0.4275550934302789 -0.9039892931234449
    outer loop
      vertex -85.1 0.8485141262867958 8.71245827582704
      vertex -78.1 0.8485141262867958 8.71245827582704
      vertex -85.1 0.6888301782571616 8.787983158520316
    endloop
  endfacet
  facet normal 5.102565554007351e-19 -0.3368898533922228 -0.9415440651830198
    outer loop
      vertex -85.1 0.5225124190580323 8.847492604317976
      vertex -85.1 0.6888301782571616 8.787983158520316
      vertex -78.1 0.6888301782571616 8.787983158520316
    endloop
  endfacet
  facet normal 0 -0.6715589548470141 -0.740951125354963
    outer loop
      vertex -85.1 1.1419079114945618 8.516418816052926
      vertex -78.1 1.2727922061357857 8.397792206135787
      vertex -78.1 1.1419079114945618 8.516418816052926
    endloop
  endfacet
  facet normal 0 -0.5141027441932193 -0.8577286100002736
    outer loop
      vertex -85.1 0.8485141262867958 8.71245827582704
      vertex -78.1 1.000026419435284 8.621645302144582
      vertex -78.1 0.8485141262867958 8.71245827582704
    endloop
  endfacet
  facet normal 0 -0.5956993044924367 -0.8032075314806423
    outer loop
      vertex -85.1 1.000026419435284 8.621645302144582
      vertex -78.1 1.1419079114945618 8.516418816052926
      vertex -78.1 1.000026419435284 8.621645302144582
    endloop
  endfacet
  facet normal 0 -0.3368898533922228 -0.9415440651830198
    outer loop
      vertex -85.1 0.5225124190580323 8.847492604317976
      vertex -78.1 0.6888301782571616 8.787983158520316
      vertex -78.1 0.5225124190580323 8.847492604317976
    endloop
  endfacet
  facet normal 0 -0.24298017990326715 -0.9700312531945432
    outer loop
      vertex -85.1 0.35116257962903086 8.890413504725815
      vertex -78.1 0.5225124190580323 8.847492604317976
      vertex -78.1 0.35116257962903086 8.890413504725815
    endloop
  endfacet
  facet normal 0 -0.4275550934302789 -0.9039892931234449
    outer loop
      vertex -85.1 0.6888301782571616 8.787983158520316
      vertex -78.1 0.8485141262867958 8.71245827582704
      vertex -78.1 0.6888301782571616 8.787983158520316
    endloop
  endfacet
  facet normal 1.8336191061951036e-20 -0.04906767432742034 -0.9987954562051723
    outer loop
      vertex -85.1 0 8.925
      vertex -85.1 0.1764308525932091 8.916332508009955
      vertex -78.1 0.1764308525932091 8.916332508009955
    endloop
  endfacet
  facet normal 0 -0.04906767432742034 -0.9987954562051723
    outer loop
      vertex -85.1 0 8.925
      vertex -78.1 0.1764308525932091 8.916332508009955
      vertex -78.1 0 8.925
    endloop
  endfacet
  facet normal -9.132442456924415e-20 -0.1467304744553597 -0.9891765099647813
    outer loop
      vertex -78.1 0.35116257962903086 8.890413504725815
      vertex -78.1 0.1764308525932091 8.916332508009955
      vertex -85.1 0.1764308525932091 8.916332508009955
    endloop
  endfacet
  facet normal 0 0.049067674327415045 0.9987954562051726
    outer loop
      vertex -85.1 -22.17643085259321 5.333667491990045
      vertex -78.1 -22.17643085259321 5.333667491990045
      vertex -85.1 -22 5.325
    endloop
  endfacet
  facet normal 0 -0.049067674327415045 0.9987954562051726
    outer loop
      vertex -85.1 -22 5.325
      vertex -78.1 -22 5.325
      vertex -85.1 -21.82356914740679 5.333667491990045
    endloop
  endfacet
  facet normal 0 -0.14673047445536644 0.9891765099647803
    outer loop
      vertex -85.1 -21.82356914740679 5.333667491990045
      vertex -78.1 -21.82356914740679 5.333667491990045
      vertex -85.1 -21.64883742037097 5.359586495274185
    endloop
  endfacet
  facet normal 0 0.14673047445536644 0.9891765099647803
    outer loop
      vertex -85.1 -22.17643085259321 5.333667491990045
      vertex -78.1 -22.35116257962903 5.359586495274185
      vertex -78.1 -22.17643085259321 5.333667491990045
    endloop
  endfacet
  facet normal 0 0.049067674327415045 0.9987954562051726
    outer loop
      vertex -85.1 -22 5.325
      vertex -78.1 -22.17643085259321 5.333667491990045
      vertex -78.1 -22 5.325
    endloop
  endfacet
  facet normal 0 -0.049067674327415045 0.9987954562051726
    outer loop
      vertex -85.1 -21.82356914740679 5.333667491990045
      vertex -78.1 -22 5.325
      vertex -78.1 -21.82356914740679 5.333667491990045
    endloop
  endfacet
  facet normal 0 0.3368898533922193 0.9415440651830211
    outer loop
      vertex -85.1 -22.688830178257163 5.462016841479684
      vertex -78.1 -22.688830178257163 5.462016841479684
      vertex -85.1 -22.52251241905803 5.402507395682024
    endloop
  endfacet
  facet normal 0 0.42755509343028564 0.9039892931234416
    outer loop
      vertex -85.1 -22.848514126286794 5.537541724172961
      vertex -78.1 -22.848514126286794 5.537541724172961
      vertex -85.1 -22.688830178257163 5.462016841479684
    endloop
  endfacet
  facet normal 6.774275208979837e-19 0.5141027441932211 0.8577286100002723
    outer loop
      vertex -85.1 -22.848514126286794 5.537541724172961
      vertex -85.1 -23.000026419435283 5.628354697855419
      vertex -78.1 -23.000026419435283 5.628354697855419
    endloop
  endfacet
  facet normal -7.830993907539418e-22 0.5956993044924276 0.8032075314806493
    outer loop
      vertex -85.1 -23.000026419435283 5.628354697855419
      vertex -85.1 -23.141907911494563 5.733581183947074
      vertex -78.1 -23.141907911494563 5.733581183947074
    endloop
  endfacet
  facet normal 0 0.3368898533922193 0.9415440651830211
    outer loop
      vertex -85.1 -22.52251241905803 5.402507395682024
      vertex -78.1 -22.688830178257163 5.462016841479684
      vertex -78.1 -22.52251241905803 5.402507395682024
    endloop
  endfacet
  facet normal 0 0.42755509343028564 0.9039892931234416
    outer loop
      vertex -85.1 -22.688830178257163 5.462016841479684
      vertex -78.1 -22.848514126286794 5.537541724172961
      vertex -78.1 -22.688830178257163 5.462016841479684
    endloop
  endfacet
  facet normal 0 0.6715589548470181 0.7409511253549594
    outer loop
      vertex -85.1 -23.141907911494563 5.733581183947074
      vertex -78.1 -23.272792206135787 5.852207793864214
      vertex -78.1 -23.141907911494563 5.733581183947074
    endloop
  endfacet
  facet normal 0 0.5141027441932211 0.8577286100002723
    outer loop
      vertex -85.1 -22.848514126286794 5.537541724172961
      vertex -78.1 -23.000026419435283 5.628354697855419
      vertex -78.1 -22.848514126286794 5.537541724172961
    endloop
  endfacet
  facet normal 0 0.5956993044924276 0.8032075314806493
    outer loop
      vertex -85.1 -23.000026419435283 5.628354697855419
      vertex -78.1 -23.141907911494563 5.733581183947074
      vertex -78.1 -23.000026419435283 5.628354697855419
    endloop
  endfacet
  facet normal 5.3875654905570465e-19 0.6715589548470181 0.7409511253549594
    outer loop
      vertex -85.1 -23.141907911494563 5.733581183947074
      vertex -85.1 -23.272792206135787 5.852207793864214
      vertex -78.1 -23.272792206135787 5.852207793864214
    endloop
  endfacet
  facet normal -4.770524328360227e-19 0.7409511253549641 0.6715589548470129
    outer loop
      vertex -85.1 -23.272792206135787 5.852207793864214
      vertex -85.1 -23.391418816052926 5.983092088505439
      vertex -78.1 -23.391418816052926 5.983092088505439
    endloop
  endfacet
  facet normal -2.244607113462612e-20 0.8032075314806415 0.595699304492438
    outer loop
      vertex -85.1 -23.391418816052926 5.983092088505439
      vertex -85.1 -23.496645302144582 6.124973580564716
      vertex -78.1 -23.496645302144582 6.124973580564716
    endloop
  endfacet
  facet normal -6.265392542099351e-19 0.8577286100002733 0.5141027441932197
    outer loop
      vertex -85.1 -23.496645302144582 6.124973580564716
      vertex -85.1 -23.58745827582704 6.276485873713204
      vertex -78.1 -23.58745827582704 6.276485873713204
    endloop
  endfacet
  facet normal 0 0.7409511253549641 0.6715589548470129
    outer loop
      vertex -85.1 -23.272792206135787 5.852207793864214
      vertex -78.1 -23.391418816052926 5.983092088505439
      vertex -78.1 -23.272792206135787 5.852207793864214
    endloop
  endfacet
  facet normal 0 0.8032075314806415 0.595699304492438
    outer loop
      vertex -85.1 -23.391418816052926 5.983092088505439
      vertex -78.1 -23.496645302144582 6.124973580564716
      vertex -78.1 -23.391418816052926 5.983092088505439
    endloop
  endfacet
  facet normal 0 0.8577286100002733 0.5141027441932197
    outer loop
      vertex -85.1 -23.496645302144582 6.124973580564716
      vertex -78.1 -23.58745827582704 6.276485873713204
      vertex -78.1 -23.496645302144582 6.124973580564716
    endloop
  endfacet
  facet normal -3.312846392134896e-19 0.2429801799032615 0.9700312531945445
    outer loop
      vertex -85.1 -22.35116257962903 5.359586495274185
      vertex -85.1 -22.52251241905803 5.402507395682024
      vertex -78.1 -22.52251241905803 5.402507395682024
    endloop
  endfacet
  facet normal 8.878862961753463e-20 0.14673047445536644 0.9891765099647803
    outer loop
      vertex -85.1 -22.17643085259321 5.333667491990045
      vertex -85.1 -22.35116257962903 5.359586495274185
      vertex -78.1 -22.35116257962903 5.359586495274185
    endloop
  endfacet
  facet normal 0 -0.2429801799032615 0.9700312531945445
    outer loop
      vertex -85.1 -21.64883742037097 5.359586495274185
      vertex -78.1 -21.64883742037097 5.359586495274185
      vertex -85.1 -21.47748758094197 5.402507395682024
    endloop
  endfacet
  facet normal 0 -0.3368898533922193 0.9415440651830211
    outer loop
      vertex -85.1 -21.47748758094197 5.402507395682024
      vertex -78.1 -21.47748758094197 5.402507395682024
      vertex -85.1 -21.311169821742837 5.462016841479684
    endloop
  endfacet
  facet normal 0 -0.42755509343028564 0.9039892931234416
    outer loop
      vertex -85.1 -21.311169821742837 5.462016841479684
      vertex -78.1 -21.311169821742837 5.462016841479684
      vertex -85.1 -21.151485873713206 5.537541724172961
    endloop
  endfacet
  facet normal 0 -0.5141027441932211 0.8577286100002723
    outer loop
      vertex -85.1 -21.151485873713206 5.537541724172961
      vertex -78.1 -21.151485873713206 5.537541724172961
      vertex -85.1 -20.999973580564717 5.628354697855419
    endloop
  endfacet
  facet normal 0 -0.5956993044924276 0.8032075314806493
    outer loop
      vertex -85.1 -20.999973580564717 5.628354697855419
      vertex -78.1 -20.999973580564717 5.628354697855419
      vertex -85.1 -20.858092088505437 5.733581183947074
    endloop
  endfacet
  facet normal 0 -0.6715589548470181 0.7409511253549594
    outer loop
      vertex -85.1 -20.858092088505437 5.733581183947074
      vertex -78.1 -20.858092088505437 5.733581183947074
      vertex -85.1 -20.727207793864213 5.852207793864214
    endloop
  endfacet
  facet normal 0 0.2429801799032615 0.9700312531945445
    outer loop
      vertex -85.1 -22.35116257962903 5.359586495274185
      vertex -78.1 -22.52251241905803 5.402507395682024
      vertex -78.1 -22.35116257962903 5.359586495274185
    endloop
  endfacet
  facet normal -8.878862961753463e-20 -0.14673047445536644 0.9891765099647803
    outer loop
      vertex -78.1 -21.82356914740679 5.333667491990045
      vertex -78.1 -21.64883742037097 5.359586495274185
      vertex -85.1 -21.64883742037097 5.359586495274185
    endloop
  endfacet
  facet normal 0 -0.2429801799032615 0.9700312531945445
    outer loop
      vertex -85.1 -21.47748758094197 5.402507395682024
      vertex -78.1 -21.64883742037097 5.359586495274185
      vertex -78.1 -21.47748758094197 5.402507395682024
    endloop
  endfacet
  facet normal 0 -0.3368898533922193 0.9415440651830211
    outer loop
      vertex -85.1 -21.311169821742837 5.462016841479684
      vertex -78.1 -21.47748758094197 5.402507395682024
      vertex -78.1 -21.311169821742837 5.462016841479684
    endloop
  endfacet
  facet normal 0 -0.42755509343028564 0.9039892931234416
    outer loop
      vertex -85.1 -21.151485873713206 5.537541724172961
      vertex -78.1 -21.311169821742837 5.462016841479684
      vertex -78.1 -21.151485873713206 5.537541724172961
    endloop
  endfacet
  facet normal 0 -0.5141027441932211 0.8577286100002723
    outer loop
      vertex -85.1 -20.999973580564717 5.628354697855419
      vertex -78.1 -21.151485873713206 5.537541724172961
      vertex -78.1 -20.999973580564717 5.628354697855419
    endloop
  endfacet
  facet normal 0 -0.5956993044924276 0.8032075314806493
    outer loop
      vertex -85.1 -20.858092088505437 5.733581183947074
      vertex -78.1 -20.999973580564717 5.628354697855419
      vertex -78.1 -20.858092088505437 5.733581183947074
    endloop
  endfacet
  facet normal 0 -0.7409511253549641 0.6715589548470129
    outer loop
      vertex -85.1 -20.727207793864213 5.852207793864214
      vertex -78.1 -20.727207793864213 5.852207793864214
      vertex -85.1 -20.608581183947074 5.983092088505439
    endloop
  endfacet
  facet normal 0 -0.8032075314806415 0.595699304492438
    outer loop
      vertex -85.1 -20.608581183947074 5.983092088505439
      vertex -78.1 -20.608581183947074 5.983092088505439
      vertex -85.1 -20.503354697855418 6.124973580564716
    endloop
  endfacet
  facet normal 0 -0.8577286100002733 0.5141027441932197
    outer loop
      vertex -85.1 -20.503354697855418 6.124973580564716
      vertex -78.1 -20.503354697855418 6.124973580564716
      vertex -85.1 -20.41254172417296 6.276485873713204
    endloop
  endfacet
  facet normal 0 -0.6715589548470181 0.7409511253549594
    outer loop
      vertex -85.1 -20.727207793864213 5.852207793864214
      vertex -78.1 -20.858092088505437 5.733581183947074
      vertex -78.1 -20.727207793864213 5.852207793864214
    endloop
  endfacet
  facet normal 0 -0.7409511253549641 0.6715589548470129
    outer loop
      vertex -85.1 -20.608581183947074 5.983092088505439
      vertex -78.1 -20.727207793864213 5.852207793864214
      vertex -78.1 -20.608581183947074 5.983092088505439
    endloop
  endfacet
  facet normal 0 -0.8032075314806415 0.595699304492438
    outer loop
      vertex -85.1 -20.503354697855418 6.124973580564716
      vertex -78.1 -20.608581183947074 5.983092088505439
      vertex -78.1 -20.503354697855418 6.124973580564716
    endloop
  endfacet
  facet normal 6.265392542099351e-19 -0.8577286100002733 0.5141027441932197
    outer loop
      vertex -78.1 -20.503354697855418 6.124973580564716
      vertex -78.1 -20.41254172417296 6.276485873713204
      vertex -85.1 -20.41254172417296 6.276485873713204
    endloop
  endfacet
  facet normal -1.5556980732770318e-19 0.9039892931234453 0.4275550934302779
    outer loop
      vertex -85.1 -23.58745827582704 6.276485873713204
      vertex -85.1 -23.662983158520316 6.436169821742839
      vertex -78.1 -23.662983158520316 6.436169821742839
    endloop
  endfacet
  facet normal -1.3194359885745816e-19 0.9415440651830161 0.336889853392233
    outer loop
      vertex -85.1 -23.662983158520316 6.436169821742839
      vertex -85.1 -23.722492604317978 6.602487580941967
      vertex -78.1 -23.722492604317978 6.602487580941967
    endloop
  endfacet
  facet normal 0 0.9039892931234453 0.4275550934302779
    outer loop
      vertex -85.1 -23.58745827582704 6.276485873713204
      vertex -78.1 -23.662983158520316 6.436169821742839
      vertex -78.1 -23.58745827582704 6.276485873713204
    endloop
  endfacet
  facet normal 0 0.9415440651830161 0.336889853392233
    outer loop
      vertex -85.1 -23.662983158520316 6.436169821742839
      vertex -78.1 -23.722492604317978 6.602487580941967
      vertex -78.1 -23.662983158520316 6.436169821742839
    endloop
  endfacet
  facet normal 0 0.9700312531945482 0.24298017990324736
    outer loop
      vertex -85.1 -23.722492604317978 6.602487580941967
      vertex -78.1 -23.765413504725814 6.7738374203709695
      vertex -78.1 -23.722492604317978 6.602487580941967
    endloop
  endfacet
  facet normal 0 0.9891765099647797 0.1467304744553699
    outer loop
      vertex -85.1 -23.791332508009955 6.948569147406791
      vertex -78.1 -23.791332508009955 6.948569147406791
      vertex -85.1 -23.765413504725814 6.7738374203709695
    endloop
  endfacet
  facet normal -7.762293278758694e-20 0.9987954562051723 0.049067674327420305
    outer loop
      vertex -85.1 -23.791332508009955 6.948569147406791
      vertex -85.1 -23.8 7.125
      vertex -78.1 -23.8 7.125
    endloop
  endfacet
  facet normal -6.002450581778212e-20 0.9700312531945482 0.24298017990324736
    outer loop
      vertex -85.1 -23.722492604317978 6.602487580941967
      vertex -85.1 -23.765413504725814 6.7738374203709695
      vertex -78.1 -23.765413504725814 6.7738374203709695
    endloop
  endfacet
  facet normal 0 0.9987954562051723 0.049067674327420305
    outer loop
      vertex -85.1 -23.791332508009955 6.948569147406791
      vertex -78.1 -23.8 7.125
      vertex -78.1 -23.791332508009955 6.948569147406791
    endloop
  endfacet
  facet normal 0 0.9891765099647797 0.1467304744553699
    outer loop
      vertex -85.1 -23.765413504725814 6.7738374203709695
      vertex -78.1 -23.791332508009955 6.948569147406791
      vertex -78.1 -23.765413504725814 6.7738374203709695
    endloop
  endfacet
  facet normal 0 -0.9039892931234453 0.4275550934302779
    outer loop
      vertex -85.1 -20.41254172417296 6.276485873713204
      vertex -78.1 -20.41254172417296 6.276485873713204
      vertex -85.1 -20.337016841479684 6.436169821742839
    endloop
  endfacet
  facet normal 0 -0.9415440651830161 0.336889853392233
    outer loop
      vertex -85.1 -20.337016841479684 6.436169821742839
      vertex -78.1 -20.337016841479684 6.436169821742839
      vertex -85.1 -20.277507395682022 6.602487580941967
    endloop
  endfacet
  facet normal 0 -0.9700312531945482 0.24298017990324736
    outer loop
      vertex -85.1 -20.277507395682022 6.602487580941967
      vertex -78.1 -20.277507395682022 6.602487580941967
      vertex -85.1 -20.234586495274186 6.7738374203709695
    endloop
  endfacet
  facet normal 0 -0.9039892931234453 0.4275550934302779
    outer loop
      vertex -85.1 -20.337016841479684 6.436169821742839
      vertex -78.1 -20.41254172417296 6.276485873713204
      vertex -78.1 -20.337016841479684 6.436169821742839
    endloop
  endfacet
  facet normal 0 -0.9415440651830161 0.336889853392233
    outer loop
      vertex -85.1 -20.277507395682022 6.602487580941967
      vertex -78.1 -20.337016841479684 6.436169821742839
      vertex -78.1 -20.277507395682022 6.602487580941967
    endloop
  endfacet
  facet normal 0 -0.9891765099647797 0.1467304744553699
    outer loop
      vertex -85.1 -20.234586495274186 6.7738374203709695
      vertex -78.1 -20.234586495274186 6.7738374203709695
      vertex -85.1 -20.208667491990045 6.948569147406791
    endloop
  endfacet
  facet normal 0 -0.9987954562051723 0.049067674327420305
    outer loop
      vertex -85.1 -20.208667491990045 6.948569147406791
      vertex -78.1 -20.208667491990045 6.948569147406791
      vertex -85.1 -20.2 7.125
    endloop
  endfacet
  facet normal 0 -0.9700312531945482 0.24298017990324736
    outer loop
      vertex -85.1 -20.234586495274186 6.7738374203709695
      vertex -78.1 -20.277507395682022 6.602487580941967
      vertex -78.1 -20.234586495274186 6.7738374203709695
    endloop
  endfacet
  facet normal 0 -0.9891765099647797 0.1467304744553699
    outer loop
      vertex -85.1 -20.208667491990045 6.948569147406791
      vertex -78.1 -20.234586495274186 6.7738374203709695
      vertex -78.1 -20.208667491990045 6.948569147406791
    endloop
  endfacet
  facet normal 7.762293278758694e-20 -0.9987954562051723 0.049067674327420305
    outer loop
      vertex -78.1 -20.208667491990045 6.948569147406791
      vertex -78.1 -20.2 7.125
      vertex -85.1 -20.2 7.125
    endloop
  endfacet
  facet normal -1 0 0
    outer loop
      vertex -78.1 -23.141907911494563 5.733581183947074
      vertex -78.1 -23.272792206135787 5.852207793864214
      vertex -78.1 -23.272792206135787 8.397792206135787
    endloop
  endfacet
  facet normal -1 0 0
    outer loop
      vertex -78.1 -22.688830178257163 5.462016841479684
      vertex -78.1 -22.688830178257163 8.787983158520316
      vertex -78.1 -22.52251241905803 5.402507395682024
    endloop
  endfacet
  facet normal -1 0 0
    outer loop
      vertex -78.1 -22.848514126286794 5.537541724172961
      vertex -78.1 -23.000026419435283 5.628354697855419
      vertex -78.1 -23.000026419435283 8.621645302144582
    endloop
  endfacet
  facet normal -1 0 0
    outer loop
      vertex -78.1 -23.000026419435283 5.628354697855419
      vertex -78.1 -23.141907911494563 5.733581183947074
      vertex -78.1 -23.141907911494563 8.516418816052926
    endloop
  endfacet
  facet normal -1 0 0
    outer loop
      vertex -78.1 -22.848514126286794 5.537541724172961
      vertex -78.1 -22.848514126286794 8.71245827582704
      vertex -78.1 -22.688830178257163 5.462016841479684
    endloop
  endfacet
  facet normal -1 0 0
    outer loop
      vertex -78.1 -23.791332508009955 6.948569147406791
      vertex -78.1 -23.791332508009955 7.301430852593209
      vertex -78.1 -23.765413504725814 6.7738374203709695
    endloop
  endfacet
  facet normal -1 0 0
    outer loop
      vertex -78.1 -23.272792206135787 5.852207793864214
      vertex -78.1 -23.391418816052926 5.983092088505439
      vertex -78.1 -23.391418816052926 8.266907911494561
    endloop
  endfacet
  facet normal -1 0 0
    outer loop
      vertex -78.1 -23.391418816052926 5.983092088505439
      vertex -78.1 -23.496645302144582 6.124973580564716
      vertex -78.1 -23.496645302144582 8.125026419435283
    endloop
  endfacet
  facet normal -1 0 0
    outer loop
      vertex -78.1 -23.58745827582704 6.276485873713204
      vertex -78.1 -23.662983158520316 6.436169821742839
      vertex -78.1 -23.662983158520316 7.813830178257161
    endloop
  endfacet
  facet normal -1 0 0
    outer loop
      vertex -78.1 -23.496645302144582 6.124973580564716
      vertex -78.1 -23.58745827582704 6.276485873713204
      vertex -78.1 -23.58745827582704 7.973514126286796
    endloop
  endfacet
  facet normal -1 0 0
    outer loop
      vertex -78.1 -23.662983158520316 6.436169821742839
      vertex -78.1 -23.722492604317978 6.602487580941967
      vertex -78.1 -23.722492604317978 7.647512419058033
    endloop
  endfacet
  facet normal -1 0 0
    outer loop
      vertex -78.1 -23.722492604317978 6.602487580941967
      vertex -78.1 -23.765413504725814 6.7738374203709695
      vertex -78.1 -23.765413504725814 7.4761625796290305
    endloop
  endfacet
  facet normal -1 0 0
    outer loop
      vertex -78.1 -22.35116257962903 5.359586495274185
      vertex -78.1 -22.52251241905803 5.402507395682024
      vertex -78.1 -22.52251241905803 8.847492604317976
    endloop
  endfacet
  facet normal -1 0 0
    outer loop
      vertex -78.1 -22.17643085259321 5.333667491990045
      vertex -78.1 -22.35116257962903 5.359586495274185
      vertex -78.1 -22.35116257962903 8.890413504725815
    endloop
  endfacet
  facet normal -1 0 0
    outer loop
      vertex -78.1 -22.17643085259321 5.333667491990045
      vertex -78.1 -22.17643085259321 8.916332508009955
      vertex -78.1 -22 5.325
    endloop
  endfacet
  facet normal -1 0 0
    outer loop
      vertex -78.1 -22 5.325
      vertex -78.1 -22 8.925
      vertex -78.1 -21.82356914740679 5.333667491990045
    endloop
  endfacet
  facet normal -1 0 0
    outer loop
      vertex -78.1 -21.82356914740679 5.333667491990045
      vertex -78.1 -21.82356914740679 8.916332508009955
      vertex -78.1 -21.64883742037097 5.359586495274185
    endloop
  endfacet
  facet normal -1 0 0
    outer loop
      vertex -78.1 -21.64883742037097 5.359586495274185
      vertex -78.1 -21.64883742037097 8.890413504725815
      vertex -78.1 -21.47748758094197 5.402507395682024
    endloop
  endfacet
  facet normal -1 0 0
    outer loop
      vertex -78.1 -21.47748758094197 5.402507395682024
      vertex -78.1 -21.47748758094197 8.847492604317976
      vertex -78.1 -21.311169821742837 5.462016841479684
    endloop
  endfacet
  facet normal -1 0 0
    outer loop
      vertex -78.1 -21.311169821742837 5.462016841479684
      vertex -78.1 -21.311169821742837 8.787983158520316
      vertex -78.1 -21.151485873713206 5.537541724172961
    endloop
  endfacet
  facet normal -1 0 0
    outer loop
      vertex -78.1 -21.151485873713206 5.537541724172961
      vertex -78.1 -21.151485873713206 8.71245827582704
      vertex -78.1 -20.999973580564717 5.628354697855419
    endloop
  endfacet
  facet normal -1 0 0
    outer loop
      vertex -78.1 -20.999973580564717 5.628354697855419
      vertex -78.1 -20.999973580564717 8.621645302144582
      vertex -78.1 -20.858092088505437 5.733581183947074
    endloop
  endfacet
  facet normal -1 0 0
    outer loop
      vertex -78.1 -20.858092088505437 5.733581183947074
      vertex -78.1 -20.858092088505437 8.516418816052926
      vertex -78.1 -20.727207793864213 5.852207793864214
    endloop
  endfacet
  facet normal -1 0 0
    outer loop
      vertex -78.1 -20.727207793864213 5.852207793864214
      vertex -78.1 -20.727207793864213 8.397792206135787
      vertex -78.1 -20.608581183947074 5.983092088505439
    endloop
  endfacet
  facet normal -1 0 0
    outer loop
      vertex -78.1 -20.608581183947074 5.983092088505439
      vertex -78.1 -20.608581183947074 8.266907911494561
      vertex -78.1 -20.503354697855418 6.124973580564716
    endloop
  endfacet
  facet normal -1 0 0
    outer loop
      vertex -78.1 -20.503354697855418 6.124973580564716
      vertex -78.1 -20.503354697855418 8.125026419435283
      vertex -78.1 -20.41254172417296 6.276485873713204
    endloop
  endfacet
  facet normal -1 0 0
    outer loop
      vertex -78.1 -20.41254172417296 6.276485873713204
      vertex -78.1 -20.41254172417296 7.973514126286796
      vertex -78.1 -20.337016841479684 6.436169821742839
    endloop
  endfacet
  facet normal -1 0 0
    outer loop
      vertex -78.1 -20.337016841479684 6.436169821742839
      vertex -78.1 -20.337016841479684 7.813830178257161
      vertex -78.1 -20.277507395682022 6.602487580941967
    endloop
  endfacet
  facet normal -1 0 0
    outer loop
      vertex -78.1 -20.277507395682022 6.602487580941967
      vertex -78.1 -20.277507395682022 7.647512419058033
      vertex -78.1 -20.234586495274186 6.7738374203709695
    endloop
  endfacet
  facet normal -1 0 0
    outer loop
      vertex -78.1 -20.234586495274186 6.7738374203709695
      vertex -78.1 -20.234586495274186 7.4761625796290305
      vertex -78.1 -20.208667491990045 6.948569147406791
    endloop
  endfacet
  facet normal 7.762293278758694e-20 0.9987954562051723 -0.049067674327420305
    outer loop
      vertex -85.1 -23.8 7.125
      vertex -85.1 -23.791332508009955 7.301430852593209
      vertex -78.1 -23.791332508009955 7.301430852593209
    endloop
  endfacet
  facet normal -8.359275170571779e-20 0.9891765099647797 -0.1467304744553699
    outer loop
      vertex -85.1 -23.791332508009955 7.301430852593209
      vertex -85.1 -23.765413504725814 7.4761625796290305
      vertex -78.1 -23.765413504725814 7.4761625796290305
    endloop
  endfacet
  facet normal 0 0.9987954562051723 -0.049067674327420305
    outer loop
      vertex -85.1 -23.8 7.125
      vertex -78.1 -23.791332508009955 7.301430852593209
      vertex -78.1 -23.8 7.125
    endloop
  endfacet
  facet normal 0 0.9891765099647797 -0.1467304744553699
    outer loop
      vertex -85.1 -23.791332508009955 7.301430852593209
      vertex -78.1 -23.765413504725814 7.4761625796290305
      vertex -78.1 -23.791332508009955 7.301430852593209
    endloop
  endfacet
  facet normal 0 0.9700312531945482 -0.24298017990324736
    outer loop
      vertex -85.1 -23.765413504725814 7.4761625796290305
      vertex -78.1 -23.722492604317978 7.647512419058033
      vertex -78.1 -23.765413504725814 7.4761625796290305
    endloop
  endfacet
  facet normal 6.002450581778212e-20 0.9700312531945482 -0.24298017990324736
    outer loop
      vertex -85.1 -23.765413504725814 7.4761625796290305
      vertex -85.1 -23.722492604317978 7.647512419058033
      vertex -78.1 -23.722492604317978 7.647512419058033
    endloop
  endfacet
  facet normal 1.3194359885745816e-19 0.9415440651830161 -0.336889853392233
    outer loop
      vertex -85.1 -23.722492604317978 7.647512419058033
      vertex -85.1 -23.662983158520316 7.813830178257161
      vertex -78.1 -23.662983158520316 7.813830178257161
    endloop
  endfacet
  facet normal 1.5556980732770318e-19 0.9039892931234453 -0.4275550934302779
    outer loop
      vertex -85.1 -23.662983158520316 7.813830178257161
      vertex -85.1 -23.58745827582704 7.973514126286796
      vertex -78.1 -23.58745827582704 7.973514126286796
    endloop
  endfacet
  facet normal 0 0.9415440651830161 -0.336889853392233
    outer loop
      vertex -85.1 -23.722492604317978 7.647512419058033
      vertex -78.1 -23.662983158520316 7.813830178257161
      vertex -78.1 -23.722492604317978 7.647512419058033
    endloop
  endfacet
  facet normal 0 0.9039892931234453 -0.4275550934302779
    outer loop
      vertex -85.1 -23.662983158520316 7.813830178257161
      vertex -78.1 -23.58745827582704 7.973514126286796
      vertex -78.1 -23.662983158520316 7.813830178257161
    endloop
  endfacet
  facet normal 0 -0.9987954562051723 -0.049067674327420305
    outer loop
      vertex -85.1 -20.2 7.125
      vertex -78.1 -20.2 7.125
      vertex -85.1 -20.208667491990045 7.301430852593209
    endloop
  endfacet
  facet normal 0 -0.9891765099647797 -0.1467304744553699
    outer loop
      vertex -85.1 -20.208667491990045 7.301430852593209
      vertex -78.1 -20.208667491990045 7.301430852593209
      vertex -85.1 -20.234586495274186 7.4761625796290305
    endloop
  endfacet
  facet normal 0 -0.9700312531945482 -0.24298017990324736
    outer loop
      vertex -85.1 -20.234586495274186 7.4761625796290305
      vertex -78.1 -20.234586495274186 7.4761625796290305
      vertex -85.1 -20.277507395682022 7.647512419058033
    endloop
  endfacet
  facet normal 0 -0.9987954562051723 -0.049067674327420305
    outer loop
      vertex -85.1 -20.208667491990045 7.301430852593209
      vertex -78.1 -20.2 7.125
      vertex -78.1 -20.208667491990045 7.301430852593209
    endloop
  endfacet
  facet normal 0 -0.9891765099647797 -0.1467304744553699
    outer loop
      vertex -85.1 -20.234586495274186 7.4761625796290305
      vertex -78.1 -20.208667491990045 7.301430852593209
      vertex -78.1 -20.234586495274186 7.4761625796290305
    endloop
  endfacet
  facet normal 0 -0.9415440651830161 -0.336889853392233
    outer loop
      vertex -85.1 -20.277507395682022 7.647512419058033
      vertex -78.1 -20.277507395682022 7.647512419058033
      vertex -85.1 -20.337016841479684 7.813830178257161
    endloop
  endfacet
  facet normal 0 -0.9039892931234453 -0.4275550934302779
    outer loop
      vertex -85.1 -20.337016841479684 7.813830178257161
      vertex -78.1 -20.337016841479684 7.813830178257161
      vertex -85.1 -20.41254172417296 7.973514126286796
    endloop
  endfacet
  facet normal 0 -0.9700312531945482 -0.24298017990324736
    outer loop
      vertex -85.1 -20.277507395682022 7.647512419058033
      vertex -78.1 -20.234586495274186 7.4761625796290305
      vertex -78.1 -20.277507395682022 7.647512419058033
    endloop
  endfacet
  facet normal 0 -0.9415440651830161 -0.336889853392233
    outer loop
      vertex -85.1 -20.337016841479684 7.813830178257161
      vertex -78.1 -20.277507395682022 7.647512419058033
      vertex -78.1 -20.337016841479684 7.813830178257161
    endloop
  endfacet
  facet normal 0 -0.9039892931234453 -0.4275550934302779
    outer loop
      vertex -85.1 -20.41254172417296 7.973514126286796
      vertex -78.1 -20.337016841479684 7.813830178257161
      vertex -78.1 -20.41254172417296 7.973514126286796
    endloop
  endfacet
  facet normal -1 0 0
    outer loop
      vertex -78.1 -23.791332508009955 6.948569147406791
      vertex -78.1 -23.8 7.125
      vertex -78.1 -23.791332508009955 7.301430852593209
    endloop
  endfacet
  facet normal -1 0 0
    outer loop
      vertex -78.1 -23.765413504725814 6.7738374203709695
      vertex -78.1 -23.791332508009955 7.301430852593209
      vertex -78.1 -23.765413504725814 7.4761625796290305
    endloop
  endfacet
  facet normal -1 0 0
    outer loop
      vertex -78.1 -23.722492604317978 6.602487580941967
      vertex -78.1 -23.765413504725814 7.4761625796290305
      vertex -78.1 -23.722492604317978 7.647512419058033
    endloop
  endfacet
  facet normal -1 0 0
    outer loop
      vertex -78.1 -23.662983158520316 6.436169821742839
      vertex -78.1 -23.722492604317978 7.647512419058033
      vertex -78.1 -23.662983158520316 7.813830178257161
    endloop
  endfacet
  facet normal -1 0 0
    outer loop
      vertex -78.1 -23.58745827582704 6.276485873713204
      vertex -78.1 -23.662983158520316 7.813830178257161
      vertex -78.1 -23.58745827582704 7.973514126286796
    endloop
  endfacet
  facet normal -1 0 0
    outer loop
      vertex -78.1 -23.496645302144582 6.124973580564716
      vertex -78.1 -23.58745827582704 7.973514126286796
      vertex -78.1 -23.496645302144582 8.125026419435283
    endloop
  endfacet
  facet normal -1 0 0
    outer loop
      vertex -78.1 -23.391418816052926 5.983092088505439
      vertex -78.1 -23.496645302144582 8.125026419435283
      vertex -78.1 -23.391418816052926 8.266907911494561
    endloop
  endfacet
  facet normal -1 0 0
    outer loop
      vertex -78.1 -23.272792206135787 5.852207793864214
      vertex -78.1 -23.391418816052926 8.266907911494561
      vertex -78.1 -23.272792206135787 8.397792206135787
    endloop
  endfacet
  facet normal -1 0 0
    outer loop
      vertex -78.1 -23.141907911494563 5.733581183947074
      vertex -78.1 -23.272792206135787 8.397792206135787
      vertex -78.1 -23.141907911494563 8.516418816052926
    endloop
  endfacet
  facet normal -1 0 0
    outer loop
      vertex -78.1 -23.000026419435283 5.628354697855419
      vertex -78.1 -23.141907911494563 8.516418816052926
      vertex -78.1 -23.000026419435283 8.621645302144582
    endloop
  endfacet
  facet normal -1 0 0
    outer loop
      vertex -78.1 -22.848514126286794 5.537541724172961
      vertex -78.1 -23.000026419435283 8.621645302144582
      vertex -78.1 -22.848514126286794 8.71245827582704
    endloop
  endfacet
  facet normal -1 0 0
    outer loop
      vertex -78.1 -22.688830178257163 5.462016841479684
      vertex -78.1 -22.848514126286794 8.71245827582704
      vertex -78.1 -22.688830178257163 8.787983158520316
    endloop
  endfacet
  facet normal -1 0 0
    outer loop
      vertex -78.1 -22.52251241905803 5.402507395682024
      vertex -78.1 -22.688830178257163 8.787983158520316
      vertex -78.1 -22.52251241905803 8.847492604317976
    endloop
  endfacet
  facet normal -1 0 0
    outer loop
      vertex -78.1 -20.208667491990045 6.948569147406791
      vertex -78.1 -20.208667491990045 7.301430852593209
      vertex -78.1 -20.2 7.125
    endloop
  endfacet
  facet normal -1 0 0
    outer loop
      vertex -78.1 -20.208667491990045 6.948569147406791
      vertex -78.1 -20.234586495274186 7.4761625796290305
      vertex -78.1 -20.208667491990045 7.301430852593209
    endloop
  endfacet
  facet normal -1 0 0
    outer loop
      vertex -78.1 -20.234586495274186 6.7738374203709695
      vertex -78.1 -20.277507395682022 7.647512419058033
      vertex -78.1 -20.234586495274186 7.4761625796290305
    endloop
  endfacet
  facet normal -1 0 0
    outer loop
      vertex -78.1 -20.337016841479684 6.436169821742839
      vertex -78.1 -20.41254172417296 7.973514126286796
      vertex -78.1 -20.337016841479684 7.813830178257161
    endloop
  endfacet
  facet normal -1 0 0
    outer loop
      vertex -78.1 -20.41254172417296 6.276485873713204
      vertex -78.1 -20.503354697855418 8.125026419435283
      vertex -78.1 -20.41254172417296 7.973514126286796
    endloop
  endfacet
  facet normal -1 0 0
    outer loop
      vertex -78.1 -20.277507395682022 6.602487580941967
      vertex -78.1 -20.337016841479684 7.813830178257161
      vertex -78.1 -20.277507395682022 7.647512419058033
    endloop
  endfacet
  facet normal -1 0 0
    outer loop
      vertex -78.1 -20.503354697855418 6.124973580564716
      vertex -78.1 -20.608581183947074 8.266907911494561
      vertex -78.1 -20.503354697855418 8.125026419435283
    endloop
  endfacet
  facet normal -1 0 0
    outer loop
      vertex -78.1 -20.608581183947074 5.983092088505439
      vertex -78.1 -20.727207793864213 8.397792206135787
      vertex -78.1 -20.608581183947074 8.266907911494561
    endloop
  endfacet
  facet normal -1 0 0
    outer loop
      vertex -78.1 -22.35116257962903 5.359586495274185
      vertex -78.1 -22.52251241905803 8.847492604317976
      vertex -78.1 -22.35116257962903 8.890413504725815
    endloop
  endfacet
  facet normal -1 0 0
    outer loop
      vertex -78.1 -22.17643085259321 5.333667491990045
      vertex -78.1 -22.35116257962903 8.890413504725815
      vertex -78.1 -22.17643085259321 8.916332508009955
    endloop
  endfacet
  facet normal -1 0 0
    outer loop
      vertex -78.1 -22 5.325
      vertex -78.1 -22.17643085259321 8.916332508009955
      vertex -78.1 -22 8.925
    endloop
  endfacet
  facet normal -1 0 0
    outer loop
      vertex -78.1 -21.82356914740679 5.333667491990045
      vertex -78.1 -22 8.925
      vertex -78.1 -21.82356914740679 8.916332508009955
    endloop
  endfacet
  facet normal -1 0 0
    outer loop
      vertex -78.1 -21.64883742037097 5.359586495274185
      vertex -78.1 -21.82356914740679 8.916332508009955
      vertex -78.1 -21.64883742037097 8.890413504725815
    endloop
  endfacet
  facet normal -1 0 0
    outer loop
      vertex -78.1 -21.47748758094197 5.402507395682024
      vertex -78.1 -21.64883742037097 8.890413504725815
      vertex -78.1 -21.47748758094197 8.847492604317976
    endloop
  endfacet
  facet normal -1 0 0
    outer loop
      vertex -78.1 -21.311169821742837 5.462016841479684
      vertex -78.1 -21.47748758094197 8.847492604317976
      vertex -78.1 -21.311169821742837 8.787983158520316
    endloop
  endfacet
  facet normal -1 0 0
    outer loop
      vertex -78.1 -21.151485873713206 5.537541724172961
      vertex -78.1 -21.311169821742837 8.787983158520316
      vertex -78.1 -21.151485873713206 8.71245827582704
    endloop
  endfacet
  facet normal -1 0 0
    outer loop
      vertex -78.1 -20.999973580564717 5.628354697855419
      vertex -78.1 -21.151485873713206 8.71245827582704
      vertex -78.1 -20.999973580564717 8.621645302144582
    endloop
  endfacet
  facet normal -1 0 0
    outer loop
      vertex -78.1 -20.858092088505437 5.733581183947074
      vertex -78.1 -20.999973580564717 8.621645302144582
      vertex -78.1 -20.858092088505437 8.516418816052926
    endloop
  endfacet
  facet normal -1 0 0
    outer loop
      vertex -78.1 -20.727207793864213 5.852207793864214
      vertex -78.1 -20.858092088505437 8.516418816052926
      vertex -78.1 -20.727207793864213 8.397792206135787
    endloop
  endfacet
  facet normal -6.965144860338962e-20 0.857728610000272 -0.5141027441932219
    outer loop
      vertex -85.1 -23.58745827582704 7.973514126286796
      vertex -85.1 -23.496645302144582 8.125026419435283
      vertex -78.1 -23.496645302144582 8.125026419435283
    endloop
  endfacet
  facet normal -1.5157142727074637e-19 0.8032075314806432 -0.5956993044924356
    outer loop
      vertex -85.1 -23.496645302144582 8.125026419435283
      vertex -85.1 -23.391418816052926 8.266907911494561
      vertex -78.1 -23.391418816052926 8.266907911494561
    endloop
  endfacet
  facet normal 1.0783681391312581e-19 0.7409511253549664 -0.6715589548470103
    outer loop
      vertex -85.1 -23.391418816052926 8.266907911494561
      vertex -85.1 -23.272792206135787 8.397792206135787
      vertex -78.1 -23.272792206135787 8.397792206135787
    endloop
  endfacet
  facet normal 0 0.857728610000272 -0.5141027441932219
    outer loop
      vertex -85.1 -23.58745827582704 7.973514126286796
      vertex -78.1 -23.496645302144582 8.125026419435283
      vertex -78.1 -23.58745827582704 7.973514126286796
    endloop
  endfacet
  facet normal 0 0.8032075314806432 -0.5956993044924356
    outer loop
      vertex -85.1 -23.496645302144582 8.125026419435283
      vertex -78.1 -23.391418816052926 8.266907911494561
      vertex -78.1 -23.496645302144582 8.125026419435283
    endloop
  endfacet
  facet normal 0 0.7409511253549664 -0.6715589548470103
    outer loop
      vertex -85.1 -23.391418816052926 8.266907911494561
      vertex -78.1 -23.272792206135787 8.397792206135787
      vertex -78.1 -23.391418816052926 8.266907911494561
    endloop
  endfacet
  facet normal 0 0.6715589548470154 -0.7409511253549619
    outer loop
      vertex -85.1 -23.272792206135787 8.397792206135787
      vertex -78.1 -23.141907911494563 8.516418816052926
      vertex -78.1 -23.272792206135787 8.397792206135787
    endloop
  endfacet
  facet normal -5.566562587421321e-19 0.6715589548470154 -0.7409511253549619
    outer loop
      vertex -85.1 -23.272792206135787 8.397792206135787
      vertex -85.1 -23.141907911494563 8.516418816052926
      vertex -78.1 -23.141907911494563 8.516418816052926
    endloop
  endfacet
  facet normal -4.996064240814871e-19 0.5956993044924307 -0.8032075314806467
    outer loop
      vertex -85.1 -23.141907911494563 8.516418816052926
      vertex -85.1 -23.000026419435283 8.621645302144582
      vertex -78.1 -23.000026419435283 8.621645302144582
    endloop
  endfacet
  facet normal -8.019435347779065e-20 0.5141027441932174 -0.8577286100002746
    outer loop
      vertex -85.1 -23.000026419435283 8.621645302144582
      vertex -85.1 -22.848514126286794 8.71245827582704
      vertex -78.1 -22.848514126286794 8.71245827582704
    endloop
  endfacet
  facet normal 6.1157666776492e-19 0.42755509343028564 -0.9039892931234416
    outer loop
      vertex -85.1 -22.848514126286794 8.71245827582704
      vertex -85.1 -22.688830178257163 8.787983158520316
      vertex -78.1 -22.688830178257163 8.787983158520316
    endloop
  endfacet
  facet normal 2.6820027303545817e-19 0.3368898533922193 -0.9415440651830211
    outer loop
      vertex -85.1 -22.688830178257163 8.787983158520316
      vertex -85.1 -22.52251241905803 8.847492604317976
      vertex -78.1 -22.52251241905803 8.847492604317976
    endloop
  endfacet
  facet normal 0 0.5956993044924307 -0.8032075314806467
    outer loop
      vertex -85.1 -23.141907911494563 8.516418816052926
      vertex -78.1 -23.000026419435283 8.621645302144582
      vertex -78.1 -23.141907911494563 8.516418816052926
    endloop
  endfacet
  facet normal 0 0.5141027441932174 -0.8577286100002746
    outer loop
      vertex -85.1 -23.000026419435283 8.621645302144582
      vertex -78.1 -22.848514126286794 8.71245827582704
      vertex -78.1 -23.000026419435283 8.621645302144582
    endloop
  endfacet
  facet normal 0 0.42755509343028564 -0.9039892931234416
    outer loop
      vertex -85.1 -22.848514126286794 8.71245827582704
      vertex -78.1 -22.688830178257163 8.787983158520316
      vertex -78.1 -22.848514126286794 8.71245827582704
    endloop
  endfacet
  facet normal 0 0.3368898533922193 -0.9415440651830211
    outer loop
      vertex -85.1 -22.688830178257163 8.787983158520316
      vertex -78.1 -22.52251241905803 8.847492604317976
      vertex -78.1 -22.688830178257163 8.787983158520316
    endloop
  endfacet
  facet normal 0 -0.857728610000272 -0.5141027441932219
    outer loop
      vertex -85.1 -20.41254172417296 7.973514126286796
      vertex -78.1 -20.41254172417296 7.973514126286796
      vertex -85.1 -20.503354697855418 8.125026419435283
    endloop
  endfacet
  facet normal 0 -0.8032075314806432 -0.5956993044924356
    outer loop
      vertex -85.1 -20.503354697855418 8.125026419435283
      vertex -78.1 -20.503354697855418 8.125026419435283
      vertex -85.1 -20.608581183947074 8.266907911494561
    endloop
  endfacet
  facet normal 0 -0.6715589548470154 -0.7409511253549619
    outer loop
      vertex -85.1 -20.727207793864213 8.397792206135787
      vertex -78.1 -20.727207793864213 8.397792206135787
      vertex -85.1 -20.858092088505437 8.516418816052926
    endloop
  endfacet
  facet normal -1.0783681391312581e-19 -0.7409511253549664 -0.6715589548470103
    outer loop
      vertex -85.1 -20.727207793864213 8.397792206135787
      vertex -85.1 -20.608581183947074 8.266907911494561
      vertex -78.1 -20.608581183947074 8.266907911494561
    endloop
  endfacet
  facet normal 6.965144860338962e-20 -0.857728610000272 -0.5141027441932219
    outer loop
      vertex -78.1 -20.41254172417296 7.973514126286796
      vertex -78.1 -20.503354697855418 8.125026419435283
      vertex -85.1 -20.503354697855418 8.125026419435283
    endloop
  endfacet
  facet normal 0 -0.8032075314806432 -0.5956993044924356
    outer loop
      vertex -85.1 -20.608581183947074 8.266907911494561
      vertex -78.1 -20.503354697855418 8.125026419435283
      vertex -78.1 -20.608581183947074 8.266907911494561
    endloop
  endfacet
  facet normal 0 -0.7409511253549664 -0.6715589548470103
    outer loop
      vertex -85.1 -20.727207793864213 8.397792206135787
      vertex -78.1 -20.608581183947074 8.266907911494561
      vertex -78.1 -20.727207793864213 8.397792206135787
    endloop
  endfacet
  facet normal -4.5936753154955026e-20 0.24298017990326629 -0.9700312531945434
    outer loop
      vertex -85.1 -22.52251241905803 8.847492604317976
      vertex -85.1 -22.35116257962903 8.890413504725815
      vertex -78.1 -22.35116257962903 8.890413504725815
    endloop
  endfacet
  facet normal 0 -0.14673047445536153 -0.989176509964781
    outer loop
      vertex -85.1 -21.64883742037097 8.890413504725815
      vertex -78.1 -21.64883742037097 8.890413504725815
      vertex -85.1 -21.82356914740679 8.916332508009955
    endloop
  endfacet
  facet normal 0 -0.3368898533922193 -0.9415440651830211
    outer loop
      vertex -85.1 -21.311169821742837 8.787983158520316
      vertex -78.1 -21.311169821742837 8.787983158520316
      vertex -85.1 -21.47748758094197 8.847492604317976
    endloop
  endfacet
  facet normal 4.5936753154955026e-20 -0.24298017990326629 -0.9700312531945434
    outer loop
      vertex -85.1 -21.64883742037097 8.890413504725815
      vertex -85.1 -21.47748758094197 8.847492604317976
      vertex -78.1 -21.47748758094197 8.847492604317976
    endloop
  endfacet
  facet normal 0 -0.5956993044924307 -0.8032075314806467
    outer loop
      vertex -85.1 -20.858092088505437 8.516418816052926
      vertex -78.1 -20.858092088505437 8.516418816052926
      vertex -85.1 -20.999973580564717 8.621645302144582
    endloop
  endfacet
  facet normal 0 -0.5141027441932174 -0.8577286100002746
    outer loop
      vertex -85.1 -20.999973580564717 8.621645302144582
      vertex -78.1 -20.999973580564717 8.621645302144582
      vertex -85.1 -21.151485873713206 8.71245827582704
    endloop
  endfacet
  facet normal -6.1157666776492e-19 -0.42755509343028564 -0.9039892931234416
    outer loop
      vertex -85.1 -21.311169821742837 8.787983158520316
      vertex -85.1 -21.151485873713206 8.71245827582704
      vertex -78.1 -21.151485873713206 8.71245827582704
    endloop
  endfacet
  facet normal 0 0.24298017990326629 -0.9700312531945434
    outer loop
      vertex -85.1 -22.52251241905803 8.847492604317976
      vertex -78.1 -22.35116257962903 8.890413504725815
      vertex -78.1 -22.52251241905803 8.847492604317976
    endloop
  endfacet
  facet normal 0 0.14673047445536153 -0.989176509964781
    outer loop
      vertex -85.1 -22.35116257962903 8.890413504725815
      vertex -78.1 -22.17643085259321 8.916332508009955
      vertex -78.1 -22.35116257962903 8.890413504725815
    endloop
  endfacet
  facet normal 0 -0.24298017990326629 -0.9700312531945434
    outer loop
      vertex -85.1 -21.64883742037097 8.890413504725815
      vertex -78.1 -21.47748758094197 8.847492604317976
      vertex -78.1 -21.64883742037097 8.890413504725815
    endloop
  endfacet
  facet normal 0 -0.3368898533922193 -0.9415440651830211
    outer loop
      vertex -85.1 -21.47748758094197 8.847492604317976
      vertex -78.1 -21.311169821742837 8.787983158520316
      vertex -78.1 -21.47748758094197 8.847492604317976
    endloop
  endfacet
  facet normal 0 -0.6715589548470154 -0.7409511253549619
    outer loop
      vertex -85.1 -20.858092088505437 8.516418816052926
      vertex -78.1 -20.727207793864213 8.397792206135787
      vertex -78.1 -20.858092088505437 8.516418816052926
    endloop
  endfacet
  facet normal 0 -0.5141027441932174 -0.8577286100002746
    outer loop
      vertex -85.1 -21.151485873713206 8.71245827582704
      vertex -78.1 -20.999973580564717 8.621645302144582
      vertex -78.1 -21.151485873713206 8.71245827582704
    endloop
  endfacet
  facet normal 0 -0.5956993044924307 -0.8032075314806467
    outer loop
      vertex -85.1 -20.999973580564717 8.621645302144582
      vertex -78.1 -20.858092088505437 8.516418816052926
      vertex -78.1 -20.999973580564717 8.621645302144582
    endloop
  endfacet
  facet normal 0 -0.42755509343028564 -0.9039892931234416
    outer loop
      vertex -85.1 -21.311169821742837 8.787983158520316
      vertex -78.1 -21.151485873713206 8.71245827582704
      vertex -78.1 -21.311169821742837 8.787983158520316
    endloop
  endfacet
  facet normal -3.6381329058563186e-20 0.14673047445536153 -0.989176509964781
    outer loop
      vertex -85.1 -22.35116257962903 8.890413504725815
      vertex -85.1 -22.17643085259321 8.916332508009955
      vertex -78.1 -22.17643085259321 8.916332508009955
    endloop
  endfacet
  facet normal -9.700829825892616e-21 0.049067674327420055 -0.9987954562051723
    outer loop
      vertex -85.1 -22.17643085259321 8.916332508009955
      vertex -85.1 -22 8.925
      vertex -78.1 -22 8.925
    endloop
  endfacet
  facet normal 9.700829825892616e-21 -0.049067674327420055 -0.9987954562051723
    outer loop
      vertex -85.1 -22 8.925
      vertex -85.1 -21.82356914740679 8.916332508009955
      vertex -78.1 -21.82356914740679 8.916332508009955
    endloop
  endfacet
  facet normal 0 0.049067674327420055 -0.9987954562051723
    outer loop
      vertex -85.1 -22.17643085259321 8.916332508009955
      vertex -78.1 -22 8.925
      vertex -78.1 -22.17643085259321 8.916332508009955
    endloop
  endfacet
  facet normal 0 -0.049067674327420055 -0.9987954562051723
    outer loop
      vertex -85.1 -22 8.925
      vertex -78.1 -21.82356914740679 8.916332508009955
      vertex -78.1 -22 8.925
    endloop
  endfacet
  facet normal 3.6381329058563186e-20 -0.14673047445536153 -0.989176509964781
    outer loop
      vertex -78.1 -21.64883742037097 8.890413504725815
      vertex -78.1 -21.82356914740679 8.916332508009955
      vertex -85.1 -21.82356914740679 8.916332508009955
    endloop
  endfacet
  facet normal 0 0.049067674327415316 0.9987954562051725
    outer loop
      vertex 78.1 -0.1764308525932091 5.333667491990045
      vertex 85.1 -0.1764308525932091 5.333667491990045
      vertex 78.1 0 5.325
    endloop
  endfacet
  facet normal 0 0.14673047445536458 0.9891765099647805
    outer loop
      vertex 78.1 -0.1764308525932091 5.333667491990045
      vertex 85.1 -0.35116257962903086 5.359586495274185
      vertex 85.1 -0.1764308525932091 5.333667491990045
    endloop
  endfacet
  facet normal -4.115267104503206e-20 0.049067674327415316 0.9987954562051725
    outer loop
      vertex 85.1 -0.1764308525932091 5.333667491990045
      vertex 85.1 0 5.325
      vertex 78.1 0 5.325
    endloop
  endfacet
  facet normal 0 0.3368898533922228 0.9415440651830198
    outer loop
      vertex 78.1 -0.6888301782571616 5.462016841479684
      vertex 85.1 -0.6888301782571616 5.462016841479684
      vertex 78.1 -0.5225124190580323 5.402507395682024
    endloop
  endfacet
  facet normal 3.135259515555391e-19 0.4275550934302789 0.9039892931234449
    outer loop
      vertex 78.1 -0.6888301782571616 5.462016841479684
      vertex 78.1 -0.8485141262867958 5.537541724172961
      vertex 85.1 -0.8485141262867958 5.537541724172961
    endloop
  endfacet
  facet normal 3.443998432981593e-19 0.24298017990326243 0.9700312531945444
    outer loop
      vertex 78.1 -0.35116257962903086 5.359586495274185
      vertex 78.1 -0.5225124190580323 5.402507395682024
      vertex 85.1 -0.5225124190580323 5.402507395682024
    endloop
  endfacet
  facet normal -3.8917124011888133e-20 0.14673047445536458 0.9891765099647805
    outer loop
      vertex 78.1 -0.1764308525932091 5.333667491990045
      vertex 78.1 -0.35116257962903086 5.359586495274185
      vertex 85.1 -0.35116257962903086 5.359586495274185
    endloop
  endfacet
  facet normal 2.344011529844169e-19 0.514102744193223 0.8577286100002712
    outer loop
      vertex 78.1 -0.8485141262867958 5.537541724172961
      vertex 78.1 -1.000026419435284 5.628354697855419
      vertex 85.1 -1.000026419435284 5.628354697855419
    endloop
  endfacet
  facet normal -4.358268454057821e-19 0.5956993044924336 0.8032075314806447
    outer loop
      vertex 78.1 -1.000026419435284 5.628354697855419
      vertex 78.1 -1.1419079114945618 5.733581183947074
      vertex 85.1 -1.1419079114945618 5.733581183947074
    endloop
  endfacet
  facet normal 0 0.4275550934302789 0.9039892931234449
    outer loop
      vertex 78.1 -0.6888301782571616 5.462016841479684
      vertex 85.1 -0.8485141262867958 5.537541724172961
      vertex 85.1 -0.6888301782571616 5.462016841479684
    endloop
  endfacet
  facet normal 0 0.24298017990326243 0.9700312531945444
    outer loop
      vertex 78.1 -0.35116257962903086 5.359586495274185
      vertex 85.1 -0.5225124190580323 5.402507395682024
      vertex 85.1 -0.35116257962903086 5.359586495274185
    endloop
  endfacet
  facet normal 0 0.3368898533922228 0.9415440651830198
    outer loop
      vertex 78.1 -0.5225124190580323 5.402507395682024
      vertex 85.1 -0.6888301782571616 5.462016841479684
      vertex 85.1 -0.5225124190580323 5.402507395682024
    endloop
  endfacet
  facet normal 0 0.5956993044924336 0.8032075314806447
    outer loop
      vertex 78.1 -1.000026419435284 5.628354697855419
      vertex 85.1 -1.1419079114945618 5.733581183947074
      vertex 85.1 -1.000026419435284 5.628354697855419
    endloop
  endfacet
  facet normal 0 0.514102744193223 0.8577286100002712
    outer loop
      vertex 78.1 -0.8485141262867958 5.537541724172961
      vertex 85.1 -1.000026419435284 5.628354697855419
      vertex 85.1 -0.8485141262867958 5.537541724172961
    endloop
  endfacet
  facet normal 0 0.6715589548470169 0.7409511253549604
    outer loop
      vertex 78.1 -1.1419079114945618 5.733581183947074
      vertex 85.1 -1.2727922061357857 5.852207793864214
      vertex 85.1 -1.1419079114945618 5.733581183947074
    endloop
  endfacet
  facet normal -1.486959923195891e-19 0.740951125354961 0.6715589548470163
    outer loop
      vertex 78.1 -1.2727922061357857 5.852207793864214
      vertex 78.1 -1.3914188160529266 5.983092088505439
      vertex 85.1 -1.3914188160529266 5.983092088505439
    endloop
  endfacet
  facet normal -2.9720189785206744e-19 0.8032075314806445 0.595699304492434
    outer loop
      vertex 78.1 -1.3914188160529266 5.983092088505439
      vertex 78.1 -1.4966453021445814 6.124973580564716
      vertex 85.1 -1.4966453021445814 6.124973580564716
    endloop
  endfacet
  facet normal 5.228477766062157e-19 0.8577286100002716 0.5141027441932224
    outer loop
      vertex 78.1 -1.4966453021445814 6.124973580564716
      vertex 78.1 -1.587458275827039 6.276485873713204
      vertex 85.1 -1.587458275827039 6.276485873713204
    endloop
  endfacet
  facet normal 2.1902203266309113e-20 0.6715589548470169 0.7409511253549604
    outer loop
      vertex 78.1 -1.1419079114945618 5.733581183947074
      vertex 78.1 -1.2727922061357857 5.852207793864214
      vertex 85.1 -1.2727922061357857 5.852207793864214
    endloop
  endfacet
  facet normal 0 0.740951125354961 0.6715589548470163
    outer loop
      vertex 78.1 -1.2727922061357857 5.852207793864214
      vertex 85.1 -1.3914188160529266 5.983092088505439
      vertex 85.1 -1.2727922061357857 5.852207793864214
    endloop
  endfacet
  facet normal 0 0.8032075314806445 0.595699304492434
    outer loop
      vertex 78.1 -1.3914188160529266 5.983092088505439
      vertex 85.1 -1.4966453021445814 6.124973580564716
      vertex 85.1 -1.3914188160529266 5.983092088505439
    endloop
  endfacet
  facet normal 0 0.8577286100002716 0.5141027441932224
    outer loop
      vertex 78.1 -1.4966453021445814 6.124973580564716
      vertex 85.1 -1.587458275827039 6.276485873713204
      vertex 85.1 -1.4966453021445814 6.124973580564716
    endloop
  endfacet
  facet normal 1 0 0
    outer loop
      vertex 78.1 -1.000026419435284 5.628354697855419
      vertex 78.1 -1.000026419435284 8.621645302144582
      vertex 78.1 -1.1419079114945618 5.733581183947074
    endloop
  endfacet
  facet normal 1 0 0
    outer loop
      vertex 78.1 -0.6888301782571616 5.462016841479684
      vertex 78.1 -0.6888301782571616 8.787983158520316
      vertex 78.1 -0.8485141262867958 5.537541724172961
    endloop
  endfacet
  facet normal 1 0 0
    outer loop
      vertex 78.1 -0.8485141262867958 5.537541724172961
      vertex 78.1 -0.8485141262867958 8.71245827582704
      vertex 78.1 -1.000026419435284 5.628354697855419
    endloop
  endfacet
  facet normal 1 0 0
    outer loop
      vertex 78.1 -0.35116257962903086 5.359586495274185
      vertex 78.1 -0.35116257962903086 8.890413504725815
      vertex 78.1 -0.5225124190580323 5.402507395682024
    endloop
  endfacet
  facet normal 1 0 0
    outer loop
      vertex 78.1 -0.1764308525932091 5.333667491990045
      vertex 78.1 -0.1764308525932091 8.916332508009955
      vertex 78.1 -0.35116257962903086 5.359586495274185
    endloop
  endfacet
  facet normal 1 0 0
    outer loop
      vertex 78.1 -0.1764308525932091 5.333667491990045
      vertex 78.1 0 5.325
      vertex 78.1 0 8.925
    endloop
  endfacet
  facet normal 1 0 0
    outer loop
      vertex 78.1 -0.6888301782571616 5.462016841479684
      vertex 78.1 -0.5225124190580323 5.402507395682024
      vertex 78.1 -0.5225124190580323 8.847492604317976
    endloop
  endfacet
  facet normal 1 0 0
    outer loop
      vertex 78.1 -1.2727922061357857 5.852207793864214
      vertex 78.1 -1.2727922061357857 8.397792206135787
      vertex 78.1 -1.3914188160529266 5.983092088505439
    endloop
  endfacet
  facet normal 1 0 0
    outer loop
      vertex 78.1 -1.587458275827039 6.276485873713204
      vertex 78.1 -1.587458275827039 7.973514126286796
      vertex 78.1 -1.662983158520316 6.436169821742839
    endloop
  endfacet
  facet normal 1 0 0
    outer loop
      vertex 78.1 -1.3914188160529266 5.983092088505439
      vertex 78.1 -1.3914188160529266 8.266907911494561
      vertex 78.1 -1.4966453021445814 6.124973580564716
    endloop
  endfacet
  facet normal 1 0 0
    outer loop
      vertex 78.1 -1.4966453021445814 6.124973580564716
      vertex 78.1 -1.4966453021445814 8.125026419435283
      vertex 78.1 -1.587458275827039 6.276485873713204
    endloop
  endfacet
  facet normal 1 0 0
    outer loop
      vertex 78.1 -1.662983158520316 6.436169821742839
      vertex 78.1 -1.662983158520316 7.813830178257161
      vertex 78.1 -1.722492604317976 6.602487580941967
    endloop
  endfacet
  facet normal 1 0 0
    outer loop
      vertex 78.1 -1.722492604317976 6.602487580941967
      vertex 78.1 -1.722492604317976 7.647512419058033
      vertex 78.1 -1.7654135047258148 6.7738374203709695
    endloop
  endfacet
  facet normal 1 0 0
    outer loop
      vertex 78.1 -1.7654135047258148 6.7738374203709695
      vertex 78.1 -1.7654135047258148 7.4761625796290305
      vertex 78.1 -1.7913325080099545 6.948569147406791
    endloop
  endfacet
  facet normal 1 0 0
    outer loop
      vertex 78.1 -1.1419079114945618 5.733581183947074
      vertex 78.1 -1.1419079114945618 8.516418816052926
      vertex 78.1 -1.2727922061357857 5.852207793864214
    endloop
  endfacet
  facet normal -6.025920587869261e-19 0.9039892931234439 0.427555093430281
    outer loop
      vertex 78.1 -1.587458275827039 6.276485873713204
      vertex 78.1 -1.662983158520316 6.436169821742839
      vertex 85.1 -1.662983158520316 6.436169821742839
    endloop
  endfacet
  facet normal -2.9085034547892705e-19 0.9415440651830203 0.3368898533922218
    outer loop
      vertex 78.1 -1.662983158520316 6.436169821742839
      vertex 78.1 -1.722492604317976 6.602487580941967
      vertex 85.1 -1.722492604317976 6.602487580941967
    endloop
  endfacet
  facet normal 0 0.9039892931234439 0.427555093430281
    outer loop
      vertex 78.1 -1.587458275827039 6.276485873713204
      vertex 85.1 -1.662983158520316 6.436169821742839
      vertex 85.1 -1.587458275827039 6.276485873713204
    endloop
  endfacet
  facet normal 0 0.9415440651830203 0.3368898533922218
    outer loop
      vertex 78.1 -1.662983158520316 6.436169821742839
      vertex 85.1 -1.722492604317976 6.602487580941967
      vertex 85.1 -1.662983158520316 6.436169821742839
    endloop
  endfacet
  facet normal 0 0.9700312531945442 0.24298017990326268
    outer loop
      vertex 78.1 -1.722492604317976 6.602487580941967
      vertex 85.1 -1.7654135047258148 6.7738374203709695
      vertex 85.1 -1.722492604317976 6.602487580941967
    endloop
  endfacet
  facet normal -2.3697929112137836e-19 0.9700312531945442 0.24298017990326268
    outer loop
      vertex 78.1 -1.722492604317976 6.602487580941967
      vertex 78.1 -1.7654135047258148 6.7738374203709695
      vertex 85.1 -1.7654135047258148 6.7738374203709695
    endloop
  endfacet
  facet normal -3.4574927675608724e-19 0.9891765099647808 0.14673047445536253
    outer loop
      vertex 78.1 -1.7654135047258148 6.7738374203709695
      vertex 78.1 -1.7913325080099545 6.948569147406791
      vertex 85.1 -1.7913325080099545 6.948569147406791
    endloop
  endfacet
  facet normal -1.9684594434713302e-20 0.9987954562051725 0.04906767432741779
    outer loop
      vertex 78.1 -1.7913325080099545 6.948569147406791
      vertex 78.1 -1.8 7.125
      vertex 85.1 -1.8 7.125
    endloop
  endfacet
  facet normal 0 0.9891765099647808 0.14673047445536253
    outer loop
      vertex 78.1 -1.7654135047258148 6.7738374203709695
      vertex 85.1 -1.7913325080099545 6.948569147406791
      vertex 85.1 -1.7654135047258148 6.7738374203709695
    endloop
  endfacet
  facet normal 0 0.9987954562051725 0.04906767432741779
    outer loop
      vertex 78.1 -1.7913325080099545 6.948569147406791
      vertex 85.1 -1.8 7.125
      vertex 85.1 -1.7913325080099545 6.948569147406791
    endloop
  endfacet
  facet normal 1 0 0
    outer loop
      vertex 78.1 -1.7913325080099545 6.948569147406791
      vertex 78.1 -1.7913325080099545 7.301430852593209
      vertex 78.1 -1.8 7.125
    endloop
  endfacet
  facet normal 1 0 0
    outer loop
      vertex 78.1 -1.7913325080099545 6.948569147406791
      vertex 78.1 -1.7654135047258148 7.4761625796290305
      vertex 78.1 -1.7913325080099545 7.301430852593209
    endloop
  endfacet
  facet normal 1 0 0
    outer loop
      vertex 78.1 -1.7654135047258148 6.7738374203709695
      vertex 78.1 -1.722492604317976 7.647512419058033
      vertex 78.1 -1.7654135047258148 7.4761625796290305
    endloop
  endfacet
  facet normal 1 0 0
    outer loop
      vertex 78.1 -1.722492604317976 6.602487580941967
      vertex 78.1 -1.662983158520316 7.813830178257161
      vertex 78.1 -1.722492604317976 7.647512419058033
    endloop
  endfacet
  facet normal 1 0 0
    outer loop
      vertex 78.1 -1.662983158520316 6.436169821742839
      vertex 78.1 -1.587458275827039 7.973514126286796
      vertex 78.1 -1.662983158520316 7.813830178257161
    endloop
  endfacet
  facet normal 1 0 0
    outer loop
      vertex 78.1 -1.587458275827039 6.276485873713204
      vertex 78.1 -1.4966453021445814 8.125026419435283
      vertex 78.1 -1.587458275827039 7.973514126286796
    endloop
  endfacet
  facet normal 1 0 0
    outer loop
      vertex 78.1 -1.4966453021445814 6.124973580564716
      vertex 78.1 -1.3914188160529266 8.266907911494561
      vertex 78.1 -1.4966453021445814 8.125026419435283
    endloop
  endfacet
  facet normal 1 0 0
    outer loop
      vertex 78.1 -1.3914188160529266 5.983092088505439
      vertex 78.1 -1.2727922061357857 8.397792206135787
      vertex 78.1 -1.3914188160529266 8.266907911494561
    endloop
  endfacet
  facet normal 1 0 0
    outer loop
      vertex 78.1 -1.2727922061357857 5.852207793864214
      vertex 78.1 -1.1419079114945618 8.516418816052926
      vertex 78.1 -1.2727922061357857 8.397792206135787
    endloop
  endfacet
  facet normal 1 0 0
    outer loop
      vertex 78.1 -1.1419079114945618 5.733581183947074
      vertex 78.1 -1.000026419435284 8.621645302144582
      vertex 78.1 -1.1419079114945618 8.516418816052926
    endloop
  endfacet
  facet normal 1 0 0
    outer loop
      vertex 78.1 -1.000026419435284 5.628354697855419
      vertex 78.1 -0.8485141262867958 8.71245827582704
      vertex 78.1 -1.000026419435284 8.621645302144582
    endloop
  endfacet
  facet normal 1 0 0
    outer loop
      vertex 78.1 -0.8485141262867958 5.537541724172961
      vertex 78.1 -0.6888301782571616 8.787983158520316
      vertex 78.1 -0.8485141262867958 8.71245827582704
    endloop
  endfacet
  facet normal 1 0 0
    outer loop
      vertex 78.1 -0.6888301782571616 5.462016841479684
      vertex 78.1 -0.5225124190580323 8.847492604317976
      vertex 78.1 -0.6888301782571616 8.787983158520316
    endloop
  endfacet
  facet normal 1 0 0
    outer loop
      vertex 78.1 -0.5225124190580323 5.402507395682024
      vertex 78.1 -0.35116257962903086 8.890413504725815
      vertex 78.1 -0.5225124190580323 8.847492604317976
    endloop
  endfacet
  facet normal 1 0 0
    outer loop
      vertex 78.1 -0.35116257962903086 5.359586495274185
      vertex 78.1 -0.1764308525932091 8.916332508009955
      vertex 78.1 -0.35116257962903086 8.890413504725815
    endloop
  endfacet
  facet normal 1 0 0
    outer loop
      vertex 78.1 -0.1764308525932091 5.333667491990045
      vertex 78.1 0 8.925
      vertex 78.1 -0.1764308525932091 8.916332508009955
    endloop
  endfacet
  facet normal 1.9684594434713302e-20 0.9987954562051725 -0.04906767432741779
    outer loop
      vertex 78.1 -1.8 7.125
      vertex 78.1 -1.7913325080099545 7.301430852593209
      vertex 85.1 -1.7913325080099545 7.301430852593209
    endloop
  endfacet
  facet normal 3.4574927675608724e-19 0.9891765099647808 -0.14673047445536253
    outer loop
      vertex 78.1 -1.7913325080099545 7.301430852593209
      vertex 78.1 -1.7654135047258148 7.4761625796290305
      vertex 85.1 -1.7654135047258148 7.4761625796290305
    endloop
  endfacet
  facet normal 0 0.9987954562051725 -0.04906767432741779
    outer loop
      vertex 78.1 -1.8 7.125
      vertex 85.1 -1.7913325080099545 7.301430852593209
      vertex 85.1 -1.8 7.125
    endloop
  endfacet
  facet normal 0 0.9891765099647808 -0.14673047445536253
    outer loop
      vertex 78.1 -1.7913325080099545 7.301430852593209
      vertex 85.1 -1.7654135047258148 7.4761625796290305
      vertex 85.1 -1.7913325080099545 7.301430852593209
    endloop
  endfacet
  facet normal 0 0.9700312531945442 -0.24298017990326268
    outer loop
      vertex 78.1 -1.7654135047258148 7.4761625796290305
      vertex 85.1 -1.722492604317976 7.647512419058033
      vertex 85.1 -1.7654135047258148 7.4761625796290305
    endloop
  endfacet
  facet normal 2.3697929112137836e-19 0.9700312531945442 -0.24298017990326268
    outer loop
      vertex 78.1 -1.7654135047258148 7.4761625796290305
      vertex 78.1 -1.722492604317976 7.647512419058033
      vertex 85.1 -1.722492604317976 7.647512419058033
    endloop
  endfacet
  facet normal 2.9085034547892705e-19 0.9415440651830203 -0.3368898533922218
    outer loop
      vertex 78.1 -1.722492604317976 7.647512419058033
      vertex 78.1 -1.662983158520316 7.813830178257161
      vertex 85.1 -1.662983158520316 7.813830178257161
    endloop
  endfacet
  facet normal 6.025920587869261e-19 0.9039892931234439 -0.427555093430281
    outer loop
      vertex 78.1 -1.662983158520316 7.813830178257161
      vertex 78.1 -1.587458275827039 7.973514126286796
      vertex 85.1 -1.587458275827039 7.973514126286796
    endloop
  endfacet
  facet normal 0 0.9415440651830203 -0.3368898533922218
    outer loop
      vertex 78.1 -1.722492604317976 7.647512419058033
      vertex 85.1 -1.662983158520316 7.813830178257161
      vertex 85.1 -1.722492604317976 7.647512419058033
    endloop
  endfacet
  facet normal 0 0.9039892931234439 -0.427555093430281
    outer loop
      vertex 78.1 -1.662983158520316 7.813830178257161
      vertex 85.1 -1.587458275827039 7.973514126286796
      vertex 85.1 -1.662983158520316 7.813830178257161
    endloop
  endfacet
  facet normal 1.8388583108103132e-19 0.8577286100002702 -0.5141027441932247
    outer loop
      vertex 78.1 -1.587458275827039 7.973514126286796
      vertex 78.1 -1.4966453021445814 8.125026419435283
      vertex 85.1 -1.4966453021445814 8.125026419435283
    endloop
  endfacet
  facet normal 1.2318439944589568e-19 0.8032075314806463 -0.5956993044924315
    outer loop
      vertex 78.1 -1.4966453021445814 8.125026419435283
      vertex 78.1 -1.3914188160529266 8.266907911494561
      vertex 85.1 -1.3914188160529266 8.266907911494561
    endloop
  endfacet
  facet normal -2.2051962660250747e-19 0.7409511253549632 -0.6715589548470138
    outer loop
      vertex 78.1 -1.3914188160529266 8.266907911494561
      vertex 78.1 -1.2727922061357857 8.397792206135787
      vertex 85.1 -1.2727922061357857 8.397792206135787
    endloop
  endfacet
  facet normal 0 0.8577286100002702 -0.5141027441932247
    outer loop
      vertex 78.1 -1.587458275827039 7.973514126286796
      vertex 85.1 -1.4966453021445814 8.125026419435283
      vertex 85.1 -1.587458275827039 7.973514126286796
    endloop
  endfacet
  facet normal 0 0.8032075314806463 -0.5956993044924315
    outer loop
      vertex 78.1 -1.4966453021445814 8.125026419435283
      vertex 85.1 -1.3914188160529266 8.266907911494561
      vertex 85.1 -1.4966453021445814 8.125026419435283
    endloop
  endfacet
  facet normal 0 0.7409511253549632 -0.6715589548470138
    outer loop
      vertex 78.1 -1.3914188160529266 8.266907911494561
      vertex 85.1 -1.2727922061357857 8.397792206135787
      vertex 85.1 -1.3914188160529266 8.266907911494561
    endloop
  endfacet
  facet normal 0 0.6715589548470141 -0.740951125354963
    outer loop
      vertex 78.1 -1.2727922061357857 8.397792206135787
      vertex 85.1 -1.1419079114945618 8.516418816052926
      vertex 85.1 -1.2727922061357857 8.397792206135787
    endloop
  endfacet
  facet normal -3.9801912953053697e-20 0.6715589548470141 -0.740951125354963
    outer loop
      vertex 78.1 -1.2727922061357857 8.397792206135787
      vertex 78.1 -1.1419079114945618 8.516418816052926
      vertex 85.1 -1.1419079114945618 8.516418816052926
    endloop
  endfacet
  facet normal -6.456267806806029e-20 0.5956993044924367 -0.8032075314806423
    outer loop
      vertex 78.1 -1.1419079114945618 8.516418816052926
      vertex 78.1 -1.000026419435284 8.621645302144582
      vertex 85.1 -1.000026419435284 8.621645302144582
    endloop
  endfacet
  facet normal 3.6283201443633785e-19 0.5141027441932193 -0.8577286100002736
    outer loop
      vertex 78.1 -1.000026419435284 8.621645302144582
      vertex 78.1 -0.8485141262867958 8.71245827582704
      vertex 85.1 -0.8485141262867958 8.71245827582704
    endloop
  endfacet
  facet normal -3.135259515555391e-19 0.4275550934302789 -0.9039892931234449
    outer loop
      vertex 78.1 -0.8485141262867958 8.71245827582704
      vertex 78.1 -0.6888301782571616 8.787983158520316
      vertex 85.1 -0.6888301782571616 8.787983158520316
    endloop
  endfacet
  facet normal -5.102565554007351e-19 0.3368898533922228 -0.9415440651830198
    outer loop
      vertex 78.1 -0.6888301782571616 8.787983158520316
      vertex 78.1 -0.5225124190580323 8.847492604317976
      vertex 85.1 -0.5225124190580323 8.847492604317976
    endloop
  endfacet
  facet normal -2.0159080416560343e-20 0.24298017990326715 -0.9700312531945432
    outer loop
      vertex 78.1 -0.5225124190580323 8.847492604317976
      vertex 78.1 -0.35116257962903086 8.890413504725815
      vertex 85.1 -0.35116257962903086 8.890413504725815
    endloop
  endfacet
  facet normal 0 0.5956993044924367 -0.8032075314806423
    outer loop
      vertex 78.1 -1.1419079114945618 8.516418816052926
      vertex 85.1 -1.000026419435284 8.621645302144582
      vertex 85.1 -1.1419079114945618 8.516418816052926
    endloop
  endfacet
  facet normal 0 0.5141027441932193 -0.8577286100002736
    outer loop
      vertex 78.1 -1.000026419435284 8.621645302144582
      vertex 85.1 -0.8485141262867958 8.71245827582704
      vertex 85.1 -1.000026419435284 8.621645302144582
    endloop
  endfacet
  facet normal 0 0.4275550934302789 -0.9039892931234449
    outer loop
      vertex 78.1 -0.8485141262867958 8.71245827582704
      vertex 85.1 -0.6888301782571616 8.787983158520316
      vertex 85.1 -0.8485141262867958 8.71245827582704
    endloop
  endfacet
  facet normal 0 0.3368898533922228 -0.9415440651830198
    outer loop
      vertex 78.1 -0.6888301782571616 8.787983158520316
      vertex 85.1 -0.5225124190580323 8.847492604317976
      vertex 85.1 -0.6888301782571616 8.787983158520316
    endloop
  endfacet
  facet normal 0 0.24298017990326715 -0.9700312531945432
    outer loop
      vertex 78.1 -0.5225124190580323 8.847492604317976
      vertex 85.1 -0.35116257962903086 8.890413504725815
      vertex 85.1 -0.5225124190580323 8.847492604317976
    endloop
  endfacet
  facet normal 0 0.1467304744553597 -0.9891765099647813
    outer loop
      vertex 78.1 -0.35116257962903086 8.890413504725815
      vertex 85.1 -0.1764308525932091 8.916332508009955
      vertex 85.1 -0.35116257962903086 8.890413504725815
    endloop
  endfacet
  facet normal 9.132442456924415e-20 0.1467304744553597 -0.9891765099647813
    outer loop
      vertex 78.1 -0.35116257962903086 8.890413504725815
      vertex 78.1 -0.1764308525932091 8.916332508009955
      vertex 85.1 -0.1764308525932091 8.916332508009955
    endloop
  endfacet
  facet normal -1.8336191061951036e-20 0.04906767432742034 -0.9987954562051723
    outer loop
      vertex 78.1 -0.1764308525932091 8.916332508009955
      vertex 78.1 0 8.925
      vertex 85.1 0 8.925
    endloop
  endfacet
  facet normal 0 0.04906767432742034 -0.9987954562051723
    outer loop
      vertex 78.1 -0.1764308525932091 8.916332508009955
      vertex 85.1 0 8.925
      vertex 85.1 -0.1764308525932091 8.916332508009955
    endloop
  endfacet
  facet normal 0 -0.049067674327415316 0.9987954562051725
    outer loop
      vertex 78.1 0 5.325
      vertex 85.1 0 5.325
      vertex 78.1 0.1764308525932091 5.333667491990045
    endloop
  endfacet
  facet normal 0 -0.14673047445536458 0.9891765099647805
    outer loop
      vertex 78.1 0.1764308525932091 5.333667491990045
      vertex 85.1 0.1764308525932091 5.333667491990045
      vertex 78.1 0.35116257962903086 5.359586495274185
    endloop
  endfacet
  facet normal 0 -0.049067674327415316 0.9987954562051725
    outer loop
      vertex 78.1 0.1764308525932091 5.333667491990045
      vertex 85.1 0 5.325
      vertex 85.1 0.1764308525932091 5.333667491990045
    endloop
  endfacet
  facet normal 0 -0.24298017990326243 0.9700312531945444
    outer loop
      vertex 78.1 0.35116257962903086 5.359586495274185
      vertex 85.1 0.35116257962903086 5.359586495274185
      vertex 78.1 0.5225124190580323 5.402507395682024
    endloop
  endfacet
  facet normal 0 -0.3368898533922228 0.9415440651830198
    outer loop
      vertex 78.1 0.5225124190580323 5.402507395682024
      vertex 85.1 0.5225124190580323 5.402507395682024
      vertex 78.1 0.6888301782571616 5.462016841479684
    endloop
  endfacet
  facet normal 0 -0.4275550934302789 0.9039892931234449
    outer loop
      vertex 78.1 0.6888301782571616 5.462016841479684
      vertex 85.1 0.6888301782571616 5.462016841479684
      vertex 78.1 0.8485141262867958 5.537541724172961
    endloop
  endfacet
  facet normal 0 -0.514102744193223 0.8577286100002712
    outer loop
      vertex 78.1 0.8485141262867958 5.537541724172961
      vertex 85.1 0.8485141262867958 5.537541724172961
      vertex 78.1 1.000026419435284 5.628354697855419
    endloop
  endfacet
  facet normal 0 -0.5956993044924336 0.8032075314806447
    outer loop
      vertex 78.1 1.000026419435284 5.628354697855419
      vertex 85.1 1.000026419435284 5.628354697855419
      vertex 78.1 1.1419079114945618 5.733581183947074
    endloop
  endfacet
  facet normal 0 -0.6715589548470169 0.7409511253549604
    outer loop
      vertex 78.1 1.1419079114945618 5.733581183947074
      vertex 85.1 1.1419079114945618 5.733581183947074
      vertex 78.1 1.2727922061357857 5.852207793864214
    endloop
  endfacet
  facet normal 3.8917124011888133e-20 -0.14673047445536458 0.9891765099647805
    outer loop
      vertex 85.1 0.1764308525932091 5.333667491990045
      vertex 85.1 0.35116257962903086 5.359586495274185
      vertex 78.1 0.35116257962903086 5.359586495274185
    endloop
  endfacet
  facet normal 0 -0.24298017990326243 0.9700312531945444
    outer loop
      vertex 78.1 0.5225124190580323 5.402507395682024
      vertex 85.1 0.35116257962903086 5.359586495274185
      vertex 85.1 0.5225124190580323 5.402507395682024
    endloop
  endfacet
  facet normal 0 -0.3368898533922228 0.9415440651830198
    outer loop
      vertex 78.1 0.6888301782571616 5.462016841479684
      vertex 85.1 0.5225124190580323 5.402507395682024
      vertex 85.1 0.6888301782571616 5.462016841479684
    endloop
  endfacet
  facet normal 0 -0.4275550934302789 0.9039892931234449
    outer loop
      vertex 78.1 0.8485141262867958 5.537541724172961
      vertex 85.1 0.6888301782571616 5.462016841479684
      vertex 85.1 0.8485141262867958 5.537541724172961
    endloop
  endfacet
  facet normal 0 -0.514102744193223 0.8577286100002712
    outer loop
      vertex 78.1 1.000026419435284 5.628354697855419
      vertex 85.1 0.8485141262867958 5.537541724172961
      vertex 85.1 1.000026419435284 5.628354697855419
    endloop
  endfacet
  facet normal 0 -0.5956993044924336 0.8032075314806447
    outer loop
      vertex 78.1 1.1419079114945618 5.733581183947074
      vertex 85.1 1.000026419435284 5.628354697855419
      vertex 85.1 1.1419079114945618 5.733581183947074
    endloop
  endfacet
  facet normal 0 -0.740951125354961 0.6715589548470163
    outer loop
      vertex 78.1 1.2727922061357857 5.852207793864214
      vertex 85.1 1.2727922061357857 5.852207793864214
      vertex 78.1 1.3914188160529266 5.983092088505439
    endloop
  endfacet
  facet normal 0 -0.8032075314806445 0.595699304492434
    outer loop
      vertex 78.1 1.3914188160529266 5.983092088505439
      vertex 85.1 1.3914188160529266 5.983092088505439
      vertex 78.1 1.4966453021445814 6.124973580564716
    endloop
  endfacet
  facet normal 0 -0.8577286100002716 0.5141027441932224
    outer loop
      vertex 78.1 1.4966453021445814 6.124973580564716
      vertex 85.1 1.4966453021445814 6.124973580564716
      vertex 78.1 1.587458275827039 6.276485873713204
    endloop
  endfacet
  facet normal 0 -0.6715589548470169 0.7409511253549604
    outer loop
      vertex 78.1 1.2727922061357857 5.852207793864214
      vertex 85.1 1.1419079114945618 5.733581183947074
      vertex 85.1 1.2727922061357857 5.852207793864214
    endloop
  endfacet
  facet normal 0 -0.740951125354961 0.6715589548470163
    outer loop
      vertex 78.1 1.3914188160529266 5.983092088505439
      vertex 85.1 1.2727922061357857 5.852207793864214
      vertex 85.1 1.3914188160529266 5.983092088505439
    endloop
  endfacet
  facet normal 0 -0.8032075314806445 0.595699304492434
    outer loop
      vertex 78.1 1.4966453021445814 6.124973580564716
      vertex 85.1 1.3914188160529266 5.983092088505439
      vertex 85.1 1.4966453021445814 6.124973580564716
    endloop
  endfacet
  facet normal -5.228477766062157e-19 -0.8577286100002716 0.5141027441932224
    outer loop
      vertex 85.1 1.4966453021445814 6.124973580564716
      vertex 85.1 1.587458275827039 6.276485873713204
      vertex 78.1 1.587458275827039 6.276485873713204
    endloop
  endfacet
  facet normal 1 0 0
    outer loop
      vertex 78.1 0 5.325
      vertex 78.1 0.1764308525932091 5.333667491990045
      vertex 78.1 0.1764308525932091 8.916332508009955
    endloop
  endfacet
  facet normal 1 0 0
    outer loop
      vertex 78.1 0.1764308525932091 5.333667491990045
      vertex 78.1 0.35116257962903086 5.359586495274185
      vertex 78.1 0.35116257962903086 8.890413504725815
    endloop
  endfacet
  facet normal 1 0 0
    outer loop
      vertex 78.1 0.35116257962903086 5.359586495274185
      vertex 78.1 0.5225124190580323 5.402507395682024
      vertex 78.1 0.5225124190580323 8.847492604317976
    endloop
  endfacet
  facet normal 1 0 0
    outer loop
      vertex 78.1 0.5225124190580323 5.402507395682024
      vertex 78.1 0.6888301782571616 5.462016841479684
      vertex 78.1 0.6888301782571616 8.787983158520316
    endloop
  endfacet
  facet normal 1 0 0
    outer loop
      vertex 78.1 0.6888301782571616 5.462016841479684
      vertex 78.1 0.8485141262867958 5.537541724172961
      vertex 78.1 0.8485141262867958 8.71245827582704
    endloop
  endfacet
  facet normal 1 0 0
    outer loop
      vertex 78.1 0.8485141262867958 5.537541724172961
      vertex 78.1 1.000026419435284 5.628354697855419
      vertex 78.1 1.000026419435284 8.621645302144582
    endloop
  endfacet
  facet normal 1 0 0
    outer loop
      vertex 78.1 1.000026419435284 5.628354697855419
      vertex 78.1 1.1419079114945618 5.733581183947074
      vertex 78.1 1.1419079114945618 8.516418816052926
    endloop
  endfacet
  facet normal 1 0 0
    outer loop
      vertex 78.1 1.1419079114945618 5.733581183947074
      vertex 78.1 1.2727922061357857 5.852207793864214
      vertex 78.1 1.2727922061357857 8.397792206135787
    endloop
  endfacet
  facet normal 1 0 0
    outer loop
      vertex 78.1 1.2727922061357857 5.852207793864214
      vertex 78.1 1.3914188160529266 5.983092088505439
      vertex 78.1 1.3914188160529266 8.266907911494561
    endloop
  endfacet
  facet normal 1 0 0
    outer loop
      vertex 78.1 1.3914188160529266 5.983092088505439
      vertex 78.1 1.4966453021445814 6.124973580564716
      vertex 78.1 1.4966453021445814 8.125026419435283
    endloop
  endfacet
  facet normal 1 0 0
    outer loop
      vertex 78.1 1.4966453021445814 6.124973580564716
      vertex 78.1 1.587458275827039 6.276485873713204
      vertex 78.1 1.587458275827039 7.973514126286796
    endloop
  endfacet
  facet normal 1 0 0
    outer loop
      vertex 78.1 1.587458275827039 6.276485873713204
      vertex 78.1 1.662983158520316 6.436169821742839
      vertex 78.1 1.662983158520316 7.813830178257161
    endloop
  endfacet
  facet normal 1 0 0
    outer loop
      vertex 78.1 1.662983158520316 6.436169821742839
      vertex 78.1 1.722492604317976 6.602487580941967
      vertex 78.1 1.722492604317976 7.647512419058033
    endloop
  endfacet
  facet normal 1 0 0
    outer loop
      vertex 78.1 1.722492604317976 6.602487580941967
      vertex 78.1 1.7654135047258148 6.7738374203709695
      vertex 78.1 1.7654135047258148 7.4761625796290305
    endloop
  endfacet
  facet normal 1 0 0
    outer loop
      vertex 78.1 1.7654135047258148 6.7738374203709695
      vertex 78.1 1.7913325080099545 6.948569147406791
      vertex 78.1 1.7913325080099545 7.301430852593209
    endloop
  endfacet
  facet normal 0 -0.9039892931234439 0.427555093430281
    outer loop
      vertex 78.1 1.587458275827039 6.276485873713204
      vertex 85.1 1.587458275827039 6.276485873713204
      vertex 78.1 1.662983158520316 6.436169821742839
    endloop
  endfacet
  facet normal 0 -0.9415440651830203 0.3368898533922218
    outer loop
      vertex 78.1 1.662983158520316 6.436169821742839
      vertex 85.1 1.662983158520316 6.436169821742839
      vertex 78.1 1.722492604317976 6.602487580941967
    endloop
  endfacet
  facet normal 0 -0.9700312531945442 0.24298017990326268
    outer loop
      vertex 78.1 1.722492604317976 6.602487580941967
      vertex 85.1 1.722492604317976 6.602487580941967
      vertex 78.1 1.7654135047258148 6.7738374203709695
    endloop
  endfacet
  facet normal 0 -0.9039892931234439 0.427555093430281
    outer loop
      vertex 78.1 1.662983158520316 6.436169821742839
      vertex 85.1 1.587458275827039 6.276485873713204
      vertex 85.1 1.662983158520316 6.436169821742839
    endloop
  endfacet
  facet normal 0 -0.9415440651830203 0.3368898533922218
    outer loop
      vertex 78.1 1.722492604317976 6.602487580941967
      vertex 85.1 1.662983158520316 6.436169821742839
      vertex 85.1 1.722492604317976 6.602487580941967
    endloop
  endfacet
  facet normal 0 -0.9891765099647808 0.14673047445536253
    outer loop
      vertex 78.1 1.7654135047258148 6.7738374203709695
      vertex 85.1 1.7654135047258148 6.7738374203709695
      vertex 78.1 1.7913325080099545 6.948569147406791
    endloop
  endfacet
  facet normal 0 -0.9987954562051725 0.04906767432741779
    outer loop
      vertex 78.1 1.7913325080099545 6.948569147406791
      vertex 85.1 1.7913325080099545 6.948569147406791
      vertex 78.1 1.8 7.125
    endloop
  endfacet
  facet normal 0 -0.9700312531945442 0.24298017990326268
    outer loop
      vertex 78.1 1.7654135047258148 6.7738374203709695
      vertex 85.1 1.722492604317976 6.602487580941967
      vertex 85.1 1.7654135047258148 6.7738374203709695
    endloop
  endfacet
  facet normal 0 -0.9891765099647808 0.14673047445536253
    outer loop
      vertex 78.1 1.7913325080099545 6.948569147406791
      vertex 85.1 1.7654135047258148 6.7738374203709695
      vertex 85.1 1.7913325080099545 6.948569147406791
    endloop
  endfacet
  facet normal 1.9684594434713302e-20 -0.9987954562051725 0.04906767432741779
    outer loop
      vertex 85.1 1.7913325080099545 6.948569147406791
      vertex 85.1 1.8 7.125
      vertex 78.1 1.8 7.125
    endloop
  endfacet
  facet normal 1 0 0
    outer loop
      vertex 78.1 1.1419079114945618 5.733581183947074
      vertex 78.1 1.2727922061357857 8.397792206135787
      vertex 78.1 1.1419079114945618 8.516418816052926
    endloop
  endfacet
  facet normal 1 0 0
    outer loop
      vertex 78.1 1.7913325080099545 6.948569147406791
      vertex 78.1 1.8 7.125
      vertex 78.1 1.7913325080099545 7.301430852593209
    endloop
  endfacet
  facet normal 1 0 0
    outer loop
      vertex 78.1 1.7654135047258148 6.7738374203709695
      vertex 78.1 1.7913325080099545 7.301430852593209
      vertex 78.1 1.7654135047258148 7.4761625796290305
    endloop
  endfacet
  facet normal 1 0 0
    outer loop
      vertex 78.1 1.722492604317976 6.602487580941967
      vertex 78.1 1.7654135047258148 7.4761625796290305
      vertex 78.1 1.722492604317976 7.647512419058033
    endloop
  endfacet
  facet normal 1 0 0
    outer loop
      vertex 78.1 1.662983158520316 6.436169821742839
      vertex 78.1 1.722492604317976 7.647512419058033
      vertex 78.1 1.662983158520316 7.813830178257161
    endloop
  endfacet
  facet normal 1 0 0
    outer loop
      vertex 78.1 1.4966453021445814 6.124973580564716
      vertex 78.1 1.587458275827039 7.973514126286796
      vertex 78.1 1.4966453021445814 8.125026419435283
    endloop
  endfacet
  facet normal 1 0 0
    outer loop
      vertex 78.1 1.3914188160529266 5.983092088505439
      vertex 78.1 1.4966453021445814 8.125026419435283
      vertex 78.1 1.3914188160529266 8.266907911494561
    endloop
  endfacet
  facet normal 1 0 0
    outer loop
      vertex 78.1 1.587458275827039 6.276485873713204
      vertex 78.1 1.662983158520316 7.813830178257161
      vertex 78.1 1.587458275827039 7.973514126286796
    endloop
  endfacet
  facet normal 1 0 0
    outer loop
      vertex 78.1 1.2727922061357857 5.852207793864214
      vertex 78.1 1.3914188160529266 8.266907911494561
      vertex 78.1 1.2727922061357857 8.397792206135787
    endloop
  endfacet
  facet normal 1 0 0
    outer loop
      vertex 78.1 0.5225124190580323 5.402507395682024
      vertex 78.1 0.6888301782571616 8.787983158520316
      vertex 78.1 0.5225124190580323 8.847492604317976
    endloop
  endfacet
  facet normal 1 0 0
    outer loop
      vertex 78.1 0 5.325
      vertex 78.1 0.1764308525932091 8.916332508009955
      vertex 78.1 0 8.925
    endloop
  endfacet
  facet normal 1 0 0
    outer loop
      vertex 78.1 0.1764308525932091 5.333667491990045
      vertex 78.1 0.35116257962903086 8.890413504725815
      vertex 78.1 0.1764308525932091 8.916332508009955
    endloop
  endfacet
  facet normal 1 0 0
    outer loop
      vertex 78.1 0.35116257962903086 5.359586495274185
      vertex 78.1 0.5225124190580323 8.847492604317976
      vertex 78.1 0.35116257962903086 8.890413504725815
    endloop
  endfacet
  facet normal 1 0 0
    outer loop
      vertex 78.1 0.8485141262867958 5.537541724172961
      vertex 78.1 1.000026419435284 8.621645302144582
      vertex 78.1 0.8485141262867958 8.71245827582704
    endloop
  endfacet
  facet normal 1 0 0
    outer loop
      vertex 78.1 0.6888301782571616 5.462016841479684
      vertex 78.1 0.8485141262867958 8.71245827582704
      vertex 78.1 0.6888301782571616 8.787983158520316
    endloop
  endfacet
  facet normal 1 0 0
    outer loop
      vertex 78.1 1.000026419435284 5.628354697855419
      vertex 78.1 1.1419079114945618 8.516418816052926
      vertex 78.1 1.000026419435284 8.621645302144582
    endloop
  endfacet
  facet normal 0 -0.9987954562051725 -0.04906767432741779
    outer loop
      vertex 78.1 1.8 7.125
      vertex 85.1 1.8 7.125
      vertex 78.1 1.7913325080099545 7.301430852593209
    endloop
  endfacet
  facet normal 0 -0.9891765099647808 -0.14673047445536253
    outer loop
      vertex 78.1 1.7913325080099545 7.301430852593209
      vertex 85.1 1.7913325080099545 7.301430852593209
      vertex 78.1 1.7654135047258148 7.4761625796290305
    endloop
  endfacet
  facet normal 0 -0.9700312531945442 -0.24298017990326268
    outer loop
      vertex 78.1 1.7654135047258148 7.4761625796290305
      vertex 85.1 1.7654135047258148 7.4761625796290305
      vertex 78.1 1.722492604317976 7.647512419058033
    endloop
  endfacet
  facet normal 0 -0.9987954562051725 -0.04906767432741779
    outer loop
      vertex 78.1 1.7913325080099545 7.301430852593209
      vertex 85.1 1.8 7.125
      vertex 85.1 1.7913325080099545 7.301430852593209
    endloop
  endfacet
  facet normal 0 -0.9891765099647808 -0.14673047445536253
    outer loop
      vertex 78.1 1.7654135047258148 7.4761625796290305
      vertex 85.1 1.7913325080099545 7.301430852593209
      vertex 85.1 1.7654135047258148 7.4761625796290305
    endloop
  endfacet
  facet normal 0 -0.9415440651830203 -0.3368898533922218
    outer loop
      vertex 78.1 1.722492604317976 7.647512419058033
      vertex 85.1 1.722492604317976 7.647512419058033
      vertex 78.1 1.662983158520316 7.813830178257161
    endloop
  endfacet
  facet normal 0 -0.9039892931234439 -0.427555093430281
    outer loop
      vertex 78.1 1.662983158520316 7.813830178257161
      vertex 85.1 1.662983158520316 7.813830178257161
      vertex 78.1 1.587458275827039 7.973514126286796
    endloop
  endfacet
  facet normal 0 -0.9700312531945442 -0.24298017990326268
    outer loop
      vertex 78.1 1.722492604317976 7.647512419058033
      vertex 85.1 1.7654135047258148 7.4761625796290305
      vertex 85.1 1.722492604317976 7.647512419058033
    endloop
  endfacet
  facet normal 0 -0.9415440651830203 -0.3368898533922218
    outer loop
      vertex 78.1 1.662983158520316 7.813830178257161
      vertex 85.1 1.722492604317976 7.647512419058033
      vertex 85.1 1.662983158520316 7.813830178257161
    endloop
  endfacet
  facet normal 0 -0.9039892931234439 -0.427555093430281
    outer loop
      vertex 78.1 1.587458275827039 7.973514126286796
      vertex 85.1 1.662983158520316 7.813830178257161
      vertex 85.1 1.587458275827039 7.973514126286796
    endloop
  endfacet
  facet normal 0 -0.6715589548470141 -0.740951125354963
    outer loop
      vertex 78.1 1.2727922061357857 8.397792206135787
      vertex 85.1 1.2727922061357857 8.397792206135787
      vertex 78.1 1.1419079114945618 8.516418816052926
    endloop
  endfacet
  facet normal 0 -0.8577286100002702 -0.5141027441932247
    outer loop
      vertex 78.1 1.587458275827039 7.973514126286796
      vertex 85.1 1.587458275827039 7.973514126286796
      vertex 78.1 1.4966453021445814 8.125026419435283
    endloop
  endfacet
  facet normal 0 -0.8032075314806463 -0.5956993044924315
    outer loop
      vertex 78.1 1.4966453021445814 8.125026419435283
      vertex 85.1 1.4966453021445814 8.125026419435283
      vertex 78.1 1.3914188160529266 8.266907911494561
    endloop
  endfacet
  facet normal 0 -0.7409511253549632 -0.6715589548470138
    outer loop
      vertex 78.1 1.3914188160529266 8.266907911494561
      vertex 85.1 1.3914188160529266 8.266907911494561
      vertex 78.1 1.2727922061357857 8.397792206135787
    endloop
  endfacet
  facet normal -1.8388583108103132e-19 -0.8577286100002702 -0.5141027441932247
    outer loop
      vertex 85.1 1.587458275827039 7.973514126286796
      vertex 85.1 1.4966453021445814 8.125026419435283
      vertex 78.1 1.4966453021445814 8.125026419435283
    endloop
  endfacet
  facet normal 0 -0.8032075314806463 -0.5956993044924315
    outer loop
      vertex 78.1 1.3914188160529266 8.266907911494561
      vertex 85.1 1.4966453021445814 8.125026419435283
      vertex 85.1 1.3914188160529266 8.266907911494561
    endloop
  endfacet
  facet normal 0 -0.7409511253549632 -0.6715589548470138
    outer loop
      vertex 78.1 1.2727922061357857 8.397792206135787
      vertex 85.1 1.3914188160529266 8.266907911494561
      vertex 85.1 1.2727922061357857 8.397792206135787
    endloop
  endfacet
  facet normal 0 -0.5956993044924367 -0.8032075314806423
    outer loop
      vertex 78.1 1.1419079114945618 8.516418816052926
      vertex 85.1 1.1419079114945618 8.516418816052926
      vertex 78.1 1.000026419435284 8.621645302144582
    endloop
  endfacet
  facet normal 0 -0.5141027441932193 -0.8577286100002736
    outer loop
      vertex 78.1 1.000026419435284 8.621645302144582
      vertex 85.1 1.000026419435284 8.621645302144582
      vertex 78.1 0.8485141262867958 8.71245827582704
    endloop
  endfacet
  facet normal 0 -0.1467304744553597 -0.9891765099647813
    outer loop
      vertex 78.1 0.35116257962903086 8.890413504725815
      vertex 85.1 0.35116257962903086 8.890413504725815
      vertex 78.1 0.1764308525932091 8.916332508009955
    endloop
  endfacet
  facet normal 0 -0.24298017990326715 -0.9700312531945432
    outer loop
      vertex 78.1 0.5225124190580323 8.847492604317976
      vertex 85.1 0.5225124190580323 8.847492604317976
      vertex 78.1 0.35116257962903086 8.890413504725815
    endloop
  endfacet
  facet normal 0 -0.4275550934302789 -0.9039892931234449
    outer loop
      vertex 78.1 0.8485141262867958 8.71245827582704
      vertex 85.1 0.8485141262867958 8.71245827582704
      vertex 78.1 0.6888301782571616 8.787983158520316
    endloop
  endfacet
  facet normal 5.102565554007351e-19 -0.3368898533922228 -0.9415440651830198
    outer loop
      vertex 78.1 0.5225124190580323 8.847492604317976
      vertex 78.1 0.6888301782571616 8.787983158520316
      vertex 85.1 0.6888301782571616 8.787983158520316
    endloop
  endfacet
  facet normal 0 -0.6715589548470141 -0.740951125354963
    outer loop
      vertex 78.1 1.1419079114945618 8.516418816052926
      vertex 85.1 1.2727922061357857 8.397792206135787
      vertex 85.1 1.1419079114945618 8.516418816052926
    endloop
  endfacet
  facet normal 0 -0.5141027441932193 -0.8577286100002736
    outer loop
      vertex 78.1 0.8485141262867958 8.71245827582704
      vertex 85.1 1.000026419435284 8.621645302144582
      vertex 85.1 0.8485141262867958 8.71245827582704
    endloop
  endfacet
  facet normal 0 -0.5956993044924367 -0.8032075314806423
    outer loop
      vertex 78.1 1.000026419435284 8.621645302144582
      vertex 85.1 1.1419079114945618 8.516418816052926
      vertex 85.1 1.000026419435284 8.621645302144582
    endloop
  endfacet
  facet normal 0 -0.3368898533922228 -0.9415440651830198
    outer loop
      vertex 78.1 0.5225124190580323 8.847492604317976
      vertex 85.1 0.6888301782571616 8.787983158520316
      vertex 85.1 0.5225124190580323 8.847492604317976
    endloop
  endfacet
  facet normal 0 -0.24298017990326715 -0.9700312531945432
    outer loop
      vertex 78.1 0.35116257962903086 8.890413504725815
      vertex 85.1 0.5225124190580323 8.847492604317976
      vertex 85.1 0.35116257962903086 8.890413504725815
    endloop
  endfacet
  facet normal 0 -0.4275550934302789 -0.9039892931234449
    outer loop
      vertex 78.1 0.6888301782571616 8.787983158520316
      vertex 85.1 0.8485141262867958 8.71245827582704
      vertex 85.1 0.6888301782571616 8.787983158520316
    endloop
  endfacet
  facet normal 1.8336191061951036e-20 -0.04906767432742034 -0.9987954562051723
    outer loop
      vertex 78.1 0 8.925
      vertex 78.1 0.1764308525932091 8.916332508009955
      vertex 85.1 0.1764308525932091 8.916332508009955
    endloop
  endfacet
  facet normal 0 -0.04906767432742034 -0.9987954562051723
    outer loop
      vertex 78.1 0 8.925
      vertex 85.1 0.1764308525932091 8.916332508009955
      vertex 85.1 0 8.925
    endloop
  endfacet
  facet normal -9.132442456924415e-20 -0.1467304744553597 -0.9891765099647813
    outer loop
      vertex 85.1 0.35116257962903086 8.890413504725815
      vertex 85.1 0.1764308525932091 8.916332508009955
      vertex 78.1 0.1764308525932091 8.916332508009955
    endloop
  endfacet
  facet normal 0 0.049067674327415045 0.9987954562051726
    outer loop
      vertex 78.1 -22.17643085259321 5.333667491990045
      vertex 85.1 -22.17643085259321 5.333667491990045
      vertex 78.1 -22 5.325
    endloop
  endfacet
  facet normal 0 -0.049067674327415045 0.9987954562051726
    outer loop
      vertex 78.1 -22 5.325
      vertex 85.1 -22 5.325
      vertex 78.1 -21.82356914740679 5.333667491990045
    endloop
  endfacet
  facet normal 0 -0.14673047445536644 0.9891765099647803
    outer loop
      vertex 78.1 -21.82356914740679 5.333667491990045
      vertex 85.1 -21.82356914740679 5.333667491990045
      vertex 78.1 -21.64883742037097 5.359586495274185
    endloop
  endfacet
  facet normal 0 0.14673047445536644 0.9891765099647803
    outer loop
      vertex 78.1 -22.17643085259321 5.333667491990045
      vertex 85.1 -22.35116257962903 5.359586495274185
      vertex 85.1 -22.17643085259321 5.333667491990045
    endloop
  endfacet
  facet normal 0 0.049067674327415045 0.9987954562051726
    outer loop
      vertex 78.1 -22 5.325
      vertex 85.1 -22.17643085259321 5.333667491990045
      vertex 85.1 -22 5.325
    endloop
  endfacet
  facet normal 0 -0.049067674327415045 0.9987954562051726
    outer loop
      vertex 78.1 -21.82356914740679 5.333667491990045
      vertex 85.1 -22 5.325
      vertex 85.1 -21.82356914740679 5.333667491990045
    endloop
  endfacet
  facet normal 0 0.3368898533922193 0.9415440651830211
    outer loop
      vertex 78.1 -22.688830178257163 5.462016841479684
      vertex 85.1 -22.688830178257163 5.462016841479684
      vertex 78.1 -22.52251241905803 5.402507395682024
    endloop
  endfacet
  facet normal 0 0.42755509343028564 0.9039892931234416
    outer loop
      vertex 78.1 -22.848514126286794 5.537541724172961
      vertex 85.1 -22.848514126286794 5.537541724172961
      vertex 78.1 -22.688830178257163 5.462016841479684
    endloop
  endfacet
  facet normal 6.774275208979837e-19 0.5141027441932211 0.8577286100002723
    outer loop
      vertex 78.1 -22.848514126286794 5.537541724172961
      vertex 78.1 -23.000026419435283 5.628354697855419
      vertex 85.1 -23.000026419435283 5.628354697855419
    endloop
  endfacet
  facet normal -7.830993907539418e-22 0.5956993044924276 0.8032075314806493
    outer loop
      vertex 78.1 -23.000026419435283 5.628354697855419
      vertex 78.1 -23.141907911494563 5.733581183947074
      vertex 85.1 -23.141907911494563 5.733581183947074
    endloop
  endfacet
  facet normal 0 0.3368898533922193 0.9415440651830211
    outer loop
      vertex 78.1 -22.52251241905803 5.402507395682024
      vertex 85.1 -22.688830178257163 5.462016841479684
      vertex 85.1 -22.52251241905803 5.402507395682024
    endloop
  endfacet
  facet normal 0 0.42755509343028564 0.9039892931234416
    outer loop
      vertex 78.1 -22.688830178257163 5.462016841479684
      vertex 85.1 -22.848514126286794 5.537541724172961
      vertex 85.1 -22.688830178257163 5.462016841479684
    endloop
  endfacet
  facet normal 0 0.6715589548470181 0.7409511253549594
    outer loop
      vertex 78.1 -23.141907911494563 5.733581183947074
      vertex 85.1 -23.272792206135787 5.852207793864214
      vertex 85.1 -23.141907911494563 5.733581183947074
    endloop
  endfacet
  facet normal 0 0.5141027441932211 0.8577286100002723
    outer loop
      vertex 78.1 -22.848514126286794 5.537541724172961
      vertex 85.1 -23.000026419435283 5.628354697855419
      vertex 85.1 -22.848514126286794 5.537541724172961
    endloop
  endfacet
  facet normal 0 0.5956993044924276 0.8032075314806493
    outer loop
      vertex 78.1 -23.000026419435283 5.628354697855419
      vertex 85.1 -23.141907911494563 5.733581183947074
      vertex 85.1 -23.000026419435283 5.628354697855419
    endloop
  endfacet
  facet normal 5.3875654905570465e-19 0.6715589548470181 0.7409511253549594
    outer loop
      vertex 78.1 -23.141907911494563 5.733581183947074
      vertex 78.1 -23.272792206135787 5.852207793864214
      vertex 85.1 -23.272792206135787 5.852207793864214
    endloop
  endfacet
  facet normal -4.770524328360227e-19 0.7409511253549641 0.6715589548470129
    outer loop
      vertex 78.1 -23.272792206135787 5.852207793864214
      vertex 78.1 -23.391418816052926 5.983092088505439
      vertex 85.1 -23.391418816052926 5.983092088505439
    endloop
  endfacet
  facet normal -2.244607113462612e-20 0.8032075314806415 0.595699304492438
    outer loop
      vertex 78.1 -23.391418816052926 5.983092088505439
      vertex 78.1 -23.496645302144582 6.124973580564716
      vertex 85.1 -23.496645302144582 6.124973580564716
    endloop
  endfacet
  facet normal -6.265392542099351e-19 0.8577286100002733 0.5141027441932197
    outer loop
      vertex 78.1 -23.496645302144582 6.124973580564716
      vertex 78.1 -23.58745827582704 6.276485873713204
      vertex 85.1 -23.58745827582704 6.276485873713204
    endloop
  endfacet
  facet normal 0 0.7409511253549641 0.6715589548470129
    outer loop
      vertex 78.1 -23.272792206135787 5.852207793864214
      vertex 85.1 -23.391418816052926 5.983092088505439
      vertex 85.1 -23.272792206135787 5.852207793864214
    endloop
  endfacet
  facet normal 0 0.8032075314806415 0.595699304492438
    outer loop
      vertex 78.1 -23.391418816052926 5.983092088505439
      vertex 85.1 -23.496645302144582 6.124973580564716
      vertex 85.1 -23.391418816052926 5.983092088505439
    endloop
  endfacet
  facet normal 0 0.8577286100002733 0.5141027441932197
    outer loop
      vertex 78.1 -23.496645302144582 6.124973580564716
      vertex 85.1 -23.58745827582704 6.276485873713204
      vertex 85.1 -23.496645302144582 6.124973580564716
    endloop
  endfacet
  facet normal -3.312846392134896e-19 0.2429801799032615 0.9700312531945445
    outer loop
      vertex 78.1 -22.35116257962903 5.359586495274185
      vertex 78.1 -22.52251241905803 5.402507395682024
      vertex 85.1 -22.52251241905803 5.402507395682024
    endloop
  endfacet
  facet normal 8.878862961753463e-20 0.14673047445536644 0.9891765099647803
    outer loop
      vertex 78.1 -22.17643085259321 5.333667491990045
      vertex 78.1 -22.35116257962903 5.359586495274185
      vertex 85.1 -22.35116257962903 5.359586495274185
    endloop
  endfacet
  facet normal 0 -0.2429801799032615 0.9700312531945445
    outer loop
      vertex 78.1 -21.64883742037097 5.359586495274185
      vertex 85.1 -21.64883742037097 5.359586495274185
      vertex 78.1 -21.47748758094197 5.402507395682024
    endloop
  endfacet
  facet normal 0 -0.3368898533922193 0.9415440651830211
    outer loop
      vertex 78.1 -21.47748758094197 5.402507395682024
      vertex 85.1 -21.47748758094197 5.402507395682024
      vertex 78.1 -21.311169821742837 5.462016841479684
    endloop
  endfacet
  facet normal 0 -0.42755509343028564 0.9039892931234416
    outer loop
      vertex 78.1 -21.311169821742837 5.462016841479684
      vertex 85.1 -21.311169821742837 5.462016841479684
      vertex 78.1 -21.151485873713206 5.537541724172961
    endloop
  endfacet
  facet normal 0 -0.5141027441932211 0.8577286100002723
    outer loop
      vertex 78.1 -21.151485873713206 5.537541724172961
      vertex 85.1 -21.151485873713206 5.537541724172961
      vertex 78.1 -20.999973580564717 5.628354697855419
    endloop
  endfacet
  facet normal 0 -0.5956993044924276 0.8032075314806493
    outer loop
      vertex 78.1 -20.999973580564717 5.628354697855419
      vertex 85.1 -20.999973580564717 5.628354697855419
      vertex 78.1 -20.858092088505437 5.733581183947074
    endloop
  endfacet
  facet normal 0 -0.6715589548470181 0.7409511253549594
    outer loop
      vertex 78.1 -20.858092088505437 5.733581183947074
      vertex 85.1 -20.858092088505437 5.733581183947074
      vertex 78.1 -20.727207793864213 5.852207793864214
    endloop
  endfacet
  facet normal 0 0.2429801799032615 0.9700312531945445
    outer loop
      vertex 78.1 -22.35116257962903 5.359586495274185
      vertex 85.1 -22.52251241905803 5.402507395682024
      vertex 85.1 -22.35116257962903 5.359586495274185
    endloop
  endfacet
  facet normal -8.878862961753463e-20 -0.14673047445536644 0.9891765099647803
    outer loop
      vertex 85.1 -21.82356914740679 5.333667491990045
      vertex 85.1 -21.64883742037097 5.359586495274185
      vertex 78.1 -21.64883742037097 5.359586495274185
    endloop
  endfacet
  facet normal 0 -0.2429801799032615 0.9700312531945445
    outer loop
      vertex 78.1 -21.47748758094197 5.402507395682024
      vertex 85.1 -21.64883742037097 5.359586495274185
      vertex 85.1 -21.47748758094197 5.402507395682024
    endloop
  endfacet
  facet normal 0 -0.3368898533922193 0.9415440651830211
    outer loop
      vertex 78.1 -21.311169821742837 5.462016841479684
      vertex 85.1 -21.47748758094197 5.402507395682024
      vertex 85.1 -21.311169821742837 5.462016841479684
    endloop
  endfacet
  facet normal 0 -0.42755509343028564 0.9039892931234416
    outer loop
      vertex 78.1 -21.151485873713206 5.537541724172961
      vertex 85.1 -21.311169821742837 5.462016841479684
      vertex 85.1 -21.151485873713206 5.537541724172961
    endloop
  endfacet
  facet normal 0 -0.5141027441932211 0.8577286100002723
    outer loop
      vertex 78.1 -20.999973580564717 5.628354697855419
      vertex 85.1 -21.151485873713206 5.537541724172961
      vertex 85.1 -20.999973580564717 5.628354697855419
    endloop
  endfacet
  facet normal 0 -0.5956993044924276 0.8032075314806493
    outer loop
      vertex 78.1 -20.858092088505437 5.733581183947074
      vertex 85.1 -20.999973580564717 5.628354697855419
      vertex 85.1 -20.858092088505437 5.733581183947074
    endloop
  endfacet
  facet normal 0 -0.7409511253549641 0.6715589548470129
    outer loop
      vertex 78.1 -20.727207793864213 5.852207793864214
      vertex 85.1 -20.727207793864213 5.852207793864214
      vertex 78.1 -20.608581183947074 5.983092088505439
    endloop
  endfacet
  facet normal 0 -0.8032075314806415 0.595699304492438
    outer loop
      vertex 78.1 -20.608581183947074 5.983092088505439
      vertex 85.1 -20.608581183947074 5.983092088505439
      vertex 78.1 -20.503354697855418 6.124973580564716
    endloop
  endfacet
  facet normal 0 -0.8577286100002733 0.5141027441932197
    outer loop
      vertex 78.1 -20.503354697855418 6.124973580564716
      vertex 85.1 -20.503354697855418 6.124973580564716
      vertex 78.1 -20.41254172417296 6.276485873713204
    endloop
  endfacet
  facet normal 0 -0.6715589548470181 0.7409511253549594
    outer loop
      vertex 78.1 -20.727207793864213 5.852207793864214
      vertex 85.1 -20.858092088505437 5.733581183947074
      vertex 85.1 -20.727207793864213 5.852207793864214
    endloop
  endfacet
  facet normal 0 -0.7409511253549641 0.6715589548470129
    outer loop
      vertex 78.1 -20.608581183947074 5.983092088505439
      vertex 85.1 -20.727207793864213 5.852207793864214
      vertex 85.1 -20.608581183947074 5.983092088505439
    endloop
  endfacet
  facet normal 0 -0.8032075314806415 0.595699304492438
    outer loop
      vertex 78.1 -20.503354697855418 6.124973580564716
      vertex 85.1 -20.608581183947074 5.983092088505439
      vertex 85.1 -20.503354697855418 6.124973580564716
    endloop
  endfacet
  facet normal 6.265392542099351e-19 -0.8577286100002733 0.5141027441932197
    outer loop
      vertex 85.1 -20.503354697855418 6.124973580564716
      vertex 85.1 -20.41254172417296 6.276485873713204
      vertex 78.1 -20.41254172417296 6.276485873713204
    endloop
  endfacet
  facet normal 1 0 0
    outer loop
      vertex 78.1 -23.000026419435283 5.628354697855419
      vertex 78.1 -23.000026419435283 8.621645302144582
      vertex 78.1 -23.141907911494563 5.733581183947074
    endloop
  endfacet
  facet normal 1 0 0
    outer loop
      vertex 78.1 -22.848514126286794 5.537541724172961
      vertex 78.1 -22.848514126286794 8.71245827582704
      vertex 78.1 -23.000026419435283 5.628354697855419
    endloop
  endfacet
  facet normal 1 0 0
    outer loop
      vertex 78.1 -22.848514126286794 5.537541724172961
      vertex 78.1 -22.688830178257163 5.462016841479684
      vertex 78.1 -22.688830178257163 8.787983158520316
    endloop
  endfacet
  facet normal 1 0 0
    outer loop
      vertex 78.1 -22.688830178257163 5.462016841479684
      vertex 78.1 -22.52251241905803 5.402507395682024
      vertex 78.1 -22.52251241905803 8.847492604317976
    endloop
  endfacet
  facet normal 1 0 0
    outer loop
      vertex 78.1 -23.141907911494563 5.733581183947074
      vertex 78.1 -23.141907911494563 8.516418816052926
      vertex 78.1 -23.272792206135787 5.852207793864214
    endloop
  endfacet
  facet normal 1 0 0
    outer loop
      vertex 78.1 -23.272792206135787 5.852207793864214
      vertex 78.1 -23.272792206135787 8.397792206135787
      vertex 78.1 -23.391418816052926 5.983092088505439
    endloop
  endfacet
  facet normal 1 0 0
    outer loop
      vertex 78.1 -23.496645302144582 6.124973580564716
      vertex 78.1 -23.496645302144582 8.125026419435283
      vertex 78.1 -23.58745827582704 6.276485873713204
    endloop
  endfacet
  facet normal 1 0 0
    outer loop
      vertex 78.1 -23.58745827582704 6.276485873713204
      vertex 78.1 -23.58745827582704 7.973514126286796
      vertex 78.1 -23.662983158520316 6.436169821742839
    endloop
  endfacet
  facet normal 1 0 0
    outer loop
      vertex 78.1 -23.391418816052926 5.983092088505439
      vertex 78.1 -23.391418816052926 8.266907911494561
      vertex 78.1 -23.496645302144582 6.124973580564716
    endloop
  endfacet
  facet normal 1 0 0
    outer loop
      vertex 78.1 -23.662983158520316 6.436169821742839
      vertex 78.1 -23.662983158520316 7.813830178257161
      vertex 78.1 -23.722492604317978 6.602487580941967
    endloop
  endfacet
  facet normal 1 0 0
    outer loop
      vertex 78.1 -23.722492604317978 6.602487580941967
      vertex 78.1 -23.722492604317978 7.647512419058033
      vertex 78.1 -23.765413504725814 6.7738374203709695
    endloop
  endfacet
  facet normal 1 0 0
    outer loop
      vertex 78.1 -23.791332508009955 6.948569147406791
      vertex 78.1 -23.765413504725814 6.7738374203709695
      vertex 78.1 -23.765413504725814 7.4761625796290305
    endloop
  endfacet
  facet normal 1 0 0
    outer loop
      vertex 78.1 -22.35116257962903 5.359586495274185
      vertex 78.1 -22.35116257962903 8.890413504725815
      vertex 78.1 -22.52251241905803 5.402507395682024
    endloop
  endfacet
  facet normal 1 0 0
    outer loop
      vertex 78.1 -22.17643085259321 5.333667491990045
      vertex 78.1 -22.17643085259321 8.916332508009955
      vertex 78.1 -22.35116257962903 5.359586495274185
    endloop
  endfacet
  facet normal 1 0 0
    outer loop
      vertex 78.1 -22.17643085259321 5.333667491990045
      vertex 78.1 -22 5.325
      vertex 78.1 -22 8.925
    endloop
  endfacet
  facet normal 1 0 0
    outer loop
      vertex 78.1 -22 5.325
      vertex 78.1 -21.82356914740679 5.333667491990045
      vertex 78.1 -21.82356914740679 8.916332508009955
    endloop
  endfacet
  facet normal 1 0 0
    outer loop
      vertex 78.1 -21.82356914740679 5.333667491990045
      vertex 78.1 -21.64883742037097 5.359586495274185
      vertex 78.1 -21.64883742037097 8.890413504725815
    endloop
  endfacet
  facet normal 1 0 0
    outer loop
      vertex 78.1 -21.64883742037097 5.359586495274185
      vertex 78.1 -21.47748758094197 5.402507395682024
      vertex 78.1 -21.47748758094197 8.847492604317976
    endloop
  endfacet
  facet normal 1 0 0
    outer loop
      vertex 78.1 -21.47748758094197 5.402507395682024
      vertex 78.1 -21.311169821742837 5.462016841479684
      vertex 78.1 -21.311169821742837 8.787983158520316
    endloop
  endfacet
  facet normal 1 0 0
    outer loop
      vertex 78.1 -21.311169821742837 5.462016841479684
      vertex 78.1 -21.151485873713206 5.537541724172961
      vertex 78.1 -21.151485873713206 8.71245827582704
    endloop
  endfacet
  facet normal 1 0 0
    outer loop
      vertex 78.1 -21.151485873713206 5.537541724172961
      vertex 78.1 -20.999973580564717 5.628354697855419
      vertex 78.1 -20.999973580564717 8.621645302144582
    endloop
  endfacet
  facet normal 1 0 0
    outer loop
      vertex 78.1 -20.999973580564717 5.628354697855419
      vertex 78.1 -20.858092088505437 5.733581183947074
      vertex 78.1 -20.858092088505437 8.516418816052926
    endloop
  endfacet
  facet normal 1 0 0
    outer loop
      vertex 78.1 -20.858092088505437 5.733581183947074
      vertex 78.1 -20.727207793864213 5.852207793864214
      vertex 78.1 -20.727207793864213 8.397792206135787
    endloop
  endfacet
  facet normal 1 0 0
    outer loop
      vertex 78.1 -20.727207793864213 5.852207793864214
      vertex 78.1 -20.608581183947074 5.983092088505439
      vertex 78.1 -20.608581183947074 8.266907911494561
    endloop
  endfacet
  facet normal 1 0 0
    outer loop
      vertex 78.1 -20.608581183947074 5.983092088505439
      vertex 78.1 -20.503354697855418 6.124973580564716
      vertex 78.1 -20.503354697855418 8.125026419435283
    endloop
  endfacet
  facet normal 1 0 0
    outer loop
      vertex 78.1 -20.503354697855418 6.124973580564716
      vertex 78.1 -20.41254172417296 6.276485873713204
      vertex 78.1 -20.41254172417296 7.973514126286796
    endloop
  endfacet
  facet normal 1 0 0
    outer loop
      vertex 78.1 -20.41254172417296 6.276485873713204
      vertex 78.1 -20.337016841479684 6.436169821742839
      vertex 78.1 -20.337016841479684 7.813830178257161
    endloop
  endfacet
  facet normal 1 0 0
    outer loop
      vertex 78.1 -20.337016841479684 6.436169821742839
      vertex 78.1 -20.277507395682022 6.602487580941967
      vertex 78.1 -20.277507395682022 7.647512419058033
    endloop
  endfacet
  facet normal 1 0 0
    outer loop
      vertex 78.1 -20.277507395682022 6.602487580941967
      vertex 78.1 -20.234586495274186 6.7738374203709695
      vertex 78.1 -20.234586495274186 7.4761625796290305
    endloop
  endfacet
  facet normal 1 0 0
    outer loop
      vertex 78.1 -20.234586495274186 6.7738374203709695
      vertex 78.1 -20.208667491990045 6.948569147406791
      vertex 78.1 -20.208667491990045 7.301430852593209
    endloop
  endfacet
  facet normal -1.5556980732770318e-19 0.9039892931234453 0.4275550934302779
    outer loop
      vertex 78.1 -23.58745827582704 6.276485873713204
      vertex 78.1 -23.662983158520316 6.436169821742839
      vertex 85.1 -23.662983158520316 6.436169821742839
    endloop
  endfacet
  facet normal -1.3194359885745816e-19 0.9415440651830161 0.336889853392233
    outer loop
      vertex 78.1 -23.662983158520316 6.436169821742839
      vertex 78.1 -23.722492604317978 6.602487580941967
      vertex 85.1 -23.722492604317978 6.602487580941967
    endloop
  endfacet
  facet normal 0 0.9039892931234453 0.4275550934302779
    outer loop
      vertex 78.1 -23.58745827582704 6.276485873713204
      vertex 85.1 -23.662983158520316 6.436169821742839
      vertex 85.1 -23.58745827582704 6.276485873713204
    endloop
  endfacet
  facet normal 0 0.9415440651830161 0.336889853392233
    outer loop
      vertex 78.1 -23.662983158520316 6.436169821742839
      vertex 85.1 -23.722492604317978 6.602487580941967
      vertex 85.1 -23.662983158520316 6.436169821742839
    endloop
  endfacet
  facet normal 0 0.9700312531945482 0.24298017990324736
    outer loop
      vertex 78.1 -23.722492604317978 6.602487580941967
      vertex 85.1 -23.765413504725814 6.7738374203709695
      vertex 85.1 -23.722492604317978 6.602487580941967
    endloop
  endfacet
  facet normal 0 0.9891765099647797 0.1467304744553699
    outer loop
      vertex 78.1 -23.791332508009955 6.948569147406791
      vertex 85.1 -23.791332508009955 6.948569147406791
      vertex 78.1 -23.765413504725814 6.7738374203709695
    endloop
  endfacet
  facet normal -7.762293278758694e-20 0.9987954562051723 0.049067674327420305
    outer loop
      vertex 78.1 -23.791332508009955 6.948569147406791
      vertex 78.1 -23.8 7.125
      vertex 85.1 -23.8 7.125
    endloop
  endfacet
  facet normal -6.002450581778212e-20 0.9700312531945482 0.24298017990324736
    outer loop
      vertex 78.1 -23.722492604317978 6.602487580941967
      vertex 78.1 -23.765413504725814 6.7738374203709695
      vertex 85.1 -23.765413504725814 6.7738374203709695
    endloop
  endfacet
  facet normal 0 0.9987954562051723 0.049067674327420305
    outer loop
      vertex 78.1 -23.791332508009955 6.948569147406791
      vertex 85.1 -23.8 7.125
      vertex 85.1 -23.791332508009955 6.948569147406791
    endloop
  endfacet
  facet normal 0 0.9891765099647797 0.1467304744553699
    outer loop
      vertex 78.1 -23.765413504725814 6.7738374203709695
      vertex 85.1 -23.791332508009955 6.948569147406791
      vertex 85.1 -23.765413504725814 6.7738374203709695
    endloop
  endfacet
  facet normal 0 -0.9039892931234453 0.4275550934302779
    outer loop
      vertex 78.1 -20.41254172417296 6.276485873713204
      vertex 85.1 -20.41254172417296 6.276485873713204
      vertex 78.1 -20.337016841479684 6.436169821742839
    endloop
  endfacet
  facet normal 0 -0.9415440651830161 0.336889853392233
    outer loop
      vertex 78.1 -20.337016841479684 6.436169821742839
      vertex 85.1 -20.337016841479684 6.436169821742839
      vertex 78.1 -20.277507395682022 6.602487580941967
    endloop
  endfacet
  facet normal 0 -0.9700312531945482 0.24298017990324736
    outer loop
      vertex 78.1 -20.277507395682022 6.602487580941967
      vertex 85.1 -20.277507395682022 6.602487580941967
      vertex 78.1 -20.234586495274186 6.7738374203709695
    endloop
  endfacet
  facet normal 0 -0.9039892931234453 0.4275550934302779
    outer loop
      vertex 78.1 -20.337016841479684 6.436169821742839
      vertex 85.1 -20.41254172417296 6.276485873713204
      vertex 85.1 -20.337016841479684 6.436169821742839
    endloop
  endfacet
  facet normal 0 -0.9415440651830161 0.336889853392233
    outer loop
      vertex 78.1 -20.277507395682022 6.602487580941967
      vertex 85.1 -20.337016841479684 6.436169821742839
      vertex 85.1 -20.277507395682022 6.602487580941967
    endloop
  endfacet
  facet normal 0 -0.9891765099647797 0.1467304744553699
    outer loop
      vertex 78.1 -20.234586495274186 6.7738374203709695
      vertex 85.1 -20.234586495274186 6.7738374203709695
      vertex 78.1 -20.208667491990045 6.948569147406791
    endloop
  endfacet
  facet normal 0 -0.9987954562051723 0.049067674327420305
    outer loop
      vertex 78.1 -20.208667491990045 6.948569147406791
      vertex 85.1 -20.208667491990045 6.948569147406791
      vertex 78.1 -20.2 7.125
    endloop
  endfacet
  facet normal 0 -0.9700312531945482 0.24298017990324736
    outer loop
      vertex 78.1 -20.234586495274186 6.7738374203709695
      vertex 85.1 -20.277507395682022 6.602487580941967
      vertex 85.1 -20.234586495274186 6.7738374203709695
    endloop
  endfacet
  facet normal 0 -0.9891765099647797 0.1467304744553699
    outer loop
      vertex 78.1 -20.208667491990045 6.948569147406791
      vertex 85.1 -20.234586495274186 6.7738374203709695
      vertex 85.1 -20.208667491990045 6.948569147406791
    endloop
  endfacet
  facet normal 7.762293278758694e-20 -0.9987954562051723 0.049067674327420305
    outer loop
      vertex 85.1 -20.208667491990045 6.948569147406791
      vertex 85.1 -20.2 7.125
      vertex 78.1 -20.2 7.125
    endloop
  endfacet
  facet normal 1 0 0
    outer loop
      vertex 78.1 -23.791332508009955 6.948569147406791
      vertex 78.1 -23.791332508009955 7.301430852593209
      vertex 78.1 -23.8 7.125
    endloop
  endfacet
  facet normal 1 0 0
    outer loop
      vertex 78.1 -23.791332508009955 6.948569147406791
      vertex 78.1 -23.765413504725814 7.4761625796290305
      vertex 78.1 -23.791332508009955 7.301430852593209
    endloop
  endfacet
  facet normal 1 0 0
    outer loop
      vertex 78.1 -23.765413504725814 6.7738374203709695
      vertex 78.1 -23.722492604317978 7.647512419058033
      vertex 78.1 -23.765413504725814 7.4761625796290305
    endloop
  endfacet
  facet normal 1 0 0
    outer loop
      vertex 78.1 -23.722492604317978 6.602487580941967
      vertex 78.1 -23.662983158520316 7.813830178257161
      vertex 78.1 -23.722492604317978 7.647512419058033
    endloop
  endfacet
  facet normal 1 0 0
    outer loop
      vertex 78.1 -23.662983158520316 6.436169821742839
      vertex 78.1 -23.58745827582704 7.973514126286796
      vertex 78.1 -23.662983158520316 7.813830178257161
    endloop
  endfacet
  facet normal 1 0 0
    outer loop
      vertex 78.1 -23.58745827582704 6.276485873713204
      vertex 78.1 -23.496645302144582 8.125026419435283
      vertex 78.1 -23.58745827582704 7.973514126286796
    endloop
  endfacet
  facet normal 1 0 0
    outer loop
      vertex 78.1 -23.496645302144582 6.124973580564716
      vertex 78.1 -23.391418816052926 8.266907911494561
      vertex 78.1 -23.496645302144582 8.125026419435283
    endloop
  endfacet
  facet normal 1 0 0
    outer loop
      vertex 78.1 -23.391418816052926 5.983092088505439
      vertex 78.1 -23.272792206135787 8.397792206135787
      vertex 78.1 -23.391418816052926 8.266907911494561
    endloop
  endfacet
  facet normal 1 0 0
    outer loop
      vertex 78.1 -23.272792206135787 5.852207793864214
      vertex 78.1 -23.141907911494563 8.516418816052926
      vertex 78.1 -23.272792206135787 8.397792206135787
    endloop
  endfacet
  facet normal 1 0 0
    outer loop
      vertex 78.1 -23.141907911494563 5.733581183947074
      vertex 78.1 -23.000026419435283 8.621645302144582
      vertex 78.1 -23.141907911494563 8.516418816052926
    endloop
  endfacet
  facet normal 1 0 0
    outer loop
      vertex 78.1 -23.000026419435283 5.628354697855419
      vertex 78.1 -22.848514126286794 8.71245827582704
      vertex 78.1 -23.000026419435283 8.621645302144582
    endloop
  endfacet
  facet normal 1 0 0
    outer loop
      vertex 78.1 -22.848514126286794 5.537541724172961
      vertex 78.1 -22.688830178257163 8.787983158520316
      vertex 78.1 -22.848514126286794 8.71245827582704
    endloop
  endfacet
  facet normal 1 0 0
    outer loop
      vertex 78.1 -22.688830178257163 5.462016841479684
      vertex 78.1 -22.52251241905803 8.847492604317976
      vertex 78.1 -22.688830178257163 8.787983158520316
    endloop
  endfacet
  facet normal 1 0 0
    outer loop
      vertex 78.1 -20.208667491990045 6.948569147406791
      vertex 78.1 -20.2 7.125
      vertex 78.1 -20.208667491990045 7.301430852593209
    endloop
  endfacet
  facet normal 1 0 0
    outer loop
      vertex 78.1 -20.234586495274186 6.7738374203709695
      vertex 78.1 -20.208667491990045 7.301430852593209
      vertex 78.1 -20.234586495274186 7.4761625796290305
    endloop
  endfacet
  facet normal 1 0 0
    outer loop
      vertex 78.1 -20.277507395682022 6.602487580941967
      vertex 78.1 -20.234586495274186 7.4761625796290305
      vertex 78.1 -20.277507395682022 7.647512419058033
    endloop
  endfacet
  facet normal 1 0 0
    outer loop
      vertex 78.1 -20.337016841479684 6.436169821742839
      vertex 78.1 -20.277507395682022 7.647512419058033
      vertex 78.1 -20.337016841479684 7.813830178257161
    endloop
  endfacet
  facet normal 1 0 0
    outer loop
      vertex 78.1 -20.727207793864213 5.852207793864214
      vertex 78.1 -20.608581183947074 8.266907911494561
      vertex 78.1 -20.727207793864213 8.397792206135787
    endloop
  endfacet
  facet normal 1 0 0
    outer loop
      vertex 78.1 -20.858092088505437 5.733581183947074
      vertex 78.1 -20.727207793864213 8.397792206135787
      vertex 78.1 -20.858092088505437 8.516418816052926
    endloop
  endfacet
  facet normal 1 0 0
    outer loop
      vertex 78.1 -20.41254172417296 6.276485873713204
      vertex 78.1 -20.337016841479684 7.813830178257161
      vertex 78.1 -20.41254172417296 7.973514126286796
    endloop
  endfacet
  facet normal 1 0 0
    outer loop
      vertex 78.1 -20.608581183947074 5.983092088505439
      vertex 78.1 -20.503354697855418 8.125026419435283
      vertex 78.1 -20.608581183947074 8.266907911494561
    endloop
  endfacet
  facet normal 1 0 0
    outer loop
      vertex 78.1 -20.503354697855418 6.124973580564716
      vertex 78.1 -20.41254172417296 7.973514126286796
      vertex 78.1 -20.503354697855418 8.125026419435283
    endloop
  endfacet
  facet normal 1 0 0
    outer loop
      vertex 78.1 -22.52251241905803 5.402507395682024
      vertex 78.1 -22.35116257962903 8.890413504725815
      vertex 78.1 -22.52251241905803 8.847492604317976
    endloop
  endfacet
  facet normal 1 0 0
    outer loop
      vertex 78.1 -22.35116257962903 5.359586495274185
      vertex 78.1 -22.17643085259321 8.916332508009955
      vertex 78.1 -22.35116257962903 8.890413504725815
    endloop
  endfacet
  facet normal 1 0 0
    outer loop
      vertex 78.1 -22.17643085259321 5.333667491990045
      vertex 78.1 -22 8.925
      vertex 78.1 -22.17643085259321 8.916332508009955
    endloop
  endfacet
  facet normal 1 0 0
    outer loop
      vertex 78.1 -22 5.325
      vertex 78.1 -21.82356914740679 8.916332508009955
      vertex 78.1 -22 8.925
    endloop
  endfacet
  facet normal 1 0 0
    outer loop
      vertex 78.1 -21.47748758094197 5.402507395682024
      vertex 78.1 -21.311169821742837 8.787983158520316
      vertex 78.1 -21.47748758094197 8.847492604317976
    endloop
  endfacet
  facet normal 1 0 0
    outer loop
      vertex 78.1 -21.82356914740679 5.333667491990045
      vertex 78.1 -21.64883742037097 8.890413504725815
      vertex 78.1 -21.82356914740679 8.916332508009955
    endloop
  endfacet
  facet normal 1 0 0
    outer loop
      vertex 78.1 -21.64883742037097 5.359586495274185
      vertex 78.1 -21.47748758094197 8.847492604317976
      vertex 78.1 -21.64883742037097 8.890413504725815
    endloop
  endfacet
  facet normal 1 0 0
    outer loop
      vertex 78.1 -21.151485873713206 5.537541724172961
      vertex 78.1 -20.999973580564717 8.621645302144582
      vertex 78.1 -21.151485873713206 8.71245827582704
    endloop
  endfacet
  facet normal 1 0 0
    outer loop
      vertex 78.1 -21.311169821742837 5.462016841479684
      vertex 78.1 -21.151485873713206 8.71245827582704
      vertex 78.1 -21.311169821742837 8.787983158520316
    endloop
  endfacet
  facet normal 1 0 0
    outer loop
      vertex 78.1 -20.999973580564717 5.628354697855419
      vertex 78.1 -20.858092088505437 8.516418816052926
      vertex 78.1 -20.999973580564717 8.621645302144582
    endloop
  endfacet
  facet normal 7.762293278758694e-20 0.9987954562051723 -0.049067674327420305
    outer loop
      vertex 78.1 -23.8 7.125
      vertex 78.1 -23.791332508009955 7.301430852593209
      vertex 85.1 -23.791332508009955 7.301430852593209
    endloop
  endfacet
  facet normal -8.359275170571779e-20 0.9891765099647797 -0.1467304744553699
    outer loop
      vertex 78.1 -23.791332508009955 7.301430852593209
      vertex 78.1 -23.765413504725814 7.4761625796290305
      vertex 85.1 -23.765413504725814 7.4761625796290305
    endloop
  endfacet
  facet normal 0 0.9987954562051723 -0.049067674327420305
    outer loop
      vertex 78.1 -23.8 7.125
      vertex 85.1 -23.791332508009955 7.301430852593209
      vertex 85.1 -23.8 7.125
    endloop
  endfacet
  facet normal 0 0.9891765099647797 -0.1467304744553699
    outer loop
      vertex 78.1 -23.791332508009955 7.301430852593209
      vertex 85.1 -23.765413504725814 7.4761625796290305
      vertex 85.1 -23.791332508009955 7.301430852593209
    endloop
  endfacet
  facet normal 0 0.9700312531945482 -0.24298017990324736
    outer loop
      vertex 78.1 -23.765413504725814 7.4761625796290305
      vertex 85.1 -23.722492604317978 7.647512419058033
      vertex 85.1 -23.765413504725814 7.4761625796290305
    endloop
  endfacet
  facet normal 6.002450581778212e-20 0.9700312531945482 -0.24298017990324736
    outer loop
      vertex 78.1 -23.765413504725814 7.4761625796290305
      vertex 78.1 -23.722492604317978 7.647512419058033
      vertex 85.1 -23.722492604317978 7.647512419058033
    endloop
  endfacet
  facet normal 1.3194359885745816e-19 0.9415440651830161 -0.336889853392233
    outer loop
      vertex 78.1 -23.722492604317978 7.647512419058033
      vertex 78.1 -23.662983158520316 7.813830178257161
      vertex 85.1 -23.662983158520316 7.813830178257161
    endloop
  endfacet
  facet normal 1.5556980732770318e-19 0.9039892931234453 -0.4275550934302779
    outer loop
      vertex 78.1 -23.662983158520316 7.813830178257161
      vertex 78.1 -23.58745827582704 7.973514126286796
      vertex 85.1 -23.58745827582704 7.973514126286796
    endloop
  endfacet
  facet normal 0 0.9415440651830161 -0.336889853392233
    outer loop
      vertex 78.1 -23.722492604317978 7.647512419058033
      vertex 85.1 -23.662983158520316 7.813830178257161
      vertex 85.1 -23.722492604317978 7.647512419058033
    endloop
  endfacet
  facet normal 0 0.9039892931234453 -0.4275550934302779
    outer loop
      vertex 78.1 -23.662983158520316 7.813830178257161
      vertex 85.1 -23.58745827582704 7.973514126286796
      vertex 85.1 -23.662983158520316 7.813830178257161
    endloop
  endfacet
  facet normal 0 -0.9987954562051723 -0.049067674327420305
    outer loop
      vertex 78.1 -20.2 7.125
      vertex 85.1 -20.2 7.125
      vertex 78.1 -20.208667491990045 7.301430852593209
    endloop
  endfacet
  facet normal 0 -0.9891765099647797 -0.1467304744553699
    outer loop
      vertex 78.1 -20.208667491990045 7.301430852593209
      vertex 85.1 -20.208667491990045 7.301430852593209
      vertex 78.1 -20.234586495274186 7.4761625796290305
    endloop
  endfacet
  facet normal 0 -0.9700312531945482 -0.24298017990324736
    outer loop
      vertex 78.1 -20.234586495274186 7.4761625796290305
      vertex 85.1 -20.234586495274186 7.4761625796290305
      vertex 78.1 -20.277507395682022 7.647512419058033
    endloop
  endfacet
  facet normal 0 -0.9987954562051723 -0.049067674327420305
    outer loop
      vertex 78.1 -20.208667491990045 7.301430852593209
      vertex 85.1 -20.2 7.125
      vertex 85.1 -20.208667491990045 7.301430852593209
    endloop
  endfacet
  facet normal 0 -0.9891765099647797 -0.1467304744553699
    outer loop
      vertex 78.1 -20.234586495274186 7.4761625796290305
      vertex 85.1 -20.208667491990045 7.301430852593209
      vertex 85.1 -20.234586495274186 7.4761625796290305
    endloop
  endfacet
  facet normal 0 -0.9415440651830161 -0.336889853392233
    outer loop
      vertex 78.1 -20.277507395682022 7.647512419058033
      vertex 85.1 -20.277507395682022 7.647512419058033
      vertex 78.1 -20.337016841479684 7.813830178257161
    endloop
  endfacet
  facet normal 0 -0.9039892931234453 -0.4275550934302779
    outer loop
      vertex 78.1 -20.337016841479684 7.813830178257161
      vertex 85.1 -20.337016841479684 7.813830178257161
      vertex 78.1 -20.41254172417296 7.973514126286796
    endloop
  endfacet
  facet normal 0 -0.9700312531945482 -0.24298017990324736
    outer loop
      vertex 78.1 -20.277507395682022 7.647512419058033
      vertex 85.1 -20.234586495274186 7.4761625796290305
      vertex 85.1 -20.277507395682022 7.647512419058033
    endloop
  endfacet
  facet normal 0 -0.9415440651830161 -0.336889853392233
    outer loop
      vertex 78.1 -20.337016841479684 7.813830178257161
      vertex 85.1 -20.277507395682022 7.647512419058033
      vertex 85.1 -20.337016841479684 7.813830178257161
    endloop
  endfacet
  facet normal 0 -0.9039892931234453 -0.4275550934302779
    outer loop
      vertex 78.1 -20.41254172417296 7.973514126286796
      vertex 85.1 -20.337016841479684 7.813830178257161
      vertex 85.1 -20.41254172417296 7.973514126286796
    endloop
  endfacet
  facet normal -6.965144860338962e-20 0.857728610000272 -0.5141027441932219
    outer loop
      vertex 78.1 -23.58745827582704 7.973514126286796
      vertex 78.1 -23.496645302144582 8.125026419435283
      vertex 85.1 -23.496645302144582 8.125026419435283
    endloop
  endfacet
  facet normal -1.5157142727074637e-19 0.8032075314806432 -0.5956993044924356
    outer loop
      vertex 78.1 -23.496645302144582 8.125026419435283
      vertex 78.1 -23.391418816052926 8.266907911494561
      vertex 85.1 -23.391418816052926 8.266907911494561
    endloop
  endfacet
  facet normal 1.0783681391312581e-19 0.7409511253549664 -0.6715589548470103
    outer loop
      vertex 78.1 -23.391418816052926 8.266907911494561
      vertex 78.1 -23.272792206135787 8.397792206135787
      vertex 85.1 -23.272792206135787 8.397792206135787
    endloop
  endfacet
  facet normal 0 0.857728610000272 -0.5141027441932219
    outer loop
      vertex 78.1 -23.58745827582704 7.973514126286796
      vertex 85.1 -23.496645302144582 8.125026419435283
      vertex 85.1 -23.58745827582704 7.973514126286796
    endloop
  endfacet
  facet normal 0 0.8032075314806432 -0.5956993044924356
    outer loop
      vertex 78.1 -23.496645302144582 8.125026419435283
      vertex 85.1 -23.391418816052926 8.266907911494561
      vertex 85.1 -23.496645302144582 8.125026419435283
    endloop
  endfacet
  facet normal 0 0.7409511253549664 -0.6715589548470103
    outer loop
      vertex 78.1 -23.391418816052926 8.266907911494561
      vertex 85.1 -23.272792206135787 8.397792206135787
      vertex 85.1 -23.391418816052926 8.266907911494561
    endloop
  endfacet
  facet normal 0 0.6715589548470154 -0.7409511253549619
    outer loop
      vertex 78.1 -23.272792206135787 8.397792206135787
      vertex 85.1 -23.141907911494563 8.516418816052926
      vertex 85.1 -23.272792206135787 8.397792206135787
    endloop
  endfacet
  facet normal -5.566562587421321e-19 0.6715589548470154 -0.7409511253549619
    outer loop
      vertex 78.1 -23.272792206135787 8.397792206135787
      vertex 78.1 -23.141907911494563 8.516418816052926
      vertex 85.1 -23.141907911494563 8.516418816052926
    endloop
  endfacet
  facet normal -4.996064240814871e-19 0.5956993044924307 -0.8032075314806467
    outer loop
      vertex 78.1 -23.141907911494563 8.516418816052926
      vertex 78.1 -23.000026419435283 8.621645302144582
      vertex 85.1 -23.000026419435283 8.621645302144582
    endloop
  endfacet
  facet normal -8.019435347779065e-20 0.5141027441932174 -0.8577286100002746
    outer loop
      vertex 78.1 -23.000026419435283 8.621645302144582
      vertex 78.1 -22.848514126286794 8.71245827582704
      vertex 85.1 -22.848514126286794 8.71245827582704
    endloop
  endfacet
  facet normal 6.1157666776492e-19 0.42755509343028564 -0.9039892931234416
    outer loop
      vertex 78.1 -22.848514126286794 8.71245827582704
      vertex 78.1 -22.688830178257163 8.787983158520316
      vertex 85.1 -22.688830178257163 8.787983158520316
    endloop
  endfacet
  facet normal 2.6820027303545817e-19 0.3368898533922193 -0.9415440651830211
    outer loop
      vertex 78.1 -22.688830178257163 8.787983158520316
      vertex 78.1 -22.52251241905803 8.847492604317976
      vertex 85.1 -22.52251241905803 8.847492604317976
    endloop
  endfacet
  facet normal 0 0.5956993044924307 -0.8032075314806467
    outer loop
      vertex 78.1 -23.141907911494563 8.516418816052926
      vertex 85.1 -23.000026419435283 8.621645302144582
      vertex 85.1 -23.141907911494563 8.516418816052926
    endloop
  endfacet
  facet normal 0 0.5141027441932174 -0.8577286100002746
    outer loop
      vertex 78.1 -23.000026419435283 8.621645302144582
      vertex 85.1 -22.848514126286794 8.71245827582704
      vertex 85.1 -23.000026419435283 8.621645302144582
    endloop
  endfacet
  facet normal 0 0.42755509343028564 -0.9039892931234416
    outer loop
      vertex 78.1 -22.848514126286794 8.71245827582704
      vertex 85.1 -22.688830178257163 8.787983158520316
      vertex 85.1 -22.848514126286794 8.71245827582704
    endloop
  endfacet
  facet normal 0 0.3368898533922193 -0.9415440651830211
    outer loop
      vertex 78.1 -22.688830178257163 8.787983158520316
      vertex 85.1 -22.52251241905803 8.847492604317976
      vertex 85.1 -22.688830178257163 8.787983158520316
    endloop
  endfacet
  facet normal 0 -0.857728610000272 -0.5141027441932219
    outer loop
      vertex 78.1 -20.41254172417296 7.973514126286796
      vertex 85.1 -20.41254172417296 7.973514126286796
      vertex 78.1 -20.503354697855418 8.125026419435283
    endloop
  endfacet
  facet normal 0 -0.8032075314806432 -0.5956993044924356
    outer loop
      vertex 78.1 -20.503354697855418 8.125026419435283
      vertex 85.1 -20.503354697855418 8.125026419435283
      vertex 78.1 -20.608581183947074 8.266907911494561
    endloop
  endfacet
  facet normal 0 -0.6715589548470154 -0.7409511253549619
    outer loop
      vertex 78.1 -20.727207793864213 8.397792206135787
      vertex 85.1 -20.727207793864213 8.397792206135787
      vertex 78.1 -20.858092088505437 8.516418816052926
    endloop
  endfacet
  facet normal -1.0783681391312581e-19 -0.7409511253549664 -0.6715589548470103
    outer loop
      vertex 78.1 -20.727207793864213 8.397792206135787
      vertex 78.1 -20.608581183947074 8.266907911494561
      vertex 85.1 -20.608581183947074 8.266907911494561
    endloop
  endfacet
  facet normal 6.965144860338962e-20 -0.857728610000272 -0.5141027441932219
    outer loop
      vertex 85.1 -20.41254172417296 7.973514126286796
      vertex 85.1 -20.503354697855418 8.125026419435283
      vertex 78.1 -20.503354697855418 8.125026419435283
    endloop
  endfacet
  facet normal 0 -0.8032075314806432 -0.5956993044924356
    outer loop
      vertex 78.1 -20.608581183947074 8.266907911494561
      vertex 85.1 -20.503354697855418 8.125026419435283
      vertex 85.1 -20.608581183947074 8.266907911494561
    endloop
  endfacet
  facet normal 0 -0.7409511253549664 -0.6715589548470103
    outer loop
      vertex 78.1 -20.727207793864213 8.397792206135787
      vertex 85.1 -20.608581183947074 8.266907911494561
      vertex 85.1 -20.727207793864213 8.397792206135787
    endloop
  endfacet
  facet normal -4.5936753154955026e-20 0.24298017990326629 -0.9700312531945434
    outer loop
      vertex 78.1 -22.52251241905803 8.847492604317976
      vertex 78.1 -22.35116257962903 8.890413504725815
      vertex 85.1 -22.35116257962903 8.890413504725815
    endloop
  endfacet
  facet normal 0 -0.14673047445536153 -0.989176509964781
    outer loop
      vertex 78.1 -21.64883742037097 8.890413504725815
      vertex 85.1 -21.64883742037097 8.890413504725815
      vertex 78.1 -21.82356914740679 8.916332508009955
    endloop
  endfacet
  facet normal 0 -0.3368898533922193 -0.9415440651830211
    outer loop
      vertex 78.1 -21.311169821742837 8.787983158520316
      vertex 85.1 -21.311169821742837 8.787983158520316
      vertex 78.1 -21.47748758094197 8.847492604317976
    endloop
  endfacet
  facet normal 4.5936753154955026e-20 -0.24298017990326629 -0.9700312531945434
    outer loop
      vertex 78.1 -21.64883742037097 8.890413504725815
      vertex 78.1 -21.47748758094197 8.847492604317976
      vertex 85.1 -21.47748758094197 8.847492604317976
    endloop
  endfacet
  facet normal 0 -0.5956993044924307 -0.8032075314806467
    outer loop
      vertex 78.1 -20.858092088505437 8.516418816052926
      vertex 85.1 -20.858092088505437 8.516418816052926
      vertex 78.1 -20.999973580564717 8.621645302144582
    endloop
  endfacet
  facet normal 0 -0.5141027441932174 -0.8577286100002746
    outer loop
      vertex 78.1 -20.999973580564717 8.621645302144582
      vertex 85.1 -20.999973580564717 8.621645302144582
      vertex 78.1 -21.151485873713206 8.71245827582704
    endloop
  endfacet
  facet normal -6.1157666776492e-19 -0.42755509343028564 -0.9039892931234416
    outer loop
      vertex 78.1 -21.311169821742837 8.787983158520316
      vertex 78.1 -21.151485873713206 8.71245827582704
      vertex 85.1 -21.151485873713206 8.71245827582704
    endloop
  endfacet
  facet normal 0 0.24298017990326629 -0.9700312531945434
    outer loop
      vertex 78.1 -22.52251241905803 8.847492604317976
      vertex 85.1 -22.35116257962903 8.890413504725815
      vertex 85.1 -22.52251241905803 8.847492604317976
    endloop
  endfacet
  facet normal 0 0.14673047445536153 -0.989176509964781
    outer loop
      vertex 78.1 -22.35116257962903 8.890413504725815
      vertex 85.1 -22.17643085259321 8.916332508009955
      vertex 85.1 -22.35116257962903 8.890413504725815
    endloop
  endfacet
  facet normal 0 -0.24298017990326629 -0.9700312531945434
    outer loop
      vertex 78.1 -21.64883742037097 8.890413504725815
      vertex 85.1 -21.47748758094197 8.847492604317976
      vertex 85.1 -21.64883742037097 8.890413504725815
    endloop
  endfacet
  facet normal 0 -0.3368898533922193 -0.9415440651830211
    outer loop
      vertex 78.1 -21.47748758094197 8.847492604317976
      vertex 85.1 -21.311169821742837 8.787983158520316
      vertex 85.1 -21.47748758094197 8.847492604317976
    endloop
  endfacet
  facet normal 0 -0.6715589548470154 -0.7409511253549619
    outer loop
      vertex 78.1 -20.858092088505437 8.516418816052926
      vertex 85.1 -20.727207793864213 8.397792206135787
      vertex 85.1 -20.858092088505437 8.516418816052926
    endloop
  endfacet
  facet normal 0 -0.5141027441932174 -0.8577286100002746
    outer loop
      vertex 78.1 -21.151485873713206 8.71245827582704
      vertex 85.1 -20.999973580564717 8.621645302144582
      vertex 85.1 -21.151485873713206 8.71245827582704
    endloop
  endfacet
  facet normal 0 -0.5956993044924307 -0.8032075314806467
    outer loop
      vertex 78.1 -20.999973580564717 8.621645302144582
      vertex 85.1 -20.858092088505437 8.516418816052926
      vertex 85.1 -20.999973580564717 8.621645302144582
    endloop
  endfacet
  facet normal 0 -0.42755509343028564 -0.9039892931234416
    outer loop
      vertex 78.1 -21.311169821742837 8.787983158520316
      vertex 85.1 -21.151485873713206 8.71245827582704
      vertex 85.1 -21.311169821742837 8.787983158520316
    endloop
  endfacet
  facet normal -3.6381329058563186e-20 0.14673047445536153 -0.989176509964781
    outer loop
      vertex 78.1 -22.35116257962903 8.890413504725815
      vertex 78.1 -22.17643085259321 8.916332508009955
      vertex 85.1 -22.17643085259321 8.916332508009955
    endloop
  endfacet
  facet normal -9.700829825892616e-21 0.049067674327420055 -0.9987954562051723
    outer loop
      vertex 78.1 -22.17643085259321 8.916332508009955
      vertex 78.1 -22 8.925
      vertex 85.1 -22 8.925
    endloop
  endfacet
  facet normal 9.700829825892616e-21 -0.049067674327420055 -0.9987954562051723
    outer loop
      vertex 78.1 -22 8.925
      vertex 78.1 -21.82356914740679 8.916332508009955
      vertex 85.1 -21.82356914740679 8.916332508009955
    endloop
  endfacet
  facet normal 0 0.049067674327420055 -0.9987954562051723
    outer loop
      vertex 78.1 -22.17643085259321 8.916332508009955
      vertex 85.1 -22 8.925
      vertex 85.1 -22.17643085259321 8.916332508009955
    endloop
  endfacet
  facet normal 0 -0.049067674327420055 -0.9987954562051723
    outer loop
      vertex 78.1 -22 8.925
      vertex 85.1 -21.82356914740679 8.916332508009955
      vertex 85.1 -22 8.925
    endloop
  endfacet
  facet normal 3.6381329058563186e-20 -0.14673047445536153 -0.989176509964781
    outer loop
      vertex 85.1 -21.64883742037097 8.890413504725815
      vertex 85.1 -21.82356914740679 8.916332508009955
      vertex 78.1 -21.82356914740679 8.916332508009955
    endloop
  endfacet
  facet normal 0 0 1
    outer loop
      vertex -75.1 -36.05 3
      vertex -57.099999999999994 -36.05 3
      vertex -71.1 -32.05 3
    endloop
  endfacet
  facet normal 0 1 0
    outer loop
      vertex -75.1 -36.05 3
      vertex -59.099999999999994 -36.05 12.25
      vertex -57.099999999999994 -36.05 3
    endloop
  endfacet
  facet normal 0 0 1
    outer loop
      vertex -75.1 -36.05 3
      vertex -71.1 -32.05 3
      vertex -71.1 32.05 3
    endloop
  endfacet
  facet normal 0 0 1
    outer loop
      vertex -71.1 -32.05 3
      vertex -57.099999999999994 -36.05 3
      vertex 45.67999999999999 -36.05 3
    endloop
  endfacet
  facet normal 0 1 0
    outer loop
      vertex -75.1 -36.05 3
      vertex -73.1 -36.05 12.25
      vertex -59.099999999999994 -36.05 12.25
    endloop
  endfacet
  facet normal 0 1 0
    outer loop
      vertex -75.1 -36.05 3
      vertex -75.1 -36.05 14.25
      vertex -73.1 -36.05 12.25
    endloop
  endfacet
  facet normal 0 1 0
    outer loop
      vertex -57.099999999999994 -36.05 3
      vertex -59.099999999999994 -36.05 12.25
      vertex -59.099999999999994 -36.05 14.25
    endloop
  endfacet
  facet normal 0 1 0
    outer loop
      vertex -57.099999999999994 -36.05 3
      vertex -59.099999999999994 -36.05 14.25
      vertex -57.099999999999994 -36.05 14.25
    endloop
  endfacet
  facet normal 0 1 0
    outer loop
      vertex -75.1 -36.05 14.25
      vertex -73.1 -36.05 14.25
      vertex -73.1 -36.05 12.25
    endloop
  endfacet
  facet normal 1 0 0
    outer loop
      vertex -75.1 -36.05 3
      vertex -75.1 36.05 14.25
      vertex -75.1 -36.05 14.25
    endloop
  endfacet
  facet normal 0 0 1
    outer loop
      vertex -75.1 -36.05 3
      vertex -71.1 32.05 3
      vertex -75.1 36.05 3
    endloop
  endfacet
  facet normal 1 0 0
    outer loop
      vertex -75.1 -36.05 3
      vertex -75.1 36.05 3
      vertex -75.1 36.05 14.25
    endloop
  endfacet
  facet normal 0 0 1
    outer loop
      vertex -75.1 36.05 3
      vertex -71.1 32.05 3
      vertex -57.099999999999994 36.05 3
    endloop
  endfacet
  facet normal 0 0 1
    outer loop
      vertex -71.1 32.05 3
      vertex -45.67999999999999 36.05 3
      vertex -57.099999999999994 36.05 3
    endloop
  endfacet
  facet normal 0 -1 0
    outer loop
      vertex -75.1 36.05 3
      vertex -57.099999999999994 36.05 3
      vertex -57.099999999999994 36.05 14.25
    endloop
  endfacet
  facet normal 0 0 1
    outer loop
      vertex -71.1 32.05 3
      vertex 71.1 32.05 3
      vertex -45.67999999999999 36.05 3
    endloop
  endfacet
  facet normal 0 -1 0
    outer loop
      vertex -75.1 36.05 3
      vertex -57.099999999999994 36.05 14.25
      vertex -75.1 36.05 14.25
    endloop
  endfacet
  facet normal 0 0 1
    outer loop
      vertex -71.1 -32.05 3
      vertex 45.67999999999999 -36.05 3
      vertex 57.099999999999994 -36.05 3
    endloop
  endfacet
  facet normal 0 0 1
    outer loop
      vertex -71.1 -32.05 3
      vertex 57.099999999999994 -36.05 3
      vertex 71.1 -32.05 3
    endloop
  endfacet
  facet normal 0 0 1
    outer loop
      vertex 57.099999999999994 -36.05 3
      vertex 75.1 -36.05 3
      vertex 71.1 -32.05 3
    endloop
  endfacet
  facet normal 0 1 0
    outer loop
      vertex 57.099999999999994 -36.05 3
      vertex 73.1 -36.05 12.25
      vertex 75.1 -36.05 3
    endloop
  endfacet
  facet normal 0 0 1
    outer loop
      vertex 71.1 -32.05 3
      vertex 75.1 -36.05 3
      vertex 75.1 36.05 3
    endloop
  endfacet
  facet normal -1 0 0
    outer loop
      vertex 75.1 -36.05 3
      vertex 75.1 -36.05 14.25
      vertex 75.1 36.05 3
    endloop
  endfacet
  facet normal 0 1 0
    outer loop
      vertex 57.099999999999994 -36.05 3
      vertex 59.099999999999994 -36.05 12.25
      vertex 73.1 -36.05 12.25
    endloop
  endfacet
  facet normal 0 1 0
    outer loop
      vertex 57.099999999999994 -36.05 3
      vertex 57.099999999999994 -36.05 14.25
      vertex 59.099999999999994 -36.05 12.25
    endloop
  endfacet
  facet normal 0 1 0
    outer loop
      vertex 75.1 -36.05 3
      vertex 73.1 -36.05 12.25
      vertex 73.1 -36.05 14.25
    endloop
  endfacet
  facet normal 0 1 0
    outer loop
      vertex 75.1 -36.05 3
      vertex 73.1 -36.05 14.25
      vertex 75.1 -36.05 14.25
    endloop
  endfacet
  facet normal 0 1 0
    outer loop
      vertex 57.099999999999994 -36.05 14.25
      vertex 59.099999999999994 -36.05 14.25
      vertex 59.099999999999994 -36.05 12.25
    endloop
  endfacet
  facet normal 0 0 1
    outer loop
      vertex -45.67999999999999 36.05 3
      vertex 71.1 32.05 3
      vertex 57.099999999999994 36.05 3
    endloop
  endfacet
  facet normal 0 0 1
    outer loop
      vertex 71.1 -32.05 3
      vertex 75.1 36.05 3
      vertex 71.1 32.05 3
    endloop
  endfacet
  facet normal 0 0 1
    outer loop
      vertex 57.099999999999994 36.05 3
      vertex 71.1 32.05 3
      vertex 75.1 36.05 3
    endloop
  endfacet
  facet normal 0 -1 0
    outer loop
      vertex 57.099999999999994 36.05 3
      vertex 75.1 36.05 3
      vertex 75.1 36.05 14.25
    endloop
  endfacet
  facet normal -1 0 0
    outer loop
      vertex 75.1 -36.05 14.25
      vertex 75.1 36.05 14.25
      vertex 75.1 36.05 3
    endloop
  endfacet
  facet normal 0 -1 0
    outer loop
      vertex 57.099999999999994 36.05 3
      vertex 75.1 36.05 14.25
      vertex 57.099999999999994 36.05 14.25
    endloop
  endfacet
  facet normal 1 0 0
    outer loop
      vertex -71.1 -32.05 0
      vertex -71.1 32.05 3
      vertex -71.1 -32.05 3
    endloop
  endfacet
  facet normal 0 1 0
    outer loop
      vertex -71.1 -32.05 0
      vertex -71.1 -32.05 3
      vertex 71.1 -32.05 0
    endloop
  endfacet
  facet normal 1 0 0
    outer loop
      vertex -71.1 -32.05 0
      vertex -71.1 32.05 0
      vertex -71.1 32.05 3
    endloop
  endfacet
  facet normal 0 -1 0
    outer loop
      vertex -71.1 32.05 0
      vertex 71.1 32.05 3
      vertex -71.1 32.05 3
    endloop
  endfacet
  facet normal 0 1 0
    outer loop
      vertex -71.1 -32.05 3
      vertex 71.1 -32.05 3
      vertex 71.1 -32.05 0
    endloop
  endfacet
  facet normal -1 0 0
    outer loop
      vertex 71.1 -32.05 0
      vertex 71.1 -32.05 3
      vertex 71.1 32.05 0
    endloop
  endfacet
  facet normal 0 -1 0
    outer loop
      vertex -71.1 32.05 0
      vertex 71.1 32.05 0
      vertex 71.1 32.05 3
    endloop
  endfacet
  facet normal -1 0 0
    outer loop
      vertex 71.1 -32.05 3
      vertex 71.1 32.05 3
      vertex 71.1 32.05 0
    endloop
  endfacet
  facet normal 0 0 -1
    outer loop
      vertex -73.1 -33.05 12.25
      vertex -59.099999999999994 -36.05 12.25
      vertex -73.1 -36.05 12.25
    endloop
  endfacet
  facet normal -1 0 0
    outer loop
      vertex -73.1 -33.05 14.25
      vertex -73.1 -36.05 12.25
      vertex -73.1 -36.05 14.25
    endloop
  endfacet
  facet normal 0 0 1
    outer loop
      vertex -73.1 -33.05 14.25
      vertex -73.1 -36.05 14.25
      vertex -60.69999999999999 -39.25 14.25
    endloop
  endfacet
  facet normal 0 0 1
    outer loop
      vertex -73.1 -33.05 14.25
      vertex -60.69999999999999 -39.25 14.25
      vertex -59.099999999999994 -36.05 14.25
    endloop
  endfacet
  facet normal -1 0 0
    outer loop
      vertex -73.1 -33.05 12.25
      vertex -73.1 -36.05 12.25
      vertex -73.1 -33.05 14.25
    endloop
  endfacet
  facet normal 0 1 0
    outer loop
      vertex -73.1 -33.05 12.25
      vertex -73.1 -33.05 14.25
      vertex -59.099999999999994 -33.05 12.25
    endloop
  endfacet
  facet normal 0 0 -1
    outer loop
      vertex -73.1 -33.05 12.25
      vertex -59.099999999999994 -33.05 12.25
      vertex -59.099999999999994 -36.05 12.25
    endloop
  endfacet
  facet normal 1 0 0
    outer loop
      vertex -59.099999999999994 -33.05 12.25
      vertex -59.099999999999994 -36.05 14.25
      vertex -59.099999999999994 -36.05 12.25
    endloop
  endfacet
  facet normal 0 1 0
    outer loop
      vertex -59.099999999999994 -33.05 12.25
      vertex -73.1 -33.05 14.25
      vertex -59.099999999999994 -33.05 14.25
    endloop
  endfacet
  facet normal 1 0 0
    outer loop
      vertex -59.099999999999994 -33.05 12.25
      vertex -59.099999999999994 -33.05 14.25
      vertex -59.099999999999994 -36.05 14.25
    endloop
  endfacet
  facet normal 0 0 1
    outer loop
      vertex -73.1 -33.05 14.25
      vertex -59.099999999999994 -36.05 14.25
      vertex -59.099999999999994 -33.05 14.25
    endloop
  endfacet
  facet normal 0 0 -1
    outer loop
      vertex 59.099999999999994 -33.05 12.25
      vertex 73.1 -36.05 12.25
      vertex 59.099999999999994 -36.05 12.25
    endloop
  endfacet
  facet normal -1 0 0
    outer loop
      vertex 59.099999999999994 -33.05 14.25
      vertex 59.099999999999994 -36.05 12.25
      vertex 59.099999999999994 -36.05 14.25
    endloop
  endfacet
  facet normal 0 0 1
    outer loop
      vertex 59.099999999999994 -33.05 14.25
      vertex 59.099999999999994 -36.05 14.25
      vertex 69.67142857142856 -38.33571428571428 14.25
    endloop
  endfacet
  facet normal -1 0 0
    outer loop
      vertex 59.099999999999994 -33.05 12.25
      vertex 59.099999999999994 -36.05 12.25
      vertex 59.099999999999994 -33.05 14.25
    endloop
  endfacet
  facet normal 0 1 0
    outer loop
      vertex 59.099999999999994 -33.05 12.25
      vertex 59.099999999999994 -33.05 14.25
      vertex 73.1 -33.05 12.25
    endloop
  endfacet
  facet normal 0 0 -1
    outer loop
      vertex 59.099999999999994 -33.05 12.25
      vertex 73.1 -33.05 12.25
      vertex 73.1 -36.05 12.25
    endloop
  endfacet
  facet normal 1 0 0
    outer loop
      vertex 73.1 -33.05 12.25
      vertex 73.1 -36.05 14.25
      vertex 73.1 -36.05 12.25
    endloop
  endfacet
  facet normal 0 0 1
    outer loop
      vertex 59.099999999999994 -33.05 14.25
      vertex 69.67142857142856 -38.33571428571428 14.25
      vertex 73.1 -36.05 14.25
    endloop
  endfacet
  facet normal 0 1 0
    outer loop
      vertex 73.1 -33.05 12.25
      vertex 59.099999999999994 -33.05 14.25
      vertex 73.1 -33.05 14.25
    endloop
  endfacet
  facet normal 0 0 1
    outer loop
      vertex 59.099999999999994 -33.05 14.25
      vertex 73.1 -36.05 14.25
      vertex 73.1 -33.05 14.25
    endloop
  endfacet
  facet normal 1 0 0
    outer loop
      vertex 73.1 -33.05 12.25
      vertex 73.1 -33.05 14.25
      vertex 73.1 -36.05 14.25
    endloop
  endfacet
endsolid OpenSCAD_Model
