solid OpenSCAD_Model
  facet normal -1 0 0
    outer loop
      vertex -91.1 -35 0
      vertex -91.1 -35 2
      vertex -91.1 -34.8362876737043 5
    endloop
  endfacet
  facet normal -1 0 0
    outer loop
      vertex -91.1 -34.8362876737043 5
      vertex -91.1 -27.865172346821513 132.7444799292277
      vertex -91.1 -35 0
    endloop
  endfacet
  facet normal -2.9058952864581135e-17 -0.9985143326162967 0.05448970141073776
    outer loop
      vertex -86.1 -27.865172346821513 132.7444799292277
      vertex -91.1 -34.8362876737043 5
      vertex -86.1 -34.8362876737043 5
    endloop
  endfacet
  facet normal -1 0 0
    outer loop
      vertex -91.1 -21.15782762186851 118.36137371004018
      vertex -91.1 -35 0
      vertex -91.1 -21.210286500144758 118.57080129156452
    endloop
  endfacet
  facet normal -1 0 0
    outer loop
      vertex -91.1 -20.75318188065567 117.60433477483998
      vertex -91.1 -20.608193801868055 117.44436508138959
      vertex -91.1 -35 0
    endloop
  endfacet
  facet normal -1 0 0
    outer loop
      vertex -91.1 -20.88179203032325 117.77774548735688
      vertex -91.1 -35 0
      vertex -91.1 -20.99278566482403 117.96292717898281
    endloop
  endfacet
  facet normal -1 0 0
    outer loop
      vertex -91.1 -21.08509385478248 118.1580964487968
      vertex -91.1 -35 0
      vertex -91.1 -21.15782762186851 118.36137371004018
    endloop
  endfacet
  facet normal -1 0 0
    outer loop
      vertex -91.1 -21.08509385478248 118.1580964487968
      vertex -91.1 -20.99278566482403 117.96292717898281
      vertex -91.1 -35 0
    endloop
  endfacet
  facet normal -1 0 0
    outer loop
      vertex -91.1 -20.88179203032325 117.77774548735688
      vertex -91.1 -20.75318188065567 117.60433477483998
      vertex -91.1 -35 0
    endloop
  endfacet
  facet normal -1 0 0
    outer loop
      vertex -91.1 -10.784362291274967 108.75803471806353
      vertex -91.1 32.79972472334095 5
      vertex -91.1 -35 0
    endloop
  endfacet
  facet normal -1 0 0
    outer loop
      vertex -91.1 -17.661617924714907 113.80502452393614
      vertex -91.1 -35 0
      vertex -91.1 -17.714076802991155 114.01445210546048
    endloop
  endfacet
  facet normal -1 0 0
    outer loop
      vertex -91.1 -17.714076802991155 114.01445210546048
      vertex -91.1 -35 0
      vertex -91.1 -17.74575558478288 114.22801310517093
    endloop
  endfacet
  facet normal -1 0 0
    outer loop
      vertex -91.1 -17.74575558478288 114.22801310517093
      vertex -91.1 -35 0
      vertex -91.1 -17.756349186104046 114.44365081389596
    endloop
  endfacet
  facet normal -1 0 0
    outer loop
      vertex -91.1 -20.608193801868055 117.44436508138959
      vertex -91.1 -17.756349186104046 114.44365081389596
      vertex -91.1 -35 0
    endloop
  endfacet
  facet normal -1 0 0
    outer loop
      vertex -91.1 -17.111984104714452 112.88801589528555
      vertex -91.1 -16.952014411264066 112.74302781649793
      vertex -91.1 -35 0
    endloop
  endfacet
  facet normal -1 0 0
    outer loop
      vertex -91.1 -16.952014411264066 112.74302781649793
      vertex -91.1 -16.778603698747173 112.61441766683036
      vertex -91.1 -35 0
    endloop
  endfacet
  facet normal -1 0 0
    outer loop
      vertex -91.1 -16.59342200712124 112.50342403232958
      vertex -91.1 -16.398252737307246 112.41111584237113
      vertex -91.1 -35 0
    endloop
  endfacet
  facet normal -1 0 0
    outer loop
      vertex -91.1 -16.778603698747173 112.61441766683036
      vertex -91.1 -16.59342200712124 112.50342403232958
      vertex -91.1 -35 0
    endloop
  endfacet
  facet normal -1 0 0
    outer loop
      vertex -91.1 -17.385582333169648 113.22139630125284
      vertex -91.1 -35 0
      vertex -91.1 -17.496575967670427 113.40657799287877
    endloop
  endfacet
  facet normal -1 0 0
    outer loop
      vertex -91.1 -17.58888415762888 113.60174726269275
      vertex -91.1 -17.496575967670427 113.40657799287877
      vertex -91.1 -35 0
    endloop
  endfacet
  facet normal -1 0 0
    outer loop
      vertex -91.1 -17.661617924714907 113.80502452393614
      vertex -91.1 -17.58888415762888 113.60174726269275
      vertex -91.1 -35 0
    endloop
  endfacet
  facet normal -1 0 0
    outer loop
      vertex -91.1 -17.385582333169648 113.22139630125284
      vertex -91.1 -17.256972183502068 113.04798558873594
      vertex -91.1 -35 0
    endloop
  endfacet
  facet normal -1 0 0
    outer loop
      vertex -91.1 -17.256972183502068 113.04798558873594
      vertex -91.1 -17.111984104714452 112.88801589528555
      vertex -91.1 -35 0
    endloop
  endfacet
  facet normal -1 0 0
    outer loop
      vertex -91.1 -16.398252737307246 112.41111584237113
      vertex -91.1 -16.194975476063863 112.3383820752851
      vertex -91.1 -35 0
    endloop
  endfacet
  facet normal -1 0 0
    outer loop
      vertex -91.1 -15.985547894539529 112.28592319700886
      vertex -91.1 -35 0
      vertex -91.1 -16.194975476063863 112.3383820752851
    endloop
  endfacet
  facet normal -1 0 0
    outer loop
      vertex -91.1 -15.985547894539529 112.28592319700886
      vertex -91.1 -15.77198689482908 112.25424441521713
      vertex -91.1 -35 0
    endloop
  endfacet
  facet normal -1 0 0
    outer loop
      vertex -91.1 -15.77198689482908 112.25424441521713
      vertex -91.1 -15.556349186104047 112.24365081389595
      vertex -91.1 -35 0
    endloop
  endfacet
  facet normal -1 0 0
    outer loop
      vertex -91.1 -15.556349186104047 112.24365081389595
      vertex -91.1 -15.340711477379013 112.25424441521713
      vertex -91.1 -35 0
    endloop
  endfacet
  facet normal 1 0 0
    outer loop
      vertex -86.1 -17.74575558478288 114.22801310517093
      vertex -86.1 -17.756349186104046 114.44365081389596
      vertex -86.1 -34.8362876737043 5
    endloop
  endfacet
  facet normal 1 0 0
    outer loop
      vertex -86.1 -17.756349186104046 114.44365081389596
      vertex -86.1 -17.74575558478288 114.65928852262098
      vertex -86.1 -34.8362876737043 5
    endloop
  endfacet
  facet normal 1 0 0
    outer loop
      vertex -86.1 -15.985547894539529 112.28592319700886
      vertex -86.1 -34.8362876737043 5
      vertex -86.1 -15.77198689482908 112.25424441521713
    endloop
  endfacet
  facet normal 1 0 0
    outer loop
      vertex -86.1 -15.77198689482908 112.25424441521713
      vertex -86.1 -34.8362876737043 5
      vertex -86.1 -15.556349186104047 112.24365081389595
    endloop
  endfacet
  facet normal 1 0 0
    outer loop
      vertex -86.1 -15.556349186104047 112.24365081389595
      vertex -86.1 -34.8362876737043 5
      vertex -86.1 -15.340711477379013 112.25424441521713
    endloop
  endfacet
  facet normal 1 0 0
    outer loop
      vertex -86.1 -17.385582333169648 113.22139630125284
      vertex -86.1 -34.8362876737043 5
      vertex -86.1 -17.256972183502068 113.04798558873594
    endloop
  endfacet
  facet normal 1 0 0
    outer loop
      vertex -86.1 -17.256972183502068 113.04798558873594
      vertex -86.1 -34.8362876737043 5
      vertex -86.1 -17.111984104714452 112.88801589528555
    endloop
  endfacet
  facet normal 1 0 0
    outer loop
      vertex -86.1 -17.58888415762888 113.60174726269275
      vertex -86.1 -34.8362876737043 5
      vertex -86.1 -17.496575967670427 113.40657799287877
    endloop
  endfacet
  facet normal 1 0 0
    outer loop
      vertex -86.1 -17.661617924714907 113.80502452393614
      vertex -86.1 -34.8362876737043 5
      vertex -86.1 -17.58888415762888 113.60174726269275
    endloop
  endfacet
  facet normal 1 0 0
    outer loop
      vertex -86.1 -17.661617924714907 113.80502452393614
      vertex -86.1 -17.714076802991155 114.01445210546048
      vertex -86.1 -34.8362876737043 5
    endloop
  endfacet
  facet normal 1 0 0
    outer loop
      vertex -86.1 -17.714076802991155 114.01445210546048
      vertex -86.1 -17.74575558478288 114.22801310517093
      vertex -86.1 -34.8362876737043 5
    endloop
  endfacet
  facet normal 1 0 0
    outer loop
      vertex -86.1 -17.385582333169648 113.22139630125284
      vertex -86.1 -17.496575967670427 113.40657799287877
      vertex -86.1 -34.8362876737043 5
    endloop
  endfacet
  facet normal 1 0 0
    outer loop
      vertex -86.1 -16.952014411264066 112.74302781649793
      vertex -86.1 -34.8362876737043 5
      vertex -86.1 -16.778603698747173 112.61441766683036
    endloop
  endfacet
  facet normal 1 0 0
    outer loop
      vertex -86.1 -17.111984104714452 112.88801589528555
      vertex -86.1 -34.8362876737043 5
      vertex -86.1 -16.952014411264066 112.74302781649793
    endloop
  endfacet
  facet normal 1 0 0
    outer loop
      vertex -86.1 -16.778603698747173 112.61441766683036
      vertex -86.1 -34.8362876737043 5
      vertex -86.1 -16.59342200712124 112.50342403232958
    endloop
  endfacet
  facet normal 1 0 0
    outer loop
      vertex -86.1 -16.59342200712124 112.50342403232958
      vertex -86.1 -34.8362876737043 5
      vertex -86.1 -16.398252737307246 112.41111584237113
    endloop
  endfacet
  facet normal 1 0 0
    outer loop
      vertex -86.1 -16.398252737307246 112.41111584237113
      vertex -86.1 -34.8362876737043 5
      vertex -86.1 -16.194975476063863 112.3383820752851
    endloop
  endfacet
  facet normal 1 0 0
    outer loop
      vertex -86.1 -15.985547894539529 112.28592319700886
      vertex -86.1 -16.194975476063863 112.3383820752851
      vertex -86.1 -34.8362876737043 5
    endloop
  endfacet
  facet normal -1 0 0
    outer loop
      vertex -91.1 -13.03253497152483 110.10553756553915
      vertex -91.1 -12.94022678156638 109.91036829572516
      vertex -91.1 -35 0
    endloop
  endfacet
  facet normal -1 0 0
    outer loop
      vertex -91.1 -13.157727616887108 110.51824240830688
      vertex -91.1 -35 0
      vertex -91.1 -13.189406398678834 110.73180340801733
    endloop
  endfacet
  facet normal -1 0 0
    outer loop
      vertex -91.1 -13.157727616887108 110.51824240830688
      vertex -91.1 -13.10526873861086 110.30881482678254
      vertex -91.1 -35 0
    endloop
  endfacet
  facet normal -1 0 0
    outer loop
      vertex -91.1 -13.03253497152483 110.10553756553915
      vertex -91.1 -35 0
      vertex -91.1 -13.10526873861086 110.30881482678254
    endloop
  endfacet
  facet normal -1 0 0
    outer loop
      vertex -91.1 -13.189406398678834 110.73180340801733
      vertex -91.1 -35 0
      vertex -91.1 -13.2 110.94744111674235
    endloop
  endfacet
  facet normal -1 0 0
    outer loop
      vertex -91.1 -13.2 110.94744111674235
      vertex -91.1 -35 0
      vertex -91.1 -13.189406398678834 111.16307882546738
    endloop
  endfacet
  facet normal -1 0 0
    outer loop
      vertex -91.1 -12.39566522516002 109.24681811934433
      vertex -91.1 -12.222254512643126 109.11820796967676
      vertex -91.1 -35 0
    endloop
  endfacet
  facet normal -1 0 0
    outer loop
      vertex -91.1 -12.222254512643126 109.11820796967676
      vertex -91.1 -12.037072821017194 109.00721433517597
      vertex -91.1 -35 0
    endloop
  endfacet
  facet normal -1 0 0
    outer loop
      vertex -91.1 -12.037072821017194 109.00721433517597
      vertex -91.1 -11.841903551203197 108.91490614521753
      vertex -91.1 -35 0
    endloop
  endfacet
  facet normal -1 0 0
    outer loop
      vertex -91.1 -12.8292331470656 109.72518660409924
      vertex -91.1 -12.700622997398021 109.55177589158234
      vertex -91.1 -35 0
    endloop
  endfacet
  facet normal -1 0 0
    outer loop
      vertex -91.1 -12.8292331470656 109.72518660409924
      vertex -91.1 -35 0
      vertex -91.1 -12.94022678156638 109.91036829572516
    endloop
  endfacet
  facet normal -1 0 0
    outer loop
      vertex -91.1 -12.700622997398021 109.55177589158234
      vertex -91.1 -12.555634918610405 109.39180619813195
      vertex -91.1 -35 0
    endloop
  endfacet
  facet normal -1 0 0
    outer loop
      vertex -91.1 -12.555634918610405 109.39180619813195
      vertex -91.1 -12.39566522516002 109.24681811934433
      vertex -91.1 -35 0
    endloop
  endfacet
  facet normal -1 0 0
    outer loop
      vertex -91.1 -11.841903551203197 108.91490614521753
      vertex -91.1 -11.638626289959817 108.8421723781315
      vertex -91.1 -35 0
    endloop
  endfacet
  facet normal -1 0 0
    outer loop
      vertex -91.1 -11.638626289959817 108.8421723781315
      vertex -91.1 -11.429198708435482 108.78971349985525
      vertex -91.1 -35 0
    endloop
  endfacet
  facet normal -1 0 0
    outer loop
      vertex -91.1 -11.429198708435482 108.78971349985525
      vertex -91.1 -11.215637708725033 108.75803471806353
      vertex -91.1 -35 0
    endloop
  endfacet
  facet normal -1 0 0
    outer loop
      vertex -91.1 -11.215637708725033 108.75803471806353
      vertex -91.1 -11 108.74744111674235
      vertex -91.1 -35 0
    endloop
  endfacet
  facet normal -1 0 0
    outer loop
      vertex -91.1 -11 108.74744111674235
      vertex -91.1 -10.784362291274967 108.75803471806353
      vertex -91.1 -35 0
    endloop
  endfacet
  facet normal -1 0 0
    outer loop
      vertex -91.1 -15.340711477379013 112.25424441521713
      vertex -91.1 -15.127150477668565 112.28592319700886
      vertex -91.1 -35 0
    endloop
  endfacet
  facet normal -1 0 0
    outer loop
      vertex -91.1 -15.127150477668565 112.28592319700886
      vertex -91.1 -14.91772289614423 112.3383820752851
      vertex -91.1 -35 0
    endloop
  endfacet
  facet normal -1 0 0
    outer loop
      vertex -91.1 -14.91772289614423 112.3383820752851
      vertex -91.1 -14.71444563490085 112.41111584237113
      vertex -91.1 -35 0
    endloop
  endfacet
  facet normal -1 0 0
    outer loop
      vertex -91.1 -14.71444563490085 112.41111584237113
      vertex -91.1 -14.519276365086853 112.50342403232958
      vertex -91.1 -35 0
    endloop
  endfacet
  facet normal -1 0 0
    outer loop
      vertex -91.1 -14.519276365086853 112.50342403232958
      vertex -91.1 -14.334094673460921 112.61441766683036
      vertex -91.1 -35 0
    endloop
  endfacet
  facet normal -1 0 0
    outer loop
      vertex -91.1 -14.334094673460921 112.61441766683036
      vertex -91.1 -14.160683960944027 112.74302781649793
      vertex -91.1 -35 0
    endloop
  endfacet
  facet normal -1 0 0
    outer loop
      vertex -91.1 -14.160683960944027 112.74302781649793
      vertex -91.1 -14.000714267493642 112.88801589528555
      vertex -91.1 -35 0
    endloop
  endfacet
  facet normal -1 0 0
    outer loop
      vertex -91.1 -13.189406398678834 111.16307882546738
      vertex -91.1 -35 0
      vertex -91.1 -13.157727616887108 111.37663982517783
    endloop
  endfacet
  facet normal -1 0 0
    outer loop
      vertex -91.1 -13.855726188706026 113.04798558873594
      vertex -91.1 -13.157727616887108 111.37663982517783
      vertex -91.1 -35 0
    endloop
  endfacet
  facet normal -1 0 0
    outer loop
      vertex -91.1 -14.000714267493642 112.88801589528555
      vertex -91.1 -13.855726188706026 113.04798558873594
      vertex -91.1 -35 0
    endloop
  endfacet
  facet normal 1 0 0
    outer loop
      vertex -86.1 -15.340711477379013 112.25424441521713
      vertex -86.1 -34.8362876737043 5
      vertex -86.1 -15.127150477668565 112.28592319700886
    endloop
  endfacet
  facet normal 1 0 0
    outer loop
      vertex -86.1 -13.03253497152483 110.10553756553915
      vertex -86.1 -13.10526873861086 110.30881482678254
      vertex -86.1 -34.8362876737043 5
    endloop
  endfacet
  facet normal 1 0 0
    outer loop
      vertex -86.1 -13.157727616887108 110.51824240830688
      vertex -86.1 -34.8362876737043 5
      vertex -86.1 -13.10526873861086 110.30881482678254
    endloop
  endfacet
  facet normal 1 0 0
    outer loop
      vertex -86.1 -14.71444563490085 112.41111584237113
      vertex -86.1 -34.8362876737043 5
      vertex -86.1 -13.189406398678834 111.16307882546738
    endloop
  endfacet
  facet normal 1 0 0
    outer loop
      vertex -86.1 -13.157727616887108 110.51824240830688
      vertex -86.1 -13.189406398678834 110.73180340801733
      vertex -86.1 -34.8362876737043 5
    endloop
  endfacet
  facet normal 1 0 0
    outer loop
      vertex -86.1 -13.189406398678834 110.73180340801733
      vertex -86.1 -13.2 110.94744111674235
      vertex -86.1 -34.8362876737043 5
    endloop
  endfacet
  facet normal 1 0 0
    outer loop
      vertex -86.1 -13.2 110.94744111674235
      vertex -86.1 -13.189406398678834 111.16307882546738
      vertex -86.1 -34.8362876737043 5
    endloop
  endfacet
  facet normal 1 0 0
    outer loop
      vertex -86.1 -15.127150477668565 112.28592319700886
      vertex -86.1 -34.8362876737043 5
      vertex -86.1 -14.91772289614423 112.3383820752851
    endloop
  endfacet
  facet normal 1 0 0
    outer loop
      vertex -86.1 -14.91772289614423 112.3383820752851
      vertex -86.1 -34.8362876737043 5
      vertex -86.1 -14.71444563490085 112.41111584237113
    endloop
  endfacet
  facet normal 1 0 0
    outer loop
      vertex -86.1 -12.700622997398021 109.55177589158234
      vertex -86.1 -34.8362876737043 5
      vertex -86.1 -12.555634918610405 109.39180619813195
    endloop
  endfacet
  facet normal 1 0 0
    outer loop
      vertex -86.1 -12.555634918610405 109.39180619813195
      vertex -86.1 -34.8362876737043 5
      vertex -86.1 -12.39566522516002 109.24681811934433
    endloop
  endfacet
  facet normal 1 0 0
    outer loop
      vertex -86.1 -12.8292331470656 109.72518660409924
      vertex -86.1 -34.8362876737043 5
      vertex -86.1 -12.700622997398021 109.55177589158234
    endloop
  endfacet
  facet normal 1 0 0
    outer loop
      vertex -86.1 -12.8292331470656 109.72518660409924
      vertex -86.1 -12.94022678156638 109.91036829572516
      vertex -86.1 -34.8362876737043 5
    endloop
  endfacet
  facet normal 1 0 0
    outer loop
      vertex -86.1 -13.03253497152483 110.10553756553915
      vertex -86.1 -34.8362876737043 5
      vertex -86.1 -12.94022678156638 109.91036829572516
    endloop
  endfacet
  facet normal 1 0 0
    outer loop
      vertex -86.1 -12.39566522516002 109.24681811934433
      vertex -86.1 -34.8362876737043 5
      vertex -86.1 -12.222254512643126 109.11820796967676
    endloop
  endfacet
  facet normal 1 0 0
    outer loop
      vertex -86.1 -12.037072821017194 109.00721433517597
      vertex -86.1 -34.8362876737043 5
      vertex -86.1 -11.841903551203197 108.91490614521753
    endloop
  endfacet
  facet normal 1 0 0
    outer loop
      vertex -86.1 -12.222254512643126 109.11820796967676
      vertex -86.1 -34.8362876737043 5
      vertex -86.1 -12.037072821017194 109.00721433517597
    endloop
  endfacet
  facet normal 1 0 0
    outer loop
      vertex -86.1 -11.841903551203197 108.91490614521753
      vertex -86.1 -34.8362876737043 5
      vertex -86.1 -11.638626289959817 108.8421723781315
    endloop
  endfacet
  facet normal 1 0 0
    outer loop
      vertex -86.1 -11.638626289959817 108.8421723781315
      vertex -86.1 -34.8362876737043 5
      vertex -86.1 -11.429198708435482 108.78971349985525
    endloop
  endfacet
  facet normal 1 0 0
    outer loop
      vertex -86.1 -11.429198708435482 108.78971349985525
      vertex -86.1 -34.8362876737043 5
      vertex -86.1 -11.215637708725033 108.75803471806353
    endloop
  endfacet
  facet normal 1 0 0
    outer loop
      vertex -86.1 -11.215637708725033 108.75803471806353
      vertex -86.1 -34.8362876737043 5
      vertex -86.1 -11 108.74744111674235
    endloop
  endfacet
  facet normal 1 0 0
    outer loop
      vertex -86.1 -11 108.74744111674235
      vertex -86.1 -34.8362876737043 5
      vertex -86.1 -10.784362291274967 108.75803471806353
    endloop
  endfacet
  facet normal 1 0 0
    outer loop
      vertex -86.1 -10.784362291274967 108.75803471806353
      vertex -86.1 -34.8362876737043 5
      vertex -86.1 -7.394641989653477 107.35396659648048
    endloop
  endfacet
  facet normal 1 0 0
    outer loop
      vertex -86.1 -7.394641989653477 107.35396659648048
      vertex -86.1 -34.8362876737043 5
      vertex -86.1 -7.249653910865861 107.19399690303008
    endloop
  endfacet
  facet normal 1 0 0
    outer loop
      vertex -86.1 -6.535922543458653 106.71709685011567
      vertex -86.1 -34.8362876737043 5
      vertex -86.1 -6.332645282215274 106.64436308302963
    endloop
  endfacet
  facet normal 1 0 0
    outer loop
      vertex -86.1 -6.332645282215274 106.64436308302963
      vertex -86.1 -34.8362876737043 5
      vertex -86.1 -6.1232177006909385 106.59190420475339
    endloop
  endfacet
  facet normal 1 0 0
    outer loop
      vertex -86.1 -7.249653910865861 107.19399690303008
      vertex -86.1 -34.8362876737043 5
      vertex -86.1 -7.089684217415476 107.04900882424246
    endloop
  endfacet
  facet normal 1 0 0
    outer loop
      vertex -86.1 -7.089684217415476 107.04900882424246
      vertex -86.1 -34.8362876737043 5
      vertex -86.1 -6.916273504898581 106.9203986745749
    endloop
  endfacet
  facet normal 1 0 0
    outer loop
      vertex -86.1 -6.916273504898581 106.9203986745749
      vertex -86.1 -34.8362876737043 5
      vertex -86.1 -6.731091813272651 106.80940504007411
    endloop
  endfacet
  facet normal 1 0 0
    outer loop
      vertex -86.1 -6.731091813272651 106.80940504007411
      vertex -86.1 -34.8362876737043 5
      vertex -86.1 -6.535922543458653 106.71709685011567
    endloop
  endfacet
  facet normal 1 0 0
    outer loop
      vertex -86.1 -6.1232177006909385 106.59190420475339
      vertex -86.1 -34.8362876737043 5
      vertex -86.1 -5.90965670098049 106.56022542296166
    endloop
  endfacet
  facet normal 1 0 0
    outer loop
      vertex -86.1 -5.90965670098049 106.56022542296166
      vertex -86.1 -34.8362876737043 5
      vertex -86.1 -5.694018992255456 106.54963182164049
    endloop
  endfacet
  facet normal 1 0 0
    outer loop
      vertex -86.1 -5.694018992255456 106.54963182164049
      vertex -86.1 -34.8362876737043 5
      vertex -86.1 -5.478381283530423 106.56022542296166
    endloop
  endfacet
  facet normal 1 0 0
    outer loop
      vertex -86.1 -5.478381283530423 106.56022542296166
      vertex -86.1 -34.8362876737043 5
      vertex -86.1 -5.264820283819974 106.59190420475339
    endloop
  endfacet
  facet normal 1 0 0
    outer loop
      vertex -86.1 -5.264820283819974 106.59190420475339
      vertex -86.1 -34.8362876737043 5
      vertex -86.1 -5.055392702295639 106.64436308302963
    endloop
  endfacet
  facet normal 1 0 0
    outer loop
      vertex -86.1 -5.055392702295639 106.64436308302963
      vertex -86.1 -34.8362876737043 5
      vertex -86.1 -1.2222545126431248 106.1707668529344
    endloop
  endfacet
  facet normal 1 0 0
    outer loop
      vertex -86.1 -1.2222545126431248 106.1707668529344
      vertex -86.1 -34.8362876737043 5
      vertex -86.1 -1.037072821017195 106.05977321843362
    endloop
  endfacet
  facet normal 1 0 0
    outer loop
      vertex -86.1 -1.037072821017195 106.05977321843362
      vertex -86.1 -34.8362876737043 5
      vertex -86.1 -0.8419035512031976 105.96746502847517
    endloop
  endfacet
  facet normal 1 0 0
    outer loop
      vertex -86.1 -0.8419035512031976 105.96746502847517
      vertex -86.1 -34.8362876737043 5
      vertex -86.1 -0.6386262899598172 105.89473126138914
    endloop
  endfacet
  facet normal 1 0 0
    outer loop
      vertex -86.1 -0.6386262899598172 105.89473126138914
      vertex -86.1 -34.8362876737043 5
      vertex -86.1 -0.4291987084354822 105.8422723831129
    endloop
  endfacet
  facet normal 1 0 0
    outer loop
      vertex -86.1 -0.4291987084354822 105.8422723831129
      vertex -86.1 -34.8362876737043 5
      vertex -86.1 -0.21563770872503335 105.81059360132117
    endloop
  endfacet
  facet normal 1 0 0
    outer loop
      vertex -86.1 -0.21563770872503335 105.81059360132117
      vertex -86.1 -34.8362876737043 5
      vertex -86.1 0 105.8
    endloop
  endfacet
  facet normal 1 0 0
    outer loop
      vertex -86.1 0 105.8
      vertex -86.1 -34.8362876737043 5
      vertex -86.1 0.21563770872503335 105.81059360132117
    endloop
  endfacet
  facet normal 1 0 0
    outer loop
      vertex -86.1 0.21563770872503335 105.81059360132117
      vertex -86.1 -34.8362876737043 5
      vertex -86.1 0.4291987084354822 105.8422723831129
    endloop
  endfacet
  facet normal 1 0 0
    outer loop
      vertex -86.1 0.4291987084354822 105.8422723831129
      vertex -86.1 -34.8362876737043 5
      vertex -86.1 0.6386262899598172 105.89473126138914
    endloop
  endfacet
  facet normal 1 0 0
    outer loop
      vertex -86.1 0.6386262899598172 105.89473126138914
      vertex -86.1 -34.8362876737043 5
      vertex -86.1 0.8419035512031976 105.96746502847517
    endloop
  endfacet
  facet normal 1 0 0
    outer loop
      vertex -86.1 0.8419035512031976 105.96746502847517
      vertex -86.1 -34.8362876737043 5
      vertex -86.1 1.037072821017195 106.05977321843362
    endloop
  endfacet
  facet normal 1 0 0
    outer loop
      vertex -86.1 1.037072821017195 106.05977321843362
      vertex -86.1 -34.8362876737043 5
      vertex -86.1 1.2222545126431248 106.1707668529344
    endloop
  endfacet
  facet normal 1 0 0
    outer loop
      vertex -86.1 1.2222545126431248 106.1707668529344
      vertex -86.1 -34.8362876737043 5
      vertex -86.1 1.3956652251600201 106.29937700260197
    endloop
  endfacet
  facet normal 1 0 0
    outer loop
      vertex -86.1 1.3956652251600201 106.29937700260197
      vertex -86.1 -34.8362876737043 5
      vertex -86.1 1.5556349186104048 106.44436508138959
    endloop
  endfacet
  facet normal 1 0 0
    outer loop
      vertex -86.1 1.5556349186104048 106.44436508138959
      vertex -86.1 -34.8362876737043 5
      vertex -86.1 1.7006229973980216 106.60433477483998
    endloop
  endfacet
  facet normal 1 0 0
    outer loop
      vertex -86.1 1.7006229973980216 106.60433477483998
      vertex -86.1 -34.8362876737043 5
      vertex -86.1 1.8292331470655996 106.77774548735688
    endloop
  endfacet
  facet normal 1 0 0
    outer loop
      vertex -86.1 1.8292331470655996 106.77774548735688
      vertex -86.1 -34.8362876737043 5
      vertex -86.1 1.9402267815663812 106.96292717898281
    endloop
  endfacet
  facet normal 1 0 0
    outer loop
      vertex -86.1 1.9402267815663812 106.96292717898281
      vertex -86.1 -34.8362876737043 5
      vertex -86.1 2.032534971524831 107.1580964487968
    endloop
  endfacet
  facet normal -1 0 0
    outer loop
      vertex -91.1 -21.210286500144758 118.57080129156452
      vertex -91.1 -35 0
      vertex -91.1 -21.241965281936483 118.78436229127497
    endloop
  endfacet
  facet normal -1 0 0
    outer loop
      vertex -91.1 -21.241965281936483 118.78436229127497
      vertex -91.1 -35 0
      vertex -91.1 -21.25255888325765 119
    endloop
  endfacet
  facet normal 1 0 0
    outer loop
      vertex -86.1 -20.88179203032325 117.77774548735688
      vertex -86.1 -34.8362876737043 5
      vertex -86.1 -20.75318188065567 117.60433477483998
    endloop
  endfacet
  facet normal 1 0 0
    outer loop
      vertex -86.1 -20.75318188065567 117.60433477483998
      vertex -86.1 -34.8362876737043 5
      vertex -86.1 -20.608193801868055 117.44436508138959
    endloop
  endfacet
  facet normal 1 0 0
    outer loop
      vertex -86.1 -20.608193801868055 117.44436508138959
      vertex -86.1 -34.8362876737043 5
      vertex -86.1 -20.44822410841767 117.29937700260197
    endloop
  endfacet
  facet normal 1 0 0
    outer loop
      vertex -86.1 -20.274813395900775 117.1707668529344
      vertex -86.1 -20.44822410841767 117.29937700260197
      vertex -86.1 -34.8362876737043 5
    endloop
  endfacet
  facet normal 1 0 0
    outer loop
      vertex -86.1 -20.274813395900775 117.1707668529344
      vertex -86.1 -34.8362876737043 5
      vertex -86.1 -20.089631704274844 117.05977321843362
    endloop
  endfacet
  facet normal 1 0 0
    outer loop
      vertex -86.1 -21.08509385478248 118.1580964487968
      vertex -86.1 -21.15782762186851 118.36137371004018
      vertex -86.1 -34.8362876737043 5
    endloop
  endfacet
  facet normal 1 0 0
    outer loop
      vertex -86.1 -21.08509385478248 118.1580964487968
      vertex -86.1 -34.8362876737043 5
      vertex -86.1 -20.99278566482403 117.96292717898281
    endloop
  endfacet
  facet normal 1 0 0
    outer loop
      vertex -86.1 -21.15782762186851 118.36137371004018
      vertex -86.1 -21.210286500144758 118.57080129156452
      vertex -86.1 -34.8362876737043 5
    endloop
  endfacet
  facet normal 1 0 0
    outer loop
      vertex -86.1 -21.210286500144758 118.57080129156452
      vertex -86.1 -21.241965281936483 118.78436229127497
      vertex -86.1 -34.8362876737043 5
    endloop
  endfacet
  facet normal 1 0 0
    outer loop
      vertex -86.1 -20.88179203032325 117.77774548735688
      vertex -86.1 -20.99278566482403 117.96292717898281
      vertex -86.1 -34.8362876737043 5
    endloop
  endfacet
  facet normal 1 0 0
    outer loop
      vertex -86.1 -21.241965281936483 118.78436229127497
      vertex -86.1 -21.25255888325765 119
      vertex -86.1 -34.8362876737043 5
    endloop
  endfacet
  facet normal 1 0 0
    outer loop
      vertex -86.1 -21.25255888325765 119
      vertex -86.1 -21.241965281936483 119.21563770872503
      vertex -86.1 -34.8362876737043 5
    endloop
  endfacet
  facet normal -1 0 0
    outer loop
      vertex -91.1 -27.461987851290452 135.46252901645158
      vertex -91.1 -21.25255888325765 119
      vertex -91.1 -35 0
    endloop
  endfacet
  facet normal 1 0 0
    outer loop
      vertex -86.1 -21.241965281936483 119.21563770872503
      vertex -86.1 -25.868626910316028 140.7151361062225
      vertex -86.1 -34.8362876737043 5
    endloop
  endfacet
  facet normal -1 0 0
    outer loop
      vertex -91.1 -27.865172346821513 132.7444799292277
      vertex -91.1 -27.461987851290452 135.46252901645158
      vertex -91.1 -35 0
    endloop
  endfacet
  facet normal 0 -0.9985143326162967 0.05448970141073776
    outer loop
      vertex -91.1 -27.865172346821513 132.7444799292277
      vertex -91.1 -34.8362876737043 5
      vertex -86.1 -27.865172346821513 132.7444799292277
    endloop
  endfacet
  facet normal 1 0 0
    outer loop
      vertex -86.1 -27.865172346821513 132.7444799292277
      vertex -86.1 -34.8362876737043 5
      vertex -86.1 -25.868626910316028 140.7151361062225
    endloop
  endfacet
  facet normal 0 -0.9891765099647807 0.14673047445536308
    outer loop
      vertex -91.1 -27.865172346821513 132.7444799292277
      vertex -86.1 -27.865172346821513 132.7444799292277
      vertex -91.1 -27.461987851290452 135.46252901645158
    endloop
  endfacet
  facet normal -1 0 0
    outer loop
      vertex -91.1 -27.461987851290452 135.46252901645158
      vertex -91.1 -26.794329400501848 138.12797096312494
      vertex -91.1 -25.868626910316028 140.7151361062225
    endloop
  endfacet
  facet normal -1.1056272781778934e-18 -0.9700312531945441 0.24298017990326384
    outer loop
      vertex -91.1 -27.461987851290452 135.46252901645158
      vertex -86.1 -26.794329400501848 138.12797096312494
      vertex -91.1 -26.794329400501848 138.12797096312494
    endloop
  endfacet
  facet normal 4.93199776427745e-18 -0.9891765099647807 0.14673047445536308
    outer loop
      vertex -86.1 -27.865172346821513 132.7444799292277
      vertex -86.1 -27.461987851290452 135.46252901645158
      vertex -91.1 -27.461987851290452 135.46252901645158
    endloop
  endfacet
  facet normal 1 0 0
    outer loop
      vertex -86.1 -27.865172346821513 132.7444799292277
      vertex -86.1 -26.794329400501848 138.12797096312494
      vertex -86.1 -27.461987851290452 135.46252901645158
    endloop
  endfacet
  facet normal 0 -0.9700312531945441 0.24298017990326384
    outer loop
      vertex -91.1 -27.461987851290452 135.46252901645158
      vertex -86.1 -27.461987851290452 135.46252901645158
      vertex -86.1 -26.794329400501848 138.12797096312494
    endloop
  endfacet
  facet normal 1 0 0
    outer loop
      vertex -86.1 -27.865172346821513 132.7444799292277
      vertex -86.1 -25.868626910316028 140.7151361062225
      vertex -86.1 -26.794329400501848 138.12797096312494
    endloop
  endfacet
  facet normal -1 0 0
    outer loop
      vertex -91.1 -27.461987851290452 135.46252901645158
      vertex -91.1 -25.868626910316028 140.7151361062225
      vertex -91.1 -23.281149144471268 145.55596652454886
    endloop
  endfacet
  facet normal 0 -0.9415440651830206 0.3368898533922208
    outer loop
      vertex -91.1 -26.794329400501848 138.12797096312494
      vertex -86.1 -26.794329400501848 138.12797096312494
      vertex -91.1 -25.868626910316028 140.7151361062225
    endloop
  endfacet
  facet normal 0 -0.903989293123444 0.4275550934302807
    outer loop
      vertex -91.1 -25.868626910316028 140.7151361062225
      vertex -86.1 -25.868626910316028 140.7151361062225
      vertex -91.1 -24.693795401753942 143.19910863112793
    endloop
  endfacet
  facet normal 1.6034128706136044e-17 -0.9415440651830206 0.3368898533922208
    outer loop
      vertex -86.1 -26.794329400501848 138.12797096312494
      vertex -86.1 -25.868626910316028 140.7151361062225
      vertex -91.1 -25.868626910316028 140.7151361062225
    endloop
  endfacet
  facet normal 1.5513622318941738e-17 -0.903989293123444 0.4275550934302807
    outer loop
      vertex -86.1 -25.868626910316028 140.7151361062225
      vertex -86.1 -24.693795401753942 143.19910863112793
      vertex -91.1 -24.693795401753942 143.19910863112793
    endloop
  endfacet
  facet normal 1 0 0
    outer loop
      vertex -86.1 -19.691185173217466 116.89473126138914
      vertex -86.1 -34.8362876737043 5
      vertex -86.1 -19.481757591693132 116.8422723831129
    endloop
  endfacet
  facet normal 1 0 0
    outer loop
      vertex -86.1 -20.089631704274844 117.05977321843362
      vertex -86.1 -34.8362876737043 5
      vertex -86.1 -19.89446243446085 116.96746502847517
    endloop
  endfacet
  facet normal 1 0 0
    outer loop
      vertex -86.1 -19.89446243446085 116.96746502847517
      vertex -86.1 -34.8362876737043 5
      vertex -86.1 -19.691185173217466 116.89473126138914
    endloop
  endfacet
  facet normal 1 0 0
    outer loop
      vertex -86.1 -19.481757591693132 116.8422723831129
      vertex -86.1 -34.8362876737043 5
      vertex -86.1 -19.268196591982683 116.81059360132117
    endloop
  endfacet
  facet normal 1 0 0
    outer loop
      vertex -86.1 -19.268196591982683 116.81059360132117
      vertex -86.1 -34.8362876737043 5
      vertex -86.1 -19.05255888325765 116.8
    endloop
  endfacet
  facet normal 1 0 0
    outer loop
      vertex -86.1 -19.05255888325765 116.8
      vertex -86.1 -34.8362876737043 5
      vertex -86.1 -18.836921174532616 116.81059360132117
    endloop
  endfacet
  facet normal 1 0 0
    outer loop
      vertex -86.1 -18.836921174532616 116.81059360132117
      vertex -86.1 -34.8362876737043 5
      vertex -86.1 -18.623360174822167 116.8422723831129
    endloop
  endfacet
  facet normal 1 0 0
    outer loop
      vertex -86.1 -18.623360174822167 116.8422723831129
      vertex -86.1 -34.8362876737043 5
      vertex -86.1 -18.413932593297833 116.89473126138914
    endloop
  endfacet
  facet normal 1 0 0
    outer loop
      vertex -86.1 -18.413932593297833 116.89473126138914
      vertex -86.1 -34.8362876737043 5
      vertex -86.1 -18.21065533205445 116.96746502847517
    endloop
  endfacet
  facet normal 1 0 0
    outer loop
      vertex -86.1 -18.21065533205445 116.96746502847517
      vertex -86.1 -34.8362876737043 5
      vertex -86.1 -18.015486062240456 117.05977321843362
    endloop
  endfacet
  facet normal 1 0 0
    outer loop
      vertex -86.1 -18.015486062240456 117.05977321843362
      vertex -86.1 -34.8362876737043 5
      vertex -86.1 -17.830304370614524 117.1707668529344
    endloop
  endfacet
  facet normal 1 0 0
    outer loop
      vertex -86.1 -17.830304370614524 117.1707668529344
      vertex -86.1 -34.8362876737043 5
      vertex -86.1 -17.65689365809763 117.29937700260197
    endloop
  endfacet
  facet normal 1 0 0
    outer loop
      vertex -86.1 -17.74575558478288 114.65928852262098
      vertex -86.1 -17.35193588585963 117.60433477483998
      vertex -86.1 -34.8362876737043 5
    endloop
  endfacet
  facet normal 1 0 0
    outer loop
      vertex -86.1 -17.65689365809763 117.29937700260197
      vertex -86.1 -34.8362876737043 5
      vertex -86.1 -17.496923964647245 117.44436508138959
    endloop
  endfacet
  facet normal 1 0 0
    outer loop
      vertex -86.1 -17.496923964647245 117.44436508138959
      vertex -86.1 -34.8362876737043 5
      vertex -86.1 -17.35193588585963 117.60433477483998
    endloop
  endfacet
  facet normal -1 0 0
    outer loop
      vertex -91.1 -20.608193801868055 117.44436508138959
      vertex -91.1 -20.44822410841767 117.29937700260197
      vertex -91.1 -17.756349186104046 114.44365081389596
    endloop
  endfacet
  facet normal -1 0 0
    outer loop
      vertex -91.1 -20.274813395900775 117.1707668529344
      vertex -91.1 -17.756349186104046 114.44365081389596
      vertex -91.1 -20.44822410841767 117.29937700260197
    endloop
  endfacet
  facet normal -1 0 0
    outer loop
      vertex -91.1 -20.274813395900775 117.1707668529344
      vertex -91.1 -20.089631704274844 117.05977321843362
      vertex -91.1 -17.756349186104046 114.44365081389596
    endloop
  endfacet
  facet normal -1 0 0
    outer loop
      vertex -91.1 -20.089631704274844 117.05977321843362
      vertex -91.1 -19.89446243446085 116.96746502847517
      vertex -91.1 -17.756349186104046 114.44365081389596
    endloop
  endfacet
  facet normal -1 0 0
    outer loop
      vertex -91.1 -19.89446243446085 116.96746502847517
      vertex -91.1 -19.691185173217466 116.89473126138914
      vertex -91.1 -17.756349186104046 114.44365081389596
    endloop
  endfacet
  facet normal -1 0 0
    outer loop
      vertex -91.1 -19.691185173217466 116.89473126138914
      vertex -91.1 -19.481757591693132 116.8422723831129
      vertex -91.1 -17.756349186104046 114.44365081389596
    endloop
  endfacet
  facet normal -1 0 0
    outer loop
      vertex -91.1 -19.481757591693132 116.8422723831129
      vertex -91.1 -19.268196591982683 116.81059360132117
      vertex -91.1 -17.74575558478288 114.65928852262098
    endloop
  endfacet
  facet normal -1 0 0
    outer loop
      vertex -91.1 -19.481757591693132 116.8422723831129
      vertex -91.1 -17.74575558478288 114.65928852262098
      vertex -91.1 -17.756349186104046 114.44365081389596
    endloop
  endfacet
  facet normal -1 0 0
    outer loop
      vertex -91.1 -19.268196591982683 116.81059360132117
      vertex -91.1 -17.714076802991155 114.87284952233144
      vertex -91.1 -17.74575558478288 114.65928852262098
    endloop
  endfacet
  facet normal -1 0 0
    outer loop
      vertex -91.1 -19.05255888325765 116.8
      vertex -91.1 -17.661617924714907 115.08227710385577
      vertex -91.1 -17.714076802991155 114.87284952233144
    endloop
  endfacet
  facet normal -1 0 0
    outer loop
      vertex -91.1 -18.836921174532616 116.81059360132117
      vertex -91.1 -17.58888415762888 115.28555436509916
      vertex -91.1 -17.661617924714907 115.08227710385577
    endloop
  endfacet
  facet normal -1 0 0
    outer loop
      vertex -91.1 -18.623360174822167 116.8422723831129
      vertex -91.1 -17.496575967670427 115.48072363491315
      vertex -91.1 -17.58888415762888 115.28555436509916
    endloop
  endfacet
  facet normal -1 0 0
    outer loop
      vertex -91.1 -18.413932593297833 116.89473126138914
      vertex -91.1 -17.385582333169648 115.66590532653908
      vertex -91.1 -17.496575967670427 115.48072363491315
    endloop
  endfacet
  facet normal -1 0 0
    outer loop
      vertex -91.1 -19.268196591982683 116.81059360132117
      vertex -91.1 -19.05255888325765 116.8
      vertex -91.1 -17.714076802991155 114.87284952233144
    endloop
  endfacet
  facet normal -1 0 0
    outer loop
      vertex -91.1 -19.05255888325765 116.8
      vertex -91.1 -18.836921174532616 116.81059360132117
      vertex -91.1 -17.661617924714907 115.08227710385577
    endloop
  endfacet
  facet normal -1 0 0
    outer loop
      vertex -91.1 -18.836921174532616 116.81059360132117
      vertex -91.1 -18.623360174822167 116.8422723831129
      vertex -91.1 -17.58888415762888 115.28555436509916
    endloop
  endfacet
  facet normal -1 0 0
    outer loop
      vertex -91.1 -18.623360174822167 116.8422723831129
      vertex -91.1 -18.413932593297833 116.89473126138914
      vertex -91.1 -17.496575967670427 115.48072363491315
    endloop
  endfacet
  facet normal -1 0 0
    outer loop
      vertex -91.1 -18.413932593297833 116.89473126138914
      vertex -91.1 -18.21065533205445 116.96746502847517
      vertex -91.1 -17.385582333169648 115.66590532653908
    endloop
  endfacet
  facet normal -1 0 0
    outer loop
      vertex -91.1 -18.21065533205445 116.96746502847517
      vertex -91.1 -18.015486062240456 117.05977321843362
      vertex -91.1 -17.256972183502068 115.83931603905597
    endloop
  endfacet
  facet normal -1 0 0
    outer loop
      vertex -91.1 -18.21065533205445 116.96746502847517
      vertex -91.1 -17.256972183502068 115.83931603905597
      vertex -91.1 -17.385582333169648 115.66590532653908
    endloop
  endfacet
  facet normal -1 0 0
    outer loop
      vertex -91.1 -18.015486062240456 117.05977321843362
      vertex -91.1 -17.830304370614524 117.1707668529344
      vertex -91.1 -17.111984104714452 115.99928573250637
    endloop
  endfacet
  facet normal -1 0 0
    outer loop
      vertex -91.1 -18.015486062240456 117.05977321843362
      vertex -91.1 -17.111984104714452 115.99928573250637
      vertex -91.1 -17.256972183502068 115.83931603905597
    endloop
  endfacet
  facet normal -1 0 0
    outer loop
      vertex -91.1 -17.830304370614524 117.1707668529344
      vertex -91.1 -16.952014411264066 116.14427381129398
      vertex -91.1 -17.111984104714452 115.99928573250637
    endloop
  endfacet
  facet normal -1 0 0
    outer loop
      vertex -91.1 -17.830304370614524 117.1707668529344
      vertex -91.1 -17.65689365809763 117.29937700260197
      vertex -91.1 -16.952014411264066 116.14427381129398
    endloop
  endfacet
  facet normal -1 0 0
    outer loop
      vertex -91.1 -17.65689365809763 117.29937700260197
      vertex -91.1 -17.496923964647245 117.44436508138959
      vertex -91.1 -16.778603698747173 116.27288396096155
    endloop
  endfacet
  facet normal -1 0 0
    outer loop
      vertex -91.1 -17.65689365809763 117.29937700260197
      vertex -91.1 -16.778603698747173 116.27288396096155
      vertex -91.1 -16.952014411264066 116.14427381129398
    endloop
  endfacet
  facet normal -1 0 0
    outer loop
      vertex -91.1 -17.496923964647245 117.44436508138959
      vertex -91.1 -17.35193588585963 117.60433477483998
      vertex -91.1 -16.59342200712124 116.38387759546234
    endloop
  endfacet
  facet normal -1 0 0
    outer loop
      vertex -91.1 -17.496923964647245 117.44436508138959
      vertex -91.1 -16.59342200712124 116.38387759546234
      vertex -91.1 -16.778603698747173 116.27288396096155
    endloop
  endfacet
  facet normal -1 0 0
    outer loop
      vertex -91.1 -17.35193588585963 117.60433477483998
      vertex -91.1 -16.398252737307246 116.47618578542078
      vertex -91.1 -16.59342200712124 116.38387759546234
    endloop
  endfacet
  facet normal -1 0 0
    outer loop
      vertex -91.1 -17.22332573619205 117.77774548735688
      vertex -91.1 -16.194975476063863 116.54891955250682
      vertex -91.1 -16.398252737307246 116.47618578542078
    endloop
  endfacet
  facet normal -1 0 0
    outer loop
      vertex -91.1 -17.11233210169127 117.96292717898281
      vertex -91.1 -15.985547894539529 116.60137843078306
      vertex -91.1 -16.194975476063863 116.54891955250682
    endloop
  endfacet
  facet normal -1 0 0
    outer loop
      vertex -91.1 -17.35193588585963 117.60433477483998
      vertex -91.1 -17.22332573619205 117.77774548735688
      vertex -91.1 -16.398252737307246 116.47618578542078
    endloop
  endfacet
  facet normal -1 0 0
    outer loop
      vertex -91.1 -17.22332573619205 117.77774548735688
      vertex -91.1 -17.11233210169127 117.96292717898281
      vertex -91.1 -16.194975476063863 116.54891955250682
    endloop
  endfacet
  facet normal -1 0 0
    outer loop
      vertex -91.1 -17.11233210169127 117.96292717898281
      vertex -91.1 -17.020023911732817 118.1580964487968
      vertex -91.1 -15.985547894539529 116.60137843078306
    endloop
  endfacet
  facet normal -1 0 0
    outer loop
      vertex -91.1 -17.020023911732817 118.1580964487968
      vertex -91.1 -16.94729014464679 118.36137371004018
      vertex -91.1 -15.77198689482908 116.63305721257478
    endloop
  endfacet
  facet normal -1 0 0
    outer loop
      vertex -91.1 -16.94729014464679 118.36137371004018
      vertex -91.1 -16.89483126637054 118.57080129156452
      vertex -91.1 -15.556349186104047 116.64365081389596
    endloop
  endfacet
  facet normal -1 0 0
    outer loop
      vertex -91.1 -17.020023911732817 118.1580964487968
      vertex -91.1 -15.77198689482908 116.63305721257478
      vertex -91.1 -15.985547894539529 116.60137843078306
    endloop
  endfacet
  facet normal -1 0 0
    outer loop
      vertex -91.1 -16.94729014464679 118.36137371004018
      vertex -91.1 -15.556349186104047 116.64365081389596
      vertex -91.1 -15.77198689482908 116.63305721257478
    endloop
  endfacet
  facet normal -1 0 0
    outer loop
      vertex -91.1 -15.340711477379013 116.63305721257478
      vertex -91.1 -16.89483126637054 118.57080129156452
      vertex -91.1 -16.863152484578816 118.78436229127497
    endloop
  endfacet
  facet normal -1 0 0
    outer loop
      vertex -91.1 -15.127150477668565 116.60137843078306
      vertex -91.1 -16.863152484578816 118.78436229127497
      vertex -91.1 -16.85255888325765 119
    endloop
  endfacet
  facet normal -1 0 0
    outer loop
      vertex -91.1 -14.91772289614423 116.54891955250682
      vertex -91.1 -16.85255888325765 119
      vertex -91.1 -16.863152484578816 119.21563770872503
    endloop
  endfacet
  facet normal -1 0 0
    outer loop
      vertex -91.1 -15.556349186104047 116.64365081389596
      vertex -91.1 -16.89483126637054 118.57080129156452
      vertex -91.1 -15.340711477379013 116.63305721257478
    endloop
  endfacet
  facet normal -1 0 0
    outer loop
      vertex -91.1 -15.340711477379013 116.63305721257478
      vertex -91.1 -16.863152484578816 118.78436229127497
      vertex -91.1 -15.127150477668565 116.60137843078306
    endloop
  endfacet
  facet normal -1 0 0
    outer loop
      vertex -91.1 -15.127150477668565 116.60137843078306
      vertex -91.1 -16.85255888325765 119
      vertex -91.1 -14.91772289614423 116.54891955250682
    endloop
  endfacet
  facet normal 1 0 0
    outer loop
      vertex -86.1 -17.74575558478288 114.65928852262098
      vertex -86.1 -17.714076802991155 114.87284952233144
      vertex -86.1 -17.35193588585963 117.60433477483998
    endloop
  endfacet
  facet normal 1 0 0
    outer loop
      vertex -86.1 -17.714076802991155 114.87284952233144
      vertex -86.1 -17.661617924714907 115.08227710385577
      vertex -86.1 -17.35193588585963 117.60433477483998
    endloop
  endfacet
  facet normal 1 0 0
    outer loop
      vertex -86.1 -17.661617924714907 115.08227710385577
      vertex -86.1 -17.58888415762888 115.28555436509916
      vertex -86.1 -17.35193588585963 117.60433477483998
    endloop
  endfacet
  facet normal 1 0 0
    outer loop
      vertex -86.1 -17.58888415762888 115.28555436509916
      vertex -86.1 -17.496575967670427 115.48072363491315
      vertex -86.1 -17.35193588585963 117.60433477483998
    endloop
  endfacet
  facet normal 1 0 0
    outer loop
      vertex -86.1 -17.496575967670427 115.48072363491315
      vertex -86.1 -17.385582333169648 115.66590532653908
      vertex -86.1 -17.35193588585963 117.60433477483998
    endloop
  endfacet
  facet normal 1 0 0
    outer loop
      vertex -86.1 -17.385582333169648 115.66590532653908
      vertex -86.1 -17.256972183502068 115.83931603905597
      vertex -86.1 -17.35193588585963 117.60433477483998
    endloop
  endfacet
  facet normal 1 0 0
    outer loop
      vertex -86.1 -17.256972183502068 115.83931603905597
      vertex -86.1 -17.111984104714452 115.99928573250637
      vertex -86.1 -17.35193588585963 117.60433477483998
    endloop
  endfacet
  facet normal 1 0 0
    outer loop
      vertex -86.1 -17.111984104714452 115.99928573250637
      vertex -86.1 -16.952014411264066 116.14427381129398
      vertex -86.1 -17.35193588585963 117.60433477483998
    endloop
  endfacet
  facet normal 1 0 0
    outer loop
      vertex -86.1 -17.35193588585963 117.60433477483998
      vertex -86.1 -16.952014411264066 116.14427381129398
      vertex -86.1 -16.778603698747173 116.27288396096155
    endloop
  endfacet
  facet normal 1 0 0
    outer loop
      vertex -86.1 -17.35193588585963 117.60433477483998
      vertex -86.1 -16.778603698747173 116.27288396096155
      vertex -86.1 -16.59342200712124 116.38387759546234
    endloop
  endfacet
  facet normal 1 0 0
    outer loop
      vertex -86.1 -17.35193588585963 117.60433477483998
      vertex -86.1 -16.59342200712124 116.38387759546234
      vertex -86.1 -16.398252737307246 116.47618578542078
    endloop
  endfacet
  facet normal 1 0 0
    outer loop
      vertex -86.1 -17.35193588585963 117.60433477483998
      vertex -86.1 -16.398252737307246 116.47618578542078
      vertex -86.1 -16.194975476063863 116.54891955250682
    endloop
  endfacet
  facet normal 1 0 0
    outer loop
      vertex -86.1 -17.35193588585963 117.60433477483998
      vertex -86.1 -16.194975476063863 116.54891955250682
      vertex -86.1 -15.985547894539529 116.60137843078306
    endloop
  endfacet
  facet normal 1 0 0
    outer loop
      vertex -86.1 -17.35193588585963 117.60433477483998
      vertex -86.1 -15.985547894539529 116.60137843078306
      vertex -86.1 -15.77198689482908 116.63305721257478
    endloop
  endfacet
  facet normal 1 0 0
    outer loop
      vertex -86.1 -17.35193588585963 117.60433477483998
      vertex -86.1 -15.77198689482908 116.63305721257478
      vertex -86.1 -15.556349186104047 116.64365081389596
    endloop
  endfacet
  facet normal 1 0 0
    outer loop
      vertex -86.1 -17.35193588585963 117.60433477483998
      vertex -86.1 -15.556349186104047 116.64365081389596
      vertex -86.1 -15.340711477379013 116.63305721257478
    endloop
  endfacet
  facet normal 1 0 0
    outer loop
      vertex -86.1 -17.35193588585963 117.60433477483998
      vertex -86.1 -15.340711477379013 116.63305721257478
      vertex -86.1 -15.127150477668565 116.60137843078306
    endloop
  endfacet
  facet normal 1 0 0
    outer loop
      vertex -86.1 -17.35193588585963 117.60433477483998
      vertex -86.1 -15.127150477668565 116.60137843078306
      vertex -86.1 -14.91772289614423 116.54891955250682
    endloop
  endfacet
  facet normal 1 0 0
    outer loop
      vertex -86.1 -17.35193588585963 117.60433477483998
      vertex -86.1 -14.91772289614423 116.54891955250682
      vertex -86.1 -14.71444563490085 116.47618578542078
    endloop
  endfacet
  facet normal -1 0 0
    outer loop
      vertex -91.1 -13.855726188706026 113.04798558873594
      vertex -91.1 -13.10526873861086 111.58606740670217
      vertex -91.1 -13.157727616887108 111.37663982517783
    endloop
  endfacet
  facet normal -1 0 0
    outer loop
      vertex -91.1 -13.855726188706026 113.04798558873594
      vertex -91.1 -13.03253497152483 111.78934466794556
      vertex -91.1 -13.10526873861086 111.58606740670217
    endloop
  endfacet
  facet normal -1 0 0
    outer loop
      vertex -91.1 -13.855726188706026 113.04798558873594
      vertex -91.1 -13.727116039038448 113.22139630125284
      vertex -91.1 -12.700622997398021 112.34310634190237
    endloop
  endfacet
  facet normal -1 0 0
    outer loop
      vertex -91.1 -13.727116039038448 113.22139630125284
      vertex -91.1 -13.616122404537666 113.40657799287877
      vertex -91.1 -12.555634918610405 112.50307603535276
    endloop
  endfacet
  facet normal -1 0 0
    outer loop
      vertex -91.1 -13.855726188706026 113.04798558873594
      vertex -91.1 -12.94022678156638 111.98451393775954
      vertex -91.1 -13.03253497152483 111.78934466794556
    endloop
  endfacet
  facet normal -1 0 0
    outer loop
      vertex -91.1 -13.855726188706026 113.04798558873594
      vertex -91.1 -12.8292331470656 112.16969562938547
      vertex -91.1 -12.94022678156638 111.98451393775954
    endloop
  endfacet
  facet normal -1 0 0
    outer loop
      vertex -91.1 -13.855726188706026 113.04798558873594
      vertex -91.1 -12.700622997398021 112.34310634190237
      vertex -91.1 -12.8292331470656 112.16969562938547
    endloop
  endfacet
  facet normal -1 0 0
    outer loop
      vertex -91.1 -13.727116039038448 113.22139630125284
      vertex -91.1 -12.555634918610405 112.50307603535276
      vertex -91.1 -12.700622997398021 112.34310634190237
    endloop
  endfacet
  facet normal -1 0 0
    outer loop
      vertex -91.1 -13.616122404537666 113.40657799287877
      vertex -91.1 -13.523814214579216 113.60174726269275
      vertex -91.1 -12.555634918610405 112.50307603535276
    endloop
  endfacet
  facet normal -1 0 0
    outer loop
      vertex -91.1 -13.523814214579216 113.60174726269275
      vertex -91.1 -13.451080447493187 113.80502452393614
      vertex -91.1 -12.555634918610405 112.50307603535276
    endloop
  endfacet
  facet normal -1 0 0
    outer loop
      vertex -91.1 -13.451080447493187 113.80502452393614
      vertex -91.1 -13.398621569216939 114.01445210546048
      vertex -91.1 -12.555634918610405 112.50307603535276
    endloop
  endfacet
  facet normal 1 0 0
    outer loop
      vertex -86.1 -14.71444563490085 112.41111584237113
      vertex -86.1 -13.157727616887108 111.37663982517783
      vertex -86.1 -14.519276365086853 112.50342403232958
    endloop
  endfacet
  facet normal 1 0 0
    outer loop
      vertex -86.1 -14.71444563490085 112.41111584237113
      vertex -86.1 -13.189406398678834 111.16307882546738
      vertex -86.1 -13.157727616887108 111.37663982517783
    endloop
  endfacet
  facet normal 1 0 0
    outer loop
      vertex -86.1 -14.519276365086853 112.50342403232958
      vertex -86.1 -13.10526873861086 111.58606740670217
      vertex -86.1 -14.334094673460921 112.61441766683036
    endloop
  endfacet
  facet normal 1 0 0
    outer loop
      vertex -86.1 -14.519276365086853 112.50342403232958
      vertex -86.1 -13.157727616887108 111.37663982517783
      vertex -86.1 -13.10526873861086 111.58606740670217
    endloop
  endfacet
  facet normal 1 0 0
    outer loop
      vertex -86.1 -14.334094673460921 112.61441766683036
      vertex -86.1 -13.10526873861086 111.58606740670217
      vertex -86.1 -13.03253497152483 111.78934466794556
    endloop
  endfacet
  facet normal 1 0 0
    outer loop
      vertex -86.1 -14.160683960944027 112.74302781649793
      vertex -86.1 -13.03253497152483 111.78934466794556
      vertex -86.1 -12.94022678156638 111.98451393775954
    endloop
  endfacet
  facet normal 1 0 0
    outer loop
      vertex -86.1 -14.334094673460921 112.61441766683036
      vertex -86.1 -13.03253497152483 111.78934466794556
      vertex -86.1 -14.160683960944027 112.74302781649793
    endloop
  endfacet
  facet normal 1 0 0
    outer loop
      vertex -86.1 -14.160683960944027 112.74302781649793
      vertex -86.1 -12.94022678156638 111.98451393775954
      vertex -86.1 -14.000714267493642 112.88801589528555
    endloop
  endfacet
  facet normal 1 0 0
    outer loop
      vertex -86.1 -14.000714267493642 112.88801589528555
      vertex -86.1 -12.8292331470656 112.16969562938547
      vertex -86.1 -13.855726188706026 113.04798558873594
    endloop
  endfacet
  facet normal 1 0 0
    outer loop
      vertex -86.1 -13.855726188706026 113.04798558873594
      vertex -86.1 -12.700622997398021 112.34310634190237
      vertex -86.1 -13.727116039038448 113.22139630125284
    endloop
  endfacet
  facet normal 1 0 0
    outer loop
      vertex -86.1 -13.727116039038448 113.22139630125284
      vertex -86.1 -12.555634918610405 112.50307603535276
      vertex -86.1 -13.616122404537666 113.40657799287877
    endloop
  endfacet
  facet normal 1 0 0
    outer loop
      vertex -86.1 -14.000714267493642 112.88801589528555
      vertex -86.1 -12.94022678156638 111.98451393775954
      vertex -86.1 -12.8292331470656 112.16969562938547
    endloop
  endfacet
  facet normal 1 0 0
    outer loop
      vertex -86.1 -13.855726188706026 113.04798558873594
      vertex -86.1 -12.8292331470656 112.16969562938547
      vertex -86.1 -12.700622997398021 112.34310634190237
    endloop
  endfacet
  facet normal 1 0 0
    outer loop
      vertex -86.1 -13.727116039038448 113.22139630125284
      vertex -86.1 -12.700622997398021 112.34310634190237
      vertex -86.1 -12.555634918610405 112.50307603535276
    endloop
  endfacet
  facet normal 1 0 0
    outer loop
      vertex -86.1 -13.616122404537666 113.40657799287877
      vertex -86.1 -12.39566522516002 112.64806411414038
      vertex -86.1 -13.523814214579216 113.60174726269275
    endloop
  endfacet
  facet normal 1 0 0
    outer loop
      vertex -86.1 -13.523814214579216 113.60174726269275
      vertex -86.1 -12.222254512643126 112.77667426380795
      vertex -86.1 -13.451080447493187 113.80502452393614
    endloop
  endfacet
  facet normal 1 0 0
    outer loop
      vertex -86.1 -13.616122404537666 113.40657799287877
      vertex -86.1 -12.555634918610405 112.50307603535276
      vertex -86.1 -12.39566522516002 112.64806411414038
    endloop
  endfacet
  facet normal 1 0 0
    outer loop
      vertex -86.1 -13.523814214579216 113.60174726269275
      vertex -86.1 -12.39566522516002 112.64806411414038
      vertex -86.1 -12.222254512643126 112.77667426380795
    endloop
  endfacet
  facet normal 1 0 0
    outer loop
      vertex -86.1 -13.451080447493187 113.80502452393614
      vertex -86.1 -12.222254512643126 112.77667426380795
      vertex -86.1 -12.037072821017194 112.88766789830873
    endloop
  endfacet
  facet normal -1 0 0
    outer loop
      vertex -91.1 -14.91772289614423 116.54891955250682
      vertex -91.1 -16.863152484578816 119.21563770872503
      vertex -91.1 -14.71444563490085 116.47618578542078
    endloop
  endfacet
  facet normal -1 0 0
    outer loop
      vertex -91.1 -13.398621569216939 114.01445210546048
      vertex -91.1 -13.366942787425213 114.22801310517093
      vertex -91.1 -12.555634918610405 112.50307603535276
    endloop
  endfacet
  facet normal -1 0 0
    outer loop
      vertex -91.1 -13.356349186104048 114.44365081389596
      vertex -91.1 -13.366942787425213 114.65928852262098
      vertex -91.1 -12.555634918610405 112.50307603535276
    endloop
  endfacet
  facet normal -1 0 0
    outer loop
      vertex -91.1 -13.366942787425213 114.22801310517093
      vertex -91.1 -13.356349186104048 114.44365081389596
      vertex -91.1 -12.555634918610405 112.50307603535276
    endloop
  endfacet
  facet normal -1 0 0
    outer loop
      vertex -91.1 -13.366942787425213 114.65928852262098
      vertex -91.1 -13.398621569216939 114.87284952233144
      vertex -91.1 -12.555634918610405 112.50307603535276
    endloop
  endfacet
  facet normal 1 0 0
    outer loop
      vertex -86.1 -13.451080447493187 113.80502452393614
      vertex -86.1 -12.037072821017194 112.88766789830873
      vertex -86.1 -13.398621569216939 114.01445210546048
    endloop
  endfacet
  facet normal 1 0 0
    outer loop
      vertex -86.1 -10.784362291274967 108.75803471806353
      vertex -86.1 -7.523252139321055 107.52737730899737
      vertex -86.1 -10.570801291564518 108.78971349985525
    endloop
  endfacet
  facet normal 1 0 0
    outer loop
      vertex -86.1 -10.570801291564518 108.78971349985525
      vertex -86.1 -7.634245773821838 107.7125590006233
      vertex -86.1 -10.361373710040183 108.8421723781315
    endloop
  endfacet
  facet normal 1 0 0
    outer loop
      vertex -86.1 -10.361373710040183 108.8421723781315
      vertex -86.1 -7.726553963780287 107.90772827043729
      vertex -86.1 -10.158096448796803 108.91490614521753
    endloop
  endfacet
  facet normal -1 0 0
    outer loop
      vertex -91.1 -10.784362291274967 108.75803471806353
      vertex -91.1 -7.851746609142563 108.32043311320501
      vertex -91.1 -7.799287730866316 108.11100553168068
    endloop
  endfacet
  facet normal -1 0 0
    outer loop
      vertex -91.1 -10.784362291274967 108.75803471806353
      vertex -91.1 -7.88342539093429 108.53399411291547
      vertex -91.1 -7.851746609142563 108.32043311320501
    endloop
  endfacet
  facet normal -1 0 0
    outer loop
      vertex -91.1 -10.784362291274967 108.75803471806353
      vertex -91.1 -7.799287730866316 108.11100553168068
      vertex -91.1 -7.726553963780287 107.90772827043729
    endloop
  endfacet
  facet normal 1 0 0
    outer loop
      vertex -86.1 -10.784362291274967 108.75803471806353
      vertex -86.1 -7.394641989653477 107.35396659648048
      vertex -86.1 -7.523252139321055 107.52737730899737
    endloop
  endfacet
  facet normal 1 0 0
    outer loop
      vertex -86.1 -10.361373710040183 108.8421723781315
      vertex -86.1 -7.634245773821838 107.7125590006233
      vertex -86.1 -7.726553963780287 107.90772827043729
    endloop
  endfacet
  facet normal 1 0 0
    outer loop
      vertex -86.1 -10.570801291564518 108.78971349985525
      vertex -86.1 -7.523252139321055 107.52737730899737
      vertex -86.1 -7.634245773821838 107.7125590006233
    endloop
  endfacet
  facet normal 1 0 0
    outer loop
      vertex -86.1 -10.158096448796803 108.91490614521753
      vertex -86.1 -7.726553963780287 107.90772827043729
      vertex -86.1 -7.799287730866316 108.11100553168068
    endloop
  endfacet
  facet normal 1 0 0
    outer loop
      vertex -86.1 -9.962927178982806 109.00721433517597
      vertex -86.1 -7.799287730866316 108.11100553168068
      vertex -86.1 -7.851746609142563 108.32043311320501
    endloop
  endfacet
  facet normal -1 0 0
    outer loop
      vertex -91.1 -10.784362291274967 108.75803471806353
      vertex -91.1 -10.570801291564518 108.78971349985525
      vertex -91.1 -7.8940189922554564 108.74963182164049
    endloop
  endfacet
  facet normal -1 0 0
    outer loop
      vertex -91.1 -10.570801291564518 108.78971349985525
      vertex -91.1 -10.361373710040183 108.8421723781315
      vertex -91.1 -7.8940189922554564 108.74963182164049
    endloop
  endfacet
  facet normal -1 0 0
    outer loop
      vertex -91.1 -10.361373710040183 108.8421723781315
      vertex -91.1 -10.158096448796803 108.91490614521753
      vertex -91.1 -7.8940189922554564 108.74963182164049
    endloop
  endfacet
  facet normal 1 0 0
    outer loop
      vertex -86.1 -13.398621569216939 114.01445210546048
      vertex -86.1 -12.037072821017194 112.88766789830873
      vertex -86.1 -11.841903551203197 112.97997608826718
    endloop
  endfacet
  facet normal 1 0 0
    outer loop
      vertex -86.1 -13.398621569216939 114.01445210546048
      vertex -86.1 -11.841903551203197 112.97997608826718
      vertex -86.1 -11.638626289959817 113.05270985535321
    endloop
  endfacet
  facet normal 1 0 0
    outer loop
      vertex -86.1 -13.398621569216939 114.01445210546048
      vertex -86.1 -11.638626289959817 113.05270985535321
      vertex -86.1 -11.429198708435482 113.10516873362945
    endloop
  endfacet
  facet normal 1 0 0
    outer loop
      vertex -86.1 -13.398621569216939 114.01445210546048
      vertex -86.1 -11.429198708435482 113.10516873362945
      vertex -86.1 -11.215637708725033 113.13684751542118
    endloop
  endfacet
  facet normal 1 0 0
    outer loop
      vertex -86.1 -13.398621569216939 114.01445210546048
      vertex -86.1 -11.215637708725033 113.13684751542118
      vertex -86.1 -11 113.14744111674236
    endloop
  endfacet
  facet normal 1 0 0
    outer loop
      vertex -86.1 -13.398621569216939 114.01445210546048
      vertex -86.1 -11 113.14744111674236
      vertex -86.1 -10.784362291274967 113.13684751542118
    endloop
  endfacet
  facet normal 1 0 0
    outer loop
      vertex -86.1 -13.398621569216939 114.01445210546048
      vertex -86.1 -10.784362291274967 113.13684751542118
      vertex -86.1 -10.570801291564518 113.10516873362945
    endloop
  endfacet
  facet normal 1 0 0
    outer loop
      vertex -86.1 -13.398621569216939 114.01445210546048
      vertex -86.1 -10.570801291564518 113.10516873362945
      vertex -86.1 -10.361373710040183 113.05270985535321
    endloop
  endfacet
  facet normal 1 0 0
    outer loop
      vertex -86.1 -17.35193588585963 117.60433477483998
      vertex -86.1 0.6386262899598172 110.10526873861086
      vertex -86.1 -17.22332573619205 117.77774548735688
    endloop
  endfacet
  facet normal 1 0 0
    outer loop
      vertex -86.1 -17.22332573619205 117.77774548735688
      vertex -86.1 0.6386262899598172 110.10526873861086
      vertex -86.1 -17.11233210169127 117.96292717898281
    endloop
  endfacet
  facet normal 1 0 0
    outer loop
      vertex -86.1 -17.11233210169127 117.96292717898281
      vertex -86.1 0.6386262899598172 110.10526873861086
      vertex -86.1 -17.020023911732817 118.1580964487968
    endloop
  endfacet
  facet normal 1 0 0
    outer loop
      vertex -86.1 -17.020023911732817 118.1580964487968
      vertex -86.1 0.6386262899598172 110.10526873861086
      vertex -86.1 -16.94729014464679 118.36137371004018
    endloop
  endfacet
  facet normal 1 0 0
    outer loop
      vertex -86.1 -16.94729014464679 118.36137371004018
      vertex -86.1 0.6386262899598172 110.10526873861086
      vertex -86.1 -16.89483126637054 118.57080129156452
    endloop
  endfacet
  facet normal 1 0 0
    outer loop
      vertex -86.1 -16.89483126637054 118.57080129156452
      vertex -86.1 0.6386262899598172 110.10526873861086
      vertex -86.1 -16.863152484578816 118.78436229127497
    endloop
  endfacet
  facet normal 1 0 0
    outer loop
      vertex -86.1 -16.863152484578816 118.78436229127497
      vertex -86.1 0.6386262899598172 110.10526873861086
      vertex -86.1 -16.85255888325765 119
    endloop
  endfacet
  facet normal 1 0 0
    outer loop
      vertex -86.1 -17.35193588585963 117.60433477483998
      vertex -86.1 -14.71444563490085 116.47618578542078
      vertex -86.1 0.6386262899598172 110.10526873861086
    endloop
  endfacet
  facet normal 1 0 0
    outer loop
      vertex -86.1 -14.71444563490085 116.47618578542078
      vertex -86.1 -14.519276365086853 116.38387759546234
      vertex -86.1 0.6386262899598172 110.10526873861086
    endloop
  endfacet
  facet normal 1 0 0
    outer loop
      vertex -86.1 -14.519276365086853 116.38387759546234
      vertex -86.1 -14.334094673460921 116.27288396096155
      vertex -86.1 0.6386262899598172 110.10526873861086
    endloop
  endfacet
  facet normal -1 0 0
    outer loop
      vertex -91.1 -10.158096448796803 108.91490614521753
      vertex -91.1 -9.962927178982806 109.00721433517597
      vertex -91.1 -7.8940189922554564 108.74963182164049
    endloop
  endfacet
  facet normal -1 0 0
    outer loop
      vertex -91.1 -9.962927178982806 109.00721433517597
      vertex -91.1 -9.777745487356874 109.11820796967676
      vertex -91.1 -7.8940189922554564 108.74963182164049
    endloop
  endfacet
  facet normal -1 0 0
    outer loop
      vertex -91.1 -9.777745487356874 109.11820796967676
      vertex -91.1 -9.60433477483998 109.24681811934433
      vertex -91.1 -7.8940189922554564 108.74963182164049
    endloop
  endfacet
  facet normal -1 0 0
    outer loop
      vertex -91.1 -10.784362291274967 108.75803471806353
      vertex -91.1 -7.8940189922554564 108.74963182164049
      vertex -91.1 -7.88342539093429 108.53399411291547
    endloop
  endfacet
  facet normal -1 0 0
    outer loop
      vertex -91.1 -9.60433477483998 109.24681811934433
      vertex -91.1 -9.444365081389595 109.39180619813195
      vertex -91.1 -7.8940189922554564 108.74963182164049
    endloop
  endfacet
  facet normal -1 0 0
    outer loop
      vertex -91.1 -9.444365081389595 109.39180619813195
      vertex -91.1 -9.299377002601979 109.55177589158234
      vertex -91.1 -7.8940189922554564 108.74963182164049
    endloop
  endfacet
  facet normal -1 0 0
    outer loop
      vertex -91.1 -9.299377002601979 109.55177589158234
      vertex -91.1 -9.1707668529344 109.72518660409924
      vertex -91.1 -7.88342539093429 108.96526953036552
    endloop
  endfacet
  facet normal -1 0 0
    outer loop
      vertex -91.1 -9.1707668529344 109.72518660409924
      vertex -91.1 -9.05977321843362 109.91036829572516
      vertex -91.1 -7.851746609142563 109.17883053007597
    endloop
  endfacet
  facet normal -1 0 0
    outer loop
      vertex -91.1 -9.05977321843362 109.91036829572516
      vertex -91.1 -8.96746502847517 110.10553756553915
      vertex -91.1 -7.799287730866316 109.38825811160031
    endloop
  endfacet
  facet normal -1 0 0
    outer loop
      vertex -91.1 -9.299377002601979 109.55177589158234
      vertex -91.1 -7.88342539093429 108.96526953036552
      vertex -91.1 -7.8940189922554564 108.74963182164049
    endloop
  endfacet
  facet normal -1 0 0
    outer loop
      vertex -91.1 -9.1707668529344 109.72518660409924
      vertex -91.1 -7.851746609142563 109.17883053007597
      vertex -91.1 -7.88342539093429 108.96526953036552
    endloop
  endfacet
  facet normal -1 0 0
    outer loop
      vertex -91.1 -9.05977321843362 109.91036829572516
      vertex -91.1 -7.799287730866316 109.38825811160031
      vertex -91.1 -7.851746609142563 109.17883053007597
    endloop
  endfacet
  facet normal -1 0 0
    outer loop
      vertex -91.1 -8.96746502847517 110.10553756553915
      vertex -91.1 -7.726553963780287 109.5915353728437
      vertex -91.1 -7.799287730866316 109.38825811160031
    endloop
  endfacet
  facet normal -1 0 0
    outer loop
      vertex -91.1 -8.96746502847517 110.10553756553915
      vertex -91.1 -8.89473126138914 110.30881482678254
      vertex -91.1 -7.726553963780287 109.5915353728437
    endloop
  endfacet
  facet normal -1 0 0
    outer loop
      vertex -91.1 -8.89473126138914 110.30881482678254
      vertex -91.1 -8.842272383112892 110.51824240830688
      vertex -91.1 -7.634245773821838 109.78670464265768
    endloop
  endfacet
  facet normal -1 0 0
    outer loop
      vertex -91.1 -8.842272383112892 110.51824240830688
      vertex -91.1 -8.810593601321166 110.73180340801733
      vertex -91.1 -7.523252139321055 109.97188633428361
    endloop
  endfacet
  facet normal -1 0 0
    outer loop
      vertex -91.1 -8.810593601321166 110.73180340801733
      vertex -91.1 -8.8 110.94744111674235
      vertex -91.1 -7.394641989653477 110.14529704680051
    endloop
  endfacet
  facet normal -1 0 0
    outer loop
      vertex -91.1 -8.89473126138914 110.30881482678254
      vertex -91.1 -7.634245773821838 109.78670464265768
      vertex -91.1 -7.726553963780287 109.5915353728437
    endloop
  endfacet
  facet normal -1 0 0
    outer loop
      vertex -91.1 -8.842272383112892 110.51824240830688
      vertex -91.1 -7.523252139321055 109.97188633428361
      vertex -91.1 -7.634245773821838 109.78670464265768
    endloop
  endfacet
  facet normal -1 0 0
    outer loop
      vertex -91.1 -8.810593601321166 110.73180340801733
      vertex -91.1 -7.394641989653477 110.14529704680051
      vertex -91.1 -7.523252139321055 109.97188633428361
    endloop
  endfacet
  facet normal -1 0 0
    outer loop
      vertex -91.1 -8.8 110.94744111674235
      vertex -91.1 -7.249653910865861 110.3052667402509
      vertex -91.1 -7.394641989653477 110.14529704680051
    endloop
  endfacet
  facet normal 1 0 0
    outer loop
      vertex -86.1 -10.158096448796803 108.91490614521753
      vertex -86.1 -7.799287730866316 108.11100553168068
      vertex -86.1 -9.962927178982806 109.00721433517597
    endloop
  endfacet
  facet normal 1 0 0
    outer loop
      vertex -86.1 -9.962927178982806 109.00721433517597
      vertex -86.1 -7.851746609142563 108.32043311320501
      vertex -86.1 -9.777745487356874 109.11820796967676
    endloop
  endfacet
  facet normal 1 0 0
    outer loop
      vertex -86.1 -9.777745487356874 109.11820796967676
      vertex -86.1 -7.88342539093429 108.53399411291547
      vertex -86.1 -9.60433477483998 109.24681811934433
    endloop
  endfacet
  facet normal 1 0 0
    outer loop
      vertex -86.1 -9.60433477483998 109.24681811934433
      vertex -86.1 -7.8940189922554564 108.74963182164049
      vertex -86.1 -9.444365081389595 109.39180619813195
    endloop
  endfacet
  facet normal 1 0 0
    outer loop
      vertex -86.1 -9.444365081389595 109.39180619813195
      vertex -86.1 -7.88342539093429 108.96526953036552
      vertex -86.1 -9.299377002601979 109.55177589158234
    endloop
  endfacet
  facet normal 1 0 0
    outer loop
      vertex -86.1 -9.299377002601979 109.55177589158234
      vertex -86.1 -7.851746609142563 109.17883053007597
      vertex -86.1 -9.1707668529344 109.72518660409924
    endloop
  endfacet
  facet normal 1 0 0
    outer loop
      vertex -86.1 -9.1707668529344 109.72518660409924
      vertex -86.1 -7.799287730866316 109.38825811160031
      vertex -86.1 -9.05977321843362 109.91036829572516
    endloop
  endfacet
  facet normal 1 0 0
    outer loop
      vertex -86.1 -9.777745487356874 109.11820796967676
      vertex -86.1 -7.851746609142563 108.32043311320501
      vertex -86.1 -7.88342539093429 108.53399411291547
    endloop
  endfacet
  facet normal 1 0 0
    outer loop
      vertex -86.1 -9.60433477483998 109.24681811934433
      vertex -86.1 -7.88342539093429 108.53399411291547
      vertex -86.1 -7.8940189922554564 108.74963182164049
    endloop
  endfacet
  facet normal 1 0 0
    outer loop
      vertex -86.1 -9.444365081389595 109.39180619813195
      vertex -86.1 -7.8940189922554564 108.74963182164049
      vertex -86.1 -7.88342539093429 108.96526953036552
    endloop
  endfacet
  facet normal 1 0 0
    outer loop
      vertex -86.1 -9.299377002601979 109.55177589158234
      vertex -86.1 -7.88342539093429 108.96526953036552
      vertex -86.1 -7.851746609142563 109.17883053007597
    endloop
  endfacet
  facet normal 1 0 0
    outer loop
      vertex -86.1 -9.1707668529344 109.72518660409924
      vertex -86.1 -7.851746609142563 109.17883053007597
      vertex -86.1 -7.799287730866316 109.38825811160031
    endloop
  endfacet
  facet normal 1 0 0
    outer loop
      vertex -86.1 -9.05977321843362 109.91036829572516
      vertex -86.1 -7.799287730866316 109.38825811160031
      vertex -86.1 -7.726553963780287 109.5915353728437
    endloop
  endfacet
  facet normal 1 0 0
    outer loop
      vertex -86.1 -8.96746502847517 110.10553756553915
      vertex -86.1 -7.726553963780287 109.5915353728437
      vertex -86.1 -7.634245773821838 109.78670464265768
    endloop
  endfacet
  facet normal 1 0 0
    outer loop
      vertex -86.1 -9.05977321843362 109.91036829572516
      vertex -86.1 -7.726553963780287 109.5915353728437
      vertex -86.1 -8.96746502847517 110.10553756553915
    endloop
  endfacet
  facet normal 1 0 0
    outer loop
      vertex -86.1 -8.96746502847517 110.10553756553915
      vertex -86.1 -7.634245773821838 109.78670464265768
      vertex -86.1 -8.89473126138914 110.30881482678254
    endloop
  endfacet
  facet normal 1 0 0
    outer loop
      vertex -86.1 -8.89473126138914 110.30881482678254
      vertex -86.1 -7.523252139321055 109.97188633428361
      vertex -86.1 -8.842272383112892 110.51824240830688
    endloop
  endfacet
  facet normal 1 0 0
    outer loop
      vertex -86.1 -8.842272383112892 110.51824240830688
      vertex -86.1 -7.394641989653477 110.14529704680051
      vertex -86.1 -8.810593601321166 110.73180340801733
    endloop
  endfacet
  facet normal 1 0 0
    outer loop
      vertex -86.1 -8.810593601321166 110.73180340801733
      vertex -86.1 -7.249653910865861 110.3052667402509
      vertex -86.1 -8.8 110.94744111674235
    endloop
  endfacet
  facet normal 1 0 0
    outer loop
      vertex -86.1 -8.89473126138914 110.30881482678254
      vertex -86.1 -7.634245773821838 109.78670464265768
      vertex -86.1 -7.523252139321055 109.97188633428361
    endloop
  endfacet
  facet normal 1 0 0
    outer loop
      vertex -86.1 -8.842272383112892 110.51824240830688
      vertex -86.1 -7.523252139321055 109.97188633428361
      vertex -86.1 -7.394641989653477 110.14529704680051
    endloop
  endfacet
  facet normal 1 0 0
    outer loop
      vertex -86.1 -8.810593601321166 110.73180340801733
      vertex -86.1 -7.394641989653477 110.14529704680051
      vertex -86.1 -7.249653910865861 110.3052667402509
    endloop
  endfacet
  facet normal 1 0 0
    outer loop
      vertex -86.1 -13.398621569216939 114.01445210546048
      vertex -86.1 -0.21563770872503335 110.18940639867883
      vertex -86.1 -13.366942787425213 114.22801310517093
    endloop
  endfacet
  facet normal 1 0 0
    outer loop
      vertex -86.1 -13.366942787425213 114.22801310517093
      vertex -86.1 -0.21563770872503335 110.18940639867883
      vertex -86.1 -13.356349186104048 114.44365081389596
    endloop
  endfacet
  facet normal 1 0 0
    outer loop
      vertex -86.1 -13.356349186104048 114.44365081389596
      vertex -86.1 0.6386262899598172 110.10526873861086
      vertex -86.1 -13.366942787425213 114.65928852262098
    endloop
  endfacet
  facet normal 1 0 0
    outer loop
      vertex -86.1 -13.366942787425213 114.65928852262098
      vertex -86.1 0.6386262899598172 110.10526873861086
      vertex -86.1 -13.398621569216939 114.87284952233144
    endloop
  endfacet
  facet normal 1 0 0
    outer loop
      vertex -86.1 -13.398621569216939 114.87284952233144
      vertex -86.1 0.6386262899598172 110.10526873861086
      vertex -86.1 -13.451080447493187 115.08227710385577
    endloop
  endfacet
  facet normal 1 0 0
    outer loop
      vertex -86.1 -13.451080447493187 115.08227710385577
      vertex -86.1 0.6386262899598172 110.10526873861086
      vertex -86.1 -13.523814214579216 115.28555436509916
    endloop
  endfacet
  facet normal 1 0 0
    outer loop
      vertex -86.1 -9.777745487356874 112.77667426380795
      vertex -86.1 -9.60433477483998 112.64806411414038
      vertex -86.1 -5.264820283819974 110.90735943852759
    endloop
  endfacet
  facet normal 1 0 0
    outer loop
      vertex -86.1 -9.1707668529344 112.16969562938547
      vertex -86.1 -9.05977321843362 111.98451393775954
      vertex -86.1 -5.694018992255456 110.9496318216405
    endloop
  endfacet
  facet normal 1 0 0
    outer loop
      vertex -86.1 -8.89473126138914 111.58606740670217
      vertex -86.1 -5.694018992255456 110.9496318216405
      vertex -86.1 -8.96746502847517 111.78934466794556
    endloop
  endfacet
  facet normal 1 0 0
    outer loop
      vertex -86.1 -9.05977321843362 111.98451393775954
      vertex -86.1 -8.96746502847517 111.78934466794556
      vertex -86.1 -5.694018992255456 110.9496318216405
    endloop
  endfacet
  facet normal 1 0 0
    outer loop
      vertex -86.1 -9.444365081389595 112.50307603535276
      vertex -86.1 -9.299377002601979 112.34310634190237
      vertex -86.1 -5.694018992255456 110.9496318216405
    endloop
  endfacet
  facet normal 1 0 0
    outer loop
      vertex -86.1 -9.299377002601979 112.34310634190237
      vertex -86.1 -9.1707668529344 112.16969562938547
      vertex -86.1 -5.694018992255456 110.9496318216405
    endloop
  endfacet
  facet normal 1 0 0
    outer loop
      vertex -86.1 -9.60433477483998 112.64806411414038
      vertex -86.1 -9.444365081389595 112.50307603535276
      vertex -86.1 -5.478381283530423 110.93903822031932
    endloop
  endfacet
  facet normal 1 0 0
    outer loop
      vertex -86.1 -13.398621569216939 114.01445210546048
      vertex -86.1 -10.361373710040183 113.05270985535321
      vertex -86.1 -0.21563770872503335 110.18940639867883
    endloop
  endfacet
  facet normal 1 0 0
    outer loop
      vertex -86.1 -8.8 110.94744111674235
      vertex -86.1 -7.249653910865861 110.3052667402509
      vertex -86.1 -7.089684217415476 110.45025481903852
    endloop
  endfacet
  facet normal 1 0 0
    outer loop
      vertex -86.1 -8.8 110.94744111674235
      vertex -86.1 -5.694018992255456 110.9496318216405
      vertex -86.1 -8.810593601321166 111.16307882546738
    endloop
  endfacet
  facet normal 1 0 0
    outer loop
      vertex -86.1 -8.8 110.94744111674235
      vertex -86.1 -7.089684217415476 110.45025481903852
      vertex -86.1 -6.916273504898581 110.57886496870609
    endloop
  endfacet
  facet normal 1 0 0
    outer loop
      vertex -86.1 -8.8 110.94744111674235
      vertex -86.1 -6.916273504898581 110.57886496870609
      vertex -86.1 -6.731091813272651 110.68985860320687
    endloop
  endfacet
  facet normal 1 0 0
    outer loop
      vertex -86.1 -8.8 110.94744111674235
      vertex -86.1 -6.731091813272651 110.68985860320687
      vertex -86.1 -6.535922543458653 110.78216679316532
    endloop
  endfacet
  facet normal 1 0 0
    outer loop
      vertex -86.1 -8.8 110.94744111674235
      vertex -86.1 -6.535922543458653 110.78216679316532
      vertex -86.1 -6.332645282215274 110.85490056025135
    endloop
  endfacet
  facet normal 1 0 0
    outer loop
      vertex -86.1 -8.8 110.94744111674235
      vertex -86.1 -6.332645282215274 110.85490056025135
      vertex -86.1 -6.1232177006909385 110.90735943852759
    endloop
  endfacet
  facet normal 1 0 0
    outer loop
      vertex -86.1 -8.8 110.94744111674235
      vertex -86.1 -6.1232177006909385 110.90735943852759
      vertex -86.1 -5.90965670098049 110.93903822031932
    endloop
  endfacet
  facet normal 1 0 0
    outer loop
      vertex -86.1 -8.8 110.94744111674235
      vertex -86.1 -5.90965670098049 110.93903822031932
      vertex -86.1 -5.694018992255456 110.9496318216405
    endloop
  endfacet
  facet normal 1 0 0
    outer loop
      vertex -86.1 -8.842272383112892 111.37663982517783
      vertex -86.1 -8.810593601321166 111.16307882546738
      vertex -86.1 -5.694018992255456 110.9496318216405
    endloop
  endfacet
  facet normal 1 0 0
    outer loop
      vertex -86.1 -8.89473126138914 111.58606740670217
      vertex -86.1 -8.842272383112892 111.37663982517783
      vertex -86.1 -5.694018992255456 110.9496318216405
    endloop
  endfacet
  facet normal 1 0 0
    outer loop
      vertex -86.1 -9.444365081389595 112.50307603535276
      vertex -86.1 -5.694018992255456 110.9496318216405
      vertex -86.1 -5.478381283530423 110.93903822031932
    endloop
  endfacet
  facet normal 1 0 0
    outer loop
      vertex -86.1 -9.60433477483998 112.64806411414038
      vertex -86.1 -5.478381283530423 110.93903822031932
      vertex -86.1 -5.264820283819974 110.90735943852759
    endloop
  endfacet
  facet normal 1 0 0
    outer loop
      vertex -86.1 -9.777745487356874 112.77667426380795
      vertex -86.1 -5.264820283819974 110.90735943852759
      vertex -86.1 -5.055392702295639 110.85490056025135
    endloop
  endfacet
  facet normal 1 0 0
    outer loop
      vertex -86.1 -10.361373710040183 113.05270985535321
      vertex -86.1 -10.158096448796803 112.97997608826718
      vertex -86.1 -0.21563770872503335 110.18940639867883
    endloop
  endfacet
  facet normal 1 0 0
    outer loop
      vertex -86.1 -10.158096448796803 112.97997608826718
      vertex -86.1 -9.962927178982806 112.88766789830873
      vertex -86.1 -0.21563770872503335 110.18940639867883
    endloop
  endfacet
  facet normal 1 0 0
    outer loop
      vertex -86.1 -9.962927178982806 112.88766789830873
      vertex -86.1 -9.777745487356874 112.77667426380795
      vertex -86.1 -0.21563770872503335 110.18940639867883
    endloop
  endfacet
  facet normal -1 0 0
    outer loop
      vertex -91.1 -10.158096448796803 112.97997608826718
      vertex -91.1 -1.2222545126431248 128.1707668529344
      vertex -91.1 -9.962927178982806 112.88766789830873
    endloop
  endfacet
  facet normal -1 0 0
    outer loop
      vertex -91.1 -9.777745487356874 112.77667426380795
      vertex -91.1 -0.8419035512031976 127.96746502847517
      vertex -91.1 -9.60433477483998 112.64806411414038
    endloop
  endfacet
  facet normal -1 0 0
    outer loop
      vertex -91.1 -9.962927178982806 112.88766789830873
      vertex -91.1 -1.037072821017195 128.0597732184336
      vertex -91.1 -9.777745487356874 112.77667426380795
    endloop
  endfacet
  facet normal -1 0 0
    outer loop
      vertex -91.1 -9.60433477483998 112.64806411414038
      vertex -91.1 -0.6386262899598172 127.89473126138914
      vertex -91.1 -9.444365081389595 112.50307603535276
    endloop
  endfacet
  facet normal -1 0 0
    outer loop
      vertex -91.1 -9.444365081389595 112.50307603535276
      vertex -91.1 -0.4291987084354822 127.8422723831129
      vertex -91.1 -9.299377002601979 112.34310634190237
    endloop
  endfacet
  facet normal 1 0 0
    outer loop
      vertex -86.1 -14.334094673460921 116.27288396096155
      vertex -86.1 -14.160683960944027 116.14427381129398
      vertex -86.1 0.6386262899598172 110.10526873861086
    endloop
  endfacet
  facet normal 1 0 0
    outer loop
      vertex -86.1 -14.000714267493642 115.99928573250637
      vertex -86.1 0.6386262899598172 110.10526873861086
      vertex -86.1 -14.160683960944027 116.14427381129398
    endloop
  endfacet
  facet normal 1 0 0
    outer loop
      vertex -86.1 -14.000714267493642 115.99928573250637
      vertex -86.1 -13.855726188706026 115.83931603905597
      vertex -86.1 0.6386262899598172 110.10526873861086
    endloop
  endfacet
  facet normal 1 0 0
    outer loop
      vertex -86.1 -13.855726188706026 115.83931603905597
      vertex -86.1 -13.727116039038448 115.66590532653908
      vertex -86.1 0.6386262899598172 110.10526873861086
    endloop
  endfacet
  facet normal 1 0 0
    outer loop
      vertex -86.1 -13.727116039038448 115.66590532653908
      vertex -86.1 -13.616122404537666 115.48072363491315
      vertex -86.1 0.6386262899598172 110.10526873861086
    endloop
  endfacet
  facet normal 1 0 0
    outer loop
      vertex -86.1 -13.523814214579216 115.28555436509916
      vertex -86.1 0.6386262899598172 110.10526873861086
      vertex -86.1 -13.616122404537666 115.48072363491315
    endloop
  endfacet
  facet normal -1 0 0
    outer loop
      vertex -91.1 -4.852115441052259 106.71709685011567
      vertex -91.1 -4.656946171238261 106.80940504007411
      vertex -91.1 -1.3956652251600201 106.29937700260197
    endloop
  endfacet
  facet normal -1 0 0
    outer loop
      vertex -91.1 -4.656946171238261 106.80940504007411
      vertex -91.1 -4.4717644796123315 106.9203986745749
      vertex -91.1 -1.5556349186104048 106.44436508138959
    endloop
  endfacet
  facet normal -1 0 0
    outer loop
      vertex -91.1 -4.4717644796123315 106.9203986745749
      vertex -91.1 -4.298353767095437 107.04900882424246
      vertex -91.1 -1.7006229973980216 106.60433477483998
    endloop
  endfacet
  facet normal -1 0 0
    outer loop
      vertex -91.1 -4.298353767095437 107.04900882424246
      vertex -91.1 -4.138384073645051 107.19399690303008
      vertex -91.1 -1.8292331470655996 106.77774548735688
    endloop
  endfacet
  facet normal -1 0 0
    outer loop
      vertex -91.1 -4.138384073645051 107.19399690303008
      vertex -91.1 -3.9933959948574347 107.35396659648048
      vertex -91.1 -1.9402267815663812 106.96292717898281
    endloop
  endfacet
  facet normal -1 0 0
    outer loop
      vertex -91.1 -3.9933959948574347 107.35396659648048
      vertex -91.1 -3.8647858451898567 107.52737730899737
      vertex -91.1 -2.032534971524831 107.1580964487968
    endloop
  endfacet
  facet normal -1 0 0
    outer loop
      vertex -91.1 -3.8647858451898567 107.52737730899737
      vertex -91.1 -3.753792210689075 107.7125590006233
      vertex -91.1 -2.1052687386108597 107.36137371004018
    endloop
  endfacet
  facet normal -1 0 0
    outer loop
      vertex -91.1 -3.753792210689075 107.7125590006233
      vertex -91.1 -3.6614840207306254 107.90772827043729
      vertex -91.1 -2.157727616887107 107.57080129156452
    endloop
  endfacet
  facet normal -1 0 0
    outer loop
      vertex -91.1 -3.6614840207306254 107.90772827043729
      vertex -91.1 -3.5887502536445965 108.11100553168068
      vertex -91.1 -2.1894063986788335 107.78436229127497
    endloop
  endfacet
  facet normal 1 0 0
    outer loop
      vertex -86.1 -5.055392702295639 106.64436308302963
      vertex -86.1 -1.2222545126431248 106.1707668529344
      vertex -86.1 -4.852115441052259 106.71709685011567
    endloop
  endfacet
  facet normal 1 0 0
    outer loop
      vertex -86.1 -4.852115441052259 106.71709685011567
      vertex -86.1 -1.5556349186104048 106.44436508138959
      vertex -86.1 -4.656946171238261 106.80940504007411
    endloop
  endfacet
  facet normal 1 0 0
    outer loop
      vertex -86.1 -4.656946171238261 106.80940504007411
      vertex -86.1 -1.5556349186104048 106.44436508138959
      vertex -86.1 -4.4717644796123315 106.9203986745749
    endloop
  endfacet
  facet normal 1 0 0
    outer loop
      vertex -86.1 -4.4717644796123315 106.9203986745749
      vertex -86.1 -1.7006229973980216 106.60433477483998
      vertex -86.1 -4.298353767095437 107.04900882424246
    endloop
  endfacet
  facet normal 1 0 0
    outer loop
      vertex -86.1 -4.298353767095437 107.04900882424246
      vertex -86.1 -1.8292331470655996 106.77774548735688
      vertex -86.1 -4.138384073645051 107.19399690303008
    endloop
  endfacet
  facet normal 1 0 0
    outer loop
      vertex -86.1 -4.138384073645051 107.19399690303008
      vertex -86.1 -1.9402267815663812 106.96292717898281
      vertex -86.1 -3.9933959948574347 107.35396659648048
    endloop
  endfacet
  facet normal 1 0 0
    outer loop
      vertex -86.1 -3.9933959948574347 107.35396659648048
      vertex -86.1 -2.032534971524831 107.1580964487968
      vertex -86.1 -3.8647858451898567 107.52737730899737
    endloop
  endfacet
  facet normal 1 0 0
    outer loop
      vertex -86.1 -3.8647858451898567 107.52737730899737
      vertex -86.1 -2.1052687386108597 107.36137371004018
      vertex -86.1 -3.753792210689075 107.7125590006233
    endloop
  endfacet
  facet normal 1 0 0
    outer loop
      vertex -86.1 -3.753792210689075 107.7125590006233
      vertex -86.1 -2.157727616887107 107.57080129156452
      vertex -86.1 -3.6614840207306254 107.90772827043729
    endloop
  endfacet
  facet normal 1 0 0
    outer loop
      vertex -86.1 -3.6614840207306254 107.90772827043729
      vertex -86.1 -2.1894063986788335 107.78436229127497
      vertex -86.1 -3.5887502536445965 108.11100553168068
    endloop
  endfacet
  facet normal -1 0 0
    outer loop
      vertex -91.1 -4.4717644796123315 106.9203986745749
      vertex -91.1 -1.7006229973980216 106.60433477483998
      vertex -91.1 -1.5556349186104048 106.44436508138959
    endloop
  endfacet
  facet normal -1 0 0
    outer loop
      vertex -91.1 -4.656946171238261 106.80940504007411
      vertex -91.1 -1.5556349186104048 106.44436508138959
      vertex -91.1 -1.3956652251600201 106.29937700260197
    endloop
  endfacet
  facet normal -1 0 0
    outer loop
      vertex -91.1 -4.298353767095437 107.04900882424246
      vertex -91.1 -1.8292331470655996 106.77774548735688
      vertex -91.1 -1.7006229973980216 106.60433477483998
    endloop
  endfacet
  facet normal -1 0 0
    outer loop
      vertex -91.1 -4.138384073645051 107.19399690303008
      vertex -91.1 -1.9402267815663812 106.96292717898281
      vertex -91.1 -1.8292331470655996 106.77774548735688
    endloop
  endfacet
  facet normal -1 0 0
    outer loop
      vertex -91.1 -3.9933959948574347 107.35396659648048
      vertex -91.1 -2.032534971524831 107.1580964487968
      vertex -91.1 -1.9402267815663812 106.96292717898281
    endloop
  endfacet
  facet normal -1 0 0
    outer loop
      vertex -91.1 -3.8647858451898567 107.52737730899737
      vertex -91.1 -2.1052687386108597 107.36137371004018
      vertex -91.1 -2.032534971524831 107.1580964487968
    endloop
  endfacet
  facet normal -1 0 0
    outer loop
      vertex -91.1 -3.5887502536445965 108.11100553168068
      vertex -91.1 -3.536291375368349 108.32043311320501
      vertex -91.1 -2.2 108
    endloop
  endfacet
  facet normal -1 0 0
    outer loop
      vertex -91.1 -3.536291375368349 108.32043311320501
      vertex -91.1 -3.504612593576623 108.53399411291547
      vertex -91.1 -2.1894063986788335 108.21563770872503
    endloop
  endfacet
  facet normal -1 0 0
    outer loop
      vertex -91.1 -3.504612593576623 108.53399411291547
      vertex -91.1 -3.494018992255456 108.74963182164049
      vertex -91.1 -2.157727616887107 108.42919870843548
    endloop
  endfacet
  facet normal -1 0 0
    outer loop
      vertex -91.1 -3.753792210689075 107.7125590006233
      vertex -91.1 -2.157727616887107 107.57080129156452
      vertex -91.1 -2.1052687386108597 107.36137371004018
    endloop
  endfacet
  facet normal -1 0 0
    outer loop
      vertex -91.1 -3.6614840207306254 107.90772827043729
      vertex -91.1 -2.1894063986788335 107.78436229127497
      vertex -91.1 -2.157727616887107 107.57080129156452
    endloop
  endfacet
  facet normal -1 0 0
    outer loop
      vertex -91.1 -3.5887502536445965 108.11100553168068
      vertex -91.1 -2.2 108
      vertex -91.1 -2.1894063986788335 107.78436229127497
    endloop
  endfacet
  facet normal -1 0 0
    outer loop
      vertex -91.1 -3.536291375368349 108.32043311320501
      vertex -91.1 -2.1894063986788335 108.21563770872503
      vertex -91.1 -2.2 108
    endloop
  endfacet
  facet normal -1 0 0
    outer loop
      vertex -91.1 -3.504612593576623 108.53399411291547
      vertex -91.1 -2.157727616887107 108.42919870843548
      vertex -91.1 -2.1894063986788335 108.21563770872503
    endloop
  endfacet
  facet normal -1 0 0
    outer loop
      vertex -91.1 -2.157727616887107 108.42919870843548
      vertex -91.1 -3.494018992255456 108.74963182164049
      vertex -91.1 -2.1052687386108597 108.63862628995982
    endloop
  endfacet
  facet normal 1 0 0
    outer loop
      vertex -86.1 -4.852115441052259 106.71709685011567
      vertex -86.1 -1.3956652251600201 106.29937700260197
      vertex -86.1 -1.5556349186104048 106.44436508138959
    endloop
  endfacet
  facet normal 1 0 0
    outer loop
      vertex -86.1 -4.4717644796123315 106.9203986745749
      vertex -86.1 -1.5556349186104048 106.44436508138959
      vertex -86.1 -1.7006229973980216 106.60433477483998
    endloop
  endfacet
  facet normal 1 0 0
    outer loop
      vertex -86.1 -4.852115441052259 106.71709685011567
      vertex -86.1 -1.2222545126431248 106.1707668529344
      vertex -86.1 -1.3956652251600201 106.29937700260197
    endloop
  endfacet
  facet normal 1 0 0
    outer loop
      vertex -86.1 -4.298353767095437 107.04900882424246
      vertex -86.1 -1.7006229973980216 106.60433477483998
      vertex -86.1 -1.8292331470655996 106.77774548735688
    endloop
  endfacet
  facet normal 1 0 0
    outer loop
      vertex -86.1 -4.138384073645051 107.19399690303008
      vertex -86.1 -1.8292331470655996 106.77774548735688
      vertex -86.1 -1.9402267815663812 106.96292717898281
    endloop
  endfacet
  facet normal 1 0 0
    outer loop
      vertex -86.1 -3.9933959948574347 107.35396659648048
      vertex -86.1 -1.9402267815663812 106.96292717898281
      vertex -86.1 -2.032534971524831 107.1580964487968
    endloop
  endfacet
  facet normal 1 0 0
    outer loop
      vertex -86.1 -3.8647858451898567 107.52737730899737
      vertex -86.1 -2.032534971524831 107.1580964487968
      vertex -86.1 -2.1052687386108597 107.36137371004018
    endloop
  endfacet
  facet normal 1 0 0
    outer loop
      vertex -86.1 -3.5887502536445965 108.11100553168068
      vertex -86.1 -2.2 108
      vertex -86.1 -3.536291375368349 108.32043311320501
    endloop
  endfacet
  facet normal 1 0 0
    outer loop
      vertex -86.1 -3.536291375368349 108.32043311320501
      vertex -86.1 -2.1894063986788335 108.21563770872503
      vertex -86.1 -3.504612593576623 108.53399411291547
    endloop
  endfacet
  facet normal 1 0 0
    outer loop
      vertex -86.1 -3.504612593576623 108.53399411291547
      vertex -86.1 -2.157727616887107 108.42919870843548
      vertex -86.1 -3.494018992255456 108.74963182164049
    endloop
  endfacet
  facet normal 1 0 0
    outer loop
      vertex -86.1 -3.753792210689075 107.7125590006233
      vertex -86.1 -2.1052687386108597 107.36137371004018
      vertex -86.1 -2.157727616887107 107.57080129156452
    endloop
  endfacet
  facet normal 1 0 0
    outer loop
      vertex -86.1 -3.6614840207306254 107.90772827043729
      vertex -86.1 -2.157727616887107 107.57080129156452
      vertex -86.1 -2.1894063986788335 107.78436229127497
    endloop
  endfacet
  facet normal 1 0 0
    outer loop
      vertex -86.1 -3.5887502536445965 108.11100553168068
      vertex -86.1 -2.1894063986788335 107.78436229127497
      vertex -86.1 -2.2 108
    endloop
  endfacet
  facet normal 1 0 0
    outer loop
      vertex -86.1 -3.536291375368349 108.32043311320501
      vertex -86.1 -2.2 108
      vertex -86.1 -2.1894063986788335 108.21563770872503
    endloop
  endfacet
  facet normal 1 0 0
    outer loop
      vertex -86.1 -3.504612593576623 108.53399411291547
      vertex -86.1 -2.1894063986788335 108.21563770872503
      vertex -86.1 -2.157727616887107 108.42919870843548
    endloop
  endfacet
  facet normal 1 0 0
    outer loop
      vertex -86.1 -2.157727616887107 108.42919870843548
      vertex -86.1 -2.1052687386108597 108.63862628995982
      vertex -86.1 -3.494018992255456 108.74963182164049
    endloop
  endfacet
  facet normal -1 0 0
    outer loop
      vertex -91.1 -4.298353767095437 110.45025481903852
      vertex -91.1 -1.037072821017195 109.94022678156638
      vertex -91.1 -4.138384073645051 110.3052667402509
    endloop
  endfacet
  facet normal 1 0 0
    outer loop
      vertex -86.1 -9.777745487356874 112.77667426380795
      vertex -86.1 -5.055392702295639 110.85490056025135
      vertex -86.1 -0.21563770872503335 110.18940639867883
    endloop
  endfacet
  facet normal 1 0 0
    outer loop
      vertex -86.1 -16.85255888325765 119
      vertex -86.1 0.6386262899598172 110.10526873861086
      vertex -86.1 0.8419035512031976 110.03253497152483
    endloop
  endfacet
  facet normal 1 0 0
    outer loop
      vertex -86.1 -16.85255888325765 119
      vertex -86.1 0.8419035512031976 110.03253497152483
      vertex -86.1 1.037072821017195 109.94022678156638
    endloop
  endfacet
  facet normal 1 0 0
    outer loop
      vertex -86.1 -4.656946171238261 110.68985860320687
      vertex -86.1 -4.4717644796123315 110.57886496870609
      vertex -86.1 -0.6386262899598172 110.10526873861086
    endloop
  endfacet
  facet normal 1 0 0
    outer loop
      vertex -86.1 -4.4717644796123315 110.57886496870609
      vertex -86.1 -4.298353767095437 110.45025481903852
      vertex -86.1 -0.8419035512031976 110.03253497152483
    endloop
  endfacet
  facet normal 1 0 0
    outer loop
      vertex -86.1 -5.055392702295639 110.85490056025135
      vertex -86.1 -4.852115441052259 110.78216679316532
      vertex -86.1 -0.21563770872503335 110.18940639867883
    endloop
  endfacet
  facet normal 1 0 0
    outer loop
      vertex -86.1 -4.852115441052259 110.78216679316532
      vertex -86.1 -4.656946171238261 110.68985860320687
      vertex -86.1 -0.4291987084354822 110.1577276168871
    endloop
  endfacet
  facet normal 1 0 0
    outer loop
      vertex -86.1 -13.356349186104048 114.44365081389596
      vertex -86.1 -0.21563770872503335 110.18940639867883
      vertex -86.1 0 110.2
    endloop
  endfacet
  facet normal 1 0 0
    outer loop
      vertex -86.1 -13.356349186104048 114.44365081389596
      vertex -86.1 0 110.2
      vertex -86.1 0.21563770872503335 110.18940639867883
    endloop
  endfacet
  facet normal 1 0 0
    outer loop
      vertex -86.1 -13.356349186104048 114.44365081389596
      vertex -86.1 0.21563770872503335 110.18940639867883
      vertex -86.1 0.4291987084354822 110.1577276168871
    endloop
  endfacet
  facet normal 1 0 0
    outer loop
      vertex -86.1 -13.356349186104048 114.44365081389596
      vertex -86.1 0.4291987084354822 110.1577276168871
      vertex -86.1 0.6386262899598172 110.10526873861086
    endloop
  endfacet
  facet normal -1 0 0
    outer loop
      vertex -91.1 -9.05977321843362 111.98451393775954
      vertex -91.1 0.21563770872503335 127.81059360132117
      vertex -91.1 -8.96746502847517 111.78934466794556
    endloop
  endfacet
  facet normal -1 0 0
    outer loop
      vertex -91.1 -8.89473126138914 111.58606740670217
      vertex -91.1 0.6386262899598172 127.89473126138914
      vertex -91.1 -8.842272383112892 111.37663982517783
    endloop
  endfacet
  facet normal -1 0 0
    outer loop
      vertex -91.1 -8.89473126138914 111.58606740670217
      vertex -91.1 -8.96746502847517 111.78934466794556
      vertex -91.1 0.4291987084354822 127.8422723831129
    endloop
  endfacet
  facet normal -1 0 0
    outer loop
      vertex -91.1 -8.842272383112892 111.37663982517783
      vertex -91.1 0.8419035512031976 127.96746502847517
      vertex -91.1 -8.810593601321166 111.16307882546738
    endloop
  endfacet
  facet normal -1 0 0
    outer loop
      vertex -91.1 -8.8 110.94744111674235
      vertex -91.1 -8.810593601321166 111.16307882546738
      vertex -91.1 1.037072821017195 128.0597732184336
    endloop
  endfacet
  facet normal -1 0 0
    outer loop
      vertex -91.1 -9.299377002601979 112.34310634190237
      vertex -91.1 -0.21563770872503335 127.81059360132117
      vertex -91.1 -9.1707668529344 112.16969562938547
    endloop
  endfacet
  facet normal -1 0 0
    outer loop
      vertex -91.1 -9.1707668529344 112.16969562938547
      vertex -91.1 0 127.8
      vertex -91.1 -9.05977321843362 111.98451393775954
    endloop
  endfacet
  facet normal -1 0 0
    outer loop
      vertex -91.1 -8.8 110.94744111674235
      vertex -91.1 1.037072821017195 128.0597732184336
      vertex -91.1 -7.249653910865861 110.3052667402509
    endloop
  endfacet
  facet normal -1 0 0
    outer loop
      vertex -91.1 -7.249653910865861 110.3052667402509
      vertex -91.1 1.037072821017195 128.0597732184336
      vertex -91.1 -7.089684217415476 110.45025481903852
    endloop
  endfacet
  facet normal -1 0 0
    outer loop
      vertex -91.1 -7.089684217415476 110.45025481903852
      vertex -91.1 1.037072821017195 128.0597732184336
      vertex -91.1 -6.916273504898581 110.57886496870609
    endloop
  endfacet
  facet normal -1 0 0
    outer loop
      vertex -91.1 -6.916273504898581 110.57886496870609
      vertex -91.1 1.037072821017195 128.0597732184336
      vertex -91.1 -6.731091813272651 110.68985860320687
    endloop
  endfacet
  facet normal -1 0 0
    outer loop
      vertex -91.1 -6.731091813272651 110.68985860320687
      vertex -91.1 1.037072821017195 128.0597732184336
      vertex -91.1 -6.535922543458653 110.78216679316532
    endloop
  endfacet
  facet normal -1 0 0
    outer loop
      vertex -91.1 -6.535922543458653 110.78216679316532
      vertex -91.1 1.037072821017195 128.0597732184336
      vertex -91.1 -6.332645282215274 110.85490056025135
    endloop
  endfacet
  facet normal -1 0 0
    outer loop
      vertex -91.1 -6.332645282215274 110.85490056025135
      vertex -91.1 1.037072821017195 128.0597732184336
      vertex -91.1 -6.1232177006909385 110.90735943852759
    endloop
  endfacet
  facet normal -1 0 0
    outer loop
      vertex -91.1 -6.1232177006909385 110.90735943852759
      vertex -91.1 1.037072821017195 128.0597732184336
      vertex -91.1 -5.90965670098049 110.93903822031932
    endloop
  endfacet
  facet normal -1 0 0
    outer loop
      vertex -91.1 -5.90965670098049 110.93903822031932
      vertex -91.1 1.037072821017195 128.0597732184336
      vertex -91.1 -5.694018992255456 110.9496318216405
    endloop
  endfacet
  facet normal -1 0 0
    outer loop
      vertex -91.1 -5.478381283530423 110.93903822031932
      vertex -91.1 1.037072821017195 128.0597732184336
      vertex -91.1 -5.264820283819974 110.90735943852759
    endloop
  endfacet
  facet normal -1 0 0
    outer loop
      vertex -91.1 -5.694018992255456 110.9496318216405
      vertex -91.1 1.037072821017195 128.0597732184336
      vertex -91.1 -5.478381283530423 110.93903822031932
    endloop
  endfacet
  facet normal -1 0 0
    outer loop
      vertex -91.1 -3.494018992255456 108.74963182164049
      vertex -91.1 -3.504612593576623 108.96526953036552
      vertex -91.1 -2.1052687386108597 108.63862628995982
    endloop
  endfacet
  facet normal -1 0 0
    outer loop
      vertex -91.1 -3.504612593576623 108.96526953036552
      vertex -91.1 -3.536291375368349 109.17883053007597
      vertex -91.1 -2.032534971524831 108.8419035512032
    endloop
  endfacet
  facet normal -1 0 0
    outer loop
      vertex -91.1 -3.5887502536445965 109.38825811160031
      vertex -91.1 -1.9402267815663812 109.03707282101719
      vertex -91.1 -3.536291375368349 109.17883053007597
    endloop
  endfacet
  facet normal -1 0 0
    outer loop
      vertex -91.1 -3.5887502536445965 109.38825811160031
      vertex -91.1 -3.6614840207306254 109.5915353728437
      vertex -91.1 -1.8292331470655996 109.22225451264312
    endloop
  endfacet
  facet normal -1 0 0
    outer loop
      vertex -91.1 -3.753792210689075 109.78670464265768
      vertex -91.1 -1.7006229973980216 109.39566522516002
      vertex -91.1 -3.6614840207306254 109.5915353728437
    endloop
  endfacet
  facet normal -1 0 0
    outer loop
      vertex -91.1 -3.8647858451898567 109.97188633428361
      vertex -91.1 -1.5556349186104048 109.55563491861041
      vertex -91.1 -3.753792210689075 109.78670464265768
    endloop
  endfacet
  facet normal -1 0 0
    outer loop
      vertex -91.1 -3.504612593576623 108.96526953036552
      vertex -91.1 -2.032534971524831 108.8419035512032
      vertex -91.1 -2.1052687386108597 108.63862628995982
    endloop
  endfacet
  facet normal -1 0 0
    outer loop
      vertex -91.1 -3.536291375368349 109.17883053007597
      vertex -91.1 -1.9402267815663812 109.03707282101719
      vertex -91.1 -2.032534971524831 108.8419035512032
    endloop
  endfacet
  facet normal -1 0 0
    outer loop
      vertex -91.1 -3.5887502536445965 109.38825811160031
      vertex -91.1 -1.8292331470655996 109.22225451264312
      vertex -91.1 -1.9402267815663812 109.03707282101719
    endloop
  endfacet
  facet normal -1 0 0
    outer loop
      vertex -91.1 -3.6614840207306254 109.5915353728437
      vertex -91.1 -1.7006229973980216 109.39566522516002
      vertex -91.1 -1.8292331470655996 109.22225451264312
    endloop
  endfacet
  facet normal -1 0 0
    outer loop
      vertex -91.1 -3.9933959948574347 110.14529704680051
      vertex -91.1 -1.3956652251600201 109.70062299739803
      vertex -91.1 -3.8647858451898567 109.97188633428361
    endloop
  endfacet
  facet normal -1 0 0
    outer loop
      vertex -91.1 -4.138384073645051 110.3052667402509
      vertex -91.1 -1.2222545126431248 109.8292331470656
      vertex -91.1 -3.9933959948574347 110.14529704680051
    endloop
  endfacet
  facet normal -1 0 0
    outer loop
      vertex -91.1 -3.753792210689075 109.78670464265768
      vertex -91.1 -1.5556349186104048 109.55563491861041
      vertex -91.1 -1.7006229973980216 109.39566522516002
    endloop
  endfacet
  facet normal -1 0 0
    outer loop
      vertex -91.1 -3.8647858451898567 109.97188633428361
      vertex -91.1 -1.3956652251600201 109.70062299739803
      vertex -91.1 -1.5556349186104048 109.55563491861041
    endloop
  endfacet
  facet normal -1 0 0
    outer loop
      vertex -91.1 -3.9933959948574347 110.14529704680051
      vertex -91.1 -1.2222545126431248 109.8292331470656
      vertex -91.1 -1.3956652251600201 109.70062299739803
    endloop
  endfacet
  facet normal -1 0 0
    outer loop
      vertex -91.1 -4.138384073645051 110.3052667402509
      vertex -91.1 -1.037072821017195 109.94022678156638
      vertex -91.1 -1.2222545126431248 109.8292331470656
    endloop
  endfacet
  facet normal -1 0 0
    outer loop
      vertex -91.1 -4.298353767095437 110.45025481903852
      vertex -91.1 -0.8419035512031976 110.03253497152483
      vertex -91.1 -1.037072821017195 109.94022678156638
    endloop
  endfacet
  facet normal 1 0 0
    outer loop
      vertex -86.1 -3.494018992255456 108.74963182164049
      vertex -86.1 -2.032534971524831 108.8419035512032
      vertex -86.1 -3.504612593576623 108.96526953036552
    endloop
  endfacet
  facet normal 1 0 0
    outer loop
      vertex -86.1 -3.504612593576623 108.96526953036552
      vertex -86.1 -2.032534971524831 108.8419035512032
      vertex -86.1 -3.536291375368349 109.17883053007597
    endloop
  endfacet
  facet normal 1 0 0
    outer loop
      vertex -86.1 -3.5887502536445965 109.38825811160031
      vertex -86.1 -3.536291375368349 109.17883053007597
      vertex -86.1 -1.9402267815663812 109.03707282101719
    endloop
  endfacet
  facet normal 1 0 0
    outer loop
      vertex -86.1 -3.5887502536445965 109.38825811160031
      vertex -86.1 -1.8292331470655996 109.22225451264312
      vertex -86.1 -3.6614840207306254 109.5915353728437
    endloop
  endfacet
  facet normal 1 0 0
    outer loop
      vertex -86.1 -3.753792210689075 109.78670464265768
      vertex -86.1 -3.6614840207306254 109.5915353728437
      vertex -86.1 -1.7006229973980216 109.39566522516002
    endloop
  endfacet
  facet normal 1 0 0
    outer loop
      vertex -86.1 -3.8647858451898567 109.97188633428361
      vertex -86.1 -3.753792210689075 109.78670464265768
      vertex -86.1 -1.5556349186104048 109.55563491861041
    endloop
  endfacet
  facet normal 1 0 0
    outer loop
      vertex -86.1 -3.494018992255456 108.74963182164049
      vertex -86.1 -2.1052687386108597 108.63862628995982
      vertex -86.1 -2.032534971524831 108.8419035512032
    endloop
  endfacet
  facet normal 1 0 0
    outer loop
      vertex -86.1 -3.536291375368349 109.17883053007597
      vertex -86.1 -2.032534971524831 108.8419035512032
      vertex -86.1 -1.9402267815663812 109.03707282101719
    endloop
  endfacet
  facet normal 1 0 0
    outer loop
      vertex -86.1 -3.5887502536445965 109.38825811160031
      vertex -86.1 -1.9402267815663812 109.03707282101719
      vertex -86.1 -1.8292331470655996 109.22225451264312
    endloop
  endfacet
  facet normal 1 0 0
    outer loop
      vertex -86.1 -3.6614840207306254 109.5915353728437
      vertex -86.1 -1.8292331470655996 109.22225451264312
      vertex -86.1 -1.7006229973980216 109.39566522516002
    endloop
  endfacet
  facet normal 1 0 0
    outer loop
      vertex -86.1 -3.9933959948574347 110.14529704680051
      vertex -86.1 -3.8647858451898567 109.97188633428361
      vertex -86.1 -1.3956652251600201 109.70062299739803
    endloop
  endfacet
  facet normal 1 0 0
    outer loop
      vertex -86.1 -4.138384073645051 110.3052667402509
      vertex -86.1 -3.9933959948574347 110.14529704680051
      vertex -86.1 -1.2222545126431248 109.8292331470656
    endloop
  endfacet
  facet normal 1 0 0
    outer loop
      vertex -86.1 -4.298353767095437 110.45025481903852
      vertex -86.1 -4.138384073645051 110.3052667402509
      vertex -86.1 -0.8419035512031976 110.03253497152483
    endloop
  endfacet
  facet normal 1 0 0
    outer loop
      vertex -86.1 -3.753792210689075 109.78670464265768
      vertex -86.1 -1.7006229973980216 109.39566522516002
      vertex -86.1 -1.5556349186104048 109.55563491861041
    endloop
  endfacet
  facet normal 1 0 0
    outer loop
      vertex -86.1 -3.8647858451898567 109.97188633428361
      vertex -86.1 -1.5556349186104048 109.55563491861041
      vertex -86.1 -1.3956652251600201 109.70062299739803
    endloop
  endfacet
  facet normal 1 0 0
    outer loop
      vertex -86.1 -3.9933959948574347 110.14529704680051
      vertex -86.1 -1.3956652251600201 109.70062299739803
      vertex -86.1 -1.2222545126431248 109.8292331470656
    endloop
  endfacet
  facet normal 1 0 0
    outer loop
      vertex -86.1 -4.138384073645051 110.3052667402509
      vertex -86.1 -1.2222545126431248 109.8292331470656
      vertex -86.1 -1.037072821017195 109.94022678156638
    endloop
  endfacet
  facet normal 1 0 0
    outer loop
      vertex -86.1 -4.138384073645051 110.3052667402509
      vertex -86.1 -1.037072821017195 109.94022678156638
      vertex -86.1 -0.8419035512031976 110.03253497152483
    endloop
  endfacet
  facet normal 1 0 0
    outer loop
      vertex -86.1 -4.4717644796123315 110.57886496870609
      vertex -86.1 -0.8419035512031976 110.03253497152483
      vertex -86.1 -0.6386262899598172 110.10526873861086
    endloop
  endfacet
  facet normal 1 0 0
    outer loop
      vertex -86.1 -4.656946171238261 110.68985860320687
      vertex -86.1 -0.6386262899598172 110.10526873861086
      vertex -86.1 -0.4291987084354822 110.1577276168871
    endloop
  endfacet
  facet normal 1 0 0
    outer loop
      vertex -86.1 -4.852115441052259 110.78216679316532
      vertex -86.1 -0.4291987084354822 110.1577276168871
      vertex -86.1 -0.21563770872503335 110.18940639867883
    endloop
  endfacet
  facet normal -1 0 0
    outer loop
      vertex -91.1 -5.264820283819974 110.90735943852759
      vertex -91.1 1.037072821017195 128.0597732184336
      vertex -91.1 -5.055392702295639 110.85490056025135
    endloop
  endfacet
  facet normal -1 0 0
    outer loop
      vertex -91.1 -5.055392702295639 110.85490056025135
      vertex -91.1 1.037072821017195 128.0597732184336
      vertex -91.1 -4.852115441052259 110.78216679316532
    endloop
  endfacet
  facet normal -1 0 0
    outer loop
      vertex -91.1 -4.852115441052259 110.78216679316532
      vertex -91.1 1.037072821017195 128.0597732184336
      vertex -91.1 -4.656946171238261 110.68985860320687
    endloop
  endfacet
  facet normal -1 0 0
    outer loop
      vertex -91.1 -4.656946171238261 110.68985860320687
      vertex -91.1 1.037072821017195 128.0597732184336
      vertex -91.1 -4.4717644796123315 110.57886496870609
    endloop
  endfacet
  facet normal -1 0 0
    outer loop
      vertex -91.1 -4.4717644796123315 110.57886496870609
      vertex -91.1 1.037072821017195 128.0597732184336
      vertex -91.1 -4.298353767095437 110.45025481903852
    endloop
  endfacet
  facet normal -1 0 0
    outer loop
      vertex -91.1 -4.298353767095437 110.45025481903852
      vertex -91.1 1.037072821017195 128.0597732184336
      vertex -91.1 -0.8419035512031976 110.03253497152483
    endloop
  endfacet
  facet normal -1 0 0
    outer loop
      vertex -91.1 -0.8419035512031976 110.03253497152483
      vertex -91.1 1.037072821017195 128.0597732184336
      vertex -91.1 -0.6386262899598172 110.10526873861086
    endloop
  endfacet
  facet normal -1 0 0
    outer loop
      vertex -91.1 -0.6386262899598172 110.10526873861086
      vertex -91.1 1.037072821017195 128.0597732184336
      vertex -91.1 -0.4291987084354822 110.1577276168871
    endloop
  endfacet
  facet normal -1 0 0
    outer loop
      vertex -91.1 -27.461987851290452 135.46252901645158
      vertex -91.1 -21.241965281936483 119.21563770872503
      vertex -91.1 -21.25255888325765 119
    endloop
  endfacet
  facet normal -1 0 0
    outer loop
      vertex -91.1 -27.461987851290452 135.46252901645158
      vertex -91.1 -21.210286500144758 119.42919870843548
      vertex -91.1 -21.241965281936483 119.21563770872503
    endloop
  endfacet
  facet normal -1 0 0
    outer loop
      vertex -91.1 -27.461987851290452 135.46252901645158
      vertex -91.1 -21.15782762186851 119.63862628995982
      vertex -91.1 -21.210286500144758 119.42919870843548
    endloop
  endfacet
  facet normal -1 0 0
    outer loop
      vertex -91.1 -27.461987851290452 135.46252901645158
      vertex -91.1 -21.08509385478248 119.8419035512032
      vertex -91.1 -21.15782762186851 119.63862628995982
    endloop
  endfacet
  facet normal -1 0 0
    outer loop
      vertex -91.1 -27.461987851290452 135.46252901645158
      vertex -91.1 -20.99278566482403 120.03707282101719
      vertex -91.1 -21.08509385478248 119.8419035512032
    endloop
  endfacet
  facet normal -1 0 0
    outer loop
      vertex -91.1 -27.461987851290452 135.46252901645158
      vertex -91.1 -20.88179203032325 120.22225451264312
      vertex -91.1 -20.99278566482403 120.03707282101719
    endloop
  endfacet
  facet normal -1 0 0
    outer loop
      vertex -91.1 -27.461987851290452 135.46252901645158
      vertex -91.1 -20.75318188065567 120.39566522516002
      vertex -91.1 -20.88179203032325 120.22225451264312
    endloop
  endfacet
  facet normal -1 0 0
    outer loop
      vertex -91.1 -27.461987851290452 135.46252901645158
      vertex -91.1 -20.608193801868055 120.55563491861041
      vertex -91.1 -20.75318188065567 120.39566522516002
    endloop
  endfacet
  facet normal -1 0 0
    outer loop
      vertex -91.1 -27.461987851290452 135.46252901645158
      vertex -91.1 -20.44822410841767 120.70062299739803
      vertex -91.1 -20.608193801868055 120.55563491861041
    endloop
  endfacet
  facet normal -1 0 0
    outer loop
      vertex -91.1 -27.461987851290452 135.46252901645158
      vertex -91.1 -20.274813395900775 120.8292331470656
      vertex -91.1 -20.44822410841767 120.70062299739803
    endloop
  endfacet
  facet normal -1 0 0
    outer loop
      vertex -91.1 -27.461987851290452 135.46252901645158
      vertex -91.1 -20.089631704274844 120.94022678156638
      vertex -91.1 -20.274813395900775 120.8292331470656
    endloop
  endfacet
  facet normal -1 0 0
    outer loop
      vertex -91.1 -27.461987851290452 135.46252901645158
      vertex -91.1 -19.89446243446085 121.03253497152483
      vertex -91.1 -20.089631704274844 120.94022678156638
    endloop
  endfacet
  facet normal -1 0 0
    outer loop
      vertex -91.1 -27.461987851290452 135.46252901645158
      vertex -91.1 -19.691185173217466 121.10526873861086
      vertex -91.1 -19.89446243446085 121.03253497152483
    endloop
  endfacet
  facet normal 1 0 0
    outer loop
      vertex -86.1 -21.241965281936483 119.21563770872503
      vertex -86.1 -21.210286500144758 119.42919870843548
      vertex -86.1 -25.868626910316028 140.7151361062225
    endloop
  endfacet
  facet normal 1 0 0
    outer loop
      vertex -86.1 -21.210286500144758 119.42919870843548
      vertex -86.1 -21.15782762186851 119.63862628995982
      vertex -86.1 -25.868626910316028 140.7151361062225
    endloop
  endfacet
  facet normal 1 0 0
    outer loop
      vertex -86.1 -21.15782762186851 119.63862628995982
      vertex -86.1 -21.08509385478248 119.8419035512032
      vertex -86.1 -25.868626910316028 140.7151361062225
    endloop
  endfacet
  facet normal 1 0 0
    outer loop
      vertex -86.1 -21.08509385478248 119.8419035512032
      vertex -86.1 -20.99278566482403 120.03707282101719
      vertex -86.1 -25.868626910316028 140.7151361062225
    endloop
  endfacet
  facet normal 1 0 0
    outer loop
      vertex -86.1 -20.99278566482403 120.03707282101719
      vertex -86.1 -20.88179203032325 120.22225451264312
      vertex -86.1 -25.868626910316028 140.7151361062225
    endloop
  endfacet
  facet normal 1 0 0
    outer loop
      vertex -86.1 -20.88179203032325 120.22225451264312
      vertex -86.1 -20.75318188065567 120.39566522516002
      vertex -86.1 -25.868626910316028 140.7151361062225
    endloop
  endfacet
  facet normal 1 0 0
    outer loop
      vertex -86.1 -20.75318188065567 120.39566522516002
      vertex -86.1 -20.608193801868055 120.55563491861041
      vertex -86.1 -25.868626910316028 140.7151361062225
    endloop
  endfacet
  facet normal 1 0 0
    outer loop
      vertex -86.1 -20.608193801868055 120.55563491861041
      vertex -86.1 -20.44822410841767 120.70062299739803
      vertex -86.1 -25.868626910316028 140.7151361062225
    endloop
  endfacet
  facet normal 1 0 0
    outer loop
      vertex -86.1 -20.44822410841767 120.70062299739803
      vertex -86.1 -20.274813395900775 120.8292331470656
      vertex -86.1 -25.868626910316028 140.7151361062225
    endloop
  endfacet
  facet normal 1 0 0
    outer loop
      vertex -86.1 -20.274813395900775 120.8292331470656
      vertex -86.1 -20.089631704274844 120.94022678156638
      vertex -86.1 -25.868626910316028 140.7151361062225
    endloop
  endfacet
  facet normal 1 0 0
    outer loop
      vertex -86.1 -20.089631704274844 120.94022678156638
      vertex -86.1 -19.89446243446085 121.03253497152483
      vertex -86.1 -25.868626910316028 140.7151361062225
    endloop
  endfacet
  facet normal 1 0 0
    outer loop
      vertex -86.1 -19.89446243446085 121.03253497152483
      vertex -86.1 -19.691185173217466 121.10526873861086
      vertex -86.1 -25.868626910316028 140.7151361062225
    endloop
  endfacet
  facet normal 1 0 0
    outer loop
      vertex -86.1 -19.691185173217466 121.10526873861086
      vertex -86.1 -19.481757591693132 121.1577276168871
      vertex -86.1 -25.868626910316028 140.7151361062225
    endloop
  endfacet
  facet normal 1 0 0
    outer loop
      vertex -86.1 -19.481757591693132 121.1577276168871
      vertex -86.1 -19.268196591982683 121.18940639867883
      vertex -86.1 -25.868626910316028 140.7151361062225
    endloop
  endfacet
  facet normal 1 0 0
    outer loop
      vertex -86.1 -19.268196591982683 121.18940639867883
      vertex -86.1 -19.05255888325765 121.2
      vertex -86.1 -1.8292331470655996 131.22225451264313
    endloop
  endfacet
  facet normal 1 0 0
    outer loop
      vertex -86.1 -19.05255888325765 121.2
      vertex -86.1 -18.836921174532616 121.18940639867883
      vertex -86.1 -1.9402267815663812 131.0370728210172
    endloop
  endfacet
  facet normal 1 0 0
    outer loop
      vertex -86.1 -18.836921174532616 121.18940639867883
      vertex -86.1 -18.623360174822167 121.1577276168871
      vertex -86.1 -2.032534971524831 130.8419035512032
    endloop
  endfacet
  facet normal 1 0 0
    outer loop
      vertex -86.1 -18.623360174822167 121.1577276168871
      vertex -86.1 -18.413932593297833 121.10526873861086
      vertex -86.1 -2.1052687386108597 130.63862628995983
    endloop
  endfacet
  facet normal 1 0 0
    outer loop
      vertex -86.1 -18.413932593297833 121.10526873861086
      vertex -86.1 -18.21065533205445 121.03253497152483
      vertex -86.1 -2.157727616887107 130.42919870843548
    endloop
  endfacet
  facet normal 1 0 0
    outer loop
      vertex -86.1 -18.015486062240456 120.94022678156638
      vertex -86.1 -17.830304370614524 120.8292331470656
      vertex -86.1 -2.2 130
    endloop
  endfacet
  facet normal 1 0 0
    outer loop
      vertex -86.1 -17.830304370614524 120.8292331470656
      vertex -86.1 -17.65689365809763 120.70062299739803
      vertex -86.1 -2.1894063986788335 129.78436229127496
    endloop
  endfacet
  facet normal 1 0 0
    outer loop
      vertex -86.1 -18.015486062240456 120.94022678156638
      vertex -86.1 -2.1894063986788335 130.21563770872504
      vertex -86.1 -18.21065533205445 121.03253497152483
    endloop
  endfacet
  facet normal 1 0 0
    outer loop
      vertex -86.1 -19.268196591982683 121.18940639867883
      vertex -86.1 -1.8292331470655996 131.22225451264313
      vertex -86.1 -25.868626910316028 140.7151361062225
    endloop
  endfacet
  facet normal -1 0 0
    outer loop
      vertex -91.1 -27.461987851290452 135.46252901645158
      vertex -91.1 0 158
      vertex -91.1 -19.691185173217466 121.10526873861086
    endloop
  endfacet
  facet normal -1 0 0
    outer loop
      vertex -91.1 -19.691185173217466 121.10526873861086
      vertex -91.1 0 158
      vertex -91.1 -19.481757591693132 121.1577276168871
    endloop
  endfacet
  facet normal -1 0 0
    outer loop
      vertex -91.1 -19.481757591693132 121.1577276168871
      vertex -91.1 0 158
      vertex -91.1 -19.268196591982683 121.18940639867883
    endloop
  endfacet
  facet normal -1 0 0
    outer loop
      vertex -91.1 -19.268196591982683 121.18940639867883
      vertex -91.1 0 158
      vertex -91.1 -19.05255888325765 121.2
    endloop
  endfacet
  facet normal -1 0 0
    outer loop
      vertex -91.1 -19.05255888325765 121.2
      vertex -91.1 0 158
      vertex -91.1 -18.836921174532616 121.18940639867883
    endloop
  endfacet
  facet normal -1 0 0
    outer loop
      vertex -91.1 -25.868626910316028 140.7151361062225
      vertex -91.1 -24.693795401753942 143.19910863112793
      vertex -91.1 -23.281149144471268 145.55596652454886
    endloop
  endfacet
  facet normal 1 0 0
    outer loop
      vertex -86.1 -25.868626910316028 140.7151361062225
      vertex -86.1 -23.281149144471268 145.55596652454886
      vertex -86.1 -24.693795401753942 143.19910863112793
    endloop
  endfacet
  facet normal -7.584288890853002e-18 -0.8577286100002729 0.5141027441932202
    outer loop
      vertex -91.1 -24.693795401753942 143.19910863112793
      vertex -86.1 -23.281149144471268 145.55596652454886
      vertex -91.1 -23.281149144471268 145.55596652454886
    endloop
  endfacet
  facet normal -1 0 0
    outer loop
      vertex -91.1 -27.461987851290452 135.46252901645158
      vertex -91.1 -23.281149144471268 145.55596652454886
      vertex -91.1 -17.763011956582073 151.64429269415663
    endloop
  endfacet
  facet normal 1.5050935043273206e-17 -0.803207531480643 0.5956993044924358
    outer loop
      vertex -91.1 -23.281149144471268 145.55596652454886
      vertex -86.1 -21.644292694156636 147.76301195658206
      vertex -91.1 -21.644292694156636 147.76301195658206
    endloop
  endfacet
  facet normal 0 -0.8577286100002729 0.5141027441932202
    outer loop
      vertex -91.1 -24.693795401753942 143.19910863112793
      vertex -86.1 -24.693795401753942 143.19910863112793
      vertex -86.1 -23.281149144471268 145.55596652454886
    endloop
  endfacet
  facet normal 1 0 0
    outer loop
      vertex -86.1 -25.868626910316028 140.7151361062225
      vertex -86.1 -21.644292694156636 147.76301195658206
      vertex -86.1 -23.281149144471268 145.55596652454886
    endloop
  endfacet
  facet normal 0 -0.803207531480643 0.5956993044924358
    outer loop
      vertex -91.1 -23.281149144471268 145.55596652454886
      vertex -86.1 -23.281149144471268 145.55596652454886
      vertex -86.1 -21.644292694156636 147.76301195658206
    endloop
  endfacet
  facet normal -1 0 0
    outer loop
      vertex -91.1 -23.281149144471268 145.55596652454886
      vertex -91.1 -21.644292694156636 147.76301195658206
      vertex -91.1 -19.79898987322333 149.79898987322332
    endloop
  endfacet
  facet normal 1 0 0
    outer loop
      vertex -86.1 -25.868626910316028 140.7151361062225
      vertex -86.1 -15.555966524548861 153.28114914447127
      vertex -86.1 -21.644292694156636 147.76301195658206
    endloop
  endfacet
  facet normal -8.66108740393527e-18 -0.740951125354959 0.6715589548470184
    outer loop
      vertex -91.1 -21.644292694156636 147.76301195658206
      vertex -86.1 -19.79898987322333 149.79898987322332
      vertex -91.1 -19.79898987322333 149.79898987322332
    endloop
  endfacet
  facet normal -1 0 0
    outer loop
      vertex -91.1 -23.281149144471268 145.55596652454886
      vertex -91.1 -19.79898987322333 149.79898987322332
      vertex -91.1 -17.763011956582073 151.64429269415663
    endloop
  endfacet
  facet normal 0 -0.740951125354959 0.6715589548470184
    outer loop
      vertex -91.1 -21.644292694156636 147.76301195658206
      vertex -86.1 -21.644292694156636 147.76301195658206
      vertex -86.1 -19.79898987322333 149.79898987322332
    endloop
  endfacet
  facet normal 0 -0.6715589548470199 0.7409511253549578
    outer loop
      vertex -91.1 -19.79898987322333 149.79898987322332
      vertex -86.1 -19.79898987322333 149.79898987322332
      vertex -86.1 -17.763011956582073 151.64429269415663
    endloop
  endfacet
  facet normal 1 0 0
    outer loop
      vertex -86.1 -21.644292694156636 147.76301195658206
      vertex -86.1 -17.763011956582073 151.64429269415663
      vertex -86.1 -19.79898987322333 149.79898987322332
    endloop
  endfacet
  facet normal 9.945756298328847e-18 -0.6715589548470199 0.7409511253549578
    outer loop
      vertex -91.1 -19.79898987322333 149.79898987322332
      vertex -86.1 -17.763011956582073 151.64429269415663
      vertex -91.1 -17.763011956582073 151.64429269415663
    endloop
  endfacet
  facet normal 5.0996446367097806e-18 -0.5956993044924349 0.8032075314806437
    outer loop
      vertex -91.1 -17.763011956582073 151.64429269415663
      vertex -86.1 -15.555966524548861 153.28114914447127
      vertex -91.1 -15.555966524548861 153.28114914447127
    endloop
  endfacet
  facet normal 1 0 0
    outer loop
      vertex -86.1 -21.644292694156636 147.76301195658206
      vertex -86.1 -15.555966524548861 153.28114914447127
      vertex -86.1 -17.763011956582073 151.64429269415663
    endloop
  endfacet
  facet normal 0 -0.5956993044924349 0.8032075314806437
    outer loop
      vertex -91.1 -17.763011956582073 151.64429269415663
      vertex -86.1 -17.763011956582073 151.64429269415663
      vertex -86.1 -15.555966524548861 153.28114914447127
    endloop
  endfacet
  facet normal -1 0 0
    outer loop
      vertex -91.1 -27.461987851290452 135.46252901645158
      vertex -91.1 -17.763011956582073 151.64429269415663
      vertex -91.1 0 158
    endloop
  endfacet
  facet normal 1 0 0
    outer loop
      vertex -86.1 -25.868626910316028 140.7151361062225
      vertex -86.1 2.7444799292276967 157.8651723468215
      vertex -86.1 -15.555966524548861 153.28114914447127
    endloop
  endfacet
  facet normal -1 0 0
    outer loop
      vertex -91.1 -17.763011956582073 151.64429269415663
      vertex -91.1 -15.555966524548861 153.28114914447127
      vertex -91.1 -13.199108631127935 154.69379540175393
    endloop
  endfacet
  facet normal 0 -0.5141027441932181 0.8577286100002741
    outer loop
      vertex -91.1 -15.555966524548861 153.28114914447127
      vertex -86.1 -15.555966524548861 153.28114914447127
      vertex -91.1 -13.199108631127935 154.69379540175393
    endloop
  endfacet
  facet normal -1 0 0
    outer loop
      vertex -91.1 -17.763011956582073 151.64429269415663
      vertex -91.1 -13.199108631127935 154.69379540175393
      vertex -91.1 -8.127970963124945 156.79432940050185
    endloop
  endfacet
  facet normal 1.429984032331597e-17 -0.5141027441932181 0.8577286100002741
    outer loop
      vertex -86.1 -15.555966524548861 153.28114914447127
      vertex -86.1 -13.199108631127935 154.69379540175393
      vertex -91.1 -13.199108631127935 154.69379540175393
    endloop
  endfacet
  facet normal 1 0 0
    outer loop
      vertex -86.1 -15.555966524548861 153.28114914447127
      vertex -86.1 -10.715136106222515 155.86862691031604
      vertex -86.1 -13.199108631127935 154.69379540175393
    endloop
  endfacet
  facet normal 1 0 0
    outer loop
      vertex -86.1 -17.35193588585963 120.39566522516002
      vertex -86.1 -17.22332573619205 120.22225451264312
      vertex -86.1 -2.032534971524831 129.1580964487968
    endloop
  endfacet
  facet normal 1 0 0
    outer loop
      vertex -86.1 -16.89483126637054 119.42919870843548
      vertex -86.1 -1.5556349186104048 128.4443650813896
      vertex -86.1 -16.94729014464679 119.63862628995982
    endloop
  endfacet
  facet normal 1 0 0
    outer loop
      vertex -86.1 -17.020023911732817 119.8419035512032
      vertex -86.1 -16.94729014464679 119.63862628995982
      vertex -86.1 -1.7006229973980216 128.60433477483997
    endloop
  endfacet
  facet normal 1 0 0
    outer loop
      vertex -86.1 -17.11233210169127 120.03707282101719
      vertex -86.1 -1.9402267815663812 128.9629271789828
      vertex -86.1 -17.22332573619205 120.22225451264312
    endloop
  endfacet
  facet normal 1 0 0
    outer loop
      vertex -86.1 -17.11233210169127 120.03707282101719
      vertex -86.1 -17.020023911732817 119.8419035512032
      vertex -86.1 -1.8292331470655996 128.77774548735687
    endloop
  endfacet
  facet normal 1 0 0
    outer loop
      vertex -86.1 -16.85255888325765 119
      vertex -86.1 -1.2222545126431248 128.1707668529344
      vertex -86.1 -16.863152484578816 119.21563770872503
    endloop
  endfacet
  facet normal 1 0 0
    outer loop
      vertex -86.1 -16.863152484578816 119.21563770872503
      vertex -86.1 -1.3956652251600201 128.29937700260197
      vertex -86.1 -16.89483126637054 119.42919870843548
    endloop
  endfacet
  facet normal 1 0 0
    outer loop
      vertex -86.1 -17.65689365809763 120.70062299739803
      vertex -86.1 -17.496923964647245 120.55563491861041
      vertex -86.1 -2.157727616887107 129.57080129156452
    endloop
  endfacet
  facet normal 1 0 0
    outer loop
      vertex -86.1 -17.496923964647245 120.55563491861041
      vertex -86.1 -17.35193588585963 120.39566522516002
      vertex -86.1 -2.1052687386108597 129.36137371004017
    endloop
  endfacet
  facet normal -1 0 0
    outer loop
      vertex -91.1 -12.555634918610405 112.50307603535276
      vertex -91.1 0 158
      vertex -91.1 -12.39566522516002 112.64806411414038
    endloop
  endfacet
  facet normal -1 0 0
    outer loop
      vertex -91.1 -12.39566522516002 112.64806411414038
      vertex -91.1 0 158
      vertex -91.1 -12.222254512643126 112.77667426380795
    endloop
  endfacet
  facet normal -1 0 0
    outer loop
      vertex -91.1 -12.222254512643126 112.77667426380795
      vertex -91.1 0 158
      vertex -91.1 -12.037072821017194 112.88766789830873
    endloop
  endfacet
  facet normal -1 0 0
    outer loop
      vertex -91.1 -12.037072821017194 112.88766789830873
      vertex -91.1 0 158
      vertex -91.1 -11.841903551203197 112.97997608826718
    endloop
  endfacet
  facet normal -1 0 0
    outer loop
      vertex -91.1 -11.841903551203197 112.97997608826718
      vertex -91.1 0 158
      vertex -91.1 -11.638626289959817 113.05270985535321
    endloop
  endfacet
  facet normal -1 0 0
    outer loop
      vertex -91.1 -11.638626289959817 113.05270985535321
      vertex -91.1 0 158
      vertex -91.1 -11.429198708435482 113.10516873362945
    endloop
  endfacet
  facet normal -1 0 0
    outer loop
      vertex -91.1 -11.429198708435482 113.10516873362945
      vertex -91.1 0 158
      vertex -91.1 -11.215637708725033 113.13684751542118
    endloop
  endfacet
  facet normal -1 0 0
    outer loop
      vertex -91.1 -11.215637708725033 113.13684751542118
      vertex -91.1 0 158
      vertex -91.1 -11 113.14744111674236
    endloop
  endfacet
  facet normal -1 0 0
    outer loop
      vertex -91.1 -11 113.14744111674236
      vertex -91.1 0 158
      vertex -91.1 -10.784362291274967 113.13684751542118
    endloop
  endfacet
  facet normal -1 0 0
    outer loop
      vertex -91.1 -10.784362291274967 113.13684751542118
      vertex -91.1 0 158
      vertex -91.1 -10.570801291564518 113.10516873362945
    endloop
  endfacet
  facet normal -1 0 0
    outer loop
      vertex -91.1 -10.570801291564518 113.10516873362945
      vertex -91.1 0 158
      vertex -91.1 -10.361373710040183 113.05270985535321
    endloop
  endfacet
  facet normal -1 0 0
    outer loop
      vertex -91.1 -10.361373710040183 113.05270985535321
      vertex -91.1 0 158
      vertex -91.1 -10.158096448796803 112.97997608826718
    endloop
  endfacet
  facet normal 1 0 0
    outer loop
      vertex -86.1 -17.020023911732817 119.8419035512032
      vertex -86.1 -1.7006229973980216 128.60433477483997
      vertex -86.1 -1.8292331470655996 128.77774548735687
    endloop
  endfacet
  facet normal 1 0 0
    outer loop
      vertex -86.1 -16.94729014464679 119.63862628995982
      vertex -86.1 -1.5556349186104048 128.4443650813896
      vertex -86.1 -1.7006229973980216 128.60433477483997
    endloop
  endfacet
  facet normal 1 0 0
    outer loop
      vertex -86.1 -16.863152484578816 119.21563770872503
      vertex -86.1 -1.2222545126431248 128.1707668529344
      vertex -86.1 -1.3956652251600201 128.29937700260197
    endloop
  endfacet
  facet normal 1 0 0
    outer loop
      vertex -86.1 -16.85255888325765 119
      vertex -86.1 -1.037072821017195 128.0597732184336
      vertex -86.1 -1.2222545126431248 128.1707668529344
    endloop
  endfacet
  facet normal 1 0 0
    outer loop
      vertex -86.1 -16.89483126637054 119.42919870843548
      vertex -86.1 -1.3956652251600201 128.29937700260197
      vertex -86.1 -1.5556349186104048 128.4443650813896
    endloop
  endfacet
  facet normal 1 0 0
    outer loop
      vertex -86.1 -18.015486062240456 120.94022678156638
      vertex -86.1 -2.2 130
      vertex -86.1 -2.1894063986788335 130.21563770872504
    endloop
  endfacet
  facet normal 1 0 0
    outer loop
      vertex -86.1 -17.496923964647245 120.55563491861041
      vertex -86.1 -2.1052687386108597 129.36137371004017
      vertex -86.1 -2.157727616887107 129.57080129156452
    endloop
  endfacet
  facet normal 1 0 0
    outer loop
      vertex -86.1 -17.22332573619205 120.22225451264312
      vertex -86.1 -1.9402267815663812 128.9629271789828
      vertex -86.1 -2.032534971524831 129.1580964487968
    endloop
  endfacet
  facet normal 1 0 0
    outer loop
      vertex -86.1 -17.35193588585963 120.39566522516002
      vertex -86.1 -2.032534971524831 129.1580964487968
      vertex -86.1 -2.1052687386108597 129.36137371004017
    endloop
  endfacet
  facet normal 1 0 0
    outer loop
      vertex -86.1 -17.65689365809763 120.70062299739803
      vertex -86.1 -2.157727616887107 129.57080129156452
      vertex -86.1 -2.1894063986788335 129.78436229127496
    endloop
  endfacet
  facet normal 1 0 0
    outer loop
      vertex -86.1 -17.830304370614524 120.8292331470656
      vertex -86.1 -2.1894063986788335 129.78436229127496
      vertex -86.1 -2.2 130
    endloop
  endfacet
  facet normal 1 0 0
    outer loop
      vertex -86.1 -18.413932593297833 121.10526873861086
      vertex -86.1 -2.157727616887107 130.42919870843548
      vertex -86.1 -2.1052687386108597 130.63862628995983
    endloop
  endfacet
  facet normal 1 0 0
    outer loop
      vertex -86.1 -18.21065533205445 121.03253497152483
      vertex -86.1 -2.1894063986788335 130.21563770872504
      vertex -86.1 -2.157727616887107 130.42919870843548
    endloop
  endfacet
  facet normal 1 0 0
    outer loop
      vertex -86.1 -18.623360174822167 121.1577276168871
      vertex -86.1 -2.1052687386108597 130.63862628995983
      vertex -86.1 -2.032534971524831 130.8419035512032
    endloop
  endfacet
  facet normal 1 0 0
    outer loop
      vertex -86.1 -18.836921174532616 121.18940639867883
      vertex -86.1 -2.032534971524831 130.8419035512032
      vertex -86.1 -1.9402267815663812 131.0370728210172
    endloop
  endfacet
  facet normal 1 0 0
    outer loop
      vertex -86.1 -19.05255888325765 121.2
      vertex -86.1 -1.9402267815663812 131.0370728210172
      vertex -86.1 -1.8292331470655996 131.22225451264313
    endloop
  endfacet
  facet normal 1 0 0
    outer loop
      vertex -86.1 -17.11233210169127 120.03707282101719
      vertex -86.1 -1.8292331470655996 128.77774548735687
      vertex -86.1 -1.9402267815663812 128.9629271789828
    endloop
  endfacet
  facet normal -1 0 0
    outer loop
      vertex -91.1 -18.015486062240456 120.94022678156638
      vertex -91.1 0 158
      vertex -91.1 -17.830304370614524 120.8292331470656
    endloop
  endfacet
  facet normal -1 0 0
    outer loop
      vertex -91.1 -17.830304370614524 120.8292331470656
      vertex -91.1 0 158
      vertex -91.1 -17.65689365809763 120.70062299739803
    endloop
  endfacet
  facet normal -1 0 0
    outer loop
      vertex -91.1 -17.11233210169127 120.03707282101719
      vertex -91.1 0 158
      vertex -91.1 -17.020023911732817 119.8419035512032
    endloop
  endfacet
  facet normal -1 0 0
    outer loop
      vertex -91.1 -17.496923964647245 120.55563491861041
      vertex -91.1 0 158
      vertex -91.1 -17.35193588585963 120.39566522516002
    endloop
  endfacet
  facet normal -1 0 0
    outer loop
      vertex -91.1 -17.35193588585963 120.39566522516002
      vertex -91.1 0 158
      vertex -91.1 -17.22332573619205 120.22225451264312
    endloop
  endfacet
  facet normal -1 0 0
    outer loop
      vertex -91.1 -17.65689365809763 120.70062299739803
      vertex -91.1 0 158
      vertex -91.1 -17.496923964647245 120.55563491861041
    endloop
  endfacet
  facet normal -1 0 0
    outer loop
      vertex -91.1 -17.11233210169127 120.03707282101719
      vertex -91.1 -17.22332573619205 120.22225451264312
      vertex -91.1 0 158
    endloop
  endfacet
  facet normal -1 0 0
    outer loop
      vertex -91.1 -16.863152484578816 119.21563770872503
      vertex -91.1 -16.89483126637054 119.42919870843548
      vertex -91.1 0 158
    endloop
  endfacet
  facet normal -1 0 0
    outer loop
      vertex -91.1 -16.89483126637054 119.42919870843548
      vertex -91.1 -16.94729014464679 119.63862628995982
      vertex -91.1 0 158
    endloop
  endfacet
  facet normal -1 0 0
    outer loop
      vertex -91.1 -17.020023911732817 119.8419035512032
      vertex -91.1 0 158
      vertex -91.1 -16.94729014464679 119.63862628995982
    endloop
  endfacet
  facet normal -1 0 0
    outer loop
      vertex -91.1 -14.519276365086853 116.38387759546234
      vertex -91.1 0 158
      vertex -91.1 -14.334094673460921 116.27288396096155
    endloop
  endfacet
  facet normal -1 0 0
    outer loop
      vertex -91.1 -14.334094673460921 116.27288396096155
      vertex -91.1 0 158
      vertex -91.1 -14.160683960944027 116.14427381129398
    endloop
  endfacet
  facet normal -1 0 0
    outer loop
      vertex -91.1 -14.000714267493642 115.99928573250637
      vertex -91.1 -14.160683960944027 116.14427381129398
      vertex -91.1 0 158
    endloop
  endfacet
  facet normal -1 0 0
    outer loop
      vertex -91.1 -14.71444563490085 116.47618578542078
      vertex -91.1 0 158
      vertex -91.1 -14.519276365086853 116.38387759546234
    endloop
  endfacet
  facet normal -1 0 0
    outer loop
      vertex -91.1 -14.71444563490085 116.47618578542078
      vertex -91.1 -16.863152484578816 119.21563770872503
      vertex -91.1 0 158
    endloop
  endfacet
  facet normal -1 0 0
    outer loop
      vertex -91.1 -18.836921174532616 121.18940639867883
      vertex -91.1 0 158
      vertex -91.1 -18.623360174822167 121.1577276168871
    endloop
  endfacet
  facet normal -1 0 0
    outer loop
      vertex -91.1 -18.623360174822167 121.1577276168871
      vertex -91.1 0 158
      vertex -91.1 -18.413932593297833 121.10526873861086
    endloop
  endfacet
  facet normal -1 0 0
    outer loop
      vertex -91.1 -18.413932593297833 121.10526873861086
      vertex -91.1 0 158
      vertex -91.1 -18.21065533205445 121.03253497152483
    endloop
  endfacet
  facet normal -1 0 0
    outer loop
      vertex -91.1 -18.015486062240456 120.94022678156638
      vertex -91.1 -18.21065533205445 121.03253497152483
      vertex -91.1 0 158
    endloop
  endfacet
  facet normal 1 0 0
    outer loop
      vertex -86.1 -25.868626910316028 140.7151361062225
      vertex -86.1 -1.8292331470655996 131.22225451264313
      vertex -86.1 -1.7006229973980216 131.39566522516003
    endloop
  endfacet
  facet normal 1 0 0
    outer loop
      vertex -86.1 -25.868626910316028 140.7151361062225
      vertex -86.1 -1.7006229973980216 131.39566522516003
      vertex -86.1 -1.5556349186104048 131.5556349186104
    endloop
  endfacet
  facet normal 1 0 0
    outer loop
      vertex -86.1 -25.868626910316028 140.7151361062225
      vertex -86.1 -1.5556349186104048 131.5556349186104
      vertex -86.1 -1.3956652251600201 131.70062299739803
    endloop
  endfacet
  facet normal 1 0 0
    outer loop
      vertex -86.1 -25.868626910316028 140.7151361062225
      vertex -86.1 -1.3956652251600201 131.70062299739803
      vertex -86.1 -1.2222545126431248 131.8292331470656
    endloop
  endfacet
  facet normal 1 0 0
    outer loop
      vertex -86.1 -25.868626910316028 140.7151361062225
      vertex -86.1 -1.2222545126431248 131.8292331470656
      vertex -86.1 -1.037072821017195 131.9402267815664
    endloop
  endfacet
  facet normal -1 0 0
    outer loop
      vertex -91.1 -13.523814214579216 115.28555436509916
      vertex -91.1 -13.616122404537666 115.48072363491315
      vertex -91.1 0 158
    endloop
  endfacet
  facet normal -1 0 0
    outer loop
      vertex -91.1 -13.451080447493187 115.08227710385577
      vertex -91.1 -13.523814214579216 115.28555436509916
      vertex -91.1 0 158
    endloop
  endfacet
  facet normal -1 0 0
    outer loop
      vertex -91.1 -13.398621569216939 114.87284952233144
      vertex -91.1 0 158
      vertex -91.1 -12.555634918610405 112.50307603535276
    endloop
  endfacet
  facet normal -1 0 0
    outer loop
      vertex -91.1 -13.398621569216939 114.87284952233144
      vertex -91.1 -13.451080447493187 115.08227710385577
      vertex -91.1 0 158
    endloop
  endfacet
  facet normal -1 0 0
    outer loop
      vertex -91.1 -13.855726188706026 115.83931603905597
      vertex -91.1 0 158
      vertex -91.1 -13.727116039038448 115.66590532653908
    endloop
  endfacet
  facet normal -1 0 0
    outer loop
      vertex -91.1 -14.000714267493642 115.99928573250637
      vertex -91.1 0 158
      vertex -91.1 -13.855726188706026 115.83931603905597
    endloop
  endfacet
  facet normal -1 0 0
    outer loop
      vertex -91.1 -13.727116039038448 115.66590532653908
      vertex -91.1 0 158
      vertex -91.1 -13.616122404537666 115.48072363491315
    endloop
  endfacet
  facet normal 1 0 0
    outer loop
      vertex -86.1 -25.868626910316028 140.7151361062225
      vertex -86.1 -1.037072821017195 131.9402267815664
      vertex -86.1 -0.8419035512031976 132.03253497152483
    endloop
  endfacet
  facet normal 1 0 0
    outer loop
      vertex -86.1 -25.868626910316028 140.7151361062225
      vertex -86.1 -0.8419035512031976 132.03253497152483
      vertex -86.1 -0.6386262899598172 132.10526873861085
    endloop
  endfacet
  facet normal 1 0 0
    outer loop
      vertex -86.1 -25.868626910316028 140.7151361062225
      vertex -86.1 -0.6386262899598172 132.10526873861085
      vertex -86.1 -0.4291987084354822 132.15772761688712
    endloop
  endfacet
  facet normal 1 0 0
    outer loop
      vertex -86.1 -25.868626910316028 140.7151361062225
      vertex -86.1 -0.4291987084354822 132.15772761688712
      vertex -86.1 -0.21563770872503335 132.18940639867884
    endloop
  endfacet
  facet normal 1 0 0
    outer loop
      vertex -86.1 -25.868626910316028 140.7151361062225
      vertex -86.1 -0.21563770872503335 132.18940639867884
      vertex -86.1 0 132.2
    endloop
  endfacet
  facet normal 1 0 0
    outer loop
      vertex -86.1 -25.868626910316028 140.7151361062225
      vertex -86.1 0 132.2
      vertex -86.1 0.21563770872503335 132.18940639867884
    endloop
  endfacet
  facet normal 1 0 0
    outer loop
      vertex -86.1 -25.868626910316028 140.7151361062225
      vertex -86.1 0.21563770872503335 132.18940639867884
      vertex -86.1 0.4291987084354822 132.15772761688712
    endloop
  endfacet
  facet normal 1 0 0
    outer loop
      vertex -86.1 -25.868626910316028 140.7151361062225
      vertex -86.1 0.4291987084354822 132.15772761688712
      vertex -86.1 0.6386262899598172 132.10526873861085
    endloop
  endfacet
  facet normal -1 0 0
    outer loop
      vertex -91.1 -10.158096448796803 112.97997608826718
      vertex -91.1 -1.7006229973980216 128.60433477483997
      vertex -91.1 -1.5556349186104048 128.4443650813896
    endloop
  endfacet
  facet normal -1 0 0
    outer loop
      vertex -91.1 -10.158096448796803 112.97997608826718
      vertex -91.1 -1.5556349186104048 128.4443650813896
      vertex -91.1 -1.3956652251600201 128.29937700260197
    endloop
  endfacet
  facet normal -1 0 0
    outer loop
      vertex -91.1 -10.158096448796803 112.97997608826718
      vertex -91.1 -1.3956652251600201 128.29937700260197
      vertex -91.1 -1.2222545126431248 128.1707668529344
    endloop
  endfacet
  facet normal -1 0 0
    outer loop
      vertex -91.1 -9.962927178982806 112.88766789830873
      vertex -91.1 -1.2222545126431248 128.1707668529344
      vertex -91.1 -1.037072821017195 128.0597732184336
    endloop
  endfacet
  facet normal -1 0 0
    outer loop
      vertex -91.1 -9.777745487356874 112.77667426380795
      vertex -91.1 -1.037072821017195 128.0597732184336
      vertex -91.1 -0.8419035512031976 127.96746502847517
    endloop
  endfacet
  facet normal -1 0 0
    outer loop
      vertex -91.1 -9.60433477483998 112.64806411414038
      vertex -91.1 -0.8419035512031976 127.96746502847517
      vertex -91.1 -0.6386262899598172 127.89473126138914
    endloop
  endfacet
  facet normal -1 0 0
    outer loop
      vertex -91.1 -9.444365081389595 112.50307603535276
      vertex -91.1 -0.6386262899598172 127.89473126138914
      vertex -91.1 -0.4291987084354822 127.8422723831129
    endloop
  endfacet
  facet normal -1 0 0
    outer loop
      vertex -91.1 -9.299377002601979 112.34310634190237
      vertex -91.1 -0.4291987084354822 127.8422723831129
      vertex -91.1 -0.21563770872503335 127.81059360132117
    endloop
  endfacet
  facet normal -1 0 0
    outer loop
      vertex -91.1 -9.1707668529344 112.16969562938547
      vertex -91.1 -0.21563770872503335 127.81059360132117
      vertex -91.1 0 127.8
    endloop
  endfacet
  facet normal 1 0 0
    outer loop
      vertex -86.1 -16.85255888325765 119
      vertex -86.1 1.037072821017195 109.94022678156638
      vertex -86.1 -0.21563770872503335 127.81059360132117
    endloop
  endfacet
  facet normal -1 0 0
    outer loop
      vertex -91.1 -10.158096448796803 112.97997608826718
      vertex -91.1 -2.032534971524831 129.1580964487968
      vertex -91.1 -1.9402267815663812 128.9629271789828
    endloop
  endfacet
  facet normal -1 0 0
    outer loop
      vertex -91.1 -10.158096448796803 112.97997608826718
      vertex -91.1 -2.157727616887107 129.57080129156452
      vertex -91.1 -2.1052687386108597 129.36137371004017
    endloop
  endfacet
  facet normal -1 0 0
    outer loop
      vertex -91.1 -10.158096448796803 112.97997608826718
      vertex -91.1 -2.1052687386108597 129.36137371004017
      vertex -91.1 -2.032534971524831 129.1580964487968
    endloop
  endfacet
  facet normal -1 0 0
    outer loop
      vertex -91.1 -10.158096448796803 112.97997608826718
      vertex -91.1 -2.1894063986788335 129.78436229127496
      vertex -91.1 -2.157727616887107 129.57080129156452
    endloop
  endfacet
  facet normal -1 0 0
    outer loop
      vertex -91.1 -10.158096448796803 112.97997608826718
      vertex -91.1 -2.2 130
      vertex -91.1 -2.1894063986788335 129.78436229127496
    endloop
  endfacet
  facet normal -1 0 0
    outer loop
      vertex -91.1 -10.158096448796803 112.97997608826718
      vertex -91.1 -2.1894063986788335 130.21563770872504
      vertex -91.1 -2.2 130
    endloop
  endfacet
  facet normal -1 0 0
    outer loop
      vertex -91.1 -10.158096448796803 112.97997608826718
      vertex -91.1 -1.9402267815663812 128.9629271789828
      vertex -91.1 -1.8292331470655996 128.77774548735687
    endloop
  endfacet
  facet normal -1 0 0
    outer loop
      vertex -91.1 -10.158096448796803 112.97997608826718
      vertex -91.1 -1.8292331470655996 128.77774548735687
      vertex -91.1 -1.7006229973980216 128.60433477483997
    endloop
  endfacet
  facet normal 1 0 0
    outer loop
      vertex -86.1 -16.85255888325765 119
      vertex -86.1 -0.6386262899598172 127.89473126138914
      vertex -86.1 -0.8419035512031976 127.96746502847517
    endloop
  endfacet
  facet normal 1 0 0
    outer loop
      vertex -86.1 -16.85255888325765 119
      vertex -86.1 -0.8419035512031976 127.96746502847517
      vertex -86.1 -1.037072821017195 128.0597732184336
    endloop
  endfacet
  facet normal 1 0 0
    outer loop
      vertex -86.1 -16.85255888325765 119
      vertex -86.1 -0.4291987084354822 127.8422723831129
      vertex -86.1 -0.6386262899598172 127.89473126138914
    endloop
  endfacet
  facet normal 1 0 0
    outer loop
      vertex -86.1 -16.85255888325765 119
      vertex -86.1 -0.21563770872503335 127.81059360132117
      vertex -86.1 -0.4291987084354822 127.8422723831129
    endloop
  endfacet
  facet normal -1 0 0
    outer loop
      vertex -91.1 -9.05977321843362 111.98451393775954
      vertex -91.1 0 127.8
      vertex -91.1 0.21563770872503335 127.81059360132117
    endloop
  endfacet
  facet normal -1 0 0
    outer loop
      vertex -91.1 -8.96746502847517 111.78934466794556
      vertex -91.1 0.21563770872503335 127.81059360132117
      vertex -91.1 0.4291987084354822 127.8422723831129
    endloop
  endfacet
  facet normal -1 0 0
    outer loop
      vertex -91.1 -8.89473126138914 111.58606740670217
      vertex -91.1 0.4291987084354822 127.8422723831129
      vertex -91.1 0.6386262899598172 127.89473126138914
    endloop
  endfacet
  facet normal -1 0 0
    outer loop
      vertex -91.1 -8.842272383112892 111.37663982517783
      vertex -91.1 0.6386262899598172 127.89473126138914
      vertex -91.1 0.8419035512031976 127.96746502847517
    endloop
  endfacet
  facet normal -1 0 0
    outer loop
      vertex -91.1 -8.810593601321166 111.16307882546738
      vertex -91.1 0.8419035512031976 127.96746502847517
      vertex -91.1 1.037072821017195 128.0597732184336
    endloop
  endfacet
  facet normal -1 0 0
    outer loop
      vertex -91.1 -10.158096448796803 112.97997608826718
      vertex -91.1 0 158
      vertex -91.1 -2.1894063986788335 130.21563770872504
    endloop
  endfacet
  facet normal -1.2520341817687491e-17 -0.4275550934302878 0.9039892931234407
    outer loop
      vertex -91.1 -13.199108631127935 154.69379540175393
      vertex -86.1 -10.715136106222515 155.86862691031604
      vertex -91.1 -10.715136106222515 155.86862691031604
    endloop
  endfacet
  facet normal -1 0 0
    outer loop
      vertex -91.1 -13.199108631127935 154.69379540175393
      vertex -91.1 -10.715136106222515 155.86862691031604
      vertex -91.1 -8.127970963124945 156.79432940050185
    endloop
  endfacet
  facet normal 0 -0.33688985339221783 0.9415440651830216
    outer loop
      vertex -91.1 -10.715136106222515 155.86862691031604
      vertex -86.1 -10.715136106222515 155.86862691031604
      vertex -91.1 -8.127970963124945 156.79432940050185
    endloop
  endfacet
  facet normal 0 -0.4275550934302878 0.9039892931234407
    outer loop
      vertex -91.1 -13.199108631127935 154.69379540175393
      vertex -86.1 -13.199108631127935 154.69379540175393
      vertex -86.1 -10.715136106222515 155.86862691031604
    endloop
  endfacet
  facet normal 1 0 0
    outer loop
      vertex -86.1 -15.555966524548861 153.28114914447127
      vertex -86.1 -8.127970963124945 156.79432940050185
      vertex -86.1 -10.715136106222515 155.86862691031604
    endloop
  endfacet
  facet normal -1 0 0
    outer loop
      vertex -91.1 -17.763011956582073 151.64429269415663
      vertex -91.1 -8.127970963124945 156.79432940050185
      vertex -91.1 0 158
    endloop
  endfacet
  facet normal 0 -0.24298017990326026 0.9700312531945449
    outer loop
      vertex -91.1 -8.127970963124945 156.79432940050185
      vertex -86.1 -8.127970963124945 156.79432940050185
      vertex -91.1 -5.462529016451591 157.46198785129044
    endloop
  endfacet
  facet normal 6.7827774154897835e-18 -0.33688985339221783 0.9415440651830216
    outer loop
      vertex -86.1 -10.715136106222515 155.86862691031604
      vertex -86.1 -8.127970963124945 156.79432940050185
      vertex -91.1 -8.127970963124945 156.79432940050185
    endloop
  endfacet
  facet normal 5.1675764912268276e-18 -0.24298017990326026 0.9700312531945449
    outer loop
      vertex -86.1 -8.127970963124945 156.79432940050185
      vertex -86.1 -5.462529016451591 157.46198785129044
      vertex -91.1 -5.462529016451591 157.46198785129044
    endloop
  endfacet
  facet normal 1 0 0
    outer loop
      vertex -86.1 -15.555966524548861 153.28114914447127
      vertex -86.1 2.7444799292276967 157.8651723468215
      vertex -86.1 -8.127970963124945 156.79432940050185
    endloop
  endfacet
  facet normal -1 0 0
    outer loop
      vertex -91.1 -2.1894063986788335 130.21563770872504
      vertex -91.1 0 158
      vertex -91.1 -2.157727616887107 130.42919870843548
    endloop
  endfacet
  facet normal -1 0 0
    outer loop
      vertex -91.1 -2.157727616887107 130.42919870843548
      vertex -91.1 0 158
      vertex -91.1 -2.1052687386108597 130.63862628995983
    endloop
  endfacet
  facet normal -1 0 0
    outer loop
      vertex -91.1 -2.1052687386108597 130.63862628995983
      vertex -91.1 0 158
      vertex -91.1 -2.032534971524831 130.8419035512032
    endloop
  endfacet
  facet normal -1 0 0
    outer loop
      vertex -91.1 -2.032534971524831 130.8419035512032
      vertex -91.1 0 158
      vertex -91.1 -1.9402267815663812 131.0370728210172
    endloop
  endfacet
  facet normal -1 0 0
    outer loop
      vertex -91.1 -1.9402267815663812 131.0370728210172
      vertex -91.1 0 158
      vertex -91.1 -1.8292331470655996 131.22225451264313
    endloop
  endfacet
  facet normal -1 0 0
    outer loop
      vertex -91.1 -1.8292331470655996 131.22225451264313
      vertex -91.1 0 158
      vertex -91.1 -1.7006229973980216 131.39566522516003
    endloop
  endfacet
  facet normal -1 0 0
    outer loop
      vertex -91.1 -1.7006229973980216 131.39566522516003
      vertex -91.1 0 158
      vertex -91.1 -1.5556349186104048 131.5556349186104
    endloop
  endfacet
  facet normal -1 0 0
    outer loop
      vertex -91.1 -1.5556349186104048 131.5556349186104
      vertex -91.1 0 158
      vertex -91.1 -1.3956652251600201 131.70062299739803
    endloop
  endfacet
  facet normal -1 0 0
    outer loop
      vertex -91.1 -1.3956652251600201 131.70062299739803
      vertex -91.1 0 158
      vertex -91.1 -1.2222545126431248 131.8292331470656
    endloop
  endfacet
  facet normal -1 0 0
    outer loop
      vertex -91.1 -1.2222545126431248 131.8292331470656
      vertex -91.1 0 158
      vertex -91.1 -1.037072821017195 131.9402267815664
    endloop
  endfacet
  facet normal -1 0 0
    outer loop
      vertex -91.1 -1.037072821017195 131.9402267815664
      vertex -91.1 0 158
      vertex -91.1 -0.8419035512031976 132.03253497152483
    endloop
  endfacet
  facet normal -1 0 0
    outer loop
      vertex -91.1 -0.8419035512031976 132.03253497152483
      vertex -91.1 0 158
      vertex -91.1 -0.6386262899598172 132.10526873861085
    endloop
  endfacet
  facet normal -1 0 0
    outer loop
      vertex -91.1 -0.6386262899598172 132.10526873861085
      vertex -91.1 0 158
      vertex -91.1 -0.4291987084354822 132.15772761688712
    endloop
  endfacet
  facet normal -1 0 0
    outer loop
      vertex -91.1 -0.4291987084354822 132.15772761688712
      vertex -91.1 0 158
      vertex -91.1 -0.21563770872503335 132.18940639867884
    endloop
  endfacet
  facet normal -1 0 0
    outer loop
      vertex -91.1 -0.21563770872503335 132.18940639867884
      vertex -91.1 0 158
      vertex -91.1 0 132.2
    endloop
  endfacet
  facet normal -1 0 0
    outer loop
      vertex -91.1 -8.127970963124945 156.79432940050185
      vertex -91.1 -5.462529016451591 157.46198785129044
      vertex -91.1 0 158
    endloop
  endfacet
  facet normal 4.431324867385858e-18 -0.14673047445536333 0.9891765099647808
    outer loop
      vertex -91.1 -5.462529016451591 157.46198785129044
      vertex -86.1 -2.7444799292276967 157.8651723468215
      vertex -91.1 -2.7444799292276967 157.8651723468215
    endloop
  endfacet
  facet normal 1 0 0
    outer loop
      vertex -86.1 -8.127970963124945 156.79432940050185
      vertex -86.1 -2.7444799292276967 157.8651723468215
      vertex -86.1 -5.462529016451591 157.46198785129044
    endloop
  endfacet
  facet normal 0 -0.14673047445536333 0.9891765099647808
    outer loop
      vertex -91.1 -5.462529016451591 157.46198785129044
      vertex -86.1 -5.462529016451591 157.46198785129044
      vertex -86.1 -2.7444799292276967 157.8651723468215
    endloop
  endfacet
  facet normal -1 0 0
    outer loop
      vertex -91.1 -5.462529016451591 157.46198785129044
      vertex -91.1 -2.7444799292276967 157.8651723468215
      vertex -91.1 0 158
    endloop
  endfacet
  facet normal 0 -0.049067674327419195 0.9987954562051724
    outer loop
      vertex -91.1 -2.7444799292276967 157.8651723468215
      vertex -86.1 -2.7444799292276967 157.8651723468215
      vertex -91.1 0 158
    endloop
  endfacet
  facet normal 1 0 0
    outer loop
      vertex -86.1 -8.127970963124945 156.79432940050185
      vertex -86.1 2.7444799292276967 157.8651723468215
      vertex -86.1 -2.7444799292276967 157.8651723468215
    endloop
  endfacet
  facet normal -1.3775504530302822e-18 -0.049067674327419195 0.9987954562051724
    outer loop
      vertex -86.1 -2.7444799292276967 157.8651723468215
      vertex -86.1 0 158
      vertex -91.1 0 158
    endloop
  endfacet
  facet normal -1 0 0
    outer loop
      vertex -91.1 34.9 0
      vertex -91.1 -35 0
      vertex -91.1 32.79972472334095 5
    endloop
  endfacet
  facet normal 1 0 0
    outer loop
      vertex -86.1 2.032534971524831 107.1580964487968
      vertex -86.1 -34.8362876737043 5
      vertex -86.1 34.8362876737043 5
    endloop
  endfacet
  facet normal -1 0 0
    outer loop
      vertex -91.1 0 105.8
      vertex -91.1 35 0
      vertex -91.1 33.33591153257242 5
    endloop
  endfacet
  facet normal -1 0 0
    outer loop
      vertex -91.1 -0.21563770872503335 105.81059360132117
      vertex -91.1 33.33591153257242 5
      vertex -91.1 32.79972472334095 5
    endloop
  endfacet
  facet normal -1 0 0
    outer loop
      vertex -91.1 -10.784362291274967 108.75803471806353
      vertex -91.1 -7.726553963780287 107.90772827043729
      vertex -91.1 32.79972472334095 5
    endloop
  endfacet
  facet normal -1 0 0
    outer loop
      vertex -91.1 -7.726553963780287 107.90772827043729
      vertex -91.1 -7.634245773821838 107.7125590006233
      vertex -91.1 32.79972472334095 5
    endloop
  endfacet
  facet normal -1 0 0
    outer loop
      vertex -91.1 -7.523252139321055 107.52737730899737
      vertex -91.1 32.79972472334095 5
      vertex -91.1 -7.634245773821838 107.7125590006233
    endloop
  endfacet
  facet normal -1 0 0
    outer loop
      vertex -91.1 -7.394641989653477 107.35396659648048
      vertex -91.1 -7.249653910865861 107.19399690303008
      vertex -91.1 32.79972472334095 5
    endloop
  endfacet
  facet normal -1 0 0
    outer loop
      vertex -91.1 -7.394641989653477 107.35396659648048
      vertex -91.1 32.79972472334095 5
      vertex -91.1 -7.523252139321055 107.52737730899737
    endloop
  endfacet
  facet normal -1 0 0
    outer loop
      vertex -91.1 -7.249653910865861 107.19399690303008
      vertex -91.1 -7.089684217415476 107.04900882424246
      vertex -91.1 32.79972472334095 5
    endloop
  endfacet
  facet normal -1 0 0
    outer loop
      vertex -91.1 -6.535922543458653 106.71709685011567
      vertex -91.1 -6.332645282215274 106.64436308302963
      vertex -91.1 32.79972472334095 5
    endloop
  endfacet
  facet normal -1 0 0
    outer loop
      vertex -91.1 -6.332645282215274 106.64436308302963
      vertex -91.1 -6.1232177006909385 106.59190420475339
      vertex -91.1 32.79972472334095 5
    endloop
  endfacet
  facet normal -1 0 0
    outer loop
      vertex -91.1 -6.1232177006909385 106.59190420475339
      vertex -91.1 -5.90965670098049 106.56022542296166
      vertex -91.1 32.79972472334095 5
    endloop
  endfacet
  facet normal -1 0 0
    outer loop
      vertex -91.1 -7.089684217415476 107.04900882424246
      vertex -91.1 -6.916273504898581 106.9203986745749
      vertex -91.1 32.79972472334095 5
    endloop
  endfacet
  facet normal -1 0 0
    outer loop
      vertex -91.1 -6.916273504898581 106.9203986745749
      vertex -91.1 -6.731091813272651 106.80940504007411
      vertex -91.1 32.79972472334095 5
    endloop
  endfacet
  facet normal -1 0 0
    outer loop
      vertex -91.1 -6.731091813272651 106.80940504007411
      vertex -91.1 -6.535922543458653 106.71709685011567
      vertex -91.1 32.79972472334095 5
    endloop
  endfacet
  facet normal -1 0 0
    outer loop
      vertex -91.1 -5.90965670098049 106.56022542296166
      vertex -91.1 -5.694018992255456 106.54963182164049
      vertex -91.1 32.79972472334095 5
    endloop
  endfacet
  facet normal -1 0 0
    outer loop
      vertex -91.1 -5.694018992255456 106.54963182164049
      vertex -91.1 -5.478381283530423 106.56022542296166
      vertex -91.1 32.79972472334095 5
    endloop
  endfacet
  facet normal -1 0 0
    outer loop
      vertex -91.1 -5.478381283530423 106.56022542296166
      vertex -91.1 -5.264820283819974 106.59190420475339
      vertex -91.1 32.79972472334095 5
    endloop
  endfacet
  facet normal -1 0 0
    outer loop
      vertex -91.1 -5.264820283819974 106.59190420475339
      vertex -91.1 -5.055392702295639 106.64436308302963
      vertex -91.1 32.79972472334095 5
    endloop
  endfacet
  facet normal -1 0 0
    outer loop
      vertex -91.1 -5.055392702295639 106.64436308302963
      vertex -91.1 -4.852115441052259 106.71709685011567
      vertex -91.1 32.79972472334095 5
    endloop
  endfacet
  facet normal -1 0 0
    outer loop
      vertex -91.1 -4.852115441052259 106.71709685011567
      vertex -91.1 -1.3956652251600201 106.29937700260197
      vertex -91.1 32.79972472334095 5
    endloop
  endfacet
  facet normal -1 0 0
    outer loop
      vertex -91.1 -1.3956652251600201 106.29937700260197
      vertex -91.1 -1.2222545126431248 106.1707668529344
      vertex -91.1 32.79972472334095 5
    endloop
  endfacet
  facet normal -1 0 0
    outer loop
      vertex -91.1 -1.2222545126431248 106.1707668529344
      vertex -91.1 -1.037072821017195 106.05977321843362
      vertex -91.1 32.79972472334095 5
    endloop
  endfacet
  facet normal -1 0 0
    outer loop
      vertex -91.1 -1.037072821017195 106.05977321843362
      vertex -91.1 -0.8419035512031976 105.96746502847517
      vertex -91.1 32.79972472334095 5
    endloop
  endfacet
  facet normal -1 0 0
    outer loop
      vertex -91.1 -0.8419035512031976 105.96746502847517
      vertex -91.1 -0.6386262899598172 105.89473126138914
      vertex -91.1 32.79972472334095 5
    endloop
  endfacet
  facet normal -1 0 0
    outer loop
      vertex -91.1 -0.6386262899598172 105.89473126138914
      vertex -91.1 -0.4291987084354822 105.8422723831129
      vertex -91.1 32.79972472334095 5
    endloop
  endfacet
  facet normal -1 0 0
    outer loop
      vertex -91.1 -0.4291987084354822 105.8422723831129
      vertex -91.1 -0.21563770872503335 105.81059360132117
      vertex -91.1 32.79972472334095 5
    endloop
  endfacet
  facet normal -1 0 0
    outer loop
      vertex -91.1 0 105.8
      vertex -91.1 0.21563770872503335 105.81059360132117
      vertex -91.1 35 0
    endloop
  endfacet
  facet normal -1 0 0
    outer loop
      vertex -91.1 0.21563770872503335 105.81059360132117
      vertex -91.1 0.4291987084354822 105.8422723831129
      vertex -91.1 35 0
    endloop
  endfacet
  facet normal -1 0 0
    outer loop
      vertex -91.1 0.4291987084354822 105.8422723831129
      vertex -91.1 0.6386262899598172 105.89473126138914
      vertex -91.1 35 0
    endloop
  endfacet
  facet normal -1 0 0
    outer loop
      vertex -91.1 0.6386262899598172 105.89473126138914
      vertex -91.1 0.8419035512031976 105.96746502847517
      vertex -91.1 35 0
    endloop
  endfacet
  facet normal -1 0 0
    outer loop
      vertex -91.1 0.8419035512031976 105.96746502847517
      vertex -91.1 1.037072821017195 106.05977321843362
      vertex -91.1 35 0
    endloop
  endfacet
  facet normal -1 0 0
    outer loop
      vertex -91.1 1.037072821017195 106.05977321843362
      vertex -91.1 1.2222545126431248 106.1707668529344
      vertex -91.1 35 0
    endloop
  endfacet
  facet normal -1 0 0
    outer loop
      vertex -91.1 -0.21563770872503335 105.81059360132117
      vertex -91.1 0 105.8
      vertex -91.1 33.33591153257242 5
    endloop
  endfacet
  facet normal -1 0 0
    outer loop
      vertex -91.1 1.2222545126431248 106.1707668529344
      vertex -91.1 1.3956652251600201 106.29937700260197
      vertex -91.1 35 0
    endloop
  endfacet
  facet normal -1 0 0
    outer loop
      vertex -91.1 1.3956652251600201 106.29937700260197
      vertex -91.1 1.5556349186104048 106.44436508138959
      vertex -91.1 35 0
    endloop
  endfacet
  facet normal -1 0 0
    outer loop
      vertex -91.1 1.5556349186104048 106.44436508138959
      vertex -91.1 1.7006229973980216 106.60433477483998
      vertex -91.1 35 0
    endloop
  endfacet
  facet normal -1 0 0
    outer loop
      vertex -91.1 1.7006229973980216 106.60433477483998
      vertex -91.1 1.8292331470655996 106.77774548735688
      vertex -91.1 35 0
    endloop
  endfacet
  facet normal -1 0 0
    outer loop
      vertex -91.1 1.8292331470655996 106.77774548735688
      vertex -91.1 1.9402267815663812 106.96292717898281
      vertex -91.1 35 0
    endloop
  endfacet
  facet normal -1 0 0
    outer loop
      vertex -91.1 1.9402267815663812 106.96292717898281
      vertex -91.1 2.032534971524831 107.1580964487968
      vertex -91.1 35 0
    endloop
  endfacet
  facet normal -1 0 0
    outer loop
      vertex -91.1 2.032534971524831 107.1580964487968
      vertex -91.1 2.1052687386108597 107.36137371004018
      vertex -91.1 35 0
    endloop
  endfacet
  facet normal -1 0 0
    outer loop
      vertex -91.1 2.1052687386108597 107.36137371004018
      vertex -91.1 2.157727616887107 107.57080129156452
      vertex -91.1 35 0
    endloop
  endfacet
  facet normal -1 0 0
    outer loop
      vertex -91.1 2.157727616887107 107.57080129156452
      vertex -91.1 2.1894063986788335 107.78436229127497
      vertex -91.1 35 0
    endloop
  endfacet
  facet normal -1 0 0
    outer loop
      vertex -91.1 2.1894063986788335 107.78436229127497
      vertex -91.1 2.2 108
      vertex -91.1 35 0
    endloop
  endfacet
  facet normal 1 0 0
    outer loop
      vertex -86.1 2.032534971524831 107.1580964487968
      vertex -86.1 34.8362876737043 5
      vertex -86.1 2.1052687386108597 107.36137371004018
    endloop
  endfacet
  facet normal -1 0 0
    outer loop
      vertex -91.1 35 2
      vertex -91.1 35 0
      vertex -91.1 34.9 3.832482665099617
    endloop
  endfacet
  facet normal -1 0 0
    outer loop
      vertex -91.1 34.9 3.832482665099617
      vertex -91.1 35 0
      vertex -91.1 34.8362876737043 5
    endloop
  endfacet
  facet normal -1 0 0
    outer loop
      vertex -91.1 35 0
      vertex -91.1 32.80074544767726 42.3009584327279
      vertex -91.1 34.8362876737043 5
    endloop
  endfacet
  facet normal -1 0 0
    outer loop
      vertex -91.1 32.80074544767726 42.3009584327279
      vertex -91.1 35 0
      vertex -91.1 27.865172346821513 132.7444799292277
    endloop
  endfacet
  facet normal 0 0.9985143326162969 0.054489701410737806
    outer loop
      vertex -91.1 32.80074544767726 42.3009584327279
      vertex -86.1 27.865172346821513 132.7444799292277
      vertex -86.1 32.80074544767726 42.3009584327279
    endloop
  endfacet
  facet normal 1 0 0
    outer loop
      vertex -86.1 32.80074544767726 42.3009584327279
      vertex -86.1 27.461987851290452 135.46252901645158
      vertex -86.1 34.8362876737043 5
    endloop
  endfacet
  facet normal -1 0 0
    outer loop
      vertex -91.1 2.1052687386108597 130.63862628995983
      vertex -91.1 0 158
      vertex -91.1 35 0
    endloop
  endfacet
  facet normal -1 0 0
    outer loop
      vertex -91.1 0.8419035512031976 110.03253497152483
      vertex -91.1 1.037072821017195 128.0597732184336
      vertex -91.1 1.037072821017195 109.94022678156638
    endloop
  endfacet
  facet normal -1 0 0
    outer loop
      vertex -91.1 1.037072821017195 109.94022678156638
      vertex -91.1 1.2222545126431248 128.1707668529344
      vertex -91.1 1.2222545126431248 109.8292331470656
    endloop
  endfacet
  facet normal -1 0 0
    outer loop
      vertex -91.1 1.2222545126431248 109.8292331470656
      vertex -91.1 1.3956652251600201 128.29937700260197
      vertex -91.1 1.3956652251600201 109.70062299739803
    endloop
  endfacet
  facet normal -1 0 0
    outer loop
      vertex -91.1 1.3956652251600201 109.70062299739803
      vertex -91.1 1.5556349186104048 128.4443650813896
      vertex -91.1 1.5556349186104048 109.55563491861041
    endloop
  endfacet
  facet normal -1 0 0
    outer loop
      vertex -91.1 -0.4291987084354822 110.1577276168871
      vertex -91.1 1.037072821017195 128.0597732184336
      vertex -91.1 -0.21563770872503335 110.18940639867883
    endloop
  endfacet
  facet normal -1 0 0
    outer loop
      vertex -91.1 -0.21563770872503335 110.18940639867883
      vertex -91.1 1.037072821017195 128.0597732184336
      vertex -91.1 0 110.2
    endloop
  endfacet
  facet normal -1 0 0
    outer loop
      vertex -91.1 0 110.2
      vertex -91.1 1.037072821017195 128.0597732184336
      vertex -91.1 0.21563770872503335 110.18940639867883
    endloop
  endfacet
  facet normal -1 0 0
    outer loop
      vertex -91.1 0.21563770872503335 110.18940639867883
      vertex -91.1 1.037072821017195 128.0597732184336
      vertex -91.1 0.4291987084354822 110.1577276168871
    endloop
  endfacet
  facet normal -1 0 0
    outer loop
      vertex -91.1 0.4291987084354822 110.1577276168871
      vertex -91.1 1.037072821017195 128.0597732184336
      vertex -91.1 0.6386262899598172 110.10526873861086
    endloop
  endfacet
  facet normal -1 0 0
    outer loop
      vertex -91.1 0.6386262899598172 110.10526873861086
      vertex -91.1 1.037072821017195 128.0597732184336
      vertex -91.1 0.8419035512031976 110.03253497152483
    endloop
  endfacet
  facet normal -1 0 0
    outer loop
      vertex -91.1 1.5556349186104048 109.55563491861041
      vertex -91.1 1.7006229973980216 128.60433477483997
      vertex -91.1 1.7006229973980216 109.39566522516002
    endloop
  endfacet
  facet normal -1 0 0
    outer loop
      vertex -91.1 1.8292331470655996 109.22225451264312
      vertex -91.1 1.7006229973980216 109.39566522516002
      vertex -91.1 1.8292331470655996 128.77774548735687
    endloop
  endfacet
  facet normal -1 0 0
    outer loop
      vertex -91.1 1.8292331470655996 109.22225451264312
      vertex -91.1 1.9402267815663812 128.9629271789828
      vertex -91.1 1.9402267815663812 109.03707282101719
    endloop
  endfacet
  facet normal -1 0 0
    outer loop
      vertex -91.1 2.2 108
      vertex -91.1 2.1894063986788335 108.21563770872503
      vertex -91.1 2.2 130
    endloop
  endfacet
  facet normal -1 0 0
    outer loop
      vertex -91.1 2.032534971524831 108.8419035512032
      vertex -91.1 1.9402267815663812 109.03707282101719
      vertex -91.1 2.032534971524831 129.1580964487968
    endloop
  endfacet
  facet normal -1 0 0
    outer loop
      vertex -91.1 2.157727616887107 108.42919870843548
      vertex -91.1 2.1052687386108597 108.63862628995982
      vertex -91.1 2.157727616887107 129.57080129156452
    endloop
  endfacet
  facet normal -1 0 0
    outer loop
      vertex -91.1 2.032534971524831 108.8419035512032
      vertex -91.1 2.1052687386108597 129.36137371004017
      vertex -91.1 2.1052687386108597 108.63862628995982
    endloop
  endfacet
  facet normal -1 0 0
    outer loop
      vertex -91.1 2.157727616887107 108.42919870843548
      vertex -91.1 2.1894063986788335 129.78436229127496
      vertex -91.1 2.1894063986788335 108.21563770872503
    endloop
  endfacet
  facet normal 1 0 0
    outer loop
      vertex -86.1 1.037072821017195 109.94022678156638
      vertex -86.1 1.2222545126431248 109.8292331470656
      vertex -86.1 1.037072821017195 128.0597732184336
    endloop
  endfacet
  facet normal 1 0 0
    outer loop
      vertex -86.1 1.2222545126431248 109.8292331470656
      vertex -86.1 1.3956652251600201 109.70062299739803
      vertex -86.1 1.2222545126431248 128.1707668529344
    endloop
  endfacet
  facet normal 1 0 0
    outer loop
      vertex -86.1 1.3956652251600201 109.70062299739803
      vertex -86.1 1.5556349186104048 109.55563491861041
      vertex -86.1 1.3956652251600201 128.29937700260197
    endloop
  endfacet
  facet normal 1 0 0
    outer loop
      vertex -86.1 1.5556349186104048 109.55563491861041
      vertex -86.1 1.7006229973980216 109.39566522516002
      vertex -86.1 1.5556349186104048 128.4443650813896
    endloop
  endfacet
  facet normal 1 0 0
    outer loop
      vertex -86.1 1.8292331470655996 109.22225451264312
      vertex -86.1 1.7006229973980216 128.60433477483997
      vertex -86.1 1.7006229973980216 109.39566522516002
    endloop
  endfacet
  facet normal 1 0 0
    outer loop
      vertex -86.1 1.8292331470655996 109.22225451264312
      vertex -86.1 1.9402267815663812 109.03707282101719
      vertex -86.1 1.8292331470655996 128.77774548735687
    endloop
  endfacet
  facet normal 1 0 0
    outer loop
      vertex -86.1 2.157727616887107 108.42919870843548
      vertex -86.1 2.1894063986788335 108.21563770872503
      vertex -86.1 2.157727616887107 129.57080129156452
    endloop
  endfacet
  facet normal 1 0 0
    outer loop
      vertex -86.1 2.2 108
      vertex -86.1 2.1894063986788335 129.78436229127496
      vertex -86.1 2.1894063986788335 108.21563770872503
    endloop
  endfacet
  facet normal 1 0 0
    outer loop
      vertex -86.1 2.032534971524831 108.8419035512032
      vertex -86.1 1.9402267815663812 128.9629271789828
      vertex -86.1 1.9402267815663812 109.03707282101719
    endloop
  endfacet
  facet normal 1 0 0
    outer loop
      vertex -86.1 2.032534971524831 108.8419035512032
      vertex -86.1 2.1052687386108597 108.63862628995982
      vertex -86.1 2.032534971524831 129.1580964487968
    endloop
  endfacet
  facet normal 1 0 0
    outer loop
      vertex -86.1 2.157727616887107 108.42919870843548
      vertex -86.1 2.1052687386108597 129.36137371004017
      vertex -86.1 2.1052687386108597 108.63862628995982
    endloop
  endfacet
  facet normal 1 0 0
    outer loop
      vertex -86.1 2.1052687386108597 107.36137371004018
      vertex -86.1 27.461987851290452 135.46252901645158
      vertex -86.1 2.157727616887107 107.57080129156452
    endloop
  endfacet
  facet normal 1 0 0
    outer loop
      vertex -86.1 2.157727616887107 107.57080129156452
      vertex -86.1 27.461987851290452 135.46252901645158
      vertex -86.1 2.1894063986788335 107.78436229127497
    endloop
  endfacet
  facet normal 1 0 0
    outer loop
      vertex -86.1 2.1894063986788335 107.78436229127497
      vertex -86.1 27.461987851290452 135.46252901645158
      vertex -86.1 2.2 108
    endloop
  endfacet
  facet normal -1 0 0
    outer loop
      vertex -91.1 2.2 108
      vertex -91.1 2.2 130
      vertex -91.1 35 0
    endloop
  endfacet
  facet normal -1 0 0
    outer loop
      vertex -91.1 2.2 130
      vertex -91.1 2.1894063986788335 130.21563770872504
      vertex -91.1 35 0
    endloop
  endfacet
  facet normal -1 0 0
    outer loop
      vertex -91.1 2.157727616887107 130.42919870843548
      vertex -91.1 2.1052687386108597 130.63862628995983
      vertex -91.1 35 0
    endloop
  endfacet
  facet normal -1 0 0
    outer loop
      vertex -91.1 2.157727616887107 130.42919870843548
      vertex -91.1 35 0
      vertex -91.1 2.1894063986788335 130.21563770872504
    endloop
  endfacet
  facet normal 1 0 0
    outer loop
      vertex -86.1 2.1052687386108597 107.36137371004018
      vertex -86.1 34.8362876737043 5
      vertex -86.1 27.461987851290452 135.46252901645158
    endloop
  endfacet
  facet normal -1 0 0
    outer loop
      vertex -91.1 0 158
      vertex -91.1 27.461987851290452 135.46252901645158
      vertex -91.1 35 0
    endloop
  endfacet
  facet normal -1 0 0
    outer loop
      vertex -91.1 1.037072821017195 109.94022678156638
      vertex -91.1 1.037072821017195 128.0597732184336
      vertex -91.1 1.2222545126431248 128.1707668529344
    endloop
  endfacet
  facet normal -1 0 0
    outer loop
      vertex -91.1 1.2222545126431248 109.8292331470656
      vertex -91.1 1.2222545126431248 128.1707668529344
      vertex -91.1 1.3956652251600201 128.29937700260197
    endloop
  endfacet
  facet normal -1 0 0
    outer loop
      vertex -91.1 1.3956652251600201 109.70062299739803
      vertex -91.1 1.3956652251600201 128.29937700260197
      vertex -91.1 1.5556349186104048 128.4443650813896
    endloop
  endfacet
  facet normal -1 0 0
    outer loop
      vertex -91.1 1.5556349186104048 109.55563491861041
      vertex -91.1 1.5556349186104048 128.4443650813896
      vertex -91.1 1.7006229973980216 128.60433477483997
    endloop
  endfacet
  facet normal -1 0 0
    outer loop
      vertex -91.1 1.7006229973980216 109.39566522516002
      vertex -91.1 1.7006229973980216 128.60433477483997
      vertex -91.1 1.8292331470655996 128.77774548735687
    endloop
  endfacet
  facet normal -1 0 0
    outer loop
      vertex -91.1 1.8292331470655996 109.22225451264312
      vertex -91.1 1.8292331470655996 128.77774548735687
      vertex -91.1 1.9402267815663812 128.9629271789828
    endloop
  endfacet
  facet normal -1 0 0
    outer loop
      vertex -91.1 1.9402267815663812 109.03707282101719
      vertex -91.1 1.9402267815663812 128.9629271789828
      vertex -91.1 2.032534971524831 129.1580964487968
    endloop
  endfacet
  facet normal -1 0 0
    outer loop
      vertex -91.1 2.032534971524831 108.8419035512032
      vertex -91.1 2.032534971524831 129.1580964487968
      vertex -91.1 2.1052687386108597 129.36137371004017
    endloop
  endfacet
  facet normal -1 0 0
    outer loop
      vertex -91.1 2.1052687386108597 108.63862628995982
      vertex -91.1 2.1052687386108597 129.36137371004017
      vertex -91.1 2.157727616887107 129.57080129156452
    endloop
  endfacet
  facet normal -1 0 0
    outer loop
      vertex -91.1 2.157727616887107 108.42919870843548
      vertex -91.1 2.157727616887107 129.57080129156452
      vertex -91.1 2.1894063986788335 129.78436229127496
    endloop
  endfacet
  facet normal -1 0 0
    outer loop
      vertex -91.1 2.1894063986788335 108.21563770872503
      vertex -91.1 2.1894063986788335 129.78436229127496
      vertex -91.1 2.2 130
    endloop
  endfacet
  facet normal 1 0 0
    outer loop
      vertex -86.1 -0.21563770872503335 127.81059360132117
      vertex -86.1 1.037072821017195 109.94022678156638
      vertex -86.1 0 127.8
    endloop
  endfacet
  facet normal 1 0 0
    outer loop
      vertex -86.1 1.037072821017195 109.94022678156638
      vertex -86.1 0.21563770872503335 127.81059360132117
      vertex -86.1 0 127.8
    endloop
  endfacet
  facet normal 1 0 0
    outer loop
      vertex -86.1 1.037072821017195 109.94022678156638
      vertex -86.1 0.4291987084354822 127.8422723831129
      vertex -86.1 0.21563770872503335 127.81059360132117
    endloop
  endfacet
  facet normal 1 0 0
    outer loop
      vertex -86.1 1.037072821017195 109.94022678156638
      vertex -86.1 0.6386262899598172 127.89473126138914
      vertex -86.1 0.4291987084354822 127.8422723831129
    endloop
  endfacet
  facet normal 1 0 0
    outer loop
      vertex -86.1 1.037072821017195 109.94022678156638
      vertex -86.1 0.8419035512031976 127.96746502847517
      vertex -86.1 0.6386262899598172 127.89473126138914
    endloop
  endfacet
  facet normal 1 0 0
    outer loop
      vertex -86.1 1.037072821017195 109.94022678156638
      vertex -86.1 1.037072821017195 128.0597732184336
      vertex -86.1 0.8419035512031976 127.96746502847517
    endloop
  endfacet
  facet normal 1 0 0
    outer loop
      vertex -86.1 1.2222545126431248 109.8292331470656
      vertex -86.1 1.2222545126431248 128.1707668529344
      vertex -86.1 1.037072821017195 128.0597732184336
    endloop
  endfacet
  facet normal 1 0 0
    outer loop
      vertex -86.1 1.3956652251600201 109.70062299739803
      vertex -86.1 1.3956652251600201 128.29937700260197
      vertex -86.1 1.2222545126431248 128.1707668529344
    endloop
  endfacet
  facet normal 1 0 0
    outer loop
      vertex -86.1 1.5556349186104048 109.55563491861041
      vertex -86.1 1.5556349186104048 128.4443650813896
      vertex -86.1 1.3956652251600201 128.29937700260197
    endloop
  endfacet
  facet normal 1 0 0
    outer loop
      vertex -86.1 1.7006229973980216 109.39566522516002
      vertex -86.1 1.7006229973980216 128.60433477483997
      vertex -86.1 1.5556349186104048 128.4443650813896
    endloop
  endfacet
  facet normal 1 0 0
    outer loop
      vertex -86.1 1.8292331470655996 109.22225451264312
      vertex -86.1 1.8292331470655996 128.77774548735687
      vertex -86.1 1.7006229973980216 128.60433477483997
    endloop
  endfacet
  facet normal 1 0 0
    outer loop
      vertex -86.1 1.9402267815663812 109.03707282101719
      vertex -86.1 1.9402267815663812 128.9629271789828
      vertex -86.1 1.8292331470655996 128.77774548735687
    endloop
  endfacet
  facet normal 1 0 0
    outer loop
      vertex -86.1 2.032534971524831 108.8419035512032
      vertex -86.1 2.032534971524831 129.1580964487968
      vertex -86.1 1.9402267815663812 128.9629271789828
    endloop
  endfacet
  facet normal 1 0 0
    outer loop
      vertex -86.1 2.1052687386108597 108.63862628995982
      vertex -86.1 2.1052687386108597 129.36137371004017
      vertex -86.1 2.032534971524831 129.1580964487968
    endloop
  endfacet
  facet normal 1 0 0
    outer loop
      vertex -86.1 2.157727616887107 108.42919870843548
      vertex -86.1 2.157727616887107 129.57080129156452
      vertex -86.1 2.1052687386108597 129.36137371004017
    endloop
  endfacet
  facet normal 1 0 0
    outer loop
      vertex -86.1 2.1894063986788335 108.21563770872503
      vertex -86.1 2.1894063986788335 129.78436229127496
      vertex -86.1 2.157727616887107 129.57080129156452
    endloop
  endfacet
  facet normal 1 0 0
    outer loop
      vertex -86.1 -25.868626910316028 140.7151361062225
      vertex -86.1 0.6386262899598172 132.10526873861085
      vertex -86.1 27.461987851290452 135.46252901645158
    endloop
  endfacet
  facet normal 1 0 0
    outer loop
      vertex -86.1 2.2 108
      vertex -86.1 27.461987851290452 135.46252901645158
      vertex -86.1 2.1894063986788335 129.78436229127496
    endloop
  endfacet
  facet normal 1 0 0
    outer loop
      vertex -86.1 0.8419035512031976 132.03253497152483
      vertex -86.1 27.461987851290452 135.46252901645158
      vertex -86.1 0.6386262899598172 132.10526873861085
    endloop
  endfacet
  facet normal 1 0 0
    outer loop
      vertex -86.1 0.8419035512031976 132.03253497152483
      vertex -86.1 1.037072821017195 131.9402267815664
      vertex -86.1 27.461987851290452 135.46252901645158
    endloop
  endfacet
  facet normal 1 0 0
    outer loop
      vertex -86.1 1.037072821017195 131.9402267815664
      vertex -86.1 1.2222545126431248 131.8292331470656
      vertex -86.1 27.461987851290452 135.46252901645158
    endloop
  endfacet
  facet normal 1 0 0
    outer loop
      vertex -86.1 1.2222545126431248 131.8292331470656
      vertex -86.1 1.3956652251600201 131.70062299739803
      vertex -86.1 27.461987851290452 135.46252901645158
    endloop
  endfacet
  facet normal 1 0 0
    outer loop
      vertex -86.1 1.3956652251600201 131.70062299739803
      vertex -86.1 1.5556349186104048 131.5556349186104
      vertex -86.1 27.461987851290452 135.46252901645158
    endloop
  endfacet
  facet normal 1 0 0
    outer loop
      vertex -86.1 2.1894063986788335 129.78436229127496
      vertex -86.1 27.461987851290452 135.46252901645158
      vertex -86.1 2.2 130
    endloop
  endfacet
  facet normal 1 0 0
    outer loop
      vertex -86.1 2.2 130
      vertex -86.1 27.461987851290452 135.46252901645158
      vertex -86.1 2.1894063986788335 130.21563770872504
    endloop
  endfacet
  facet normal 1 0 0
    outer loop
      vertex -86.1 2.157727616887107 130.42919870843548
      vertex -86.1 2.1894063986788335 130.21563770872504
      vertex -86.1 27.461987851290452 135.46252901645158
    endloop
  endfacet
  facet normal 1 0 0
    outer loop
      vertex -86.1 1.7006229973980216 131.39566522516003
      vertex -86.1 1.8292331470655996 131.22225451264313
      vertex -86.1 27.461987851290452 135.46252901645158
    endloop
  endfacet
  facet normal 1 0 0
    outer loop
      vertex -86.1 2.032534971524831 130.8419035512032
      vertex -86.1 2.1052687386108597 130.63862628995983
      vertex -86.1 27.461987851290452 135.46252901645158
    endloop
  endfacet
  facet normal 1 0 0
    outer loop
      vertex -86.1 1.8292331470655996 131.22225451264313
      vertex -86.1 1.9402267815663812 131.0370728210172
      vertex -86.1 27.461987851290452 135.46252901645158
    endloop
  endfacet
  facet normal 1 0 0
    outer loop
      vertex -86.1 2.032534971524831 130.8419035512032
      vertex -86.1 27.461987851290452 135.46252901645158
      vertex -86.1 1.9402267815663812 131.0370728210172
    endloop
  endfacet
  facet normal 1 0 0
    outer loop
      vertex -86.1 1.5556349186104048 131.5556349186104
      vertex -86.1 1.7006229973980216 131.39566522516003
      vertex -86.1 27.461987851290452 135.46252901645158
    endloop
  endfacet
  facet normal 1 0 0
    outer loop
      vertex -86.1 2.157727616887107 130.42919870843548
      vertex -86.1 27.461987851290452 135.46252901645158
      vertex -86.1 2.1052687386108597 130.63862628995983
    endloop
  endfacet
  facet normal -1 0 0
    outer loop
      vertex -91.1 0.8419035512031976 132.03253497152483
      vertex -91.1 0.6386262899598172 132.10526873861085
      vertex -91.1 0 158
    endloop
  endfacet
  facet normal -1 0 0
    outer loop
      vertex -91.1 0.8419035512031976 132.03253497152483
      vertex -91.1 0 158
      vertex -91.1 1.037072821017195 131.9402267815664
    endloop
  endfacet
  facet normal -1 0 0
    outer loop
      vertex -91.1 1.037072821017195 131.9402267815664
      vertex -91.1 0 158
      vertex -91.1 1.2222545126431248 131.8292331470656
    endloop
  endfacet
  facet normal -1 0 0
    outer loop
      vertex -91.1 1.2222545126431248 131.8292331470656
      vertex -91.1 0 158
      vertex -91.1 1.3956652251600201 131.70062299739803
    endloop
  endfacet
  facet normal -1 0 0
    outer loop
      vertex -91.1 1.5556349186104048 131.5556349186104
      vertex -91.1 0 158
      vertex -91.1 1.7006229973980216 131.39566522516003
    endloop
  endfacet
  facet normal -1 0 0
    outer loop
      vertex -91.1 1.3956652251600201 131.70062299739803
      vertex -91.1 0 158
      vertex -91.1 1.5556349186104048 131.5556349186104
    endloop
  endfacet
  facet normal -1 0 0
    outer loop
      vertex -91.1 1.8292331470655996 131.22225451264313
      vertex -91.1 0 158
      vertex -91.1 1.9402267815663812 131.0370728210172
    endloop
  endfacet
  facet normal -1 0 0
    outer loop
      vertex -91.1 2.032534971524831 130.8419035512032
      vertex -91.1 1.9402267815663812 131.0370728210172
      vertex -91.1 0 158
    endloop
  endfacet
  facet normal -1 0 0
    outer loop
      vertex -91.1 2.032534971524831 130.8419035512032
      vertex -91.1 0 158
      vertex -91.1 2.1052687386108597 130.63862628995983
    endloop
  endfacet
  facet normal -1 0 0
    outer loop
      vertex -91.1 1.7006229973980216 131.39566522516003
      vertex -91.1 0 158
      vertex -91.1 1.8292331470655996 131.22225451264313
    endloop
  endfacet
  facet normal -1 0 0
    outer loop
      vertex -91.1 0 132.2
      vertex -91.1 0 158
      vertex -91.1 0.21563770872503335 132.18940639867884
    endloop
  endfacet
  facet normal -1 0 0
    outer loop
      vertex -91.1 0.21563770872503335 132.18940639867884
      vertex -91.1 0 158
      vertex -91.1 0.4291987084354822 132.15772761688712
    endloop
  endfacet
  facet normal -1 0 0
    outer loop
      vertex -91.1 0.4291987084354822 132.15772761688712
      vertex -91.1 0 158
      vertex -91.1 0.6386262899598172 132.10526873861085
    endloop
  endfacet
  facet normal 1 0 0
    outer loop
      vertex -86.1 -25.868626910316028 140.7151361062225
      vertex -86.1 27.461987851290452 135.46252901645158
      vertex -86.1 2.7444799292276967 157.8651723468215
    endloop
  endfacet
  facet normal -1 0 0
    outer loop
      vertex -91.1 0 158
      vertex -91.1 2.7444799292276967 157.8651723468215
      vertex -91.1 5.462529016451591 157.46198785129044
    endloop
  endfacet
  facet normal 1.3775504530302822e-18 0.049067674327419195 0.9987954562051724
    outer loop
      vertex -91.1 0 158
      vertex -86.1 2.7444799292276967 157.8651723468215
      vertex -91.1 2.7444799292276967 157.8651723468215
    endloop
  endfacet
  facet normal 0 0.049067674327419195 0.9987954562051724
    outer loop
      vertex -91.1 0 158
      vertex -86.1 0 158
      vertex -86.1 2.7444799292276967 157.8651723468215
    endloop
  endfacet
  facet normal 1 0 0
    outer loop
      vertex -86.1 -2.7444799292276967 157.8651723468215
      vertex -86.1 2.7444799292276967 157.8651723468215
      vertex -86.1 0 158
    endloop
  endfacet
  facet normal -4.431324867385858e-18 0.14673047445536333 0.9891765099647808
    outer loop
      vertex -91.1 2.7444799292276967 157.8651723468215
      vertex -86.1 5.462529016451591 157.46198785129044
      vertex -91.1 5.462529016451591 157.46198785129044
    endloop
  endfacet
  facet normal -1 0 0
    outer loop
      vertex -91.1 0 158
      vertex -91.1 5.462529016451591 157.46198785129044
      vertex -91.1 10.715136106222515 155.86862691031604
    endloop
  endfacet
  facet normal 0 0.14673047445536333 0.9891765099647808
    outer loop
      vertex -91.1 2.7444799292276967 157.8651723468215
      vertex -86.1 2.7444799292276967 157.8651723468215
      vertex -86.1 5.462529016451591 157.46198785129044
    endloop
  endfacet
  facet normal 1 0 0
    outer loop
      vertex -86.1 2.7444799292276967 157.8651723468215
      vertex -86.1 8.127970963124945 156.79432940050185
      vertex -86.1 5.462529016451591 157.46198785129044
    endloop
  endfacet
  facet normal 0 0.24298017990326026 0.9700312531945449
    outer loop
      vertex -91.1 5.462529016451591 157.46198785129044
      vertex -86.1 5.462529016451591 157.46198785129044
      vertex -91.1 8.127970963124945 156.79432940050185
    endloop
  endfacet
  facet normal -1 0 0
    outer loop
      vertex -91.1 5.462529016451591 157.46198785129044
      vertex -91.1 8.127970963124945 156.79432940050185
      vertex -91.1 10.715136106222515 155.86862691031604
    endloop
  endfacet
  facet normal 0 0.33688985339221783 0.9415440651830216
    outer loop
      vertex -91.1 8.127970963124945 156.79432940050185
      vertex -86.1 8.127970963124945 156.79432940050185
      vertex -91.1 10.715136106222515 155.86862691031604
    endloop
  endfacet
  facet normal -5.1675764912268276e-18 0.24298017990326026 0.9700312531945449
    outer loop
      vertex -86.1 5.462529016451591 157.46198785129044
      vertex -86.1 8.127970963124945 156.79432940050185
      vertex -91.1 8.127970963124945 156.79432940050185
    endloop
  endfacet
  facet normal 1 0 0
    outer loop
      vertex -86.1 2.7444799292276967 157.8651723468215
      vertex -86.1 13.199108631127935 154.69379540175393
      vertex -86.1 8.127970963124945 156.79432940050185
    endloop
  endfacet
  facet normal -1 0 0
    outer loop
      vertex -91.1 0 158
      vertex -91.1 10.715136106222515 155.86862691031604
      vertex -91.1 17.763011956582073 151.64429269415663
    endloop
  endfacet
  facet normal 1.2520341817687491e-17 0.4275550934302878 0.9039892931234407
    outer loop
      vertex -91.1 10.715136106222515 155.86862691031604
      vertex -86.1 13.199108631127935 154.69379540175393
      vertex -91.1 13.199108631127935 154.69379540175393
    endloop
  endfacet
  facet normal -6.7827774154897835e-18 0.33688985339221783 0.9415440651830216
    outer loop
      vertex -86.1 8.127970963124945 156.79432940050185
      vertex -86.1 10.715136106222515 155.86862691031604
      vertex -91.1 10.715136106222515 155.86862691031604
    endloop
  endfacet
  facet normal 1 0 0
    outer loop
      vertex -86.1 8.127970963124945 156.79432940050185
      vertex -86.1 13.199108631127935 154.69379540175393
      vertex -86.1 10.715136106222515 155.86862691031604
    endloop
  endfacet
  facet normal 0 0.4275550934302878 0.9039892931234407
    outer loop
      vertex -91.1 10.715136106222515 155.86862691031604
      vertex -86.1 10.715136106222515 155.86862691031604
      vertex -86.1 13.199108631127935 154.69379540175393
    endloop
  endfacet
  facet normal 1 0 0
    outer loop
      vertex -86.1 2.7444799292276967 157.8651723468215
      vertex -86.1 19.79898987322333 149.79898987322332
      vertex -86.1 13.199108631127935 154.69379540175393
    endloop
  endfacet
  facet normal 1 0 0
    outer loop
      vertex -86.1 2.7444799292276967 157.8651723468215
      vertex -86.1 27.461987851290452 135.46252901645158
      vertex -86.1 19.79898987322333 149.79898987322332
    endloop
  endfacet
  facet normal -1 0 0
    outer loop
      vertex -91.1 0 158
      vertex -91.1 17.763011956582073 151.64429269415663
      vertex -91.1 27.461987851290452 135.46252901645158
    endloop
  endfacet
  facet normal -1 0 0
    outer loop
      vertex -91.1 10.715136106222515 155.86862691031604
      vertex -91.1 13.199108631127935 154.69379540175393
      vertex -91.1 15.555966524548861 153.28114914447127
    endloop
  endfacet
  facet normal -1 0 0
    outer loop
      vertex -91.1 10.715136106222515 155.86862691031604
      vertex -91.1 15.555966524548861 153.28114914447127
      vertex -91.1 17.763011956582073 151.64429269415663
    endloop
  endfacet
  facet normal -1.429984032331597e-17 0.5141027441932181 0.8577286100002741
    outer loop
      vertex -91.1 13.199108631127935 154.69379540175393
      vertex -86.1 15.555966524548861 153.28114914447127
      vertex -91.1 15.555966524548861 153.28114914447127
    endloop
  endfacet
  facet normal 0 0.5141027441932181 0.8577286100002741
    outer loop
      vertex -91.1 13.199108631127935 154.69379540175393
      vertex -86.1 13.199108631127935 154.69379540175393
      vertex -86.1 15.555966524548861 153.28114914447127
    endloop
  endfacet
  facet normal 1 0 0
    outer loop
      vertex -86.1 13.199108631127935 154.69379540175393
      vertex -86.1 17.763011956582073 151.64429269415663
      vertex -86.1 15.555966524548861 153.28114914447127
    endloop
  endfacet
  facet normal -5.0996446367097806e-18 0.5956993044924349 0.8032075314806437
    outer loop
      vertex -91.1 15.555966524548861 153.28114914447127
      vertex -86.1 17.763011956582073 151.64429269415663
      vertex -91.1 17.763011956582073 151.64429269415663
    endloop
  endfacet
  facet normal 0 0.5956993044924349 0.8032075314806437
    outer loop
      vertex -91.1 15.555966524548861 153.28114914447127
      vertex -86.1 15.555966524548861 153.28114914447127
      vertex -86.1 17.763011956582073 151.64429269415663
    endloop
  endfacet
  facet normal 1 0 0
    outer loop
      vertex -86.1 13.199108631127935 154.69379540175393
      vertex -86.1 19.79898987322333 149.79898987322332
      vertex -86.1 17.763011956582073 151.64429269415663
    endloop
  endfacet
  facet normal 0 0.6715589548470199 0.7409511253549578
    outer loop
      vertex -91.1 17.763011956582073 151.64429269415663
      vertex -86.1 17.763011956582073 151.64429269415663
      vertex -86.1 19.79898987322333 149.79898987322332
    endloop
  endfacet
  facet normal -1 0 0
    outer loop
      vertex -91.1 21.644292694156636 147.76301195658206
      vertex -91.1 24.693795401753942 143.19910863112793
      vertex -91.1 17.763011956582073 151.64429269415663
    endloop
  endfacet
  facet normal 1 0 0
    outer loop
      vertex -86.1 19.79898987322333 149.79898987322332
      vertex -86.1 27.461987851290452 135.46252901645158
      vertex -86.1 24.693795401753942 143.19910863112793
    endloop
  endfacet
  facet normal -1 0 0
    outer loop
      vertex -91.1 17.763011956582073 151.64429269415663
      vertex -91.1 24.693795401753942 143.19910863112793
      vertex -91.1 27.461987851290452 135.46252901645158
    endloop
  endfacet
  facet normal -1 0 0
    outer loop
      vertex -91.1 21.644292694156636 147.76301195658206
      vertex -91.1 23.281149144471268 145.55596652454886
      vertex -91.1 24.693795401753942 143.19910863112793
    endloop
  endfacet
  facet normal 0 0.803207531480643 0.5956993044924358
    outer loop
      vertex -91.1 21.644292694156636 147.76301195658206
      vertex -86.1 21.644292694156636 147.76301195658206
      vertex -91.1 23.281149144471268 145.55596652454886
    endloop
  endfacet
  facet normal 7.584288890853002e-18 0.8577286100002729 0.5141027441932202
    outer loop
      vertex -91.1 23.281149144471268 145.55596652454886
      vertex -86.1 24.693795401753942 143.19910863112793
      vertex -91.1 24.693795401753942 143.19910863112793
    endloop
  endfacet
  facet normal 1 0 0
    outer loop
      vertex -86.1 21.644292694156636 147.76301195658206
      vertex -86.1 24.693795401753942 143.19910863112793
      vertex -86.1 23.281149144471268 145.55596652454886
    endloop
  endfacet
  facet normal -1.5050935043273206e-17 0.803207531480643 0.5956993044924358
    outer loop
      vertex -86.1 21.644292694156636 147.76301195658206
      vertex -86.1 23.281149144471268 145.55596652454886
      vertex -91.1 23.281149144471268 145.55596652454886
    endloop
  endfacet
  facet normal 1 0 0
    outer loop
      vertex -86.1 21.644292694156636 147.76301195658206
      vertex -86.1 19.79898987322333 149.79898987322332
      vertex -86.1 24.693795401753942 143.19910863112793
    endloop
  endfacet
  facet normal 0 0.8577286100002729 0.5141027441932202
    outer loop
      vertex -91.1 23.281149144471268 145.55596652454886
      vertex -86.1 23.281149144471268 145.55596652454886
      vertex -86.1 24.693795401753942 143.19910863112793
    endloop
  endfacet
  facet normal -1 0 0
    outer loop
      vertex -91.1 21.644292694156636 147.76301195658206
      vertex -91.1 17.763011956582073 151.64429269415663
      vertex -91.1 19.79898987322333 149.79898987322332
    endloop
  endfacet
  facet normal -9.945756298328847e-18 0.6715589548470199 0.7409511253549578
    outer loop
      vertex -91.1 17.763011956582073 151.64429269415663
      vertex -86.1 19.79898987322333 149.79898987322332
      vertex -91.1 19.79898987322333 149.79898987322332
    endloop
  endfacet
  facet normal 8.66108740393527e-18 0.740951125354959 0.6715589548470184
    outer loop
      vertex -91.1 21.644292694156636 147.76301195658206
      vertex -91.1 19.79898987322333 149.79898987322332
      vertex -86.1 19.79898987322333 149.79898987322332
    endloop
  endfacet
  facet normal 0 0.740951125354959 0.6715589548470184
    outer loop
      vertex -91.1 21.644292694156636 147.76301195658206
      vertex -86.1 19.79898987322333 149.79898987322332
      vertex -86.1 21.644292694156636 147.76301195658206
    endloop
  endfacet
  facet normal -1 0 0
    outer loop
      vertex -91.1 27.865172346821513 132.7444799292277
      vertex -91.1 35 0
      vertex -91.1 27.461987851290452 135.46252901645158
    endloop
  endfacet
  facet normal -5.3202913965837046e-17 0.9985143326162969 0.054489701410737806
    outer loop
      vertex -91.1 32.80074544767726 42.3009584327279
      vertex -91.1 27.865172346821513 132.7444799292277
      vertex -86.1 27.865172346821513 132.7444799292277
    endloop
  endfacet
  facet normal 1 0 0
    outer loop
      vertex -86.1 27.865172346821513 132.7444799292277
      vertex -86.1 27.461987851290452 135.46252901645158
      vertex -86.1 32.80074544767726 42.3009584327279
    endloop
  endfacet
  facet normal -4.93199776427745e-18 0.9891765099647807 0.14673047445536308
    outer loop
      vertex -91.1 27.865172346821513 132.7444799292277
      vertex -91.1 27.461987851290452 135.46252901645158
      vertex -86.1 27.461987851290452 135.46252901645158
    endloop
  endfacet
  facet normal 0 0.9700312531945441 0.24298017990326384
    outer loop
      vertex -91.1 26.794329400501848 138.12797096312494
      vertex -86.1 26.794329400501848 138.12797096312494
      vertex -91.1 27.461987851290452 135.46252901645158
    endloop
  endfacet
  facet normal 0 0.9891765099647807 0.14673047445536308
    outer loop
      vertex -91.1 27.865172346821513 132.7444799292277
      vertex -86.1 27.461987851290452 135.46252901645158
      vertex -86.1 27.865172346821513 132.7444799292277
    endloop
  endfacet
  facet normal 0 0.9700312531945441 0.24298017990326384
    outer loop
      vertex -91.1 27.461987851290452 135.46252901645158
      vertex -86.1 26.794329400501848 138.12797096312494
      vertex -86.1 27.461987851290452 135.46252901645158
    endloop
  endfacet
  facet normal -1 0 0
    outer loop
      vertex -91.1 24.693795401753942 143.19910863112793
      vertex -91.1 26.794329400501848 138.12797096312494
      vertex -91.1 27.461987851290452 135.46252901645158
    endloop
  endfacet
  facet normal -1 0 0
    outer loop
      vertex -91.1 25.868626910316028 140.7151361062225
      vertex -91.1 26.794329400501848 138.12797096312494
      vertex -91.1 24.693795401753942 143.19910863112793
    endloop
  endfacet
  facet normal 0 0.9415440651830206 0.3368898533922208
    outer loop
      vertex -91.1 25.868626910316028 140.7151361062225
      vertex -86.1 25.868626910316028 140.7151361062225
      vertex -91.1 26.794329400501848 138.12797096312494
    endloop
  endfacet
  facet normal 0 0.903989293123444 0.4275550934302807
    outer loop
      vertex -91.1 25.868626910316028 140.7151361062225
      vertex -91.1 24.693795401753942 143.19910863112793
      vertex -86.1 25.868626910316028 140.7151361062225
    endloop
  endfacet
  facet normal -1.6034128706136044e-17 0.9415440651830206 0.3368898533922208
    outer loop
      vertex -86.1 25.868626910316028 140.7151361062225
      vertex -86.1 26.794329400501848 138.12797096312494
      vertex -91.1 26.794329400501848 138.12797096312494
    endloop
  endfacet
  facet normal 1 0 0
    outer loop
      vertex -86.1 24.693795401753942 143.19910863112793
      vertex -86.1 27.461987851290452 135.46252901645158
      vertex -86.1 26.794329400501848 138.12797096312494
    endloop
  endfacet
  facet normal 1 0 0
    outer loop
      vertex -86.1 25.868626910316028 140.7151361062225
      vertex -86.1 24.693795401753942 143.19910863112793
      vertex -86.1 26.794329400501848 138.12797096312494
    endloop
  endfacet
  facet normal -1.5513622318941738e-17 0.903989293123444 0.4275550934302807
    outer loop
      vertex -86.1 25.868626910316028 140.7151361062225
      vertex -91.1 24.693795401753942 143.19910863112793
      vertex -86.1 24.693795401753942 143.19910863112793
    endloop
  endfacet
  facet normal 1 0 0
    outer loop
      vertex 91.1 -35 0
      vertex 91.1 -34.8362876737043 5
      vertex 91.1 -35 2
    endloop
  endfacet
  facet normal 1 0 0
    outer loop
      vertex 91.1 -35 0
      vertex 91.1 -27.865172346821513 132.7444799292277
      vertex 91.1 -34.8362876737043 5
    endloop
  endfacet
  facet normal -2.9058952864581135e-17 -0.9985143326162967 0.05448970141073776
    outer loop
      vertex 91.1 -27.865172346821513 132.7444799292277
      vertex 86.1 -34.8362876737043 5
      vertex 91.1 -34.8362876737043 5
    endloop
  endfacet
  facet normal 1 0 0
    outer loop
      vertex 91.1 -35 0
      vertex 91.1 -21.15782762186851 118.36137371004018
      vertex 91.1 -21.210286500144758 118.57080129156452
    endloop
  endfacet
  facet normal 1 0 0
    outer loop
      vertex 91.1 -35 0
      vertex 91.1 -20.608193801868055 117.44436508138959
      vertex 91.1 -20.75318188065567 117.60433477483998
    endloop
  endfacet
  facet normal 1 0 0
    outer loop
      vertex 91.1 -35 0
      vertex 91.1 -20.88179203032325 117.77774548735688
      vertex 91.1 -20.99278566482403 117.96292717898281
    endloop
  endfacet
  facet normal 1 0 0
    outer loop
      vertex 91.1 -35 0
      vertex 91.1 -21.08509385478248 118.1580964487968
      vertex 91.1 -21.15782762186851 118.36137371004018
    endloop
  endfacet
  facet normal 1 0 0
    outer loop
      vertex 91.1 -35 0
      vertex 91.1 -20.99278566482403 117.96292717898281
      vertex 91.1 -21.08509385478248 118.1580964487968
    endloop
  endfacet
  facet normal 1 0 0
    outer loop
      vertex 91.1 -35 0
      vertex 91.1 -20.75318188065567 117.60433477483998
      vertex 91.1 -20.88179203032325 117.77774548735688
    endloop
  endfacet
  facet normal 1 0 0
    outer loop
      vertex 91.1 -35 0
      vertex 91.1 -20.44822410841767 117.29937700260197
      vertex 91.1 -20.608193801868055 117.44436508138959
    endloop
  endfacet
  facet normal 1 0 0
    outer loop
      vertex 91.1 -35 0
      vertex 91.1 -20.274813395900775 117.1707668529344
      vertex 91.1 -20.44822410841767 117.29937700260197
    endloop
  endfacet
  facet normal 1 0 0
    outer loop
      vertex 91.1 -35 0
      vertex 91.1 -20.089631704274844 117.05977321843362
      vertex 91.1 -20.274813395900775 117.1707668529344
    endloop
  endfacet
  facet normal -1 0 0
    outer loop
      vertex 86.1 -20.608193801868055 117.44436508138959
      vertex 86.1 -17.756349186104046 114.44365081389596
      vertex 86.1 -34.8362876737043 5
    endloop
  endfacet
  facet normal -1 0 0
    outer loop
      vertex 86.1 -17.74575558478288 114.22801310517093
      vertex 86.1 -34.8362876737043 5
      vertex 86.1 -17.756349186104046 114.44365081389596
    endloop
  endfacet
  facet normal -1 0 0
    outer loop
      vertex 86.1 -15.985547894539529 112.28592319700886
      vertex 86.1 -15.77198689482908 112.25424441521713
      vertex 86.1 -34.8362876737043 5
    endloop
  endfacet
  facet normal -1 0 0
    outer loop
      vertex 86.1 -15.77198689482908 112.25424441521713
      vertex 86.1 -15.556349186104047 112.24365081389595
      vertex 86.1 -34.8362876737043 5
    endloop
  endfacet
  facet normal -1 0 0
    outer loop
      vertex 86.1 -15.556349186104047 112.24365081389595
      vertex 86.1 -15.340711477379013 112.25424441521713
      vertex 86.1 -34.8362876737043 5
    endloop
  endfacet
  facet normal -1 0 0
    outer loop
      vertex 86.1 -17.385582333169648 113.22139630125284
      vertex 86.1 -17.256972183502068 113.04798558873594
      vertex 86.1 -34.8362876737043 5
    endloop
  endfacet
  facet normal -1 0 0
    outer loop
      vertex 86.1 -17.256972183502068 113.04798558873594
      vertex 86.1 -17.111984104714452 112.88801589528555
      vertex 86.1 -34.8362876737043 5
    endloop
  endfacet
  facet normal -1 0 0
    outer loop
      vertex 86.1 -17.58888415762888 113.60174726269275
      vertex 86.1 -17.496575967670427 113.40657799287877
      vertex 86.1 -34.8362876737043 5
    endloop
  endfacet
  facet normal -1 0 0
    outer loop
      vertex 86.1 -17.661617924714907 113.80502452393614
      vertex 86.1 -17.58888415762888 113.60174726269275
      vertex 86.1 -34.8362876737043 5
    endloop
  endfacet
  facet normal -1 0 0
    outer loop
      vertex 86.1 -17.661617924714907 113.80502452393614
      vertex 86.1 -34.8362876737043 5
      vertex 86.1 -17.714076802991155 114.01445210546048
    endloop
  endfacet
  facet normal -1 0 0
    outer loop
      vertex 86.1 -17.714076802991155 114.01445210546048
      vertex 86.1 -34.8362876737043 5
      vertex 86.1 -17.74575558478288 114.22801310517093
    endloop
  endfacet
  facet normal -1 0 0
    outer loop
      vertex 86.1 -17.385582333169648 113.22139630125284
      vertex 86.1 -34.8362876737043 5
      vertex 86.1 -17.496575967670427 113.40657799287877
    endloop
  endfacet
  facet normal -1 0 0
    outer loop
      vertex 86.1 -16.952014411264066 112.74302781649793
      vertex 86.1 -16.778603698747173 112.61441766683036
      vertex 86.1 -34.8362876737043 5
    endloop
  endfacet
  facet normal -1 0 0
    outer loop
      vertex 86.1 -17.111984104714452 112.88801589528555
      vertex 86.1 -16.952014411264066 112.74302781649793
      vertex 86.1 -34.8362876737043 5
    endloop
  endfacet
  facet normal -1 0 0
    outer loop
      vertex 86.1 -16.778603698747173 112.61441766683036
      vertex 86.1 -16.59342200712124 112.50342403232958
      vertex 86.1 -34.8362876737043 5
    endloop
  endfacet
  facet normal -1 0 0
    outer loop
      vertex 86.1 -16.59342200712124 112.50342403232958
      vertex 86.1 -16.398252737307246 112.41111584237113
      vertex 86.1 -34.8362876737043 5
    endloop
  endfacet
  facet normal -1 0 0
    outer loop
      vertex 86.1 -16.398252737307246 112.41111584237113
      vertex 86.1 -16.194975476063863 112.3383820752851
      vertex 86.1 -34.8362876737043 5
    endloop
  endfacet
  facet normal -1 0 0
    outer loop
      vertex 86.1 -15.985547894539529 112.28592319700886
      vertex 86.1 -34.8362876737043 5
      vertex 86.1 -16.194975476063863 112.3383820752851
    endloop
  endfacet
  facet normal 1 0 0
    outer loop
      vertex 91.1 -35 0
      vertex 91.1 -17.661617924714907 113.80502452393614
      vertex 91.1 -17.714076802991155 114.01445210546048
    endloop
  endfacet
  facet normal 1 0 0
    outer loop
      vertex 91.1 -35 0
      vertex 91.1 -17.714076802991155 114.01445210546048
      vertex 91.1 -17.74575558478288 114.22801310517093
    endloop
  endfacet
  facet normal 1 0 0
    outer loop
      vertex 91.1 -35 0
      vertex 91.1 -17.74575558478288 114.22801310517093
      vertex 91.1 -17.756349186104046 114.44365081389596
    endloop
  endfacet
  facet normal 1 0 0
    outer loop
      vertex 91.1 -35 0
      vertex 91.1 -17.756349186104046 114.44365081389596
      vertex 91.1 -17.74575558478288 114.65928852262098
    endloop
  endfacet
  facet normal 1 0 0
    outer loop
      vertex 91.1 -35 0
      vertex 91.1 -19.89446243446085 116.96746502847517
      vertex 91.1 -20.089631704274844 117.05977321843362
    endloop
  endfacet
  facet normal 1 0 0
    outer loop
      vertex 91.1 -35 0
      vertex 91.1 -19.691185173217466 116.89473126138914
      vertex 91.1 -19.89446243446085 116.96746502847517
    endloop
  endfacet
  facet normal 1 0 0
    outer loop
      vertex 91.1 -35 0
      vertex 91.1 -19.481757591693132 116.8422723831129
      vertex 91.1 -19.691185173217466 116.89473126138914
    endloop
  endfacet
  facet normal 1 0 0
    outer loop
      vertex 91.1 -35 0
      vertex 91.1 -19.268196591982683 116.81059360132117
      vertex 91.1 -19.481757591693132 116.8422723831129
    endloop
  endfacet
  facet normal 1 0 0
    outer loop
      vertex 91.1 -35 0
      vertex 91.1 -19.05255888325765 116.8
      vertex 91.1 -19.268196591982683 116.81059360132117
    endloop
  endfacet
  facet normal 1 0 0
    outer loop
      vertex 91.1 -35 0
      vertex 91.1 -18.836921174532616 116.81059360132117
      vertex 91.1 -19.05255888325765 116.8
    endloop
  endfacet
  facet normal 1 0 0
    outer loop
      vertex 91.1 -35 0
      vertex 91.1 -18.623360174822167 116.8422723831129
      vertex 91.1 -18.836921174532616 116.81059360132117
    endloop
  endfacet
  facet normal 1 0 0
    outer loop
      vertex 91.1 -35 0
      vertex 91.1 -18.413932593297833 116.89473126138914
      vertex 91.1 -18.623360174822167 116.8422723831129
    endloop
  endfacet
  facet normal 1 0 0
    outer loop
      vertex 91.1 -35 0
      vertex 91.1 -18.21065533205445 116.96746502847517
      vertex 91.1 -18.413932593297833 116.89473126138914
    endloop
  endfacet
  facet normal 1 0 0
    outer loop
      vertex 91.1 -35 0
      vertex 91.1 -18.015486062240456 117.05977321843362
      vertex 91.1 -18.21065533205445 116.96746502847517
    endloop
  endfacet
  facet normal 1 0 0
    outer loop
      vertex 91.1 -35 0
      vertex 91.1 -17.830304370614524 117.1707668529344
      vertex 91.1 -18.015486062240456 117.05977321843362
    endloop
  endfacet
  facet normal 1 0 0
    outer loop
      vertex 91.1 -35 0
      vertex 91.1 -17.65689365809763 117.29937700260197
      vertex 91.1 -17.830304370614524 117.1707668529344
    endloop
  endfacet
  facet normal 1 0 0
    outer loop
      vertex 91.1 -35 0
      vertex 91.1 -16.952014411264066 112.74302781649793
      vertex 91.1 -17.111984104714452 112.88801589528555
    endloop
  endfacet
  facet normal 1 0 0
    outer loop
      vertex 91.1 -35 0
      vertex 91.1 -16.778603698747173 112.61441766683036
      vertex 91.1 -16.952014411264066 112.74302781649793
    endloop
  endfacet
  facet normal 1 0 0
    outer loop
      vertex 91.1 -35 0
      vertex 91.1 -16.398252737307246 112.41111584237113
      vertex 91.1 -16.59342200712124 112.50342403232958
    endloop
  endfacet
  facet normal 1 0 0
    outer loop
      vertex 91.1 -35 0
      vertex 91.1 -16.59342200712124 112.50342403232958
      vertex 91.1 -16.778603698747173 112.61441766683036
    endloop
  endfacet
  facet normal 1 0 0
    outer loop
      vertex 91.1 -35 0
      vertex 91.1 -17.385582333169648 113.22139630125284
      vertex 91.1 -17.496575967670427 113.40657799287877
    endloop
  endfacet
  facet normal 1 0 0
    outer loop
      vertex 91.1 -35 0
      vertex 91.1 -17.496575967670427 113.40657799287877
      vertex 91.1 -17.58888415762888 113.60174726269275
    endloop
  endfacet
  facet normal 1 0 0
    outer loop
      vertex 91.1 -35 0
      vertex 91.1 -17.58888415762888 113.60174726269275
      vertex 91.1 -17.661617924714907 113.80502452393614
    endloop
  endfacet
  facet normal 1 0 0
    outer loop
      vertex 91.1 -35 0
      vertex 91.1 -17.256972183502068 113.04798558873594
      vertex 91.1 -17.385582333169648 113.22139630125284
    endloop
  endfacet
  facet normal 1 0 0
    outer loop
      vertex 91.1 -35 0
      vertex 91.1 -17.111984104714452 112.88801589528555
      vertex 91.1 -17.256972183502068 113.04798558873594
    endloop
  endfacet
  facet normal 1 0 0
    outer loop
      vertex 91.1 -35 0
      vertex 91.1 -16.194975476063863 112.3383820752851
      vertex 91.1 -16.398252737307246 112.41111584237113
    endloop
  endfacet
  facet normal 1 0 0
    outer loop
      vertex 91.1 -35 0
      vertex 91.1 -15.985547894539529 112.28592319700886
      vertex 91.1 -16.194975476063863 112.3383820752851
    endloop
  endfacet
  facet normal 1 0 0
    outer loop
      vertex 91.1 -35 0
      vertex 91.1 -15.77198689482908 112.25424441521713
      vertex 91.1 -15.985547894539529 112.28592319700886
    endloop
  endfacet
  facet normal 1 0 0
    outer loop
      vertex 91.1 -35 0
      vertex 91.1 -15.556349186104047 112.24365081389595
      vertex 91.1 -15.77198689482908 112.25424441521713
    endloop
  endfacet
  facet normal 1 0 0
    outer loop
      vertex 91.1 -35 0
      vertex 91.1 -15.340711477379013 112.25424441521713
      vertex 91.1 -15.556349186104047 112.24365081389595
    endloop
  endfacet
  facet normal 1 0 0
    outer loop
      vertex 91.1 -35 0
      vertex 91.1 -17.74575558478288 114.65928852262098
      vertex 91.1 -17.35193588585963 117.60433477483998
    endloop
  endfacet
  facet normal 1 0 0
    outer loop
      vertex 91.1 -35 0
      vertex 91.1 -17.496923964647245 117.44436508138959
      vertex 91.1 -17.65689365809763 117.29937700260197
    endloop
  endfacet
  facet normal 1 0 0
    outer loop
      vertex 91.1 -35 0
      vertex 91.1 -17.35193588585963 117.60433477483998
      vertex 91.1 -17.496923964647245 117.44436508138959
    endloop
  endfacet
  facet normal 1 0 0
    outer loop
      vertex 91.1 -35 0
      vertex 91.1 -12.94022678156638 109.91036829572516
      vertex 91.1 -13.03253497152483 110.10553756553915
    endloop
  endfacet
  facet normal 1 0 0
    outer loop
      vertex 91.1 -35 0
      vertex 91.1 -13.157727616887108 110.51824240830688
      vertex 91.1 -13.189406398678834 110.73180340801733
    endloop
  endfacet
  facet normal 1 0 0
    outer loop
      vertex 91.1 -35 0
      vertex 91.1 -13.10526873861086 110.30881482678254
      vertex 91.1 -13.157727616887108 110.51824240830688
    endloop
  endfacet
  facet normal 1 0 0
    outer loop
      vertex 91.1 -35 0
      vertex 91.1 -13.03253497152483 110.10553756553915
      vertex 91.1 -13.10526873861086 110.30881482678254
    endloop
  endfacet
  facet normal 1 0 0
    outer loop
      vertex 91.1 -35 0
      vertex 91.1 -13.189406398678834 110.73180340801733
      vertex 91.1 -13.2 110.94744111674235
    endloop
  endfacet
  facet normal 1 0 0
    outer loop
      vertex 91.1 -35 0
      vertex 91.1 -13.2 110.94744111674235
      vertex 91.1 -13.189406398678834 111.16307882546738
    endloop
  endfacet
  facet normal 1 0 0
    outer loop
      vertex 91.1 -35 0
      vertex 91.1 -12.222254512643126 109.11820796967676
      vertex 91.1 -12.39566522516002 109.24681811934433
    endloop
  endfacet
  facet normal 1 0 0
    outer loop
      vertex 91.1 -35 0
      vertex 91.1 -12.037072821017194 109.00721433517597
      vertex 91.1 -12.222254512643126 109.11820796967676
    endloop
  endfacet
  facet normal 1 0 0
    outer loop
      vertex 91.1 -35 0
      vertex 91.1 -11.841903551203197 108.91490614521753
      vertex 91.1 -12.037072821017194 109.00721433517597
    endloop
  endfacet
  facet normal 1 0 0
    outer loop
      vertex 91.1 -35 0
      vertex 91.1 -12.700622997398021 109.55177589158234
      vertex 91.1 -12.8292331470656 109.72518660409924
    endloop
  endfacet
  facet normal 1 0 0
    outer loop
      vertex 91.1 -35 0
      vertex 91.1 -12.8292331470656 109.72518660409924
      vertex 91.1 -12.94022678156638 109.91036829572516
    endloop
  endfacet
  facet normal 1 0 0
    outer loop
      vertex 91.1 -35 0
      vertex 91.1 -12.555634918610405 109.39180619813195
      vertex 91.1 -12.700622997398021 109.55177589158234
    endloop
  endfacet
  facet normal 1 0 0
    outer loop
      vertex 91.1 -35 0
      vertex 91.1 -12.39566522516002 109.24681811934433
      vertex 91.1 -12.555634918610405 109.39180619813195
    endloop
  endfacet
  facet normal 1 0 0
    outer loop
      vertex 91.1 -35 0
      vertex 91.1 -11.638626289959817 108.8421723781315
      vertex 91.1 -11.841903551203197 108.91490614521753
    endloop
  endfacet
  facet normal 1 0 0
    outer loop
      vertex 91.1 -35 0
      vertex 91.1 -11.429198708435482 108.78971349985525
      vertex 91.1 -11.638626289959817 108.8421723781315
    endloop
  endfacet
  facet normal 1 0 0
    outer loop
      vertex 91.1 -35 0
      vertex 91.1 -11.215637708725033 108.75803471806353
      vertex 91.1 -11.429198708435482 108.78971349985525
    endloop
  endfacet
  facet normal 1 0 0
    outer loop
      vertex 91.1 -35 0
      vertex 91.1 -11 108.74744111674235
      vertex 91.1 -11.215637708725033 108.75803471806353
    endloop
  endfacet
  facet normal 1 0 0
    outer loop
      vertex 91.1 -35 0
      vertex 91.1 -10.784362291274967 108.75803471806353
      vertex 91.1 -11 108.74744111674235
    endloop
  endfacet
  facet normal -1 0 0
    outer loop
      vertex 86.1 -15.340711477379013 112.25424441521713
      vertex 86.1 -15.127150477668565 112.28592319700886
      vertex 86.1 -34.8362876737043 5
    endloop
  endfacet
  facet normal -1 0 0
    outer loop
      vertex 86.1 -13.03253497152483 110.10553756553915
      vertex 86.1 -34.8362876737043 5
      vertex 86.1 -13.10526873861086 110.30881482678254
    endloop
  endfacet
  facet normal -1 0 0
    outer loop
      vertex 86.1 -13.157727616887108 110.51824240830688
      vertex 86.1 -13.10526873861086 110.30881482678254
      vertex 86.1 -34.8362876737043 5
    endloop
  endfacet
  facet normal -1 0 0
    outer loop
      vertex 86.1 -13.157727616887108 110.51824240830688
      vertex 86.1 -34.8362876737043 5
      vertex 86.1 -13.189406398678834 110.73180340801733
    endloop
  endfacet
  facet normal -1 0 0
    outer loop
      vertex 86.1 -13.189406398678834 110.73180340801733
      vertex 86.1 -34.8362876737043 5
      vertex 86.1 -13.2 110.94744111674235
    endloop
  endfacet
  facet normal -1 0 0
    outer loop
      vertex 86.1 -13.2 110.94744111674235
      vertex 86.1 -34.8362876737043 5
      vertex 86.1 -13.189406398678834 111.16307882546738
    endloop
  endfacet
  facet normal -1 0 0
    outer loop
      vertex 86.1 -13.189406398678834 111.16307882546738
      vertex 86.1 -34.8362876737043 5
      vertex 86.1 -13.157727616887108 111.37663982517783
    endloop
  endfacet
  facet normal -1 0 0
    outer loop
      vertex 86.1 -13.855726188706026 113.04798558873594
      vertex 86.1 -13.157727616887108 111.37663982517783
      vertex 86.1 -34.8362876737043 5
    endloop
  endfacet
  facet normal -1 0 0
    outer loop
      vertex 86.1 -15.127150477668565 112.28592319700886
      vertex 86.1 -14.91772289614423 112.3383820752851
      vertex 86.1 -34.8362876737043 5
    endloop
  endfacet
  facet normal -1 0 0
    outer loop
      vertex 86.1 -14.91772289614423 112.3383820752851
      vertex 86.1 -14.71444563490085 112.41111584237113
      vertex 86.1 -34.8362876737043 5
    endloop
  endfacet
  facet normal -1 0 0
    outer loop
      vertex 86.1 -14.71444563490085 112.41111584237113
      vertex 86.1 -14.519276365086853 112.50342403232958
      vertex 86.1 -34.8362876737043 5
    endloop
  endfacet
  facet normal -1 0 0
    outer loop
      vertex 86.1 -14.519276365086853 112.50342403232958
      vertex 86.1 -14.334094673460921 112.61441766683036
      vertex 86.1 -34.8362876737043 5
    endloop
  endfacet
  facet normal -1 0 0
    outer loop
      vertex 86.1 -14.334094673460921 112.61441766683036
      vertex 86.1 -14.160683960944027 112.74302781649793
      vertex 86.1 -34.8362876737043 5
    endloop
  endfacet
  facet normal -1 0 0
    outer loop
      vertex 86.1 -14.160683960944027 112.74302781649793
      vertex 86.1 -14.000714267493642 112.88801589528555
      vertex 86.1 -34.8362876737043 5
    endloop
  endfacet
  facet normal -1 0 0
    outer loop
      vertex 86.1 -14.000714267493642 112.88801589528555
      vertex 86.1 -13.855726188706026 113.04798558873594
      vertex 86.1 -34.8362876737043 5
    endloop
  endfacet
  facet normal -1 0 0
    outer loop
      vertex 86.1 -12.700622997398021 109.55177589158234
      vertex 86.1 -12.555634918610405 109.39180619813195
      vertex 86.1 -34.8362876737043 5
    endloop
  endfacet
  facet normal -1 0 0
    outer loop
      vertex 86.1 -12.555634918610405 109.39180619813195
      vertex 86.1 -12.39566522516002 109.24681811934433
      vertex 86.1 -34.8362876737043 5
    endloop
  endfacet
  facet normal -1 0 0
    outer loop
      vertex 86.1 -12.8292331470656 109.72518660409924
      vertex 86.1 -12.700622997398021 109.55177589158234
      vertex 86.1 -34.8362876737043 5
    endloop
  endfacet
  facet normal -1 0 0
    outer loop
      vertex 86.1 -12.8292331470656 109.72518660409924
      vertex 86.1 -34.8362876737043 5
      vertex 86.1 -12.94022678156638 109.91036829572516
    endloop
  endfacet
  facet normal -1 0 0
    outer loop
      vertex 86.1 -13.03253497152483 110.10553756553915
      vertex 86.1 -12.94022678156638 109.91036829572516
      vertex 86.1 -34.8362876737043 5
    endloop
  endfacet
  facet normal -1 0 0
    outer loop
      vertex 86.1 -12.39566522516002 109.24681811934433
      vertex 86.1 -12.222254512643126 109.11820796967676
      vertex 86.1 -34.8362876737043 5
    endloop
  endfacet
  facet normal -1 0 0
    outer loop
      vertex 86.1 -12.037072821017194 109.00721433517597
      vertex 86.1 -11.841903551203197 108.91490614521753
      vertex 86.1 -34.8362876737043 5
    endloop
  endfacet
  facet normal -1 0 0
    outer loop
      vertex 86.1 -12.222254512643126 109.11820796967676
      vertex 86.1 -12.037072821017194 109.00721433517597
      vertex 86.1 -34.8362876737043 5
    endloop
  endfacet
  facet normal -1 0 0
    outer loop
      vertex 86.1 -11.841903551203197 108.91490614521753
      vertex 86.1 -11.638626289959817 108.8421723781315
      vertex 86.1 -34.8362876737043 5
    endloop
  endfacet
  facet normal -1 0 0
    outer loop
      vertex 86.1 -11.638626289959817 108.8421723781315
      vertex 86.1 -11.429198708435482 108.78971349985525
      vertex 86.1 -34.8362876737043 5
    endloop
  endfacet
  facet normal -1 0 0
    outer loop
      vertex 86.1 -11.429198708435482 108.78971349985525
      vertex 86.1 -11.215637708725033 108.75803471806353
      vertex 86.1 -34.8362876737043 5
    endloop
  endfacet
  facet normal -1 0 0
    outer loop
      vertex 86.1 -11.215637708725033 108.75803471806353
      vertex 86.1 -11 108.74744111674235
      vertex 86.1 -34.8362876737043 5
    endloop
  endfacet
  facet normal -1 0 0
    outer loop
      vertex 86.1 -11 108.74744111674235
      vertex 86.1 -10.784362291274967 108.75803471806353
      vertex 86.1 -34.8362876737043 5
    endloop
  endfacet
  facet normal 1 0 0
    outer loop
      vertex 91.1 -35 0
      vertex 91.1 -15.127150477668565 112.28592319700886
      vertex 91.1 -15.340711477379013 112.25424441521713
    endloop
  endfacet
  facet normal 1 0 0
    outer loop
      vertex 91.1 -35 0
      vertex 91.1 -14.91772289614423 112.3383820752851
      vertex 91.1 -15.127150477668565 112.28592319700886
    endloop
  endfacet
  facet normal 1 0 0
    outer loop
      vertex 91.1 -35 0
      vertex 91.1 -14.71444563490085 112.41111584237113
      vertex 91.1 -14.91772289614423 112.3383820752851
    endloop
  endfacet
  facet normal 1 0 0
    outer loop
      vertex 91.1 -35 0
      vertex 91.1 -13.189406398678834 111.16307882546738
      vertex 91.1 -14.71444563490085 112.41111584237113
    endloop
  endfacet
  facet normal 1 0 0
    outer loop
      vertex 91.1 -35 0
      vertex 91.1 -7.394641989653477 107.35396659648048
      vertex 91.1 -10.784362291274967 108.75803471806353
    endloop
  endfacet
  facet normal 1 0 0
    outer loop
      vertex 91.1 -35 0
      vertex 91.1 -7.249653910865861 107.19399690303008
      vertex 91.1 -7.394641989653477 107.35396659648048
    endloop
  endfacet
  facet normal 1 0 0
    outer loop
      vertex 91.1 -35 0
      vertex 91.1 -7.089684217415476 107.04900882424246
      vertex 91.1 -7.249653910865861 107.19399690303008
    endloop
  endfacet
  facet normal 1 0 0
    outer loop
      vertex 91.1 -35 0
      vertex 91.1 -6.731091813272651 106.80940504007411
      vertex 91.1 -6.916273504898581 106.9203986745749
    endloop
  endfacet
  facet normal 1 0 0
    outer loop
      vertex 91.1 -35 0
      vertex 91.1 -6.916273504898581 106.9203986745749
      vertex 91.1 -7.089684217415476 107.04900882424246
    endloop
  endfacet
  facet normal 1 0 0
    outer loop
      vertex 91.1 -35 0
      vertex 91.1 -6.535922543458653 106.71709685011567
      vertex 91.1 -6.731091813272651 106.80940504007411
    endloop
  endfacet
  facet normal 1 0 0
    outer loop
      vertex 91.1 -35 0
      vertex 91.1 -6.332645282215274 106.64436308302963
      vertex 91.1 -6.535922543458653 106.71709685011567
    endloop
  endfacet
  facet normal 1 0 0
    outer loop
      vertex 91.1 -35 0
      vertex 91.1 -6.1232177006909385 106.59190420475339
      vertex 91.1 -6.332645282215274 106.64436308302963
    endloop
  endfacet
  facet normal 1 0 0
    outer loop
      vertex 91.1 -35 0
      vertex 91.1 -5.90965670098049 106.56022542296166
      vertex 91.1 -6.1232177006909385 106.59190420475339
    endloop
  endfacet
  facet normal 1 0 0
    outer loop
      vertex 91.1 -35 0
      vertex 91.1 -5.694018992255456 106.54963182164049
      vertex 91.1 -5.90965670098049 106.56022542296166
    endloop
  endfacet
  facet normal 1 0 0
    outer loop
      vertex 91.1 -35 0
      vertex 91.1 -5.478381283530423 106.56022542296166
      vertex 91.1 -5.694018992255456 106.54963182164049
    endloop
  endfacet
  facet normal 1 0 0
    outer loop
      vertex 91.1 -35 0
      vertex 91.1 -5.264820283819974 106.59190420475339
      vertex 91.1 -5.478381283530423 106.56022542296166
    endloop
  endfacet
  facet normal 1 0 0
    outer loop
      vertex 91.1 -35 0
      vertex 91.1 -5.055392702295639 106.64436308302963
      vertex 91.1 -5.264820283819974 106.59190420475339
    endloop
  endfacet
  facet normal 1 0 0
    outer loop
      vertex 91.1 -35 0
      vertex 91.1 -1.2222545126431248 106.1707668529344
      vertex 91.1 -5.055392702295639 106.64436308302963
    endloop
  endfacet
  facet normal -1 0 0
    outer loop
      vertex 86.1 -10.784362291274967 108.75803471806353
      vertex 86.1 34.8362876737043 5
      vertex 86.1 -34.8362876737043 5
    endloop
  endfacet
  facet normal 1 0 0
    outer loop
      vertex 91.1 -35 0
      vertex 91.1 -1.037072821017195 106.05977321843362
      vertex 91.1 -1.2222545126431248 106.1707668529344
    endloop
  endfacet
  facet normal 1 0 0
    outer loop
      vertex 91.1 -35 0
      vertex 91.1 -0.6386262899598172 105.89473126138914
      vertex 91.1 -0.8419035512031976 105.96746502847517
    endloop
  endfacet
  facet normal 1 0 0
    outer loop
      vertex 91.1 -35 0
      vertex 91.1 -0.8419035512031976 105.96746502847517
      vertex 91.1 -1.037072821017195 106.05977321843362
    endloop
  endfacet
  facet normal 1 0 0
    outer loop
      vertex 91.1 -35 0
      vertex 91.1 -0.4291987084354822 105.8422723831129
      vertex 91.1 -0.6386262899598172 105.89473126138914
    endloop
  endfacet
  facet normal 1 0 0
    outer loop
      vertex 91.1 -35 0
      vertex 91.1 -0.21563770872503335 105.81059360132117
      vertex 91.1 -0.4291987084354822 105.8422723831129
    endloop
  endfacet
  facet normal 1 0 0
    outer loop
      vertex 91.1 -35 0
      vertex 91.1 0 105.8
      vertex 91.1 -0.21563770872503335 105.81059360132117
    endloop
  endfacet
  facet normal 1 0 0
    outer loop
      vertex 91.1 -35 0
      vertex 91.1 0.21563770872503335 105.81059360132117
      vertex 91.1 0 105.8
    endloop
  endfacet
  facet normal 1 0 0
    outer loop
      vertex 91.1 -35 0
      vertex 91.1 0.4291987084354822 105.8422723831129
      vertex 91.1 0.21563770872503335 105.81059360132117
    endloop
  endfacet
  facet normal 1 0 0
    outer loop
      vertex 91.1 -35 0
      vertex 91.1 0.6386262899598172 105.89473126138914
      vertex 91.1 0.4291987084354822 105.8422723831129
    endloop
  endfacet
  facet normal 1 0 0
    outer loop
      vertex 91.1 -35 0
      vertex 91.1 0.8419035512031976 105.96746502847517
      vertex 91.1 0.6386262899598172 105.89473126138914
    endloop
  endfacet
  facet normal 1 0 0
    outer loop
      vertex 91.1 -35 0
      vertex 91.1 1.037072821017195 106.05977321843362
      vertex 91.1 0.8419035512031976 105.96746502847517
    endloop
  endfacet
  facet normal 1 0 0
    outer loop
      vertex 91.1 -35 0
      vertex 91.1 1.2222545126431248 106.1707668529344
      vertex 91.1 1.037072821017195 106.05977321843362
    endloop
  endfacet
  facet normal 1 0 0
    outer loop
      vertex 91.1 -35 0
      vertex 91.1 1.3956652251600201 106.29937700260197
      vertex 91.1 1.2222545126431248 106.1707668529344
    endloop
  endfacet
  facet normal 1 0 0
    outer loop
      vertex 91.1 -35 0
      vertex 91.1 1.5556349186104048 106.44436508138959
      vertex 91.1 1.3956652251600201 106.29937700260197
    endloop
  endfacet
  facet normal 1 0 0
    outer loop
      vertex 91.1 -35 0
      vertex 91.1 1.7006229973980216 106.60433477483998
      vertex 91.1 1.5556349186104048 106.44436508138959
    endloop
  endfacet
  facet normal 1 0 0
    outer loop
      vertex 91.1 -35 0
      vertex 91.1 1.8292331470655996 106.77774548735688
      vertex 91.1 1.7006229973980216 106.60433477483998
    endloop
  endfacet
  facet normal 1 0 0
    outer loop
      vertex 91.1 -35 0
      vertex 91.1 1.9402267815663812 106.96292717898281
      vertex 91.1 1.8292331470655996 106.77774548735688
    endloop
  endfacet
  facet normal 1 0 0
    outer loop
      vertex 91.1 -35 0
      vertex 91.1 2.032534971524831 107.1580964487968
      vertex 91.1 1.9402267815663812 106.96292717898281
    endloop
  endfacet
  facet normal 1 0 0
    outer loop
      vertex 91.1 -35 0
      vertex 91.1 2.1052687386108597 107.36137371004018
      vertex 91.1 2.032534971524831 107.1580964487968
    endloop
  endfacet
  facet normal -1 0 0
    outer loop
      vertex 86.1 -20.88179203032325 117.77774548735688
      vertex 86.1 -20.75318188065567 117.60433477483998
      vertex 86.1 -34.8362876737043 5
    endloop
  endfacet
  facet normal -1 0 0
    outer loop
      vertex 86.1 -20.75318188065567 117.60433477483998
      vertex 86.1 -20.608193801868055 117.44436508138959
      vertex 86.1 -34.8362876737043 5
    endloop
  endfacet
  facet normal -1 0 0
    outer loop
      vertex 86.1 -21.08509385478248 118.1580964487968
      vertex 86.1 -34.8362876737043 5
      vertex 86.1 -21.15782762186851 118.36137371004018
    endloop
  endfacet
  facet normal -1 0 0
    outer loop
      vertex 86.1 -21.08509385478248 118.1580964487968
      vertex 86.1 -20.99278566482403 117.96292717898281
      vertex 86.1 -34.8362876737043 5
    endloop
  endfacet
  facet normal -1 0 0
    outer loop
      vertex 86.1 -21.15782762186851 118.36137371004018
      vertex 86.1 -34.8362876737043 5
      vertex 86.1 -21.210286500144758 118.57080129156452
    endloop
  endfacet
  facet normal -1 0 0
    outer loop
      vertex 86.1 -21.210286500144758 118.57080129156452
      vertex 86.1 -34.8362876737043 5
      vertex 86.1 -21.241965281936483 118.78436229127497
    endloop
  endfacet
  facet normal -1 0 0
    outer loop
      vertex 86.1 -20.88179203032325 117.77774548735688
      vertex 86.1 -34.8362876737043 5
      vertex 86.1 -20.99278566482403 117.96292717898281
    endloop
  endfacet
  facet normal -1 0 0
    outer loop
      vertex 86.1 -21.241965281936483 118.78436229127497
      vertex 86.1 -34.8362876737043 5
      vertex 86.1 -21.25255888325765 119
    endloop
  endfacet
  facet normal 1 0 0
    outer loop
      vertex 91.1 -35 0
      vertex 91.1 -21.210286500144758 118.57080129156452
      vertex 91.1 -21.241965281936483 118.78436229127497
    endloop
  endfacet
  facet normal 1 0 0
    outer loop
      vertex 91.1 -35 0
      vertex 91.1 -21.241965281936483 118.78436229127497
      vertex 91.1 -21.25255888325765 119
    endloop
  endfacet
  facet normal 1 0 0
    outer loop
      vertex 91.1 -35 0
      vertex 91.1 -21.25255888325765 119
      vertex 91.1 -21.241965281936483 119.21563770872503
    endloop
  endfacet
  facet normal -1 0 0
    outer loop
      vertex 86.1 -27.461987851290452 135.46252901645158
      vertex 86.1 -21.25255888325765 119
      vertex 86.1 -34.8362876737043 5
    endloop
  endfacet
  facet normal 1 0 0
    outer loop
      vertex 91.1 -35 0
      vertex 91.1 -21.241965281936483 119.21563770872503
      vertex 91.1 -25.868626910316028 140.7151361062225
    endloop
  endfacet
  facet normal -1 0 0
    outer loop
      vertex 86.1 -27.865172346821513 132.7444799292277
      vertex 86.1 -27.461987851290452 135.46252901645158
      vertex 86.1 -34.8362876737043 5
    endloop
  endfacet
  facet normal 0 -0.9985143326162967 0.05448970141073776
    outer loop
      vertex 86.1 -27.865172346821513 132.7444799292277
      vertex 86.1 -34.8362876737043 5
      vertex 91.1 -27.865172346821513 132.7444799292277
    endloop
  endfacet
  facet normal 1 0 0
    outer loop
      vertex 91.1 -35 0
      vertex 91.1 -25.868626910316028 140.7151361062225
      vertex 91.1 -27.865172346821513 132.7444799292277
    endloop
  endfacet
  facet normal 0 -0.9891765099647807 0.14673047445536308
    outer loop
      vertex 86.1 -27.865172346821513 132.7444799292277
      vertex 91.1 -27.865172346821513 132.7444799292277
      vertex 86.1 -27.461987851290452 135.46252901645158
    endloop
  endfacet
  facet normal -1 0 0
    outer loop
      vertex 86.1 -27.461987851290452 135.46252901645158
      vertex 86.1 -26.794329400501848 138.12797096312494
      vertex 86.1 -25.868626910316028 140.7151361062225
    endloop
  endfacet
  facet normal -1.1056272781778934e-18 -0.9700312531945441 0.24298017990326384
    outer loop
      vertex 86.1 -27.461987851290452 135.46252901645158
      vertex 91.1 -26.794329400501848 138.12797096312494
      vertex 86.1 -26.794329400501848 138.12797096312494
    endloop
  endfacet
  facet normal 4.93199776427745e-18 -0.9891765099647807 0.14673047445536308
    outer loop
      vertex 91.1 -27.865172346821513 132.7444799292277
      vertex 91.1 -27.461987851290452 135.46252901645158
      vertex 86.1 -27.461987851290452 135.46252901645158
    endloop
  endfacet
  facet normal 1 0 0
    outer loop
      vertex 91.1 -27.865172346821513 132.7444799292277
      vertex 91.1 -26.794329400501848 138.12797096312494
      vertex 91.1 -27.461987851290452 135.46252901645158
    endloop
  endfacet
  facet normal 0 -0.9700312531945441 0.24298017990326384
    outer loop
      vertex 86.1 -27.461987851290452 135.46252901645158
      vertex 91.1 -27.461987851290452 135.46252901645158
      vertex 91.1 -26.794329400501848 138.12797096312494
    endloop
  endfacet
  facet normal 1 0 0
    outer loop
      vertex 91.1 -27.865172346821513 132.7444799292277
      vertex 91.1 -25.868626910316028 140.7151361062225
      vertex 91.1 -26.794329400501848 138.12797096312494
    endloop
  endfacet
  facet normal -1 0 0
    outer loop
      vertex 86.1 -27.461987851290452 135.46252901645158
      vertex 86.1 -25.868626910316028 140.7151361062225
      vertex 86.1 -23.281149144471268 145.55596652454886
    endloop
  endfacet
  facet normal 0 -0.9415440651830206 0.3368898533922208
    outer loop
      vertex 86.1 -26.794329400501848 138.12797096312494
      vertex 91.1 -26.794329400501848 138.12797096312494
      vertex 86.1 -25.868626910316028 140.7151361062225
    endloop
  endfacet
  facet normal 0 -0.903989293123444 0.4275550934302807
    outer loop
      vertex 86.1 -25.868626910316028 140.7151361062225
      vertex 91.1 -25.868626910316028 140.7151361062225
      vertex 86.1 -24.693795401753942 143.19910863112793
    endloop
  endfacet
  facet normal 1.6034128706136044e-17 -0.9415440651830206 0.3368898533922208
    outer loop
      vertex 91.1 -26.794329400501848 138.12797096312494
      vertex 91.1 -25.868626910316028 140.7151361062225
      vertex 86.1 -25.868626910316028 140.7151361062225
    endloop
  endfacet
  facet normal 1.5513622318941738e-17 -0.903989293123444 0.4275550934302807
    outer loop
      vertex 91.1 -25.868626910316028 140.7151361062225
      vertex 91.1 -24.693795401753942 143.19910863112793
      vertex 86.1 -24.693795401753942 143.19910863112793
    endloop
  endfacet
  facet normal -1 0 0
    outer loop
      vertex 86.1 -20.608193801868055 117.44436508138959
      vertex 86.1 -20.44822410841767 117.29937700260197
      vertex 86.1 -17.756349186104046 114.44365081389596
    endloop
  endfacet
  facet normal -1 0 0
    outer loop
      vertex 86.1 -20.274813395900775 117.1707668529344
      vertex 86.1 -17.756349186104046 114.44365081389596
      vertex 86.1 -20.44822410841767 117.29937700260197
    endloop
  endfacet
  facet normal -1 0 0
    outer loop
      vertex 86.1 -20.274813395900775 117.1707668529344
      vertex 86.1 -20.089631704274844 117.05977321843362
      vertex 86.1 -17.756349186104046 114.44365081389596
    endloop
  endfacet
  facet normal -1 0 0
    outer loop
      vertex 86.1 -20.089631704274844 117.05977321843362
      vertex 86.1 -19.89446243446085 116.96746502847517
      vertex 86.1 -17.756349186104046 114.44365081389596
    endloop
  endfacet
  facet normal -1 0 0
    outer loop
      vertex 86.1 -19.89446243446085 116.96746502847517
      vertex 86.1 -19.691185173217466 116.89473126138914
      vertex 86.1 -17.756349186104046 114.44365081389596
    endloop
  endfacet
  facet normal -1 0 0
    outer loop
      vertex 86.1 -19.691185173217466 116.89473126138914
      vertex 86.1 -19.481757591693132 116.8422723831129
      vertex 86.1 -17.756349186104046 114.44365081389596
    endloop
  endfacet
  facet normal -1 0 0
    outer loop
      vertex 86.1 -19.481757591693132 116.8422723831129
      vertex 86.1 -19.268196591982683 116.81059360132117
      vertex 86.1 -17.74575558478288 114.65928852262098
    endloop
  endfacet
  facet normal -1 0 0
    outer loop
      vertex 86.1 -19.481757591693132 116.8422723831129
      vertex 86.1 -17.74575558478288 114.65928852262098
      vertex 86.1 -17.756349186104046 114.44365081389596
    endloop
  endfacet
  facet normal -1 0 0
    outer loop
      vertex 86.1 -19.268196591982683 116.81059360132117
      vertex 86.1 -17.714076802991155 114.87284952233144
      vertex 86.1 -17.74575558478288 114.65928852262098
    endloop
  endfacet
  facet normal -1 0 0
    outer loop
      vertex 86.1 -19.05255888325765 116.8
      vertex 86.1 -17.661617924714907 115.08227710385577
      vertex 86.1 -17.714076802991155 114.87284952233144
    endloop
  endfacet
  facet normal -1 0 0
    outer loop
      vertex 86.1 -18.836921174532616 116.81059360132117
      vertex 86.1 -17.58888415762888 115.28555436509916
      vertex 86.1 -17.661617924714907 115.08227710385577
    endloop
  endfacet
  facet normal -1 0 0
    outer loop
      vertex 86.1 -18.623360174822167 116.8422723831129
      vertex 86.1 -17.496575967670427 115.48072363491315
      vertex 86.1 -17.58888415762888 115.28555436509916
    endloop
  endfacet
  facet normal -1 0 0
    outer loop
      vertex 86.1 -18.413932593297833 116.89473126138914
      vertex 86.1 -17.385582333169648 115.66590532653908
      vertex 86.1 -17.496575967670427 115.48072363491315
    endloop
  endfacet
  facet normal -1 0 0
    outer loop
      vertex 86.1 -19.268196591982683 116.81059360132117
      vertex 86.1 -19.05255888325765 116.8
      vertex 86.1 -17.714076802991155 114.87284952233144
    endloop
  endfacet
  facet normal -1 0 0
    outer loop
      vertex 86.1 -19.05255888325765 116.8
      vertex 86.1 -18.836921174532616 116.81059360132117
      vertex 86.1 -17.661617924714907 115.08227710385577
    endloop
  endfacet
  facet normal -1 0 0
    outer loop
      vertex 86.1 -18.836921174532616 116.81059360132117
      vertex 86.1 -18.623360174822167 116.8422723831129
      vertex 86.1 -17.58888415762888 115.28555436509916
    endloop
  endfacet
  facet normal -1 0 0
    outer loop
      vertex 86.1 -18.623360174822167 116.8422723831129
      vertex 86.1 -18.413932593297833 116.89473126138914
      vertex 86.1 -17.496575967670427 115.48072363491315
    endloop
  endfacet
  facet normal -1 0 0
    outer loop
      vertex 86.1 -18.413932593297833 116.89473126138914
      vertex 86.1 -18.21065533205445 116.96746502847517
      vertex 86.1 -17.385582333169648 115.66590532653908
    endloop
  endfacet
  facet normal -1 0 0
    outer loop
      vertex 86.1 -18.21065533205445 116.96746502847517
      vertex 86.1 -18.015486062240456 117.05977321843362
      vertex 86.1 -17.256972183502068 115.83931603905597
    endloop
  endfacet
  facet normal -1 0 0
    outer loop
      vertex 86.1 -18.21065533205445 116.96746502847517
      vertex 86.1 -17.256972183502068 115.83931603905597
      vertex 86.1 -17.385582333169648 115.66590532653908
    endloop
  endfacet
  facet normal -1 0 0
    outer loop
      vertex 86.1 -18.015486062240456 117.05977321843362
      vertex 86.1 -17.830304370614524 117.1707668529344
      vertex 86.1 -17.111984104714452 115.99928573250637
    endloop
  endfacet
  facet normal -1 0 0
    outer loop
      vertex 86.1 -18.015486062240456 117.05977321843362
      vertex 86.1 -17.111984104714452 115.99928573250637
      vertex 86.1 -17.256972183502068 115.83931603905597
    endloop
  endfacet
  facet normal -1 0 0
    outer loop
      vertex 86.1 -17.830304370614524 117.1707668529344
      vertex 86.1 -16.952014411264066 116.14427381129398
      vertex 86.1 -17.111984104714452 115.99928573250637
    endloop
  endfacet
  facet normal -1 0 0
    outer loop
      vertex 86.1 -17.830304370614524 117.1707668529344
      vertex 86.1 -17.65689365809763 117.29937700260197
      vertex 86.1 -16.952014411264066 116.14427381129398
    endloop
  endfacet
  facet normal -1 0 0
    outer loop
      vertex 86.1 -17.65689365809763 117.29937700260197
      vertex 86.1 -17.496923964647245 117.44436508138959
      vertex 86.1 -16.778603698747173 116.27288396096155
    endloop
  endfacet
  facet normal -1 0 0
    outer loop
      vertex 86.1 -17.65689365809763 117.29937700260197
      vertex 86.1 -16.778603698747173 116.27288396096155
      vertex 86.1 -16.952014411264066 116.14427381129398
    endloop
  endfacet
  facet normal -1 0 0
    outer loop
      vertex 86.1 -17.496923964647245 117.44436508138959
      vertex 86.1 -17.35193588585963 117.60433477483998
      vertex 86.1 -16.59342200712124 116.38387759546234
    endloop
  endfacet
  facet normal -1 0 0
    outer loop
      vertex 86.1 -17.496923964647245 117.44436508138959
      vertex 86.1 -16.59342200712124 116.38387759546234
      vertex 86.1 -16.778603698747173 116.27288396096155
    endloop
  endfacet
  facet normal -1 0 0
    outer loop
      vertex 86.1 -17.35193588585963 117.60433477483998
      vertex 86.1 -16.398252737307246 116.47618578542078
      vertex 86.1 -16.59342200712124 116.38387759546234
    endloop
  endfacet
  facet normal -1 0 0
    outer loop
      vertex 86.1 -17.22332573619205 117.77774548735688
      vertex 86.1 -16.194975476063863 116.54891955250682
      vertex 86.1 -16.398252737307246 116.47618578542078
    endloop
  endfacet
  facet normal -1 0 0
    outer loop
      vertex 86.1 -17.11233210169127 117.96292717898281
      vertex 86.1 -15.985547894539529 116.60137843078306
      vertex 86.1 -16.194975476063863 116.54891955250682
    endloop
  endfacet
  facet normal -1 0 0
    outer loop
      vertex 86.1 -17.35193588585963 117.60433477483998
      vertex 86.1 -17.22332573619205 117.77774548735688
      vertex 86.1 -16.398252737307246 116.47618578542078
    endloop
  endfacet
  facet normal -1 0 0
    outer loop
      vertex 86.1 -17.22332573619205 117.77774548735688
      vertex 86.1 -17.11233210169127 117.96292717898281
      vertex 86.1 -16.194975476063863 116.54891955250682
    endloop
  endfacet
  facet normal -1 0 0
    outer loop
      vertex 86.1 -17.11233210169127 117.96292717898281
      vertex 86.1 -17.020023911732817 118.1580964487968
      vertex 86.1 -15.985547894539529 116.60137843078306
    endloop
  endfacet
  facet normal -1 0 0
    outer loop
      vertex 86.1 -17.020023911732817 118.1580964487968
      vertex 86.1 -16.94729014464679 118.36137371004018
      vertex 86.1 -15.77198689482908 116.63305721257478
    endloop
  endfacet
  facet normal -1 0 0
    outer loop
      vertex 86.1 -16.94729014464679 118.36137371004018
      vertex 86.1 -16.89483126637054 118.57080129156452
      vertex 86.1 -15.556349186104047 116.64365081389596
    endloop
  endfacet
  facet normal -1 0 0
    outer loop
      vertex 86.1 -17.020023911732817 118.1580964487968
      vertex 86.1 -15.77198689482908 116.63305721257478
      vertex 86.1 -15.985547894539529 116.60137843078306
    endloop
  endfacet
  facet normal -1 0 0
    outer loop
      vertex 86.1 -16.94729014464679 118.36137371004018
      vertex 86.1 -15.556349186104047 116.64365081389596
      vertex 86.1 -15.77198689482908 116.63305721257478
    endloop
  endfacet
  facet normal -1 0 0
    outer loop
      vertex 86.1 -15.340711477379013 116.63305721257478
      vertex 86.1 -16.89483126637054 118.57080129156452
      vertex 86.1 -16.863152484578816 118.78436229127497
    endloop
  endfacet
  facet normal -1 0 0
    outer loop
      vertex 86.1 -15.127150477668565 116.60137843078306
      vertex 86.1 -16.863152484578816 118.78436229127497
      vertex 86.1 -16.85255888325765 119
    endloop
  endfacet
  facet normal -1 0 0
    outer loop
      vertex 86.1 -14.91772289614423 116.54891955250682
      vertex 86.1 -16.85255888325765 119
      vertex 86.1 -16.863152484578816 119.21563770872503
    endloop
  endfacet
  facet normal -1 0 0
    outer loop
      vertex 86.1 -15.556349186104047 116.64365081389596
      vertex 86.1 -16.89483126637054 118.57080129156452
      vertex 86.1 -15.340711477379013 116.63305721257478
    endloop
  endfacet
  facet normal -1 0 0
    outer loop
      vertex 86.1 -15.340711477379013 116.63305721257478
      vertex 86.1 -16.863152484578816 118.78436229127497
      vertex 86.1 -15.127150477668565 116.60137843078306
    endloop
  endfacet
  facet normal -1 0 0
    outer loop
      vertex 86.1 -15.127150477668565 116.60137843078306
      vertex 86.1 -16.85255888325765 119
      vertex 86.1 -14.91772289614423 116.54891955250682
    endloop
  endfacet
  facet normal 1 0 0
    outer loop
      vertex 91.1 -17.74575558478288 114.65928852262098
      vertex 91.1 -17.714076802991155 114.87284952233144
      vertex 91.1 -17.35193588585963 117.60433477483998
    endloop
  endfacet
  facet normal 1 0 0
    outer loop
      vertex 91.1 -17.714076802991155 114.87284952233144
      vertex 91.1 -17.661617924714907 115.08227710385577
      vertex 91.1 -17.35193588585963 117.60433477483998
    endloop
  endfacet
  facet normal 1 0 0
    outer loop
      vertex 91.1 -17.661617924714907 115.08227710385577
      vertex 91.1 -17.58888415762888 115.28555436509916
      vertex 91.1 -17.35193588585963 117.60433477483998
    endloop
  endfacet
  facet normal 1 0 0
    outer loop
      vertex 91.1 -17.58888415762888 115.28555436509916
      vertex 91.1 -17.496575967670427 115.48072363491315
      vertex 91.1 -17.35193588585963 117.60433477483998
    endloop
  endfacet
  facet normal 1 0 0
    outer loop
      vertex 91.1 -17.496575967670427 115.48072363491315
      vertex 91.1 -17.385582333169648 115.66590532653908
      vertex 91.1 -17.35193588585963 117.60433477483998
    endloop
  endfacet
  facet normal 1 0 0
    outer loop
      vertex 91.1 -17.385582333169648 115.66590532653908
      vertex 91.1 -17.256972183502068 115.83931603905597
      vertex 91.1 -17.35193588585963 117.60433477483998
    endloop
  endfacet
  facet normal 1 0 0
    outer loop
      vertex 91.1 -17.256972183502068 115.83931603905597
      vertex 91.1 -17.111984104714452 115.99928573250637
      vertex 91.1 -17.35193588585963 117.60433477483998
    endloop
  endfacet
  facet normal 1 0 0
    outer loop
      vertex 91.1 -17.111984104714452 115.99928573250637
      vertex 91.1 -16.952014411264066 116.14427381129398
      vertex 91.1 -17.35193588585963 117.60433477483998
    endloop
  endfacet
  facet normal 1 0 0
    outer loop
      vertex 91.1 -17.35193588585963 117.60433477483998
      vertex 91.1 -16.952014411264066 116.14427381129398
      vertex 91.1 -16.778603698747173 116.27288396096155
    endloop
  endfacet
  facet normal 1 0 0
    outer loop
      vertex 91.1 -17.35193588585963 117.60433477483998
      vertex 91.1 -16.778603698747173 116.27288396096155
      vertex 91.1 -16.59342200712124 116.38387759546234
    endloop
  endfacet
  facet normal 1 0 0
    outer loop
      vertex 91.1 -17.35193588585963 117.60433477483998
      vertex 91.1 -16.59342200712124 116.38387759546234
      vertex 91.1 -16.398252737307246 116.47618578542078
    endloop
  endfacet
  facet normal 1 0 0
    outer loop
      vertex 91.1 -17.35193588585963 117.60433477483998
      vertex 91.1 -16.398252737307246 116.47618578542078
      vertex 91.1 -16.194975476063863 116.54891955250682
    endloop
  endfacet
  facet normal 1 0 0
    outer loop
      vertex 91.1 -17.35193588585963 117.60433477483998
      vertex 91.1 -16.194975476063863 116.54891955250682
      vertex 91.1 -15.985547894539529 116.60137843078306
    endloop
  endfacet
  facet normal 1 0 0
    outer loop
      vertex 91.1 -17.35193588585963 117.60433477483998
      vertex 91.1 -15.985547894539529 116.60137843078306
      vertex 91.1 -15.77198689482908 116.63305721257478
    endloop
  endfacet
  facet normal 1 0 0
    outer loop
      vertex 91.1 -17.35193588585963 117.60433477483998
      vertex 91.1 -15.77198689482908 116.63305721257478
      vertex 91.1 -15.556349186104047 116.64365081389596
    endloop
  endfacet
  facet normal 1 0 0
    outer loop
      vertex 91.1 -17.35193588585963 117.60433477483998
      vertex 91.1 -15.556349186104047 116.64365081389596
      vertex 91.1 -15.340711477379013 116.63305721257478
    endloop
  endfacet
  facet normal 1 0 0
    outer loop
      vertex 91.1 -17.35193588585963 117.60433477483998
      vertex 91.1 -15.340711477379013 116.63305721257478
      vertex 91.1 -15.127150477668565 116.60137843078306
    endloop
  endfacet
  facet normal 1 0 0
    outer loop
      vertex 91.1 -17.35193588585963 117.60433477483998
      vertex 91.1 -15.127150477668565 116.60137843078306
      vertex 91.1 -14.91772289614423 116.54891955250682
    endloop
  endfacet
  facet normal 1 0 0
    outer loop
      vertex 91.1 -17.35193588585963 117.60433477483998
      vertex 91.1 -14.91772289614423 116.54891955250682
      vertex 91.1 -14.71444563490085 116.47618578542078
    endloop
  endfacet
  facet normal -1 0 0
    outer loop
      vertex 86.1 -13.855726188706026 113.04798558873594
      vertex 86.1 -13.10526873861086 111.58606740670217
      vertex 86.1 -13.157727616887108 111.37663982517783
    endloop
  endfacet
  facet normal -1 0 0
    outer loop
      vertex 86.1 -13.855726188706026 113.04798558873594
      vertex 86.1 -13.03253497152483 111.78934466794556
      vertex 86.1 -13.10526873861086 111.58606740670217
    endloop
  endfacet
  facet normal -1 0 0
    outer loop
      vertex 86.1 -13.855726188706026 113.04798558873594
      vertex 86.1 -13.727116039038448 113.22139630125284
      vertex 86.1 -12.700622997398021 112.34310634190237
    endloop
  endfacet
  facet normal -1 0 0
    outer loop
      vertex 86.1 -13.727116039038448 113.22139630125284
      vertex 86.1 -13.616122404537666 113.40657799287877
      vertex 86.1 -12.555634918610405 112.50307603535276
    endloop
  endfacet
  facet normal -1 0 0
    outer loop
      vertex 86.1 -13.855726188706026 113.04798558873594
      vertex 86.1 -12.94022678156638 111.98451393775954
      vertex 86.1 -13.03253497152483 111.78934466794556
    endloop
  endfacet
  facet normal -1 0 0
    outer loop
      vertex 86.1 -13.855726188706026 113.04798558873594
      vertex 86.1 -12.8292331470656 112.16969562938547
      vertex 86.1 -12.94022678156638 111.98451393775954
    endloop
  endfacet
  facet normal -1 0 0
    outer loop
      vertex 86.1 -13.855726188706026 113.04798558873594
      vertex 86.1 -12.700622997398021 112.34310634190237
      vertex 86.1 -12.8292331470656 112.16969562938547
    endloop
  endfacet
  facet normal -1 0 0
    outer loop
      vertex 86.1 -13.727116039038448 113.22139630125284
      vertex 86.1 -12.555634918610405 112.50307603535276
      vertex 86.1 -12.700622997398021 112.34310634190237
    endloop
  endfacet
  facet normal -1 0 0
    outer loop
      vertex 86.1 -13.616122404537666 113.40657799287877
      vertex 86.1 -13.523814214579216 113.60174726269275
      vertex 86.1 -12.555634918610405 112.50307603535276
    endloop
  endfacet
  facet normal -1 0 0
    outer loop
      vertex 86.1 -13.523814214579216 113.60174726269275
      vertex 86.1 -13.451080447493187 113.80502452393614
      vertex 86.1 -12.555634918610405 112.50307603535276
    endloop
  endfacet
  facet normal -1 0 0
    outer loop
      vertex 86.1 -13.451080447493187 113.80502452393614
      vertex 86.1 -13.398621569216939 114.01445210546048
      vertex 86.1 -12.555634918610405 112.50307603535276
    endloop
  endfacet
  facet normal 1 0 0
    outer loop
      vertex 91.1 -14.71444563490085 112.41111584237113
      vertex 91.1 -13.157727616887108 111.37663982517783
      vertex 91.1 -14.519276365086853 112.50342403232958
    endloop
  endfacet
  facet normal 1 0 0
    outer loop
      vertex 91.1 -14.71444563490085 112.41111584237113
      vertex 91.1 -13.189406398678834 111.16307882546738
      vertex 91.1 -13.157727616887108 111.37663982517783
    endloop
  endfacet
  facet normal 1 0 0
    outer loop
      vertex 91.1 -14.519276365086853 112.50342403232958
      vertex 91.1 -13.10526873861086 111.58606740670217
      vertex 91.1 -14.334094673460921 112.61441766683036
    endloop
  endfacet
  facet normal 1 0 0
    outer loop
      vertex 91.1 -14.519276365086853 112.50342403232958
      vertex 91.1 -13.157727616887108 111.37663982517783
      vertex 91.1 -13.10526873861086 111.58606740670217
    endloop
  endfacet
  facet normal 1 0 0
    outer loop
      vertex 91.1 -14.334094673460921 112.61441766683036
      vertex 91.1 -13.10526873861086 111.58606740670217
      vertex 91.1 -13.03253497152483 111.78934466794556
    endloop
  endfacet
  facet normal 1 0 0
    outer loop
      vertex 91.1 -14.160683960944027 112.74302781649793
      vertex 91.1 -13.03253497152483 111.78934466794556
      vertex 91.1 -12.94022678156638 111.98451393775954
    endloop
  endfacet
  facet normal 1 0 0
    outer loop
      vertex 91.1 -14.334094673460921 112.61441766683036
      vertex 91.1 -13.03253497152483 111.78934466794556
      vertex 91.1 -14.160683960944027 112.74302781649793
    endloop
  endfacet
  facet normal 1 0 0
    outer loop
      vertex 91.1 -14.160683960944027 112.74302781649793
      vertex 91.1 -12.94022678156638 111.98451393775954
      vertex 91.1 -14.000714267493642 112.88801589528555
    endloop
  endfacet
  facet normal 1 0 0
    outer loop
      vertex 91.1 -14.000714267493642 112.88801589528555
      vertex 91.1 -12.8292331470656 112.16969562938547
      vertex 91.1 -13.855726188706026 113.04798558873594
    endloop
  endfacet
  facet normal 1 0 0
    outer loop
      vertex 91.1 -13.855726188706026 113.04798558873594
      vertex 91.1 -12.700622997398021 112.34310634190237
      vertex 91.1 -13.727116039038448 113.22139630125284
    endloop
  endfacet
  facet normal 1 0 0
    outer loop
      vertex 91.1 -13.727116039038448 113.22139630125284
      vertex 91.1 -12.555634918610405 112.50307603535276
      vertex 91.1 -13.616122404537666 113.40657799287877
    endloop
  endfacet
  facet normal 1 0 0
    outer loop
      vertex 91.1 -14.000714267493642 112.88801589528555
      vertex 91.1 -12.94022678156638 111.98451393775954
      vertex 91.1 -12.8292331470656 112.16969562938547
    endloop
  endfacet
  facet normal 1 0 0
    outer loop
      vertex 91.1 -13.855726188706026 113.04798558873594
      vertex 91.1 -12.8292331470656 112.16969562938547
      vertex 91.1 -12.700622997398021 112.34310634190237
    endloop
  endfacet
  facet normal 1 0 0
    outer loop
      vertex 91.1 -13.727116039038448 113.22139630125284
      vertex 91.1 -12.700622997398021 112.34310634190237
      vertex 91.1 -12.555634918610405 112.50307603535276
    endloop
  endfacet
  facet normal 1 0 0
    outer loop
      vertex 91.1 -13.616122404537666 113.40657799287877
      vertex 91.1 -12.39566522516002 112.64806411414038
      vertex 91.1 -13.523814214579216 113.60174726269275
    endloop
  endfacet
  facet normal 1 0 0
    outer loop
      vertex 91.1 -13.523814214579216 113.60174726269275
      vertex 91.1 -12.222254512643126 112.77667426380795
      vertex 91.1 -13.451080447493187 113.80502452393614
    endloop
  endfacet
  facet normal 1 0 0
    outer loop
      vertex 91.1 -13.616122404537666 113.40657799287877
      vertex 91.1 -12.555634918610405 112.50307603535276
      vertex 91.1 -12.39566522516002 112.64806411414038
    endloop
  endfacet
  facet normal 1 0 0
    outer loop
      vertex 91.1 -13.523814214579216 113.60174726269275
      vertex 91.1 -12.39566522516002 112.64806411414038
      vertex 91.1 -12.222254512643126 112.77667426380795
    endloop
  endfacet
  facet normal 1 0 0
    outer loop
      vertex 91.1 -13.451080447493187 113.80502452393614
      vertex 91.1 -12.222254512643126 112.77667426380795
      vertex 91.1 -12.037072821017194 112.88766789830873
    endloop
  endfacet
  facet normal -1 0 0
    outer loop
      vertex 86.1 -14.91772289614423 116.54891955250682
      vertex 86.1 -16.863152484578816 119.21563770872503
      vertex 86.1 -14.71444563490085 116.47618578542078
    endloop
  endfacet
  facet normal -1 0 0
    outer loop
      vertex 86.1 -13.398621569216939 114.01445210546048
      vertex 86.1 -13.366942787425213 114.22801310517093
      vertex 86.1 -12.555634918610405 112.50307603535276
    endloop
  endfacet
  facet normal -1 0 0
    outer loop
      vertex 86.1 -13.356349186104048 114.44365081389596
      vertex 86.1 -13.366942787425213 114.65928852262098
      vertex 86.1 -12.555634918610405 112.50307603535276
    endloop
  endfacet
  facet normal -1 0 0
    outer loop
      vertex 86.1 -13.366942787425213 114.22801310517093
      vertex 86.1 -13.356349186104048 114.44365081389596
      vertex 86.1 -12.555634918610405 112.50307603535276
    endloop
  endfacet
  facet normal -1 0 0
    outer loop
      vertex 86.1 -13.366942787425213 114.65928852262098
      vertex 86.1 -13.398621569216939 114.87284952233144
      vertex 86.1 -12.555634918610405 112.50307603535276
    endloop
  endfacet
  facet normal 1 0 0
    outer loop
      vertex 91.1 -13.451080447493187 113.80502452393614
      vertex 91.1 -12.037072821017194 112.88766789830873
      vertex 91.1 -13.398621569216939 114.01445210546048
    endloop
  endfacet
  facet normal 1 0 0
    outer loop
      vertex 91.1 -35 0
      vertex 91.1 27.461987851290452 135.46252901645158
      vertex 91.1 2.1052687386108597 107.36137371004018
    endloop
  endfacet
  facet normal 1 0 0
    outer loop
      vertex 91.1 -10.784362291274967 108.75803471806353
      vertex 91.1 -7.523252139321055 107.52737730899737
      vertex 91.1 -10.570801291564518 108.78971349985525
    endloop
  endfacet
  facet normal 1 0 0
    outer loop
      vertex 91.1 -10.570801291564518 108.78971349985525
      vertex 91.1 -7.634245773821838 107.7125590006233
      vertex 91.1 -10.361373710040183 108.8421723781315
    endloop
  endfacet
  facet normal 1 0 0
    outer loop
      vertex 91.1 -10.361373710040183 108.8421723781315
      vertex 91.1 -7.726553963780287 107.90772827043729
      vertex 91.1 -10.158096448796803 108.91490614521753
    endloop
  endfacet
  facet normal -1 0 0
    outer loop
      vertex 86.1 -10.784362291274967 108.75803471806353
      vertex 86.1 -7.851746609142563 108.32043311320501
      vertex 86.1 -7.799287730866316 108.11100553168068
    endloop
  endfacet
  facet normal -1 0 0
    outer loop
      vertex 86.1 -10.784362291274967 108.75803471806353
      vertex 86.1 -7.88342539093429 108.53399411291547
      vertex 86.1 -7.851746609142563 108.32043311320501
    endloop
  endfacet
  facet normal -1 0 0
    outer loop
      vertex 86.1 -10.784362291274967 108.75803471806353
      vertex 86.1 -7.799287730866316 108.11100553168068
      vertex 86.1 -7.726553963780287 107.90772827043729
    endloop
  endfacet
  facet normal 1 0 0
    outer loop
      vertex 91.1 -10.784362291274967 108.75803471806353
      vertex 91.1 -7.394641989653477 107.35396659648048
      vertex 91.1 -7.523252139321055 107.52737730899737
    endloop
  endfacet
  facet normal 1 0 0
    outer loop
      vertex 91.1 -10.361373710040183 108.8421723781315
      vertex 91.1 -7.634245773821838 107.7125590006233
      vertex 91.1 -7.726553963780287 107.90772827043729
    endloop
  endfacet
  facet normal 1 0 0
    outer loop
      vertex 91.1 -10.570801291564518 108.78971349985525
      vertex 91.1 -7.523252139321055 107.52737730899737
      vertex 91.1 -7.634245773821838 107.7125590006233
    endloop
  endfacet
  facet normal 1 0 0
    outer loop
      vertex 91.1 -10.158096448796803 108.91490614521753
      vertex 91.1 -7.726553963780287 107.90772827043729
      vertex 91.1 -7.799287730866316 108.11100553168068
    endloop
  endfacet
  facet normal 1 0 0
    outer loop
      vertex 91.1 -9.962927178982806 109.00721433517597
      vertex 91.1 -7.799287730866316 108.11100553168068
      vertex 91.1 -7.851746609142563 108.32043311320501
    endloop
  endfacet
  facet normal -1 0 0
    outer loop
      vertex 86.1 -10.784362291274967 108.75803471806353
      vertex 86.1 -10.570801291564518 108.78971349985525
      vertex 86.1 -7.8940189922554564 108.74963182164049
    endloop
  endfacet
  facet normal -1 0 0
    outer loop
      vertex 86.1 -10.570801291564518 108.78971349985525
      vertex 86.1 -10.361373710040183 108.8421723781315
      vertex 86.1 -7.8940189922554564 108.74963182164049
    endloop
  endfacet
  facet normal -1 0 0
    outer loop
      vertex 86.1 -10.361373710040183 108.8421723781315
      vertex 86.1 -10.158096448796803 108.91490614521753
      vertex 86.1 -7.8940189922554564 108.74963182164049
    endloop
  endfacet
  facet normal 1 0 0
    outer loop
      vertex 91.1 -13.398621569216939 114.01445210546048
      vertex 91.1 -12.037072821017194 112.88766789830873
      vertex 91.1 -11.841903551203197 112.97997608826718
    endloop
  endfacet
  facet normal 1 0 0
    outer loop
      vertex 91.1 -13.398621569216939 114.01445210546048
      vertex 91.1 -11.841903551203197 112.97997608826718
      vertex 91.1 -11.638626289959817 113.05270985535321
    endloop
  endfacet
  facet normal 1 0 0
    outer loop
      vertex 91.1 -13.398621569216939 114.01445210546048
      vertex 91.1 -11.638626289959817 113.05270985535321
      vertex 91.1 -11.429198708435482 113.10516873362945
    endloop
  endfacet
  facet normal 1 0 0
    outer loop
      vertex 91.1 -13.398621569216939 114.01445210546048
      vertex 91.1 -11.429198708435482 113.10516873362945
      vertex 91.1 -11.215637708725033 113.13684751542118
    endloop
  endfacet
  facet normal 1 0 0
    outer loop
      vertex 91.1 -13.398621569216939 114.01445210546048
      vertex 91.1 -11.215637708725033 113.13684751542118
      vertex 91.1 -11 113.14744111674236
    endloop
  endfacet
  facet normal 1 0 0
    outer loop
      vertex 91.1 -13.398621569216939 114.01445210546048
      vertex 91.1 -11 113.14744111674236
      vertex 91.1 -10.784362291274967 113.13684751542118
    endloop
  endfacet
  facet normal 1 0 0
    outer loop
      vertex 91.1 -13.398621569216939 114.01445210546048
      vertex 91.1 -10.784362291274967 113.13684751542118
      vertex 91.1 -10.570801291564518 113.10516873362945
    endloop
  endfacet
  facet normal 1 0 0
    outer loop
      vertex 91.1 -13.398621569216939 114.01445210546048
      vertex 91.1 -10.570801291564518 113.10516873362945
      vertex 91.1 -10.361373710040183 113.05270985535321
    endloop
  endfacet
  facet normal 1 0 0
    outer loop
      vertex 91.1 -17.35193588585963 117.60433477483998
      vertex 91.1 0.6386262899598172 110.10526873861086
      vertex 91.1 -17.22332573619205 117.77774548735688
    endloop
  endfacet
  facet normal 1 0 0
    outer loop
      vertex 91.1 -17.22332573619205 117.77774548735688
      vertex 91.1 0.6386262899598172 110.10526873861086
      vertex 91.1 -17.11233210169127 117.96292717898281
    endloop
  endfacet
  facet normal 1 0 0
    outer loop
      vertex 91.1 -17.11233210169127 117.96292717898281
      vertex 91.1 0.6386262899598172 110.10526873861086
      vertex 91.1 -17.020023911732817 118.1580964487968
    endloop
  endfacet
  facet normal 1 0 0
    outer loop
      vertex 91.1 -17.020023911732817 118.1580964487968
      vertex 91.1 0.6386262899598172 110.10526873861086
      vertex 91.1 -16.94729014464679 118.36137371004018
    endloop
  endfacet
  facet normal 1 0 0
    outer loop
      vertex 91.1 -16.94729014464679 118.36137371004018
      vertex 91.1 0.6386262899598172 110.10526873861086
      vertex 91.1 -16.89483126637054 118.57080129156452
    endloop
  endfacet
  facet normal 1 0 0
    outer loop
      vertex 91.1 -16.89483126637054 118.57080129156452
      vertex 91.1 0.6386262899598172 110.10526873861086
      vertex 91.1 -16.863152484578816 118.78436229127497
    endloop
  endfacet
  facet normal 1 0 0
    outer loop
      vertex 91.1 -16.863152484578816 118.78436229127497
      vertex 91.1 0.6386262899598172 110.10526873861086
      vertex 91.1 -16.85255888325765 119
    endloop
  endfacet
  facet normal 1 0 0
    outer loop
      vertex 91.1 -17.35193588585963 117.60433477483998
      vertex 91.1 -14.71444563490085 116.47618578542078
      vertex 91.1 0.6386262899598172 110.10526873861086
    endloop
  endfacet
  facet normal 1 0 0
    outer loop
      vertex 91.1 -14.71444563490085 116.47618578542078
      vertex 91.1 -14.519276365086853 116.38387759546234
      vertex 91.1 0.6386262899598172 110.10526873861086
    endloop
  endfacet
  facet normal 1 0 0
    outer loop
      vertex 91.1 -14.519276365086853 116.38387759546234
      vertex 91.1 -14.334094673460921 116.27288396096155
      vertex 91.1 0.6386262899598172 110.10526873861086
    endloop
  endfacet
  facet normal -1 0 0
    outer loop
      vertex 86.1 -10.158096448796803 108.91490614521753
      vertex 86.1 -9.962927178982806 109.00721433517597
      vertex 86.1 -7.8940189922554564 108.74963182164049
    endloop
  endfacet
  facet normal -1 0 0
    outer loop
      vertex 86.1 -9.962927178982806 109.00721433517597
      vertex 86.1 -9.777745487356874 109.11820796967676
      vertex 86.1 -7.8940189922554564 108.74963182164049
    endloop
  endfacet
  facet normal -1 0 0
    outer loop
      vertex 86.1 -9.777745487356874 109.11820796967676
      vertex 86.1 -9.60433477483998 109.24681811934433
      vertex 86.1 -7.8940189922554564 108.74963182164049
    endloop
  endfacet
  facet normal -1 0 0
    outer loop
      vertex 86.1 -10.784362291274967 108.75803471806353
      vertex 86.1 -7.8940189922554564 108.74963182164049
      vertex 86.1 -7.88342539093429 108.53399411291547
    endloop
  endfacet
  facet normal -1 0 0
    outer loop
      vertex 86.1 -9.60433477483998 109.24681811934433
      vertex 86.1 -9.444365081389595 109.39180619813195
      vertex 86.1 -7.8940189922554564 108.74963182164049
    endloop
  endfacet
  facet normal -1 0 0
    outer loop
      vertex 86.1 -9.444365081389595 109.39180619813195
      vertex 86.1 -9.299377002601979 109.55177589158234
      vertex 86.1 -7.8940189922554564 108.74963182164049
    endloop
  endfacet
  facet normal -1 0 0
    outer loop
      vertex 86.1 -9.299377002601979 109.55177589158234
      vertex 86.1 -9.1707668529344 109.72518660409924
      vertex 86.1 -7.88342539093429 108.96526953036552
    endloop
  endfacet
  facet normal -1 0 0
    outer loop
      vertex 86.1 -9.1707668529344 109.72518660409924
      vertex 86.1 -9.05977321843362 109.91036829572516
      vertex 86.1 -7.851746609142563 109.17883053007597
    endloop
  endfacet
  facet normal -1 0 0
    outer loop
      vertex 86.1 -9.05977321843362 109.91036829572516
      vertex 86.1 -8.96746502847517 110.10553756553915
      vertex 86.1 -7.799287730866316 109.38825811160031
    endloop
  endfacet
  facet normal -1 0 0
    outer loop
      vertex 86.1 -9.299377002601979 109.55177589158234
      vertex 86.1 -7.88342539093429 108.96526953036552
      vertex 86.1 -7.8940189922554564 108.74963182164049
    endloop
  endfacet
  facet normal -1 0 0
    outer loop
      vertex 86.1 -9.1707668529344 109.72518660409924
      vertex 86.1 -7.851746609142563 109.17883053007597
      vertex 86.1 -7.88342539093429 108.96526953036552
    endloop
  endfacet
  facet normal -1 0 0
    outer loop
      vertex 86.1 -9.05977321843362 109.91036829572516
      vertex 86.1 -7.799287730866316 109.38825811160031
      vertex 86.1 -7.851746609142563 109.17883053007597
    endloop
  endfacet
  facet normal -1 0 0
    outer loop
      vertex 86.1 -8.96746502847517 110.10553756553915
      vertex 86.1 -7.726553963780287 109.5915353728437
      vertex 86.1 -7.799287730866316 109.38825811160031
    endloop
  endfacet
  facet normal -1 0 0
    outer loop
      vertex 86.1 -8.96746502847517 110.10553756553915
      vertex 86.1 -8.89473126138914 110.30881482678254
      vertex 86.1 -7.726553963780287 109.5915353728437
    endloop
  endfacet
  facet normal -1 0 0
    outer loop
      vertex 86.1 -8.89473126138914 110.30881482678254
      vertex 86.1 -8.842272383112892 110.51824240830688
      vertex 86.1 -7.634245773821838 109.78670464265768
    endloop
  endfacet
  facet normal -1 0 0
    outer loop
      vertex 86.1 -8.842272383112892 110.51824240830688
      vertex 86.1 -8.810593601321166 110.73180340801733
      vertex 86.1 -7.523252139321055 109.97188633428361
    endloop
  endfacet
  facet normal -1 0 0
    outer loop
      vertex 86.1 -8.810593601321166 110.73180340801733
      vertex 86.1 -8.8 110.94744111674235
      vertex 86.1 -7.394641989653477 110.14529704680051
    endloop
  endfacet
  facet normal -1 0 0
    outer loop
      vertex 86.1 -8.89473126138914 110.30881482678254
      vertex 86.1 -7.634245773821838 109.78670464265768
      vertex 86.1 -7.726553963780287 109.5915353728437
    endloop
  endfacet
  facet normal -1 0 0
    outer loop
      vertex 86.1 -8.842272383112892 110.51824240830688
      vertex 86.1 -7.523252139321055 109.97188633428361
      vertex 86.1 -7.634245773821838 109.78670464265768
    endloop
  endfacet
  facet normal -1 0 0
    outer loop
      vertex 86.1 -8.810593601321166 110.73180340801733
      vertex 86.1 -7.394641989653477 110.14529704680051
      vertex 86.1 -7.523252139321055 109.97188633428361
    endloop
  endfacet
  facet normal -1 0 0
    outer loop
      vertex 86.1 -8.8 110.94744111674235
      vertex 86.1 -7.249653910865861 110.3052667402509
      vertex 86.1 -7.394641989653477 110.14529704680051
    endloop
  endfacet
  facet normal 1 0 0
    outer loop
      vertex 91.1 -10.158096448796803 108.91490614521753
      vertex 91.1 -7.799287730866316 108.11100553168068
      vertex 91.1 -9.962927178982806 109.00721433517597
    endloop
  endfacet
  facet normal 1 0 0
    outer loop
      vertex 91.1 -9.962927178982806 109.00721433517597
      vertex 91.1 -7.851746609142563 108.32043311320501
      vertex 91.1 -9.777745487356874 109.11820796967676
    endloop
  endfacet
  facet normal 1 0 0
    outer loop
      vertex 91.1 -9.777745487356874 109.11820796967676
      vertex 91.1 -7.88342539093429 108.53399411291547
      vertex 91.1 -9.60433477483998 109.24681811934433
    endloop
  endfacet
  facet normal 1 0 0
    outer loop
      vertex 91.1 -9.60433477483998 109.24681811934433
      vertex 91.1 -7.8940189922554564 108.74963182164049
      vertex 91.1 -9.444365081389595 109.39180619813195
    endloop
  endfacet
  facet normal 1 0 0
    outer loop
      vertex 91.1 -9.444365081389595 109.39180619813195
      vertex 91.1 -7.88342539093429 108.96526953036552
      vertex 91.1 -9.299377002601979 109.55177589158234
    endloop
  endfacet
  facet normal 1 0 0
    outer loop
      vertex 91.1 -9.299377002601979 109.55177589158234
      vertex 91.1 -7.851746609142563 109.17883053007597
      vertex 91.1 -9.1707668529344 109.72518660409924
    endloop
  endfacet
  facet normal 1 0 0
    outer loop
      vertex 91.1 -9.1707668529344 109.72518660409924
      vertex 91.1 -7.799287730866316 109.38825811160031
      vertex 91.1 -9.05977321843362 109.91036829572516
    endloop
  endfacet
  facet normal 1 0 0
    outer loop
      vertex 91.1 -9.777745487356874 109.11820796967676
      vertex 91.1 -7.851746609142563 108.32043311320501
      vertex 91.1 -7.88342539093429 108.53399411291547
    endloop
  endfacet
  facet normal 1 0 0
    outer loop
      vertex 91.1 -9.60433477483998 109.24681811934433
      vertex 91.1 -7.88342539093429 108.53399411291547
      vertex 91.1 -7.8940189922554564 108.74963182164049
    endloop
  endfacet
  facet normal 1 0 0
    outer loop
      vertex 91.1 -9.444365081389595 109.39180619813195
      vertex 91.1 -7.8940189922554564 108.74963182164049
      vertex 91.1 -7.88342539093429 108.96526953036552
    endloop
  endfacet
  facet normal 1 0 0
    outer loop
      vertex 91.1 -9.299377002601979 109.55177589158234
      vertex 91.1 -7.88342539093429 108.96526953036552
      vertex 91.1 -7.851746609142563 109.17883053007597
    endloop
  endfacet
  facet normal 1 0 0
    outer loop
      vertex 91.1 -9.1707668529344 109.72518660409924
      vertex 91.1 -7.851746609142563 109.17883053007597
      vertex 91.1 -7.799287730866316 109.38825811160031
    endloop
  endfacet
  facet normal 1 0 0
    outer loop
      vertex 91.1 -9.05977321843362 109.91036829572516
      vertex 91.1 -7.799287730866316 109.38825811160031
      vertex 91.1 -7.726553963780287 109.5915353728437
    endloop
  endfacet
  facet normal 1 0 0
    outer loop
      vertex 91.1 -8.96746502847517 110.10553756553915
      vertex 91.1 -7.726553963780287 109.5915353728437
      vertex 91.1 -7.634245773821838 109.78670464265768
    endloop
  endfacet
  facet normal 1 0 0
    outer loop
      vertex 91.1 -9.05977321843362 109.91036829572516
      vertex 91.1 -7.726553963780287 109.5915353728437
      vertex 91.1 -8.96746502847517 110.10553756553915
    endloop
  endfacet
  facet normal 1 0 0
    outer loop
      vertex 91.1 -8.96746502847517 110.10553756553915
      vertex 91.1 -7.634245773821838 109.78670464265768
      vertex 91.1 -8.89473126138914 110.30881482678254
    endloop
  endfacet
  facet normal 1 0 0
    outer loop
      vertex 91.1 -8.89473126138914 110.30881482678254
      vertex 91.1 -7.523252139321055 109.97188633428361
      vertex 91.1 -8.842272383112892 110.51824240830688
    endloop
  endfacet
  facet normal 1 0 0
    outer loop
      vertex 91.1 -8.842272383112892 110.51824240830688
      vertex 91.1 -7.394641989653477 110.14529704680051
      vertex 91.1 -8.810593601321166 110.73180340801733
    endloop
  endfacet
  facet normal 1 0 0
    outer loop
      vertex 91.1 -8.810593601321166 110.73180340801733
      vertex 91.1 -7.249653910865861 110.3052667402509
      vertex 91.1 -8.8 110.94744111674235
    endloop
  endfacet
  facet normal 1 0 0
    outer loop
      vertex 91.1 -8.89473126138914 110.30881482678254
      vertex 91.1 -7.634245773821838 109.78670464265768
      vertex 91.1 -7.523252139321055 109.97188633428361
    endloop
  endfacet
  facet normal 1 0 0
    outer loop
      vertex 91.1 -8.842272383112892 110.51824240830688
      vertex 91.1 -7.523252139321055 109.97188633428361
      vertex 91.1 -7.394641989653477 110.14529704680051
    endloop
  endfacet
  facet normal 1 0 0
    outer loop
      vertex 91.1 -8.810593601321166 110.73180340801733
      vertex 91.1 -7.394641989653477 110.14529704680051
      vertex 91.1 -7.249653910865861 110.3052667402509
    endloop
  endfacet
  facet normal 1 0 0
    outer loop
      vertex 91.1 -13.398621569216939 114.01445210546048
      vertex 91.1 -0.21563770872503335 110.18940639867883
      vertex 91.1 -13.366942787425213 114.22801310517093
    endloop
  endfacet
  facet normal 1 0 0
    outer loop
      vertex 91.1 -13.366942787425213 114.22801310517093
      vertex 91.1 -0.21563770872503335 110.18940639867883
      vertex 91.1 -13.356349186104048 114.44365081389596
    endloop
  endfacet
  facet normal 1 0 0
    outer loop
      vertex 91.1 -13.356349186104048 114.44365081389596
      vertex 91.1 0.6386262899598172 110.10526873861086
      vertex 91.1 -13.366942787425213 114.65928852262098
    endloop
  endfacet
  facet normal 1 0 0
    outer loop
      vertex 91.1 -13.366942787425213 114.65928852262098
      vertex 91.1 0.6386262899598172 110.10526873861086
      vertex 91.1 -13.398621569216939 114.87284952233144
    endloop
  endfacet
  facet normal 1 0 0
    outer loop
      vertex 91.1 -13.398621569216939 114.87284952233144
      vertex 91.1 0.6386262899598172 110.10526873861086
      vertex 91.1 -13.451080447493187 115.08227710385577
    endloop
  endfacet
  facet normal 1 0 0
    outer loop
      vertex 91.1 -13.451080447493187 115.08227710385577
      vertex 91.1 0.6386262899598172 110.10526873861086
      vertex 91.1 -13.523814214579216 115.28555436509916
    endloop
  endfacet
  facet normal 1 0 0
    outer loop
      vertex 91.1 -9.777745487356874 112.77667426380795
      vertex 91.1 -9.60433477483998 112.64806411414038
      vertex 91.1 -5.264820283819974 110.90735943852759
    endloop
  endfacet
  facet normal 1 0 0
    outer loop
      vertex 91.1 -9.1707668529344 112.16969562938547
      vertex 91.1 -9.05977321843362 111.98451393775954
      vertex 91.1 -5.694018992255456 110.9496318216405
    endloop
  endfacet
  facet normal 1 0 0
    outer loop
      vertex 91.1 -8.89473126138914 111.58606740670217
      vertex 91.1 -5.694018992255456 110.9496318216405
      vertex 91.1 -8.96746502847517 111.78934466794556
    endloop
  endfacet
  facet normal 1 0 0
    outer loop
      vertex 91.1 -9.05977321843362 111.98451393775954
      vertex 91.1 -8.96746502847517 111.78934466794556
      vertex 91.1 -5.694018992255456 110.9496318216405
    endloop
  endfacet
  facet normal 1 0 0
    outer loop
      vertex 91.1 -9.444365081389595 112.50307603535276
      vertex 91.1 -9.299377002601979 112.34310634190237
      vertex 91.1 -5.694018992255456 110.9496318216405
    endloop
  endfacet
  facet normal 1 0 0
    outer loop
      vertex 91.1 -9.299377002601979 112.34310634190237
      vertex 91.1 -9.1707668529344 112.16969562938547
      vertex 91.1 -5.694018992255456 110.9496318216405
    endloop
  endfacet
  facet normal 1 0 0
    outer loop
      vertex 91.1 -9.60433477483998 112.64806411414038
      vertex 91.1 -9.444365081389595 112.50307603535276
      vertex 91.1 -5.478381283530423 110.93903822031932
    endloop
  endfacet
  facet normal 1 0 0
    outer loop
      vertex 91.1 -13.398621569216939 114.01445210546048
      vertex 91.1 -10.361373710040183 113.05270985535321
      vertex 91.1 -0.21563770872503335 110.18940639867883
    endloop
  endfacet
  facet normal 1 0 0
    outer loop
      vertex 91.1 -8.8 110.94744111674235
      vertex 91.1 -7.249653910865861 110.3052667402509
      vertex 91.1 -7.089684217415476 110.45025481903852
    endloop
  endfacet
  facet normal 1 0 0
    outer loop
      vertex 91.1 -8.8 110.94744111674235
      vertex 91.1 -5.694018992255456 110.9496318216405
      vertex 91.1 -8.810593601321166 111.16307882546738
    endloop
  endfacet
  facet normal 1 0 0
    outer loop
      vertex 91.1 -8.8 110.94744111674235
      vertex 91.1 -7.089684217415476 110.45025481903852
      vertex 91.1 -6.916273504898581 110.57886496870609
    endloop
  endfacet
  facet normal 1 0 0
    outer loop
      vertex 91.1 -8.8 110.94744111674235
      vertex 91.1 -6.916273504898581 110.57886496870609
      vertex 91.1 -6.731091813272651 110.68985860320687
    endloop
  endfacet
  facet normal 1 0 0
    outer loop
      vertex 91.1 -8.8 110.94744111674235
      vertex 91.1 -6.731091813272651 110.68985860320687
      vertex 91.1 -6.535922543458653 110.78216679316532
    endloop
  endfacet
  facet normal 1 0 0
    outer loop
      vertex 91.1 -8.8 110.94744111674235
      vertex 91.1 -6.535922543458653 110.78216679316532
      vertex 91.1 -6.332645282215274 110.85490056025135
    endloop
  endfacet
  facet normal 1 0 0
    outer loop
      vertex 91.1 -8.8 110.94744111674235
      vertex 91.1 -6.332645282215274 110.85490056025135
      vertex 91.1 -6.1232177006909385 110.90735943852759
    endloop
  endfacet
  facet normal 1 0 0
    outer loop
      vertex 91.1 -8.8 110.94744111674235
      vertex 91.1 -6.1232177006909385 110.90735943852759
      vertex 91.1 -5.90965670098049 110.93903822031932
    endloop
  endfacet
  facet normal 1 0 0
    outer loop
      vertex 91.1 -8.8 110.94744111674235
      vertex 91.1 -5.90965670098049 110.93903822031932
      vertex 91.1 -5.694018992255456 110.9496318216405
    endloop
  endfacet
  facet normal 1 0 0
    outer loop
      vertex 91.1 -8.842272383112892 111.37663982517783
      vertex 91.1 -8.810593601321166 111.16307882546738
      vertex 91.1 -5.694018992255456 110.9496318216405
    endloop
  endfacet
  facet normal 1 0 0
    outer loop
      vertex 91.1 -8.89473126138914 111.58606740670217
      vertex 91.1 -8.842272383112892 111.37663982517783
      vertex 91.1 -5.694018992255456 110.9496318216405
    endloop
  endfacet
  facet normal 1 0 0
    outer loop
      vertex 91.1 -9.444365081389595 112.50307603535276
      vertex 91.1 -5.694018992255456 110.9496318216405
      vertex 91.1 -5.478381283530423 110.93903822031932
    endloop
  endfacet
  facet normal 1 0 0
    outer loop
      vertex 91.1 -9.60433477483998 112.64806411414038
      vertex 91.1 -5.478381283530423 110.93903822031932
      vertex 91.1 -5.264820283819974 110.90735943852759
    endloop
  endfacet
  facet normal 1 0 0
    outer loop
      vertex 91.1 -9.777745487356874 112.77667426380795
      vertex 91.1 -5.264820283819974 110.90735943852759
      vertex 91.1 -5.055392702295639 110.85490056025135
    endloop
  endfacet
  facet normal 1 0 0
    outer loop
      vertex 91.1 -10.361373710040183 113.05270985535321
      vertex 91.1 -10.158096448796803 112.97997608826718
      vertex 91.1 -0.21563770872503335 110.18940639867883
    endloop
  endfacet
  facet normal 1 0 0
    outer loop
      vertex 91.1 -10.158096448796803 112.97997608826718
      vertex 91.1 -9.962927178982806 112.88766789830873
      vertex 91.1 -0.21563770872503335 110.18940639867883
    endloop
  endfacet
  facet normal 1 0 0
    outer loop
      vertex 91.1 -9.962927178982806 112.88766789830873
      vertex 91.1 -9.777745487356874 112.77667426380795
      vertex 91.1 -0.21563770872503335 110.18940639867883
    endloop
  endfacet
  facet normal -1 0 0
    outer loop
      vertex 86.1 -10.158096448796803 112.97997608826718
      vertex 86.1 -1.2222545126431248 128.1707668529344
      vertex 86.1 -9.962927178982806 112.88766789830873
    endloop
  endfacet
  facet normal -1 0 0
    outer loop
      vertex 86.1 -9.777745487356874 112.77667426380795
      vertex 86.1 -0.8419035512031976 127.96746502847517
      vertex 86.1 -9.60433477483998 112.64806411414038
    endloop
  endfacet
  facet normal -1 0 0
    outer loop
      vertex 86.1 -9.962927178982806 112.88766789830873
      vertex 86.1 -1.037072821017195 128.0597732184336
      vertex 86.1 -9.777745487356874 112.77667426380795
    endloop
  endfacet
  facet normal -1 0 0
    outer loop
      vertex 86.1 -9.60433477483998 112.64806411414038
      vertex 86.1 -0.6386262899598172 127.89473126138914
      vertex 86.1 -9.444365081389595 112.50307603535276
    endloop
  endfacet
  facet normal -1 0 0
    outer loop
      vertex 86.1 -9.444365081389595 112.50307603535276
      vertex 86.1 -0.4291987084354822 127.8422723831129
      vertex 86.1 -9.299377002601979 112.34310634190237
    endloop
  endfacet
  facet normal 1 0 0
    outer loop
      vertex 91.1 -14.334094673460921 116.27288396096155
      vertex 91.1 -14.160683960944027 116.14427381129398
      vertex 91.1 0.6386262899598172 110.10526873861086
    endloop
  endfacet
  facet normal 1 0 0
    outer loop
      vertex 91.1 -14.000714267493642 115.99928573250637
      vertex 91.1 0.6386262899598172 110.10526873861086
      vertex 91.1 -14.160683960944027 116.14427381129398
    endloop
  endfacet
  facet normal 1 0 0
    outer loop
      vertex 91.1 -14.000714267493642 115.99928573250637
      vertex 91.1 -13.855726188706026 115.83931603905597
      vertex 91.1 0.6386262899598172 110.10526873861086
    endloop
  endfacet
  facet normal 1 0 0
    outer loop
      vertex 91.1 -13.855726188706026 115.83931603905597
      vertex 91.1 -13.727116039038448 115.66590532653908
      vertex 91.1 0.6386262899598172 110.10526873861086
    endloop
  endfacet
  facet normal 1 0 0
    outer loop
      vertex 91.1 -13.727116039038448 115.66590532653908
      vertex 91.1 -13.616122404537666 115.48072363491315
      vertex 91.1 0.6386262899598172 110.10526873861086
    endloop
  endfacet
  facet normal 1 0 0
    outer loop
      vertex 91.1 -13.523814214579216 115.28555436509916
      vertex 91.1 0.6386262899598172 110.10526873861086
      vertex 91.1 -13.616122404537666 115.48072363491315
    endloop
  endfacet
  facet normal -1 0 0
    outer loop
      vertex 86.1 -4.852115441052259 106.71709685011567
      vertex 86.1 -4.656946171238261 106.80940504007411
      vertex 86.1 -1.3956652251600201 106.29937700260197
    endloop
  endfacet
  facet normal -1 0 0
    outer loop
      vertex 86.1 -4.656946171238261 106.80940504007411
      vertex 86.1 -4.4717644796123315 106.9203986745749
      vertex 86.1 -1.5556349186104048 106.44436508138959
    endloop
  endfacet
  facet normal -1 0 0
    outer loop
      vertex 86.1 -4.4717644796123315 106.9203986745749
      vertex 86.1 -4.298353767095437 107.04900882424246
      vertex 86.1 -1.7006229973980216 106.60433477483998
    endloop
  endfacet
  facet normal -1 0 0
    outer loop
      vertex 86.1 -4.298353767095437 107.04900882424246
      vertex 86.1 -4.138384073645051 107.19399690303008
      vertex 86.1 -1.8292331470655996 106.77774548735688
    endloop
  endfacet
  facet normal -1 0 0
    outer loop
      vertex 86.1 -4.138384073645051 107.19399690303008
      vertex 86.1 -3.9933959948574347 107.35396659648048
      vertex 86.1 -1.9402267815663812 106.96292717898281
    endloop
  endfacet
  facet normal -1 0 0
    outer loop
      vertex 86.1 -3.9933959948574347 107.35396659648048
      vertex 86.1 -3.8647858451898567 107.52737730899737
      vertex 86.1 -2.032534971524831 107.1580964487968
    endloop
  endfacet
  facet normal -1 0 0
    outer loop
      vertex 86.1 -3.8647858451898567 107.52737730899737
      vertex 86.1 -3.753792210689075 107.7125590006233
      vertex 86.1 -2.1052687386108597 107.36137371004018
    endloop
  endfacet
  facet normal -1 0 0
    outer loop
      vertex 86.1 -3.753792210689075 107.7125590006233
      vertex 86.1 -3.6614840207306254 107.90772827043729
      vertex 86.1 -2.157727616887107 107.57080129156452
    endloop
  endfacet
  facet normal -1 0 0
    outer loop
      vertex 86.1 -3.6614840207306254 107.90772827043729
      vertex 86.1 -3.5887502536445965 108.11100553168068
      vertex 86.1 -2.1894063986788335 107.78436229127497
    endloop
  endfacet
  facet normal 1 0 0
    outer loop
      vertex 91.1 -5.055392702295639 106.64436308302963
      vertex 91.1 -1.2222545126431248 106.1707668529344
      vertex 91.1 -4.852115441052259 106.71709685011567
    endloop
  endfacet
  facet normal 1 0 0
    outer loop
      vertex 91.1 -4.852115441052259 106.71709685011567
      vertex 91.1 -1.5556349186104048 106.44436508138959
      vertex 91.1 -4.656946171238261 106.80940504007411
    endloop
  endfacet
  facet normal 1 0 0
    outer loop
      vertex 91.1 -4.656946171238261 106.80940504007411
      vertex 91.1 -1.5556349186104048 106.44436508138959
      vertex 91.1 -4.4717644796123315 106.9203986745749
    endloop
  endfacet
  facet normal 1 0 0
    outer loop
      vertex 91.1 -4.4717644796123315 106.9203986745749
      vertex 91.1 -1.7006229973980216 106.60433477483998
      vertex 91.1 -4.298353767095437 107.04900882424246
    endloop
  endfacet
  facet normal 1 0 0
    outer loop
      vertex 91.1 -4.298353767095437 107.04900882424246
      vertex 91.1 -1.8292331470655996 106.77774548735688
      vertex 91.1 -4.138384073645051 107.19399690303008
    endloop
  endfacet
  facet normal 1 0 0
    outer loop
      vertex 91.1 -4.138384073645051 107.19399690303008
      vertex 91.1 -1.9402267815663812 106.96292717898281
      vertex 91.1 -3.9933959948574347 107.35396659648048
    endloop
  endfacet
  facet normal 1 0 0
    outer loop
      vertex 91.1 -3.9933959948574347 107.35396659648048
      vertex 91.1 -2.032534971524831 107.1580964487968
      vertex 91.1 -3.8647858451898567 107.52737730899737
    endloop
  endfacet
  facet normal 1 0 0
    outer loop
      vertex 91.1 -3.8647858451898567 107.52737730899737
      vertex 91.1 -2.1052687386108597 107.36137371004018
      vertex 91.1 -3.753792210689075 107.7125590006233
    endloop
  endfacet
  facet normal 1 0 0
    outer loop
      vertex 91.1 -3.753792210689075 107.7125590006233
      vertex 91.1 -2.157727616887107 107.57080129156452
      vertex 91.1 -3.6614840207306254 107.90772827043729
    endloop
  endfacet
  facet normal 1 0 0
    outer loop
      vertex 91.1 -3.6614840207306254 107.90772827043729
      vertex 91.1 -2.1894063986788335 107.78436229127497
      vertex 91.1 -3.5887502536445965 108.11100553168068
    endloop
  endfacet
  facet normal -1 0 0
    outer loop
      vertex 86.1 -4.4717644796123315 106.9203986745749
      vertex 86.1 -1.7006229973980216 106.60433477483998
      vertex 86.1 -1.5556349186104048 106.44436508138959
    endloop
  endfacet
  facet normal -1 0 0
    outer loop
      vertex 86.1 -4.656946171238261 106.80940504007411
      vertex 86.1 -1.5556349186104048 106.44436508138959
      vertex 86.1 -1.3956652251600201 106.29937700260197
    endloop
  endfacet
  facet normal -1 0 0
    outer loop
      vertex 86.1 -4.298353767095437 107.04900882424246
      vertex 86.1 -1.8292331470655996 106.77774548735688
      vertex 86.1 -1.7006229973980216 106.60433477483998
    endloop
  endfacet
  facet normal -1 0 0
    outer loop
      vertex 86.1 -4.138384073645051 107.19399690303008
      vertex 86.1 -1.9402267815663812 106.96292717898281
      vertex 86.1 -1.8292331470655996 106.77774548735688
    endloop
  endfacet
  facet normal -1 0 0
    outer loop
      vertex 86.1 -3.9933959948574347 107.35396659648048
      vertex 86.1 -2.032534971524831 107.1580964487968
      vertex 86.1 -1.9402267815663812 106.96292717898281
    endloop
  endfacet
  facet normal -1 0 0
    outer loop
      vertex 86.1 -3.8647858451898567 107.52737730899737
      vertex 86.1 -2.1052687386108597 107.36137371004018
      vertex 86.1 -2.032534971524831 107.1580964487968
    endloop
  endfacet
  facet normal -1 0 0
    outer loop
      vertex 86.1 -3.5887502536445965 108.11100553168068
      vertex 86.1 -3.536291375368349 108.32043311320501
      vertex 86.1 -2.2 108
    endloop
  endfacet
  facet normal -1 0 0
    outer loop
      vertex 86.1 -3.536291375368349 108.32043311320501
      vertex 86.1 -3.504612593576623 108.53399411291547
      vertex 86.1 -2.1894063986788335 108.21563770872503
    endloop
  endfacet
  facet normal -1 0 0
    outer loop
      vertex 86.1 -3.504612593576623 108.53399411291547
      vertex 86.1 -3.494018992255456 108.74963182164049
      vertex 86.1 -2.157727616887107 108.42919870843548
    endloop
  endfacet
  facet normal -1 0 0
    outer loop
      vertex 86.1 -3.753792210689075 107.7125590006233
      vertex 86.1 -2.157727616887107 107.57080129156452
      vertex 86.1 -2.1052687386108597 107.36137371004018
    endloop
  endfacet
  facet normal -1 0 0
    outer loop
      vertex 86.1 -3.6614840207306254 107.90772827043729
      vertex 86.1 -2.1894063986788335 107.78436229127497
      vertex 86.1 -2.157727616887107 107.57080129156452
    endloop
  endfacet
  facet normal -1 0 0
    outer loop
      vertex 86.1 -3.5887502536445965 108.11100553168068
      vertex 86.1 -2.2 108
      vertex 86.1 -2.1894063986788335 107.78436229127497
    endloop
  endfacet
  facet normal -1 0 0
    outer loop
      vertex 86.1 -3.536291375368349 108.32043311320501
      vertex 86.1 -2.1894063986788335 108.21563770872503
      vertex 86.1 -2.2 108
    endloop
  endfacet
  facet normal -1 0 0
    outer loop
      vertex 86.1 -3.504612593576623 108.53399411291547
      vertex 86.1 -2.157727616887107 108.42919870843548
      vertex 86.1 -2.1894063986788335 108.21563770872503
    endloop
  endfacet
  facet normal -1 0 0
    outer loop
      vertex 86.1 -2.157727616887107 108.42919870843548
      vertex 86.1 -3.494018992255456 108.74963182164049
      vertex 86.1 -2.1052687386108597 108.63862628995982
    endloop
  endfacet
  facet normal 1 0 0
    outer loop
      vertex 91.1 -4.852115441052259 106.71709685011567
      vertex 91.1 -1.3956652251600201 106.29937700260197
      vertex 91.1 -1.5556349186104048 106.44436508138959
    endloop
  endfacet
  facet normal 1 0 0
    outer loop
      vertex 91.1 -4.4717644796123315 106.9203986745749
      vertex 91.1 -1.5556349186104048 106.44436508138959
      vertex 91.1 -1.7006229973980216 106.60433477483998
    endloop
  endfacet
  facet normal 1 0 0
    outer loop
      vertex 91.1 -4.852115441052259 106.71709685011567
      vertex 91.1 -1.2222545126431248 106.1707668529344
      vertex 91.1 -1.3956652251600201 106.29937700260197
    endloop
  endfacet
  facet normal 1 0 0
    outer loop
      vertex 91.1 -4.298353767095437 107.04900882424246
      vertex 91.1 -1.7006229973980216 106.60433477483998
      vertex 91.1 -1.8292331470655996 106.77774548735688
    endloop
  endfacet
  facet normal 1 0 0
    outer loop
      vertex 91.1 -4.138384073645051 107.19399690303008
      vertex 91.1 -1.8292331470655996 106.77774548735688
      vertex 91.1 -1.9402267815663812 106.96292717898281
    endloop
  endfacet
  facet normal 1 0 0
    outer loop
      vertex 91.1 -3.9933959948574347 107.35396659648048
      vertex 91.1 -1.9402267815663812 106.96292717898281
      vertex 91.1 -2.032534971524831 107.1580964487968
    endloop
  endfacet
  facet normal 1 0 0
    outer loop
      vertex 91.1 -3.8647858451898567 107.52737730899737
      vertex 91.1 -2.032534971524831 107.1580964487968
      vertex 91.1 -2.1052687386108597 107.36137371004018
    endloop
  endfacet
  facet normal 1 0 0
    outer loop
      vertex 91.1 -3.5887502536445965 108.11100553168068
      vertex 91.1 -2.2 108
      vertex 91.1 -3.536291375368349 108.32043311320501
    endloop
  endfacet
  facet normal 1 0 0
    outer loop
      vertex 91.1 -3.536291375368349 108.32043311320501
      vertex 91.1 -2.1894063986788335 108.21563770872503
      vertex 91.1 -3.504612593576623 108.53399411291547
    endloop
  endfacet
  facet normal 1 0 0
    outer loop
      vertex 91.1 -3.504612593576623 108.53399411291547
      vertex 91.1 -2.157727616887107 108.42919870843548
      vertex 91.1 -3.494018992255456 108.74963182164049
    endloop
  endfacet
  facet normal 1 0 0
    outer loop
      vertex 91.1 -3.753792210689075 107.7125590006233
      vertex 91.1 -2.1052687386108597 107.36137371004018
      vertex 91.1 -2.157727616887107 107.57080129156452
    endloop
  endfacet
  facet normal 1 0 0
    outer loop
      vertex 91.1 -3.6614840207306254 107.90772827043729
      vertex 91.1 -2.157727616887107 107.57080129156452
      vertex 91.1 -2.1894063986788335 107.78436229127497
    endloop
  endfacet
  facet normal 1 0 0
    outer loop
      vertex 91.1 -3.5887502536445965 108.11100553168068
      vertex 91.1 -2.1894063986788335 107.78436229127497
      vertex 91.1 -2.2 108
    endloop
  endfacet
  facet normal 1 0 0
    outer loop
      vertex 91.1 -3.536291375368349 108.32043311320501
      vertex 91.1 -2.2 108
      vertex 91.1 -2.1894063986788335 108.21563770872503
    endloop
  endfacet
  facet normal 1 0 0
    outer loop
      vertex 91.1 -3.504612593576623 108.53399411291547
      vertex 91.1 -2.1894063986788335 108.21563770872503
      vertex 91.1 -2.157727616887107 108.42919870843548
    endloop
  endfacet
  facet normal 1 0 0
    outer loop
      vertex 91.1 -2.157727616887107 108.42919870843548
      vertex 91.1 -2.1052687386108597 108.63862628995982
      vertex 91.1 -3.494018992255456 108.74963182164049
    endloop
  endfacet
  facet normal -1 0 0
    outer loop
      vertex 86.1 -4.298353767095437 110.45025481903852
      vertex 86.1 -1.037072821017195 109.94022678156638
      vertex 86.1 -4.138384073645051 110.3052667402509
    endloop
  endfacet
  facet normal 1 0 0
    outer loop
      vertex 91.1 -9.777745487356874 112.77667426380795
      vertex 91.1 -5.055392702295639 110.85490056025135
      vertex 91.1 -0.21563770872503335 110.18940639867883
    endloop
  endfacet
  facet normal 1 0 0
    outer loop
      vertex 91.1 -16.85255888325765 119
      vertex 91.1 0.6386262899598172 110.10526873861086
      vertex 91.1 0.8419035512031976 110.03253497152483
    endloop
  endfacet
  facet normal 1 0 0
    outer loop
      vertex 91.1 -16.85255888325765 119
      vertex 91.1 0.8419035512031976 110.03253497152483
      vertex 91.1 1.037072821017195 109.94022678156638
    endloop
  endfacet
  facet normal 1 0 0
    outer loop
      vertex 91.1 -4.656946171238261 110.68985860320687
      vertex 91.1 -4.4717644796123315 110.57886496870609
      vertex 91.1 -0.6386262899598172 110.10526873861086
    endloop
  endfacet
  facet normal 1 0 0
    outer loop
      vertex 91.1 -4.4717644796123315 110.57886496870609
      vertex 91.1 -4.298353767095437 110.45025481903852
      vertex 91.1 -0.8419035512031976 110.03253497152483
    endloop
  endfacet
  facet normal 1 0 0
    outer loop
      vertex 91.1 -5.055392702295639 110.85490056025135
      vertex 91.1 -4.852115441052259 110.78216679316532
      vertex 91.1 -0.21563770872503335 110.18940639867883
    endloop
  endfacet
  facet normal 1 0 0
    outer loop
      vertex 91.1 -4.852115441052259 110.78216679316532
      vertex 91.1 -4.656946171238261 110.68985860320687
      vertex 91.1 -0.4291987084354822 110.1577276168871
    endloop
  endfacet
  facet normal 1 0 0
    outer loop
      vertex 91.1 -13.356349186104048 114.44365081389596
      vertex 91.1 -0.21563770872503335 110.18940639867883
      vertex 91.1 0 110.2
    endloop
  endfacet
  facet normal 1 0 0
    outer loop
      vertex 91.1 -13.356349186104048 114.44365081389596
      vertex 91.1 0 110.2
      vertex 91.1 0.21563770872503335 110.18940639867883
    endloop
  endfacet
  facet normal 1 0 0
    outer loop
      vertex 91.1 -13.356349186104048 114.44365081389596
      vertex 91.1 0.21563770872503335 110.18940639867883
      vertex 91.1 0.4291987084354822 110.1577276168871
    endloop
  endfacet
  facet normal 1 0 0
    outer loop
      vertex 91.1 -13.356349186104048 114.44365081389596
      vertex 91.1 0.4291987084354822 110.1577276168871
      vertex 91.1 0.6386262899598172 110.10526873861086
    endloop
  endfacet
  facet normal -1 0 0
    outer loop
      vertex 86.1 -9.05977321843362 111.98451393775954
      vertex 86.1 0.21563770872503335 127.81059360132117
      vertex 86.1 -8.96746502847517 111.78934466794556
    endloop
  endfacet
  facet normal -1 0 0
    outer loop
      vertex 86.1 -8.89473126138914 111.58606740670217
      vertex 86.1 0.6386262899598172 127.89473126138914
      vertex 86.1 -8.842272383112892 111.37663982517783
    endloop
  endfacet
  facet normal -1 0 0
    outer loop
      vertex 86.1 -8.89473126138914 111.58606740670217
      vertex 86.1 -8.96746502847517 111.78934466794556
      vertex 86.1 0.4291987084354822 127.8422723831129
    endloop
  endfacet
  facet normal -1 0 0
    outer loop
      vertex 86.1 -8.842272383112892 111.37663982517783
      vertex 86.1 0.8419035512031976 127.96746502847517
      vertex 86.1 -8.810593601321166 111.16307882546738
    endloop
  endfacet
  facet normal -1 0 0
    outer loop
      vertex 86.1 -8.8 110.94744111674235
      vertex 86.1 -8.810593601321166 111.16307882546738
      vertex 86.1 1.037072821017195 128.0597732184336
    endloop
  endfacet
  facet normal -1 0 0
    outer loop
      vertex 86.1 -9.299377002601979 112.34310634190237
      vertex 86.1 -0.21563770872503335 127.81059360132117
      vertex 86.1 -9.1707668529344 112.16969562938547
    endloop
  endfacet
  facet normal -1 0 0
    outer loop
      vertex 86.1 -9.1707668529344 112.16969562938547
      vertex 86.1 0 127.8
      vertex 86.1 -9.05977321843362 111.98451393775954
    endloop
  endfacet
  facet normal -1 0 0
    outer loop
      vertex 86.1 -8.8 110.94744111674235
      vertex 86.1 1.037072821017195 128.0597732184336
      vertex 86.1 -7.249653910865861 110.3052667402509
    endloop
  endfacet
  facet normal -1 0 0
    outer loop
      vertex 86.1 -7.249653910865861 110.3052667402509
      vertex 86.1 1.037072821017195 128.0597732184336
      vertex 86.1 -7.089684217415476 110.45025481903852
    endloop
  endfacet
  facet normal -1 0 0
    outer loop
      vertex 86.1 -7.089684217415476 110.45025481903852
      vertex 86.1 1.037072821017195 128.0597732184336
      vertex 86.1 -6.916273504898581 110.57886496870609
    endloop
  endfacet
  facet normal -1 0 0
    outer loop
      vertex 86.1 -6.916273504898581 110.57886496870609
      vertex 86.1 1.037072821017195 128.0597732184336
      vertex 86.1 -6.731091813272651 110.68985860320687
    endloop
  endfacet
  facet normal -1 0 0
    outer loop
      vertex 86.1 -6.731091813272651 110.68985860320687
      vertex 86.1 1.037072821017195 128.0597732184336
      vertex 86.1 -6.535922543458653 110.78216679316532
    endloop
  endfacet
  facet normal -1 0 0
    outer loop
      vertex 86.1 -6.535922543458653 110.78216679316532
      vertex 86.1 1.037072821017195 128.0597732184336
      vertex 86.1 -6.332645282215274 110.85490056025135
    endloop
  endfacet
  facet normal -1 0 0
    outer loop
      vertex 86.1 -6.332645282215274 110.85490056025135
      vertex 86.1 1.037072821017195 128.0597732184336
      vertex 86.1 -6.1232177006909385 110.90735943852759
    endloop
  endfacet
  facet normal -1 0 0
    outer loop
      vertex 86.1 -6.1232177006909385 110.90735943852759
      vertex 86.1 1.037072821017195 128.0597732184336
      vertex 86.1 -5.90965670098049 110.93903822031932
    endloop
  endfacet
  facet normal -1 0 0
    outer loop
      vertex 86.1 -5.90965670098049 110.93903822031932
      vertex 86.1 1.037072821017195 128.0597732184336
      vertex 86.1 -5.694018992255456 110.9496318216405
    endloop
  endfacet
  facet normal -1 0 0
    outer loop
      vertex 86.1 -5.478381283530423 110.93903822031932
      vertex 86.1 1.037072821017195 128.0597732184336
      vertex 86.1 -5.264820283819974 110.90735943852759
    endloop
  endfacet
  facet normal -1 0 0
    outer loop
      vertex 86.1 -5.694018992255456 110.9496318216405
      vertex 86.1 1.037072821017195 128.0597732184336
      vertex 86.1 -5.478381283530423 110.93903822031932
    endloop
  endfacet
  facet normal -1 0 0
    outer loop
      vertex 86.1 -3.494018992255456 108.74963182164049
      vertex 86.1 -3.504612593576623 108.96526953036552
      vertex 86.1 -2.1052687386108597 108.63862628995982
    endloop
  endfacet
  facet normal -1 0 0
    outer loop
      vertex 86.1 -3.504612593576623 108.96526953036552
      vertex 86.1 -3.536291375368349 109.17883053007597
      vertex 86.1 -2.032534971524831 108.8419035512032
    endloop
  endfacet
  facet normal -1 0 0
    outer loop
      vertex 86.1 -3.5887502536445965 109.38825811160031
      vertex 86.1 -1.9402267815663812 109.03707282101719
      vertex 86.1 -3.536291375368349 109.17883053007597
    endloop
  endfacet
  facet normal -1 0 0
    outer loop
      vertex 86.1 -3.5887502536445965 109.38825811160031
      vertex 86.1 -3.6614840207306254 109.5915353728437
      vertex 86.1 -1.8292331470655996 109.22225451264312
    endloop
  endfacet
  facet normal -1 0 0
    outer loop
      vertex 86.1 -3.753792210689075 109.78670464265768
      vertex 86.1 -1.7006229973980216 109.39566522516002
      vertex 86.1 -3.6614840207306254 109.5915353728437
    endloop
  endfacet
  facet normal -1 0 0
    outer loop
      vertex 86.1 -3.8647858451898567 109.97188633428361
      vertex 86.1 -1.5556349186104048 109.55563491861041
      vertex 86.1 -3.753792210689075 109.78670464265768
    endloop
  endfacet
  facet normal -1 0 0
    outer loop
      vertex 86.1 -3.504612593576623 108.96526953036552
      vertex 86.1 -2.032534971524831 108.8419035512032
      vertex 86.1 -2.1052687386108597 108.63862628995982
    endloop
  endfacet
  facet normal -1 0 0
    outer loop
      vertex 86.1 -3.536291375368349 109.17883053007597
      vertex 86.1 -1.9402267815663812 109.03707282101719
      vertex 86.1 -2.032534971524831 108.8419035512032
    endloop
  endfacet
  facet normal -1 0 0
    outer loop
      vertex 86.1 -3.5887502536445965 109.38825811160031
      vertex 86.1 -1.8292331470655996 109.22225451264312
      vertex 86.1 -1.9402267815663812 109.03707282101719
    endloop
  endfacet
  facet normal -1 0 0
    outer loop
      vertex 86.1 -3.6614840207306254 109.5915353728437
      vertex 86.1 -1.7006229973980216 109.39566522516002
      vertex 86.1 -1.8292331470655996 109.22225451264312
    endloop
  endfacet
  facet normal -1 0 0
    outer loop
      vertex 86.1 -3.9933959948574347 110.14529704680051
      vertex 86.1 -1.3956652251600201 109.70062299739803
      vertex 86.1 -3.8647858451898567 109.97188633428361
    endloop
  endfacet
  facet normal -1 0 0
    outer loop
      vertex 86.1 -4.138384073645051 110.3052667402509
      vertex 86.1 -1.2222545126431248 109.8292331470656
      vertex 86.1 -3.9933959948574347 110.14529704680051
    endloop
  endfacet
  facet normal -1 0 0
    outer loop
      vertex 86.1 -3.753792210689075 109.78670464265768
      vertex 86.1 -1.5556349186104048 109.55563491861041
      vertex 86.1 -1.7006229973980216 109.39566522516002
    endloop
  endfacet
  facet normal -1 0 0
    outer loop
      vertex 86.1 -3.8647858451898567 109.97188633428361
      vertex 86.1 -1.3956652251600201 109.70062299739803
      vertex 86.1 -1.5556349186104048 109.55563491861041
    endloop
  endfacet
  facet normal -1 0 0
    outer loop
      vertex 86.1 -3.9933959948574347 110.14529704680051
      vertex 86.1 -1.2222545126431248 109.8292331470656
      vertex 86.1 -1.3956652251600201 109.70062299739803
    endloop
  endfacet
  facet normal -1 0 0
    outer loop
      vertex 86.1 -4.138384073645051 110.3052667402509
      vertex 86.1 -1.037072821017195 109.94022678156638
      vertex 86.1 -1.2222545126431248 109.8292331470656
    endloop
  endfacet
  facet normal -1 0 0
    outer loop
      vertex 86.1 -4.298353767095437 110.45025481903852
      vertex 86.1 -0.8419035512031976 110.03253497152483
      vertex 86.1 -1.037072821017195 109.94022678156638
    endloop
  endfacet
  facet normal 1 0 0
    outer loop
      vertex 91.1 -3.494018992255456 108.74963182164049
      vertex 91.1 -2.032534971524831 108.8419035512032
      vertex 91.1 -3.504612593576623 108.96526953036552
    endloop
  endfacet
  facet normal 1 0 0
    outer loop
      vertex 91.1 -3.504612593576623 108.96526953036552
      vertex 91.1 -2.032534971524831 108.8419035512032
      vertex 91.1 -3.536291375368349 109.17883053007597
    endloop
  endfacet
  facet normal 1 0 0
    outer loop
      vertex 91.1 -3.5887502536445965 109.38825811160031
      vertex 91.1 -3.536291375368349 109.17883053007597
      vertex 91.1 -1.9402267815663812 109.03707282101719
    endloop
  endfacet
  facet normal 1 0 0
    outer loop
      vertex 91.1 -3.5887502536445965 109.38825811160031
      vertex 91.1 -1.8292331470655996 109.22225451264312
      vertex 91.1 -3.6614840207306254 109.5915353728437
    endloop
  endfacet
  facet normal 1 0 0
    outer loop
      vertex 91.1 -3.753792210689075 109.78670464265768
      vertex 91.1 -3.6614840207306254 109.5915353728437
      vertex 91.1 -1.7006229973980216 109.39566522516002
    endloop
  endfacet
  facet normal 1 0 0
    outer loop
      vertex 91.1 -3.8647858451898567 109.97188633428361
      vertex 91.1 -3.753792210689075 109.78670464265768
      vertex 91.1 -1.5556349186104048 109.55563491861041
    endloop
  endfacet
  facet normal 1 0 0
    outer loop
      vertex 91.1 -3.494018992255456 108.74963182164049
      vertex 91.1 -2.1052687386108597 108.63862628995982
      vertex 91.1 -2.032534971524831 108.8419035512032
    endloop
  endfacet
  facet normal 1 0 0
    outer loop
      vertex 91.1 -3.536291375368349 109.17883053007597
      vertex 91.1 -2.032534971524831 108.8419035512032
      vertex 91.1 -1.9402267815663812 109.03707282101719
    endloop
  endfacet
  facet normal 1 0 0
    outer loop
      vertex 91.1 -3.5887502536445965 109.38825811160031
      vertex 91.1 -1.9402267815663812 109.03707282101719
      vertex 91.1 -1.8292331470655996 109.22225451264312
    endloop
  endfacet
  facet normal 1 0 0
    outer loop
      vertex 91.1 -3.6614840207306254 109.5915353728437
      vertex 91.1 -1.8292331470655996 109.22225451264312
      vertex 91.1 -1.7006229973980216 109.39566522516002
    endloop
  endfacet
  facet normal 1 0 0
    outer loop
      vertex 91.1 -3.9933959948574347 110.14529704680051
      vertex 91.1 -3.8647858451898567 109.97188633428361
      vertex 91.1 -1.3956652251600201 109.70062299739803
    endloop
  endfacet
  facet normal 1 0 0
    outer loop
      vertex 91.1 -4.138384073645051 110.3052667402509
      vertex 91.1 -3.9933959948574347 110.14529704680051
      vertex 91.1 -1.2222545126431248 109.8292331470656
    endloop
  endfacet
  facet normal 1 0 0
    outer loop
      vertex 91.1 -4.298353767095437 110.45025481903852
      vertex 91.1 -4.138384073645051 110.3052667402509
      vertex 91.1 -0.8419035512031976 110.03253497152483
    endloop
  endfacet
  facet normal 1 0 0
    outer loop
      vertex 91.1 -3.753792210689075 109.78670464265768
      vertex 91.1 -1.7006229973980216 109.39566522516002
      vertex 91.1 -1.5556349186104048 109.55563491861041
    endloop
  endfacet
  facet normal 1 0 0
    outer loop
      vertex 91.1 -3.8647858451898567 109.97188633428361
      vertex 91.1 -1.5556349186104048 109.55563491861041
      vertex 91.1 -1.3956652251600201 109.70062299739803
    endloop
  endfacet
  facet normal 1 0 0
    outer loop
      vertex 91.1 -3.9933959948574347 110.14529704680051
      vertex 91.1 -1.3956652251600201 109.70062299739803
      vertex 91.1 -1.2222545126431248 109.8292331470656
    endloop
  endfacet
  facet normal 1 0 0
    outer loop
      vertex 91.1 -4.138384073645051 110.3052667402509
      vertex 91.1 -1.2222545126431248 109.8292331470656
      vertex 91.1 -1.037072821017195 109.94022678156638
    endloop
  endfacet
  facet normal 1 0 0
    outer loop
      vertex 91.1 -4.138384073645051 110.3052667402509
      vertex 91.1 -1.037072821017195 109.94022678156638
      vertex 91.1 -0.8419035512031976 110.03253497152483
    endloop
  endfacet
  facet normal 1 0 0
    outer loop
      vertex 91.1 -4.4717644796123315 110.57886496870609
      vertex 91.1 -0.8419035512031976 110.03253497152483
      vertex 91.1 -0.6386262899598172 110.10526873861086
    endloop
  endfacet
  facet normal 1 0 0
    outer loop
      vertex 91.1 -4.656946171238261 110.68985860320687
      vertex 91.1 -0.6386262899598172 110.10526873861086
      vertex 91.1 -0.4291987084354822 110.1577276168871
    endloop
  endfacet
  facet normal 1 0 0
    outer loop
      vertex 91.1 -4.852115441052259 110.78216679316532
      vertex 91.1 -0.4291987084354822 110.1577276168871
      vertex 91.1 -0.21563770872503335 110.18940639867883
    endloop
  endfacet
  facet normal -1 0 0
    outer loop
      vertex 86.1 -5.264820283819974 110.90735943852759
      vertex 86.1 1.037072821017195 128.0597732184336
      vertex 86.1 -5.055392702295639 110.85490056025135
    endloop
  endfacet
  facet normal -1 0 0
    outer loop
      vertex 86.1 -5.055392702295639 110.85490056025135
      vertex 86.1 1.037072821017195 128.0597732184336
      vertex 86.1 -4.852115441052259 110.78216679316532
    endloop
  endfacet
  facet normal -1 0 0
    outer loop
      vertex 86.1 -4.852115441052259 110.78216679316532
      vertex 86.1 1.037072821017195 128.0597732184336
      vertex 86.1 -4.656946171238261 110.68985860320687
    endloop
  endfacet
  facet normal -1 0 0
    outer loop
      vertex 86.1 -4.656946171238261 110.68985860320687
      vertex 86.1 1.037072821017195 128.0597732184336
      vertex 86.1 -4.4717644796123315 110.57886496870609
    endloop
  endfacet
  facet normal -1 0 0
    outer loop
      vertex 86.1 -4.4717644796123315 110.57886496870609
      vertex 86.1 1.037072821017195 128.0597732184336
      vertex 86.1 -4.298353767095437 110.45025481903852
    endloop
  endfacet
  facet normal -1 0 0
    outer loop
      vertex 86.1 -4.298353767095437 110.45025481903852
      vertex 86.1 1.037072821017195 128.0597732184336
      vertex 86.1 -0.8419035512031976 110.03253497152483
    endloop
  endfacet
  facet normal -1 0 0
    outer loop
      vertex 86.1 -0.8419035512031976 110.03253497152483
      vertex 86.1 1.037072821017195 128.0597732184336
      vertex 86.1 -0.6386262899598172 110.10526873861086
    endloop
  endfacet
  facet normal -1 0 0
    outer loop
      vertex 86.1 -0.6386262899598172 110.10526873861086
      vertex 86.1 1.037072821017195 128.0597732184336
      vertex 86.1 -0.4291987084354822 110.1577276168871
    endloop
  endfacet
  facet normal -1 0 0
    outer loop
      vertex 86.1 -27.461987851290452 135.46252901645158
      vertex 86.1 -21.241965281936483 119.21563770872503
      vertex 86.1 -21.25255888325765 119
    endloop
  endfacet
  facet normal -1 0 0
    outer loop
      vertex 86.1 -27.461987851290452 135.46252901645158
      vertex 86.1 -21.210286500144758 119.42919870843548
      vertex 86.1 -21.241965281936483 119.21563770872503
    endloop
  endfacet
  facet normal -1 0 0
    outer loop
      vertex 86.1 -27.461987851290452 135.46252901645158
      vertex 86.1 -21.15782762186851 119.63862628995982
      vertex 86.1 -21.210286500144758 119.42919870843548
    endloop
  endfacet
  facet normal -1 0 0
    outer loop
      vertex 86.1 -27.461987851290452 135.46252901645158
      vertex 86.1 -21.08509385478248 119.8419035512032
      vertex 86.1 -21.15782762186851 119.63862628995982
    endloop
  endfacet
  facet normal -1 0 0
    outer loop
      vertex 86.1 -27.461987851290452 135.46252901645158
      vertex 86.1 -20.99278566482403 120.03707282101719
      vertex 86.1 -21.08509385478248 119.8419035512032
    endloop
  endfacet
  facet normal -1 0 0
    outer loop
      vertex 86.1 -27.461987851290452 135.46252901645158
      vertex 86.1 -20.88179203032325 120.22225451264312
      vertex 86.1 -20.99278566482403 120.03707282101719
    endloop
  endfacet
  facet normal -1 0 0
    outer loop
      vertex 86.1 -27.461987851290452 135.46252901645158
      vertex 86.1 -20.75318188065567 120.39566522516002
      vertex 86.1 -20.88179203032325 120.22225451264312
    endloop
  endfacet
  facet normal -1 0 0
    outer loop
      vertex 86.1 -27.461987851290452 135.46252901645158
      vertex 86.1 -20.608193801868055 120.55563491861041
      vertex 86.1 -20.75318188065567 120.39566522516002
    endloop
  endfacet
  facet normal -1 0 0
    outer loop
      vertex 86.1 -27.461987851290452 135.46252901645158
      vertex 86.1 -20.44822410841767 120.70062299739803
      vertex 86.1 -20.608193801868055 120.55563491861041
    endloop
  endfacet
  facet normal -1 0 0
    outer loop
      vertex 86.1 -27.461987851290452 135.46252901645158
      vertex 86.1 -20.274813395900775 120.8292331470656
      vertex 86.1 -20.44822410841767 120.70062299739803
    endloop
  endfacet
  facet normal -1 0 0
    outer loop
      vertex 86.1 -27.461987851290452 135.46252901645158
      vertex 86.1 -20.089631704274844 120.94022678156638
      vertex 86.1 -20.274813395900775 120.8292331470656
    endloop
  endfacet
  facet normal -1 0 0
    outer loop
      vertex 86.1 -27.461987851290452 135.46252901645158
      vertex 86.1 -19.89446243446085 121.03253497152483
      vertex 86.1 -20.089631704274844 120.94022678156638
    endloop
  endfacet
  facet normal -1 0 0
    outer loop
      vertex 86.1 -27.461987851290452 135.46252901645158
      vertex 86.1 -19.691185173217466 121.10526873861086
      vertex 86.1 -19.89446243446085 121.03253497152483
    endloop
  endfacet
  facet normal 1 0 0
    outer loop
      vertex 91.1 -21.241965281936483 119.21563770872503
      vertex 91.1 -21.210286500144758 119.42919870843548
      vertex 91.1 -25.868626910316028 140.7151361062225
    endloop
  endfacet
  facet normal 1 0 0
    outer loop
      vertex 91.1 -21.210286500144758 119.42919870843548
      vertex 91.1 -21.15782762186851 119.63862628995982
      vertex 91.1 -25.868626910316028 140.7151361062225
    endloop
  endfacet
  facet normal 1 0 0
    outer loop
      vertex 91.1 -21.15782762186851 119.63862628995982
      vertex 91.1 -21.08509385478248 119.8419035512032
      vertex 91.1 -25.868626910316028 140.7151361062225
    endloop
  endfacet
  facet normal 1 0 0
    outer loop
      vertex 91.1 -21.08509385478248 119.8419035512032
      vertex 91.1 -20.99278566482403 120.03707282101719
      vertex 91.1 -25.868626910316028 140.7151361062225
    endloop
  endfacet
  facet normal 1 0 0
    outer loop
      vertex 91.1 -20.99278566482403 120.03707282101719
      vertex 91.1 -20.88179203032325 120.22225451264312
      vertex 91.1 -25.868626910316028 140.7151361062225
    endloop
  endfacet
  facet normal 1 0 0
    outer loop
      vertex 91.1 -20.88179203032325 120.22225451264312
      vertex 91.1 -20.75318188065567 120.39566522516002
      vertex 91.1 -25.868626910316028 140.7151361062225
    endloop
  endfacet
  facet normal 1 0 0
    outer loop
      vertex 91.1 -20.75318188065567 120.39566522516002
      vertex 91.1 -20.608193801868055 120.55563491861041
      vertex 91.1 -25.868626910316028 140.7151361062225
    endloop
  endfacet
  facet normal 1 0 0
    outer loop
      vertex 91.1 -20.608193801868055 120.55563491861041
      vertex 91.1 -20.44822410841767 120.70062299739803
      vertex 91.1 -25.868626910316028 140.7151361062225
    endloop
  endfacet
  facet normal 1 0 0
    outer loop
      vertex 91.1 -20.44822410841767 120.70062299739803
      vertex 91.1 -20.274813395900775 120.8292331470656
      vertex 91.1 -25.868626910316028 140.7151361062225
    endloop
  endfacet
  facet normal 1 0 0
    outer loop
      vertex 91.1 -20.274813395900775 120.8292331470656
      vertex 91.1 -20.089631704274844 120.94022678156638
      vertex 91.1 -25.868626910316028 140.7151361062225
    endloop
  endfacet
  facet normal 1 0 0
    outer loop
      vertex 91.1 -20.089631704274844 120.94022678156638
      vertex 91.1 -19.89446243446085 121.03253497152483
      vertex 91.1 -25.868626910316028 140.7151361062225
    endloop
  endfacet
  facet normal 1 0 0
    outer loop
      vertex 91.1 -19.89446243446085 121.03253497152483
      vertex 91.1 -19.691185173217466 121.10526873861086
      vertex 91.1 -25.868626910316028 140.7151361062225
    endloop
  endfacet
  facet normal 1 0 0
    outer loop
      vertex 91.1 -19.691185173217466 121.10526873861086
      vertex 91.1 -19.481757591693132 121.1577276168871
      vertex 91.1 -25.868626910316028 140.7151361062225
    endloop
  endfacet
  facet normal 1 0 0
    outer loop
      vertex 91.1 -19.481757591693132 121.1577276168871
      vertex 91.1 -19.268196591982683 121.18940639867883
      vertex 91.1 -25.868626910316028 140.7151361062225
    endloop
  endfacet
  facet normal 1 0 0
    outer loop
      vertex 91.1 -19.268196591982683 121.18940639867883
      vertex 91.1 -19.05255888325765 121.2
      vertex 91.1 -1.8292331470655996 131.22225451264313
    endloop
  endfacet
  facet normal 1 0 0
    outer loop
      vertex 91.1 -19.05255888325765 121.2
      vertex 91.1 -18.836921174532616 121.18940639867883
      vertex 91.1 -1.9402267815663812 131.0370728210172
    endloop
  endfacet
  facet normal 1 0 0
    outer loop
      vertex 91.1 -18.836921174532616 121.18940639867883
      vertex 91.1 -18.623360174822167 121.1577276168871
      vertex 91.1 -2.032534971524831 130.8419035512032
    endloop
  endfacet
  facet normal 1 0 0
    outer loop
      vertex 91.1 -18.623360174822167 121.1577276168871
      vertex 91.1 -18.413932593297833 121.10526873861086
      vertex 91.1 -2.1052687386108597 130.63862628995983
    endloop
  endfacet
  facet normal 1 0 0
    outer loop
      vertex 91.1 -18.413932593297833 121.10526873861086
      vertex 91.1 -18.21065533205445 121.03253497152483
      vertex 91.1 -2.157727616887107 130.42919870843548
    endloop
  endfacet
  facet normal 1 0 0
    outer loop
      vertex 91.1 -18.015486062240456 120.94022678156638
      vertex 91.1 -17.830304370614524 120.8292331470656
      vertex 91.1 -2.2 130
    endloop
  endfacet
  facet normal 1 0 0
    outer loop
      vertex 91.1 -17.830304370614524 120.8292331470656
      vertex 91.1 -17.65689365809763 120.70062299739803
      vertex 91.1 -2.1894063986788335 129.78436229127496
    endloop
  endfacet
  facet normal 1 0 0
    outer loop
      vertex 91.1 -18.015486062240456 120.94022678156638
      vertex 91.1 -2.1894063986788335 130.21563770872504
      vertex 91.1 -18.21065533205445 121.03253497152483
    endloop
  endfacet
  facet normal 1 0 0
    outer loop
      vertex 91.1 -19.268196591982683 121.18940639867883
      vertex 91.1 -1.8292331470655996 131.22225451264313
      vertex 91.1 -25.868626910316028 140.7151361062225
    endloop
  endfacet
  facet normal -1 0 0
    outer loop
      vertex 86.1 -27.461987851290452 135.46252901645158
      vertex 86.1 0 158
      vertex 86.1 -19.691185173217466 121.10526873861086
    endloop
  endfacet
  facet normal -1 0 0
    outer loop
      vertex 86.1 -19.691185173217466 121.10526873861086
      vertex 86.1 0 158
      vertex 86.1 -19.481757591693132 121.1577276168871
    endloop
  endfacet
  facet normal -1 0 0
    outer loop
      vertex 86.1 -19.481757591693132 121.1577276168871
      vertex 86.1 0 158
      vertex 86.1 -19.268196591982683 121.18940639867883
    endloop
  endfacet
  facet normal -1 0 0
    outer loop
      vertex 86.1 -19.268196591982683 121.18940639867883
      vertex 86.1 0 158
      vertex 86.1 -19.05255888325765 121.2
    endloop
  endfacet
  facet normal -1 0 0
    outer loop
      vertex 86.1 -19.05255888325765 121.2
      vertex 86.1 0 158
      vertex 86.1 -18.836921174532616 121.18940639867883
    endloop
  endfacet
  facet normal -1 0 0
    outer loop
      vertex 86.1 -25.868626910316028 140.7151361062225
      vertex 86.1 -24.693795401753942 143.19910863112793
      vertex 86.1 -23.281149144471268 145.55596652454886
    endloop
  endfacet
  facet normal 1 0 0
    outer loop
      vertex 91.1 -25.868626910316028 140.7151361062225
      vertex 91.1 -23.281149144471268 145.55596652454886
      vertex 91.1 -24.693795401753942 143.19910863112793
    endloop
  endfacet
  facet normal -7.584288890853002e-18 -0.8577286100002729 0.5141027441932202
    outer loop
      vertex 86.1 -24.693795401753942 143.19910863112793
      vertex 91.1 -23.281149144471268 145.55596652454886
      vertex 86.1 -23.281149144471268 145.55596652454886
    endloop
  endfacet
  facet normal -1 0 0
    outer loop
      vertex 86.1 -27.461987851290452 135.46252901645158
      vertex 86.1 -23.281149144471268 145.55596652454886
      vertex 86.1 -17.763011956582073 151.64429269415663
    endloop
  endfacet
  facet normal 1.5050935043273206e-17 -0.803207531480643 0.5956993044924358
    outer loop
      vertex 86.1 -23.281149144471268 145.55596652454886
      vertex 91.1 -21.644292694156636 147.76301195658206
      vertex 86.1 -21.644292694156636 147.76301195658206
    endloop
  endfacet
  facet normal 0 -0.8577286100002729 0.5141027441932202
    outer loop
      vertex 86.1 -24.693795401753942 143.19910863112793
      vertex 91.1 -24.693795401753942 143.19910863112793
      vertex 91.1 -23.281149144471268 145.55596652454886
    endloop
  endfacet
  facet normal 1 0 0
    outer loop
      vertex 91.1 -25.868626910316028 140.7151361062225
      vertex 91.1 -21.644292694156636 147.76301195658206
      vertex 91.1 -23.281149144471268 145.55596652454886
    endloop
  endfacet
  facet normal 0 -0.803207531480643 0.5956993044924358
    outer loop
      vertex 86.1 -23.281149144471268 145.55596652454886
      vertex 91.1 -23.281149144471268 145.55596652454886
      vertex 91.1 -21.644292694156636 147.76301195658206
    endloop
  endfacet
  facet normal -1 0 0
    outer loop
      vertex 86.1 -23.281149144471268 145.55596652454886
      vertex 86.1 -21.644292694156636 147.76301195658206
      vertex 86.1 -19.79898987322333 149.79898987322332
    endloop
  endfacet
  facet normal 1 0 0
    outer loop
      vertex 91.1 -25.868626910316028 140.7151361062225
      vertex 91.1 -15.555966524548861 153.28114914447127
      vertex 91.1 -21.644292694156636 147.76301195658206
    endloop
  endfacet
  facet normal -8.66108740393527e-18 -0.740951125354959 0.6715589548470184
    outer loop
      vertex 86.1 -21.644292694156636 147.76301195658206
      vertex 91.1 -19.79898987322333 149.79898987322332
      vertex 86.1 -19.79898987322333 149.79898987322332
    endloop
  endfacet
  facet normal -1 0 0
    outer loop
      vertex 86.1 -23.281149144471268 145.55596652454886
      vertex 86.1 -19.79898987322333 149.79898987322332
      vertex 86.1 -17.763011956582073 151.64429269415663
    endloop
  endfacet
  facet normal 0 -0.740951125354959 0.6715589548470184
    outer loop
      vertex 86.1 -21.644292694156636 147.76301195658206
      vertex 91.1 -21.644292694156636 147.76301195658206
      vertex 91.1 -19.79898987322333 149.79898987322332
    endloop
  endfacet
  facet normal 0 -0.6715589548470199 0.7409511253549578
    outer loop
      vertex 86.1 -19.79898987322333 149.79898987322332
      vertex 91.1 -19.79898987322333 149.79898987322332
      vertex 91.1 -17.763011956582073 151.64429269415663
    endloop
  endfacet
  facet normal 1 0 0
    outer loop
      vertex 91.1 -21.644292694156636 147.76301195658206
      vertex 91.1 -17.763011956582073 151.64429269415663
      vertex 91.1 -19.79898987322333 149.79898987322332
    endloop
  endfacet
  facet normal 9.945756298328847e-18 -0.6715589548470199 0.7409511253549578
    outer loop
      vertex 86.1 -19.79898987322333 149.79898987322332
      vertex 91.1 -17.763011956582073 151.64429269415663
      vertex 86.1 -17.763011956582073 151.64429269415663
    endloop
  endfacet
  facet normal 5.0996446367097806e-18 -0.5956993044924349 0.8032075314806437
    outer loop
      vertex 86.1 -17.763011956582073 151.64429269415663
      vertex 91.1 -15.555966524548861 153.28114914447127
      vertex 86.1 -15.555966524548861 153.28114914447127
    endloop
  endfacet
  facet normal 1 0 0
    outer loop
      vertex 91.1 -21.644292694156636 147.76301195658206
      vertex 91.1 -15.555966524548861 153.28114914447127
      vertex 91.1 -17.763011956582073 151.64429269415663
    endloop
  endfacet
  facet normal 0 -0.5956993044924349 0.8032075314806437
    outer loop
      vertex 86.1 -17.763011956582073 151.64429269415663
      vertex 91.1 -17.763011956582073 151.64429269415663
      vertex 91.1 -15.555966524548861 153.28114914447127
    endloop
  endfacet
  facet normal -1 0 0
    outer loop
      vertex 86.1 -27.461987851290452 135.46252901645158
      vertex 86.1 -17.763011956582073 151.64429269415663
      vertex 86.1 0 158
    endloop
  endfacet
  facet normal 1 0 0
    outer loop
      vertex 91.1 -25.868626910316028 140.7151361062225
      vertex 91.1 2.7444799292276967 157.8651723468215
      vertex 91.1 -15.555966524548861 153.28114914447127
    endloop
  endfacet
  facet normal -1 0 0
    outer loop
      vertex 86.1 -17.763011956582073 151.64429269415663
      vertex 86.1 -15.555966524548861 153.28114914447127
      vertex 86.1 -13.199108631127935 154.69379540175393
    endloop
  endfacet
  facet normal 0 -0.5141027441932181 0.8577286100002741
    outer loop
      vertex 86.1 -15.555966524548861 153.28114914447127
      vertex 91.1 -15.555966524548861 153.28114914447127
      vertex 86.1 -13.199108631127935 154.69379540175393
    endloop
  endfacet
  facet normal -1 0 0
    outer loop
      vertex 86.1 -17.763011956582073 151.64429269415663
      vertex 86.1 -13.199108631127935 154.69379540175393
      vertex 86.1 -8.127970963124945 156.79432940050185
    endloop
  endfacet
  facet normal 1.429984032331597e-17 -0.5141027441932181 0.8577286100002741
    outer loop
      vertex 91.1 -15.555966524548861 153.28114914447127
      vertex 91.1 -13.199108631127935 154.69379540175393
      vertex 86.1 -13.199108631127935 154.69379540175393
    endloop
  endfacet
  facet normal 1 0 0
    outer loop
      vertex 91.1 -15.555966524548861 153.28114914447127
      vertex 91.1 -10.715136106222515 155.86862691031604
      vertex 91.1 -13.199108631127935 154.69379540175393
    endloop
  endfacet
  facet normal 1 0 0
    outer loop
      vertex 91.1 -17.35193588585963 120.39566522516002
      vertex 91.1 -17.22332573619205 120.22225451264312
      vertex 91.1 -2.032534971524831 129.1580964487968
    endloop
  endfacet
  facet normal 1 0 0
    outer loop
      vertex 91.1 -16.89483126637054 119.42919870843548
      vertex 91.1 -1.5556349186104048 128.4443650813896
      vertex 91.1 -16.94729014464679 119.63862628995982
    endloop
  endfacet
  facet normal 1 0 0
    outer loop
      vertex 91.1 -17.020023911732817 119.8419035512032
      vertex 91.1 -16.94729014464679 119.63862628995982
      vertex 91.1 -1.7006229973980216 128.60433477483997
    endloop
  endfacet
  facet normal 1 0 0
    outer loop
      vertex 91.1 -17.11233210169127 120.03707282101719
      vertex 91.1 -1.9402267815663812 128.9629271789828
      vertex 91.1 -17.22332573619205 120.22225451264312
    endloop
  endfacet
  facet normal 1 0 0
    outer loop
      vertex 91.1 -17.11233210169127 120.03707282101719
      vertex 91.1 -17.020023911732817 119.8419035512032
      vertex 91.1 -1.8292331470655996 128.77774548735687
    endloop
  endfacet
  facet normal 1 0 0
    outer loop
      vertex 91.1 -16.85255888325765 119
      vertex 91.1 -1.2222545126431248 128.1707668529344
      vertex 91.1 -16.863152484578816 119.21563770872503
    endloop
  endfacet
  facet normal 1 0 0
    outer loop
      vertex 91.1 -16.863152484578816 119.21563770872503
      vertex 91.1 -1.3956652251600201 128.29937700260197
      vertex 91.1 -16.89483126637054 119.42919870843548
    endloop
  endfacet
  facet normal 1 0 0
    outer loop
      vertex 91.1 -17.65689365809763 120.70062299739803
      vertex 91.1 -17.496923964647245 120.55563491861041
      vertex 91.1 -2.157727616887107 129.57080129156452
    endloop
  endfacet
  facet normal 1 0 0
    outer loop
      vertex 91.1 -17.496923964647245 120.55563491861041
      vertex 91.1 -17.35193588585963 120.39566522516002
      vertex 91.1 -2.1052687386108597 129.36137371004017
    endloop
  endfacet
  facet normal -1 0 0
    outer loop
      vertex 86.1 -12.555634918610405 112.50307603535276
      vertex 86.1 0 158
      vertex 86.1 -12.39566522516002 112.64806411414038
    endloop
  endfacet
  facet normal -1 0 0
    outer loop
      vertex 86.1 -12.39566522516002 112.64806411414038
      vertex 86.1 0 158
      vertex 86.1 -12.222254512643126 112.77667426380795
    endloop
  endfacet
  facet normal -1 0 0
    outer loop
      vertex 86.1 -12.222254512643126 112.77667426380795
      vertex 86.1 0 158
      vertex 86.1 -12.037072821017194 112.88766789830873
    endloop
  endfacet
  facet normal -1 0 0
    outer loop
      vertex 86.1 -12.037072821017194 112.88766789830873
      vertex 86.1 0 158
      vertex 86.1 -11.841903551203197 112.97997608826718
    endloop
  endfacet
  facet normal -1 0 0
    outer loop
      vertex 86.1 -11.841903551203197 112.97997608826718
      vertex 86.1 0 158
      vertex 86.1 -11.638626289959817 113.05270985535321
    endloop
  endfacet
  facet normal -1 0 0
    outer loop
      vertex 86.1 -11.638626289959817 113.05270985535321
      vertex 86.1 0 158
      vertex 86.1 -11.429198708435482 113.10516873362945
    endloop
  endfacet
  facet normal -1 0 0
    outer loop
      vertex 86.1 -11.429198708435482 113.10516873362945
      vertex 86.1 0 158
      vertex 86.1 -11.215637708725033 113.13684751542118
    endloop
  endfacet
  facet normal -1 0 0
    outer loop
      vertex 86.1 -11.215637708725033 113.13684751542118
      vertex 86.1 0 158
      vertex 86.1 -11 113.14744111674236
    endloop
  endfacet
  facet normal -1 0 0
    outer loop
      vertex 86.1 -11 113.14744111674236
      vertex 86.1 0 158
      vertex 86.1 -10.784362291274967 113.13684751542118
    endloop
  endfacet
  facet normal -1 0 0
    outer loop
      vertex 86.1 -10.784362291274967 113.13684751542118
      vertex 86.1 0 158
      vertex 86.1 -10.570801291564518 113.10516873362945
    endloop
  endfacet
  facet normal -1 0 0
    outer loop
      vertex 86.1 -10.570801291564518 113.10516873362945
      vertex 86.1 0 158
      vertex 86.1 -10.361373710040183 113.05270985535321
    endloop
  endfacet
  facet normal -1 0 0
    outer loop
      vertex 86.1 -10.361373710040183 113.05270985535321
      vertex 86.1 0 158
      vertex 86.1 -10.158096448796803 112.97997608826718
    endloop
  endfacet
  facet normal 1 0 0
    outer loop
      vertex 91.1 -17.020023911732817 119.8419035512032
      vertex 91.1 -1.7006229973980216 128.60433477483997
      vertex 91.1 -1.8292331470655996 128.77774548735687
    endloop
  endfacet
  facet normal 1 0 0
    outer loop
      vertex 91.1 -16.94729014464679 119.63862628995982
      vertex 91.1 -1.5556349186104048 128.4443650813896
      vertex 91.1 -1.7006229973980216 128.60433477483997
    endloop
  endfacet
  facet normal 1 0 0
    outer loop
      vertex 91.1 -16.863152484578816 119.21563770872503
      vertex 91.1 -1.2222545126431248 128.1707668529344
      vertex 91.1 -1.3956652251600201 128.29937700260197
    endloop
  endfacet
  facet normal 1 0 0
    outer loop
      vertex 91.1 -16.85255888325765 119
      vertex 91.1 -1.037072821017195 128.0597732184336
      vertex 91.1 -1.2222545126431248 128.1707668529344
    endloop
  endfacet
  facet normal 1 0 0
    outer loop
      vertex 91.1 -16.89483126637054 119.42919870843548
      vertex 91.1 -1.3956652251600201 128.29937700260197
      vertex 91.1 -1.5556349186104048 128.4443650813896
    endloop
  endfacet
  facet normal 1 0 0
    outer loop
      vertex 91.1 -18.015486062240456 120.94022678156638
      vertex 91.1 -2.2 130
      vertex 91.1 -2.1894063986788335 130.21563770872504
    endloop
  endfacet
  facet normal 1 0 0
    outer loop
      vertex 91.1 -17.496923964647245 120.55563491861041
      vertex 91.1 -2.1052687386108597 129.36137371004017
      vertex 91.1 -2.157727616887107 129.57080129156452
    endloop
  endfacet
  facet normal 1 0 0
    outer loop
      vertex 91.1 -17.22332573619205 120.22225451264312
      vertex 91.1 -1.9402267815663812 128.9629271789828
      vertex 91.1 -2.032534971524831 129.1580964487968
    endloop
  endfacet
  facet normal 1 0 0
    outer loop
      vertex 91.1 -17.35193588585963 120.39566522516002
      vertex 91.1 -2.032534971524831 129.1580964487968
      vertex 91.1 -2.1052687386108597 129.36137371004017
    endloop
  endfacet
  facet normal 1 0 0
    outer loop
      vertex 91.1 -17.65689365809763 120.70062299739803
      vertex 91.1 -2.157727616887107 129.57080129156452
      vertex 91.1 -2.1894063986788335 129.78436229127496
    endloop
  endfacet
  facet normal 1 0 0
    outer loop
      vertex 91.1 -17.830304370614524 120.8292331470656
      vertex 91.1 -2.1894063986788335 129.78436229127496
      vertex 91.1 -2.2 130
    endloop
  endfacet
  facet normal 1 0 0
    outer loop
      vertex 91.1 -18.413932593297833 121.10526873861086
      vertex 91.1 -2.157727616887107 130.42919870843548
      vertex 91.1 -2.1052687386108597 130.63862628995983
    endloop
  endfacet
  facet normal 1 0 0
    outer loop
      vertex 91.1 -18.21065533205445 121.03253497152483
      vertex 91.1 -2.1894063986788335 130.21563770872504
      vertex 91.1 -2.157727616887107 130.42919870843548
    endloop
  endfacet
  facet normal 1 0 0
    outer loop
      vertex 91.1 -18.623360174822167 121.1577276168871
      vertex 91.1 -2.1052687386108597 130.63862628995983
      vertex 91.1 -2.032534971524831 130.8419035512032
    endloop
  endfacet
  facet normal 1 0 0
    outer loop
      vertex 91.1 -18.836921174532616 121.18940639867883
      vertex 91.1 -2.032534971524831 130.8419035512032
      vertex 91.1 -1.9402267815663812 131.0370728210172
    endloop
  endfacet
  facet normal 1 0 0
    outer loop
      vertex 91.1 -19.05255888325765 121.2
      vertex 91.1 -1.9402267815663812 131.0370728210172
      vertex 91.1 -1.8292331470655996 131.22225451264313
    endloop
  endfacet
  facet normal 1 0 0
    outer loop
      vertex 91.1 -17.11233210169127 120.03707282101719
      vertex 91.1 -1.8292331470655996 128.77774548735687
      vertex 91.1 -1.9402267815663812 128.9629271789828
    endloop
  endfacet
  facet normal -1 0 0
    outer loop
      vertex 86.1 -18.015486062240456 120.94022678156638
      vertex 86.1 0 158
      vertex 86.1 -17.830304370614524 120.8292331470656
    endloop
  endfacet
  facet normal -1 0 0
    outer loop
      vertex 86.1 -17.830304370614524 120.8292331470656
      vertex 86.1 0 158
      vertex 86.1 -17.65689365809763 120.70062299739803
    endloop
  endfacet
  facet normal -1 0 0
    outer loop
      vertex 86.1 -17.11233210169127 120.03707282101719
      vertex 86.1 0 158
      vertex 86.1 -17.020023911732817 119.8419035512032
    endloop
  endfacet
  facet normal -1 0 0
    outer loop
      vertex 86.1 -17.496923964647245 120.55563491861041
      vertex 86.1 0 158
      vertex 86.1 -17.35193588585963 120.39566522516002
    endloop
  endfacet
  facet normal -1 0 0
    outer loop
      vertex 86.1 -17.35193588585963 120.39566522516002
      vertex 86.1 0 158
      vertex 86.1 -17.22332573619205 120.22225451264312
    endloop
  endfacet
  facet normal -1 0 0
    outer loop
      vertex 86.1 -17.65689365809763 120.70062299739803
      vertex 86.1 0 158
      vertex 86.1 -17.496923964647245 120.55563491861041
    endloop
  endfacet
  facet normal -1 0 0
    outer loop
      vertex 86.1 -17.11233210169127 120.03707282101719
      vertex 86.1 -17.22332573619205 120.22225451264312
      vertex 86.1 0 158
    endloop
  endfacet
  facet normal -1 0 0
    outer loop
      vertex 86.1 -16.863152484578816 119.21563770872503
      vertex 86.1 -16.89483126637054 119.42919870843548
      vertex 86.1 0 158
    endloop
  endfacet
  facet normal -1 0 0
    outer loop
      vertex 86.1 -16.89483126637054 119.42919870843548
      vertex 86.1 -16.94729014464679 119.63862628995982
      vertex 86.1 0 158
    endloop
  endfacet
  facet normal -1 0 0
    outer loop
      vertex 86.1 -17.020023911732817 119.8419035512032
      vertex 86.1 0 158
      vertex 86.1 -16.94729014464679 119.63862628995982
    endloop
  endfacet
  facet normal -1 0 0
    outer loop
      vertex 86.1 -14.519276365086853 116.38387759546234
      vertex 86.1 0 158
      vertex 86.1 -14.334094673460921 116.27288396096155
    endloop
  endfacet
  facet normal -1 0 0
    outer loop
      vertex 86.1 -14.334094673460921 116.27288396096155
      vertex 86.1 0 158
      vertex 86.1 -14.160683960944027 116.14427381129398
    endloop
  endfacet
  facet normal -1 0 0
    outer loop
      vertex 86.1 -14.000714267493642 115.99928573250637
      vertex 86.1 -14.160683960944027 116.14427381129398
      vertex 86.1 0 158
    endloop
  endfacet
  facet normal -1 0 0
    outer loop
      vertex 86.1 -14.71444563490085 116.47618578542078
      vertex 86.1 0 158
      vertex 86.1 -14.519276365086853 116.38387759546234
    endloop
  endfacet
  facet normal -1 0 0
    outer loop
      vertex 86.1 -14.71444563490085 116.47618578542078
      vertex 86.1 -16.863152484578816 119.21563770872503
      vertex 86.1 0 158
    endloop
  endfacet
  facet normal -1 0 0
    outer loop
      vertex 86.1 -18.836921174532616 121.18940639867883
      vertex 86.1 0 158
      vertex 86.1 -18.623360174822167 121.1577276168871
    endloop
  endfacet
  facet normal -1 0 0
    outer loop
      vertex 86.1 -18.623360174822167 121.1577276168871
      vertex 86.1 0 158
      vertex 86.1 -18.413932593297833 121.10526873861086
    endloop
  endfacet
  facet normal -1 0 0
    outer loop
      vertex 86.1 -18.413932593297833 121.10526873861086
      vertex 86.1 0 158
      vertex 86.1 -18.21065533205445 121.03253497152483
    endloop
  endfacet
  facet normal -1 0 0
    outer loop
      vertex 86.1 -18.015486062240456 120.94022678156638
      vertex 86.1 -18.21065533205445 121.03253497152483
      vertex 86.1 0 158
    endloop
  endfacet
  facet normal 1 0 0
    outer loop
      vertex 91.1 -25.868626910316028 140.7151361062225
      vertex 91.1 -1.8292331470655996 131.22225451264313
      vertex 91.1 -1.7006229973980216 131.39566522516003
    endloop
  endfacet
  facet normal 1 0 0
    outer loop
      vertex 91.1 -25.868626910316028 140.7151361062225
      vertex 91.1 -1.7006229973980216 131.39566522516003
      vertex 91.1 -1.5556349186104048 131.5556349186104
    endloop
  endfacet
  facet normal 1 0 0
    outer loop
      vertex 91.1 -25.868626910316028 140.7151361062225
      vertex 91.1 -1.5556349186104048 131.5556349186104
      vertex 91.1 -1.3956652251600201 131.70062299739803
    endloop
  endfacet
  facet normal 1 0 0
    outer loop
      vertex 91.1 -25.868626910316028 140.7151361062225
      vertex 91.1 -1.3956652251600201 131.70062299739803
      vertex 91.1 -1.2222545126431248 131.8292331470656
    endloop
  endfacet
  facet normal 1 0 0
    outer loop
      vertex 91.1 -25.868626910316028 140.7151361062225
      vertex 91.1 -1.2222545126431248 131.8292331470656
      vertex 91.1 -1.037072821017195 131.9402267815664
    endloop
  endfacet
  facet normal -1 0 0
    outer loop
      vertex 86.1 -13.523814214579216 115.28555436509916
      vertex 86.1 -13.616122404537666 115.48072363491315
      vertex 86.1 0 158
    endloop
  endfacet
  facet normal -1 0 0
    outer loop
      vertex 86.1 -13.451080447493187 115.08227710385577
      vertex 86.1 -13.523814214579216 115.28555436509916
      vertex 86.1 0 158
    endloop
  endfacet
  facet normal -1 0 0
    outer loop
      vertex 86.1 -13.398621569216939 114.87284952233144
      vertex 86.1 0 158
      vertex 86.1 -12.555634918610405 112.50307603535276
    endloop
  endfacet
  facet normal -1 0 0
    outer loop
      vertex 86.1 -13.398621569216939 114.87284952233144
      vertex 86.1 -13.451080447493187 115.08227710385577
      vertex 86.1 0 158
    endloop
  endfacet
  facet normal -1 0 0
    outer loop
      vertex 86.1 -13.855726188706026 115.83931603905597
      vertex 86.1 0 158
      vertex 86.1 -13.727116039038448 115.66590532653908
    endloop
  endfacet
  facet normal -1 0 0
    outer loop
      vertex 86.1 -14.000714267493642 115.99928573250637
      vertex 86.1 0 158
      vertex 86.1 -13.855726188706026 115.83931603905597
    endloop
  endfacet
  facet normal -1 0 0
    outer loop
      vertex 86.1 -13.727116039038448 115.66590532653908
      vertex 86.1 0 158
      vertex 86.1 -13.616122404537666 115.48072363491315
    endloop
  endfacet
  facet normal 1 0 0
    outer loop
      vertex 91.1 -25.868626910316028 140.7151361062225
      vertex 91.1 -1.037072821017195 131.9402267815664
      vertex 91.1 -0.8419035512031976 132.03253497152483
    endloop
  endfacet
  facet normal 1 0 0
    outer loop
      vertex 91.1 -25.868626910316028 140.7151361062225
      vertex 91.1 -0.8419035512031976 132.03253497152483
      vertex 91.1 -0.6386262899598172 132.10526873861085
    endloop
  endfacet
  facet normal 1 0 0
    outer loop
      vertex 91.1 -25.868626910316028 140.7151361062225
      vertex 91.1 -0.6386262899598172 132.10526873861085
      vertex 91.1 -0.4291987084354822 132.15772761688712
    endloop
  endfacet
  facet normal 1 0 0
    outer loop
      vertex 91.1 -25.868626910316028 140.7151361062225
      vertex 91.1 -0.4291987084354822 132.15772761688712
      vertex 91.1 -0.21563770872503335 132.18940639867884
    endloop
  endfacet
  facet normal 1 0 0
    outer loop
      vertex 91.1 -25.868626910316028 140.7151361062225
      vertex 91.1 -0.21563770872503335 132.18940639867884
      vertex 91.1 0 132.2
    endloop
  endfacet
  facet normal 1 0 0
    outer loop
      vertex 91.1 -25.868626910316028 140.7151361062225
      vertex 91.1 0 132.2
      vertex 91.1 0.21563770872503335 132.18940639867884
    endloop
  endfacet
  facet normal 1 0 0
    outer loop
      vertex 91.1 -25.868626910316028 140.7151361062225
      vertex 91.1 0.21563770872503335 132.18940639867884
      vertex 91.1 0.4291987084354822 132.15772761688712
    endloop
  endfacet
  facet normal 1 0 0
    outer loop
      vertex 91.1 -25.868626910316028 140.7151361062225
      vertex 91.1 0.4291987084354822 132.15772761688712
      vertex 91.1 0.6386262899598172 132.10526873861085
    endloop
  endfacet
  facet normal -1 0 0
    outer loop
      vertex 86.1 -10.158096448796803 112.97997608826718
      vertex 86.1 -1.7006229973980216 128.60433477483997
      vertex 86.1 -1.5556349186104048 128.4443650813896
    endloop
  endfacet
  facet normal -1 0 0
    outer loop
      vertex 86.1 -10.158096448796803 112.97997608826718
      vertex 86.1 -1.5556349186104048 128.4443650813896
      vertex 86.1 -1.3956652251600201 128.29937700260197
    endloop
  endfacet
  facet normal -1 0 0
    outer loop
      vertex 86.1 -10.158096448796803 112.97997608826718
      vertex 86.1 -1.3956652251600201 128.29937700260197
      vertex 86.1 -1.2222545126431248 128.1707668529344
    endloop
  endfacet
  facet normal -1 0 0
    outer loop
      vertex 86.1 -9.962927178982806 112.88766789830873
      vertex 86.1 -1.2222545126431248 128.1707668529344
      vertex 86.1 -1.037072821017195 128.0597732184336
    endloop
  endfacet
  facet normal -1 0 0
    outer loop
      vertex 86.1 -9.777745487356874 112.77667426380795
      vertex 86.1 -1.037072821017195 128.0597732184336
      vertex 86.1 -0.8419035512031976 127.96746502847517
    endloop
  endfacet
  facet normal -1 0 0
    outer loop
      vertex 86.1 -9.60433477483998 112.64806411414038
      vertex 86.1 -0.8419035512031976 127.96746502847517
      vertex 86.1 -0.6386262899598172 127.89473126138914
    endloop
  endfacet
  facet normal -1 0 0
    outer loop
      vertex 86.1 -9.444365081389595 112.50307603535276
      vertex 86.1 -0.6386262899598172 127.89473126138914
      vertex 86.1 -0.4291987084354822 127.8422723831129
    endloop
  endfacet
  facet normal -1 0 0
    outer loop
      vertex 86.1 -9.299377002601979 112.34310634190237
      vertex 86.1 -0.4291987084354822 127.8422723831129
      vertex 86.1 -0.21563770872503335 127.81059360132117
    endloop
  endfacet
  facet normal -1 0 0
    outer loop
      vertex 86.1 -9.1707668529344 112.16969562938547
      vertex 86.1 -0.21563770872503335 127.81059360132117
      vertex 86.1 0 127.8
    endloop
  endfacet
  facet normal 1 0 0
    outer loop
      vertex 91.1 -16.85255888325765 119
      vertex 91.1 1.037072821017195 109.94022678156638
      vertex 91.1 -0.21563770872503335 127.81059360132117
    endloop
  endfacet
  facet normal -1 0 0
    outer loop
      vertex 86.1 -10.158096448796803 112.97997608826718
      vertex 86.1 -2.032534971524831 129.1580964487968
      vertex 86.1 -1.9402267815663812 128.9629271789828
    endloop
  endfacet
  facet normal -1 0 0
    outer loop
      vertex 86.1 -10.158096448796803 112.97997608826718
      vertex 86.1 -2.157727616887107 129.57080129156452
      vertex 86.1 -2.1052687386108597 129.36137371004017
    endloop
  endfacet
  facet normal -1 0 0
    outer loop
      vertex 86.1 -10.158096448796803 112.97997608826718
      vertex 86.1 -2.1052687386108597 129.36137371004017
      vertex 86.1 -2.032534971524831 129.1580964487968
    endloop
  endfacet
  facet normal -1 0 0
    outer loop
      vertex 86.1 -10.158096448796803 112.97997608826718
      vertex 86.1 -2.1894063986788335 129.78436229127496
      vertex 86.1 -2.157727616887107 129.57080129156452
    endloop
  endfacet
  facet normal -1 0 0
    outer loop
      vertex 86.1 -10.158096448796803 112.97997608826718
      vertex 86.1 -2.2 130
      vertex 86.1 -2.1894063986788335 129.78436229127496
    endloop
  endfacet
  facet normal -1 0 0
    outer loop
      vertex 86.1 -10.158096448796803 112.97997608826718
      vertex 86.1 -2.1894063986788335 130.21563770872504
      vertex 86.1 -2.2 130
    endloop
  endfacet
  facet normal -1 0 0
    outer loop
      vertex 86.1 -10.158096448796803 112.97997608826718
      vertex 86.1 -1.9402267815663812 128.9629271789828
      vertex 86.1 -1.8292331470655996 128.77774548735687
    endloop
  endfacet
  facet normal -1 0 0
    outer loop
      vertex 86.1 -10.158096448796803 112.97997608826718
      vertex 86.1 -1.8292331470655996 128.77774548735687
      vertex 86.1 -1.7006229973980216 128.60433477483997
    endloop
  endfacet
  facet normal 1 0 0
    outer loop
      vertex 91.1 -16.85255888325765 119
      vertex 91.1 -0.6386262899598172 127.89473126138914
      vertex 91.1 -0.8419035512031976 127.96746502847517
    endloop
  endfacet
  facet normal 1 0 0
    outer loop
      vertex 91.1 -16.85255888325765 119
      vertex 91.1 -0.8419035512031976 127.96746502847517
      vertex 91.1 -1.037072821017195 128.0597732184336
    endloop
  endfacet
  facet normal 1 0 0
    outer loop
      vertex 91.1 -16.85255888325765 119
      vertex 91.1 -0.4291987084354822 127.8422723831129
      vertex 91.1 -0.6386262899598172 127.89473126138914
    endloop
  endfacet
  facet normal 1 0 0
    outer loop
      vertex 91.1 -16.85255888325765 119
      vertex 91.1 -0.21563770872503335 127.81059360132117
      vertex 91.1 -0.4291987084354822 127.8422723831129
    endloop
  endfacet
  facet normal -1 0 0
    outer loop
      vertex 86.1 -9.05977321843362 111.98451393775954
      vertex 86.1 0 127.8
      vertex 86.1 0.21563770872503335 127.81059360132117
    endloop
  endfacet
  facet normal -1 0 0
    outer loop
      vertex 86.1 -8.96746502847517 111.78934466794556
      vertex 86.1 0.21563770872503335 127.81059360132117
      vertex 86.1 0.4291987084354822 127.8422723831129
    endloop
  endfacet
  facet normal -1 0 0
    outer loop
      vertex 86.1 -8.89473126138914 111.58606740670217
      vertex 86.1 0.4291987084354822 127.8422723831129
      vertex 86.1 0.6386262899598172 127.89473126138914
    endloop
  endfacet
  facet normal -1 0 0
    outer loop
      vertex 86.1 -8.842272383112892 111.37663982517783
      vertex 86.1 0.6386262899598172 127.89473126138914
      vertex 86.1 0.8419035512031976 127.96746502847517
    endloop
  endfacet
  facet normal -1 0 0
    outer loop
      vertex 86.1 -8.810593601321166 111.16307882546738
      vertex 86.1 0.8419035512031976 127.96746502847517
      vertex 86.1 1.037072821017195 128.0597732184336
    endloop
  endfacet
  facet normal -1 0 0
    outer loop
      vertex 86.1 -10.158096448796803 112.97997608826718
      vertex 86.1 0 158
      vertex 86.1 -2.1894063986788335 130.21563770872504
    endloop
  endfacet
  facet normal -1.2520341817687491e-17 -0.4275550934302878 0.9039892931234407
    outer loop
      vertex 86.1 -13.199108631127935 154.69379540175393
      vertex 91.1 -10.715136106222515 155.86862691031604
      vertex 86.1 -10.715136106222515 155.86862691031604
    endloop
  endfacet
  facet normal -1 0 0
    outer loop
      vertex 86.1 -13.199108631127935 154.69379540175393
      vertex 86.1 -10.715136106222515 155.86862691031604
      vertex 86.1 -8.127970963124945 156.79432940050185
    endloop
  endfacet
  facet normal 0 -0.33688985339221783 0.9415440651830216
    outer loop
      vertex 86.1 -10.715136106222515 155.86862691031604
      vertex 91.1 -10.715136106222515 155.86862691031604
      vertex 86.1 -8.127970963124945 156.79432940050185
    endloop
  endfacet
  facet normal 0 -0.4275550934302878 0.9039892931234407
    outer loop
      vertex 86.1 -13.199108631127935 154.69379540175393
      vertex 91.1 -13.199108631127935 154.69379540175393
      vertex 91.1 -10.715136106222515 155.86862691031604
    endloop
  endfacet
  facet normal 1 0 0
    outer loop
      vertex 91.1 -15.555966524548861 153.28114914447127
      vertex 91.1 -8.127970963124945 156.79432940050185
      vertex 91.1 -10.715136106222515 155.86862691031604
    endloop
  endfacet
  facet normal -1 0 0
    outer loop
      vertex 86.1 -17.763011956582073 151.64429269415663
      vertex 86.1 -8.127970963124945 156.79432940050185
      vertex 86.1 0 158
    endloop
  endfacet
  facet normal 0 -0.24298017990326026 0.9700312531945449
    outer loop
      vertex 86.1 -8.127970963124945 156.79432940050185
      vertex 91.1 -8.127970963124945 156.79432940050185
      vertex 86.1 -5.462529016451591 157.46198785129044
    endloop
  endfacet
  facet normal 6.7827774154897835e-18 -0.33688985339221783 0.9415440651830216
    outer loop
      vertex 91.1 -10.715136106222515 155.86862691031604
      vertex 91.1 -8.127970963124945 156.79432940050185
      vertex 86.1 -8.127970963124945 156.79432940050185
    endloop
  endfacet
  facet normal 5.1675764912268276e-18 -0.24298017990326026 0.9700312531945449
    outer loop
      vertex 91.1 -8.127970963124945 156.79432940050185
      vertex 91.1 -5.462529016451591 157.46198785129044
      vertex 86.1 -5.462529016451591 157.46198785129044
    endloop
  endfacet
  facet normal 1 0 0
    outer loop
      vertex 91.1 -15.555966524548861 153.28114914447127
      vertex 91.1 2.7444799292276967 157.8651723468215
      vertex 91.1 -8.127970963124945 156.79432940050185
    endloop
  endfacet
  facet normal -1 0 0
    outer loop
      vertex 86.1 -2.1894063986788335 130.21563770872504
      vertex 86.1 0 158
      vertex 86.1 -2.157727616887107 130.42919870843548
    endloop
  endfacet
  facet normal -1 0 0
    outer loop
      vertex 86.1 -2.157727616887107 130.42919870843548
      vertex 86.1 0 158
      vertex 86.1 -2.1052687386108597 130.63862628995983
    endloop
  endfacet
  facet normal -1 0 0
    outer loop
      vertex 86.1 -2.1052687386108597 130.63862628995983
      vertex 86.1 0 158
      vertex 86.1 -2.032534971524831 130.8419035512032
    endloop
  endfacet
  facet normal -1 0 0
    outer loop
      vertex 86.1 -2.032534971524831 130.8419035512032
      vertex 86.1 0 158
      vertex 86.1 -1.9402267815663812 131.0370728210172
    endloop
  endfacet
  facet normal -1 0 0
    outer loop
      vertex 86.1 -1.9402267815663812 131.0370728210172
      vertex 86.1 0 158
      vertex 86.1 -1.8292331470655996 131.22225451264313
    endloop
  endfacet
  facet normal -1 0 0
    outer loop
      vertex 86.1 -1.8292331470655996 131.22225451264313
      vertex 86.1 0 158
      vertex 86.1 -1.7006229973980216 131.39566522516003
    endloop
  endfacet
  facet normal -1 0 0
    outer loop
      vertex 86.1 -1.7006229973980216 131.39566522516003
      vertex 86.1 0 158
      vertex 86.1 -1.5556349186104048 131.5556349186104
    endloop
  endfacet
  facet normal -1 0 0
    outer loop
      vertex 86.1 -1.5556349186104048 131.5556349186104
      vertex 86.1 0 158
      vertex 86.1 -1.3956652251600201 131.70062299739803
    endloop
  endfacet
  facet normal -1 0 0
    outer loop
      vertex 86.1 -1.3956652251600201 131.70062299739803
      vertex 86.1 0 158
      vertex 86.1 -1.2222545126431248 131.8292331470656
    endloop
  endfacet
  facet normal -1 0 0
    outer loop
      vertex 86.1 -1.2222545126431248 131.8292331470656
      vertex 86.1 0 158
      vertex 86.1 -1.037072821017195 131.9402267815664
    endloop
  endfacet
  facet normal -1 0 0
    outer loop
      vertex 86.1 -1.037072821017195 131.9402267815664
      vertex 86.1 0 158
      vertex 86.1 -0.8419035512031976 132.03253497152483
    endloop
  endfacet
  facet normal -1 0 0
    outer loop
      vertex 86.1 -0.8419035512031976 132.03253497152483
      vertex 86.1 0 158
      vertex 86.1 -0.6386262899598172 132.10526873861085
    endloop
  endfacet
  facet normal -1 0 0
    outer loop
      vertex 86.1 -0.6386262899598172 132.10526873861085
      vertex 86.1 0 158
      vertex 86.1 -0.4291987084354822 132.15772761688712
    endloop
  endfacet
  facet normal -1 0 0
    outer loop
      vertex 86.1 -0.4291987084354822 132.15772761688712
      vertex 86.1 0 158
      vertex 86.1 -0.21563770872503335 132.18940639867884
    endloop
  endfacet
  facet normal -1 0 0
    outer loop
      vertex 86.1 -0.21563770872503335 132.18940639867884
      vertex 86.1 0 158
      vertex 86.1 0 132.2
    endloop
  endfacet
  facet normal -1 0 0
    outer loop
      vertex 86.1 -8.127970963124945 156.79432940050185
      vertex 86.1 -5.462529016451591 157.46198785129044
      vertex 86.1 0 158
    endloop
  endfacet
  facet normal 4.431324867385858e-18 -0.14673047445536333 0.9891765099647808
    outer loop
      vertex 86.1 -5.462529016451591 157.46198785129044
      vertex 91.1 -2.7444799292276967 157.8651723468215
      vertex 86.1 -2.7444799292276967 157.8651723468215
    endloop
  endfacet
  facet normal 1 0 0
    outer loop
      vertex 91.1 -8.127970963124945 156.79432940050185
      vertex 91.1 -2.7444799292276967 157.8651723468215
      vertex 91.1 -5.462529016451591 157.46198785129044
    endloop
  endfacet
  facet normal 0 -0.14673047445536333 0.9891765099647808
    outer loop
      vertex 86.1 -5.462529016451591 157.46198785129044
      vertex 91.1 -5.462529016451591 157.46198785129044
      vertex 91.1 -2.7444799292276967 157.8651723468215
    endloop
  endfacet
  facet normal -1 0 0
    outer loop
      vertex 86.1 -5.462529016451591 157.46198785129044
      vertex 86.1 -2.7444799292276967 157.8651723468215
      vertex 86.1 0 158
    endloop
  endfacet
  facet normal 0 -0.049067674327419195 0.9987954562051724
    outer loop
      vertex 86.1 -2.7444799292276967 157.8651723468215
      vertex 91.1 -2.7444799292276967 157.8651723468215
      vertex 86.1 0 158
    endloop
  endfacet
  facet normal 1 0 0
    outer loop
      vertex 91.1 -8.127970963124945 156.79432940050185
      vertex 91.1 2.7444799292276967 157.8651723468215
      vertex 91.1 -2.7444799292276967 157.8651723468215
    endloop
  endfacet
  facet normal -1.3775504530302822e-18 -0.049067674327419195 0.9987954562051724
    outer loop
      vertex 91.1 -2.7444799292276967 157.8651723468215
      vertex 91.1 0 158
      vertex 86.1 0 158
    endloop
  endfacet
  facet normal 1 0 0
    outer loop
      vertex 91.1 27.461987851290452 135.46252901645158
      vertex 91.1 -35 0
      vertex 91.1 35 0
    endloop
  endfacet
  facet normal -1 0 0
    outer loop
      vertex 86.1 -10.784362291274967 108.75803471806353
      vertex 86.1 -7.726553963780287 107.90772827043729
      vertex 86.1 34.8362876737043 5
    endloop
  endfacet
  facet normal -1 0 0
    outer loop
      vertex 86.1 -7.523252139321055 107.52737730899737
      vertex 86.1 34.8362876737043 5
      vertex 86.1 -7.634245773821838 107.7125590006233
    endloop
  endfacet
  facet normal -1 0 0
    outer loop
      vertex 86.1 -7.394641989653477 107.35396659648048
      vertex 86.1 34.8362876737043 5
      vertex 86.1 -7.523252139321055 107.52737730899737
    endloop
  endfacet
  facet normal -1 0 0
    outer loop
      vertex 86.1 -7.726553963780287 107.90772827043729
      vertex 86.1 -7.634245773821838 107.7125590006233
      vertex 86.1 34.8362876737043 5
    endloop
  endfacet
  facet normal -1 0 0
    outer loop
      vertex 86.1 -7.249653910865861 107.19399690303008
      vertex 86.1 -7.089684217415476 107.04900882424246
      vertex 86.1 34.8362876737043 5
    endloop
  endfacet
  facet normal -1 0 0
    outer loop
      vertex 86.1 -7.394641989653477 107.35396659648048
      vertex 86.1 -7.249653910865861 107.19399690303008
      vertex 86.1 34.8362876737043 5
    endloop
  endfacet
  facet normal -1 0 0
    outer loop
      vertex 86.1 -7.089684217415476 107.04900882424246
      vertex 86.1 -6.916273504898581 106.9203986745749
      vertex 86.1 34.8362876737043 5
    endloop
  endfacet
  facet normal -1 0 0
    outer loop
      vertex 86.1 -6.535922543458653 106.71709685011567
      vertex 86.1 -6.332645282215274 106.64436308302963
      vertex 86.1 34.8362876737043 5
    endloop
  endfacet
  facet normal -1 0 0
    outer loop
      vertex 86.1 -6.332645282215274 106.64436308302963
      vertex 86.1 -6.1232177006909385 106.59190420475339
      vertex 86.1 34.8362876737043 5
    endloop
  endfacet
  facet normal -1 0 0
    outer loop
      vertex 86.1 -6.1232177006909385 106.59190420475339
      vertex 86.1 -5.90965670098049 106.56022542296166
      vertex 86.1 34.8362876737043 5
    endloop
  endfacet
  facet normal -1 0 0
    outer loop
      vertex 86.1 -5.90965670098049 106.56022542296166
      vertex 86.1 -5.694018992255456 106.54963182164049
      vertex 86.1 34.8362876737043 5
    endloop
  endfacet
  facet normal -1 0 0
    outer loop
      vertex 86.1 -6.916273504898581 106.9203986745749
      vertex 86.1 -6.731091813272651 106.80940504007411
      vertex 86.1 34.8362876737043 5
    endloop
  endfacet
  facet normal -1 0 0
    outer loop
      vertex 86.1 -6.731091813272651 106.80940504007411
      vertex 86.1 -6.535922543458653 106.71709685011567
      vertex 86.1 34.8362876737043 5
    endloop
  endfacet
  facet normal -1 0 0
    outer loop
      vertex 86.1 -5.694018992255456 106.54963182164049
      vertex 86.1 -5.478381283530423 106.56022542296166
      vertex 86.1 34.8362876737043 5
    endloop
  endfacet
  facet normal -1 0 0
    outer loop
      vertex 86.1 -5.478381283530423 106.56022542296166
      vertex 86.1 -5.264820283819974 106.59190420475339
      vertex 86.1 34.8362876737043 5
    endloop
  endfacet
  facet normal -1 0 0
    outer loop
      vertex 86.1 -5.264820283819974 106.59190420475339
      vertex 86.1 -5.055392702295639 106.64436308302963
      vertex 86.1 34.8362876737043 5
    endloop
  endfacet
  facet normal -1 0 0
    outer loop
      vertex 86.1 -5.055392702295639 106.64436308302963
      vertex 86.1 -4.852115441052259 106.71709685011567
      vertex 86.1 34.8362876737043 5
    endloop
  endfacet
  facet normal -1 0 0
    outer loop
      vertex 86.1 -4.852115441052259 106.71709685011567
      vertex 86.1 -1.3956652251600201 106.29937700260197
      vertex 86.1 34.8362876737043 5
    endloop
  endfacet
  facet normal -1 0 0
    outer loop
      vertex 86.1 -1.3956652251600201 106.29937700260197
      vertex 86.1 -1.2222545126431248 106.1707668529344
      vertex 86.1 34.8362876737043 5
    endloop
  endfacet
  facet normal -1 0 0
    outer loop
      vertex 86.1 -1.2222545126431248 106.1707668529344
      vertex 86.1 -1.037072821017195 106.05977321843362
      vertex 86.1 34.8362876737043 5
    endloop
  endfacet
  facet normal -1 0 0
    outer loop
      vertex 86.1 -1.037072821017195 106.05977321843362
      vertex 86.1 -0.8419035512031976 105.96746502847517
      vertex 86.1 34.8362876737043 5
    endloop
  endfacet
  facet normal -1 0 0
    outer loop
      vertex 86.1 -0.8419035512031976 105.96746502847517
      vertex 86.1 -0.6386262899598172 105.89473126138914
      vertex 86.1 34.8362876737043 5
    endloop
  endfacet
  facet normal -1 0 0
    outer loop
      vertex 86.1 -0.6386262899598172 105.89473126138914
      vertex 86.1 -0.4291987084354822 105.8422723831129
      vertex 86.1 34.8362876737043 5
    endloop
  endfacet
  facet normal -1 0 0
    outer loop
      vertex 86.1 -0.21563770872503335 105.81059360132117
      vertex 86.1 0 105.8
      vertex 86.1 34.8362876737043 5
    endloop
  endfacet
  facet normal -1 0 0
    outer loop
      vertex 86.1 0 105.8
      vertex 86.1 0.21563770872503335 105.81059360132117
      vertex 86.1 34.8362876737043 5
    endloop
  endfacet
  facet normal -1 0 0
    outer loop
      vertex 86.1 -0.4291987084354822 105.8422723831129
      vertex 86.1 -0.21563770872503335 105.81059360132117
      vertex 86.1 34.8362876737043 5
    endloop
  endfacet
  facet normal -1 0 0
    outer loop
      vertex 86.1 0.21563770872503335 105.81059360132117
      vertex 86.1 0.4291987084354822 105.8422723831129
      vertex 86.1 34.8362876737043 5
    endloop
  endfacet
  facet normal -1 0 0
    outer loop
      vertex 86.1 0.4291987084354822 105.8422723831129
      vertex 86.1 0.6386262899598172 105.89473126138914
      vertex 86.1 34.8362876737043 5
    endloop
  endfacet
  facet normal -1 0 0
    outer loop
      vertex 86.1 0.6386262899598172 105.89473126138914
      vertex 86.1 0.8419035512031976 105.96746502847517
      vertex 86.1 34.8362876737043 5
    endloop
  endfacet
  facet normal -1 0 0
    outer loop
      vertex 86.1 0.8419035512031976 105.96746502847517
      vertex 86.1 1.037072821017195 106.05977321843362
      vertex 86.1 34.8362876737043 5
    endloop
  endfacet
  facet normal -1 0 0
    outer loop
      vertex 86.1 1.037072821017195 106.05977321843362
      vertex 86.1 1.2222545126431248 106.1707668529344
      vertex 86.1 34.8362876737043 5
    endloop
  endfacet
  facet normal -1 0 0
    outer loop
      vertex 86.1 1.2222545126431248 106.1707668529344
      vertex 86.1 1.3956652251600201 106.29937700260197
      vertex 86.1 34.8362876737043 5
    endloop
  endfacet
  facet normal -1 0 0
    outer loop
      vertex 86.1 1.3956652251600201 106.29937700260197
      vertex 86.1 1.5556349186104048 106.44436508138959
      vertex 86.1 34.8362876737043 5
    endloop
  endfacet
  facet normal -1 0 0
    outer loop
      vertex 86.1 1.5556349186104048 106.44436508138959
      vertex 86.1 1.7006229973980216 106.60433477483998
      vertex 86.1 34.8362876737043 5
    endloop
  endfacet
  facet normal -1 0 0
    outer loop
      vertex 86.1 1.7006229973980216 106.60433477483998
      vertex 86.1 1.8292331470655996 106.77774548735688
      vertex 86.1 34.8362876737043 5
    endloop
  endfacet
  facet normal -1 0 0
    outer loop
      vertex 86.1 1.8292331470655996 106.77774548735688
      vertex 86.1 1.9402267815663812 106.96292717898281
      vertex 86.1 34.8362876737043 5
    endloop
  endfacet
  facet normal -1 0 0
    outer loop
      vertex 86.1 1.9402267815663812 106.96292717898281
      vertex 86.1 2.032534971524831 107.1580964487968
      vertex 86.1 34.8362876737043 5
    endloop
  endfacet
  facet normal -1 0 0
    outer loop
      vertex 86.1 2.032534971524831 107.1580964487968
      vertex 86.1 2.1052687386108597 107.36137371004018
      vertex 86.1 34.8362876737043 5
    endloop
  endfacet
  facet normal -1 0 0
    outer loop
      vertex 86.1 2.1052687386108597 107.36137371004018
      vertex 86.1 2.157727616887107 107.57080129156452
      vertex 86.1 34.8362876737043 5
    endloop
  endfacet
  facet normal -1 0 0
    outer loop
      vertex 86.1 2.157727616887107 107.57080129156452
      vertex 86.1 2.1894063986788335 107.78436229127497
      vertex 86.1 34.8362876737043 5
    endloop
  endfacet
  facet normal -1 0 0
    outer loop
      vertex 86.1 2.1894063986788335 107.78436229127497
      vertex 86.1 2.2 108
      vertex 86.1 34.8362876737043 5
    endloop
  endfacet
  facet normal 1 0 0
    outer loop
      vertex 91.1 35 2
      vertex 91.1 34.9 3.832482665099617
      vertex 91.1 35 0
    endloop
  endfacet
  facet normal 1 0 0
    outer loop
      vertex 91.1 35 0
      vertex 91.1 34.9 3.832482665099617
      vertex 91.1 34.8362876737043 5
    endloop
  endfacet
  facet normal 1 0 0
    outer loop
      vertex 91.1 34.8362876737043 5
      vertex 91.1 32.80074544767726 42.3009584327279
      vertex 91.1 35 0
    endloop
  endfacet
  facet normal 1 0 0
    outer loop
      vertex 91.1 32.80074544767726 42.3009584327279
      vertex 91.1 27.865172346821513 132.7444799292277
      vertex 91.1 35 0
    endloop
  endfacet
  facet normal 0 0.9985143326162969 0.054489701410737806
    outer loop
      vertex 86.1 32.80074544767726 42.3009584327279
      vertex 86.1 27.865172346821513 132.7444799292277
      vertex 91.1 32.80074544767726 42.3009584327279
    endloop
  endfacet
  facet normal -1 0 0
    outer loop
      vertex 86.1 32.80074544767726 42.3009584327279
      vertex 86.1 34.8362876737043 5
      vertex 86.1 27.461987851290452 135.46252901645158
    endloop
  endfacet
  facet normal -1 0 0
    outer loop
      vertex 86.1 2.1052687386108597 130.63862628995983
      vertex 86.1 0 158
      vertex 86.1 34.8362876737043 5
    endloop
  endfacet
  facet normal -1 0 0
    outer loop
      vertex 86.1 0.8419035512031976 110.03253497152483
      vertex 86.1 1.037072821017195 128.0597732184336
      vertex 86.1 1.037072821017195 109.94022678156638
    endloop
  endfacet
  facet normal -1 0 0
    outer loop
      vertex 86.1 1.037072821017195 109.94022678156638
      vertex 86.1 1.2222545126431248 128.1707668529344
      vertex 86.1 1.2222545126431248 109.8292331470656
    endloop
  endfacet
  facet normal -1 0 0
    outer loop
      vertex 86.1 1.2222545126431248 109.8292331470656
      vertex 86.1 1.3956652251600201 128.29937700260197
      vertex 86.1 1.3956652251600201 109.70062299739803
    endloop
  endfacet
  facet normal -1 0 0
    outer loop
      vertex 86.1 1.3956652251600201 109.70062299739803
      vertex 86.1 1.5556349186104048 128.4443650813896
      vertex 86.1 1.5556349186104048 109.55563491861041
    endloop
  endfacet
  facet normal -1 0 0
    outer loop
      vertex 86.1 -0.4291987084354822 110.1577276168871
      vertex 86.1 1.037072821017195 128.0597732184336
      vertex 86.1 -0.21563770872503335 110.18940639867883
    endloop
  endfacet
  facet normal -1 0 0
    outer loop
      vertex 86.1 -0.21563770872503335 110.18940639867883
      vertex 86.1 1.037072821017195 128.0597732184336
      vertex 86.1 0 110.2
    endloop
  endfacet
  facet normal -1 0 0
    outer loop
      vertex 86.1 0 110.2
      vertex 86.1 1.037072821017195 128.0597732184336
      vertex 86.1 0.21563770872503335 110.18940639867883
    endloop
  endfacet
  facet normal -1 0 0
    outer loop
      vertex 86.1 0.21563770872503335 110.18940639867883
      vertex 86.1 1.037072821017195 128.0597732184336
      vertex 86.1 0.4291987084354822 110.1577276168871
    endloop
  endfacet
  facet normal -1 0 0
    outer loop
      vertex 86.1 0.4291987084354822 110.1577276168871
      vertex 86.1 1.037072821017195 128.0597732184336
      vertex 86.1 0.6386262899598172 110.10526873861086
    endloop
  endfacet
  facet normal -1 0 0
    outer loop
      vertex 86.1 0.6386262899598172 110.10526873861086
      vertex 86.1 1.037072821017195 128.0597732184336
      vertex 86.1 0.8419035512031976 110.03253497152483
    endloop
  endfacet
  facet normal -1 0 0
    outer loop
      vertex 86.1 1.5556349186104048 109.55563491861041
      vertex 86.1 1.7006229973980216 128.60433477483997
      vertex 86.1 1.7006229973980216 109.39566522516002
    endloop
  endfacet
  facet normal -1 0 0
    outer loop
      vertex 86.1 1.8292331470655996 109.22225451264312
      vertex 86.1 1.7006229973980216 109.39566522516002
      vertex 86.1 1.8292331470655996 128.77774548735687
    endloop
  endfacet
  facet normal -1 0 0
    outer loop
      vertex 86.1 1.8292331470655996 109.22225451264312
      vertex 86.1 1.9402267815663812 128.9629271789828
      vertex 86.1 1.9402267815663812 109.03707282101719
    endloop
  endfacet
  facet normal -1 0 0
    outer loop
      vertex 86.1 2.2 108
      vertex 86.1 2.1894063986788335 108.21563770872503
      vertex 86.1 2.2 130
    endloop
  endfacet
  facet normal -1 0 0
    outer loop
      vertex 86.1 2.032534971524831 108.8419035512032
      vertex 86.1 1.9402267815663812 109.03707282101719
      vertex 86.1 2.032534971524831 129.1580964487968
    endloop
  endfacet
  facet normal -1 0 0
    outer loop
      vertex 86.1 2.157727616887107 108.42919870843548
      vertex 86.1 2.1052687386108597 108.63862628995982
      vertex 86.1 2.157727616887107 129.57080129156452
    endloop
  endfacet
  facet normal -1 0 0
    outer loop
      vertex 86.1 2.032534971524831 108.8419035512032
      vertex 86.1 2.1052687386108597 129.36137371004017
      vertex 86.1 2.1052687386108597 108.63862628995982
    endloop
  endfacet
  facet normal -1 0 0
    outer loop
      vertex 86.1 2.157727616887107 108.42919870843548
      vertex 86.1 2.1894063986788335 129.78436229127496
      vertex 86.1 2.1894063986788335 108.21563770872503
    endloop
  endfacet
  facet normal 1 0 0
    outer loop
      vertex 91.1 1.037072821017195 109.94022678156638
      vertex 91.1 1.2222545126431248 109.8292331470656
      vertex 91.1 1.037072821017195 128.0597732184336
    endloop
  endfacet
  facet normal 1 0 0
    outer loop
      vertex 91.1 1.2222545126431248 109.8292331470656
      vertex 91.1 1.3956652251600201 109.70062299739803
      vertex 91.1 1.2222545126431248 128.1707668529344
    endloop
  endfacet
  facet normal 1 0 0
    outer loop
      vertex 91.1 1.3956652251600201 109.70062299739803
      vertex 91.1 1.5556349186104048 109.55563491861041
      vertex 91.1 1.3956652251600201 128.29937700260197
    endloop
  endfacet
  facet normal 1 0 0
    outer loop
      vertex 91.1 1.5556349186104048 109.55563491861041
      vertex 91.1 1.7006229973980216 109.39566522516002
      vertex 91.1 1.5556349186104048 128.4443650813896
    endloop
  endfacet
  facet normal 1 0 0
    outer loop
      vertex 91.1 1.8292331470655996 109.22225451264312
      vertex 91.1 1.7006229973980216 128.60433477483997
      vertex 91.1 1.7006229973980216 109.39566522516002
    endloop
  endfacet
  facet normal 1 0 0
    outer loop
      vertex 91.1 1.8292331470655996 109.22225451264312
      vertex 91.1 1.9402267815663812 109.03707282101719
      vertex 91.1 1.8292331470655996 128.77774548735687
    endloop
  endfacet
  facet normal 1 0 0
    outer loop
      vertex 91.1 2.157727616887107 108.42919870843548
      vertex 91.1 2.1894063986788335 108.21563770872503
      vertex 91.1 2.157727616887107 129.57080129156452
    endloop
  endfacet
  facet normal 1 0 0
    outer loop
      vertex 91.1 2.2 108
      vertex 91.1 2.1894063986788335 129.78436229127496
      vertex 91.1 2.1894063986788335 108.21563770872503
    endloop
  endfacet
  facet normal 1 0 0
    outer loop
      vertex 91.1 2.032534971524831 108.8419035512032
      vertex 91.1 1.9402267815663812 128.9629271789828
      vertex 91.1 1.9402267815663812 109.03707282101719
    endloop
  endfacet
  facet normal 1 0 0
    outer loop
      vertex 91.1 2.032534971524831 108.8419035512032
      vertex 91.1 2.1052687386108597 108.63862628995982
      vertex 91.1 2.032534971524831 129.1580964487968
    endloop
  endfacet
  facet normal 1 0 0
    outer loop
      vertex 91.1 2.157727616887107 108.42919870843548
      vertex 91.1 2.1052687386108597 129.36137371004017
      vertex 91.1 2.1052687386108597 108.63862628995982
    endloop
  endfacet
  facet normal 1 0 0
    outer loop
      vertex 91.1 2.1052687386108597 107.36137371004018
      vertex 91.1 27.461987851290452 135.46252901645158
      vertex 91.1 2.157727616887107 107.57080129156452
    endloop
  endfacet
  facet normal 1 0 0
    outer loop
      vertex 91.1 2.157727616887107 107.57080129156452
      vertex 91.1 27.461987851290452 135.46252901645158
      vertex 91.1 2.1894063986788335 107.78436229127497
    endloop
  endfacet
  facet normal 1 0 0
    outer loop
      vertex 91.1 2.1894063986788335 107.78436229127497
      vertex 91.1 27.461987851290452 135.46252901645158
      vertex 91.1 2.2 108
    endloop
  endfacet
  facet normal -1 0 0
    outer loop
      vertex 86.1 2.2 108
      vertex 86.1 2.2 130
      vertex 86.1 34.8362876737043 5
    endloop
  endfacet
  facet normal -1 0 0
    outer loop
      vertex 86.1 2.2 130
      vertex 86.1 2.1894063986788335 130.21563770872504
      vertex 86.1 34.8362876737043 5
    endloop
  endfacet
  facet normal -1 0 0
    outer loop
      vertex 86.1 2.157727616887107 130.42919870843548
      vertex 86.1 34.8362876737043 5
      vertex 86.1 2.1894063986788335 130.21563770872504
    endloop
  endfacet
  facet normal -1 0 0
    outer loop
      vertex 86.1 2.157727616887107 130.42919870843548
      vertex 86.1 2.1052687386108597 130.63862628995983
      vertex 86.1 34.8362876737043 5
    endloop
  endfacet
  facet normal -1 0 0
    outer loop
      vertex 86.1 0 158
      vertex 86.1 27.461987851290452 135.46252901645158
      vertex 86.1 34.8362876737043 5
    endloop
  endfacet
  facet normal -1 0 0
    outer loop
      vertex 86.1 1.037072821017195 109.94022678156638
      vertex 86.1 1.037072821017195 128.0597732184336
      vertex 86.1 1.2222545126431248 128.1707668529344
    endloop
  endfacet
  facet normal -1 0 0
    outer loop
      vertex 86.1 1.2222545126431248 109.8292331470656
      vertex 86.1 1.2222545126431248 128.1707668529344
      vertex 86.1 1.3956652251600201 128.29937700260197
    endloop
  endfacet
  facet normal -1 0 0
    outer loop
      vertex 86.1 1.3956652251600201 109.70062299739803
      vertex 86.1 1.3956652251600201 128.29937700260197
      vertex 86.1 1.5556349186104048 128.4443650813896
    endloop
  endfacet
  facet normal -1 0 0
    outer loop
      vertex 86.1 1.5556349186104048 109.55563491861041
      vertex 86.1 1.5556349186104048 128.4443650813896
      vertex 86.1 1.7006229973980216 128.60433477483997
    endloop
  endfacet
  facet normal -1 0 0
    outer loop
      vertex 86.1 1.7006229973980216 109.39566522516002
      vertex 86.1 1.7006229973980216 128.60433477483997
      vertex 86.1 1.8292331470655996 128.77774548735687
    endloop
  endfacet
  facet normal -1 0 0
    outer loop
      vertex 86.1 1.8292331470655996 109.22225451264312
      vertex 86.1 1.8292331470655996 128.77774548735687
      vertex 86.1 1.9402267815663812 128.9629271789828
    endloop
  endfacet
  facet normal -1 0 0
    outer loop
      vertex 86.1 1.9402267815663812 109.03707282101719
      vertex 86.1 1.9402267815663812 128.9629271789828
      vertex 86.1 2.032534971524831 129.1580964487968
    endloop
  endfacet
  facet normal -1 0 0
    outer loop
      vertex 86.1 2.032534971524831 108.8419035512032
      vertex 86.1 2.032534971524831 129.1580964487968
      vertex 86.1 2.1052687386108597 129.36137371004017
    endloop
  endfacet
  facet normal -1 0 0
    outer loop
      vertex 86.1 2.1052687386108597 108.63862628995982
      vertex 86.1 2.1052687386108597 129.36137371004017
      vertex 86.1 2.157727616887107 129.57080129156452
    endloop
  endfacet
  facet normal -1 0 0
    outer loop
      vertex 86.1 2.157727616887107 108.42919870843548
      vertex 86.1 2.157727616887107 129.57080129156452
      vertex 86.1 2.1894063986788335 129.78436229127496
    endloop
  endfacet
  facet normal -1 0 0
    outer loop
      vertex 86.1 2.1894063986788335 108.21563770872503
      vertex 86.1 2.1894063986788335 129.78436229127496
      vertex 86.1 2.2 130
    endloop
  endfacet
  facet normal 1 0 0
    outer loop
      vertex 91.1 -0.21563770872503335 127.81059360132117
      vertex 91.1 1.037072821017195 109.94022678156638
      vertex 91.1 0 127.8
    endloop
  endfacet
  facet normal 1 0 0
    outer loop
      vertex 91.1 1.037072821017195 109.94022678156638
      vertex 91.1 0.21563770872503335 127.81059360132117
      vertex 91.1 0 127.8
    endloop
  endfacet
  facet normal 1 0 0
    outer loop
      vertex 91.1 1.037072821017195 109.94022678156638
      vertex 91.1 0.4291987084354822 127.8422723831129
      vertex 91.1 0.21563770872503335 127.81059360132117
    endloop
  endfacet
  facet normal 1 0 0
    outer loop
      vertex 91.1 1.037072821017195 109.94022678156638
      vertex 91.1 0.6386262899598172 127.89473126138914
      vertex 91.1 0.4291987084354822 127.8422723831129
    endloop
  endfacet
  facet normal 1 0 0
    outer loop
      vertex 91.1 1.037072821017195 109.94022678156638
      vertex 91.1 0.8419035512031976 127.96746502847517
      vertex 91.1 0.6386262899598172 127.89473126138914
    endloop
  endfacet
  facet normal 1 0 0
    outer loop
      vertex 91.1 1.037072821017195 109.94022678156638
      vertex 91.1 1.037072821017195 128.0597732184336
      vertex 91.1 0.8419035512031976 127.96746502847517
    endloop
  endfacet
  facet normal 1 0 0
    outer loop
      vertex 91.1 1.2222545126431248 109.8292331470656
      vertex 91.1 1.2222545126431248 128.1707668529344
      vertex 91.1 1.037072821017195 128.0597732184336
    endloop
  endfacet
  facet normal 1 0 0
    outer loop
      vertex 91.1 1.3956652251600201 109.70062299739803
      vertex 91.1 1.3956652251600201 128.29937700260197
      vertex 91.1 1.2222545126431248 128.1707668529344
    endloop
  endfacet
  facet normal 1 0 0
    outer loop
      vertex 91.1 1.5556349186104048 109.55563491861041
      vertex 91.1 1.5556349186104048 128.4443650813896
      vertex 91.1 1.3956652251600201 128.29937700260197
    endloop
  endfacet
  facet normal 1 0 0
    outer loop
      vertex 91.1 1.7006229973980216 109.39566522516002
      vertex 91.1 1.7006229973980216 128.60433477483997
      vertex 91.1 1.5556349186104048 128.4443650813896
    endloop
  endfacet
  facet normal 1 0 0
    outer loop
      vertex 91.1 1.8292331470655996 109.22225451264312
      vertex 91.1 1.8292331470655996 128.77774548735687
      vertex 91.1 1.7006229973980216 128.60433477483997
    endloop
  endfacet
  facet normal 1 0 0
    outer loop
      vertex 91.1 1.9402267815663812 109.03707282101719
      vertex 91.1 1.9402267815663812 128.9629271789828
      vertex 91.1 1.8292331470655996 128.77774548735687
    endloop
  endfacet
  facet normal 1 0 0
    outer loop
      vertex 91.1 2.032534971524831 108.8419035512032
      vertex 91.1 2.032534971524831 129.1580964487968
      vertex 91.1 1.9402267815663812 128.9629271789828
    endloop
  endfacet
  facet normal 1 0 0
    outer loop
      vertex 91.1 2.1052687386108597 108.63862628995982
      vertex 91.1 2.1052687386108597 129.36137371004017
      vertex 91.1 2.032534971524831 129.1580964487968
    endloop
  endfacet
  facet normal 1 0 0
    outer loop
      vertex 91.1 2.157727616887107 108.42919870843548
      vertex 91.1 2.157727616887107 129.57080129156452
      vertex 91.1 2.1052687386108597 129.36137371004017
    endloop
  endfacet
  facet normal 1 0 0
    outer loop
      vertex 91.1 2.1894063986788335 108.21563770872503
      vertex 91.1 2.1894063986788335 129.78436229127496
      vertex 91.1 2.157727616887107 129.57080129156452
    endloop
  endfacet
  facet normal 1 0 0
    outer loop
      vertex 91.1 -25.868626910316028 140.7151361062225
      vertex 91.1 0.6386262899598172 132.10526873861085
      vertex 91.1 27.461987851290452 135.46252901645158
    endloop
  endfacet
  facet normal 1 0 0
    outer loop
      vertex 91.1 2.2 108
      vertex 91.1 27.461987851290452 135.46252901645158
      vertex 91.1 2.1894063986788335 129.78436229127496
    endloop
  endfacet
  facet normal 1 0 0
    outer loop
      vertex 91.1 0.8419035512031976 132.03253497152483
      vertex 91.1 27.461987851290452 135.46252901645158
      vertex 91.1 0.6386262899598172 132.10526873861085
    endloop
  endfacet
  facet normal 1 0 0
    outer loop
      vertex 91.1 0.8419035512031976 132.03253497152483
      vertex 91.1 1.037072821017195 131.9402267815664
      vertex 91.1 27.461987851290452 135.46252901645158
    endloop
  endfacet
  facet normal 1 0 0
    outer loop
      vertex 91.1 1.037072821017195 131.9402267815664
      vertex 91.1 1.2222545126431248 131.8292331470656
      vertex 91.1 27.461987851290452 135.46252901645158
    endloop
  endfacet
  facet normal 1 0 0
    outer loop
      vertex 91.1 1.2222545126431248 131.8292331470656
      vertex 91.1 1.3956652251600201 131.70062299739803
      vertex 91.1 27.461987851290452 135.46252901645158
    endloop
  endfacet
  facet normal 1 0 0
    outer loop
      vertex 91.1 1.3956652251600201 131.70062299739803
      vertex 91.1 1.5556349186104048 131.5556349186104
      vertex 91.1 27.461987851290452 135.46252901645158
    endloop
  endfacet
  facet normal 1 0 0
    outer loop
      vertex 91.1 2.1894063986788335 129.78436229127496
      vertex 91.1 27.461987851290452 135.46252901645158
      vertex 91.1 2.2 130
    endloop
  endfacet
  facet normal 1 0 0
    outer loop
      vertex 91.1 2.2 130
      vertex 91.1 27.461987851290452 135.46252901645158
      vertex 91.1 2.1894063986788335 130.21563770872504
    endloop
  endfacet
  facet normal 1 0 0
    outer loop
      vertex 91.1 2.157727616887107 130.42919870843548
      vertex 91.1 2.1894063986788335 130.21563770872504
      vertex 91.1 27.461987851290452 135.46252901645158
    endloop
  endfacet
  facet normal 1 0 0
    outer loop
      vertex 91.1 1.7006229973980216 131.39566522516003
      vertex 91.1 1.8292331470655996 131.22225451264313
      vertex 91.1 27.461987851290452 135.46252901645158
    endloop
  endfacet
  facet normal 1 0 0
    outer loop
      vertex 91.1 2.032534971524831 130.8419035512032
      vertex 91.1 2.1052687386108597 130.63862628995983
      vertex 91.1 27.461987851290452 135.46252901645158
    endloop
  endfacet
  facet normal 1 0 0
    outer loop
      vertex 91.1 1.8292331470655996 131.22225451264313
      vertex 91.1 1.9402267815663812 131.0370728210172
      vertex 91.1 27.461987851290452 135.46252901645158
    endloop
  endfacet
  facet normal 1 0 0
    outer loop
      vertex 91.1 2.032534971524831 130.8419035512032
      vertex 91.1 27.461987851290452 135.46252901645158
      vertex 91.1 1.9402267815663812 131.0370728210172
    endloop
  endfacet
  facet normal 1 0 0
    outer loop
      vertex 91.1 1.5556349186104048 131.5556349186104
      vertex 91.1 1.7006229973980216 131.39566522516003
      vertex 91.1 27.461987851290452 135.46252901645158
    endloop
  endfacet
  facet normal 1 0 0
    outer loop
      vertex 91.1 2.157727616887107 130.42919870843548
      vertex 91.1 27.461987851290452 135.46252901645158
      vertex 91.1 2.1052687386108597 130.63862628995983
    endloop
  endfacet
  facet normal -1 0 0
    outer loop
      vertex 86.1 0.8419035512031976 132.03253497152483
      vertex 86.1 0.6386262899598172 132.10526873861085
      vertex 86.1 0 158
    endloop
  endfacet
  facet normal -1 0 0
    outer loop
      vertex 86.1 0.8419035512031976 132.03253497152483
      vertex 86.1 0 158
      vertex 86.1 1.037072821017195 131.9402267815664
    endloop
  endfacet
  facet normal -1 0 0
    outer loop
      vertex 86.1 1.037072821017195 131.9402267815664
      vertex 86.1 0 158
      vertex 86.1 1.2222545126431248 131.8292331470656
    endloop
  endfacet
  facet normal -1 0 0
    outer loop
      vertex 86.1 1.2222545126431248 131.8292331470656
      vertex 86.1 0 158
      vertex 86.1 1.3956652251600201 131.70062299739803
    endloop
  endfacet
  facet normal -1 0 0
    outer loop
      vertex 86.1 1.5556349186104048 131.5556349186104
      vertex 86.1 0 158
      vertex 86.1 1.7006229973980216 131.39566522516003
    endloop
  endfacet
  facet normal -1 0 0
    outer loop
      vertex 86.1 1.3956652251600201 131.70062299739803
      vertex 86.1 0 158
      vertex 86.1 1.5556349186104048 131.5556349186104
    endloop
  endfacet
  facet normal -1 0 0
    outer loop
      vertex 86.1 1.8292331470655996 131.22225451264313
      vertex 86.1 0 158
      vertex 86.1 1.9402267815663812 131.0370728210172
    endloop
  endfacet
  facet normal -1 0 0
    outer loop
      vertex 86.1 2.032534971524831 130.8419035512032
      vertex 86.1 1.9402267815663812 131.0370728210172
      vertex 86.1 0 158
    endloop
  endfacet
  facet normal -1 0 0
    outer loop
      vertex 86.1 2.032534971524831 130.8419035512032
      vertex 86.1 0 158
      vertex 86.1 2.1052687386108597 130.63862628995983
    endloop
  endfacet
  facet normal -1 0 0
    outer loop
      vertex 86.1 1.7006229973980216 131.39566522516003
      vertex 86.1 0 158
      vertex 86.1 1.8292331470655996 131.22225451264313
    endloop
  endfacet
  facet normal -1 0 0
    outer loop
      vertex 86.1 0 132.2
      vertex 86.1 0 158
      vertex 86.1 0.21563770872503335 132.18940639867884
    endloop
  endfacet
  facet normal -1 0 0
    outer loop
      vertex 86.1 0.21563770872503335 132.18940639867884
      vertex 86.1 0 158
      vertex 86.1 0.4291987084354822 132.15772761688712
    endloop
  endfacet
  facet normal -1 0 0
    outer loop
      vertex 86.1 0.4291987084354822 132.15772761688712
      vertex 86.1 0 158
      vertex 86.1 0.6386262899598172 132.10526873861085
    endloop
  endfacet
  facet normal 1 0 0
    outer loop
      vertex 91.1 -25.868626910316028 140.7151361062225
      vertex 91.1 27.461987851290452 135.46252901645158
      vertex 91.1 2.7444799292276967 157.8651723468215
    endloop
  endfacet
  facet normal -1 0 0
    outer loop
      vertex 86.1 0 158
      vertex 86.1 2.7444799292276967 157.8651723468215
      vertex 86.1 5.462529016451591 157.46198785129044
    endloop
  endfacet
  facet normal 1.3775504530302822e-18 0.049067674327419195 0.9987954562051724
    outer loop
      vertex 86.1 0 158
      vertex 91.1 2.7444799292276967 157.8651723468215
      vertex 86.1 2.7444799292276967 157.8651723468215
    endloop
  endfacet
  facet normal 0 0.049067674327419195 0.9987954562051724
    outer loop
      vertex 86.1 0 158
      vertex 91.1 0 158
      vertex 91.1 2.7444799292276967 157.8651723468215
    endloop
  endfacet
  facet normal 1 0 0
    outer loop
      vertex 91.1 -2.7444799292276967 157.8651723468215
      vertex 91.1 2.7444799292276967 157.8651723468215
      vertex 91.1 0 158
    endloop
  endfacet
  facet normal -4.431324867385858e-18 0.14673047445536333 0.9891765099647808
    outer loop
      vertex 86.1 2.7444799292276967 157.8651723468215
      vertex 91.1 5.462529016451591 157.46198785129044
      vertex 86.1 5.462529016451591 157.46198785129044
    endloop
  endfacet
  facet normal -1 0 0
    outer loop
      vertex 86.1 0 158
      vertex 86.1 5.462529016451591 157.46198785129044
      vertex 86.1 10.715136106222515 155.86862691031604
    endloop
  endfacet
  facet normal 0 0.14673047445536333 0.9891765099647808
    outer loop
      vertex 86.1 2.7444799292276967 157.8651723468215
      vertex 91.1 2.7444799292276967 157.8651723468215
      vertex 91.1 5.462529016451591 157.46198785129044
    endloop
  endfacet
  facet normal 1 0 0
    outer loop
      vertex 91.1 2.7444799292276967 157.8651723468215
      vertex 91.1 8.127970963124945 156.79432940050185
      vertex 91.1 5.462529016451591 157.46198785129044
    endloop
  endfacet
  facet normal 0 0.24298017990326026 0.9700312531945449
    outer loop
      vertex 86.1 5.462529016451591 157.46198785129044
      vertex 91.1 5.462529016451591 157.46198785129044
      vertex 86.1 8.127970963124945 156.79432940050185
    endloop
  endfacet
  facet normal -1 0 0
    outer loop
      vertex 86.1 5.462529016451591 157.46198785129044
      vertex 86.1 8.127970963124945 156.79432940050185
      vertex 86.1 10.715136106222515 155.86862691031604
    endloop
  endfacet
  facet normal 0 0.33688985339221783 0.9415440651830216
    outer loop
      vertex 86.1 8.127970963124945 156.79432940050185
      vertex 91.1 8.127970963124945 156.79432940050185
      vertex 86.1 10.715136106222515 155.86862691031604
    endloop
  endfacet
  facet normal -5.1675764912268276e-18 0.24298017990326026 0.9700312531945449
    outer loop
      vertex 91.1 5.462529016451591 157.46198785129044
      vertex 91.1 8.127970963124945 156.79432940050185
      vertex 86.1 8.127970963124945 156.79432940050185
    endloop
  endfacet
  facet normal 1 0 0
    outer loop
      vertex 91.1 2.7444799292276967 157.8651723468215
      vertex 91.1 13.199108631127935 154.69379540175393
      vertex 91.1 8.127970963124945 156.79432940050185
    endloop
  endfacet
  facet normal -1 0 0
    outer loop
      vertex 86.1 0 158
      vertex 86.1 10.715136106222515 155.86862691031604
      vertex 86.1 17.763011956582073 151.64429269415663
    endloop
  endfacet
  facet normal 1.2520341817687491e-17 0.4275550934302878 0.9039892931234407
    outer loop
      vertex 86.1 10.715136106222515 155.86862691031604
      vertex 91.1 13.199108631127935 154.69379540175393
      vertex 86.1 13.199108631127935 154.69379540175393
    endloop
  endfacet
  facet normal -6.7827774154897835e-18 0.33688985339221783 0.9415440651830216
    outer loop
      vertex 91.1 8.127970963124945 156.79432940050185
      vertex 91.1 10.715136106222515 155.86862691031604
      vertex 86.1 10.715136106222515 155.86862691031604
    endloop
  endfacet
  facet normal 1 0 0
    outer loop
      vertex 91.1 8.127970963124945 156.79432940050185
      vertex 91.1 13.199108631127935 154.69379540175393
      vertex 91.1 10.715136106222515 155.86862691031604
    endloop
  endfacet
  facet normal 0 0.4275550934302878 0.9039892931234407
    outer loop
      vertex 86.1 10.715136106222515 155.86862691031604
      vertex 91.1 10.715136106222515 155.86862691031604
      vertex 91.1 13.199108631127935 154.69379540175393
    endloop
  endfacet
  facet normal 1 0 0
    outer loop
      vertex 91.1 2.7444799292276967 157.8651723468215
      vertex 91.1 19.79898987322333 149.79898987322332
      vertex 91.1 13.199108631127935 154.69379540175393
    endloop
  endfacet
  facet normal 1 0 0
    outer loop
      vertex 91.1 2.7444799292276967 157.8651723468215
      vertex 91.1 27.461987851290452 135.46252901645158
      vertex 91.1 19.79898987322333 149.79898987322332
    endloop
  endfacet
  facet normal -1 0 0
    outer loop
      vertex 86.1 0 158
      vertex 86.1 17.763011956582073 151.64429269415663
      vertex 86.1 27.461987851290452 135.46252901645158
    endloop
  endfacet
  facet normal -1 0 0
    outer loop
      vertex 86.1 10.715136106222515 155.86862691031604
      vertex 86.1 13.199108631127935 154.69379540175393
      vertex 86.1 15.555966524548861 153.28114914447127
    endloop
  endfacet
  facet normal -1 0 0
    outer loop
      vertex 86.1 10.715136106222515 155.86862691031604
      vertex 86.1 15.555966524548861 153.28114914447127
      vertex 86.1 17.763011956582073 151.64429269415663
    endloop
  endfacet
  facet normal -1.429984032331597e-17 0.5141027441932181 0.8577286100002741
    outer loop
      vertex 86.1 13.199108631127935 154.69379540175393
      vertex 91.1 15.555966524548861 153.28114914447127
      vertex 86.1 15.555966524548861 153.28114914447127
    endloop
  endfacet
  facet normal 0 0.5141027441932181 0.8577286100002741
    outer loop
      vertex 86.1 13.199108631127935 154.69379540175393
      vertex 91.1 13.199108631127935 154.69379540175393
      vertex 91.1 15.555966524548861 153.28114914447127
    endloop
  endfacet
  facet normal 1 0 0
    outer loop
      vertex 91.1 13.199108631127935 154.69379540175393
      vertex 91.1 17.763011956582073 151.64429269415663
      vertex 91.1 15.555966524548861 153.28114914447127
    endloop
  endfacet
  facet normal -5.0996446367097806e-18 0.5956993044924349 0.8032075314806437
    outer loop
      vertex 86.1 15.555966524548861 153.28114914447127
      vertex 91.1 17.763011956582073 151.64429269415663
      vertex 86.1 17.763011956582073 151.64429269415663
    endloop
  endfacet
  facet normal 0 0.5956993044924349 0.8032075314806437
    outer loop
      vertex 86.1 15.555966524548861 153.28114914447127
      vertex 91.1 15.555966524548861 153.28114914447127
      vertex 91.1 17.763011956582073 151.64429269415663
    endloop
  endfacet
  facet normal 1 0 0
    outer loop
      vertex 91.1 13.199108631127935 154.69379540175393
      vertex 91.1 19.79898987322333 149.79898987322332
      vertex 91.1 17.763011956582073 151.64429269415663
    endloop
  endfacet
  facet normal 0 0.6715589548470199 0.7409511253549578
    outer loop
      vertex 86.1 17.763011956582073 151.64429269415663
      vertex 91.1 17.763011956582073 151.64429269415663
      vertex 91.1 19.79898987322333 149.79898987322332
    endloop
  endfacet
  facet normal -1 0 0
    outer loop
      vertex 86.1 21.644292694156636 147.76301195658206
      vertex 86.1 24.693795401753942 143.19910863112793
      vertex 86.1 17.763011956582073 151.64429269415663
    endloop
  endfacet
  facet normal 1 0 0
    outer loop
      vertex 91.1 19.79898987322333 149.79898987322332
      vertex 91.1 27.461987851290452 135.46252901645158
      vertex 91.1 24.693795401753942 143.19910863112793
    endloop
  endfacet
  facet normal -1 0 0
    outer loop
      vertex 86.1 17.763011956582073 151.64429269415663
      vertex 86.1 24.693795401753942 143.19910863112793
      vertex 86.1 27.461987851290452 135.46252901645158
    endloop
  endfacet
  facet normal -1 0 0
    outer loop
      vertex 86.1 21.644292694156636 147.76301195658206
      vertex 86.1 23.281149144471268 145.55596652454886
      vertex 86.1 24.693795401753942 143.19910863112793
    endloop
  endfacet
  facet normal 0 0.803207531480643 0.5956993044924358
    outer loop
      vertex 86.1 21.644292694156636 147.76301195658206
      vertex 91.1 21.644292694156636 147.76301195658206
      vertex 86.1 23.281149144471268 145.55596652454886
    endloop
  endfacet
  facet normal 7.584288890853002e-18 0.8577286100002729 0.5141027441932202
    outer loop
      vertex 86.1 23.281149144471268 145.55596652454886
      vertex 91.1 24.693795401753942 143.19910863112793
      vertex 86.1 24.693795401753942 143.19910863112793
    endloop
  endfacet
  facet normal 1 0 0
    outer loop
      vertex 91.1 21.644292694156636 147.76301195658206
      vertex 91.1 24.693795401753942 143.19910863112793
      vertex 91.1 23.281149144471268 145.55596652454886
    endloop
  endfacet
  facet normal -1.5050935043273206e-17 0.803207531480643 0.5956993044924358
    outer loop
      vertex 91.1 21.644292694156636 147.76301195658206
      vertex 91.1 23.281149144471268 145.55596652454886
      vertex 86.1 23.281149144471268 145.55596652454886
    endloop
  endfacet
  facet normal 1 0 0
    outer loop
      vertex 91.1 21.644292694156636 147.76301195658206
      vertex 91.1 19.79898987322333 149.79898987322332
      vertex 91.1 24.693795401753942 143.19910863112793
    endloop
  endfacet
  facet normal 0 0.8577286100002729 0.5141027441932202
    outer loop
      vertex 86.1 23.281149144471268 145.55596652454886
      vertex 91.1 23.281149144471268 145.55596652454886
      vertex 91.1 24.693795401753942 143.19910863112793
    endloop
  endfacet
  facet normal -1 0 0
    outer loop
      vertex 86.1 21.644292694156636 147.76301195658206
      vertex 86.1 17.763011956582073 151.64429269415663
      vertex 86.1 19.79898987322333 149.79898987322332
    endloop
  endfacet
  facet normal -9.945756298328847e-18 0.6715589548470199 0.7409511253549578
    outer loop
      vertex 86.1 17.763011956582073 151.64429269415663
      vertex 91.1 19.79898987322333 149.79898987322332
      vertex 86.1 19.79898987322333 149.79898987322332
    endloop
  endfacet
  facet normal 8.66108740393527e-18 0.740951125354959 0.6715589548470184
    outer loop
      vertex 86.1 21.644292694156636 147.76301195658206
      vertex 86.1 19.79898987322333 149.79898987322332
      vertex 91.1 19.79898987322333 149.79898987322332
    endloop
  endfacet
  facet normal 0 0.740951125354959 0.6715589548470184
    outer loop
      vertex 86.1 21.644292694156636 147.76301195658206
      vertex 91.1 19.79898987322333 149.79898987322332
      vertex 91.1 21.644292694156636 147.76301195658206
    endloop
  endfacet
  facet normal 1 0 0
    outer loop
      vertex 91.1 27.865172346821513 132.7444799292277
      vertex 91.1 27.461987851290452 135.46252901645158
      vertex 91.1 35 0
    endloop
  endfacet
  facet normal -1 0 0
    outer loop
      vertex 86.1 32.80074544767726 42.3009584327279
      vertex 86.1 27.461987851290452 135.46252901645158
      vertex 86.1 27.865172346821513 132.7444799292277
    endloop
  endfacet
  facet normal -5.3202913965837046e-17 0.9985143326162969 0.054489701410737806
    outer loop
      vertex 91.1 32.80074544767726 42.3009584327279
      vertex 86.1 27.865172346821513 132.7444799292277
      vertex 91.1 27.865172346821513 132.7444799292277
    endloop
  endfacet
  facet normal -4.93199776427745e-18 0.9891765099647807 0.14673047445536308
    outer loop
      vertex 86.1 27.865172346821513 132.7444799292277
      vertex 86.1 27.461987851290452 135.46252901645158
      vertex 91.1 27.461987851290452 135.46252901645158
    endloop
  endfacet
  facet normal 0 0.9700312531945441 0.24298017990326384
    outer loop
      vertex 86.1 26.794329400501848 138.12797096312494
      vertex 91.1 26.794329400501848 138.12797096312494
      vertex 86.1 27.461987851290452 135.46252901645158
    endloop
  endfacet
  facet normal 0 0.9891765099647807 0.14673047445536308
    outer loop
      vertex 86.1 27.865172346821513 132.7444799292277
      vertex 91.1 27.461987851290452 135.46252901645158
      vertex 91.1 27.865172346821513 132.7444799292277
    endloop
  endfacet
  facet normal 0 0.9700312531945441 0.24298017990326384
    outer loop
      vertex 86.1 27.461987851290452 135.46252901645158
      vertex 91.1 26.794329400501848 138.12797096312494
      vertex 91.1 27.461987851290452 135.46252901645158
    endloop
  endfacet
  facet normal -1 0 0
    outer loop
      vertex 86.1 24.693795401753942 143.19910863112793
      vertex 86.1 26.794329400501848 138.12797096312494
      vertex 86.1 27.461987851290452 135.46252901645158
    endloop
  endfacet
  facet normal -1 0 0
    outer loop
      vertex 86.1 25.868626910316028 140.7151361062225
      vertex 86.1 26.794329400501848 138.12797096312494
      vertex 86.1 24.693795401753942 143.19910863112793
    endloop
  endfacet
  facet normal 0 0.9415440651830206 0.3368898533922208
    outer loop
      vertex 86.1 25.868626910316028 140.7151361062225
      vertex 91.1 25.868626910316028 140.7151361062225
      vertex 86.1 26.794329400501848 138.12797096312494
    endloop
  endfacet
  facet normal 0 0.903989293123444 0.4275550934302807
    outer loop
      vertex 86.1 25.868626910316028 140.7151361062225
      vertex 86.1 24.693795401753942 143.19910863112793
      vertex 91.1 25.868626910316028 140.7151361062225
    endloop
  endfacet
  facet normal -1.6034128706136044e-17 0.9415440651830206 0.3368898533922208
    outer loop
      vertex 91.1 25.868626910316028 140.7151361062225
      vertex 91.1 26.794329400501848 138.12797096312494
      vertex 86.1 26.794329400501848 138.12797096312494
    endloop
  endfacet
  facet normal 1 0 0
    outer loop
      vertex 91.1 24.693795401753942 143.19910863112793
      vertex 91.1 27.461987851290452 135.46252901645158
      vertex 91.1 26.794329400501848 138.12797096312494
    endloop
  endfacet
  facet normal 1 0 0
    outer loop
      vertex 91.1 25.868626910316028 140.7151361062225
      vertex 91.1 24.693795401753942 143.19910863112793
      vertex 91.1 26.794329400501848 138.12797096312494
    endloop
  endfacet
  facet normal -1.5513622318941738e-17 0.903989293123444 0.4275550934302807
    outer loop
      vertex 91.1 25.868626910316028 140.7151361062225
      vertex 86.1 24.693795401753942 143.19910863112793
      vertex 91.1 24.693795401753942 143.19910863112793
    endloop
  endfacet
  facet normal 0 0.9415440651830234 0.33688985339221256
    outer loop
      vertex -91.1 -2.1052687386108597 107.36137371004018
      vertex -86.1 -2.1052687386108597 107.36137371004018
      vertex -91.1 -2.032534971524831 107.1580964487968
    endloop
  endfacet
  facet normal 6.410350542191652e-19 0.9039892931234356 0.42755509343029846
    outer loop
      vertex -91.1 -1.9402267815663812 106.96292717898281
      vertex -91.1 -2.032534971524831 107.1580964487968
      vertex -86.1 -2.032534971524831 107.1580964487968
    endloop
  endfacet
  facet normal -5.216866387408621e-19 0.8032075314806493 0.5956993044924276
    outer loop
      vertex -91.1 -1.7006229973980216 106.60433477483998
      vertex -91.1 -1.8292331470655996 106.77774548735688
      vertex -86.1 -1.8292331470655996 106.77774548735688
    endloop
  endfacet
  facet normal 0 0.7409511253549759 0.671558954847
    outer loop
      vertex -91.1 -1.7006229973980216 106.60433477483998
      vertex -86.1 -1.7006229973980216 106.60433477483998
      vertex -91.1 -1.5556349186104048 106.44436508138959
    endloop
  endfacet
  facet normal 0 0.8577286100002697 0.5141027441932259
    outer loop
      vertex -91.1 -1.9402267815663812 106.96292717898281
      vertex -86.1 -1.9402267815663812 106.96292717898281
      vertex -91.1 -1.8292331470655996 106.77774548735688
    endloop
  endfacet
  facet normal 0 0.9891765099647811 0.1467304744553602
    outer loop
      vertex -91.1 -2.1894063986788335 107.78436229127497
      vertex -86.1 -2.1894063986788335 107.78436229127497
      vertex -91.1 -2.157727616887107 107.57080129156452
    endloop
  endfacet
  facet normal 1.8805274933630582e-19 0.9987954562051723 0.049067674327418966
    outer loop
      vertex -91.1 -2.1894063986788335 107.78436229127497
      vertex -91.1 -2.2 108
      vertex -86.1 -2.2 108
    endloop
  endfacet
  facet normal -2.5567675104608267e-20 0.9700312531945448 0.24298017990326043
    outer loop
      vertex -91.1 -2.1052687386108597 107.36137371004018
      vertex -91.1 -2.157727616887107 107.57080129156452
      vertex -86.1 -2.157727616887107 107.57080129156452
    endloop
  endfacet
  facet normal -1.8805274933630582e-19 0.9987954562051723 -0.049067674327418966
    outer loop
      vertex -91.1 -2.2 108
      vertex -91.1 -2.1894063986788335 108.21563770872503
      vertex -86.1 -2.1894063986788335 108.21563770872503
    endloop
  endfacet
  facet normal -3.1859448834806045e-20 0.9891765099647811 -0.1467304744553602
    outer loop
      vertex -91.1 -2.1894063986788335 108.21563770872503
      vertex -91.1 -2.157727616887107 108.42919870843548
      vertex -86.1 -2.157727616887107 108.42919870843548
    endloop
  endfacet
  facet normal 2.5567675104608267e-20 0.9700312531945448 -0.24298017990326043
    outer loop
      vertex -91.1 -2.157727616887107 108.42919870843548
      vertex -91.1 -2.1052687386108597 108.63862628995982
      vertex -86.1 -2.1052687386108597 108.63862628995982
    endloop
  endfacet
  facet normal 0 0.5141027441932396 0.8577286100002613
    outer loop
      vertex -91.1 -1.2222545126431248 106.1707668529344
      vertex -86.1 -1.2222545126431248 106.1707668529344
      vertex -91.1 -1.037072821017195 106.05977321843362
    endloop
  endfacet
  facet normal 0 0.42755509343026243 0.9039892931234526
    outer loop
      vertex -91.1 -1.037072821017195 106.05977321843362
      vertex -86.1 -1.037072821017195 106.05977321843362
      vertex -91.1 -0.8419035512031976 105.96746502847517
    endloop
  endfacet
  facet normal 0 0.3368898533922463 0.9415440651830114
    outer loop
      vertex -91.1 -0.8419035512031976 105.96746502847517
      vertex -86.1 -0.8419035512031976 105.96746502847517
      vertex -91.1 -0.6386262899598172 105.89473126138914
    endloop
  endfacet
  facet normal 0 0.24298017990323453 0.9700312531945513
    outer loop
      vertex -91.1 -0.6386262899598172 105.89473126138914
      vertex -86.1 -0.6386262899598172 105.89473126138914
      vertex -91.1 -0.4291987084354822 105.8422723831129
    endloop
  endfacet
  facet normal 0 0.14673047445536055 0.989176509964781
    outer loop
      vertex -91.1 -0.4291987084354822 105.8422723831129
      vertex -86.1 -0.4291987084354822 105.8422723831129
      vertex -91.1 -0.21563770872503335 105.81059360132117
    endloop
  endfacet
  facet normal 0 0.04906767432746046 0.9987954562051702
    outer loop
      vertex -91.1 -0.21563770872503335 105.81059360132117
      vertex -86.1 -0.21563770872503335 105.81059360132117
      vertex -91.1 0 105.8
    endloop
  endfacet
  facet normal 0 0.6715589548470251 0.7409511253549529
    outer loop
      vertex -91.1 -1.5556349186104048 106.44436508138959
      vertex -86.1 -1.5556349186104048 106.44436508138959
      vertex -91.1 -1.3956652251600201 106.29937700260197
    endloop
  endfacet
  facet normal 0 0.5956993044923954 0.8032075314806731
    outer loop
      vertex -91.1 -1.3956652251600201 106.29937700260197
      vertex -86.1 -1.3956652251600201 106.29937700260197
      vertex -91.1 -1.2222545126431248 106.1707668529344
    endloop
  endfacet
  facet normal 0 0.9039892931234356 0.42755509343029846
    outer loop
      vertex -91.1 -1.9402267815663812 106.96292717898281
      vertex -86.1 -2.032534971524831 107.1580964487968
      vertex -86.1 -1.9402267815663812 106.96292717898281
    endloop
  endfacet
  facet normal 0 0.9415440651830234 0.33688985339221256
    outer loop
      vertex -91.1 -2.032534971524831 107.1580964487968
      vertex -86.1 -2.1052687386108597 107.36137371004018
      vertex -86.1 -2.032534971524831 107.1580964487968
    endloop
  endfacet
  facet normal 0 0.8032075314806493 0.5956993044924276
    outer loop
      vertex -91.1 -1.7006229973980216 106.60433477483998
      vertex -86.1 -1.8292331470655996 106.77774548735688
      vertex -86.1 -1.7006229973980216 106.60433477483998
    endloop
  endfacet
  facet normal 0 0.7409511253549759 0.671558954847
    outer loop
      vertex -91.1 -1.5556349186104048 106.44436508138959
      vertex -86.1 -1.7006229973980216 106.60433477483998
      vertex -86.1 -1.5556349186104048 106.44436508138959
    endloop
  endfacet
  facet normal 0 0.8577286100002697 0.5141027441932259
    outer loop
      vertex -91.1 -1.8292331470655996 106.77774548735688
      vertex -86.1 -1.9402267815663812 106.96292717898281
      vertex -86.1 -1.8292331470655996 106.77774548735688
    endloop
  endfacet
  facet normal 3.1859448834806045e-20 0.9891765099647811 0.1467304744553602
    outer loop
      vertex -86.1 -2.1894063986788335 107.78436229127497
      vertex -86.1 -2.157727616887107 107.57080129156452
      vertex -91.1 -2.157727616887107 107.57080129156452
    endloop
  endfacet
  facet normal 0 0.9987954562051723 0.049067674327418966
    outer loop
      vertex -91.1 -2.1894063986788335 107.78436229127497
      vertex -86.1 -2.2 108
      vertex -86.1 -2.1894063986788335 107.78436229127497
    endloop
  endfacet
  facet normal 0 0.9700312531945448 0.24298017990326043
    outer loop
      vertex -91.1 -2.1052687386108597 107.36137371004018
      vertex -86.1 -2.157727616887107 107.57080129156452
      vertex -86.1 -2.1052687386108597 107.36137371004018
    endloop
  endfacet
  facet normal 0 0.9987954562051723 -0.049067674327418966
    outer loop
      vertex -91.1 -2.2 108
      vertex -86.1 -2.1894063986788335 108.21563770872503
      vertex -86.1 -2.2 108
    endloop
  endfacet
  facet normal 0 0.9891765099647811 -0.1467304744553602
    outer loop
      vertex -91.1 -2.1894063986788335 108.21563770872503
      vertex -86.1 -2.157727616887107 108.42919870843548
      vertex -86.1 -2.1894063986788335 108.21563770872503
    endloop
  endfacet
  facet normal 0 0.9700312531945448 -0.24298017990326043
    outer loop
      vertex -91.1 -2.157727616887107 108.42919870843548
      vertex -86.1 -2.1052687386108597 108.63862628995982
      vertex -86.1 -2.157727616887107 108.42919870843548
    endloop
  endfacet
  facet normal 0 0.5141027441932396 0.8577286100002613
    outer loop
      vertex -91.1 -1.037072821017195 106.05977321843362
      vertex -86.1 -1.2222545126431248 106.1707668529344
      vertex -86.1 -1.037072821017195 106.05977321843362
    endloop
  endfacet
  facet normal 0 0.42755509343026243 0.9039892931234526
    outer loop
      vertex -91.1 -0.8419035512031976 105.96746502847517
      vertex -86.1 -1.037072821017195 106.05977321843362
      vertex -86.1 -0.8419035512031976 105.96746502847517
    endloop
  endfacet
  facet normal 0 0.3368898533922463 0.9415440651830114
    outer loop
      vertex -91.1 -0.6386262899598172 105.89473126138914
      vertex -86.1 -0.8419035512031976 105.96746502847517
      vertex -86.1 -0.6386262899598172 105.89473126138914
    endloop
  endfacet
  facet normal 0 0.24298017990323453 0.9700312531945513
    outer loop
      vertex -91.1 -0.4291987084354822 105.8422723831129
      vertex -86.1 -0.6386262899598172 105.89473126138914
      vertex -86.1 -0.4291987084354822 105.8422723831129
    endloop
  endfacet
  facet normal 0 0.14673047445536055 0.989176509964781
    outer loop
      vertex -91.1 -0.21563770872503335 105.81059360132117
      vertex -86.1 -0.4291987084354822 105.8422723831129
      vertex -86.1 -0.21563770872503335 105.81059360132117
    endloop
  endfacet
  facet normal 7.44101122524188e-20 0.04906767432746046 0.9987954562051702
    outer loop
      vertex -86.1 -0.21563770872503335 105.81059360132117
      vertex -86.1 0 105.8
      vertex -91.1 0 105.8
    endloop
  endfacet
  facet normal 0 0.6715589548470251 0.7409511253549529
    outer loop
      vertex -91.1 -1.3956652251600201 106.29937700260197
      vertex -86.1 -1.5556349186104048 106.44436508138959
      vertex -86.1 -1.3956652251600201 106.29937700260197
    endloop
  endfacet
  facet normal 0 0.5956993044923954 0.8032075314806731
    outer loop
      vertex -91.1 -1.2222545126431248 106.1707668529344
      vertex -86.1 -1.3956652251600201 106.29937700260197
      vertex -86.1 -1.2222545126431248 106.1707668529344
    endloop
  endfacet
  facet normal -8.621957780817413e-20 0.9415440651830234 -0.33688985339221256
    outer loop
      vertex -91.1 -2.1052687386108597 108.63862628995982
      vertex -91.1 -2.032534971524831 108.8419035512032
      vertex -86.1 -2.032534971524831 108.8419035512032
    endloop
  endfacet
  facet normal -6.410350542191652e-19 0.9039892931234356 -0.42755509343029846
    outer loop
      vertex -91.1 -2.032534971524831 108.8419035512032
      vertex -91.1 -1.9402267815663812 109.03707282101719
      vertex -86.1 -1.9402267815663812 109.03707282101719
    endloop
  endfacet
  facet normal -1.5651675889531384e-18 0.8577286100002697 -0.5141027441932259
    outer loop
      vertex -91.1 -1.9402267815663812 109.03707282101719
      vertex -91.1 -1.8292331470655996 109.22225451264312
      vertex -86.1 -1.8292331470655996 109.22225451264312
    endloop
  endfacet
  facet normal 5.216866387408621e-19 0.8032075314806493 -0.5956993044924276
    outer loop
      vertex -91.1 -1.8292331470655996 109.22225451264312
      vertex -91.1 -1.7006229973980216 109.39566522516002
      vertex -86.1 -1.7006229973980216 109.39566522516002
    endloop
  endfacet
  facet normal -9.793679898335106e-19 0.7409511253549759 -0.671558954847
    outer loop
      vertex -91.1 -1.7006229973980216 109.39566522516002
      vertex -91.1 -1.5556349186104048 109.55563491861041
      vertex -86.1 -1.5556349186104048 109.55563491861041
    endloop
  endfacet
  facet normal 5.388695794250441e-20 0.6715589548470251 -0.7409511253549529
    outer loop
      vertex -91.1 -1.5556349186104048 109.55563491861041
      vertex -91.1 -1.3956652251600201 109.70062299739803
      vertex -86.1 -1.3956652251600201 109.70062299739803
    endloop
  endfacet
  facet normal 1.117912369741409e-18 0.5956993044923954 -0.8032075314806731
    outer loop
      vertex -91.1 -1.3956652251600201 109.70062299739803
      vertex -91.1 -1.2222545126431248 109.8292331470656
      vertex -86.1 -1.2222545126431248 109.8292331470656
    endloop
  endfacet
  facet normal -2.275415446767775e-19 0.5141027441932396 -0.8577286100002613
    outer loop
      vertex -91.1 -1.2222545126431248 109.8292331470656
      vertex -91.1 -1.037072821017195 109.94022678156638
      vertex -86.1 -1.037072821017195 109.94022678156638
    endloop
  endfacet
  facet normal -1.1705387436212037e-18 0.42755509343026243 -0.9039892931234526
    outer loop
      vertex -91.1 -1.037072821017195 109.94022678156638
      vertex -91.1 -0.8419035512031976 110.03253497152483
      vertex -86.1 -0.8419035512031976 110.03253497152483
    endloop
  endfacet
  facet normal -4.1139380972823294e-19 0.3368898533922463 -0.9415440651830114
    outer loop
      vertex -91.1 -0.8419035512031976 110.03253497152483
      vertex -91.1 -0.6386262899598172 110.10526873861086
      vertex -86.1 -0.6386262899598172 110.10526873861086
    endloop
  endfacet
  facet normal 3.2317763034297753e-19 0.24298017990323453 -0.9700312531945513
    outer loop
      vertex -91.1 -0.6386262899598172 110.10526873861086
      vertex -91.1 -0.4291987084354822 110.1577276168871
      vertex -86.1 -0.4291987084354822 110.1577276168871
    endloop
  endfacet
  facet normal -1.1182473736916267e-19 0.14673047445536055 -0.989176509964781
    outer loop
      vertex -91.1 -0.4291987084354822 110.1577276168871
      vertex -91.1 -0.21563770872503335 110.18940639867883
      vertex -86.1 -0.21563770872503335 110.18940639867883
    endloop
  endfacet
  facet normal -7.44101122524188e-20 0.04906767432746046 -0.9987954562051702
    outer loop
      vertex -91.1 -0.21563770872503335 110.18940639867883
      vertex -91.1 0 110.2
      vertex -86.1 0 110.2
    endloop
  endfacet
  facet normal 0 0.9415440651830234 -0.33688985339221256
    outer loop
      vertex -91.1 -2.1052687386108597 108.63862628995982
      vertex -86.1 -2.032534971524831 108.8419035512032
      vertex -86.1 -2.1052687386108597 108.63862628995982
    endloop
  endfacet
  facet normal 0 0.9039892931234356 -0.42755509343029846
    outer loop
      vertex -91.1 -2.032534971524831 108.8419035512032
      vertex -86.1 -1.9402267815663812 109.03707282101719
      vertex -86.1 -2.032534971524831 108.8419035512032
    endloop
  endfacet
  facet normal 0 0.8577286100002697 -0.5141027441932259
    outer loop
      vertex -91.1 -1.9402267815663812 109.03707282101719
      vertex -86.1 -1.8292331470655996 109.22225451264312
      vertex -86.1 -1.9402267815663812 109.03707282101719
    endloop
  endfacet
  facet normal 0 0.8032075314806493 -0.5956993044924276
    outer loop
      vertex -91.1 -1.8292331470655996 109.22225451264312
      vertex -86.1 -1.7006229973980216 109.39566522516002
      vertex -86.1 -1.8292331470655996 109.22225451264312
    endloop
  endfacet
  facet normal 0 0.7409511253549759 -0.671558954847
    outer loop
      vertex -91.1 -1.7006229973980216 109.39566522516002
      vertex -86.1 -1.5556349186104048 109.55563491861041
      vertex -86.1 -1.7006229973980216 109.39566522516002
    endloop
  endfacet
  facet normal 0 0.6715589548470251 -0.7409511253549529
    outer loop
      vertex -91.1 -1.5556349186104048 109.55563491861041
      vertex -86.1 -1.3956652251600201 109.70062299739803
      vertex -86.1 -1.5556349186104048 109.55563491861041
    endloop
  endfacet
  facet normal 0 0.5956993044923954 -0.8032075314806731
    outer loop
      vertex -91.1 -1.3956652251600201 109.70062299739803
      vertex -86.1 -1.2222545126431248 109.8292331470656
      vertex -86.1 -1.3956652251600201 109.70062299739803
    endloop
  endfacet
  facet normal 0 0.5141027441932396 -0.8577286100002613
    outer loop
      vertex -91.1 -1.2222545126431248 109.8292331470656
      vertex -86.1 -1.037072821017195 109.94022678156638
      vertex -86.1 -1.2222545126431248 109.8292331470656
    endloop
  endfacet
  facet normal 0 0.42755509343026243 -0.9039892931234526
    outer loop
      vertex -91.1 -1.037072821017195 109.94022678156638
      vertex -86.1 -0.8419035512031976 110.03253497152483
      vertex -86.1 -1.037072821017195 109.94022678156638
    endloop
  endfacet
  facet normal 0 0.3368898533922463 -0.9415440651830114
    outer loop
      vertex -91.1 -0.8419035512031976 110.03253497152483
      vertex -86.1 -0.6386262899598172 110.10526873861086
      vertex -86.1 -0.8419035512031976 110.03253497152483
    endloop
  endfacet
  facet normal 0 0.24298017990323453 -0.9700312531945513
    outer loop
      vertex -91.1 -0.6386262899598172 110.10526873861086
      vertex -86.1 -0.4291987084354822 110.1577276168871
      vertex -86.1 -0.6386262899598172 110.10526873861086
    endloop
  endfacet
  facet normal 0 0.14673047445536055 -0.989176509964781
    outer loop
      vertex -91.1 -0.4291987084354822 110.1577276168871
      vertex -86.1 -0.21563770872503335 110.18940639867883
      vertex -86.1 -0.4291987084354822 110.1577276168871
    endloop
  endfacet
  facet normal 0 0.04906767432746046 -0.9987954562051702
    outer loop
      vertex -91.1 -0.21563770872503335 110.18940639867883
      vertex -86.1 0 110.2
      vertex -86.1 -0.21563770872503335 110.18940639867883
    endloop
  endfacet
  facet normal 0 -0.04906767432746046 0.9987954562051702
    outer loop
      vertex -91.1 0 105.8
      vertex -86.1 0 105.8
      vertex -91.1 0.21563770872503335 105.81059360132117
    endloop
  endfacet
  facet normal 0 -0.14673047445536055 0.989176509964781
    outer loop
      vertex -91.1 0.21563770872503335 105.81059360132117
      vertex -86.1 0.21563770872503335 105.81059360132117
      vertex -91.1 0.4291987084354822 105.8422723831129
    endloop
  endfacet
  facet normal 0 -0.24298017990323453 0.9700312531945513
    outer loop
      vertex -91.1 0.4291987084354822 105.8422723831129
      vertex -86.1 0.4291987084354822 105.8422723831129
      vertex -91.1 0.6386262899598172 105.89473126138914
    endloop
  endfacet
  facet normal 0 -0.3368898533922463 0.9415440651830114
    outer loop
      vertex -91.1 0.6386262899598172 105.89473126138914
      vertex -86.1 0.6386262899598172 105.89473126138914
      vertex -91.1 0.8419035512031976 105.96746502847517
    endloop
  endfacet
  facet normal 0 -0.42755509343026243 0.9039892931234526
    outer loop
      vertex -91.1 0.8419035512031976 105.96746502847517
      vertex -86.1 0.8419035512031976 105.96746502847517
      vertex -91.1 1.037072821017195 106.05977321843362
    endloop
  endfacet
  facet normal 0 -0.5141027441932396 0.8577286100002613
    outer loop
      vertex -91.1 1.037072821017195 106.05977321843362
      vertex -86.1 1.037072821017195 106.05977321843362
      vertex -91.1 1.2222545126431248 106.1707668529344
    endloop
  endfacet
  facet normal 0 -0.5956993044923954 0.8032075314806731
    outer loop
      vertex -91.1 1.2222545126431248 106.1707668529344
      vertex -86.1 1.2222545126431248 106.1707668529344
      vertex -91.1 1.3956652251600201 106.29937700260197
    endloop
  endfacet
  facet normal 0 -0.6715589548470251 0.7409511253549529
    outer loop
      vertex -91.1 1.3956652251600201 106.29937700260197
      vertex -86.1 1.3956652251600201 106.29937700260197
      vertex -91.1 1.5556349186104048 106.44436508138959
    endloop
  endfacet
  facet normal 0 -0.7409511253549759 0.671558954847
    outer loop
      vertex -91.1 1.5556349186104048 106.44436508138959
      vertex -86.1 1.5556349186104048 106.44436508138959
      vertex -91.1 1.7006229973980216 106.60433477483998
    endloop
  endfacet
  facet normal 0 -0.8032075314806493 0.5956993044924276
    outer loop
      vertex -91.1 1.7006229973980216 106.60433477483998
      vertex -86.1 1.7006229973980216 106.60433477483998
      vertex -91.1 1.8292331470655996 106.77774548735688
    endloop
  endfacet
  facet normal 0 -0.8577286100002697 0.5141027441932259
    outer loop
      vertex -91.1 1.8292331470655996 106.77774548735688
      vertex -86.1 1.8292331470655996 106.77774548735688
      vertex -91.1 1.9402267815663812 106.96292717898281
    endloop
  endfacet
  facet normal 0 -0.9039892931234356 0.42755509343029846
    outer loop
      vertex -91.1 1.9402267815663812 106.96292717898281
      vertex -86.1 1.9402267815663812 106.96292717898281
      vertex -91.1 2.032534971524831 107.1580964487968
    endloop
  endfacet
  facet normal 0 -0.9415440651830234 0.33688985339221256
    outer loop
      vertex -91.1 2.032534971524831 107.1580964487968
      vertex -86.1 2.032534971524831 107.1580964487968
      vertex -91.1 2.1052687386108597 107.36137371004018
    endloop
  endfacet
  facet normal 0 -0.9700312531945448 0.24298017990326043
    outer loop
      vertex -91.1 2.1052687386108597 107.36137371004018
      vertex -86.1 2.1052687386108597 107.36137371004018
      vertex -91.1 2.157727616887107 107.57080129156452
    endloop
  endfacet
  facet normal 0 -0.9891765099647811 0.1467304744553602
    outer loop
      vertex -91.1 2.157727616887107 107.57080129156452
      vertex -86.1 2.157727616887107 107.57080129156452
      vertex -91.1 2.1894063986788335 107.78436229127497
    endloop
  endfacet
  facet normal 0 -0.9987954562051723 0.049067674327418966
    outer loop
      vertex -91.1 2.1894063986788335 107.78436229127497
      vertex -86.1 2.1894063986788335 107.78436229127497
      vertex -91.1 2.2 108
    endloop
  endfacet
  facet normal 0 -0.9700312531945448 -0.24298017990326043
    outer loop
      vertex -91.1 2.157727616887107 108.42919870843548
      vertex -86.1 2.157727616887107 108.42919870843548
      vertex -91.1 2.1052687386108597 108.63862628995982
    endloop
  endfacet
  facet normal 0 -0.9987954562051723 -0.049067674327418966
    outer loop
      vertex -91.1 2.2 108
      vertex -86.1 2.2 108
      vertex -91.1 2.1894063986788335 108.21563770872503
    endloop
  endfacet
  facet normal 3.1859448834806045e-20 -0.9891765099647811 -0.1467304744553602
    outer loop
      vertex -91.1 2.157727616887107 108.42919870843548
      vertex -91.1 2.1894063986788335 108.21563770872503
      vertex -86.1 2.1894063986788335 108.21563770872503
    endloop
  endfacet
  facet normal 0 -0.04906767432746046 0.9987954562051702
    outer loop
      vertex -91.1 0.21563770872503335 105.81059360132117
      vertex -86.1 0 105.8
      vertex -86.1 0.21563770872503335 105.81059360132117
    endloop
  endfacet
  facet normal 0 -0.14673047445536055 0.989176509964781
    outer loop
      vertex -91.1 0.4291987084354822 105.8422723831129
      vertex -86.1 0.21563770872503335 105.81059360132117
      vertex -86.1 0.4291987084354822 105.8422723831129
    endloop
  endfacet
  facet normal 0 -0.24298017990323453 0.9700312531945513
    outer loop
      vertex -91.1 0.6386262899598172 105.89473126138914
      vertex -86.1 0.4291987084354822 105.8422723831129
      vertex -86.1 0.6386262899598172 105.89473126138914
    endloop
  endfacet
  facet normal 0 -0.3368898533922463 0.9415440651830114
    outer loop
      vertex -91.1 0.8419035512031976 105.96746502847517
      vertex -86.1 0.6386262899598172 105.89473126138914
      vertex -86.1 0.8419035512031976 105.96746502847517
    endloop
  endfacet
  facet normal 0 -0.42755509343026243 0.9039892931234526
    outer loop
      vertex -91.1 1.037072821017195 106.05977321843362
      vertex -86.1 0.8419035512031976 105.96746502847517
      vertex -86.1 1.037072821017195 106.05977321843362
    endloop
  endfacet
  facet normal 0 -0.5141027441932396 0.8577286100002613
    outer loop
      vertex -91.1 1.2222545126431248 106.1707668529344
      vertex -86.1 1.037072821017195 106.05977321843362
      vertex -86.1 1.2222545126431248 106.1707668529344
    endloop
  endfacet
  facet normal 0 -0.5956993044923954 0.8032075314806731
    outer loop
      vertex -91.1 1.3956652251600201 106.29937700260197
      vertex -86.1 1.2222545126431248 106.1707668529344
      vertex -86.1 1.3956652251600201 106.29937700260197
    endloop
  endfacet
  facet normal 0 -0.6715589548470251 0.7409511253549529
    outer loop
      vertex -91.1 1.5556349186104048 106.44436508138959
      vertex -86.1 1.3956652251600201 106.29937700260197
      vertex -86.1 1.5556349186104048 106.44436508138959
    endloop
  endfacet
  facet normal 0 -0.7409511253549759 0.671558954847
    outer loop
      vertex -91.1 1.7006229973980216 106.60433477483998
      vertex -86.1 1.5556349186104048 106.44436508138959
      vertex -86.1 1.7006229973980216 106.60433477483998
    endloop
  endfacet
  facet normal 0 -0.8032075314806493 0.5956993044924276
    outer loop
      vertex -91.1 1.8292331470655996 106.77774548735688
      vertex -86.1 1.7006229973980216 106.60433477483998
      vertex -86.1 1.8292331470655996 106.77774548735688
    endloop
  endfacet
  facet normal 0 -0.8577286100002697 0.5141027441932259
    outer loop
      vertex -91.1 1.9402267815663812 106.96292717898281
      vertex -86.1 1.8292331470655996 106.77774548735688
      vertex -86.1 1.9402267815663812 106.96292717898281
    endloop
  endfacet
  facet normal 0 -0.9039892931234356 0.42755509343029846
    outer loop
      vertex -91.1 2.032534971524831 107.1580964487968
      vertex -86.1 1.9402267815663812 106.96292717898281
      vertex -86.1 2.032534971524831 107.1580964487968
    endloop
  endfacet
  facet normal 0 -0.9415440651830234 0.33688985339221256
    outer loop
      vertex -91.1 2.1052687386108597 107.36137371004018
      vertex -86.1 2.032534971524831 107.1580964487968
      vertex -86.1 2.1052687386108597 107.36137371004018
    endloop
  endfacet
  facet normal 0 -0.9700312531945448 0.24298017990326043
    outer loop
      vertex -91.1 2.157727616887107 107.57080129156452
      vertex -86.1 2.1052687386108597 107.36137371004018
      vertex -86.1 2.157727616887107 107.57080129156452
    endloop
  endfacet
  facet normal -3.1859448834806045e-20 -0.9891765099647811 0.1467304744553602
    outer loop
      vertex -86.1 2.157727616887107 107.57080129156452
      vertex -86.1 2.1894063986788335 107.78436229127497
      vertex -91.1 2.1894063986788335 107.78436229127497
    endloop
  endfacet
  facet normal 0 -0.9987954562051723 0.049067674327418966
    outer loop
      vertex -91.1 2.2 108
      vertex -86.1 2.1894063986788335 107.78436229127497
      vertex -86.1 2.2 108
    endloop
  endfacet
  facet normal -2.5567675104608267e-20 -0.9700312531945448 -0.24298017990326043
    outer loop
      vertex -86.1 2.157727616887107 108.42919870843548
      vertex -86.1 2.1052687386108597 108.63862628995982
      vertex -91.1 2.1052687386108597 108.63862628995982
    endloop
  endfacet
  facet normal 0 -0.9987954562051723 -0.049067674327418966
    outer loop
      vertex -91.1 2.1894063986788335 108.21563770872503
      vertex -86.1 2.2 108
      vertex -86.1 2.1894063986788335 108.21563770872503
    endloop
  endfacet
  facet normal 0 -0.9891765099647811 -0.1467304744553602
    outer loop
      vertex -91.1 2.157727616887107 108.42919870843548
      vertex -86.1 2.1894063986788335 108.21563770872503
      vertex -86.1 2.157727616887107 108.42919870843548
    endloop
  endfacet
  facet normal 7.44101122524188e-20 -0.04906767432746046 -0.9987954562051702
    outer loop
      vertex -91.1 0 110.2
      vertex -91.1 0.21563770872503335 110.18940639867883
      vertex -86.1 0.21563770872503335 110.18940639867883
    endloop
  endfacet
  facet normal 1.1182473736916267e-19 -0.14673047445536055 -0.989176509964781
    outer loop
      vertex -91.1 0.21563770872503335 110.18940639867883
      vertex -91.1 0.4291987084354822 110.1577276168871
      vertex -86.1 0.4291987084354822 110.1577276168871
    endloop
  endfacet
  facet normal -3.2317763034297753e-19 -0.24298017990323453 -0.9700312531945513
    outer loop
      vertex -91.1 0.4291987084354822 110.1577276168871
      vertex -91.1 0.6386262899598172 110.10526873861086
      vertex -86.1 0.6386262899598172 110.10526873861086
    endloop
  endfacet
  facet normal 4.1139380972823294e-19 -0.3368898533922463 -0.9415440651830114
    outer loop
      vertex -91.1 0.6386262899598172 110.10526873861086
      vertex -91.1 0.8419035512031976 110.03253497152483
      vertex -86.1 0.8419035512031976 110.03253497152483
    endloop
  endfacet
  facet normal -1.117912369741409e-18 -0.5956993044923954 -0.8032075314806731
    outer loop
      vertex -91.1 1.2222545126431248 109.8292331470656
      vertex -91.1 1.3956652251600201 109.70062299739803
      vertex -86.1 1.3956652251600201 109.70062299739803
    endloop
  endfacet
  facet normal -5.388695794250441e-20 -0.6715589548470251 -0.7409511253549529
    outer loop
      vertex -91.1 1.3956652251600201 109.70062299739803
      vertex -91.1 1.5556349186104048 109.55563491861041
      vertex -86.1 1.5556349186104048 109.55563491861041
    endloop
  endfacet
  facet normal 1.1705387436212037e-18 -0.42755509343026243 -0.9039892931234526
    outer loop
      vertex -91.1 0.8419035512031976 110.03253497152483
      vertex -91.1 1.037072821017195 109.94022678156638
      vertex -86.1 1.037072821017195 109.94022678156638
    endloop
  endfacet
  facet normal 2.275415446767775e-19 -0.5141027441932396 -0.8577286100002613
    outer loop
      vertex -91.1 1.037072821017195 109.94022678156638
      vertex -91.1 1.2222545126431248 109.8292331470656
      vertex -86.1 1.2222545126431248 109.8292331470656
    endloop
  endfacet
  facet normal 1.5651675889531384e-18 -0.8577286100002697 -0.5141027441932259
    outer loop
      vertex -91.1 1.8292331470655996 109.22225451264312
      vertex -91.1 1.9402267815663812 109.03707282101719
      vertex -86.1 1.9402267815663812 109.03707282101719
    endloop
  endfacet
  facet normal 9.793679898335106e-19 -0.7409511253549759 -0.671558954847
    outer loop
      vertex -91.1 1.5556349186104048 109.55563491861041
      vertex -91.1 1.7006229973980216 109.39566522516002
      vertex -86.1 1.7006229973980216 109.39566522516002
    endloop
  endfacet
  facet normal 0 -0.8032075314806493 -0.5956993044924276
    outer loop
      vertex -91.1 1.8292331470655996 109.22225451264312
      vertex -86.1 1.8292331470655996 109.22225451264312
      vertex -91.1 1.7006229973980216 109.39566522516002
    endloop
  endfacet
  facet normal 0 -0.9039892931234356 -0.42755509343029846
    outer loop
      vertex -91.1 2.032534971524831 108.8419035512032
      vertex -86.1 2.032534971524831 108.8419035512032
      vertex -91.1 1.9402267815663812 109.03707282101719
    endloop
  endfacet
  facet normal 8.621957780817413e-20 -0.9415440651830234 -0.33688985339221256
    outer loop
      vertex -91.1 2.032534971524831 108.8419035512032
      vertex -91.1 2.1052687386108597 108.63862628995982
      vertex -86.1 2.1052687386108597 108.63862628995982
    endloop
  endfacet
  facet normal 0 -0.04906767432746046 -0.9987954562051702
    outer loop
      vertex -91.1 0 110.2
      vertex -86.1 0.21563770872503335 110.18940639867883
      vertex -86.1 0 110.2
    endloop
  endfacet
  facet normal 0 -0.14673047445536055 -0.989176509964781
    outer loop
      vertex -91.1 0.21563770872503335 110.18940639867883
      vertex -86.1 0.4291987084354822 110.1577276168871
      vertex -86.1 0.21563770872503335 110.18940639867883
    endloop
  endfacet
  facet normal 0 -0.24298017990323453 -0.9700312531945513
    outer loop
      vertex -91.1 0.4291987084354822 110.1577276168871
      vertex -86.1 0.6386262899598172 110.10526873861086
      vertex -86.1 0.4291987084354822 110.1577276168871
    endloop
  endfacet
  facet normal 0 -0.3368898533922463 -0.9415440651830114
    outer loop
      vertex -91.1 0.6386262899598172 110.10526873861086
      vertex -86.1 0.8419035512031976 110.03253497152483
      vertex -86.1 0.6386262899598172 110.10526873861086
    endloop
  endfacet
  facet normal 0 -0.5956993044923954 -0.8032075314806731
    outer loop
      vertex -91.1 1.2222545126431248 109.8292331470656
      vertex -86.1 1.3956652251600201 109.70062299739803
      vertex -86.1 1.2222545126431248 109.8292331470656
    endloop
  endfacet
  facet normal 0 -0.6715589548470251 -0.7409511253549529
    outer loop
      vertex -91.1 1.3956652251600201 109.70062299739803
      vertex -86.1 1.5556349186104048 109.55563491861041
      vertex -86.1 1.3956652251600201 109.70062299739803
    endloop
  endfacet
  facet normal 0 -0.42755509343026243 -0.9039892931234526
    outer loop
      vertex -91.1 0.8419035512031976 110.03253497152483
      vertex -86.1 1.037072821017195 109.94022678156638
      vertex -86.1 0.8419035512031976 110.03253497152483
    endloop
  endfacet
  facet normal 0 -0.5141027441932396 -0.8577286100002613
    outer loop
      vertex -91.1 1.037072821017195 109.94022678156638
      vertex -86.1 1.2222545126431248 109.8292331470656
      vertex -86.1 1.037072821017195 109.94022678156638
    endloop
  endfacet
  facet normal 0 -0.8577286100002697 -0.5141027441932259
    outer loop
      vertex -91.1 1.8292331470655996 109.22225451264312
      vertex -86.1 1.9402267815663812 109.03707282101719
      vertex -86.1 1.8292331470655996 109.22225451264312
    endloop
  endfacet
  facet normal 0 -0.7409511253549759 -0.671558954847
    outer loop
      vertex -91.1 1.5556349186104048 109.55563491861041
      vertex -86.1 1.7006229973980216 109.39566522516002
      vertex -86.1 1.5556349186104048 109.55563491861041
    endloop
  endfacet
  facet normal 0 -0.8032075314806493 -0.5956993044924276
    outer loop
      vertex -91.1 1.7006229973980216 109.39566522516002
      vertex -86.1 1.8292331470655996 109.22225451264312
      vertex -86.1 1.7006229973980216 109.39566522516002
    endloop
  endfacet
  facet normal 0 -0.9415440651830234 -0.33688985339221256
    outer loop
      vertex -91.1 2.032534971524831 108.8419035512032
      vertex -86.1 2.1052687386108597 108.63862628995982
      vertex -86.1 2.032534971524831 108.8419035512032
    endloop
  endfacet
  facet normal 0 -0.9039892931234356 -0.42755509343029846
    outer loop
      vertex -91.1 1.9402267815663812 109.03707282101719
      vertex -86.1 2.032534971524831 108.8419035512032
      vertex -86.1 1.9402267815663812 109.03707282101719
    endloop
  endfacet
  facet normal 0 0.9415440651830234 0.33688985339221256
    outer loop
      vertex 86.1 -2.1052687386108597 107.36137371004018
      vertex 91.1 -2.1052687386108597 107.36137371004018
      vertex 86.1 -2.032534971524831 107.1580964487968
    endloop
  endfacet
  facet normal 6.410350542191652e-19 0.9039892931234356 0.42755509343029846
    outer loop
      vertex 86.1 -1.9402267815663812 106.96292717898281
      vertex 86.1 -2.032534971524831 107.1580964487968
      vertex 91.1 -2.032534971524831 107.1580964487968
    endloop
  endfacet
  facet normal -5.216866387408621e-19 0.8032075314806493 0.5956993044924276
    outer loop
      vertex 86.1 -1.7006229973980216 106.60433477483998
      vertex 86.1 -1.8292331470655996 106.77774548735688
      vertex 91.1 -1.8292331470655996 106.77774548735688
    endloop
  endfacet
  facet normal 0 0.7409511253549759 0.671558954847
    outer loop
      vertex 86.1 -1.7006229973980216 106.60433477483998
      vertex 91.1 -1.7006229973980216 106.60433477483998
      vertex 86.1 -1.5556349186104048 106.44436508138959
    endloop
  endfacet
  facet normal 0 0.8577286100002697 0.5141027441932259
    outer loop
      vertex 86.1 -1.9402267815663812 106.96292717898281
      vertex 91.1 -1.9402267815663812 106.96292717898281
      vertex 86.1 -1.8292331470655996 106.77774548735688
    endloop
  endfacet
  facet normal 0 0.9891765099647811 0.1467304744553602
    outer loop
      vertex 86.1 -2.1894063986788335 107.78436229127497
      vertex 91.1 -2.1894063986788335 107.78436229127497
      vertex 86.1 -2.157727616887107 107.57080129156452
    endloop
  endfacet
  facet normal 1.8805274933630582e-19 0.9987954562051723 0.049067674327418966
    outer loop
      vertex 86.1 -2.1894063986788335 107.78436229127497
      vertex 86.1 -2.2 108
      vertex 91.1 -2.2 108
    endloop
  endfacet
  facet normal -2.5567675104608267e-20 0.9700312531945448 0.24298017990326043
    outer loop
      vertex 86.1 -2.1052687386108597 107.36137371004018
      vertex 86.1 -2.157727616887107 107.57080129156452
      vertex 91.1 -2.157727616887107 107.57080129156452
    endloop
  endfacet
  facet normal -1.8805274933630582e-19 0.9987954562051723 -0.049067674327418966
    outer loop
      vertex 86.1 -2.2 108
      vertex 86.1 -2.1894063986788335 108.21563770872503
      vertex 91.1 -2.1894063986788335 108.21563770872503
    endloop
  endfacet
  facet normal -3.1859448834806045e-20 0.9891765099647811 -0.1467304744553602
    outer loop
      vertex 86.1 -2.1894063986788335 108.21563770872503
      vertex 86.1 -2.157727616887107 108.42919870843548
      vertex 91.1 -2.157727616887107 108.42919870843548
    endloop
  endfacet
  facet normal 2.5567675104608267e-20 0.9700312531945448 -0.24298017990326043
    outer loop
      vertex 86.1 -2.157727616887107 108.42919870843548
      vertex 86.1 -2.1052687386108597 108.63862628995982
      vertex 91.1 -2.1052687386108597 108.63862628995982
    endloop
  endfacet
  facet normal 0 0.5141027441932396 0.8577286100002613
    outer loop
      vertex 86.1 -1.2222545126431248 106.1707668529344
      vertex 91.1 -1.2222545126431248 106.1707668529344
      vertex 86.1 -1.037072821017195 106.05977321843362
    endloop
  endfacet
  facet normal 0 0.42755509343026243 0.9039892931234526
    outer loop
      vertex 86.1 -1.037072821017195 106.05977321843362
      vertex 91.1 -1.037072821017195 106.05977321843362
      vertex 86.1 -0.8419035512031976 105.96746502847517
    endloop
  endfacet
  facet normal 0 0.3368898533922463 0.9415440651830114
    outer loop
      vertex 86.1 -0.8419035512031976 105.96746502847517
      vertex 91.1 -0.8419035512031976 105.96746502847517
      vertex 86.1 -0.6386262899598172 105.89473126138914
    endloop
  endfacet
  facet normal 0 0.24298017990323453 0.9700312531945513
    outer loop
      vertex 86.1 -0.6386262899598172 105.89473126138914
      vertex 91.1 -0.6386262899598172 105.89473126138914
      vertex 86.1 -0.4291987084354822 105.8422723831129
    endloop
  endfacet
  facet normal 0 0.14673047445536055 0.989176509964781
    outer loop
      vertex 86.1 -0.4291987084354822 105.8422723831129
      vertex 91.1 -0.4291987084354822 105.8422723831129
      vertex 86.1 -0.21563770872503335 105.81059360132117
    endloop
  endfacet
  facet normal 0 0.04906767432746046 0.9987954562051702
    outer loop
      vertex 86.1 -0.21563770872503335 105.81059360132117
      vertex 91.1 -0.21563770872503335 105.81059360132117
      vertex 86.1 0 105.8
    endloop
  endfacet
  facet normal 0 0.6715589548470251 0.7409511253549529
    outer loop
      vertex 86.1 -1.5556349186104048 106.44436508138959
      vertex 91.1 -1.5556349186104048 106.44436508138959
      vertex 86.1 -1.3956652251600201 106.29937700260197
    endloop
  endfacet
  facet normal 0 0.5956993044923954 0.8032075314806731
    outer loop
      vertex 86.1 -1.3956652251600201 106.29937700260197
      vertex 91.1 -1.3956652251600201 106.29937700260197
      vertex 86.1 -1.2222545126431248 106.1707668529344
    endloop
  endfacet
  facet normal 0 0.9039892931234356 0.42755509343029846
    outer loop
      vertex 86.1 -1.9402267815663812 106.96292717898281
      vertex 91.1 -2.032534971524831 107.1580964487968
      vertex 91.1 -1.9402267815663812 106.96292717898281
    endloop
  endfacet
  facet normal 0 0.9415440651830234 0.33688985339221256
    outer loop
      vertex 86.1 -2.032534971524831 107.1580964487968
      vertex 91.1 -2.1052687386108597 107.36137371004018
      vertex 91.1 -2.032534971524831 107.1580964487968
    endloop
  endfacet
  facet normal 0 0.8032075314806493 0.5956993044924276
    outer loop
      vertex 86.1 -1.7006229973980216 106.60433477483998
      vertex 91.1 -1.8292331470655996 106.77774548735688
      vertex 91.1 -1.7006229973980216 106.60433477483998
    endloop
  endfacet
  facet normal 0 0.7409511253549759 0.671558954847
    outer loop
      vertex 86.1 -1.5556349186104048 106.44436508138959
      vertex 91.1 -1.7006229973980216 106.60433477483998
      vertex 91.1 -1.5556349186104048 106.44436508138959
    endloop
  endfacet
  facet normal 0 0.8577286100002697 0.5141027441932259
    outer loop
      vertex 86.1 -1.8292331470655996 106.77774548735688
      vertex 91.1 -1.9402267815663812 106.96292717898281
      vertex 91.1 -1.8292331470655996 106.77774548735688
    endloop
  endfacet
  facet normal 3.1859448834806045e-20 0.9891765099647811 0.1467304744553602
    outer loop
      vertex 91.1 -2.1894063986788335 107.78436229127497
      vertex 91.1 -2.157727616887107 107.57080129156452
      vertex 86.1 -2.157727616887107 107.57080129156452
    endloop
  endfacet
  facet normal 0 0.9987954562051723 0.049067674327418966
    outer loop
      vertex 86.1 -2.1894063986788335 107.78436229127497
      vertex 91.1 -2.2 108
      vertex 91.1 -2.1894063986788335 107.78436229127497
    endloop
  endfacet
  facet normal 0 0.9700312531945448 0.24298017990326043
    outer loop
      vertex 86.1 -2.1052687386108597 107.36137371004018
      vertex 91.1 -2.157727616887107 107.57080129156452
      vertex 91.1 -2.1052687386108597 107.36137371004018
    endloop
  endfacet
  facet normal 0 0.9987954562051723 -0.049067674327418966
    outer loop
      vertex 86.1 -2.2 108
      vertex 91.1 -2.1894063986788335 108.21563770872503
      vertex 91.1 -2.2 108
    endloop
  endfacet
  facet normal 0 0.9891765099647811 -0.1467304744553602
    outer loop
      vertex 86.1 -2.1894063986788335 108.21563770872503
      vertex 91.1 -2.157727616887107 108.42919870843548
      vertex 91.1 -2.1894063986788335 108.21563770872503
    endloop
  endfacet
  facet normal 0 0.9700312531945448 -0.24298017990326043
    outer loop
      vertex 86.1 -2.157727616887107 108.42919870843548
      vertex 91.1 -2.1052687386108597 108.63862628995982
      vertex 91.1 -2.157727616887107 108.42919870843548
    endloop
  endfacet
  facet normal 0 0.5141027441932396 0.8577286100002613
    outer loop
      vertex 86.1 -1.037072821017195 106.05977321843362
      vertex 91.1 -1.2222545126431248 106.1707668529344
      vertex 91.1 -1.037072821017195 106.05977321843362
    endloop
  endfacet
  facet normal 0 0.42755509343026243 0.9039892931234526
    outer loop
      vertex 86.1 -0.8419035512031976 105.96746502847517
      vertex 91.1 -1.037072821017195 106.05977321843362
      vertex 91.1 -0.8419035512031976 105.96746502847517
    endloop
  endfacet
  facet normal 0 0.3368898533922463 0.9415440651830114
    outer loop
      vertex 86.1 -0.6386262899598172 105.89473126138914
      vertex 91.1 -0.8419035512031976 105.96746502847517
      vertex 91.1 -0.6386262899598172 105.89473126138914
    endloop
  endfacet
  facet normal 0 0.24298017990323453 0.9700312531945513
    outer loop
      vertex 86.1 -0.4291987084354822 105.8422723831129
      vertex 91.1 -0.6386262899598172 105.89473126138914
      vertex 91.1 -0.4291987084354822 105.8422723831129
    endloop
  endfacet
  facet normal 0 0.14673047445536055 0.989176509964781
    outer loop
      vertex 86.1 -0.21563770872503335 105.81059360132117
      vertex 91.1 -0.4291987084354822 105.8422723831129
      vertex 91.1 -0.21563770872503335 105.81059360132117
    endloop
  endfacet
  facet normal 7.44101122524188e-20 0.04906767432746046 0.9987954562051702
    outer loop
      vertex 91.1 -0.21563770872503335 105.81059360132117
      vertex 91.1 0 105.8
      vertex 86.1 0 105.8
    endloop
  endfacet
  facet normal 0 0.6715589548470251 0.7409511253549529
    outer loop
      vertex 86.1 -1.3956652251600201 106.29937700260197
      vertex 91.1 -1.5556349186104048 106.44436508138959
      vertex 91.1 -1.3956652251600201 106.29937700260197
    endloop
  endfacet
  facet normal 0 0.5956993044923954 0.8032075314806731
    outer loop
      vertex 86.1 -1.2222545126431248 106.1707668529344
      vertex 91.1 -1.3956652251600201 106.29937700260197
      vertex 91.1 -1.2222545126431248 106.1707668529344
    endloop
  endfacet
  facet normal -8.621957780817413e-20 0.9415440651830234 -0.33688985339221256
    outer loop
      vertex 86.1 -2.1052687386108597 108.63862628995982
      vertex 86.1 -2.032534971524831 108.8419035512032
      vertex 91.1 -2.032534971524831 108.8419035512032
    endloop
  endfacet
  facet normal -6.410350542191652e-19 0.9039892931234356 -0.42755509343029846
    outer loop
      vertex 86.1 -2.032534971524831 108.8419035512032
      vertex 86.1 -1.9402267815663812 109.03707282101719
      vertex 91.1 -1.9402267815663812 109.03707282101719
    endloop
  endfacet
  facet normal -1.5651675889531384e-18 0.8577286100002697 -0.5141027441932259
    outer loop
      vertex 86.1 -1.9402267815663812 109.03707282101719
      vertex 86.1 -1.8292331470655996 109.22225451264312
      vertex 91.1 -1.8292331470655996 109.22225451264312
    endloop
  endfacet
  facet normal 5.216866387408621e-19 0.8032075314806493 -0.5956993044924276
    outer loop
      vertex 86.1 -1.8292331470655996 109.22225451264312
      vertex 86.1 -1.7006229973980216 109.39566522516002
      vertex 91.1 -1.7006229973980216 109.39566522516002
    endloop
  endfacet
  facet normal -9.793679898335106e-19 0.7409511253549759 -0.671558954847
    outer loop
      vertex 86.1 -1.7006229973980216 109.39566522516002
      vertex 86.1 -1.5556349186104048 109.55563491861041
      vertex 91.1 -1.5556349186104048 109.55563491861041
    endloop
  endfacet
  facet normal 5.388695794250441e-20 0.6715589548470251 -0.7409511253549529
    outer loop
      vertex 86.1 -1.5556349186104048 109.55563491861041
      vertex 86.1 -1.3956652251600201 109.70062299739803
      vertex 91.1 -1.3956652251600201 109.70062299739803
    endloop
  endfacet
  facet normal 1.117912369741409e-18 0.5956993044923954 -0.8032075314806731
    outer loop
      vertex 86.1 -1.3956652251600201 109.70062299739803
      vertex 86.1 -1.2222545126431248 109.8292331470656
      vertex 91.1 -1.2222545126431248 109.8292331470656
    endloop
  endfacet
  facet normal -2.275415446767775e-19 0.5141027441932396 -0.8577286100002613
    outer loop
      vertex 86.1 -1.2222545126431248 109.8292331470656
      vertex 86.1 -1.037072821017195 109.94022678156638
      vertex 91.1 -1.037072821017195 109.94022678156638
    endloop
  endfacet
  facet normal -1.1705387436212037e-18 0.42755509343026243 -0.9039892931234526
    outer loop
      vertex 86.1 -1.037072821017195 109.94022678156638
      vertex 86.1 -0.8419035512031976 110.03253497152483
      vertex 91.1 -0.8419035512031976 110.03253497152483
    endloop
  endfacet
  facet normal -4.1139380972823294e-19 0.3368898533922463 -0.9415440651830114
    outer loop
      vertex 86.1 -0.8419035512031976 110.03253497152483
      vertex 86.1 -0.6386262899598172 110.10526873861086
      vertex 91.1 -0.6386262899598172 110.10526873861086
    endloop
  endfacet
  facet normal 3.2317763034297753e-19 0.24298017990323453 -0.9700312531945513
    outer loop
      vertex 86.1 -0.6386262899598172 110.10526873861086
      vertex 86.1 -0.4291987084354822 110.1577276168871
      vertex 91.1 -0.4291987084354822 110.1577276168871
    endloop
  endfacet
  facet normal -1.1182473736916267e-19 0.14673047445536055 -0.989176509964781
    outer loop
      vertex 86.1 -0.4291987084354822 110.1577276168871
      vertex 86.1 -0.21563770872503335 110.18940639867883
      vertex 91.1 -0.21563770872503335 110.18940639867883
    endloop
  endfacet
  facet normal -7.44101122524188e-20 0.04906767432746046 -0.9987954562051702
    outer loop
      vertex 86.1 -0.21563770872503335 110.18940639867883
      vertex 86.1 0 110.2
      vertex 91.1 0 110.2
    endloop
  endfacet
  facet normal 0 0.9415440651830234 -0.33688985339221256
    outer loop
      vertex 86.1 -2.1052687386108597 108.63862628995982
      vertex 91.1 -2.032534971524831 108.8419035512032
      vertex 91.1 -2.1052687386108597 108.63862628995982
    endloop
  endfacet
  facet normal 0 0.9039892931234356 -0.42755509343029846
    outer loop
      vertex 86.1 -2.032534971524831 108.8419035512032
      vertex 91.1 -1.9402267815663812 109.03707282101719
      vertex 91.1 -2.032534971524831 108.8419035512032
    endloop
  endfacet
  facet normal 0 0.8577286100002697 -0.5141027441932259
    outer loop
      vertex 86.1 -1.9402267815663812 109.03707282101719
      vertex 91.1 -1.8292331470655996 109.22225451264312
      vertex 91.1 -1.9402267815663812 109.03707282101719
    endloop
  endfacet
  facet normal 0 0.8032075314806493 -0.5956993044924276
    outer loop
      vertex 86.1 -1.8292331470655996 109.22225451264312
      vertex 91.1 -1.7006229973980216 109.39566522516002
      vertex 91.1 -1.8292331470655996 109.22225451264312
    endloop
  endfacet
  facet normal 0 0.7409511253549759 -0.671558954847
    outer loop
      vertex 86.1 -1.7006229973980216 109.39566522516002
      vertex 91.1 -1.5556349186104048 109.55563491861041
      vertex 91.1 -1.7006229973980216 109.39566522516002
    endloop
  endfacet
  facet normal 0 0.6715589548470251 -0.7409511253549529
    outer loop
      vertex 86.1 -1.5556349186104048 109.55563491861041
      vertex 91.1 -1.3956652251600201 109.70062299739803
      vertex 91.1 -1.5556349186104048 109.55563491861041
    endloop
  endfacet
  facet normal 0 0.5956993044923954 -0.8032075314806731
    outer loop
      vertex 86.1 -1.3956652251600201 109.70062299739803
      vertex 91.1 -1.2222545126431248 109.8292331470656
      vertex 91.1 -1.3956652251600201 109.70062299739803
    endloop
  endfacet
  facet normal 0 0.5141027441932396 -0.8577286100002613
    outer loop
      vertex 86.1 -1.2222545126431248 109.8292331470656
      vertex 91.1 -1.037072821017195 109.94022678156638
      vertex 91.1 -1.2222545126431248 109.8292331470656
    endloop
  endfacet
  facet normal 0 0.42755509343026243 -0.9039892931234526
    outer loop
      vertex 86.1 -1.037072821017195 109.94022678156638
      vertex 91.1 -0.8419035512031976 110.03253497152483
      vertex 91.1 -1.037072821017195 109.94022678156638
    endloop
  endfacet
  facet normal 0 0.3368898533922463 -0.9415440651830114
    outer loop
      vertex 86.1 -0.8419035512031976 110.03253497152483
      vertex 91.1 -0.6386262899598172 110.10526873861086
      vertex 91.1 -0.8419035512031976 110.03253497152483
    endloop
  endfacet
  facet normal 0 0.24298017990323453 -0.9700312531945513
    outer loop
      vertex 86.1 -0.6386262899598172 110.10526873861086
      vertex 91.1 -0.4291987084354822 110.1577276168871
      vertex 91.1 -0.6386262899598172 110.10526873861086
    endloop
  endfacet
  facet normal 0 0.14673047445536055 -0.989176509964781
    outer loop
      vertex 86.1 -0.4291987084354822 110.1577276168871
      vertex 91.1 -0.21563770872503335 110.18940639867883
      vertex 91.1 -0.4291987084354822 110.1577276168871
    endloop
  endfacet
  facet normal 0 0.04906767432746046 -0.9987954562051702
    outer loop
      vertex 86.1 -0.21563770872503335 110.18940639867883
      vertex 91.1 0 110.2
      vertex 91.1 -0.21563770872503335 110.18940639867883
    endloop
  endfacet
  facet normal 0 -0.04906767432746046 0.9987954562051702
    outer loop
      vertex 86.1 0 105.8
      vertex 91.1 0 105.8
      vertex 86.1 0.21563770872503335 105.81059360132117
    endloop
  endfacet
  facet normal 0 -0.14673047445536055 0.989176509964781
    outer loop
      vertex 86.1 0.21563770872503335 105.81059360132117
      vertex 91.1 0.21563770872503335 105.81059360132117
      vertex 86.1 0.4291987084354822 105.8422723831129
    endloop
  endfacet
  facet normal 0 -0.24298017990323453 0.9700312531945513
    outer loop
      vertex 86.1 0.4291987084354822 105.8422723831129
      vertex 91.1 0.4291987084354822 105.8422723831129
      vertex 86.1 0.6386262899598172 105.89473126138914
    endloop
  endfacet
  facet normal 0 -0.3368898533922463 0.9415440651830114
    outer loop
      vertex 86.1 0.6386262899598172 105.89473126138914
      vertex 91.1 0.6386262899598172 105.89473126138914
      vertex 86.1 0.8419035512031976 105.96746502847517
    endloop
  endfacet
  facet normal 0 -0.42755509343026243 0.9039892931234526
    outer loop
      vertex 86.1 0.8419035512031976 105.96746502847517
      vertex 91.1 0.8419035512031976 105.96746502847517
      vertex 86.1 1.037072821017195 106.05977321843362
    endloop
  endfacet
  facet normal 0 -0.5141027441932396 0.8577286100002613
    outer loop
      vertex 86.1 1.037072821017195 106.05977321843362
      vertex 91.1 1.037072821017195 106.05977321843362
      vertex 86.1 1.2222545126431248 106.1707668529344
    endloop
  endfacet
  facet normal 0 -0.5956993044923954 0.8032075314806731
    outer loop
      vertex 86.1 1.2222545126431248 106.1707668529344
      vertex 91.1 1.2222545126431248 106.1707668529344
      vertex 86.1 1.3956652251600201 106.29937700260197
    endloop
  endfacet
  facet normal 0 -0.6715589548470251 0.7409511253549529
    outer loop
      vertex 86.1 1.3956652251600201 106.29937700260197
      vertex 91.1 1.3956652251600201 106.29937700260197
      vertex 86.1 1.5556349186104048 106.44436508138959
    endloop
  endfacet
  facet normal 0 -0.7409511253549759 0.671558954847
    outer loop
      vertex 86.1 1.5556349186104048 106.44436508138959
      vertex 91.1 1.5556349186104048 106.44436508138959
      vertex 86.1 1.7006229973980216 106.60433477483998
    endloop
  endfacet
  facet normal 0 -0.8032075314806493 0.5956993044924276
    outer loop
      vertex 86.1 1.7006229973980216 106.60433477483998
      vertex 91.1 1.7006229973980216 106.60433477483998
      vertex 86.1 1.8292331470655996 106.77774548735688
    endloop
  endfacet
  facet normal 0 -0.8577286100002697 0.5141027441932259
    outer loop
      vertex 86.1 1.8292331470655996 106.77774548735688
      vertex 91.1 1.8292331470655996 106.77774548735688
      vertex 86.1 1.9402267815663812 106.96292717898281
    endloop
  endfacet
  facet normal 0 -0.9039892931234356 0.42755509343029846
    outer loop
      vertex 86.1 1.9402267815663812 106.96292717898281
      vertex 91.1 1.9402267815663812 106.96292717898281
      vertex 86.1 2.032534971524831 107.1580964487968
    endloop
  endfacet
  facet normal 0 -0.9415440651830234 0.33688985339221256
    outer loop
      vertex 86.1 2.032534971524831 107.1580964487968
      vertex 91.1 2.032534971524831 107.1580964487968
      vertex 86.1 2.1052687386108597 107.36137371004018
    endloop
  endfacet
  facet normal 0 -0.9700312531945448 0.24298017990326043
    outer loop
      vertex 86.1 2.1052687386108597 107.36137371004018
      vertex 91.1 2.1052687386108597 107.36137371004018
      vertex 86.1 2.157727616887107 107.57080129156452
    endloop
  endfacet
  facet normal 0 -0.9891765099647811 0.1467304744553602
    outer loop
      vertex 86.1 2.157727616887107 107.57080129156452
      vertex 91.1 2.157727616887107 107.57080129156452
      vertex 86.1 2.1894063986788335 107.78436229127497
    endloop
  endfacet
  facet normal 0 -0.9987954562051723 0.049067674327418966
    outer loop
      vertex 86.1 2.1894063986788335 107.78436229127497
      vertex 91.1 2.1894063986788335 107.78436229127497
      vertex 86.1 2.2 108
    endloop
  endfacet
  facet normal 0 -0.9700312531945448 -0.24298017990326043
    outer loop
      vertex 86.1 2.157727616887107 108.42919870843548
      vertex 91.1 2.157727616887107 108.42919870843548
      vertex 86.1 2.1052687386108597 108.63862628995982
    endloop
  endfacet
  facet normal 0 -0.9987954562051723 -0.049067674327418966
    outer loop
      vertex 86.1 2.2 108
      vertex 91.1 2.2 108
      vertex 86.1 2.1894063986788335 108.21563770872503
    endloop
  endfacet
  facet normal 3.1859448834806045e-20 -0.9891765099647811 -0.1467304744553602
    outer loop
      vertex 86.1 2.157727616887107 108.42919870843548
      vertex 86.1 2.1894063986788335 108.21563770872503
      vertex 91.1 2.1894063986788335 108.21563770872503
    endloop
  endfacet
  facet normal 0 -0.04906767432746046 0.9987954562051702
    outer loop
      vertex 86.1 0.21563770872503335 105.81059360132117
      vertex 91.1 0 105.8
      vertex 91.1 0.21563770872503335 105.81059360132117
    endloop
  endfacet
  facet normal 0 -0.14673047445536055 0.989176509964781
    outer loop
      vertex 86.1 0.4291987084354822 105.8422723831129
      vertex 91.1 0.21563770872503335 105.81059360132117
      vertex 91.1 0.4291987084354822 105.8422723831129
    endloop
  endfacet
  facet normal 0 -0.24298017990323453 0.9700312531945513
    outer loop
      vertex 86.1 0.6386262899598172 105.89473126138914
      vertex 91.1 0.4291987084354822 105.8422723831129
      vertex 91.1 0.6386262899598172 105.89473126138914
    endloop
  endfacet
  facet normal 0 -0.3368898533922463 0.9415440651830114
    outer loop
      vertex 86.1 0.8419035512031976 105.96746502847517
      vertex 91.1 0.6386262899598172 105.89473126138914
      vertex 91.1 0.8419035512031976 105.96746502847517
    endloop
  endfacet
  facet normal 0 -0.42755509343026243 0.9039892931234526
    outer loop
      vertex 86.1 1.037072821017195 106.05977321843362
      vertex 91.1 0.8419035512031976 105.96746502847517
      vertex 91.1 1.037072821017195 106.05977321843362
    endloop
  endfacet
  facet normal 0 -0.5141027441932396 0.8577286100002613
    outer loop
      vertex 86.1 1.2222545126431248 106.1707668529344
      vertex 91.1 1.037072821017195 106.05977321843362
      vertex 91.1 1.2222545126431248 106.1707668529344
    endloop
  endfacet
  facet normal 0 -0.5956993044923954 0.8032075314806731
    outer loop
      vertex 86.1 1.3956652251600201 106.29937700260197
      vertex 91.1 1.2222545126431248 106.1707668529344
      vertex 91.1 1.3956652251600201 106.29937700260197
    endloop
  endfacet
  facet normal 0 -0.6715589548470251 0.7409511253549529
    outer loop
      vertex 86.1 1.5556349186104048 106.44436508138959
      vertex 91.1 1.3956652251600201 106.29937700260197
      vertex 91.1 1.5556349186104048 106.44436508138959
    endloop
  endfacet
  facet normal 0 -0.7409511253549759 0.671558954847
    outer loop
      vertex 86.1 1.7006229973980216 106.60433477483998
      vertex 91.1 1.5556349186104048 106.44436508138959
      vertex 91.1 1.7006229973980216 106.60433477483998
    endloop
  endfacet
  facet normal 0 -0.8032075314806493 0.5956993044924276
    outer loop
      vertex 86.1 1.8292331470655996 106.77774548735688
      vertex 91.1 1.7006229973980216 106.60433477483998
      vertex 91.1 1.8292331470655996 106.77774548735688
    endloop
  endfacet
  facet normal 0 -0.8577286100002697 0.5141027441932259
    outer loop
      vertex 86.1 1.9402267815663812 106.96292717898281
      vertex 91.1 1.8292331470655996 106.77774548735688
      vertex 91.1 1.9402267815663812 106.96292717898281
    endloop
  endfacet
  facet normal 0 -0.9039892931234356 0.42755509343029846
    outer loop
      vertex 86.1 2.032534971524831 107.1580964487968
      vertex 91.1 1.9402267815663812 106.96292717898281
      vertex 91.1 2.032534971524831 107.1580964487968
    endloop
  endfacet
  facet normal 0 -0.9415440651830234 0.33688985339221256
    outer loop
      vertex 86.1 2.1052687386108597 107.36137371004018
      vertex 91.1 2.032534971524831 107.1580964487968
      vertex 91.1 2.1052687386108597 107.36137371004018
    endloop
  endfacet
  facet normal 0 -0.9700312531945448 0.24298017990326043
    outer loop
      vertex 86.1 2.157727616887107 107.57080129156452
      vertex 91.1 2.1052687386108597 107.36137371004018
      vertex 91.1 2.157727616887107 107.57080129156452
    endloop
  endfacet
  facet normal -3.1859448834806045e-20 -0.9891765099647811 0.1467304744553602
    outer loop
      vertex 91.1 2.157727616887107 107.57080129156452
      vertex 91.1 2.1894063986788335 107.78436229127497
      vertex 86.1 2.1894063986788335 107.78436229127497
    endloop
  endfacet
  facet normal 0 -0.9987954562051723 0.049067674327418966
    outer loop
      vertex 86.1 2.2 108
      vertex 91.1 2.1894063986788335 107.78436229127497
      vertex 91.1 2.2 108
    endloop
  endfacet
  facet normal -2.5567675104608267e-20 -0.9700312531945448 -0.24298017990326043
    outer loop
      vertex 91.1 2.157727616887107 108.42919870843548
      vertex 91.1 2.1052687386108597 108.63862628995982
      vertex 86.1 2.1052687386108597 108.63862628995982
    endloop
  endfacet
  facet normal 0 -0.9987954562051723 -0.049067674327418966
    outer loop
      vertex 86.1 2.1894063986788335 108.21563770872503
      vertex 91.1 2.2 108
      vertex 91.1 2.1894063986788335 108.21563770872503
    endloop
  endfacet
  facet normal 0 -0.9891765099647811 -0.1467304744553602
    outer loop
      vertex 86.1 2.157727616887107 108.42919870843548
      vertex 91.1 2.1894063986788335 108.21563770872503
      vertex 91.1 2.157727616887107 108.42919870843548
    endloop
  endfacet
  facet normal 7.44101122524188e-20 -0.04906767432746046 -0.9987954562051702
    outer loop
      vertex 86.1 0 110.2
      vertex 86.1 0.21563770872503335 110.18940639867883
      vertex 91.1 0.21563770872503335 110.18940639867883
    endloop
  endfacet
  facet normal 1.1182473736916267e-19 -0.14673047445536055 -0.989176509964781
    outer loop
      vertex 86.1 0.21563770872503335 110.18940639867883
      vertex 86.1 0.4291987084354822 110.1577276168871
      vertex 91.1 0.4291987084354822 110.1577276168871
    endloop
  endfacet
  facet normal -3.2317763034297753e-19 -0.24298017990323453 -0.9700312531945513
    outer loop
      vertex 86.1 0.4291987084354822 110.1577276168871
      vertex 86.1 0.6386262899598172 110.10526873861086
      vertex 91.1 0.6386262899598172 110.10526873861086
    endloop
  endfacet
  facet normal 4.1139380972823294e-19 -0.3368898533922463 -0.9415440651830114
    outer loop
      vertex 86.1 0.6386262899598172 110.10526873861086
      vertex 86.1 0.8419035512031976 110.03253497152483
      vertex 91.1 0.8419035512031976 110.03253497152483
    endloop
  endfacet
  facet normal -1.117912369741409e-18 -0.5956993044923954 -0.8032075314806731
    outer loop
      vertex 86.1 1.2222545126431248 109.8292331470656
      vertex 86.1 1.3956652251600201 109.70062299739803
      vertex 91.1 1.3956652251600201 109.70062299739803
    endloop
  endfacet
  facet normal -5.388695794250441e-20 -0.6715589548470251 -0.7409511253549529
    outer loop
      vertex 86.1 1.3956652251600201 109.70062299739803
      vertex 86.1 1.5556349186104048 109.55563491861041
      vertex 91.1 1.5556349186104048 109.55563491861041
    endloop
  endfacet
  facet normal 1.1705387436212037e-18 -0.42755509343026243 -0.9039892931234526
    outer loop
      vertex 86.1 0.8419035512031976 110.03253497152483
      vertex 86.1 1.037072821017195 109.94022678156638
      vertex 91.1 1.037072821017195 109.94022678156638
    endloop
  endfacet
  facet normal 2.275415446767775e-19 -0.5141027441932396 -0.8577286100002613
    outer loop
      vertex 86.1 1.037072821017195 109.94022678156638
      vertex 86.1 1.2222545126431248 109.8292331470656
      vertex 91.1 1.2222545126431248 109.8292331470656
    endloop
  endfacet
  facet normal 1.5651675889531384e-18 -0.8577286100002697 -0.5141027441932259
    outer loop
      vertex 86.1 1.8292331470655996 109.22225451264312
      vertex 86.1 1.9402267815663812 109.03707282101719
      vertex 91.1 1.9402267815663812 109.03707282101719
    endloop
  endfacet
  facet normal 9.793679898335106e-19 -0.7409511253549759 -0.671558954847
    outer loop
      vertex 86.1 1.5556349186104048 109.55563491861041
      vertex 86.1 1.7006229973980216 109.39566522516002
      vertex 91.1 1.7006229973980216 109.39566522516002
    endloop
  endfacet
  facet normal 0 -0.8032075314806493 -0.5956993044924276
    outer loop
      vertex 86.1 1.8292331470655996 109.22225451264312
      vertex 91.1 1.8292331470655996 109.22225451264312
      vertex 86.1 1.7006229973980216 109.39566522516002
    endloop
  endfacet
  facet normal 0 -0.9039892931234356 -0.42755509343029846
    outer loop
      vertex 86.1 2.032534971524831 108.8419035512032
      vertex 91.1 2.032534971524831 108.8419035512032
      vertex 86.1 1.9402267815663812 109.03707282101719
    endloop
  endfacet
  facet normal 8.621957780817413e-20 -0.9415440651830234 -0.33688985339221256
    outer loop
      vertex 86.1 2.032534971524831 108.8419035512032
      vertex 86.1 2.1052687386108597 108.63862628995982
      vertex 91.1 2.1052687386108597 108.63862628995982
    endloop
  endfacet
  facet normal 0 -0.04906767432746046 -0.9987954562051702
    outer loop
      vertex 86.1 0 110.2
      vertex 91.1 0.21563770872503335 110.18940639867883
      vertex 91.1 0 110.2
    endloop
  endfacet
  facet normal 0 -0.14673047445536055 -0.989176509964781
    outer loop
      vertex 86.1 0.21563770872503335 110.18940639867883
      vertex 91.1 0.4291987084354822 110.1577276168871
      vertex 91.1 0.21563770872503335 110.18940639867883
    endloop
  endfacet
  facet normal 0 -0.24298017990323453 -0.9700312531945513
    outer loop
      vertex 86.1 0.4291987084354822 110.1577276168871
      vertex 91.1 0.6386262899598172 110.10526873861086
      vertex 91.1 0.4291987084354822 110.1577276168871
    endloop
  endfacet
  facet normal 0 -0.3368898533922463 -0.9415440651830114
    outer loop
      vertex 86.1 0.6386262899598172 110.10526873861086
      vertex 91.1 0.8419035512031976 110.03253497152483
      vertex 91.1 0.6386262899598172 110.10526873861086
    endloop
  endfacet
  facet normal 0 -0.5956993044923954 -0.8032075314806731
    outer loop
      vertex 86.1 1.2222545126431248 109.8292331470656
      vertex 91.1 1.3956652251600201 109.70062299739803
      vertex 91.1 1.2222545126431248 109.8292331470656
    endloop
  endfacet
  facet normal 0 -0.6715589548470251 -0.7409511253549529
    outer loop
      vertex 86.1 1.3956652251600201 109.70062299739803
      vertex 91.1 1.5556349186104048 109.55563491861041
      vertex 91.1 1.3956652251600201 109.70062299739803
    endloop
  endfacet
  facet normal 0 -0.42755509343026243 -0.9039892931234526
    outer loop
      vertex 86.1 0.8419035512031976 110.03253497152483
      vertex 91.1 1.037072821017195 109.94022678156638
      vertex 91.1 0.8419035512031976 110.03253497152483
    endloop
  endfacet
  facet normal 0 -0.5141027441932396 -0.8577286100002613
    outer loop
      vertex 86.1 1.037072821017195 109.94022678156638
      vertex 91.1 1.2222545126431248 109.8292331470656
      vertex 91.1 1.037072821017195 109.94022678156638
    endloop
  endfacet
  facet normal 0 -0.8577286100002697 -0.5141027441932259
    outer loop
      vertex 86.1 1.8292331470655996 109.22225451264312
      vertex 91.1 1.9402267815663812 109.03707282101719
      vertex 91.1 1.8292331470655996 109.22225451264312
    endloop
  endfacet
  facet normal 0 -0.7409511253549759 -0.671558954847
    outer loop
      vertex 86.1 1.5556349186104048 109.55563491861041
      vertex 91.1 1.7006229973980216 109.39566522516002
      vertex 91.1 1.5556349186104048 109.55563491861041
    endloop
  endfacet
  facet normal 0 -0.8032075314806493 -0.5956993044924276
    outer loop
      vertex 86.1 1.7006229973980216 109.39566522516002
      vertex 91.1 1.8292331470655996 109.22225451264312
      vertex 91.1 1.7006229973980216 109.39566522516002
    endloop
  endfacet
  facet normal 0 -0.9415440651830234 -0.33688985339221256
    outer loop
      vertex 86.1 2.032534971524831 108.8419035512032
      vertex 91.1 2.1052687386108597 108.63862628995982
      vertex 91.1 2.032534971524831 108.8419035512032
    endloop
  endfacet
  facet normal 0 -0.9039892931234356 -0.42755509343029846
    outer loop
      vertex 86.1 1.9402267815663812 109.03707282101719
      vertex 91.1 2.032534971524831 108.8419035512032
      vertex 91.1 1.9402267815663812 109.03707282101719
    endloop
  endfacet
  facet normal -6.467306560710584e-19 0.9700312531945453 0.24298017990325851
    outer loop
      vertex -91.1 -7.799287730866316 108.11100553168068
      vertex -91.1 -7.851746609142563 108.32043311320501
      vertex -86.1 -7.851746609142563 108.32043311320501
    endloop
  endfacet
  facet normal 0 0.9891765099647808 0.1467304744553622
    outer loop
      vertex -91.1 -7.88342539093429 108.53399411291547
      vertex -86.1 -7.88342539093429 108.53399411291547
      vertex -91.1 -7.851746609142563 108.32043311320501
    endloop
  endfacet
  facet normal 0 0.7409511253549772 0.6715589548469982
    outer loop
      vertex -91.1 -7.394641989653477 107.35396659648048
      vertex -86.1 -7.394641989653477 107.35396659648048
      vertex -91.1 -7.249653910865861 107.19399690303008
    endloop
  endfacet
  facet normal 0 0.5956993044923963 0.8032075314806725
    outer loop
      vertex -91.1 -7.089684217415476 107.04900882424246
      vertex -86.1 -7.089684217415476 107.04900882424246
      vertex -91.1 -6.916273504898581 106.9203986745749
    endloop
  endfacet
  facet normal 0 0.6715589548470237 0.7409511253549542
    outer loop
      vertex -91.1 -7.249653910865861 107.19399690303008
      vertex -86.1 -7.249653910865861 107.19399690303008
      vertex -91.1 -7.089684217415476 107.04900882424246
    endloop
  endfacet
  facet normal 0 0.9039892931234367 0.4275550934302959
    outer loop
      vertex -91.1 -7.726553963780287 107.90772827043729
      vertex -86.1 -7.726553963780287 107.90772827043729
      vertex -91.1 -7.634245773821838 107.7125590006233
    endloop
  endfacet
  facet normal -2.1821662784212616e-19 0.8577286100002683 0.5141027441932282
    outer loop
      vertex -91.1 -7.523252139321055 107.52737730899737
      vertex -91.1 -7.634245773821838 107.7125590006233
      vertex -86.1 -7.634245773821838 107.7125590006233
    endloop
  endfacet
  facet normal -5.216866387408621e-19 0.8032075314806493 0.5956993044924276
    outer loop
      vertex -91.1 -7.394641989653477 107.35396659648048
      vertex -91.1 -7.523252139321055 107.52737730899737
      vertex -86.1 -7.523252139321055 107.52737730899737
    endloop
  endfacet
  facet normal -3.9057447874692857e-20 0.941544065183022 0.3368898533922162
    outer loop
      vertex -91.1 -7.726553963780287 107.90772827043729
      vertex -91.1 -7.799287730866316 108.11100553168068
      vertex -86.1 -7.799287730866316 108.11100553168068
    endloop
  endfacet
  facet normal 0 0.5141027441932396 0.8577286100002613
    outer loop
      vertex -91.1 -6.916273504898581 106.9203986745749
      vertex -86.1 -6.916273504898581 106.9203986745749
      vertex -91.1 -6.731091813272651 106.80940504007411
    endloop
  endfacet
  facet normal 0 0.4275550934302616 0.903989293123453
    outer loop
      vertex -91.1 -6.731091813272651 106.80940504007411
      vertex -86.1 -6.731091813272651 106.80940504007411
      vertex -91.1 -6.535922543458653 106.71709685011567
    endloop
  endfacet
  facet normal 0 0.33688985339224725 0.941544065183011
    outer loop
      vertex -91.1 -6.535922543458653 106.71709685011567
      vertex -86.1 -6.535922543458653 106.71709685011567
      vertex -91.1 -6.332645282215274 106.64436308302963
    endloop
  endfacet
  facet normal 0 0.24298017990323434 0.9700312531945514
    outer loop
      vertex -91.1 -6.332645282215274 106.64436308302963
      vertex -86.1 -6.332645282215274 106.64436308302963
      vertex -91.1 -6.1232177006909385 106.59190420475339
    endloop
  endfacet
  facet normal 0 0.9700312531945453 0.24298017990325851
    outer loop
      vertex -91.1 -7.799287730866316 108.11100553168068
      vertex -86.1 -7.851746609142563 108.32043311320501
      vertex -86.1 -7.799287730866316 108.11100553168068
    endloop
  endfacet
  facet normal 0 0.9891765099647808 0.1467304744553622
    outer loop
      vertex -91.1 -7.851746609142563 108.32043311320501
      vertex -86.1 -7.88342539093429 108.53399411291547
      vertex -86.1 -7.851746609142563 108.32043311320501
    endloop
  endfacet
  facet normal 0 0.9987954562051724 0.04906767432741692
    outer loop
      vertex -91.1 -7.88342539093429 108.53399411291547
      vertex -86.1 -7.8940189922554564 108.74963182164049
      vertex -86.1 -7.88342539093429 108.53399411291547
    endloop
  endfacet
  facet normal 0 0.7409511253549772 0.6715589548469982
    outer loop
      vertex -91.1 -7.249653910865861 107.19399690303008
      vertex -86.1 -7.394641989653477 107.35396659648048
      vertex -86.1 -7.249653910865861 107.19399690303008
    endloop
  endfacet
  facet normal 0 0.6715589548470237 0.7409511253549542
    outer loop
      vertex -91.1 -7.089684217415476 107.04900882424246
      vertex -86.1 -7.249653910865861 107.19399690303008
      vertex -86.1 -7.089684217415476 107.04900882424246
    endloop
  endfacet
  facet normal 0 0.941544065183022 0.3368898533922162
    outer loop
      vertex -91.1 -7.726553963780287 107.90772827043729
      vertex -86.1 -7.799287730866316 108.11100553168068
      vertex -86.1 -7.726553963780287 107.90772827043729
    endloop
  endfacet
  facet normal 0 0.9039892931234367 0.4275550934302959
    outer loop
      vertex -91.1 -7.634245773821838 107.7125590006233
      vertex -86.1 -7.726553963780287 107.90772827043729
      vertex -86.1 -7.634245773821838 107.7125590006233
    endloop
  endfacet
  facet normal 0 0.8577286100002683 0.5141027441932282
    outer loop
      vertex -91.1 -7.523252139321055 107.52737730899737
      vertex -86.1 -7.634245773821838 107.7125590006233
      vertex -86.1 -7.523252139321055 107.52737730899737
    endloop
  endfacet
  facet normal 0 0.8032075314806493 0.5956993044924276
    outer loop
      vertex -91.1 -7.394641989653477 107.35396659648048
      vertex -86.1 -7.523252139321055 107.52737730899737
      vertex -86.1 -7.394641989653477 107.35396659648048
    endloop
  endfacet
  facet normal 0 0.5956993044923963 0.8032075314806725
    outer loop
      vertex -91.1 -6.916273504898581 106.9203986745749
      vertex -86.1 -7.089684217415476 107.04900882424246
      vertex -86.1 -6.916273504898581 106.9203986745749
    endloop
  endfacet
  facet normal 0 0.5141027441932396 0.8577286100002613
    outer loop
      vertex -91.1 -6.731091813272651 106.80940504007411
      vertex -86.1 -6.916273504898581 106.9203986745749
      vertex -86.1 -6.731091813272651 106.80940504007411
    endloop
  endfacet
  facet normal -1.4502893535150382e-18 0.4275550934302616 0.903989293123453
    outer loop
      vertex -86.1 -6.731091813272651 106.80940504007411
      vertex -86.1 -6.535922543458653 106.71709685011567
      vertex -91.1 -6.535922543458653 106.71709685011567
    endloop
  endfacet
  facet normal 0 0.33688985339224725 0.941544065183011
    outer loop
      vertex -91.1 -6.332645282215274 106.64436308302963
      vertex -86.1 -6.535922543458653 106.71709685011567
      vertex -86.1 -6.332645282215274 106.64436308302963
    endloop
  endfacet
  facet normal 1.129316702670191e-19 0.9987954562051724 0.04906767432741692
    outer loop
      vertex -91.1 -7.88342539093429 108.53399411291547
      vertex -91.1 -7.8940189922554564 108.74963182164049
      vertex -86.1 -7.8940189922554564 108.74963182164049
    endloop
  endfacet
  facet normal -1.129316702670191e-19 0.9987954562051724 -0.04906767432741692
    outer loop
      vertex -91.1 -7.8940189922554564 108.74963182164049
      vertex -91.1 -7.88342539093429 108.96526953036552
      vertex -86.1 -7.88342539093429 108.96526953036552
    endloop
  endfacet
  facet normal 2.4392494629719574e-19 0.9891765099647808 -0.1467304744553622
    outer loop
      vertex -91.1 -7.88342539093429 108.96526953036552
      vertex -91.1 -7.851746609142563 109.17883053007597
      vertex -86.1 -7.851746609142563 109.17883053007597
    endloop
  endfacet
  facet normal 6.467306560710584e-19 0.9700312531945453 -0.24298017990325851
    outer loop
      vertex -91.1 -7.851746609142563 109.17883053007597
      vertex -91.1 -7.799287730866316 109.38825811160031
      vertex -86.1 -7.799287730866316 109.38825811160031
    endloop
  endfacet
  facet normal 3.9057447874692857e-20 0.941544065183022 -0.3368898533922162
    outer loop
      vertex -91.1 -7.799287730866316 109.38825811160031
      vertex -91.1 -7.726553963780287 109.5915353728437
      vertex -86.1 -7.726553963780287 109.5915353728437
    endloop
  endfacet
  facet normal 1.0543358347549015e-18 0.9039892931234367 -0.4275550934302959
    outer loop
      vertex -91.1 -7.726553963780287 109.5915353728437
      vertex -91.1 -7.634245773821838 109.78670464265768
      vertex -86.1 -7.634245773821838 109.78670464265768
    endloop
  endfacet
  facet normal 2.1821662784212616e-19 0.8577286100002683 -0.5141027441932282
    outer loop
      vertex -91.1 -7.634245773821838 109.78670464265768
      vertex -91.1 -7.523252139321055 109.97188633428361
      vertex -86.1 -7.523252139321055 109.97188633428361
    endloop
  endfacet
  facet normal 5.216866387408621e-19 0.8032075314806493 -0.5956993044924276
    outer loop
      vertex -91.1 -7.523252139321055 109.97188633428361
      vertex -91.1 -7.394641989653477 110.14529704680051
      vertex -86.1 -7.394641989653477 110.14529704680051
    endloop
  endfacet
  facet normal -6.075416844733502e-20 0.7409511253549772 -0.6715589548469982
    outer loop
      vertex -91.1 -7.394641989653477 110.14529704680051
      vertex -91.1 -7.249653910865861 110.3052667402509
      vertex -86.1 -7.249653910865861 110.3052667402509
    endloop
  endfacet
  facet normal -4.677049442898594e-19 0.6715589548470237 -0.7409511253549542
    outer loop
      vertex -91.1 -7.249653910865861 110.3052667402509
      vertex -91.1 -7.089684217415476 110.45025481903852
      vertex -86.1 -7.089684217415476 110.45025481903852
    endloop
  endfacet
  facet normal -3.6726140976130557e-19 0.5956993044923963 -0.8032075314806725
    outer loop
      vertex -91.1 -7.089684217415476 110.45025481903852
      vertex -91.1 -6.916273504898581 110.57886496870609
      vertex -86.1 -6.916273504898581 110.57886496870609
    endloop
  endfacet
  facet normal -2.275415446767775e-19 0.5141027441932396 -0.8577286100002613
    outer loop
      vertex -91.1 -6.916273504898581 110.57886496870609
      vertex -91.1 -6.731091813272651 110.68985860320687
      vertex -86.1 -6.731091813272651 110.68985860320687
    endloop
  endfacet
  facet normal 1.4502893535150382e-18 0.4275550934302616 -0.903989293123453
    outer loop
      vertex -91.1 -6.731091813272651 110.68985860320687
      vertex -91.1 -6.535922543458653 110.78216679316532
      vertex -86.1 -6.535922543458653 110.78216679316532
    endloop
  endfacet
  facet normal -2.9852965458951603e-19 0.33688985339224725 -0.941544065183011
    outer loop
      vertex -91.1 -6.535922543458653 110.78216679316532
      vertex -91.1 -6.332645282215274 110.85490056025135
      vertex -86.1 -6.332645282215274 110.85490056025135
    endloop
  endfacet
  facet normal 0 0.9987954562051724 -0.04906767432741692
    outer loop
      vertex -91.1 -7.8940189922554564 108.74963182164049
      vertex -86.1 -7.88342539093429 108.96526953036552
      vertex -86.1 -7.8940189922554564 108.74963182164049
    endloop
  endfacet
  facet normal 0 0.9891765099647808 -0.1467304744553622
    outer loop
      vertex -91.1 -7.88342539093429 108.96526953036552
      vertex -86.1 -7.851746609142563 109.17883053007597
      vertex -86.1 -7.88342539093429 108.96526953036552
    endloop
  endfacet
  facet normal 0 0.9700312531945453 -0.24298017990325851
    outer loop
      vertex -91.1 -7.851746609142563 109.17883053007597
      vertex -86.1 -7.799287730866316 109.38825811160031
      vertex -86.1 -7.851746609142563 109.17883053007597
    endloop
  endfacet
  facet normal 0 0.941544065183022 -0.3368898533922162
    outer loop
      vertex -91.1 -7.799287730866316 109.38825811160031
      vertex -86.1 -7.726553963780287 109.5915353728437
      vertex -86.1 -7.799287730866316 109.38825811160031
    endloop
  endfacet
  facet normal 0 0.9039892931234367 -0.4275550934302959
    outer loop
      vertex -91.1 -7.726553963780287 109.5915353728437
      vertex -86.1 -7.634245773821838 109.78670464265768
      vertex -86.1 -7.726553963780287 109.5915353728437
    endloop
  endfacet
  facet normal 0 0.8577286100002683 -0.5141027441932282
    outer loop
      vertex -91.1 -7.634245773821838 109.78670464265768
      vertex -86.1 -7.523252139321055 109.97188633428361
      vertex -86.1 -7.634245773821838 109.78670464265768
    endloop
  endfacet
  facet normal 0 0.8032075314806493 -0.5956993044924276
    outer loop
      vertex -91.1 -7.523252139321055 109.97188633428361
      vertex -86.1 -7.394641989653477 110.14529704680051
      vertex -86.1 -7.523252139321055 109.97188633428361
    endloop
  endfacet
  facet normal 0 0.7409511253549772 -0.6715589548469982
    outer loop
      vertex -91.1 -7.394641989653477 110.14529704680051
      vertex -86.1 -7.249653910865861 110.3052667402509
      vertex -86.1 -7.394641989653477 110.14529704680051
    endloop
  endfacet
  facet normal 0 0.6715589548470237 -0.7409511253549542
    outer loop
      vertex -91.1 -7.249653910865861 110.3052667402509
      vertex -86.1 -7.089684217415476 110.45025481903852
      vertex -86.1 -7.249653910865861 110.3052667402509
    endloop
  endfacet
  facet normal 0 0.5956993044923963 -0.8032075314806725
    outer loop
      vertex -91.1 -7.089684217415476 110.45025481903852
      vertex -86.1 -6.916273504898581 110.57886496870609
      vertex -86.1 -7.089684217415476 110.45025481903852
    endloop
  endfacet
  facet normal 0 0.5141027441932396 -0.8577286100002613
    outer loop
      vertex -91.1 -6.916273504898581 110.57886496870609
      vertex -86.1 -6.731091813272651 110.68985860320687
      vertex -86.1 -6.916273504898581 110.57886496870609
    endloop
  endfacet
  facet normal 0 0.4275550934302616 -0.903989293123453
    outer loop
      vertex -91.1 -6.731091813272651 110.68985860320687
      vertex -86.1 -6.535922543458653 110.78216679316532
      vertex -86.1 -6.731091813272651 110.68985860320687
    endloop
  endfacet
  facet normal 0 0.33688985339224725 -0.941544065183011
    outer loop
      vertex -91.1 -6.535922543458653 110.78216679316532
      vertex -86.1 -6.332645282215274 110.85490056025135
      vertex -86.1 -6.535922543458653 110.78216679316532
    endloop
  endfacet
  facet normal 0 0.24298017990323434 -0.9700312531945514
    outer loop
      vertex -91.1 -6.332645282215274 110.85490056025135
      vertex -86.1 -6.1232177006909385 110.90735943852759
      vertex -86.1 -6.332645282215274 110.85490056025135
    endloop
  endfacet
  facet normal 0 0.14673047445536055 0.989176509964781
    outer loop
      vertex -91.1 -6.1232177006909385 106.59190420475339
      vertex -86.1 -6.1232177006909385 106.59190420475339
      vertex -91.1 -5.90965670098049 106.56022542296166
    endloop
  endfacet
  facet normal 0 0.049067674327460446 0.9987954562051702
    outer loop
      vertex -91.1 -5.90965670098049 106.56022542296166
      vertex -86.1 -5.90965670098049 106.56022542296166
      vertex -91.1 -5.694018992255456 106.54963182164049
    endloop
  endfacet
  facet normal 0 -0.049067674327460446 0.9987954562051702
    outer loop
      vertex -91.1 -5.694018992255456 106.54963182164049
      vertex -86.1 -5.694018992255456 106.54963182164049
      vertex -91.1 -5.478381283530423 106.56022542296166
    endloop
  endfacet
  facet normal 0 -0.14673047445536055 0.989176509964781
    outer loop
      vertex -91.1 -5.478381283530423 106.56022542296166
      vertex -86.1 -5.478381283530423 106.56022542296166
      vertex -91.1 -5.264820283819974 106.59190420475339
    endloop
  endfacet
  facet normal 0 -0.24298017990323434 0.9700312531945514
    outer loop
      vertex -91.1 -5.264820283819974 106.59190420475339
      vertex -86.1 -5.264820283819974 106.59190420475339
      vertex -91.1 -5.055392702295639 106.64436308302963
    endloop
  endfacet
  facet normal 0 -0.33688985339224725 0.941544065183011
    outer loop
      vertex -91.1 -5.055392702295639 106.64436308302963
      vertex -86.1 -5.055392702295639 106.64436308302963
      vertex -91.1 -4.852115441052259 106.71709685011567
    endloop
  endfacet
  facet normal 0 -0.4275550934302616 0.903989293123453
    outer loop
      vertex -91.1 -4.852115441052259 106.71709685011567
      vertex -86.1 -4.852115441052259 106.71709685011567
      vertex -91.1 -4.656946171238261 106.80940504007411
    endloop
  endfacet
  facet normal 0 -0.5141027441932396 0.8577286100002613
    outer loop
      vertex -91.1 -4.656946171238261 106.80940504007411
      vertex -86.1 -4.656946171238261 106.80940504007411
      vertex -91.1 -4.4717644796123315 106.9203986745749
    endloop
  endfacet
  facet normal 0 -0.5956993044923963 0.8032075314806725
    outer loop
      vertex -91.1 -4.4717644796123315 106.9203986745749
      vertex -86.1 -4.4717644796123315 106.9203986745749
      vertex -91.1 -4.298353767095437 107.04900882424246
    endloop
  endfacet
  facet normal 0 -0.6715589548470237 0.7409511253549542
    outer loop
      vertex -91.1 -4.298353767095437 107.04900882424246
      vertex -86.1 -4.298353767095437 107.04900882424246
      vertex -91.1 -4.138384073645051 107.19399690303008
    endloop
  endfacet
  facet normal 0 -0.7409511253549763 0.6715589548469995
    outer loop
      vertex -91.1 -4.138384073645051 107.19399690303008
      vertex -86.1 -4.138384073645051 107.19399690303008
      vertex -91.1 -3.9933959948574347 107.35396659648048
    endloop
  endfacet
  facet normal 0 -0.8032075314806493 0.5956993044924276
    outer loop
      vertex -91.1 -3.9933959948574347 107.35396659648048
      vertex -86.1 -3.9933959948574347 107.35396659648048
      vertex -91.1 -3.8647858451898567 107.52737730899737
    endloop
  endfacet
  facet normal 0 -0.8577286100002692 0.5141027441932267
    outer loop
      vertex -91.1 -3.8647858451898567 107.52737730899737
      vertex -86.1 -3.8647858451898567 107.52737730899737
      vertex -91.1 -3.753792210689075 107.7125590006233
    endloop
  endfacet
  facet normal 0 -0.903989293123436 0.42755509343029763
    outer loop
      vertex -91.1 -3.753792210689075 107.7125590006233
      vertex -86.1 -3.753792210689075 107.7125590006233
      vertex -91.1 -3.6614840207306254 107.90772827043729
    endloop
  endfacet
  facet normal 0 -0.9415440651830234 0.33688985339221256
    outer loop
      vertex -91.1 -3.6614840207306254 107.90772827043729
      vertex -86.1 -3.6614840207306254 107.90772827043729
      vertex -91.1 -3.5887502536445965 108.11100553168068
    endloop
  endfacet
  facet normal 0 -0.9700312531945448 0.24298017990326043
    outer loop
      vertex -91.1 -3.5887502536445965 108.11100553168068
      vertex -86.1 -3.5887502536445965 108.11100553168068
      vertex -91.1 -3.536291375368349 108.32043311320501
    endloop
  endfacet
  facet normal 0 -0.9891765099647811 0.1467304744553602
    outer loop
      vertex -91.1 -3.536291375368349 108.32043311320501
      vertex -86.1 -3.536291375368349 108.32043311320501
      vertex -91.1 -3.504612593576623 108.53399411291547
    endloop
  endfacet
  facet normal 0 -0.9987954562051723 0.049067674327418966
    outer loop
      vertex -91.1 -3.504612593576623 108.53399411291547
      vertex -86.1 -3.504612593576623 108.53399411291547
      vertex -91.1 -3.494018992255456 108.74963182164049
    endloop
  endfacet
  facet normal 0 0.24298017990323434 0.9700312531945514
    outer loop
      vertex -91.1 -6.1232177006909385 106.59190420475339
      vertex -86.1 -6.332645282215274 106.64436308302963
      vertex -86.1 -6.1232177006909385 106.59190420475339
    endloop
  endfacet
  facet normal 0 0.14673047445536055 0.989176509964781
    outer loop
      vertex -91.1 -5.90965670098049 106.56022542296166
      vertex -86.1 -6.1232177006909385 106.59190420475339
      vertex -86.1 -5.90965670098049 106.56022542296166
    endloop
  endfacet
  facet normal 0 0.049067674327460446 0.9987954562051702
    outer loop
      vertex -91.1 -5.694018992255456 106.54963182164049
      vertex -86.1 -5.90965670098049 106.56022542296166
      vertex -86.1 -5.694018992255456 106.54963182164049
    endloop
  endfacet
  facet normal 0 -0.049067674327460446 0.9987954562051702
    outer loop
      vertex -91.1 -5.478381283530423 106.56022542296166
      vertex -86.1 -5.694018992255456 106.54963182164049
      vertex -86.1 -5.478381283530423 106.56022542296166
    endloop
  endfacet
  facet normal 0 -0.14673047445536055 0.989176509964781
    outer loop
      vertex -91.1 -5.264820283819974 106.59190420475339
      vertex -86.1 -5.478381283530423 106.56022542296166
      vertex -86.1 -5.264820283819974 106.59190420475339
    endloop
  endfacet
  facet normal 0 -0.24298017990323434 0.9700312531945514
    outer loop
      vertex -91.1 -5.055392702295639 106.64436308302963
      vertex -86.1 -5.264820283819974 106.59190420475339
      vertex -86.1 -5.055392702295639 106.64436308302963
    endloop
  endfacet
  facet normal 0 -0.33688985339224725 0.941544065183011
    outer loop
      vertex -91.1 -4.852115441052259 106.71709685011567
      vertex -86.1 -5.055392702295639 106.64436308302963
      vertex -86.1 -4.852115441052259 106.71709685011567
    endloop
  endfacet
  facet normal 0 -0.4275550934302616 0.903989293123453
    outer loop
      vertex -91.1 -4.656946171238261 106.80940504007411
      vertex -86.1 -4.852115441052259 106.71709685011567
      vertex -86.1 -4.656946171238261 106.80940504007411
    endloop
  endfacet
  facet normal 0 -0.5141027441932396 0.8577286100002613
    outer loop
      vertex -91.1 -4.4717644796123315 106.9203986745749
      vertex -86.1 -4.656946171238261 106.80940504007411
      vertex -86.1 -4.4717644796123315 106.9203986745749
    endloop
  endfacet
  facet normal -3.6726140976130557e-19 -0.5956993044923963 0.8032075314806725
    outer loop
      vertex -86.1 -4.4717644796123315 106.9203986745749
      vertex -86.1 -4.298353767095437 107.04900882424246
      vertex -91.1 -4.298353767095437 107.04900882424246
    endloop
  endfacet
  facet normal 0 -0.6715589548470237 0.7409511253549542
    outer loop
      vertex -91.1 -4.138384073645051 107.19399690303008
      vertex -86.1 -4.298353767095437 107.04900882424246
      vertex -86.1 -4.138384073645051 107.19399690303008
    endloop
  endfacet
  facet normal 0 -0.7409511253549763 0.6715589548469995
    outer loop
      vertex -91.1 -3.9933959948574347 107.35396659648048
      vertex -86.1 -4.138384073645051 107.19399690303008
      vertex -86.1 -3.9933959948574347 107.35396659648048
    endloop
  endfacet
  facet normal 0 -0.8032075314806493 0.5956993044924276
    outer loop
      vertex -91.1 -3.8647858451898567 107.52737730899737
      vertex -86.1 -3.9933959948574347 107.35396659648048
      vertex -86.1 -3.8647858451898567 107.52737730899737
    endloop
  endfacet
  facet normal 0 -0.8577286100002692 0.5141027441932267
    outer loop
      vertex -91.1 -3.753792210689075 107.7125590006233
      vertex -86.1 -3.8647858451898567 107.52737730899737
      vertex -86.1 -3.753792210689075 107.7125590006233
    endloop
  endfacet
  facet normal 0 -0.903989293123436 0.42755509343029763
    outer loop
      vertex -91.1 -3.6614840207306254 107.90772827043729
      vertex -86.1 -3.753792210689075 107.7125590006233
      vertex -86.1 -3.6614840207306254 107.90772827043729
    endloop
  endfacet
  facet normal 0 -0.9415440651830234 0.33688985339221256
    outer loop
      vertex -91.1 -3.5887502536445965 108.11100553168068
      vertex -86.1 -3.6614840207306254 107.90772827043729
      vertex -86.1 -3.5887502536445965 108.11100553168068
    endloop
  endfacet
  facet normal 0 -0.9700312531945448 0.24298017990326043
    outer loop
      vertex -91.1 -3.536291375368349 108.32043311320501
      vertex -86.1 -3.5887502536445965 108.11100553168068
      vertex -86.1 -3.536291375368349 108.32043311320501
    endloop
  endfacet
  facet normal 0 -0.9891765099647811 0.1467304744553602
    outer loop
      vertex -91.1 -3.504612593576623 108.53399411291547
      vertex -86.1 -3.536291375368349 108.32043311320501
      vertex -86.1 -3.504612593576623 108.53399411291547
    endloop
  endfacet
  facet normal 3.811131960663869e-19 0.24298017990323434 -0.9700312531945514
    outer loop
      vertex -91.1 -6.332645282215274 110.85490056025135
      vertex -91.1 -6.1232177006909385 110.90735943852759
      vertex -86.1 -6.1232177006909385 110.90735943852759
    endloop
  endfacet
  facet normal -1.1182473736916267e-19 0.14673047445536055 -0.989176509964781
    outer loop
      vertex -91.1 -6.1232177006909385 110.90735943852759
      vertex -91.1 -5.90965670098049 110.93903822031932
      vertex -86.1 -5.90965670098049 110.93903822031932
    endloop
  endfacet
  facet normal 6.860399868110808e-20 0.049067674327460446 -0.9987954562051702
    outer loop
      vertex -91.1 -5.90965670098049 110.93903822031932
      vertex -91.1 -5.694018992255456 110.9496318216405
      vertex -86.1 -5.694018992255456 110.9496318216405
    endloop
  endfacet
  facet normal -6.860399868110808e-20 -0.049067674327460446 -0.9987954562051702
    outer loop
      vertex -91.1 -5.694018992255456 110.9496318216405
      vertex -91.1 -5.478381283530423 110.93903822031932
      vertex -86.1 -5.478381283530423 110.93903822031932
    endloop
  endfacet
  facet normal 1.1182473736916267e-19 -0.14673047445536055 -0.989176509964781
    outer loop
      vertex -91.1 -5.478381283530423 110.93903822031932
      vertex -91.1 -5.264820283819974 110.90735943852759
      vertex -86.1 -5.264820283819974 110.90735943852759
    endloop
  endfacet
  facet normal -3.811131960663869e-19 -0.24298017990323434 -0.9700312531945514
    outer loop
      vertex -91.1 -5.264820283819974 110.90735943852759
      vertex -91.1 -5.055392702295639 110.85490056025135
      vertex -86.1 -5.055392702295639 110.85490056025135
    endloop
  endfacet
  facet normal 2.9852965458951603e-19 -0.33688985339224725 -0.941544065183011
    outer loop
      vertex -91.1 -5.055392702295639 110.85490056025135
      vertex -91.1 -4.852115441052259 110.78216679316532
      vertex -86.1 -4.852115441052259 110.78216679316532
    endloop
  endfacet
  facet normal -1.4502893535150382e-18 -0.4275550934302616 -0.903989293123453
    outer loop
      vertex -91.1 -4.852115441052259 110.78216679316532
      vertex -91.1 -4.656946171238261 110.68985860320687
      vertex -86.1 -4.656946171238261 110.68985860320687
    endloop
  endfacet
  facet normal 2.275415446767775e-19 -0.5141027441932396 -0.8577286100002613
    outer loop
      vertex -91.1 -4.656946171238261 110.68985860320687
      vertex -91.1 -4.4717644796123315 110.57886496870609
      vertex -86.1 -4.4717644796123315 110.57886496870609
    endloop
  endfacet
  facet normal 3.6726140976130557e-19 -0.5956993044923963 -0.8032075314806725
    outer loop
      vertex -91.1 -4.4717644796123315 110.57886496870609
      vertex -91.1 -4.298353767095437 110.45025481903852
      vertex -86.1 -4.298353767095437 110.45025481903852
    endloop
  endfacet
  facet normal 4.677049442898594e-19 -0.6715589548470237 -0.7409511253549542
    outer loop
      vertex -91.1 -4.298353767095437 110.45025481903852
      vertex -91.1 -4.138384073645051 110.3052667402509
      vertex -86.1 -4.138384073645051 110.3052667402509
    endloop
  endfacet
  facet normal -5.216866387408621e-19 -0.8032075314806493 -0.5956993044924276
    outer loop
      vertex -91.1 -3.9933959948574347 110.14529704680051
      vertex -91.1 -3.8647858451898567 109.97188633428361
      vertex -86.1 -3.8647858451898567 109.97188633428361
    endloop
  endfacet
  facet normal -1.4694846551513007e-18 -0.7409511253549763 -0.6715589548469995
    outer loop
      vertex -91.1 -4.138384073645051 110.3052667402509
      vertex -91.1 -3.9933959948574347 110.14529704680051
      vertex -86.1 -3.9933959948574347 110.14529704680051
    endloop
  endfacet
  facet normal -1.1719418545014429e-18 -0.8577286100002692 -0.5141027441932267
    outer loop
      vertex -91.1 -3.8647858451898567 109.97188633428361
      vertex -91.1 -3.753792210689075 109.78670464265768
      vertex -86.1 -3.753792210689075 109.78670464265768
    endloop
  endfacet
  facet normal -2.5567675104608267e-20 -0.9700312531945448 -0.24298017990326043
    outer loop
      vertex -91.1 -3.5887502536445965 109.38825811160031
      vertex -91.1 -3.536291375368349 109.17883053007597
      vertex -86.1 -3.536291375368349 109.17883053007597
    endloop
  endfacet
  facet normal 0 -0.9415440651830234 -0.33688985339221256
    outer loop
      vertex -91.1 -3.5887502536445965 109.38825811160031
      vertex -86.1 -3.5887502536445965 109.38825811160031
      vertex -91.1 -3.6614840207306254 109.5915353728437
    endloop
  endfacet
  facet normal -9.954125943669712e-19 -0.903989293123436 -0.42755509343029763
    outer loop
      vertex -91.1 -3.753792210689075 109.78670464265768
      vertex -91.1 -3.6614840207306254 109.5915353728437
      vertex -86.1 -3.6614840207306254 109.5915353728437
    endloop
  endfacet
  facet normal 0 -0.9987954562051723 -0.049067674327418966
    outer loop
      vertex -91.1 -3.494018992255456 108.74963182164049
      vertex -86.1 -3.494018992255456 108.74963182164049
      vertex -91.1 -3.504612593576623 108.96526953036552
    endloop
  endfacet
  facet normal 0 -0.9891765099647811 -0.1467304744553602
    outer loop
      vertex -91.1 -3.504612593576623 108.96526953036552
      vertex -86.1 -3.504612593576623 108.96526953036552
      vertex -91.1 -3.536291375368349 109.17883053007597
    endloop
  endfacet
  facet normal 0 0.14673047445536055 -0.989176509964781
    outer loop
      vertex -91.1 -6.1232177006909385 110.90735943852759
      vertex -86.1 -5.90965670098049 110.93903822031932
      vertex -86.1 -6.1232177006909385 110.90735943852759
    endloop
  endfacet
  facet normal 0 0.049067674327460446 -0.9987954562051702
    outer loop
      vertex -91.1 -5.90965670098049 110.93903822031932
      vertex -86.1 -5.694018992255456 110.9496318216405
      vertex -86.1 -5.90965670098049 110.93903822031932
    endloop
  endfacet
  facet normal 0 -0.049067674327460446 -0.9987954562051702
    outer loop
      vertex -91.1 -5.694018992255456 110.9496318216405
      vertex -86.1 -5.478381283530423 110.93903822031932
      vertex -86.1 -5.694018992255456 110.9496318216405
    endloop
  endfacet
  facet normal 0 -0.14673047445536055 -0.989176509964781
    outer loop
      vertex -91.1 -5.478381283530423 110.93903822031932
      vertex -86.1 -5.264820283819974 110.90735943852759
      vertex -86.1 -5.478381283530423 110.93903822031932
    endloop
  endfacet
  facet normal 0 -0.24298017990323434 -0.9700312531945514
    outer loop
      vertex -91.1 -5.264820283819974 110.90735943852759
      vertex -86.1 -5.055392702295639 110.85490056025135
      vertex -86.1 -5.264820283819974 110.90735943852759
    endloop
  endfacet
  facet normal 0 -0.33688985339224725 -0.941544065183011
    outer loop
      vertex -91.1 -5.055392702295639 110.85490056025135
      vertex -86.1 -4.852115441052259 110.78216679316532
      vertex -86.1 -5.055392702295639 110.85490056025135
    endloop
  endfacet
  facet normal 0 -0.4275550934302616 -0.903989293123453
    outer loop
      vertex -91.1 -4.852115441052259 110.78216679316532
      vertex -86.1 -4.656946171238261 110.68985860320687
      vertex -86.1 -4.852115441052259 110.78216679316532
    endloop
  endfacet
  facet normal 0 -0.5141027441932396 -0.8577286100002613
    outer loop
      vertex -91.1 -4.656946171238261 110.68985860320687
      vertex -86.1 -4.4717644796123315 110.57886496870609
      vertex -86.1 -4.656946171238261 110.68985860320687
    endloop
  endfacet
  facet normal 0 -0.5956993044923963 -0.8032075314806725
    outer loop
      vertex -91.1 -4.4717644796123315 110.57886496870609
      vertex -86.1 -4.298353767095437 110.45025481903852
      vertex -86.1 -4.4717644796123315 110.57886496870609
    endloop
  endfacet
  facet normal 0 -0.6715589548470237 -0.7409511253549542
    outer loop
      vertex -91.1 -4.298353767095437 110.45025481903852
      vertex -86.1 -4.138384073645051 110.3052667402509
      vertex -86.1 -4.298353767095437 110.45025481903852
    endloop
  endfacet
  facet normal 0 -0.8032075314806493 -0.5956993044924276
    outer loop
      vertex -91.1 -3.9933959948574347 110.14529704680051
      vertex -86.1 -3.8647858451898567 109.97188633428361
      vertex -86.1 -3.9933959948574347 110.14529704680051
    endloop
  endfacet
  facet normal 0 -0.7409511253549763 -0.6715589548469995
    outer loop
      vertex -91.1 -4.138384073645051 110.3052667402509
      vertex -86.1 -3.9933959948574347 110.14529704680051
      vertex -86.1 -4.138384073645051 110.3052667402509
    endloop
  endfacet
  facet normal 0 -0.9891765099647811 -0.1467304744553602
    outer loop
      vertex -91.1 -3.536291375368349 109.17883053007597
      vertex -86.1 -3.504612593576623 108.96526953036552
      vertex -86.1 -3.536291375368349 109.17883053007597
    endloop
  endfacet
  facet normal 0 -0.903989293123436 -0.42755509343029763
    outer loop
      vertex -91.1 -3.753792210689075 109.78670464265768
      vertex -86.1 -3.6614840207306254 109.5915353728437
      vertex -86.1 -3.753792210689075 109.78670464265768
    endloop
  endfacet
  facet normal 0 -0.9415440651830234 -0.33688985339221256
    outer loop
      vertex -91.1 -3.6614840207306254 109.5915353728437
      vertex -86.1 -3.5887502536445965 109.38825811160031
      vertex -86.1 -3.6614840207306254 109.5915353728437
    endloop
  endfacet
  facet normal 0 -0.9700312531945448 -0.24298017990326043
    outer loop
      vertex -91.1 -3.5887502536445965 109.38825811160031
      vertex -86.1 -3.536291375368349 109.17883053007597
      vertex -86.1 -3.5887502536445965 109.38825811160031
    endloop
  endfacet
  facet normal -1.8805274933630582e-19 -0.9987954562051723 0.049067674327418966
    outer loop
      vertex -86.1 -3.504612593576623 108.53399411291547
      vertex -86.1 -3.494018992255456 108.74963182164049
      vertex -91.1 -3.494018992255456 108.74963182164049
    endloop
  endfacet
  facet normal 0 -0.9987954562051723 -0.049067674327418966
    outer loop
      vertex -91.1 -3.504612593576623 108.96526953036552
      vertex -86.1 -3.494018992255456 108.74963182164049
      vertex -86.1 -3.504612593576623 108.96526953036552
    endloop
  endfacet
  facet normal 0 -0.8577286100002692 -0.5141027441932267
    outer loop
      vertex -91.1 -3.8647858451898567 109.97188633428361
      vertex -86.1 -3.753792210689075 109.78670464265768
      vertex -86.1 -3.8647858451898567 109.97188633428361
    endloop
  endfacet
  facet normal -6.467306560710584e-19 0.9700312531945453 0.24298017990325851
    outer loop
      vertex 86.1 -7.799287730866316 108.11100553168068
      vertex 86.1 -7.851746609142563 108.32043311320501
      vertex 91.1 -7.851746609142563 108.32043311320501
    endloop
  endfacet
  facet normal 0 0.9891765099647808 0.1467304744553622
    outer loop
      vertex 86.1 -7.88342539093429 108.53399411291547
      vertex 91.1 -7.88342539093429 108.53399411291547
      vertex 86.1 -7.851746609142563 108.32043311320501
    endloop
  endfacet
  facet normal 0 0.7409511253549772 0.6715589548469982
    outer loop
      vertex 86.1 -7.394641989653477 107.35396659648048
      vertex 91.1 -7.394641989653477 107.35396659648048
      vertex 86.1 -7.249653910865861 107.19399690303008
    endloop
  endfacet
  facet normal 0 0.5956993044923963 0.8032075314806725
    outer loop
      vertex 86.1 -7.089684217415476 107.04900882424246
      vertex 91.1 -7.089684217415476 107.04900882424246
      vertex 86.1 -6.916273504898581 106.9203986745749
    endloop
  endfacet
  facet normal 0 0.6715589548470237 0.7409511253549542
    outer loop
      vertex 86.1 -7.249653910865861 107.19399690303008
      vertex 91.1 -7.249653910865861 107.19399690303008
      vertex 86.1 -7.089684217415476 107.04900882424246
    endloop
  endfacet
  facet normal 0 0.9039892931234367 0.4275550934302959
    outer loop
      vertex 86.1 -7.726553963780287 107.90772827043729
      vertex 91.1 -7.726553963780287 107.90772827043729
      vertex 86.1 -7.634245773821838 107.7125590006233
    endloop
  endfacet
  facet normal -2.1821662784212616e-19 0.8577286100002683 0.5141027441932282
    outer loop
      vertex 86.1 -7.523252139321055 107.52737730899737
      vertex 86.1 -7.634245773821838 107.7125590006233
      vertex 91.1 -7.634245773821838 107.7125590006233
    endloop
  endfacet
  facet normal -5.216866387408621e-19 0.8032075314806493 0.5956993044924276
    outer loop
      vertex 86.1 -7.394641989653477 107.35396659648048
      vertex 86.1 -7.523252139321055 107.52737730899737
      vertex 91.1 -7.523252139321055 107.52737730899737
    endloop
  endfacet
  facet normal -3.9057447874692857e-20 0.941544065183022 0.3368898533922162
    outer loop
      vertex 86.1 -7.726553963780287 107.90772827043729
      vertex 86.1 -7.799287730866316 108.11100553168068
      vertex 91.1 -7.799287730866316 108.11100553168068
    endloop
  endfacet
  facet normal 0 0.5141027441932396 0.8577286100002613
    outer loop
      vertex 86.1 -6.916273504898581 106.9203986745749
      vertex 91.1 -6.916273504898581 106.9203986745749
      vertex 86.1 -6.731091813272651 106.80940504007411
    endloop
  endfacet
  facet normal 0 0.4275550934302616 0.903989293123453
    outer loop
      vertex 86.1 -6.731091813272651 106.80940504007411
      vertex 91.1 -6.731091813272651 106.80940504007411
      vertex 86.1 -6.535922543458653 106.71709685011567
    endloop
  endfacet
  facet normal 0 0.33688985339224725 0.941544065183011
    outer loop
      vertex 86.1 -6.535922543458653 106.71709685011567
      vertex 91.1 -6.535922543458653 106.71709685011567
      vertex 86.1 -6.332645282215274 106.64436308302963
    endloop
  endfacet
  facet normal 0 0.24298017990323434 0.9700312531945514
    outer loop
      vertex 86.1 -6.332645282215274 106.64436308302963
      vertex 91.1 -6.332645282215274 106.64436308302963
      vertex 86.1 -6.1232177006909385 106.59190420475339
    endloop
  endfacet
  facet normal 0 0.9700312531945453 0.24298017990325851
    outer loop
      vertex 86.1 -7.799287730866316 108.11100553168068
      vertex 91.1 -7.851746609142563 108.32043311320501
      vertex 91.1 -7.799287730866316 108.11100553168068
    endloop
  endfacet
  facet normal 0 0.9891765099647808 0.1467304744553622
    outer loop
      vertex 86.1 -7.851746609142563 108.32043311320501
      vertex 91.1 -7.88342539093429 108.53399411291547
      vertex 91.1 -7.851746609142563 108.32043311320501
    endloop
  endfacet
  facet normal 0 0.9987954562051724 0.04906767432741692
    outer loop
      vertex 86.1 -7.88342539093429 108.53399411291547
      vertex 91.1 -7.8940189922554564 108.74963182164049
      vertex 91.1 -7.88342539093429 108.53399411291547
    endloop
  endfacet
  facet normal 0 0.7409511253549772 0.6715589548469982
    outer loop
      vertex 86.1 -7.249653910865861 107.19399690303008
      vertex 91.1 -7.394641989653477 107.35396659648048
      vertex 91.1 -7.249653910865861 107.19399690303008
    endloop
  endfacet
  facet normal 0 0.6715589548470237 0.7409511253549542
    outer loop
      vertex 86.1 -7.089684217415476 107.04900882424246
      vertex 91.1 -7.249653910865861 107.19399690303008
      vertex 91.1 -7.089684217415476 107.04900882424246
    endloop
  endfacet
  facet normal 0 0.941544065183022 0.3368898533922162
    outer loop
      vertex 86.1 -7.726553963780287 107.90772827043729
      vertex 91.1 -7.799287730866316 108.11100553168068
      vertex 91.1 -7.726553963780287 107.90772827043729
    endloop
  endfacet
  facet normal 0 0.9039892931234367 0.4275550934302959
    outer loop
      vertex 86.1 -7.634245773821838 107.7125590006233
      vertex 91.1 -7.726553963780287 107.90772827043729
      vertex 91.1 -7.634245773821838 107.7125590006233
    endloop
  endfacet
  facet normal 0 0.8577286100002683 0.5141027441932282
    outer loop
      vertex 86.1 -7.523252139321055 107.52737730899737
      vertex 91.1 -7.634245773821838 107.7125590006233
      vertex 91.1 -7.523252139321055 107.52737730899737
    endloop
  endfacet
  facet normal 0 0.8032075314806493 0.5956993044924276
    outer loop
      vertex 86.1 -7.394641989653477 107.35396659648048
      vertex 91.1 -7.523252139321055 107.52737730899737
      vertex 91.1 -7.394641989653477 107.35396659648048
    endloop
  endfacet
  facet normal 0 0.5956993044923963 0.8032075314806725
    outer loop
      vertex 86.1 -6.916273504898581 106.9203986745749
      vertex 91.1 -7.089684217415476 107.04900882424246
      vertex 91.1 -6.916273504898581 106.9203986745749
    endloop
  endfacet
  facet normal 0 0.5141027441932396 0.8577286100002613
    outer loop
      vertex 86.1 -6.731091813272651 106.80940504007411
      vertex 91.1 -6.916273504898581 106.9203986745749
      vertex 91.1 -6.731091813272651 106.80940504007411
    endloop
  endfacet
  facet normal -1.4502893535150382e-18 0.4275550934302616 0.903989293123453
    outer loop
      vertex 91.1 -6.731091813272651 106.80940504007411
      vertex 91.1 -6.535922543458653 106.71709685011567
      vertex 86.1 -6.535922543458653 106.71709685011567
    endloop
  endfacet
  facet normal 0 0.33688985339224725 0.941544065183011
    outer loop
      vertex 86.1 -6.332645282215274 106.64436308302963
      vertex 91.1 -6.535922543458653 106.71709685011567
      vertex 91.1 -6.332645282215274 106.64436308302963
    endloop
  endfacet
  facet normal 1.129316702670191e-19 0.9987954562051724 0.04906767432741692
    outer loop
      vertex 86.1 -7.88342539093429 108.53399411291547
      vertex 86.1 -7.8940189922554564 108.74963182164049
      vertex 91.1 -7.8940189922554564 108.74963182164049
    endloop
  endfacet
  facet normal -1.129316702670191e-19 0.9987954562051724 -0.04906767432741692
    outer loop
      vertex 86.1 -7.8940189922554564 108.74963182164049
      vertex 86.1 -7.88342539093429 108.96526953036552
      vertex 91.1 -7.88342539093429 108.96526953036552
    endloop
  endfacet
  facet normal 2.4392494629719574e-19 0.9891765099647808 -0.1467304744553622
    outer loop
      vertex 86.1 -7.88342539093429 108.96526953036552
      vertex 86.1 -7.851746609142563 109.17883053007597
      vertex 91.1 -7.851746609142563 109.17883053007597
    endloop
  endfacet
  facet normal 6.467306560710584e-19 0.9700312531945453 -0.24298017990325851
    outer loop
      vertex 86.1 -7.851746609142563 109.17883053007597
      vertex 86.1 -7.799287730866316 109.38825811160031
      vertex 91.1 -7.799287730866316 109.38825811160031
    endloop
  endfacet
  facet normal 3.9057447874692857e-20 0.941544065183022 -0.3368898533922162
    outer loop
      vertex 86.1 -7.799287730866316 109.38825811160031
      vertex 86.1 -7.726553963780287 109.5915353728437
      vertex 91.1 -7.726553963780287 109.5915353728437
    endloop
  endfacet
  facet normal 1.0543358347549015e-18 0.9039892931234367 -0.4275550934302959
    outer loop
      vertex 86.1 -7.726553963780287 109.5915353728437
      vertex 86.1 -7.634245773821838 109.78670464265768
      vertex 91.1 -7.634245773821838 109.78670464265768
    endloop
  endfacet
  facet normal 2.1821662784212616e-19 0.8577286100002683 -0.5141027441932282
    outer loop
      vertex 86.1 -7.634245773821838 109.78670464265768
      vertex 86.1 -7.523252139321055 109.97188633428361
      vertex 91.1 -7.523252139321055 109.97188633428361
    endloop
  endfacet
  facet normal 5.216866387408621e-19 0.8032075314806493 -0.5956993044924276
    outer loop
      vertex 86.1 -7.523252139321055 109.97188633428361
      vertex 86.1 -7.394641989653477 110.14529704680051
      vertex 91.1 -7.394641989653477 110.14529704680051
    endloop
  endfacet
  facet normal -6.075416844733502e-20 0.7409511253549772 -0.6715589548469982
    outer loop
      vertex 86.1 -7.394641989653477 110.14529704680051
      vertex 86.1 -7.249653910865861 110.3052667402509
      vertex 91.1 -7.249653910865861 110.3052667402509
    endloop
  endfacet
  facet normal -4.677049442898594e-19 0.6715589548470237 -0.7409511253549542
    outer loop
      vertex 86.1 -7.249653910865861 110.3052667402509
      vertex 86.1 -7.089684217415476 110.45025481903852
      vertex 91.1 -7.089684217415476 110.45025481903852
    endloop
  endfacet
  facet normal -3.6726140976130557e-19 0.5956993044923963 -0.8032075314806725
    outer loop
      vertex 86.1 -7.089684217415476 110.45025481903852
      vertex 86.1 -6.916273504898581 110.57886496870609
      vertex 91.1 -6.916273504898581 110.57886496870609
    endloop
  endfacet
  facet normal -2.275415446767775e-19 0.5141027441932396 -0.8577286100002613
    outer loop
      vertex 86.1 -6.916273504898581 110.57886496870609
      vertex 86.1 -6.731091813272651 110.68985860320687
      vertex 91.1 -6.731091813272651 110.68985860320687
    endloop
  endfacet
  facet normal 1.4502893535150382e-18 0.4275550934302616 -0.903989293123453
    outer loop
      vertex 86.1 -6.731091813272651 110.68985860320687
      vertex 86.1 -6.535922543458653 110.78216679316532
      vertex 91.1 -6.535922543458653 110.78216679316532
    endloop
  endfacet
  facet normal -2.9852965458951603e-19 0.33688985339224725 -0.941544065183011
    outer loop
      vertex 86.1 -6.535922543458653 110.78216679316532
      vertex 86.1 -6.332645282215274 110.85490056025135
      vertex 91.1 -6.332645282215274 110.85490056025135
    endloop
  endfacet
  facet normal 0 0.9987954562051724 -0.04906767432741692
    outer loop
      vertex 86.1 -7.8940189922554564 108.74963182164049
      vertex 91.1 -7.88342539093429 108.96526953036552
      vertex 91.1 -7.8940189922554564 108.74963182164049
    endloop
  endfacet
  facet normal 0 0.9891765099647808 -0.1467304744553622
    outer loop
      vertex 86.1 -7.88342539093429 108.96526953036552
      vertex 91.1 -7.851746609142563 109.17883053007597
      vertex 91.1 -7.88342539093429 108.96526953036552
    endloop
  endfacet
  facet normal 0 0.9700312531945453 -0.24298017990325851
    outer loop
      vertex 86.1 -7.851746609142563 109.17883053007597
      vertex 91.1 -7.799287730866316 109.38825811160031
      vertex 91.1 -7.851746609142563 109.17883053007597
    endloop
  endfacet
  facet normal 0 0.941544065183022 -0.3368898533922162
    outer loop
      vertex 86.1 -7.799287730866316 109.38825811160031
      vertex 91.1 -7.726553963780287 109.5915353728437
      vertex 91.1 -7.799287730866316 109.38825811160031
    endloop
  endfacet
  facet normal 0 0.9039892931234367 -0.4275550934302959
    outer loop
      vertex 86.1 -7.726553963780287 109.5915353728437
      vertex 91.1 -7.634245773821838 109.78670464265768
      vertex 91.1 -7.726553963780287 109.5915353728437
    endloop
  endfacet
  facet normal 0 0.8577286100002683 -0.5141027441932282
    outer loop
      vertex 86.1 -7.634245773821838 109.78670464265768
      vertex 91.1 -7.523252139321055 109.97188633428361
      vertex 91.1 -7.634245773821838 109.78670464265768
    endloop
  endfacet
  facet normal 0 0.8032075314806493 -0.5956993044924276
    outer loop
      vertex 86.1 -7.523252139321055 109.97188633428361
      vertex 91.1 -7.394641989653477 110.14529704680051
      vertex 91.1 -7.523252139321055 109.97188633428361
    endloop
  endfacet
  facet normal 0 0.7409511253549772 -0.6715589548469982
    outer loop
      vertex 86.1 -7.394641989653477 110.14529704680051
      vertex 91.1 -7.249653910865861 110.3052667402509
      vertex 91.1 -7.394641989653477 110.14529704680051
    endloop
  endfacet
  facet normal 0 0.6715589548470237 -0.7409511253549542
    outer loop
      vertex 86.1 -7.249653910865861 110.3052667402509
      vertex 91.1 -7.089684217415476 110.45025481903852
      vertex 91.1 -7.249653910865861 110.3052667402509
    endloop
  endfacet
  facet normal 0 0.5956993044923963 -0.8032075314806725
    outer loop
      vertex 86.1 -7.089684217415476 110.45025481903852
      vertex 91.1 -6.916273504898581 110.57886496870609
      vertex 91.1 -7.089684217415476 110.45025481903852
    endloop
  endfacet
  facet normal 0 0.5141027441932396 -0.8577286100002613
    outer loop
      vertex 86.1 -6.916273504898581 110.57886496870609
      vertex 91.1 -6.731091813272651 110.68985860320687
      vertex 91.1 -6.916273504898581 110.57886496870609
    endloop
  endfacet
  facet normal 0 0.4275550934302616 -0.903989293123453
    outer loop
      vertex 86.1 -6.731091813272651 110.68985860320687
      vertex 91.1 -6.535922543458653 110.78216679316532
      vertex 91.1 -6.731091813272651 110.68985860320687
    endloop
  endfacet
  facet normal 0 0.33688985339224725 -0.941544065183011
    outer loop
      vertex 86.1 -6.535922543458653 110.78216679316532
      vertex 91.1 -6.332645282215274 110.85490056025135
      vertex 91.1 -6.535922543458653 110.78216679316532
    endloop
  endfacet
  facet normal 0 0.24298017990323434 -0.9700312531945514
    outer loop
      vertex 86.1 -6.332645282215274 110.85490056025135
      vertex 91.1 -6.1232177006909385 110.90735943852759
      vertex 91.1 -6.332645282215274 110.85490056025135
    endloop
  endfacet
  facet normal 0 0.14673047445536055 0.989176509964781
    outer loop
      vertex 86.1 -6.1232177006909385 106.59190420475339
      vertex 91.1 -6.1232177006909385 106.59190420475339
      vertex 86.1 -5.90965670098049 106.56022542296166
    endloop
  endfacet
  facet normal 0 0.049067674327460446 0.9987954562051702
    outer loop
      vertex 86.1 -5.90965670098049 106.56022542296166
      vertex 91.1 -5.90965670098049 106.56022542296166
      vertex 86.1 -5.694018992255456 106.54963182164049
    endloop
  endfacet
  facet normal 0 -0.049067674327460446 0.9987954562051702
    outer loop
      vertex 86.1 -5.694018992255456 106.54963182164049
      vertex 91.1 -5.694018992255456 106.54963182164049
      vertex 86.1 -5.478381283530423 106.56022542296166
    endloop
  endfacet
  facet normal 0 -0.14673047445536055 0.989176509964781
    outer loop
      vertex 86.1 -5.478381283530423 106.56022542296166
      vertex 91.1 -5.478381283530423 106.56022542296166
      vertex 86.1 -5.264820283819974 106.59190420475339
    endloop
  endfacet
  facet normal 0 -0.24298017990323434 0.9700312531945514
    outer loop
      vertex 86.1 -5.264820283819974 106.59190420475339
      vertex 91.1 -5.264820283819974 106.59190420475339
      vertex 86.1 -5.055392702295639 106.64436308302963
    endloop
  endfacet
  facet normal 0 -0.33688985339224725 0.941544065183011
    outer loop
      vertex 86.1 -5.055392702295639 106.64436308302963
      vertex 91.1 -5.055392702295639 106.64436308302963
      vertex 86.1 -4.852115441052259 106.71709685011567
    endloop
  endfacet
  facet normal 0 -0.4275550934302616 0.903989293123453
    outer loop
      vertex 86.1 -4.852115441052259 106.71709685011567
      vertex 91.1 -4.852115441052259 106.71709685011567
      vertex 86.1 -4.656946171238261 106.80940504007411
    endloop
  endfacet
  facet normal 0 -0.5141027441932396 0.8577286100002613
    outer loop
      vertex 86.1 -4.656946171238261 106.80940504007411
      vertex 91.1 -4.656946171238261 106.80940504007411
      vertex 86.1 -4.4717644796123315 106.9203986745749
    endloop
  endfacet
  facet normal 0 -0.5956993044923963 0.8032075314806725
    outer loop
      vertex 86.1 -4.4717644796123315 106.9203986745749
      vertex 91.1 -4.4717644796123315 106.9203986745749
      vertex 86.1 -4.298353767095437 107.04900882424246
    endloop
  endfacet
  facet normal 0 -0.6715589548470237 0.7409511253549542
    outer loop
      vertex 86.1 -4.298353767095437 107.04900882424246
      vertex 91.1 -4.298353767095437 107.04900882424246
      vertex 86.1 -4.138384073645051 107.19399690303008
    endloop
  endfacet
  facet normal 0 -0.7409511253549763 0.6715589548469995
    outer loop
      vertex 86.1 -4.138384073645051 107.19399690303008
      vertex 91.1 -4.138384073645051 107.19399690303008
      vertex 86.1 -3.9933959948574347 107.35396659648048
    endloop
  endfacet
  facet normal 0 -0.8032075314806493 0.5956993044924276
    outer loop
      vertex 86.1 -3.9933959948574347 107.35396659648048
      vertex 91.1 -3.9933959948574347 107.35396659648048
      vertex 86.1 -3.8647858451898567 107.52737730899737
    endloop
  endfacet
  facet normal 0 -0.8577286100002692 0.5141027441932267
    outer loop
      vertex 86.1 -3.8647858451898567 107.52737730899737
      vertex 91.1 -3.8647858451898567 107.52737730899737
      vertex 86.1 -3.753792210689075 107.7125590006233
    endloop
  endfacet
  facet normal 0 -0.903989293123436 0.42755509343029763
    outer loop
      vertex 86.1 -3.753792210689075 107.7125590006233
      vertex 91.1 -3.753792210689075 107.7125590006233
      vertex 86.1 -3.6614840207306254 107.90772827043729
    endloop
  endfacet
  facet normal 0 -0.9415440651830234 0.33688985339221256
    outer loop
      vertex 86.1 -3.6614840207306254 107.90772827043729
      vertex 91.1 -3.6614840207306254 107.90772827043729
      vertex 86.1 -3.5887502536445965 108.11100553168068
    endloop
  endfacet
  facet normal 0 -0.9700312531945448 0.24298017990326043
    outer loop
      vertex 86.1 -3.5887502536445965 108.11100553168068
      vertex 91.1 -3.5887502536445965 108.11100553168068
      vertex 86.1 -3.536291375368349 108.32043311320501
    endloop
  endfacet
  facet normal 0 -0.9891765099647811 0.1467304744553602
    outer loop
      vertex 86.1 -3.536291375368349 108.32043311320501
      vertex 91.1 -3.536291375368349 108.32043311320501
      vertex 86.1 -3.504612593576623 108.53399411291547
    endloop
  endfacet
  facet normal 0 -0.9987954562051723 0.049067674327418966
    outer loop
      vertex 86.1 -3.504612593576623 108.53399411291547
      vertex 91.1 -3.504612593576623 108.53399411291547
      vertex 86.1 -3.494018992255456 108.74963182164049
    endloop
  endfacet
  facet normal 0 0.24298017990323434 0.9700312531945514
    outer loop
      vertex 86.1 -6.1232177006909385 106.59190420475339
      vertex 91.1 -6.332645282215274 106.64436308302963
      vertex 91.1 -6.1232177006909385 106.59190420475339
    endloop
  endfacet
  facet normal 0 0.14673047445536055 0.989176509964781
    outer loop
      vertex 86.1 -5.90965670098049 106.56022542296166
      vertex 91.1 -6.1232177006909385 106.59190420475339
      vertex 91.1 -5.90965670098049 106.56022542296166
    endloop
  endfacet
  facet normal 0 0.049067674327460446 0.9987954562051702
    outer loop
      vertex 86.1 -5.694018992255456 106.54963182164049
      vertex 91.1 -5.90965670098049 106.56022542296166
      vertex 91.1 -5.694018992255456 106.54963182164049
    endloop
  endfacet
  facet normal 0 -0.049067674327460446 0.9987954562051702
    outer loop
      vertex 86.1 -5.478381283530423 106.56022542296166
      vertex 91.1 -5.694018992255456 106.54963182164049
      vertex 91.1 -5.478381283530423 106.56022542296166
    endloop
  endfacet
  facet normal 0 -0.14673047445536055 0.989176509964781
    outer loop
      vertex 86.1 -5.264820283819974 106.59190420475339
      vertex 91.1 -5.478381283530423 106.56022542296166
      vertex 91.1 -5.264820283819974 106.59190420475339
    endloop
  endfacet
  facet normal 0 -0.24298017990323434 0.9700312531945514
    outer loop
      vertex 86.1 -5.055392702295639 106.64436308302963
      vertex 91.1 -5.264820283819974 106.59190420475339
      vertex 91.1 -5.055392702295639 106.64436308302963
    endloop
  endfacet
  facet normal 0 -0.33688985339224725 0.941544065183011
    outer loop
      vertex 86.1 -4.852115441052259 106.71709685011567
      vertex 91.1 -5.055392702295639 106.64436308302963
      vertex 91.1 -4.852115441052259 106.71709685011567
    endloop
  endfacet
  facet normal 0 -0.4275550934302616 0.903989293123453
    outer loop
      vertex 86.1 -4.656946171238261 106.80940504007411
      vertex 91.1 -4.852115441052259 106.71709685011567
      vertex 91.1 -4.656946171238261 106.80940504007411
    endloop
  endfacet
  facet normal 0 -0.5141027441932396 0.8577286100002613
    outer loop
      vertex 86.1 -4.4717644796123315 106.9203986745749
      vertex 91.1 -4.656946171238261 106.80940504007411
      vertex 91.1 -4.4717644796123315 106.9203986745749
    endloop
  endfacet
  facet normal -3.6726140976130557e-19 -0.5956993044923963 0.8032075314806725
    outer loop
      vertex 91.1 -4.4717644796123315 106.9203986745749
      vertex 91.1 -4.298353767095437 107.04900882424246
      vertex 86.1 -4.298353767095437 107.04900882424246
    endloop
  endfacet
  facet normal 0 -0.6715589548470237 0.7409511253549542
    outer loop
      vertex 86.1 -4.138384073645051 107.19399690303008
      vertex 91.1 -4.298353767095437 107.04900882424246
      vertex 91.1 -4.138384073645051 107.19399690303008
    endloop
  endfacet
  facet normal 0 -0.7409511253549763 0.6715589548469995
    outer loop
      vertex 86.1 -3.9933959948574347 107.35396659648048
      vertex 91.1 -4.138384073645051 107.19399690303008
      vertex 91.1 -3.9933959948574347 107.35396659648048
    endloop
  endfacet
  facet normal 0 -0.8032075314806493 0.5956993044924276
    outer loop
      vertex 86.1 -3.8647858451898567 107.52737730899737
      vertex 91.1 -3.9933959948574347 107.35396659648048
      vertex 91.1 -3.8647858451898567 107.52737730899737
    endloop
  endfacet
  facet normal 0 -0.8577286100002692 0.5141027441932267
    outer loop
      vertex 86.1 -3.753792210689075 107.7125590006233
      vertex 91.1 -3.8647858451898567 107.52737730899737
      vertex 91.1 -3.753792210689075 107.7125590006233
    endloop
  endfacet
  facet normal 0 -0.903989293123436 0.42755509343029763
    outer loop
      vertex 86.1 -3.6614840207306254 107.90772827043729
      vertex 91.1 -3.753792210689075 107.7125590006233
      vertex 91.1 -3.6614840207306254 107.90772827043729
    endloop
  endfacet
  facet normal 0 -0.9415440651830234 0.33688985339221256
    outer loop
      vertex 86.1 -3.5887502536445965 108.11100553168068
      vertex 91.1 -3.6614840207306254 107.90772827043729
      vertex 91.1 -3.5887502536445965 108.11100553168068
    endloop
  endfacet
  facet normal 0 -0.9700312531945448 0.24298017990326043
    outer loop
      vertex 86.1 -3.536291375368349 108.32043311320501
      vertex 91.1 -3.5887502536445965 108.11100553168068
      vertex 91.1 -3.536291375368349 108.32043311320501
    endloop
  endfacet
  facet normal 0 -0.9891765099647811 0.1467304744553602
    outer loop
      vertex 86.1 -3.504612593576623 108.53399411291547
      vertex 91.1 -3.536291375368349 108.32043311320501
      vertex 91.1 -3.504612593576623 108.53399411291547
    endloop
  endfacet
  facet normal 3.811131960663869e-19 0.24298017990323434 -0.9700312531945514
    outer loop
      vertex 86.1 -6.332645282215274 110.85490056025135
      vertex 86.1 -6.1232177006909385 110.90735943852759
      vertex 91.1 -6.1232177006909385 110.90735943852759
    endloop
  endfacet
  facet normal -1.1182473736916267e-19 0.14673047445536055 -0.989176509964781
    outer loop
      vertex 86.1 -6.1232177006909385 110.90735943852759
      vertex 86.1 -5.90965670098049 110.93903822031932
      vertex 91.1 -5.90965670098049 110.93903822031932
    endloop
  endfacet
  facet normal 6.860399868110808e-20 0.049067674327460446 -0.9987954562051702
    outer loop
      vertex 86.1 -5.90965670098049 110.93903822031932
      vertex 86.1 -5.694018992255456 110.9496318216405
      vertex 91.1 -5.694018992255456 110.9496318216405
    endloop
  endfacet
  facet normal -6.860399868110808e-20 -0.049067674327460446 -0.9987954562051702
    outer loop
      vertex 86.1 -5.694018992255456 110.9496318216405
      vertex 86.1 -5.478381283530423 110.93903822031932
      vertex 91.1 -5.478381283530423 110.93903822031932
    endloop
  endfacet
  facet normal 1.1182473736916267e-19 -0.14673047445536055 -0.989176509964781
    outer loop
      vertex 86.1 -5.478381283530423 110.93903822031932
      vertex 86.1 -5.264820283819974 110.90735943852759
      vertex 91.1 -5.264820283819974 110.90735943852759
    endloop
  endfacet
  facet normal -3.811131960663869e-19 -0.24298017990323434 -0.9700312531945514
    outer loop
      vertex 86.1 -5.264820283819974 110.90735943852759
      vertex 86.1 -5.055392702295639 110.85490056025135
      vertex 91.1 -5.055392702295639 110.85490056025135
    endloop
  endfacet
  facet normal 2.9852965458951603e-19 -0.33688985339224725 -0.941544065183011
    outer loop
      vertex 86.1 -5.055392702295639 110.85490056025135
      vertex 86.1 -4.852115441052259 110.78216679316532
      vertex 91.1 -4.852115441052259 110.78216679316532
    endloop
  endfacet
  facet normal -1.4502893535150382e-18 -0.4275550934302616 -0.903989293123453
    outer loop
      vertex 86.1 -4.852115441052259 110.78216679316532
      vertex 86.1 -4.656946171238261 110.68985860320687
      vertex 91.1 -4.656946171238261 110.68985860320687
    endloop
  endfacet
  facet normal 2.275415446767775e-19 -0.5141027441932396 -0.8577286100002613
    outer loop
      vertex 86.1 -4.656946171238261 110.68985860320687
      vertex 86.1 -4.4717644796123315 110.57886496870609
      vertex 91.1 -4.4717644796123315 110.57886496870609
    endloop
  endfacet
  facet normal 3.6726140976130557e-19 -0.5956993044923963 -0.8032075314806725
    outer loop
      vertex 86.1 -4.4717644796123315 110.57886496870609
      vertex 86.1 -4.298353767095437 110.45025481903852
      vertex 91.1 -4.298353767095437 110.45025481903852
    endloop
  endfacet
  facet normal 4.677049442898594e-19 -0.6715589548470237 -0.7409511253549542
    outer loop
      vertex 86.1 -4.298353767095437 110.45025481903852
      vertex 86.1 -4.138384073645051 110.3052667402509
      vertex 91.1 -4.138384073645051 110.3052667402509
    endloop
  endfacet
  facet normal -5.216866387408621e-19 -0.8032075314806493 -0.5956993044924276
    outer loop
      vertex 86.1 -3.9933959948574347 110.14529704680051
      vertex 86.1 -3.8647858451898567 109.97188633428361
      vertex 91.1 -3.8647858451898567 109.97188633428361
    endloop
  endfacet
  facet normal -1.4694846551513007e-18 -0.7409511253549763 -0.6715589548469995
    outer loop
      vertex 86.1 -4.138384073645051 110.3052667402509
      vertex 86.1 -3.9933959948574347 110.14529704680051
      vertex 91.1 -3.9933959948574347 110.14529704680051
    endloop
  endfacet
  facet normal -1.1719418545014429e-18 -0.8577286100002692 -0.5141027441932267
    outer loop
      vertex 86.1 -3.8647858451898567 109.97188633428361
      vertex 86.1 -3.753792210689075 109.78670464265768
      vertex 91.1 -3.753792210689075 109.78670464265768
    endloop
  endfacet
  facet normal -2.5567675104608267e-20 -0.9700312531945448 -0.24298017990326043
    outer loop
      vertex 86.1 -3.5887502536445965 109.38825811160031
      vertex 86.1 -3.536291375368349 109.17883053007597
      vertex 91.1 -3.536291375368349 109.17883053007597
    endloop
  endfacet
  facet normal 0 -0.9415440651830234 -0.33688985339221256
    outer loop
      vertex 86.1 -3.5887502536445965 109.38825811160031
      vertex 91.1 -3.5887502536445965 109.38825811160031
      vertex 86.1 -3.6614840207306254 109.5915353728437
    endloop
  endfacet
  facet normal -9.954125943669712e-19 -0.903989293123436 -0.42755509343029763
    outer loop
      vertex 86.1 -3.753792210689075 109.78670464265768
      vertex 86.1 -3.6614840207306254 109.5915353728437
      vertex 91.1 -3.6614840207306254 109.5915353728437
    endloop
  endfacet
  facet normal 0 -0.9987954562051723 -0.049067674327418966
    outer loop
      vertex 86.1 -3.494018992255456 108.74963182164049
      vertex 91.1 -3.494018992255456 108.74963182164049
      vertex 86.1 -3.504612593576623 108.96526953036552
    endloop
  endfacet
  facet normal 0 -0.9891765099647811 -0.1467304744553602
    outer loop
      vertex 86.1 -3.504612593576623 108.96526953036552
      vertex 91.1 -3.504612593576623 108.96526953036552
      vertex 86.1 -3.536291375368349 109.17883053007597
    endloop
  endfacet
  facet normal 0 0.14673047445536055 -0.989176509964781
    outer loop
      vertex 86.1 -6.1232177006909385 110.90735943852759
      vertex 91.1 -5.90965670098049 110.93903822031932
      vertex 91.1 -6.1232177006909385 110.90735943852759
    endloop
  endfacet
  facet normal 0 0.049067674327460446 -0.9987954562051702
    outer loop
      vertex 86.1 -5.90965670098049 110.93903822031932
      vertex 91.1 -5.694018992255456 110.9496318216405
      vertex 91.1 -5.90965670098049 110.93903822031932
    endloop
  endfacet
  facet normal 0 -0.049067674327460446 -0.9987954562051702
    outer loop
      vertex 86.1 -5.694018992255456 110.9496318216405
      vertex 91.1 -5.478381283530423 110.93903822031932
      vertex 91.1 -5.694018992255456 110.9496318216405
    endloop
  endfacet
  facet normal 0 -0.14673047445536055 -0.989176509964781
    outer loop
      vertex 86.1 -5.478381283530423 110.93903822031932
      vertex 91.1 -5.264820283819974 110.90735943852759
      vertex 91.1 -5.478381283530423 110.93903822031932
    endloop
  endfacet
  facet normal 0 -0.24298017990323434 -0.9700312531945514
    outer loop
      vertex 86.1 -5.264820283819974 110.90735943852759
      vertex 91.1 -5.055392702295639 110.85490056025135
      vertex 91.1 -5.264820283819974 110.90735943852759
    endloop
  endfacet
  facet normal 0 -0.33688985339224725 -0.941544065183011
    outer loop
      vertex 86.1 -5.055392702295639 110.85490056025135
      vertex 91.1 -4.852115441052259 110.78216679316532
      vertex 91.1 -5.055392702295639 110.85490056025135
    endloop
  endfacet
  facet normal 0 -0.4275550934302616 -0.903989293123453
    outer loop
      vertex 86.1 -4.852115441052259 110.78216679316532
      vertex 91.1 -4.656946171238261 110.68985860320687
      vertex 91.1 -4.852115441052259 110.78216679316532
    endloop
  endfacet
  facet normal 0 -0.5141027441932396 -0.8577286100002613
    outer loop
      vertex 86.1 -4.656946171238261 110.68985860320687
      vertex 91.1 -4.4717644796123315 110.57886496870609
      vertex 91.1 -4.656946171238261 110.68985860320687
    endloop
  endfacet
  facet normal 0 -0.5956993044923963 -0.8032075314806725
    outer loop
      vertex 86.1 -4.4717644796123315 110.57886496870609
      vertex 91.1 -4.298353767095437 110.45025481903852
      vertex 91.1 -4.4717644796123315 110.57886496870609
    endloop
  endfacet
  facet normal 0 -0.6715589548470237 -0.7409511253549542
    outer loop
      vertex 86.1 -4.298353767095437 110.45025481903852
      vertex 91.1 -4.138384073645051 110.3052667402509
      vertex 91.1 -4.298353767095437 110.45025481903852
    endloop
  endfacet
  facet normal 0 -0.8032075314806493 -0.5956993044924276
    outer loop
      vertex 86.1 -3.9933959948574347 110.14529704680051
      vertex 91.1 -3.8647858451898567 109.97188633428361
      vertex 91.1 -3.9933959948574347 110.14529704680051
    endloop
  endfacet
  facet normal 0 -0.7409511253549763 -0.6715589548469995
    outer loop
      vertex 86.1 -4.138384073645051 110.3052667402509
      vertex 91.1 -3.9933959948574347 110.14529704680051
      vertex 91.1 -4.138384073645051 110.3052667402509
    endloop
  endfacet
  facet normal 0 -0.9891765099647811 -0.1467304744553602
    outer loop
      vertex 86.1 -3.536291375368349 109.17883053007597
      vertex 91.1 -3.504612593576623 108.96526953036552
      vertex 91.1 -3.536291375368349 109.17883053007597
    endloop
  endfacet
  facet normal 0 -0.903989293123436 -0.42755509343029763
    outer loop
      vertex 86.1 -3.753792210689075 109.78670464265768
      vertex 91.1 -3.6614840207306254 109.5915353728437
      vertex 91.1 -3.753792210689075 109.78670464265768
    endloop
  endfacet
  facet normal 0 -0.9415440651830234 -0.33688985339221256
    outer loop
      vertex 86.1 -3.6614840207306254 109.5915353728437
      vertex 91.1 -3.5887502536445965 109.38825811160031
      vertex 91.1 -3.6614840207306254 109.5915353728437
    endloop
  endfacet
  facet normal 0 -0.9700312531945448 -0.24298017990326043
    outer loop
      vertex 86.1 -3.5887502536445965 109.38825811160031
      vertex 91.1 -3.536291375368349 109.17883053007597
      vertex 91.1 -3.5887502536445965 109.38825811160031
    endloop
  endfacet
  facet normal -1.8805274933630582e-19 -0.9987954562051723 0.049067674327418966
    outer loop
      vertex 91.1 -3.504612593576623 108.53399411291547
      vertex 91.1 -3.494018992255456 108.74963182164049
      vertex 86.1 -3.494018992255456 108.74963182164049
    endloop
  endfacet
  facet normal 0 -0.9987954562051723 -0.049067674327418966
    outer loop
      vertex 86.1 -3.504612593576623 108.96526953036552
      vertex 91.1 -3.494018992255456 108.74963182164049
      vertex 91.1 -3.504612593576623 108.96526953036552
    endloop
  endfacet
  facet normal 0 -0.8577286100002692 -0.5141027441932267
    outer loop
      vertex 86.1 -3.8647858451898567 109.97188633428361
      vertex 91.1 -3.753792210689075 109.78670464265768
      vertex 91.1 -3.8647858451898567 109.97188633428361
    endloop
  endfacet
  facet normal 1.0883049756234803e-18 0.8577286100002701 0.5141027441932251
    outer loop
      vertex -91.1 -12.8292331470656 109.72518660409924
      vertex -91.1 -12.94022678156638 109.91036829572516
      vertex -86.1 -12.94022678156638 109.91036829572516
    endloop
  endfacet
  facet normal 0 0.8032075314806493 0.5956993044924276
    outer loop
      vertex -91.1 -12.8292331470656 109.72518660409924
      vertex -86.1 -12.8292331470656 109.72518660409924
      vertex -91.1 -12.700622997398021 109.55177589158234
    endloop
  endfacet
  facet normal 0 0.7409511253549772 0.6715589548469982
    outer loop
      vertex -91.1 -12.700622997398021 109.55177589158234
      vertex -86.1 -12.700622997398021 109.55177589158234
      vertex -91.1 -12.555634918610405 109.39180619813195
    endloop
  endfacet
  facet normal 0 0.6715589548470237 0.7409511253549542
    outer loop
      vertex -91.1 -12.555634918610405 109.39180619813195
      vertex -86.1 -12.555634918610405 109.39180619813195
      vertex -91.1 -12.39566522516002 109.24681811934433
    endloop
  endfacet
  facet normal 0 0.9700312531945443 0.2429801799032624
    outer loop
      vertex -91.1 -13.157727616887108 110.51824240830688
      vertex -86.1 -13.157727616887108 110.51824240830688
      vertex -91.1 -13.10526873861086 110.30881482678254
    endloop
  endfacet
  facet normal 0 0.9039892931234352 0.4275550934302993
    outer loop
      vertex -91.1 -13.03253497152483 110.10553756553915
      vertex -86.1 -13.03253497152483 110.10553756553915
      vertex -91.1 -12.94022678156638 109.91036829572516
    endloop
  endfacet
  facet normal -3.9057447874692857e-20 0.941544065183022 0.3368898533922162
    outer loop
      vertex -91.1 -13.03253497152483 110.10553756553915
      vertex -91.1 -13.10526873861086 110.30881482678254
      vertex -86.1 -13.10526873861086 110.30881482678254
    endloop
  endfacet
  facet normal 3.07643843966808e-19 0.9891765099647813 0.14673047445535817
    outer loop
      vertex -91.1 -13.157727616887108 110.51824240830688
      vertex -91.1 -13.189406398678834 110.73180340801733
      vertex -86.1 -13.189406398678834 110.73180340801733
    endloop
  endfacet
  facet normal -3.731048787155448e-20 0.9987954562051726 0.04906767432741282
    outer loop
      vertex -91.1 -13.189406398678834 110.73180340801733
      vertex -91.1 -13.2 110.94744111674235
      vertex -86.1 -13.2 110.94744111674235
    endloop
  endfacet
  facet normal 3.731048787155448e-20 0.9987954562051726 -0.04906767432741282
    outer loop
      vertex -91.1 -13.2 110.94744111674235
      vertex -91.1 -13.189406398678834 111.16307882546738
      vertex -86.1 -13.189406398678834 111.16307882546738
    endloop
  endfacet
  facet normal -3.07643843966808e-19 0.9891765099647813 -0.14673047445535817
    outer loop
      vertex -91.1 -13.189406398678834 111.16307882546738
      vertex -91.1 -13.157727616887108 111.37663982517783
      vertex -86.1 -13.157727616887108 111.37663982517783
    endloop
  endfacet
  facet normal -5.955953058618411e-19 0.9700312531945443 -0.2429801799032624
    outer loop
      vertex -91.1 -13.157727616887108 111.37663982517783
      vertex -91.1 -13.10526873861086 111.58606740670217
      vertex -86.1 -13.10526873861086 111.58606740670217
    endloop
  endfacet
  facet normal 3.9057447874692857e-20 0.941544065183022 -0.3368898533922162
    outer loop
      vertex -91.1 -13.10526873861086 111.58606740670217
      vertex -91.1 -13.03253497152483 111.78934466794556
      vertex -86.1 -13.03253497152483 111.78934466794556
    endloop
  endfacet
  facet normal 9.36489353979041e-19 0.9039892931234352 -0.4275550934302993
    outer loop
      vertex -91.1 -13.03253497152483 111.78934466794556
      vertex -91.1 -12.94022678156638 111.98451393775954
      vertex -86.1 -12.94022678156638 111.98451393775954
    endloop
  endfacet
  facet normal -1.0883049756234803e-18 0.8577286100002701 -0.5141027441932251
    outer loop
      vertex -91.1 -12.94022678156638 111.98451393775954
      vertex -91.1 -12.8292331470656 112.16969562938547
      vertex -86.1 -12.8292331470656 112.16969562938547
    endloop
  endfacet
  facet normal 5.216866387408621e-19 0.8032075314806493 -0.5956993044924276
    outer loop
      vertex -91.1 -12.8292331470656 112.16969562938547
      vertex -91.1 -12.700622997398021 112.34310634190237
      vertex -86.1 -12.700622997398021 112.34310634190237
    endloop
  endfacet
  facet normal -6.075416844733502e-20 0.7409511253549772 -0.6715589548469982
    outer loop
      vertex -91.1 -12.700622997398021 112.34310634190237
      vertex -91.1 -12.555634918610405 112.50307603535276
      vertex -86.1 -12.555634918610405 112.50307603535276
    endloop
  endfacet
  facet normal 0 0.8577286100002701 0.5141027441932251
    outer loop
      vertex -91.1 -12.8292331470656 109.72518660409924
      vertex -86.1 -12.94022678156638 109.91036829572516
      vertex -86.1 -12.8292331470656 109.72518660409924
    endloop
  endfacet
  facet normal 0 0.8032075314806493 0.5956993044924276
    outer loop
      vertex -91.1 -12.700622997398021 109.55177589158234
      vertex -86.1 -12.8292331470656 109.72518660409924
      vertex -86.1 -12.700622997398021 109.55177589158234
    endloop
  endfacet
  facet normal 0 0.7409511253549772 0.6715589548469982
    outer loop
      vertex -91.1 -12.555634918610405 109.39180619813195
      vertex -86.1 -12.700622997398021 109.55177589158234
      vertex -86.1 -12.555634918610405 109.39180619813195
    endloop
  endfacet
  facet normal 5.955953058618411e-19 0.9700312531945443 0.2429801799032624
    outer loop
      vertex -86.1 -13.157727616887108 110.51824240830688
      vertex -86.1 -13.10526873861086 110.30881482678254
      vertex -91.1 -13.10526873861086 110.30881482678254
    endloop
  endfacet
  facet normal 0 0.9039892931234352 0.4275550934302993
    outer loop
      vertex -91.1 -12.94022678156638 109.91036829572516
      vertex -86.1 -13.03253497152483 110.10553756553915
      vertex -86.1 -12.94022678156638 109.91036829572516
    endloop
  endfacet
  facet normal 0 0.941544065183022 0.3368898533922162
    outer loop
      vertex -91.1 -13.03253497152483 110.10553756553915
      vertex -86.1 -13.10526873861086 110.30881482678254
      vertex -86.1 -13.03253497152483 110.10553756553915
    endloop
  endfacet
  facet normal 0 0.9891765099647813 0.14673047445535817
    outer loop
      vertex -91.1 -13.157727616887108 110.51824240830688
      vertex -86.1 -13.189406398678834 110.73180340801733
      vertex -86.1 -13.157727616887108 110.51824240830688
    endloop
  endfacet
  facet normal 0 0.9987954562051726 0.04906767432741282
    outer loop
      vertex -91.1 -13.189406398678834 110.73180340801733
      vertex -86.1 -13.2 110.94744111674235
      vertex -86.1 -13.189406398678834 110.73180340801733
    endloop
  endfacet
  facet normal 0 0.9987954562051726 -0.04906767432741282
    outer loop
      vertex -91.1 -13.2 110.94744111674235
      vertex -86.1 -13.189406398678834 111.16307882546738
      vertex -86.1 -13.2 110.94744111674235
    endloop
  endfacet
  facet normal 0 0.9891765099647813 -0.14673047445535817
    outer loop
      vertex -91.1 -13.189406398678834 111.16307882546738
      vertex -86.1 -13.157727616887108 111.37663982517783
      vertex -86.1 -13.189406398678834 111.16307882546738
    endloop
  endfacet
  facet normal 0 0.9700312531945443 -0.2429801799032624
    outer loop
      vertex -91.1 -13.157727616887108 111.37663982517783
      vertex -86.1 -13.10526873861086 111.58606740670217
      vertex -86.1 -13.157727616887108 111.37663982517783
    endloop
  endfacet
  facet normal 0 0.941544065183022 -0.3368898533922162
    outer loop
      vertex -91.1 -13.10526873861086 111.58606740670217
      vertex -86.1 -13.03253497152483 111.78934466794556
      vertex -86.1 -13.10526873861086 111.58606740670217
    endloop
  endfacet
  facet normal 0 0.9039892931234352 -0.4275550934302993
    outer loop
      vertex -91.1 -13.03253497152483 111.78934466794556
      vertex -86.1 -12.94022678156638 111.98451393775954
      vertex -86.1 -13.03253497152483 111.78934466794556
    endloop
  endfacet
  facet normal 0 0.8577286100002701 -0.5141027441932251
    outer loop
      vertex -91.1 -12.94022678156638 111.98451393775954
      vertex -86.1 -12.8292331470656 112.16969562938547
      vertex -86.1 -12.94022678156638 111.98451393775954
    endloop
  endfacet
  facet normal 0 0.8032075314806493 -0.5956993044924276
    outer loop
      vertex -91.1 -12.8292331470656 112.16969562938547
      vertex -86.1 -12.700622997398021 112.34310634190237
      vertex -86.1 -12.8292331470656 112.16969562938547
    endloop
  endfacet
  facet normal 0 0.7409511253549772 -0.6715589548469982
    outer loop
      vertex -91.1 -12.700622997398021 112.34310634190237
      vertex -86.1 -12.555634918610405 112.50307603535276
      vertex -86.1 -12.700622997398021 112.34310634190237
    endloop
  endfacet
  facet normal 0 0.6715589548470237 -0.7409511253549542
    outer loop
      vertex -91.1 -12.555634918610405 112.50307603535276
      vertex -86.1 -12.39566522516002 112.64806411414038
      vertex -86.1 -12.555634918610405 112.50307603535276
    endloop
  endfacet
  facet normal 0 0.5956993044923983 0.803207531480671
    outer loop
      vertex -91.1 -12.39566522516002 109.24681811934433
      vertex -86.1 -12.39566522516002 109.24681811934433
      vertex -91.1 -12.222254512643126 109.11820796967676
    endloop
  endfacet
  facet normal 0 0.5141027441932361 0.8577286100002636
    outer loop
      vertex -91.1 -12.222254512643126 109.11820796967676
      vertex -86.1 -12.222254512643126 109.11820796967676
      vertex -91.1 -12.037072821017194 109.00721433517597
    endloop
  endfacet
  facet normal 0 0.4275550934302632 0.9039892931234522
    outer loop
      vertex -91.1 -12.037072821017194 109.00721433517597
      vertex -86.1 -12.037072821017194 109.00721433517597
      vertex -91.1 -11.841903551203197 108.91490614521753
    endloop
  endfacet
  facet normal 0 0.3368898533922459 0.9415440651830115
    outer loop
      vertex -91.1 -11.841903551203197 108.91490614521753
      vertex -86.1 -11.841903551203197 108.91490614521753
      vertex -91.1 -11.638626289959817 108.8421723781315
    endloop
  endfacet
  facet normal 0 0.24298017990323534 0.9700312531945512
    outer loop
      vertex -91.1 -11.638626289959817 108.8421723781315
      vertex -86.1 -11.638626289959817 108.8421723781315
      vertex -91.1 -11.429198708435482 108.78971349985525
    endloop
  endfacet
  facet normal 0 0.14673047445536055 0.989176509964781
    outer loop
      vertex -91.1 -11.429198708435482 108.78971349985525
      vertex -86.1 -11.429198708435482 108.78971349985525
      vertex -91.1 -11.215637708725033 108.75803471806353
    endloop
  endfacet
  facet normal 0 0.049067674327460446 0.9987954562051702
    outer loop
      vertex -91.1 -11.215637708725033 108.75803471806353
      vertex -86.1 -11.215637708725033 108.75803471806353
      vertex -91.1 -11 108.74744111674235
    endloop
  endfacet
  facet normal -4.677049442898594e-19 0.6715589548470237 -0.7409511253549542
    outer loop
      vertex -91.1 -12.555634918610405 112.50307603535276
      vertex -91.1 -12.39566522516002 112.64806411414038
      vertex -86.1 -12.39566522516002 112.64806411414038
    endloop
  endfacet
  facet normal -1.2363691198240693e-19 0.5956993044923983 -0.803207531480671
    outer loop
      vertex -91.1 -12.39566522516002 112.64806411414038
      vertex -91.1 -12.222254512643126 112.77667426380795
      vertex -86.1 -12.222254512643126 112.77667426380795
    endloop
  endfacet
  facet normal -7.779636209552203e-19 0.5141027441932361 -0.8577286100002636
    outer loop
      vertex -91.1 -12.222254512643126 112.77667426380795
      vertex -91.1 -12.037072821017194 112.88766789830873
      vertex -86.1 -12.037072821017194 112.88766789830873
    endloop
  endfacet
  facet normal -5.773947839732e-19 0.4275550934302632 -0.9039892931234522
    outer loop
      vertex -91.1 -12.037072821017194 112.88766789830873
      vertex -91.1 -11.841903551203197 112.97997608826718
      vertex -86.1 -11.841903551203197 112.97997608826718
    endloop
  endfacet
  facet normal 8.6646814689558e-20 0.3368898533922459 -0.9415440651830115
    outer loop
      vertex -91.1 -11.841903551203197 112.97997608826718
      vertex -91.1 -11.638626289959817 113.05270985535321
      vertex -86.1 -11.638626289959817 113.05270985535321
    endloop
  endfacet
  facet normal 6.077855216722443e-19 0.24298017990323534 -0.9700312531945512
    outer loop
      vertex -91.1 -11.638626289959817 113.05270985535321
      vertex -91.1 -11.429198708435482 113.10516873362945
      vertex -86.1 -11.429198708435482 113.10516873362945
    endloop
  endfacet
  facet normal -1.1182473736916267e-19 0.14673047445536055 -0.989176509964781
    outer loop
      vertex -91.1 -11.429198708435482 113.10516873362945
      vertex -91.1 -11.215637708725033 113.13684751542118
      vertex -86.1 -11.215637708725033 113.13684751542118
    endloop
  endfacet
  facet normal 6.860399868110808e-20 0.049067674327460446 -0.9987954562051702
    outer loop
      vertex -91.1 -11.215637708725033 113.13684751542118
      vertex -91.1 -11 113.14744111674236
      vertex -86.1 -11 113.14744111674236
    endloop
  endfacet
  facet normal 0 -0.049067674327460446 0.9987954562051702
    outer loop
      vertex -91.1 -11 108.74744111674235
      vertex -86.1 -11 108.74744111674235
      vertex -91.1 -10.784362291274967 108.75803471806353
    endloop
  endfacet
  facet normal 0 -0.14673047445536055 0.989176509964781
    outer loop
      vertex -91.1 -10.784362291274967 108.75803471806353
      vertex -86.1 -10.784362291274967 108.75803471806353
      vertex -91.1 -10.570801291564518 108.78971349985525
    endloop
  endfacet
  facet normal 0 -0.24298017990323534 0.9700312531945512
    outer loop
      vertex -91.1 -10.570801291564518 108.78971349985525
      vertex -86.1 -10.570801291564518 108.78971349985525
      vertex -91.1 -10.361373710040183 108.8421723781315
    endloop
  endfacet
  facet normal 0 -0.3368898533922459 0.9415440651830115
    outer loop
      vertex -91.1 -10.361373710040183 108.8421723781315
      vertex -86.1 -10.361373710040183 108.8421723781315
      vertex -91.1 -10.158096448796803 108.91490614521753
    endloop
  endfacet
  facet normal 0 -0.4275550934302632 0.9039892931234522
    outer loop
      vertex -91.1 -10.158096448796803 108.91490614521753
      vertex -86.1 -10.158096448796803 108.91490614521753
      vertex -91.1 -9.962927178982806 109.00721433517597
    endloop
  endfacet
  facet normal 0 -0.5141027441932361 0.8577286100002636
    outer loop
      vertex -91.1 -9.962927178982806 109.00721433517597
      vertex -86.1 -9.962927178982806 109.00721433517597
      vertex -91.1 -9.777745487356874 109.11820796967676
    endloop
  endfacet
  facet normal 0 -0.5956993044923983 0.803207531480671
    outer loop
      vertex -91.1 -9.777745487356874 109.11820796967676
      vertex -86.1 -9.777745487356874 109.11820796967676
      vertex -91.1 -9.60433477483998 109.24681811934433
    endloop
  endfacet
  facet normal 0 -0.6715589548470237 0.7409511253549542
    outer loop
      vertex -91.1 -9.60433477483998 109.24681811934433
      vertex -86.1 -9.60433477483998 109.24681811934433
      vertex -91.1 -9.444365081389595 109.39180619813195
    endloop
  endfacet
  facet normal 0 -0.7409511253549772 0.6715589548469982
    outer loop
      vertex -91.1 -9.444365081389595 109.39180619813195
      vertex -86.1 -9.444365081389595 109.39180619813195
      vertex -91.1 -9.299377002601979 109.55177589158234
    endloop
  endfacet
  facet normal -6.860399868110808e-20 -0.049067674327460446 -0.9987954562051702
    outer loop
      vertex -91.1 -11 113.14744111674236
      vertex -91.1 -10.784362291274967 113.13684751542118
      vertex -86.1 -10.784362291274967 113.13684751542118
    endloop
  endfacet
  facet normal 1.1182473736916267e-19 -0.14673047445536055 -0.989176509964781
    outer loop
      vertex -91.1 -10.784362291274967 113.13684751542118
      vertex -91.1 -10.570801291564518 113.10516873362945
      vertex -86.1 -10.570801291564518 113.10516873362945
    endloop
  endfacet
  facet normal -6.077855216722443e-19 -0.24298017990323534 -0.9700312531945512
    outer loop
      vertex -91.1 -10.570801291564518 113.10516873362945
      vertex -91.1 -10.361373710040183 113.05270985535321
      vertex -86.1 -10.361373710040183 113.05270985535321
    endloop
  endfacet
  facet normal -8.6646814689558e-20 -0.3368898533922459 -0.9415440651830115
    outer loop
      vertex -91.1 -10.361373710040183 113.05270985535321
      vertex -91.1 -10.158096448796803 112.97997608826718
      vertex -86.1 -10.158096448796803 112.97997608826718
    endloop
  endfacet
  facet normal 5.773947839732e-19 -0.4275550934302632 -0.9039892931234522
    outer loop
      vertex -91.1 -10.158096448796803 112.97997608826718
      vertex -91.1 -9.962927178982806 112.88766789830873
      vertex -86.1 -9.962927178982806 112.88766789830873
    endloop
  endfacet
  facet normal 7.779636209552203e-19 -0.5141027441932361 -0.8577286100002636
    outer loop
      vertex -91.1 -9.962927178982806 112.88766789830873
      vertex -91.1 -9.777745487356874 112.77667426380795
      vertex -86.1 -9.777745487356874 112.77667426380795
    endloop
  endfacet
  facet normal 1.2363691198240693e-19 -0.5956993044923983 -0.803207531480671
    outer loop
      vertex -91.1 -9.777745487356874 112.77667426380795
      vertex -91.1 -9.60433477483998 112.64806411414038
      vertex -86.1 -9.60433477483998 112.64806411414038
    endloop
  endfacet
  facet normal 4.677049442898594e-19 -0.6715589548470237 -0.7409511253549542
    outer loop
      vertex -91.1 -9.60433477483998 112.64806411414038
      vertex -91.1 -9.444365081389595 112.50307603535276
      vertex -86.1 -9.444365081389595 112.50307603535276
    endloop
  endfacet
  facet normal 0 0.5956993044923983 0.803207531480671
    outer loop
      vertex -91.1 -12.222254512643126 109.11820796967676
      vertex -86.1 -12.39566522516002 109.24681811934433
      vertex -86.1 -12.222254512643126 109.11820796967676
    endloop
  endfacet
  facet normal 0 0.6715589548470237 0.7409511253549542
    outer loop
      vertex -91.1 -12.39566522516002 109.24681811934433
      vertex -86.1 -12.555634918610405 109.39180619813195
      vertex -86.1 -12.39566522516002 109.24681811934433
    endloop
  endfacet
  facet normal 0 0.5141027441932361 0.8577286100002636
    outer loop
      vertex -91.1 -12.037072821017194 109.00721433517597
      vertex -86.1 -12.222254512643126 109.11820796967676
      vertex -86.1 -12.037072821017194 109.00721433517597
    endloop
  endfacet
  facet normal 0 0.4275550934302632 0.9039892931234522
    outer loop
      vertex -91.1 -11.841903551203197 108.91490614521753
      vertex -86.1 -12.037072821017194 109.00721433517597
      vertex -86.1 -11.841903551203197 108.91490614521753
    endloop
  endfacet
  facet normal 0 0.3368898533922459 0.9415440651830115
    outer loop
      vertex -91.1 -11.638626289959817 108.8421723781315
      vertex -86.1 -11.841903551203197 108.91490614521753
      vertex -86.1 -11.638626289959817 108.8421723781315
    endloop
  endfacet
  facet normal 0 0.24298017990323534 0.9700312531945512
    outer loop
      vertex -91.1 -11.429198708435482 108.78971349985525
      vertex -86.1 -11.638626289959817 108.8421723781315
      vertex -86.1 -11.429198708435482 108.78971349985525
    endloop
  endfacet
  facet normal 0 0.14673047445536055 0.989176509964781
    outer loop
      vertex -91.1 -11.215637708725033 108.75803471806353
      vertex -86.1 -11.429198708435482 108.78971349985525
      vertex -86.1 -11.215637708725033 108.75803471806353
    endloop
  endfacet
  facet normal 0 0.049067674327460446 0.9987954562051702
    outer loop
      vertex -91.1 -11 108.74744111674235
      vertex -86.1 -11.215637708725033 108.75803471806353
      vertex -86.1 -11 108.74744111674235
    endloop
  endfacet
  facet normal 0 0.5956993044923983 -0.803207531480671
    outer loop
      vertex -91.1 -12.39566522516002 112.64806411414038
      vertex -86.1 -12.222254512643126 112.77667426380795
      vertex -86.1 -12.39566522516002 112.64806411414038
    endloop
  endfacet
  facet normal 0 0.5141027441932361 -0.8577286100002636
    outer loop
      vertex -91.1 -12.222254512643126 112.77667426380795
      vertex -86.1 -12.037072821017194 112.88766789830873
      vertex -86.1 -12.222254512643126 112.77667426380795
    endloop
  endfacet
  facet normal 0 0.4275550934302632 -0.9039892931234522
    outer loop
      vertex -91.1 -12.037072821017194 112.88766789830873
      vertex -86.1 -11.841903551203197 112.97997608826718
      vertex -86.1 -12.037072821017194 112.88766789830873
    endloop
  endfacet
  facet normal 0 0.3368898533922459 -0.9415440651830115
    outer loop
      vertex -91.1 -11.841903551203197 112.97997608826718
      vertex -86.1 -11.638626289959817 113.05270985535321
      vertex -86.1 -11.841903551203197 112.97997608826718
    endloop
  endfacet
  facet normal 0 0.24298017990323534 -0.9700312531945512
    outer loop
      vertex -91.1 -11.638626289959817 113.05270985535321
      vertex -86.1 -11.429198708435482 113.10516873362945
      vertex -86.1 -11.638626289959817 113.05270985535321
    endloop
  endfacet
  facet normal 0 0.14673047445536055 -0.989176509964781
    outer loop
      vertex -91.1 -11.429198708435482 113.10516873362945
      vertex -86.1 -11.215637708725033 113.13684751542118
      vertex -86.1 -11.429198708435482 113.10516873362945
    endloop
  endfacet
  facet normal 0 0.049067674327460446 -0.9987954562051702
    outer loop
      vertex -91.1 -11.215637708725033 113.13684751542118
      vertex -86.1 -11 113.14744111674236
      vertex -86.1 -11.215637708725033 113.13684751542118
    endloop
  endfacet
  facet normal 6.860399868110808e-20 -0.049067674327460446 0.9987954562051702
    outer loop
      vertex -86.1 -11 108.74744111674235
      vertex -86.1 -10.784362291274967 108.75803471806353
      vertex -91.1 -10.784362291274967 108.75803471806353
    endloop
  endfacet
  facet normal 0 -0.14673047445536055 0.989176509964781
    outer loop
      vertex -91.1 -10.570801291564518 108.78971349985525
      vertex -86.1 -10.784362291274967 108.75803471806353
      vertex -86.1 -10.570801291564518 108.78971349985525
    endloop
  endfacet
  facet normal 0 -0.24298017990323534 0.9700312531945512
    outer loop
      vertex -91.1 -10.361373710040183 108.8421723781315
      vertex -86.1 -10.570801291564518 108.78971349985525
      vertex -86.1 -10.361373710040183 108.8421723781315
    endloop
  endfacet
  facet normal 0 -0.3368898533922459 0.9415440651830115
    outer loop
      vertex -91.1 -10.158096448796803 108.91490614521753
      vertex -86.1 -10.361373710040183 108.8421723781315
      vertex -86.1 -10.158096448796803 108.91490614521753
    endloop
  endfacet
  facet normal 0 -0.4275550934302632 0.9039892931234522
    outer loop
      vertex -91.1 -9.962927178982806 109.00721433517597
      vertex -86.1 -10.158096448796803 108.91490614521753
      vertex -86.1 -9.962927178982806 109.00721433517597
    endloop
  endfacet
  facet normal 0 -0.5141027441932361 0.8577286100002636
    outer loop
      vertex -91.1 -9.777745487356874 109.11820796967676
      vertex -86.1 -9.962927178982806 109.00721433517597
      vertex -86.1 -9.777745487356874 109.11820796967676
    endloop
  endfacet
  facet normal 0 -0.5956993044923983 0.803207531480671
    outer loop
      vertex -91.1 -9.60433477483998 109.24681811934433
      vertex -86.1 -9.777745487356874 109.11820796967676
      vertex -86.1 -9.60433477483998 109.24681811934433
    endloop
  endfacet
  facet normal 0 -0.6715589548470237 0.7409511253549542
    outer loop
      vertex -91.1 -9.444365081389595 109.39180619813195
      vertex -86.1 -9.60433477483998 109.24681811934433
      vertex -86.1 -9.444365081389595 109.39180619813195
    endloop
  endfacet
  facet normal 0 -0.049067674327460446 -0.9987954562051702
    outer loop
      vertex -91.1 -11 113.14744111674236
      vertex -86.1 -10.784362291274967 113.13684751542118
      vertex -86.1 -11 113.14744111674236
    endloop
  endfacet
  facet normal 0 -0.14673047445536055 -0.989176509964781
    outer loop
      vertex -91.1 -10.784362291274967 113.13684751542118
      vertex -86.1 -10.570801291564518 113.10516873362945
      vertex -86.1 -10.784362291274967 113.13684751542118
    endloop
  endfacet
  facet normal 0 -0.24298017990323534 -0.9700312531945512
    outer loop
      vertex -91.1 -10.570801291564518 113.10516873362945
      vertex -86.1 -10.361373710040183 113.05270985535321
      vertex -86.1 -10.570801291564518 113.10516873362945
    endloop
  endfacet
  facet normal 0 -0.3368898533922459 -0.9415440651830115
    outer loop
      vertex -91.1 -10.361373710040183 113.05270985535321
      vertex -86.1 -10.158096448796803 112.97997608826718
      vertex -86.1 -10.361373710040183 113.05270985535321
    endloop
  endfacet
  facet normal 0 -0.5141027441932361 -0.8577286100002636
    outer loop
      vertex -91.1 -9.962927178982806 112.88766789830873
      vertex -86.1 -9.777745487356874 112.77667426380795
      vertex -86.1 -9.962927178982806 112.88766789830873
    endloop
  endfacet
  facet normal 0 -0.4275550934302632 -0.9039892931234522
    outer loop
      vertex -91.1 -10.158096448796803 112.97997608826718
      vertex -86.1 -9.962927178982806 112.88766789830873
      vertex -86.1 -10.158096448796803 112.97997608826718
    endloop
  endfacet
  facet normal 0 -0.5956993044923983 -0.803207531480671
    outer loop
      vertex -91.1 -9.777745487356874 112.77667426380795
      vertex -86.1 -9.60433477483998 112.64806411414038
      vertex -86.1 -9.777745487356874 112.77667426380795
    endloop
  endfacet
  facet normal 0 -0.6715589548470237 -0.7409511253549542
    outer loop
      vertex -91.1 -9.60433477483998 112.64806411414038
      vertex -86.1 -9.444365081389595 112.50307603535276
      vertex -86.1 -9.60433477483998 112.64806411414038
    endloop
  endfacet
  facet normal 0 -0.7409511253549772 -0.6715589548469982
    outer loop
      vertex -91.1 -9.444365081389595 112.50307603535276
      vertex -86.1 -9.299377002601979 112.34310634190237
      vertex -86.1 -9.444365081389595 112.50307603535276
    endloop
  endfacet
  facet normal 0 -0.8032075314806493 0.5956993044924276
    outer loop
      vertex -91.1 -9.299377002601979 109.55177589158234
      vertex -86.1 -9.299377002601979 109.55177589158234
      vertex -91.1 -9.1707668529344 109.72518660409924
    endloop
  endfacet
  facet normal 0 -0.8577286100002701 0.5141027441932251
    outer loop
      vertex -91.1 -9.1707668529344 109.72518660409924
      vertex -86.1 -9.1707668529344 109.72518660409924
      vertex -91.1 -9.05977321843362 109.91036829572516
    endloop
  endfacet
  facet normal 0 -0.9039892931234352 0.4275550934302993
    outer loop
      vertex -91.1 -9.05977321843362 109.91036829572516
      vertex -86.1 -9.05977321843362 109.91036829572516
      vertex -91.1 -8.96746502847517 110.10553756553915
    endloop
  endfacet
  facet normal 0 -0.941544065183022 0.3368898533922162
    outer loop
      vertex -91.1 -8.96746502847517 110.10553756553915
      vertex -86.1 -8.96746502847517 110.10553756553915
      vertex -91.1 -8.89473126138914 110.30881482678254
    endloop
  endfacet
  facet normal 0 -0.9700312531945443 0.2429801799032624
    outer loop
      vertex -91.1 -8.89473126138914 110.30881482678254
      vertex -86.1 -8.89473126138914 110.30881482678254
      vertex -91.1 -8.842272383112892 110.51824240830688
    endloop
  endfacet
  facet normal 0 -0.9891765099647813 0.14673047445535817
    outer loop
      vertex -91.1 -8.842272383112892 110.51824240830688
      vertex -86.1 -8.842272383112892 110.51824240830688
      vertex -91.1 -8.810593601321166 110.73180340801733
    endloop
  endfacet
  facet normal 0 -0.9987954562051726 0.04906767432741282
    outer loop
      vertex -91.1 -8.810593601321166 110.73180340801733
      vertex -86.1 -8.810593601321166 110.73180340801733
      vertex -91.1 -8.8 110.94744111674235
    endloop
  endfacet
  facet normal 0 -0.9987954562051726 -0.04906767432741282
    outer loop
      vertex -91.1 -8.8 110.94744111674235
      vertex -86.1 -8.8 110.94744111674235
      vertex -91.1 -8.810593601321166 111.16307882546738
    endloop
  endfacet
  facet normal -5.216866387408621e-19 -0.8032075314806493 -0.5956993044924276
    outer loop
      vertex -91.1 -9.299377002601979 112.34310634190237
      vertex -91.1 -9.1707668529344 112.16969562938547
      vertex -86.1 -9.1707668529344 112.16969562938547
    endloop
  endfacet
  facet normal -9.36489353979041e-19 -0.9039892931234352 -0.4275550934302993
    outer loop
      vertex -91.1 -9.05977321843362 111.98451393775954
      vertex -91.1 -8.96746502847517 111.78934466794556
      vertex -86.1 -8.96746502847517 111.78934466794556
    endloop
  endfacet
  facet normal 1.0883049756234803e-18 -0.8577286100002701 -0.5141027441932251
    outer loop
      vertex -91.1 -9.1707668529344 112.16969562938547
      vertex -91.1 -9.05977321843362 111.98451393775954
      vertex -86.1 -9.05977321843362 111.98451393775954
    endloop
  endfacet
  facet normal 3.07643843966808e-19 -0.9891765099647813 -0.14673047445535817
    outer loop
      vertex -91.1 -8.842272383112892 111.37663982517783
      vertex -91.1 -8.810593601321166 111.16307882546738
      vertex -86.1 -8.810593601321166 111.16307882546738
    endloop
  endfacet
  facet normal 0 -0.941544065183022 -0.3368898533922162
    outer loop
      vertex -91.1 -8.89473126138914 111.58606740670217
      vertex -86.1 -8.89473126138914 111.58606740670217
      vertex -91.1 -8.96746502847517 111.78934466794556
    endloop
  endfacet
  facet normal 5.955953058618411e-19 -0.9700312531945443 -0.2429801799032624
    outer loop
      vertex -91.1 -8.89473126138914 111.58606740670217
      vertex -91.1 -8.842272383112892 111.37663982517783
      vertex -86.1 -8.842272383112892 111.37663982517783
    endloop
  endfacet
  facet normal 6.075416844733502e-20 -0.7409511253549772 -0.6715589548469982
    outer loop
      vertex -91.1 -9.444365081389595 112.50307603535276
      vertex -91.1 -9.299377002601979 112.34310634190237
      vertex -86.1 -9.299377002601979 112.34310634190237
    endloop
  endfacet
  facet normal 0 -0.7409511253549772 0.6715589548469982
    outer loop
      vertex -91.1 -9.299377002601979 109.55177589158234
      vertex -86.1 -9.444365081389595 109.39180619813195
      vertex -86.1 -9.299377002601979 109.55177589158234
    endloop
  endfacet
  facet normal 0 -0.8032075314806493 0.5956993044924276
    outer loop
      vertex -91.1 -9.1707668529344 109.72518660409924
      vertex -86.1 -9.299377002601979 109.55177589158234
      vertex -86.1 -9.1707668529344 109.72518660409924
    endloop
  endfacet
  facet normal 0 -0.8577286100002701 0.5141027441932251
    outer loop
      vertex -91.1 -9.05977321843362 109.91036829572516
      vertex -86.1 -9.1707668529344 109.72518660409924
      vertex -86.1 -9.05977321843362 109.91036829572516
    endloop
  endfacet
  facet normal 0 -0.9039892931234352 0.4275550934302993
    outer loop
      vertex -91.1 -8.96746502847517 110.10553756553915
      vertex -86.1 -9.05977321843362 109.91036829572516
      vertex -86.1 -8.96746502847517 110.10553756553915
    endloop
  endfacet
  facet normal 0 -0.941544065183022 0.3368898533922162
    outer loop
      vertex -91.1 -8.89473126138914 110.30881482678254
      vertex -86.1 -8.96746502847517 110.10553756553915
      vertex -86.1 -8.89473126138914 110.30881482678254
    endloop
  endfacet
  facet normal 0 -0.9700312531945443 0.2429801799032624
    outer loop
      vertex -91.1 -8.842272383112892 110.51824240830688
      vertex -86.1 -8.89473126138914 110.30881482678254
      vertex -86.1 -8.842272383112892 110.51824240830688
    endloop
  endfacet
  facet normal 0 -0.9891765099647813 0.14673047445535817
    outer loop
      vertex -91.1 -8.810593601321166 110.73180340801733
      vertex -86.1 -8.842272383112892 110.51824240830688
      vertex -86.1 -8.810593601321166 110.73180340801733
    endloop
  endfacet
  facet normal 0 -0.9987954562051726 0.04906767432741282
    outer loop
      vertex -91.1 -8.8 110.94744111674235
      vertex -86.1 -8.810593601321166 110.73180340801733
      vertex -86.1 -8.8 110.94744111674235
    endloop
  endfacet
  facet normal 0 -0.9987954562051726 -0.04906767432741282
    outer loop
      vertex -91.1 -8.810593601321166 111.16307882546738
      vertex -86.1 -8.8 110.94744111674235
      vertex -86.1 -8.810593601321166 111.16307882546738
    endloop
  endfacet
  facet normal 0 -0.8032075314806493 -0.5956993044924276
    outer loop
      vertex -91.1 -9.299377002601979 112.34310634190237
      vertex -86.1 -9.1707668529344 112.16969562938547
      vertex -86.1 -9.299377002601979 112.34310634190237
    endloop
  endfacet
  facet normal 0 -0.9039892931234352 -0.4275550934302993
    outer loop
      vertex -91.1 -9.05977321843362 111.98451393775954
      vertex -86.1 -8.96746502847517 111.78934466794556
      vertex -86.1 -9.05977321843362 111.98451393775954
    endloop
  endfacet
  facet normal 0 -0.8577286100002701 -0.5141027441932251
    outer loop
      vertex -91.1 -9.1707668529344 112.16969562938547
      vertex -86.1 -9.05977321843362 111.98451393775954
      vertex -86.1 -9.1707668529344 112.16969562938547
    endloop
  endfacet
  facet normal 0 -0.9891765099647813 -0.14673047445535817
    outer loop
      vertex -91.1 -8.842272383112892 111.37663982517783
      vertex -86.1 -8.810593601321166 111.16307882546738
      vertex -86.1 -8.842272383112892 111.37663982517783
    endloop
  endfacet
  facet normal 0 -0.9700312531945443 -0.2429801799032624
    outer loop
      vertex -91.1 -8.89473126138914 111.58606740670217
      vertex -86.1 -8.842272383112892 111.37663982517783
      vertex -86.1 -8.89473126138914 111.58606740670217
    endloop
  endfacet
  facet normal 0 -0.941544065183022 -0.3368898533922162
    outer loop
      vertex -91.1 -8.96746502847517 111.78934466794556
      vertex -86.1 -8.89473126138914 111.58606740670217
      vertex -86.1 -8.96746502847517 111.78934466794556
    endloop
  endfacet
  facet normal 1.0883049756234803e-18 0.8577286100002701 0.5141027441932251
    outer loop
      vertex 86.1 -12.8292331470656 109.72518660409924
      vertex 86.1 -12.94022678156638 109.91036829572516
      vertex 91.1 -12.94022678156638 109.91036829572516
    endloop
  endfacet
  facet normal 0 0.8032075314806493 0.5956993044924276
    outer loop
      vertex 86.1 -12.8292331470656 109.72518660409924
      vertex 91.1 -12.8292331470656 109.72518660409924
      vertex 86.1 -12.700622997398021 109.55177589158234
    endloop
  endfacet
  facet normal 0 0.7409511253549772 0.6715589548469982
    outer loop
      vertex 86.1 -12.700622997398021 109.55177589158234
      vertex 91.1 -12.700622997398021 109.55177589158234
      vertex 86.1 -12.555634918610405 109.39180619813195
    endloop
  endfacet
  facet normal 0 0.6715589548470237 0.7409511253549542
    outer loop
      vertex 86.1 -12.555634918610405 109.39180619813195
      vertex 91.1 -12.555634918610405 109.39180619813195
      vertex 86.1 -12.39566522516002 109.24681811934433
    endloop
  endfacet
  facet normal 0 0.9700312531945443 0.2429801799032624
    outer loop
      vertex 86.1 -13.157727616887108 110.51824240830688
      vertex 91.1 -13.157727616887108 110.51824240830688
      vertex 86.1 -13.10526873861086 110.30881482678254
    endloop
  endfacet
  facet normal 0 0.9039892931234352 0.4275550934302993
    outer loop
      vertex 86.1 -13.03253497152483 110.10553756553915
      vertex 91.1 -13.03253497152483 110.10553756553915
      vertex 86.1 -12.94022678156638 109.91036829572516
    endloop
  endfacet
  facet normal -3.9057447874692857e-20 0.941544065183022 0.3368898533922162
    outer loop
      vertex 86.1 -13.03253497152483 110.10553756553915
      vertex 86.1 -13.10526873861086 110.30881482678254
      vertex 91.1 -13.10526873861086 110.30881482678254
    endloop
  endfacet
  facet normal 3.07643843966808e-19 0.9891765099647813 0.14673047445535817
    outer loop
      vertex 86.1 -13.157727616887108 110.51824240830688
      vertex 86.1 -13.189406398678834 110.73180340801733
      vertex 91.1 -13.189406398678834 110.73180340801733
    endloop
  endfacet
  facet normal -3.731048787155448e-20 0.9987954562051726 0.04906767432741282
    outer loop
      vertex 86.1 -13.189406398678834 110.73180340801733
      vertex 86.1 -13.2 110.94744111674235
      vertex 91.1 -13.2 110.94744111674235
    endloop
  endfacet
  facet normal 3.731048787155448e-20 0.9987954562051726 -0.04906767432741282
    outer loop
      vertex 86.1 -13.2 110.94744111674235
      vertex 86.1 -13.189406398678834 111.16307882546738
      vertex 91.1 -13.189406398678834 111.16307882546738
    endloop
  endfacet
  facet normal -3.07643843966808e-19 0.9891765099647813 -0.14673047445535817
    outer loop
      vertex 86.1 -13.189406398678834 111.16307882546738
      vertex 86.1 -13.157727616887108 111.37663982517783
      vertex 91.1 -13.157727616887108 111.37663982517783
    endloop
  endfacet
  facet normal -5.955953058618411e-19 0.9700312531945443 -0.2429801799032624
    outer loop
      vertex 86.1 -13.157727616887108 111.37663982517783
      vertex 86.1 -13.10526873861086 111.58606740670217
      vertex 91.1 -13.10526873861086 111.58606740670217
    endloop
  endfacet
  facet normal 3.9057447874692857e-20 0.941544065183022 -0.3368898533922162
    outer loop
      vertex 86.1 -13.10526873861086 111.58606740670217
      vertex 86.1 -13.03253497152483 111.78934466794556
      vertex 91.1 -13.03253497152483 111.78934466794556
    endloop
  endfacet
  facet normal 9.36489353979041e-19 0.9039892931234352 -0.4275550934302993
    outer loop
      vertex 86.1 -13.03253497152483 111.78934466794556
      vertex 86.1 -12.94022678156638 111.98451393775954
      vertex 91.1 -12.94022678156638 111.98451393775954
    endloop
  endfacet
  facet normal -1.0883049756234803e-18 0.8577286100002701 -0.5141027441932251
    outer loop
      vertex 86.1 -12.94022678156638 111.98451393775954
      vertex 86.1 -12.8292331470656 112.16969562938547
      vertex 91.1 -12.8292331470656 112.16969562938547
    endloop
  endfacet
  facet normal 5.216866387408621e-19 0.8032075314806493 -0.5956993044924276
    outer loop
      vertex 86.1 -12.8292331470656 112.16969562938547
      vertex 86.1 -12.700622997398021 112.34310634190237
      vertex 91.1 -12.700622997398021 112.34310634190237
    endloop
  endfacet
  facet normal -6.075416844733502e-20 0.7409511253549772 -0.6715589548469982
    outer loop
      vertex 86.1 -12.700622997398021 112.34310634190237
      vertex 86.1 -12.555634918610405 112.50307603535276
      vertex 91.1 -12.555634918610405 112.50307603535276
    endloop
  endfacet
  facet normal 0 0.8577286100002701 0.5141027441932251
    outer loop
      vertex 86.1 -12.8292331470656 109.72518660409924
      vertex 91.1 -12.94022678156638 109.91036829572516
      vertex 91.1 -12.8292331470656 109.72518660409924
    endloop
  endfacet
  facet normal 0 0.8032075314806493 0.5956993044924276
    outer loop
      vertex 86.1 -12.700622997398021 109.55177589158234
      vertex 91.1 -12.8292331470656 109.72518660409924
      vertex 91.1 -12.700622997398021 109.55177589158234
    endloop
  endfacet
  facet normal 0 0.7409511253549772 0.6715589548469982
    outer loop
      vertex 86.1 -12.555634918610405 109.39180619813195
      vertex 91.1 -12.700622997398021 109.55177589158234
      vertex 91.1 -12.555634918610405 109.39180619813195
    endloop
  endfacet
  facet normal 5.955953058618411e-19 0.9700312531945443 0.2429801799032624
    outer loop
      vertex 91.1 -13.157727616887108 110.51824240830688
      vertex 91.1 -13.10526873861086 110.30881482678254
      vertex 86.1 -13.10526873861086 110.30881482678254
    endloop
  endfacet
  facet normal 0 0.9039892931234352 0.4275550934302993
    outer loop
      vertex 86.1 -12.94022678156638 109.91036829572516
      vertex 91.1 -13.03253497152483 110.10553756553915
      vertex 91.1 -12.94022678156638 109.91036829572516
    endloop
  endfacet
  facet normal 0 0.941544065183022 0.3368898533922162
    outer loop
      vertex 86.1 -13.03253497152483 110.10553756553915
      vertex 91.1 -13.10526873861086 110.30881482678254
      vertex 91.1 -13.03253497152483 110.10553756553915
    endloop
  endfacet
  facet normal 0 0.9891765099647813 0.14673047445535817
    outer loop
      vertex 86.1 -13.157727616887108 110.51824240830688
      vertex 91.1 -13.189406398678834 110.73180340801733
      vertex 91.1 -13.157727616887108 110.51824240830688
    endloop
  endfacet
  facet normal 0 0.9987954562051726 0.04906767432741282
    outer loop
      vertex 86.1 -13.189406398678834 110.73180340801733
      vertex 91.1 -13.2 110.94744111674235
      vertex 91.1 -13.189406398678834 110.73180340801733
    endloop
  endfacet
  facet normal 0 0.9987954562051726 -0.04906767432741282
    outer loop
      vertex 86.1 -13.2 110.94744111674235
      vertex 91.1 -13.189406398678834 111.16307882546738
      vertex 91.1 -13.2 110.94744111674235
    endloop
  endfacet
  facet normal 0 0.9891765099647813 -0.14673047445535817
    outer loop
      vertex 86.1 -13.189406398678834 111.16307882546738
      vertex 91.1 -13.157727616887108 111.37663982517783
      vertex 91.1 -13.189406398678834 111.16307882546738
    endloop
  endfacet
  facet normal 0 0.9700312531945443 -0.2429801799032624
    outer loop
      vertex 86.1 -13.157727616887108 111.37663982517783
      vertex 91.1 -13.10526873861086 111.58606740670217
      vertex 91.1 -13.157727616887108 111.37663982517783
    endloop
  endfacet
  facet normal 0 0.941544065183022 -0.3368898533922162
    outer loop
      vertex 86.1 -13.10526873861086 111.58606740670217
      vertex 91.1 -13.03253497152483 111.78934466794556
      vertex 91.1 -13.10526873861086 111.58606740670217
    endloop
  endfacet
  facet normal 0 0.9039892931234352 -0.4275550934302993
    outer loop
      vertex 86.1 -13.03253497152483 111.78934466794556
      vertex 91.1 -12.94022678156638 111.98451393775954
      vertex 91.1 -13.03253497152483 111.78934466794556
    endloop
  endfacet
  facet normal 0 0.8577286100002701 -0.5141027441932251
    outer loop
      vertex 86.1 -12.94022678156638 111.98451393775954
      vertex 91.1 -12.8292331470656 112.16969562938547
      vertex 91.1 -12.94022678156638 111.98451393775954
    endloop
  endfacet
  facet normal 0 0.8032075314806493 -0.5956993044924276
    outer loop
      vertex 86.1 -12.8292331470656 112.16969562938547
      vertex 91.1 -12.700622997398021 112.34310634190237
      vertex 91.1 -12.8292331470656 112.16969562938547
    endloop
  endfacet
  facet normal 0 0.7409511253549772 -0.6715589548469982
    outer loop
      vertex 86.1 -12.700622997398021 112.34310634190237
      vertex 91.1 -12.555634918610405 112.50307603535276
      vertex 91.1 -12.700622997398021 112.34310634190237
    endloop
  endfacet
  facet normal 0 0.6715589548470237 -0.7409511253549542
    outer loop
      vertex 86.1 -12.555634918610405 112.50307603535276
      vertex 91.1 -12.39566522516002 112.64806411414038
      vertex 91.1 -12.555634918610405 112.50307603535276
    endloop
  endfacet
  facet normal 0 0.5956993044923983 0.803207531480671
    outer loop
      vertex 86.1 -12.39566522516002 109.24681811934433
      vertex 91.1 -12.39566522516002 109.24681811934433
      vertex 86.1 -12.222254512643126 109.11820796967676
    endloop
  endfacet
  facet normal 0 0.5141027441932361 0.8577286100002636
    outer loop
      vertex 86.1 -12.222254512643126 109.11820796967676
      vertex 91.1 -12.222254512643126 109.11820796967676
      vertex 86.1 -12.037072821017194 109.00721433517597
    endloop
  endfacet
  facet normal 0 0.4275550934302632 0.9039892931234522
    outer loop
      vertex 86.1 -12.037072821017194 109.00721433517597
      vertex 91.1 -12.037072821017194 109.00721433517597
      vertex 86.1 -11.841903551203197 108.91490614521753
    endloop
  endfacet
  facet normal 0 0.3368898533922459 0.9415440651830115
    outer loop
      vertex 86.1 -11.841903551203197 108.91490614521753
      vertex 91.1 -11.841903551203197 108.91490614521753
      vertex 86.1 -11.638626289959817 108.8421723781315
    endloop
  endfacet
  facet normal 0 0.24298017990323534 0.9700312531945512
    outer loop
      vertex 86.1 -11.638626289959817 108.8421723781315
      vertex 91.1 -11.638626289959817 108.8421723781315
      vertex 86.1 -11.429198708435482 108.78971349985525
    endloop
  endfacet
  facet normal 0 0.14673047445536055 0.989176509964781
    outer loop
      vertex 86.1 -11.429198708435482 108.78971349985525
      vertex 91.1 -11.429198708435482 108.78971349985525
      vertex 86.1 -11.215637708725033 108.75803471806353
    endloop
  endfacet
  facet normal 0 0.049067674327460446 0.9987954562051702
    outer loop
      vertex 86.1 -11.215637708725033 108.75803471806353
      vertex 91.1 -11.215637708725033 108.75803471806353
      vertex 86.1 -11 108.74744111674235
    endloop
  endfacet
  facet normal -4.677049442898594e-19 0.6715589548470237 -0.7409511253549542
    outer loop
      vertex 86.1 -12.555634918610405 112.50307603535276
      vertex 86.1 -12.39566522516002 112.64806411414038
      vertex 91.1 -12.39566522516002 112.64806411414038
    endloop
  endfacet
  facet normal -1.2363691198240693e-19 0.5956993044923983 -0.803207531480671
    outer loop
      vertex 86.1 -12.39566522516002 112.64806411414038
      vertex 86.1 -12.222254512643126 112.77667426380795
      vertex 91.1 -12.222254512643126 112.77667426380795
    endloop
  endfacet
  facet normal -7.779636209552203e-19 0.5141027441932361 -0.8577286100002636
    outer loop
      vertex 86.1 -12.222254512643126 112.77667426380795
      vertex 86.1 -12.037072821017194 112.88766789830873
      vertex 91.1 -12.037072821017194 112.88766789830873
    endloop
  endfacet
  facet normal -5.773947839732e-19 0.4275550934302632 -0.9039892931234522
    outer loop
      vertex 86.1 -12.037072821017194 112.88766789830873
      vertex 86.1 -11.841903551203197 112.97997608826718
      vertex 91.1 -11.841903551203197 112.97997608826718
    endloop
  endfacet
  facet normal 8.6646814689558e-20 0.3368898533922459 -0.9415440651830115
    outer loop
      vertex 86.1 -11.841903551203197 112.97997608826718
      vertex 86.1 -11.638626289959817 113.05270985535321
      vertex 91.1 -11.638626289959817 113.05270985535321
    endloop
  endfacet
  facet normal 6.077855216722443e-19 0.24298017990323534 -0.9700312531945512
    outer loop
      vertex 86.1 -11.638626289959817 113.05270985535321
      vertex 86.1 -11.429198708435482 113.10516873362945
      vertex 91.1 -11.429198708435482 113.10516873362945
    endloop
  endfacet
  facet normal -1.1182473736916267e-19 0.14673047445536055 -0.989176509964781
    outer loop
      vertex 86.1 -11.429198708435482 113.10516873362945
      vertex 86.1 -11.215637708725033 113.13684751542118
      vertex 91.1 -11.215637708725033 113.13684751542118
    endloop
  endfacet
  facet normal 6.860399868110808e-20 0.049067674327460446 -0.9987954562051702
    outer loop
      vertex 86.1 -11.215637708725033 113.13684751542118
      vertex 86.1 -11 113.14744111674236
      vertex 91.1 -11 113.14744111674236
    endloop
  endfacet
  facet normal 0 -0.049067674327460446 0.9987954562051702
    outer loop
      vertex 86.1 -11 108.74744111674235
      vertex 91.1 -11 108.74744111674235
      vertex 86.1 -10.784362291274967 108.75803471806353
    endloop
  endfacet
  facet normal 0 -0.14673047445536055 0.989176509964781
    outer loop
      vertex 86.1 -10.784362291274967 108.75803471806353
      vertex 91.1 -10.784362291274967 108.75803471806353
      vertex 86.1 -10.570801291564518 108.78971349985525
    endloop
  endfacet
  facet normal 0 -0.24298017990323534 0.9700312531945512
    outer loop
      vertex 86.1 -10.570801291564518 108.78971349985525
      vertex 91.1 -10.570801291564518 108.78971349985525
      vertex 86.1 -10.361373710040183 108.8421723781315
    endloop
  endfacet
  facet normal 0 -0.3368898533922459 0.9415440651830115
    outer loop
      vertex 86.1 -10.361373710040183 108.8421723781315
      vertex 91.1 -10.361373710040183 108.8421723781315
      vertex 86.1 -10.158096448796803 108.91490614521753
    endloop
  endfacet
  facet normal 0 -0.4275550934302632 0.9039892931234522
    outer loop
      vertex 86.1 -10.158096448796803 108.91490614521753
      vertex 91.1 -10.158096448796803 108.91490614521753
      vertex 86.1 -9.962927178982806 109.00721433517597
    endloop
  endfacet
  facet normal 0 -0.5141027441932361 0.8577286100002636
    outer loop
      vertex 86.1 -9.962927178982806 109.00721433517597
      vertex 91.1 -9.962927178982806 109.00721433517597
      vertex 86.1 -9.777745487356874 109.11820796967676
    endloop
  endfacet
  facet normal 0 -0.5956993044923983 0.803207531480671
    outer loop
      vertex 86.1 -9.777745487356874 109.11820796967676
      vertex 91.1 -9.777745487356874 109.11820796967676
      vertex 86.1 -9.60433477483998 109.24681811934433
    endloop
  endfacet
  facet normal 0 -0.6715589548470237 0.7409511253549542
    outer loop
      vertex 86.1 -9.60433477483998 109.24681811934433
      vertex 91.1 -9.60433477483998 109.24681811934433
      vertex 86.1 -9.444365081389595 109.39180619813195
    endloop
  endfacet
  facet normal 0 -0.7409511253549772 0.6715589548469982
    outer loop
      vertex 86.1 -9.444365081389595 109.39180619813195
      vertex 91.1 -9.444365081389595 109.39180619813195
      vertex 86.1 -9.299377002601979 109.55177589158234
    endloop
  endfacet
  facet normal -6.860399868110808e-20 -0.049067674327460446 -0.9987954562051702
    outer loop
      vertex 86.1 -11 113.14744111674236
      vertex 86.1 -10.784362291274967 113.13684751542118
      vertex 91.1 -10.784362291274967 113.13684751542118
    endloop
  endfacet
  facet normal 1.1182473736916267e-19 -0.14673047445536055 -0.989176509964781
    outer loop
      vertex 86.1 -10.784362291274967 113.13684751542118
      vertex 86.1 -10.570801291564518 113.10516873362945
      vertex 91.1 -10.570801291564518 113.10516873362945
    endloop
  endfacet
  facet normal -6.077855216722443e-19 -0.24298017990323534 -0.9700312531945512
    outer loop
      vertex 86.1 -10.570801291564518 113.10516873362945
      vertex 86.1 -10.361373710040183 113.05270985535321
      vertex 91.1 -10.361373710040183 113.05270985535321
    endloop
  endfacet
  facet normal -8.6646814689558e-20 -0.3368898533922459 -0.9415440651830115
    outer loop
      vertex 86.1 -10.361373710040183 113.05270985535321
      vertex 86.1 -10.158096448796803 112.97997608826718
      vertex 91.1 -10.158096448796803 112.97997608826718
    endloop
  endfacet
  facet normal 5.773947839732e-19 -0.4275550934302632 -0.9039892931234522
    outer loop
      vertex 86.1 -10.158096448796803 112.97997608826718
      vertex 86.1 -9.962927178982806 112.88766789830873
      vertex 91.1 -9.962927178982806 112.88766789830873
    endloop
  endfacet
  facet normal 7.779636209552203e-19 -0.5141027441932361 -0.8577286100002636
    outer loop
      vertex 86.1 -9.962927178982806 112.88766789830873
      vertex 86.1 -9.777745487356874 112.77667426380795
      vertex 91.1 -9.777745487356874 112.77667426380795
    endloop
  endfacet
  facet normal 1.2363691198240693e-19 -0.5956993044923983 -0.803207531480671
    outer loop
      vertex 86.1 -9.777745487356874 112.77667426380795
      vertex 86.1 -9.60433477483998 112.64806411414038
      vertex 91.1 -9.60433477483998 112.64806411414038
    endloop
  endfacet
  facet normal 4.677049442898594e-19 -0.6715589548470237 -0.7409511253549542
    outer loop
      vertex 86.1 -9.60433477483998 112.64806411414038
      vertex 86.1 -9.444365081389595 112.50307603535276
      vertex 91.1 -9.444365081389595 112.50307603535276
    endloop
  endfacet
  facet normal 0 0.5956993044923983 0.803207531480671
    outer loop
      vertex 86.1 -12.222254512643126 109.11820796967676
      vertex 91.1 -12.39566522516002 109.24681811934433
      vertex 91.1 -12.222254512643126 109.11820796967676
    endloop
  endfacet
  facet normal 0 0.6715589548470237 0.7409511253549542
    outer loop
      vertex 86.1 -12.39566522516002 109.24681811934433
      vertex 91.1 -12.555634918610405 109.39180619813195
      vertex 91.1 -12.39566522516002 109.24681811934433
    endloop
  endfacet
  facet normal 0 0.5141027441932361 0.8577286100002636
    outer loop
      vertex 86.1 -12.037072821017194 109.00721433517597
      vertex 91.1 -12.222254512643126 109.11820796967676
      vertex 91.1 -12.037072821017194 109.00721433517597
    endloop
  endfacet
  facet normal 0 0.4275550934302632 0.9039892931234522
    outer loop
      vertex 86.1 -11.841903551203197 108.91490614521753
      vertex 91.1 -12.037072821017194 109.00721433517597
      vertex 91.1 -11.841903551203197 108.91490614521753
    endloop
  endfacet
  facet normal 0 0.3368898533922459 0.9415440651830115
    outer loop
      vertex 86.1 -11.638626289959817 108.8421723781315
      vertex 91.1 -11.841903551203197 108.91490614521753
      vertex 91.1 -11.638626289959817 108.8421723781315
    endloop
  endfacet
  facet normal 0 0.24298017990323534 0.9700312531945512
    outer loop
      vertex 86.1 -11.429198708435482 108.78971349985525
      vertex 91.1 -11.638626289959817 108.8421723781315
      vertex 91.1 -11.429198708435482 108.78971349985525
    endloop
  endfacet
  facet normal 0 0.14673047445536055 0.989176509964781
    outer loop
      vertex 86.1 -11.215637708725033 108.75803471806353
      vertex 91.1 -11.429198708435482 108.78971349985525
      vertex 91.1 -11.215637708725033 108.75803471806353
    endloop
  endfacet
  facet normal 0 0.049067674327460446 0.9987954562051702
    outer loop
      vertex 86.1 -11 108.74744111674235
      vertex 91.1 -11.215637708725033 108.75803471806353
      vertex 91.1 -11 108.74744111674235
    endloop
  endfacet
  facet normal 0 0.5956993044923983 -0.803207531480671
    outer loop
      vertex 86.1 -12.39566522516002 112.64806411414038
      vertex 91.1 -12.222254512643126 112.77667426380795
      vertex 91.1 -12.39566522516002 112.64806411414038
    endloop
  endfacet
  facet normal 0 0.5141027441932361 -0.8577286100002636
    outer loop
      vertex 86.1 -12.222254512643126 112.77667426380795
      vertex 91.1 -12.037072821017194 112.88766789830873
      vertex 91.1 -12.222254512643126 112.77667426380795
    endloop
  endfacet
  facet normal 0 0.4275550934302632 -0.9039892931234522
    outer loop
      vertex 86.1 -12.037072821017194 112.88766789830873
      vertex 91.1 -11.841903551203197 112.97997608826718
      vertex 91.1 -12.037072821017194 112.88766789830873
    endloop
  endfacet
  facet normal 0 0.3368898533922459 -0.9415440651830115
    outer loop
      vertex 86.1 -11.841903551203197 112.97997608826718
      vertex 91.1 -11.638626289959817 113.05270985535321
      vertex 91.1 -11.841903551203197 112.97997608826718
    endloop
  endfacet
  facet normal 0 0.24298017990323534 -0.9700312531945512
    outer loop
      vertex 86.1 -11.638626289959817 113.05270985535321
      vertex 91.1 -11.429198708435482 113.10516873362945
      vertex 91.1 -11.638626289959817 113.05270985535321
    endloop
  endfacet
  facet normal 0 0.14673047445536055 -0.989176509964781
    outer loop
      vertex 86.1 -11.429198708435482 113.10516873362945
      vertex 91.1 -11.215637708725033 113.13684751542118
      vertex 91.1 -11.429198708435482 113.10516873362945
    endloop
  endfacet
  facet normal 0 0.049067674327460446 -0.9987954562051702
    outer loop
      vertex 86.1 -11.215637708725033 113.13684751542118
      vertex 91.1 -11 113.14744111674236
      vertex 91.1 -11.215637708725033 113.13684751542118
    endloop
  endfacet
  facet normal 6.860399868110808e-20 -0.049067674327460446 0.9987954562051702
    outer loop
      vertex 91.1 -11 108.74744111674235
      vertex 91.1 -10.784362291274967 108.75803471806353
      vertex 86.1 -10.784362291274967 108.75803471806353
    endloop
  endfacet
  facet normal 0 -0.14673047445536055 0.989176509964781
    outer loop
      vertex 86.1 -10.570801291564518 108.78971349985525
      vertex 91.1 -10.784362291274967 108.75803471806353
      vertex 91.1 -10.570801291564518 108.78971349985525
    endloop
  endfacet
  facet normal 0 -0.24298017990323534 0.9700312531945512
    outer loop
      vertex 86.1 -10.361373710040183 108.8421723781315
      vertex 91.1 -10.570801291564518 108.78971349985525
      vertex 91.1 -10.361373710040183 108.8421723781315
    endloop
  endfacet
  facet normal 0 -0.3368898533922459 0.9415440651830115
    outer loop
      vertex 86.1 -10.158096448796803 108.91490614521753
      vertex 91.1 -10.361373710040183 108.8421723781315
      vertex 91.1 -10.158096448796803 108.91490614521753
    endloop
  endfacet
  facet normal 0 -0.4275550934302632 0.9039892931234522
    outer loop
      vertex 86.1 -9.962927178982806 109.00721433517597
      vertex 91.1 -10.158096448796803 108.91490614521753
      vertex 91.1 -9.962927178982806 109.00721433517597
    endloop
  endfacet
  facet normal 0 -0.5141027441932361 0.8577286100002636
    outer loop
      vertex 86.1 -9.777745487356874 109.11820796967676
      vertex 91.1 -9.962927178982806 109.00721433517597
      vertex 91.1 -9.777745487356874 109.11820796967676
    endloop
  endfacet
  facet normal 0 -0.5956993044923983 0.803207531480671
    outer loop
      vertex 86.1 -9.60433477483998 109.24681811934433
      vertex 91.1 -9.777745487356874 109.11820796967676
      vertex 91.1 -9.60433477483998 109.24681811934433
    endloop
  endfacet
  facet normal 0 -0.6715589548470237 0.7409511253549542
    outer loop
      vertex 86.1 -9.444365081389595 109.39180619813195
      vertex 91.1 -9.60433477483998 109.24681811934433
      vertex 91.1 -9.444365081389595 109.39180619813195
    endloop
  endfacet
  facet normal 0 -0.049067674327460446 -0.9987954562051702
    outer loop
      vertex 86.1 -11 113.14744111674236
      vertex 91.1 -10.784362291274967 113.13684751542118
      vertex 91.1 -11 113.14744111674236
    endloop
  endfacet
  facet normal 0 -0.14673047445536055 -0.989176509964781
    outer loop
      vertex 86.1 -10.784362291274967 113.13684751542118
      vertex 91.1 -10.570801291564518 113.10516873362945
      vertex 91.1 -10.784362291274967 113.13684751542118
    endloop
  endfacet
  facet normal 0 -0.24298017990323534 -0.9700312531945512
    outer loop
      vertex 86.1 -10.570801291564518 113.10516873362945
      vertex 91.1 -10.361373710040183 113.05270985535321
      vertex 91.1 -10.570801291564518 113.10516873362945
    endloop
  endfacet
  facet normal 0 -0.3368898533922459 -0.9415440651830115
    outer loop
      vertex 86.1 -10.361373710040183 113.05270985535321
      vertex 91.1 -10.158096448796803 112.97997608826718
      vertex 91.1 -10.361373710040183 113.05270985535321
    endloop
  endfacet
  facet normal 0 -0.5141027441932361 -0.8577286100002636
    outer loop
      vertex 86.1 -9.962927178982806 112.88766789830873
      vertex 91.1 -9.777745487356874 112.77667426380795
      vertex 91.1 -9.962927178982806 112.88766789830873
    endloop
  endfacet
  facet normal 0 -0.4275550934302632 -0.9039892931234522
    outer loop
      vertex 86.1 -10.158096448796803 112.97997608826718
      vertex 91.1 -9.962927178982806 112.88766789830873
      vertex 91.1 -10.158096448796803 112.97997608826718
    endloop
  endfacet
  facet normal 0 -0.5956993044923983 -0.803207531480671
    outer loop
      vertex 86.1 -9.777745487356874 112.77667426380795
      vertex 91.1 -9.60433477483998 112.64806411414038
      vertex 91.1 -9.777745487356874 112.77667426380795
    endloop
  endfacet
  facet normal 0 -0.6715589548470237 -0.7409511253549542
    outer loop
      vertex 86.1 -9.60433477483998 112.64806411414038
      vertex 91.1 -9.444365081389595 112.50307603535276
      vertex 91.1 -9.60433477483998 112.64806411414038
    endloop
  endfacet
  facet normal 0 -0.7409511253549772 -0.6715589548469982
    outer loop
      vertex 86.1 -9.444365081389595 112.50307603535276
      vertex 91.1 -9.299377002601979 112.34310634190237
      vertex 91.1 -9.444365081389595 112.50307603535276
    endloop
  endfacet
  facet normal 0 -0.8032075314806493 0.5956993044924276
    outer loop
      vertex 86.1 -9.299377002601979 109.55177589158234
      vertex 91.1 -9.299377002601979 109.55177589158234
      vertex 86.1 -9.1707668529344 109.72518660409924
    endloop
  endfacet
  facet normal 0 -0.8577286100002701 0.5141027441932251
    outer loop
      vertex 86.1 -9.1707668529344 109.72518660409924
      vertex 91.1 -9.1707668529344 109.72518660409924
      vertex 86.1 -9.05977321843362 109.91036829572516
    endloop
  endfacet
  facet normal 0 -0.9039892931234352 0.4275550934302993
    outer loop
      vertex 86.1 -9.05977321843362 109.91036829572516
      vertex 91.1 -9.05977321843362 109.91036829572516
      vertex 86.1 -8.96746502847517 110.10553756553915
    endloop
  endfacet
  facet normal 0 -0.941544065183022 0.3368898533922162
    outer loop
      vertex 86.1 -8.96746502847517 110.10553756553915
      vertex 91.1 -8.96746502847517 110.10553756553915
      vertex 86.1 -8.89473126138914 110.30881482678254
    endloop
  endfacet
  facet normal 0 -0.9700312531945443 0.2429801799032624
    outer loop
      vertex 86.1 -8.89473126138914 110.30881482678254
      vertex 91.1 -8.89473126138914 110.30881482678254
      vertex 86.1 -8.842272383112892 110.51824240830688
    endloop
  endfacet
  facet normal 0 -0.9891765099647813 0.14673047445535817
    outer loop
      vertex 86.1 -8.842272383112892 110.51824240830688
      vertex 91.1 -8.842272383112892 110.51824240830688
      vertex 86.1 -8.810593601321166 110.73180340801733
    endloop
  endfacet
  facet normal 0 -0.9987954562051726 0.04906767432741282
    outer loop
      vertex 86.1 -8.810593601321166 110.73180340801733
      vertex 91.1 -8.810593601321166 110.73180340801733
      vertex 86.1 -8.8 110.94744111674235
    endloop
  endfacet
  facet normal 0 -0.9987954562051726 -0.04906767432741282
    outer loop
      vertex 86.1 -8.8 110.94744111674235
      vertex 91.1 -8.8 110.94744111674235
      vertex 86.1 -8.810593601321166 111.16307882546738
    endloop
  endfacet
  facet normal -5.216866387408621e-19 -0.8032075314806493 -0.5956993044924276
    outer loop
      vertex 86.1 -9.299377002601979 112.34310634190237
      vertex 86.1 -9.1707668529344 112.16969562938547
      vertex 91.1 -9.1707668529344 112.16969562938547
    endloop
  endfacet
  facet normal -9.36489353979041e-19 -0.9039892931234352 -0.4275550934302993
    outer loop
      vertex 86.1 -9.05977321843362 111.98451393775954
      vertex 86.1 -8.96746502847517 111.78934466794556
      vertex 91.1 -8.96746502847517 111.78934466794556
    endloop
  endfacet
  facet normal 1.0883049756234803e-18 -0.8577286100002701 -0.5141027441932251
    outer loop
      vertex 86.1 -9.1707668529344 112.16969562938547
      vertex 86.1 -9.05977321843362 111.98451393775954
      vertex 91.1 -9.05977321843362 111.98451393775954
    endloop
  endfacet
  facet normal 3.07643843966808e-19 -0.9891765099647813 -0.14673047445535817
    outer loop
      vertex 86.1 -8.842272383112892 111.37663982517783
      vertex 86.1 -8.810593601321166 111.16307882546738
      vertex 91.1 -8.810593601321166 111.16307882546738
    endloop
  endfacet
  facet normal 0 -0.941544065183022 -0.3368898533922162
    outer loop
      vertex 86.1 -8.89473126138914 111.58606740670217
      vertex 91.1 -8.89473126138914 111.58606740670217
      vertex 86.1 -8.96746502847517 111.78934466794556
    endloop
  endfacet
  facet normal 5.955953058618411e-19 -0.9700312531945443 -0.2429801799032624
    outer loop
      vertex 86.1 -8.89473126138914 111.58606740670217
      vertex 86.1 -8.842272383112892 111.37663982517783
      vertex 91.1 -8.842272383112892 111.37663982517783
    endloop
  endfacet
  facet normal 6.075416844733502e-20 -0.7409511253549772 -0.6715589548469982
    outer loop
      vertex 86.1 -9.444365081389595 112.50307603535276
      vertex 86.1 -9.299377002601979 112.34310634190237
      vertex 91.1 -9.299377002601979 112.34310634190237
    endloop
  endfacet
  facet normal 0 -0.7409511253549772 0.6715589548469982
    outer loop
      vertex 86.1 -9.299377002601979 109.55177589158234
      vertex 91.1 -9.444365081389595 109.39180619813195
      vertex 91.1 -9.299377002601979 109.55177589158234
    endloop
  endfacet
  facet normal 0 -0.8032075314806493 0.5956993044924276
    outer loop
      vertex 86.1 -9.1707668529344 109.72518660409924
      vertex 91.1 -9.299377002601979 109.55177589158234
      vertex 91.1 -9.1707668529344 109.72518660409924
    endloop
  endfacet
  facet normal 0 -0.8577286100002701 0.5141027441932251
    outer loop
      vertex 86.1 -9.05977321843362 109.91036829572516
      vertex 91.1 -9.1707668529344 109.72518660409924
      vertex 91.1 -9.05977321843362 109.91036829572516
    endloop
  endfacet
  facet normal 0 -0.9039892931234352 0.4275550934302993
    outer loop
      vertex 86.1 -8.96746502847517 110.10553756553915
      vertex 91.1 -9.05977321843362 109.91036829572516
      vertex 91.1 -8.96746502847517 110.10553756553915
    endloop
  endfacet
  facet normal 0 -0.941544065183022 0.3368898533922162
    outer loop
      vertex 86.1 -8.89473126138914 110.30881482678254
      vertex 91.1 -8.96746502847517 110.10553756553915
      vertex 91.1 -8.89473126138914 110.30881482678254
    endloop
  endfacet
  facet normal 0 -0.9700312531945443 0.2429801799032624
    outer loop
      vertex 86.1 -8.842272383112892 110.51824240830688
      vertex 91.1 -8.89473126138914 110.30881482678254
      vertex 91.1 -8.842272383112892 110.51824240830688
    endloop
  endfacet
  facet normal 0 -0.9891765099647813 0.14673047445535817
    outer loop
      vertex 86.1 -8.810593601321166 110.73180340801733
      vertex 91.1 -8.842272383112892 110.51824240830688
      vertex 91.1 -8.810593601321166 110.73180340801733
    endloop
  endfacet
  facet normal 0 -0.9987954562051726 0.04906767432741282
    outer loop
      vertex 86.1 -8.8 110.94744111674235
      vertex 91.1 -8.810593601321166 110.73180340801733
      vertex 91.1 -8.8 110.94744111674235
    endloop
  endfacet
  facet normal 0 -0.9987954562051726 -0.04906767432741282
    outer loop
      vertex 86.1 -8.810593601321166 111.16307882546738
      vertex 91.1 -8.8 110.94744111674235
      vertex 91.1 -8.810593601321166 111.16307882546738
    endloop
  endfacet
  facet normal 0 -0.8032075314806493 -0.5956993044924276
    outer loop
      vertex 86.1 -9.299377002601979 112.34310634190237
      vertex 91.1 -9.1707668529344 112.16969562938547
      vertex 91.1 -9.299377002601979 112.34310634190237
    endloop
  endfacet
  facet normal 0 -0.9039892931234352 -0.4275550934302993
    outer loop
      vertex 86.1 -9.05977321843362 111.98451393775954
      vertex 91.1 -8.96746502847517 111.78934466794556
      vertex 91.1 -9.05977321843362 111.98451393775954
    endloop
  endfacet
  facet normal 0 -0.8577286100002701 -0.5141027441932251
    outer loop
      vertex 86.1 -9.1707668529344 112.16969562938547
      vertex 91.1 -9.05977321843362 111.98451393775954
      vertex 91.1 -9.1707668529344 112.16969562938547
    endloop
  endfacet
  facet normal 0 -0.9891765099647813 -0.14673047445535817
    outer loop
      vertex 86.1 -8.842272383112892 111.37663982517783
      vertex 91.1 -8.810593601321166 111.16307882546738
      vertex 91.1 -8.842272383112892 111.37663982517783
    endloop
  endfacet
  facet normal 0 -0.9700312531945443 -0.2429801799032624
    outer loop
      vertex 86.1 -8.89473126138914 111.58606740670217
      vertex 91.1 -8.842272383112892 111.37663982517783
      vertex 91.1 -8.89473126138914 111.58606740670217
    endloop
  endfacet
  facet normal 0 -0.941544065183022 -0.3368898533922162
    outer loop
      vertex 86.1 -8.96746502847517 111.78934466794556
      vertex 91.1 -8.89473126138914 111.58606740670217
      vertex 91.1 -8.96746502847517 111.78934466794556
    endloop
  endfacet
  facet normal 0 0.9039892931234321 0.42755509343030607
    outer loop
      vertex -91.1 -17.58888415762888 113.60174726269275
      vertex -86.1 -17.58888415762888 113.60174726269275
      vertex -91.1 -17.496575967670427 113.40657799287877
    endloop
  endfacet
  facet normal 4.873761257704542e-19 0.8577286100002738 0.5141027441932191
    outer loop
      vertex -91.1 -17.385582333169648 113.22139630125284
      vertex -91.1 -17.496575967670427 113.40657799287877
      vertex -86.1 -17.496575967670427 113.40657799287877
    endloop
  endfacet
  facet normal 0 0.8032075314806453 0.5956993044924328
    outer loop
      vertex -91.1 -17.385582333169648 113.22139630125284
      vertex -86.1 -17.385582333169648 113.22139630125284
      vertex -91.1 -17.256972183502068 113.04798558873594
    endloop
  endfacet
  facet normal 0 0.7409511253549772 0.6715589548469982
    outer loop
      vertex -91.1 -17.256972183502068 113.04798558873594
      vertex -86.1 -17.256972183502068 113.04798558873594
      vertex -91.1 -17.111984104714452 112.88801589528555
    endloop
  endfacet
  facet normal 0 0.6715589548470237 0.7409511253549542
    outer loop
      vertex -91.1 -17.111984104714452 112.88801589528555
      vertex -86.1 -17.111984104714452 112.88801589528555
      vertex -91.1 -16.952014411264066 112.74302781649793
    endloop
  endfacet
  facet normal 0 0.5956993044923983 0.803207531480671
    outer loop
      vertex -91.1 -16.952014411264066 112.74302781649793
      vertex -86.1 -16.952014411264066 112.74302781649793
      vertex -91.1 -16.778603698747173 112.61441766683036
    endloop
  endfacet
  facet normal 0 0.5141027441932361 0.8577286100002636
    outer loop
      vertex -91.1 -16.778603698747173 112.61441766683036
      vertex -86.1 -16.778603698747173 112.61441766683036
      vertex -91.1 -16.59342200712124 112.50342403232958
    endloop
  endfacet
  facet normal 0 0.42755509343026643 0.9039892931234509
    outer loop
      vertex -91.1 -16.59342200712124 112.50342403232958
      vertex -86.1 -16.59342200712124 112.50342403232958
      vertex -91.1 -16.398252737307246 112.41111584237113
    endloop
  endfacet
  facet normal -6.077855216722443e-19 0.24298017990323534 0.9700312531945512
    outer loop
      vertex -91.1 -15.985547894539529 112.28592319700886
      vertex -91.1 -16.194975476063863 112.3383820752851
      vertex -86.1 -16.194975476063863 112.3383820752851
    endloop
  endfacet
  facet normal 0 0.14673047445536055 0.989176509964781
    outer loop
      vertex -91.1 -15.985547894539529 112.28592319700886
      vertex -86.1 -15.985547894539529 112.28592319700886
      vertex -91.1 -15.77198689482908 112.25424441521713
    endloop
  endfacet
  facet normal 0 0.049067674327460446 0.9987954562051702
    outer loop
      vertex -91.1 -15.77198689482908 112.25424441521713
      vertex -86.1 -15.77198689482908 112.25424441521713
      vertex -91.1 -15.556349186104047 112.24365081389595
    endloop
  endfacet
  facet normal 0 0.3368898533922433 0.9415440651830124
    outer loop
      vertex -91.1 -16.398252737307246 112.41111584237113
      vertex -86.1 -16.398252737307246 112.41111584237113
      vertex -91.1 -16.194975476063863 112.3383820752851
    endloop
  endfacet
  facet normal -7.007963924273209e-19 0.9039892931234321 0.42755509343030607
    outer loop
      vertex -86.1 -17.58888415762888 113.60174726269275
      vertex -86.1 -17.496575967670427 113.40657799287877
      vertex -91.1 -17.496575967670427 113.40657799287877
    endloop
  endfacet
  facet normal 0 0.8577286100002738 0.5141027441932191
    outer loop
      vertex -91.1 -17.385582333169648 113.22139630125284
      vertex -86.1 -17.496575967670427 113.40657799287877
      vertex -86.1 -17.385582333169648 113.22139630125284
    endloop
  endfacet
  facet normal 0 0.8032075314806453 0.5956993044924328
    outer loop
      vertex -91.1 -17.256972183502068 113.04798558873594
      vertex -86.1 -17.385582333169648 113.22139630125284
      vertex -86.1 -17.256972183502068 113.04798558873594
    endloop
  endfacet
  facet normal 0 0.7409511253549772 0.6715589548469982
    outer loop
      vertex -91.1 -17.111984104714452 112.88801589528555
      vertex -86.1 -17.256972183502068 113.04798558873594
      vertex -86.1 -17.111984104714452 112.88801589528555
    endloop
  endfacet
  facet normal 0 0.6715589548470237 0.7409511253549542
    outer loop
      vertex -91.1 -16.952014411264066 112.74302781649793
      vertex -86.1 -17.111984104714452 112.88801589528555
      vertex -86.1 -16.952014411264066 112.74302781649793
    endloop
  endfacet
  facet normal 0 0.5956993044923983 0.803207531480671
    outer loop
      vertex -91.1 -16.778603698747173 112.61441766683036
      vertex -86.1 -16.952014411264066 112.74302781649793
      vertex -86.1 -16.778603698747173 112.61441766683036
    endloop
  endfacet
  facet normal 0 0.5141027441932361 0.8577286100002636
    outer loop
      vertex -91.1 -16.59342200712124 112.50342403232958
      vertex -86.1 -16.778603698747173 112.61441766683036
      vertex -86.1 -16.59342200712124 112.50342403232958
    endloop
  endfacet
  facet normal 0 0.42755509343026643 0.9039892931234509
    outer loop
      vertex -91.1 -16.398252737307246 112.41111584237113
      vertex -86.1 -16.59342200712124 112.50342403232958
      vertex -86.1 -16.398252737307246 112.41111584237113
    endloop
  endfacet
  facet normal 0 0.24298017990323534 0.9700312531945512
    outer loop
      vertex -91.1 -15.985547894539529 112.28592319700886
      vertex -86.1 -16.194975476063863 112.3383820752851
      vertex -86.1 -15.985547894539529 112.28592319700886
    endloop
  endfacet
  facet normal 0 0.14673047445536055 0.989176509964781
    outer loop
      vertex -91.1 -15.77198689482908 112.25424441521713
      vertex -86.1 -15.985547894539529 112.28592319700886
      vertex -86.1 -15.77198689482908 112.25424441521713
    endloop
  endfacet
  facet normal 0 0.049067674327460446 0.9987954562051702
    outer loop
      vertex -91.1 -15.556349186104047 112.24365081389595
      vertex -86.1 -15.77198689482908 112.25424441521713
      vertex -86.1 -15.556349186104047 112.24365081389595
    endloop
  endfacet
  facet normal 0 0.3368898533922433 0.9415440651830124
    outer loop
      vertex -91.1 -16.194975476063863 112.3383820752851
      vertex -86.1 -16.398252737307246 112.41111584237113
      vertex -86.1 -16.194975476063863 112.3383820752851
    endloop
  endfacet
  facet normal 0 0.9415440651830247 0.33688985339220895
    outer loop
      vertex -91.1 -17.661617924714907 113.80502452393614
      vertex -86.1 -17.661617924714907 113.80502452393614
      vertex -91.1 -17.58888415762888 113.60174726269275
    endloop
  endfacet
  facet normal 5.955953058618411e-19 0.9700312531945443 0.2429801799032624
    outer loop
      vertex -91.1 -17.661617924714907 113.80502452393614
      vertex -91.1 -17.714076802991155 114.01445210546048
      vertex -86.1 -17.714076802991155 114.01445210546048
    endloop
  endfacet
  facet normal 3.07643843966808e-19 0.9891765099647813 0.14673047445535817
    outer loop
      vertex -91.1 -17.714076802991155 114.01445210546048
      vertex -91.1 -17.74575558478288 114.22801310517093
      vertex -86.1 -17.74575558478288 114.22801310517093
    endloop
  endfacet
  facet normal -3.731048787155448e-20 0.9987954562051726 0.04906767432741282
    outer loop
      vertex -91.1 -17.74575558478288 114.22801310517093
      vertex -91.1 -17.756349186104046 114.44365081389596
      vertex -86.1 -17.756349186104046 114.44365081389596
    endloop
  endfacet
  facet normal 3.731048787155448e-20 0.9987954562051726 -0.04906767432741282
    outer loop
      vertex -91.1 -17.756349186104046 114.44365081389596
      vertex -91.1 -17.74575558478288 114.65928852262098
      vertex -86.1 -17.74575558478288 114.65928852262098
    endloop
  endfacet
  facet normal -3.07643843966808e-19 0.9891765099647813 -0.14673047445535817
    outer loop
      vertex -91.1 -17.74575558478288 114.65928852262098
      vertex -91.1 -17.714076802991155 114.87284952233144
      vertex -86.1 -17.714076802991155 114.87284952233144
    endloop
  endfacet
  facet normal -5.955953058618411e-19 0.9700312531945443 -0.2429801799032624
    outer loop
      vertex -91.1 -17.714076802991155 114.87284952233144
      vertex -91.1 -17.661617924714907 115.08227710385577
      vertex -86.1 -17.661617924714907 115.08227710385577
    endloop
  endfacet
  facet normal -2.1149660349104148e-19 0.9415440651830247 -0.33688985339220895
    outer loop
      vertex -91.1 -17.661617924714907 115.08227710385577
      vertex -91.1 -17.58888415762888 115.28555436509916
      vertex -86.1 -17.58888415762888 115.28555436509916
    endloop
  endfacet
  facet normal 7.007963924273209e-19 0.9039892931234321 -0.42755509343030607
    outer loop
      vertex -91.1 -17.58888415762888 115.28555436509916
      vertex -91.1 -17.496575967670427 115.48072363491315
      vertex -86.1 -17.496575967670427 115.48072363491315
    endloop
  endfacet
  facet normal -4.873761257704542e-19 0.8577286100002738 -0.5141027441932191
    outer loop
      vertex -91.1 -17.496575967670427 115.48072363491315
      vertex -91.1 -17.385582333169648 115.66590532653908
      vertex -86.1 -17.385582333169648 115.66590532653908
    endloop
  endfacet
  facet normal -1.6518801436336034e-19 0.8032075314806453 -0.5956993044924328
    outer loop
      vertex -91.1 -17.385582333169648 115.66590532653908
      vertex -91.1 -17.256972183502068 115.83931603905597
      vertex -86.1 -17.256972183502068 115.83931603905597
    endloop
  endfacet
  facet normal -6.075416844733502e-20 0.7409511253549772 -0.6715589548469982
    outer loop
      vertex -91.1 -17.256972183502068 115.83931603905597
      vertex -91.1 -17.111984104714452 115.99928573250637
      vertex -86.1 -17.111984104714452 115.99928573250637
    endloop
  endfacet
  facet normal -4.677049442898594e-19 0.6715589548470237 -0.7409511253549542
    outer loop
      vertex -91.1 -17.111984104714452 115.99928573250637
      vertex -91.1 -16.952014411264066 116.14427381129398
      vertex -86.1 -16.952014411264066 116.14427381129398
    endloop
  endfacet
  facet normal -1.2363691198240693e-19 0.5956993044923983 -0.803207531480671
    outer loop
      vertex -91.1 -16.952014411264066 116.14427381129398
      vertex -91.1 -16.778603698747173 116.27288396096155
      vertex -86.1 -16.778603698747173 116.27288396096155
    endloop
  endfacet
  facet normal -7.779636209552203e-19 0.5141027441932361 -0.8577286100002636
    outer loop
      vertex -91.1 -16.778603698747173 116.27288396096155
      vertex -91.1 -16.59342200712124 116.38387759546234
      vertex -86.1 -16.59342200712124 116.38387759546234
    endloop
  endfacet
  facet normal -1.4187910021654429e-18 0.42755509343026643 -0.9039892931234509
    outer loop
      vertex -91.1 -16.59342200712124 116.38387759546234
      vertex -91.1 -16.398252737307246 116.47618578542078
      vertex -86.1 -16.398252737307246 116.47618578542078
    endloop
  endfacet
  facet normal -7.499862751443797e-19 0.3368898533922433 -0.9415440651830124
    outer loop
      vertex -91.1 -16.398252737307246 116.47618578542078
      vertex -91.1 -16.194975476063863 116.54891955250682
      vertex -86.1 -16.194975476063863 116.54891955250682
    endloop
  endfacet
  facet normal 6.077855216722443e-19 0.24298017990323534 -0.9700312531945512
    outer loop
      vertex -91.1 -16.194975476063863 116.54891955250682
      vertex -91.1 -15.985547894539529 116.60137843078306
      vertex -86.1 -15.985547894539529 116.60137843078306
    endloop
  endfacet
  facet normal -1.1182473736916267e-19 0.14673047445536055 -0.989176509964781
    outer loop
      vertex -91.1 -15.985547894539529 116.60137843078306
      vertex -91.1 -15.77198689482908 116.63305721257478
      vertex -86.1 -15.77198689482908 116.63305721257478
    endloop
  endfacet
  facet normal 6.860399868110808e-20 0.049067674327460446 -0.9987954562051702
    outer loop
      vertex -91.1 -15.77198689482908 116.63305721257478
      vertex -91.1 -15.556349186104047 116.64365081389596
      vertex -86.1 -15.556349186104047 116.64365081389596
    endloop
  endfacet
  facet normal 0 0.9415440651830247 0.33688985339220895
    outer loop
      vertex -91.1 -17.58888415762888 113.60174726269275
      vertex -86.1 -17.661617924714907 113.80502452393614
      vertex -86.1 -17.58888415762888 113.60174726269275
    endloop
  endfacet
  facet normal 0 0.9700312531945443 0.2429801799032624
    outer loop
      vertex -91.1 -17.661617924714907 113.80502452393614
      vertex -86.1 -17.714076802991155 114.01445210546048
      vertex -86.1 -17.661617924714907 113.80502452393614
    endloop
  endfacet
  facet normal 0 0.9891765099647813 0.14673047445535817
    outer loop
      vertex -91.1 -17.714076802991155 114.01445210546048
      vertex -86.1 -17.74575558478288 114.22801310517093
      vertex -86.1 -17.714076802991155 114.01445210546048
    endloop
  endfacet
  facet normal 0 0.9987954562051726 0.04906767432741282
    outer loop
      vertex -91.1 -17.74575558478288 114.22801310517093
      vertex -86.1 -17.756349186104046 114.44365081389596
      vertex -86.1 -17.74575558478288 114.22801310517093
    endloop
  endfacet
  facet normal 0 0.9987954562051726 -0.04906767432741282
    outer loop
      vertex -91.1 -17.756349186104046 114.44365081389596
      vertex -86.1 -17.74575558478288 114.65928852262098
      vertex -86.1 -17.756349186104046 114.44365081389596
    endloop
  endfacet
  facet normal 0 0.9891765099647813 -0.14673047445535817
    outer loop
      vertex -91.1 -17.74575558478288 114.65928852262098
      vertex -86.1 -17.714076802991155 114.87284952233144
      vertex -86.1 -17.74575558478288 114.65928852262098
    endloop
  endfacet
  facet normal 0 0.9700312531945443 -0.2429801799032624
    outer loop
      vertex -91.1 -17.714076802991155 114.87284952233144
      vertex -86.1 -17.661617924714907 115.08227710385577
      vertex -86.1 -17.714076802991155 114.87284952233144
    endloop
  endfacet
  facet normal 0 0.9415440651830247 -0.33688985339220895
    outer loop
      vertex -91.1 -17.661617924714907 115.08227710385577
      vertex -86.1 -17.58888415762888 115.28555436509916
      vertex -86.1 -17.661617924714907 115.08227710385577
    endloop
  endfacet
  facet normal 0 0.9039892931234321 -0.42755509343030607
    outer loop
      vertex -91.1 -17.58888415762888 115.28555436509916
      vertex -86.1 -17.496575967670427 115.48072363491315
      vertex -86.1 -17.58888415762888 115.28555436509916
    endloop
  endfacet
  facet normal 0 0.8577286100002738 -0.5141027441932191
    outer loop
      vertex -91.1 -17.496575967670427 115.48072363491315
      vertex -86.1 -17.385582333169648 115.66590532653908
      vertex -86.1 -17.496575967670427 115.48072363491315
    endloop
  endfacet
  facet normal 0 0.8032075314806453 -0.5956993044924328
    outer loop
      vertex -91.1 -17.385582333169648 115.66590532653908
      vertex -86.1 -17.256972183502068 115.83931603905597
      vertex -86.1 -17.385582333169648 115.66590532653908
    endloop
  endfacet
  facet normal 0 0.7409511253549772 -0.6715589548469982
    outer loop
      vertex -91.1 -17.256972183502068 115.83931603905597
      vertex -86.1 -17.111984104714452 115.99928573250637
      vertex -86.1 -17.256972183502068 115.83931603905597
    endloop
  endfacet
  facet normal 0 0.6715589548470237 -0.7409511253549542
    outer loop
      vertex -91.1 -17.111984104714452 115.99928573250637
      vertex -86.1 -16.952014411264066 116.14427381129398
      vertex -86.1 -17.111984104714452 115.99928573250637
    endloop
  endfacet
  facet normal 0 0.5956993044923983 -0.803207531480671
    outer loop
      vertex -91.1 -16.952014411264066 116.14427381129398
      vertex -86.1 -16.778603698747173 116.27288396096155
      vertex -86.1 -16.952014411264066 116.14427381129398
    endloop
  endfacet
  facet normal 0 0.5141027441932361 -0.8577286100002636
    outer loop
      vertex -91.1 -16.778603698747173 116.27288396096155
      vertex -86.1 -16.59342200712124 116.38387759546234
      vertex -86.1 -16.778603698747173 116.27288396096155
    endloop
  endfacet
  facet normal 0 0.42755509343026643 -0.9039892931234509
    outer loop
      vertex -91.1 -16.59342200712124 116.38387759546234
      vertex -86.1 -16.398252737307246 116.47618578542078
      vertex -86.1 -16.59342200712124 116.38387759546234
    endloop
  endfacet
  facet normal 0 0.3368898533922433 -0.9415440651830124
    outer loop
      vertex -91.1 -16.398252737307246 116.47618578542078
      vertex -86.1 -16.194975476063863 116.54891955250682
      vertex -86.1 -16.398252737307246 116.47618578542078
    endloop
  endfacet
  facet normal 0 0.24298017990323534 -0.9700312531945512
    outer loop
      vertex -91.1 -16.194975476063863 116.54891955250682
      vertex -86.1 -15.985547894539529 116.60137843078306
      vertex -86.1 -16.194975476063863 116.54891955250682
    endloop
  endfacet
  facet normal 0 0.14673047445536055 -0.989176509964781
    outer loop
      vertex -91.1 -15.985547894539529 116.60137843078306
      vertex -86.1 -15.77198689482908 116.63305721257478
      vertex -86.1 -15.985547894539529 116.60137843078306
    endloop
  endfacet
  facet normal 0 0.049067674327460446 -0.9987954562051702
    outer loop
      vertex -91.1 -15.77198689482908 116.63305721257478
      vertex -86.1 -15.556349186104047 116.64365081389596
      vertex -86.1 -15.77198689482908 116.63305721257478
    endloop
  endfacet
  facet normal 0 -0.049067674327460446 0.9987954562051702
    outer loop
      vertex -91.1 -15.556349186104047 112.24365081389595
      vertex -86.1 -15.556349186104047 112.24365081389595
      vertex -91.1 -15.340711477379013 112.25424441521713
    endloop
  endfacet
  facet normal 0 -0.14673047445536055 0.989176509964781
    outer loop
      vertex -91.1 -15.340711477379013 112.25424441521713
      vertex -86.1 -15.340711477379013 112.25424441521713
      vertex -91.1 -15.127150477668565 112.28592319700886
    endloop
  endfacet
  facet normal 0 -0.24298017990323534 0.9700312531945512
    outer loop
      vertex -91.1 -15.127150477668565 112.28592319700886
      vertex -86.1 -15.127150477668565 112.28592319700886
      vertex -91.1 -14.91772289614423 112.3383820752851
    endloop
  endfacet
  facet normal 0 -0.3368898533922459 0.9415440651830115
    outer loop
      vertex -91.1 -14.91772289614423 112.3383820752851
      vertex -86.1 -14.91772289614423 112.3383820752851
      vertex -91.1 -14.71444563490085 112.41111584237113
    endloop
  endfacet
  facet normal 0 -0.4275550934302632 0.9039892931234522
    outer loop
      vertex -91.1 -14.71444563490085 112.41111584237113
      vertex -86.1 -14.71444563490085 112.41111584237113
      vertex -91.1 -14.519276365086853 112.50342403232958
    endloop
  endfacet
  facet normal 0 -0.5141027441932361 0.8577286100002636
    outer loop
      vertex -91.1 -14.519276365086853 112.50342403232958
      vertex -86.1 -14.519276365086853 112.50342403232958
      vertex -91.1 -14.334094673460921 112.61441766683036
    endloop
  endfacet
  facet normal 0 -0.5956993044923983 0.803207531480671
    outer loop
      vertex -91.1 -14.334094673460921 112.61441766683036
      vertex -86.1 -14.334094673460921 112.61441766683036
      vertex -91.1 -14.160683960944027 112.74302781649793
    endloop
  endfacet
  facet normal 0 -0.6715589548470237 0.7409511253549542
    outer loop
      vertex -91.1 -14.160683960944027 112.74302781649793
      vertex -86.1 -14.160683960944027 112.74302781649793
      vertex -91.1 -14.000714267493642 112.88801589528555
    endloop
  endfacet
  facet normal 0 -0.7409511253549772 0.6715589548469982
    outer loop
      vertex -91.1 -14.000714267493642 112.88801589528555
      vertex -86.1 -14.000714267493642 112.88801589528555
      vertex -91.1 -13.855726188706026 113.04798558873594
    endloop
  endfacet
  facet normal 0 -0.8032075314806493 0.5956993044924276
    outer loop
      vertex -91.1 -13.855726188706026 113.04798558873594
      vertex -86.1 -13.855726188706026 113.04798558873594
      vertex -91.1 -13.727116039038448 113.22139630125284
    endloop
  endfacet
  facet normal 0 -0.8577286100002701 0.5141027441932251
    outer loop
      vertex -91.1 -13.727116039038448 113.22139630125284
      vertex -86.1 -13.727116039038448 113.22139630125284
      vertex -91.1 -13.616122404537666 113.40657799287877
    endloop
  endfacet
  facet normal 0 -0.9039892931234352 0.4275550934302993
    outer loop
      vertex -91.1 -13.616122404537666 113.40657799287877
      vertex -86.1 -13.616122404537666 113.40657799287877
      vertex -91.1 -13.523814214579216 113.60174726269275
    endloop
  endfacet
  facet normal 0 -0.049067674327460446 0.9987954562051702
    outer loop
      vertex -91.1 -15.340711477379013 112.25424441521713
      vertex -86.1 -15.556349186104047 112.24365081389595
      vertex -86.1 -15.340711477379013 112.25424441521713
    endloop
  endfacet
  facet normal -1.1182473736916267e-19 -0.14673047445536055 0.989176509964781
    outer loop
      vertex -86.1 -15.340711477379013 112.25424441521713
      vertex -86.1 -15.127150477668565 112.28592319700886
      vertex -91.1 -15.127150477668565 112.28592319700886
    endloop
  endfacet
  facet normal 0 -0.24298017990323534 0.9700312531945512
    outer loop
      vertex -91.1 -14.91772289614423 112.3383820752851
      vertex -86.1 -15.127150477668565 112.28592319700886
      vertex -86.1 -14.91772289614423 112.3383820752851
    endloop
  endfacet
  facet normal 0 -0.3368898533922459 0.9415440651830115
    outer loop
      vertex -91.1 -14.71444563490085 112.41111584237113
      vertex -86.1 -14.91772289614423 112.3383820752851
      vertex -86.1 -14.71444563490085 112.41111584237113
    endloop
  endfacet
  facet normal 0 -0.4275550934302632 0.9039892931234522
    outer loop
      vertex -91.1 -14.519276365086853 112.50342403232958
      vertex -86.1 -14.71444563490085 112.41111584237113
      vertex -86.1 -14.519276365086853 112.50342403232958
    endloop
  endfacet
  facet normal 0 -0.5141027441932361 0.8577286100002636
    outer loop
      vertex -91.1 -14.334094673460921 112.61441766683036
      vertex -86.1 -14.519276365086853 112.50342403232958
      vertex -86.1 -14.334094673460921 112.61441766683036
    endloop
  endfacet
  facet normal 0 -0.5956993044923983 0.803207531480671
    outer loop
      vertex -91.1 -14.160683960944027 112.74302781649793
      vertex -86.1 -14.334094673460921 112.61441766683036
      vertex -86.1 -14.160683960944027 112.74302781649793
    endloop
  endfacet
  facet normal 0 -0.6715589548470237 0.7409511253549542
    outer loop
      vertex -91.1 -14.000714267493642 112.88801589528555
      vertex -86.1 -14.160683960944027 112.74302781649793
      vertex -86.1 -14.000714267493642 112.88801589528555
    endloop
  endfacet
  facet normal 0 -0.7409511253549772 0.6715589548469982
    outer loop
      vertex -91.1 -13.855726188706026 113.04798558873594
      vertex -86.1 -14.000714267493642 112.88801589528555
      vertex -86.1 -13.855726188706026 113.04798558873594
    endloop
  endfacet
  facet normal 0 -0.8032075314806493 0.5956993044924276
    outer loop
      vertex -91.1 -13.727116039038448 113.22139630125284
      vertex -86.1 -13.855726188706026 113.04798558873594
      vertex -86.1 -13.727116039038448 113.22139630125284
    endloop
  endfacet
  facet normal 0 -0.8577286100002701 0.5141027441932251
    outer loop
      vertex -91.1 -13.616122404537666 113.40657799287877
      vertex -86.1 -13.727116039038448 113.22139630125284
      vertex -86.1 -13.616122404537666 113.40657799287877
    endloop
  endfacet
  facet normal 9.36489353979041e-19 -0.9039892931234352 0.4275550934302993
    outer loop
      vertex -86.1 -13.616122404537666 113.40657799287877
      vertex -86.1 -13.523814214579216 113.60174726269275
      vertex -91.1 -13.523814214579216 113.60174726269275
    endloop
  endfacet
  facet normal -6.860399868110808e-20 -0.049067674327460446 -0.9987954562051702
    outer loop
      vertex -91.1 -15.556349186104047 116.64365081389596
      vertex -91.1 -15.340711477379013 116.63305721257478
      vertex -86.1 -15.340711477379013 116.63305721257478
    endloop
  endfacet
  facet normal 1.1182473736916267e-19 -0.14673047445536055 -0.989176509964781
    outer loop
      vertex -91.1 -15.340711477379013 116.63305721257478
      vertex -91.1 -15.127150477668565 116.60137843078306
      vertex -86.1 -15.127150477668565 116.60137843078306
    endloop
  endfacet
  facet normal -6.077855216722443e-19 -0.24298017990323534 -0.9700312531945512
    outer loop
      vertex -91.1 -15.127150477668565 116.60137843078306
      vertex -91.1 -14.91772289614423 116.54891955250682
      vertex -86.1 -14.91772289614423 116.54891955250682
    endloop
  endfacet
  facet normal -8.6646814689558e-20 -0.3368898533922459 -0.9415440651830115
    outer loop
      vertex -91.1 -14.91772289614423 116.54891955250682
      vertex -91.1 -14.71444563490085 116.47618578542078
      vertex -86.1 -14.71444563490085 116.47618578542078
    endloop
  endfacet
  facet normal 5.773947839732e-19 -0.4275550934302632 -0.9039892931234522
    outer loop
      vertex -91.1 -14.71444563490085 116.47618578542078
      vertex -91.1 -14.519276365086853 116.38387759546234
      vertex -86.1 -14.519276365086853 116.38387759546234
    endloop
  endfacet
  facet normal 7.779636209552203e-19 -0.5141027441932361 -0.8577286100002636
    outer loop
      vertex -91.1 -14.519276365086853 116.38387759546234
      vertex -91.1 -14.334094673460921 116.27288396096155
      vertex -86.1 -14.334094673460921 116.27288396096155
    endloop
  endfacet
  facet normal 1.2363691198240693e-19 -0.5956993044923983 -0.803207531480671
    outer loop
      vertex -91.1 -14.334094673460921 116.27288396096155
      vertex -91.1 -14.160683960944027 116.14427381129398
      vertex -86.1 -14.160683960944027 116.14427381129398
    endloop
  endfacet
  facet normal 0 -0.941544065183022 0.3368898533922162
    outer loop
      vertex -91.1 -13.523814214579216 113.60174726269275
      vertex -86.1 -13.523814214579216 113.60174726269275
      vertex -91.1 -13.451080447493187 113.80502452393614
    endloop
  endfacet
  facet normal 0 -0.9700312531945443 0.2429801799032624
    outer loop
      vertex -91.1 -13.451080447493187 113.80502452393614
      vertex -86.1 -13.451080447493187 113.80502452393614
      vertex -91.1 -13.398621569216939 114.01445210546048
    endloop
  endfacet
  facet normal 0 -0.9891765099647813 0.14673047445535817
    outer loop
      vertex -91.1 -13.398621569216939 114.01445210546048
      vertex -86.1 -13.398621569216939 114.01445210546048
      vertex -91.1 -13.366942787425213 114.22801310517093
    endloop
  endfacet
  facet normal 0 -0.9987954562051726 0.04906767432741282
    outer loop
      vertex -91.1 -13.366942787425213 114.22801310517093
      vertex -86.1 -13.366942787425213 114.22801310517093
      vertex -91.1 -13.356349186104048 114.44365081389596
    endloop
  endfacet
  facet normal 0 -0.9987954562051726 -0.04906767432741282
    outer loop
      vertex -91.1 -13.356349186104048 114.44365081389596
      vertex -86.1 -13.356349186104048 114.44365081389596
      vertex -91.1 -13.366942787425213 114.65928852262098
    endloop
  endfacet
  facet normal 0 -0.9891765099647813 -0.14673047445535817
    outer loop
      vertex -91.1 -13.366942787425213 114.65928852262098
      vertex -86.1 -13.366942787425213 114.65928852262098
      vertex -91.1 -13.398621569216939 114.87284952233144
    endloop
  endfacet
  facet normal 6.075416844733502e-20 -0.7409511253549772 -0.6715589548469982
    outer loop
      vertex -91.1 -14.000714267493642 115.99928573250637
      vertex -91.1 -13.855726188706026 115.83931603905597
      vertex -86.1 -13.855726188706026 115.83931603905597
    endloop
  endfacet
  facet normal -5.216866387408621e-19 -0.8032075314806493 -0.5956993044924276
    outer loop
      vertex -91.1 -13.855726188706026 115.83931603905597
      vertex -91.1 -13.727116039038448 115.66590532653908
      vertex -86.1 -13.727116039038448 115.66590532653908
    endloop
  endfacet
  facet normal 0 -0.9039892931234352 -0.4275550934302993
    outer loop
      vertex -91.1 -13.523814214579216 115.28555436509916
      vertex -86.1 -13.523814214579216 115.28555436509916
      vertex -91.1 -13.616122404537666 115.48072363491315
    endloop
  endfacet
  facet normal 0 -0.9700312531945443 -0.2429801799032624
    outer loop
      vertex -91.1 -13.398621569216939 114.87284952233144
      vertex -86.1 -13.398621569216939 114.87284952233144
      vertex -91.1 -13.451080447493187 115.08227710385577
    endloop
  endfacet
  facet normal 0 -0.941544065183022 -0.3368898533922162
    outer loop
      vertex -91.1 -13.451080447493187 115.08227710385577
      vertex -86.1 -13.451080447493187 115.08227710385577
      vertex -91.1 -13.523814214579216 115.28555436509916
    endloop
  endfacet
  facet normal 1.0883049756234803e-18 -0.8577286100002701 -0.5141027441932251
    outer loop
      vertex -91.1 -13.727116039038448 115.66590532653908
      vertex -91.1 -13.616122404537666 115.48072363491315
      vertex -86.1 -13.616122404537666 115.48072363491315
    endloop
  endfacet
  facet normal 0 -0.6715589548470237 -0.7409511253549542
    outer loop
      vertex -91.1 -14.000714267493642 115.99928573250637
      vertex -86.1 -14.000714267493642 115.99928573250637
      vertex -91.1 -14.160683960944027 116.14427381129398
    endloop
  endfacet
  facet normal 0 -0.049067674327460446 -0.9987954562051702
    outer loop
      vertex -91.1 -15.556349186104047 116.64365081389596
      vertex -86.1 -15.340711477379013 116.63305721257478
      vertex -86.1 -15.556349186104047 116.64365081389596
    endloop
  endfacet
  facet normal 0 -0.14673047445536055 -0.989176509964781
    outer loop
      vertex -91.1 -15.340711477379013 116.63305721257478
      vertex -86.1 -15.127150477668565 116.60137843078306
      vertex -86.1 -15.340711477379013 116.63305721257478
    endloop
  endfacet
  facet normal 0 -0.24298017990323534 -0.9700312531945512
    outer loop
      vertex -91.1 -15.127150477668565 116.60137843078306
      vertex -86.1 -14.91772289614423 116.54891955250682
      vertex -86.1 -15.127150477668565 116.60137843078306
    endloop
  endfacet
  facet normal 0 -0.3368898533922459 -0.9415440651830115
    outer loop
      vertex -91.1 -14.91772289614423 116.54891955250682
      vertex -86.1 -14.71444563490085 116.47618578542078
      vertex -86.1 -14.91772289614423 116.54891955250682
    endloop
  endfacet
  facet normal 0 -0.4275550934302632 -0.9039892931234522
    outer loop
      vertex -91.1 -14.71444563490085 116.47618578542078
      vertex -86.1 -14.519276365086853 116.38387759546234
      vertex -86.1 -14.71444563490085 116.47618578542078
    endloop
  endfacet
  facet normal 0 -0.5141027441932361 -0.8577286100002636
    outer loop
      vertex -91.1 -14.519276365086853 116.38387759546234
      vertex -86.1 -14.334094673460921 116.27288396096155
      vertex -86.1 -14.519276365086853 116.38387759546234
    endloop
  endfacet
  facet normal 0 -0.5956993044923983 -0.803207531480671
    outer loop
      vertex -91.1 -14.334094673460921 116.27288396096155
      vertex -86.1 -14.160683960944027 116.14427381129398
      vertex -86.1 -14.334094673460921 116.27288396096155
    endloop
  endfacet
  facet normal 0 -0.6715589548470237 -0.7409511253549542
    outer loop
      vertex -91.1 -14.160683960944027 116.14427381129398
      vertex -86.1 -14.000714267493642 115.99928573250637
      vertex -86.1 -14.160683960944027 116.14427381129398
    endloop
  endfacet
  facet normal 0 -0.941544065183022 0.3368898533922162
    outer loop
      vertex -91.1 -13.451080447493187 113.80502452393614
      vertex -86.1 -13.523814214579216 113.60174726269275
      vertex -86.1 -13.451080447493187 113.80502452393614
    endloop
  endfacet
  facet normal 0 -0.9700312531945443 0.2429801799032624
    outer loop
      vertex -91.1 -13.398621569216939 114.01445210546048
      vertex -86.1 -13.451080447493187 113.80502452393614
      vertex -86.1 -13.398621569216939 114.01445210546048
    endloop
  endfacet
  facet normal 0 -0.9891765099647813 0.14673047445535817
    outer loop
      vertex -91.1 -13.366942787425213 114.22801310517093
      vertex -86.1 -13.398621569216939 114.01445210546048
      vertex -86.1 -13.366942787425213 114.22801310517093
    endloop
  endfacet
  facet normal 0 -0.9987954562051726 0.04906767432741282
    outer loop
      vertex -91.1 -13.356349186104048 114.44365081389596
      vertex -86.1 -13.366942787425213 114.22801310517093
      vertex -86.1 -13.356349186104048 114.44365081389596
    endloop
  endfacet
  facet normal 0 -0.9987954562051726 -0.04906767432741282
    outer loop
      vertex -91.1 -13.366942787425213 114.65928852262098
      vertex -86.1 -13.356349186104048 114.44365081389596
      vertex -86.1 -13.366942787425213 114.65928852262098
    endloop
  endfacet
  facet normal 0 -0.7409511253549772 -0.6715589548469982
    outer loop
      vertex -91.1 -14.000714267493642 115.99928573250637
      vertex -86.1 -13.855726188706026 115.83931603905597
      vertex -86.1 -14.000714267493642 115.99928573250637
    endloop
  endfacet
  facet normal 0 -0.8577286100002701 -0.5141027441932251
    outer loop
      vertex -91.1 -13.727116039038448 115.66590532653908
      vertex -86.1 -13.616122404537666 115.48072363491315
      vertex -86.1 -13.727116039038448 115.66590532653908
    endloop
  endfacet
  facet normal 0 -0.8032075314806493 -0.5956993044924276
    outer loop
      vertex -91.1 -13.855726188706026 115.83931603905597
      vertex -86.1 -13.727116039038448 115.66590532653908
      vertex -86.1 -13.855726188706026 115.83931603905597
    endloop
  endfacet
  facet normal 0 -0.941544065183022 -0.3368898533922162
    outer loop
      vertex -91.1 -13.523814214579216 115.28555436509916
      vertex -86.1 -13.451080447493187 115.08227710385577
      vertex -86.1 -13.523814214579216 115.28555436509916
    endloop
  endfacet
  facet normal 0 -0.9891765099647813 -0.14673047445535817
    outer loop
      vertex -91.1 -13.398621569216939 114.87284952233144
      vertex -86.1 -13.366942787425213 114.65928852262098
      vertex -86.1 -13.398621569216939 114.87284952233144
    endloop
  endfacet
  facet normal 0 -0.9700312531945443 -0.2429801799032624
    outer loop
      vertex -91.1 -13.451080447493187 115.08227710385577
      vertex -86.1 -13.398621569216939 114.87284952233144
      vertex -86.1 -13.451080447493187 115.08227710385577
    endloop
  endfacet
  facet normal 0 -0.9039892931234352 -0.4275550934302993
    outer loop
      vertex -91.1 -13.616122404537666 115.48072363491315
      vertex -86.1 -13.523814214579216 115.28555436509916
      vertex -86.1 -13.616122404537666 115.48072363491315
    endloop
  endfacet
  facet normal 0 0.9039892931234321 0.42755509343030607
    outer loop
      vertex 86.1 -17.58888415762888 113.60174726269275
      vertex 91.1 -17.58888415762888 113.60174726269275
      vertex 86.1 -17.496575967670427 113.40657799287877
    endloop
  endfacet
  facet normal 4.873761257704542e-19 0.8577286100002738 0.5141027441932191
    outer loop
      vertex 86.1 -17.385582333169648 113.22139630125284
      vertex 86.1 -17.496575967670427 113.40657799287877
      vertex 91.1 -17.496575967670427 113.40657799287877
    endloop
  endfacet
  facet normal 0 0.8032075314806453 0.5956993044924328
    outer loop
      vertex 86.1 -17.385582333169648 113.22139630125284
      vertex 91.1 -17.385582333169648 113.22139630125284
      vertex 86.1 -17.256972183502068 113.04798558873594
    endloop
  endfacet
  facet normal 0 0.7409511253549772 0.6715589548469982
    outer loop
      vertex 86.1 -17.256972183502068 113.04798558873594
      vertex 91.1 -17.256972183502068 113.04798558873594
      vertex 86.1 -17.111984104714452 112.88801589528555
    endloop
  endfacet
  facet normal 0 0.6715589548470237 0.7409511253549542
    outer loop
      vertex 86.1 -17.111984104714452 112.88801589528555
      vertex 91.1 -17.111984104714452 112.88801589528555
      vertex 86.1 -16.952014411264066 112.74302781649793
    endloop
  endfacet
  facet normal 0 0.5956993044923983 0.803207531480671
    outer loop
      vertex 86.1 -16.952014411264066 112.74302781649793
      vertex 91.1 -16.952014411264066 112.74302781649793
      vertex 86.1 -16.778603698747173 112.61441766683036
    endloop
  endfacet
  facet normal 0 0.5141027441932361 0.8577286100002636
    outer loop
      vertex 86.1 -16.778603698747173 112.61441766683036
      vertex 91.1 -16.778603698747173 112.61441766683036
      vertex 86.1 -16.59342200712124 112.50342403232958
    endloop
  endfacet
  facet normal 0 0.42755509343026643 0.9039892931234509
    outer loop
      vertex 86.1 -16.59342200712124 112.50342403232958
      vertex 91.1 -16.59342200712124 112.50342403232958
      vertex 86.1 -16.398252737307246 112.41111584237113
    endloop
  endfacet
  facet normal -6.077855216722443e-19 0.24298017990323534 0.9700312531945512
    outer loop
      vertex 86.1 -15.985547894539529 112.28592319700886
      vertex 86.1 -16.194975476063863 112.3383820752851
      vertex 91.1 -16.194975476063863 112.3383820752851
    endloop
  endfacet
  facet normal 0 0.14673047445536055 0.989176509964781
    outer loop
      vertex 86.1 -15.985547894539529 112.28592319700886
      vertex 91.1 -15.985547894539529 112.28592319700886
      vertex 86.1 -15.77198689482908 112.25424441521713
    endloop
  endfacet
  facet normal 0 0.049067674327460446 0.9987954562051702
    outer loop
      vertex 86.1 -15.77198689482908 112.25424441521713
      vertex 91.1 -15.77198689482908 112.25424441521713
      vertex 86.1 -15.556349186104047 112.24365081389595
    endloop
  endfacet
  facet normal 0 0.3368898533922433 0.9415440651830124
    outer loop
      vertex 86.1 -16.398252737307246 112.41111584237113
      vertex 91.1 -16.398252737307246 112.41111584237113
      vertex 86.1 -16.194975476063863 112.3383820752851
    endloop
  endfacet
  facet normal -7.007963924273209e-19 0.9039892931234321 0.42755509343030607
    outer loop
      vertex 91.1 -17.58888415762888 113.60174726269275
      vertex 91.1 -17.496575967670427 113.40657799287877
      vertex 86.1 -17.496575967670427 113.40657799287877
    endloop
  endfacet
  facet normal 0 0.8577286100002738 0.5141027441932191
    outer loop
      vertex 86.1 -17.385582333169648 113.22139630125284
      vertex 91.1 -17.496575967670427 113.40657799287877
      vertex 91.1 -17.385582333169648 113.22139630125284
    endloop
  endfacet
  facet normal 0 0.8032075314806453 0.5956993044924328
    outer loop
      vertex 86.1 -17.256972183502068 113.04798558873594
      vertex 91.1 -17.385582333169648 113.22139630125284
      vertex 91.1 -17.256972183502068 113.04798558873594
    endloop
  endfacet
  facet normal 0 0.7409511253549772 0.6715589548469982
    outer loop
      vertex 86.1 -17.111984104714452 112.88801589528555
      vertex 91.1 -17.256972183502068 113.04798558873594
      vertex 91.1 -17.111984104714452 112.88801589528555
    endloop
  endfacet
  facet normal 0 0.6715589548470237 0.7409511253549542
    outer loop
      vertex 86.1 -16.952014411264066 112.74302781649793
      vertex 91.1 -17.111984104714452 112.88801589528555
      vertex 91.1 -16.952014411264066 112.74302781649793
    endloop
  endfacet
  facet normal 0 0.5956993044923983 0.803207531480671
    outer loop
      vertex 86.1 -16.778603698747173 112.61441766683036
      vertex 91.1 -16.952014411264066 112.74302781649793
      vertex 91.1 -16.778603698747173 112.61441766683036
    endloop
  endfacet
  facet normal 0 0.5141027441932361 0.8577286100002636
    outer loop
      vertex 86.1 -16.59342200712124 112.50342403232958
      vertex 91.1 -16.778603698747173 112.61441766683036
      vertex 91.1 -16.59342200712124 112.50342403232958
    endloop
  endfacet
  facet normal 0 0.42755509343026643 0.9039892931234509
    outer loop
      vertex 86.1 -16.398252737307246 112.41111584237113
      vertex 91.1 -16.59342200712124 112.50342403232958
      vertex 91.1 -16.398252737307246 112.41111584237113
    endloop
  endfacet
  facet normal 0 0.24298017990323534 0.9700312531945512
    outer loop
      vertex 86.1 -15.985547894539529 112.28592319700886
      vertex 91.1 -16.194975476063863 112.3383820752851
      vertex 91.1 -15.985547894539529 112.28592319700886
    endloop
  endfacet
  facet normal 0 0.14673047445536055 0.989176509964781
    outer loop
      vertex 86.1 -15.77198689482908 112.25424441521713
      vertex 91.1 -15.985547894539529 112.28592319700886
      vertex 91.1 -15.77198689482908 112.25424441521713
    endloop
  endfacet
  facet normal 0 0.049067674327460446 0.9987954562051702
    outer loop
      vertex 86.1 -15.556349186104047 112.24365081389595
      vertex 91.1 -15.77198689482908 112.25424441521713
      vertex 91.1 -15.556349186104047 112.24365081389595
    endloop
  endfacet
  facet normal 0 0.3368898533922433 0.9415440651830124
    outer loop
      vertex 86.1 -16.194975476063863 112.3383820752851
      vertex 91.1 -16.398252737307246 112.41111584237113
      vertex 91.1 -16.194975476063863 112.3383820752851
    endloop
  endfacet
  facet normal 0 0.9415440651830247 0.33688985339220895
    outer loop
      vertex 86.1 -17.661617924714907 113.80502452393614
      vertex 91.1 -17.661617924714907 113.80502452393614
      vertex 86.1 -17.58888415762888 113.60174726269275
    endloop
  endfacet
  facet normal 5.955953058618411e-19 0.9700312531945443 0.2429801799032624
    outer loop
      vertex 86.1 -17.661617924714907 113.80502452393614
      vertex 86.1 -17.714076802991155 114.01445210546048
      vertex 91.1 -17.714076802991155 114.01445210546048
    endloop
  endfacet
  facet normal 3.07643843966808e-19 0.9891765099647813 0.14673047445535817
    outer loop
      vertex 86.1 -17.714076802991155 114.01445210546048
      vertex 86.1 -17.74575558478288 114.22801310517093
      vertex 91.1 -17.74575558478288 114.22801310517093
    endloop
  endfacet
  facet normal -3.731048787155448e-20 0.9987954562051726 0.04906767432741282
    outer loop
      vertex 86.1 -17.74575558478288 114.22801310517093
      vertex 86.1 -17.756349186104046 114.44365081389596
      vertex 91.1 -17.756349186104046 114.44365081389596
    endloop
  endfacet
  facet normal 3.731048787155448e-20 0.9987954562051726 -0.04906767432741282
    outer loop
      vertex 86.1 -17.756349186104046 114.44365081389596
      vertex 86.1 -17.74575558478288 114.65928852262098
      vertex 91.1 -17.74575558478288 114.65928852262098
    endloop
  endfacet
  facet normal -3.07643843966808e-19 0.9891765099647813 -0.14673047445535817
    outer loop
      vertex 86.1 -17.74575558478288 114.65928852262098
      vertex 86.1 -17.714076802991155 114.87284952233144
      vertex 91.1 -17.714076802991155 114.87284952233144
    endloop
  endfacet
  facet normal -5.955953058618411e-19 0.9700312531945443 -0.2429801799032624
    outer loop
      vertex 86.1 -17.714076802991155 114.87284952233144
      vertex 86.1 -17.661617924714907 115.08227710385577
      vertex 91.1 -17.661617924714907 115.08227710385577
    endloop
  endfacet
  facet normal -2.1149660349104148e-19 0.9415440651830247 -0.33688985339220895
    outer loop
      vertex 86.1 -17.661617924714907 115.08227710385577
      vertex 86.1 -17.58888415762888 115.28555436509916
      vertex 91.1 -17.58888415762888 115.28555436509916
    endloop
  endfacet
  facet normal 7.007963924273209e-19 0.9039892931234321 -0.42755509343030607
    outer loop
      vertex 86.1 -17.58888415762888 115.28555436509916
      vertex 86.1 -17.496575967670427 115.48072363491315
      vertex 91.1 -17.496575967670427 115.48072363491315
    endloop
  endfacet
  facet normal -4.873761257704542e-19 0.8577286100002738 -0.5141027441932191
    outer loop
      vertex 86.1 -17.496575967670427 115.48072363491315
      vertex 86.1 -17.385582333169648 115.66590532653908
      vertex 91.1 -17.385582333169648 115.66590532653908
    endloop
  endfacet
  facet normal -1.6518801436336034e-19 0.8032075314806453 -0.5956993044924328
    outer loop
      vertex 86.1 -17.385582333169648 115.66590532653908
      vertex 86.1 -17.256972183502068 115.83931603905597
      vertex 91.1 -17.256972183502068 115.83931603905597
    endloop
  endfacet
  facet normal -6.075416844733502e-20 0.7409511253549772 -0.6715589548469982
    outer loop
      vertex 86.1 -17.256972183502068 115.83931603905597
      vertex 86.1 -17.111984104714452 115.99928573250637
      vertex 91.1 -17.111984104714452 115.99928573250637
    endloop
  endfacet
  facet normal -4.677049442898594e-19 0.6715589548470237 -0.7409511253549542
    outer loop
      vertex 86.1 -17.111984104714452 115.99928573250637
      vertex 86.1 -16.952014411264066 116.14427381129398
      vertex 91.1 -16.952014411264066 116.14427381129398
    endloop
  endfacet
  facet normal -1.2363691198240693e-19 0.5956993044923983 -0.803207531480671
    outer loop
      vertex 86.1 -16.952014411264066 116.14427381129398
      vertex 86.1 -16.778603698747173 116.27288396096155
      vertex 91.1 -16.778603698747173 116.27288396096155
    endloop
  endfacet
  facet normal -7.779636209552203e-19 0.5141027441932361 -0.8577286100002636
    outer loop
      vertex 86.1 -16.778603698747173 116.27288396096155
      vertex 86.1 -16.59342200712124 116.38387759546234
      vertex 91.1 -16.59342200712124 116.38387759546234
    endloop
  endfacet
  facet normal -1.4187910021654429e-18 0.42755509343026643 -0.9039892931234509
    outer loop
      vertex 86.1 -16.59342200712124 116.38387759546234
      vertex 86.1 -16.398252737307246 116.47618578542078
      vertex 91.1 -16.398252737307246 116.47618578542078
    endloop
  endfacet
  facet normal -7.499862751443797e-19 0.3368898533922433 -0.9415440651830124
    outer loop
      vertex 86.1 -16.398252737307246 116.47618578542078
      vertex 86.1 -16.194975476063863 116.54891955250682
      vertex 91.1 -16.194975476063863 116.54891955250682
    endloop
  endfacet
  facet normal 6.077855216722443e-19 0.24298017990323534 -0.9700312531945512
    outer loop
      vertex 86.1 -16.194975476063863 116.54891955250682
      vertex 86.1 -15.985547894539529 116.60137843078306
      vertex 91.1 -15.985547894539529 116.60137843078306
    endloop
  endfacet
  facet normal -1.1182473736916267e-19 0.14673047445536055 -0.989176509964781
    outer loop
      vertex 86.1 -15.985547894539529 116.60137843078306
      vertex 86.1 -15.77198689482908 116.63305721257478
      vertex 91.1 -15.77198689482908 116.63305721257478
    endloop
  endfacet
  facet normal 6.860399868110808e-20 0.049067674327460446 -0.9987954562051702
    outer loop
      vertex 86.1 -15.77198689482908 116.63305721257478
      vertex 86.1 -15.556349186104047 116.64365081389596
      vertex 91.1 -15.556349186104047 116.64365081389596
    endloop
  endfacet
  facet normal 0 0.9415440651830247 0.33688985339220895
    outer loop
      vertex 86.1 -17.58888415762888 113.60174726269275
      vertex 91.1 -17.661617924714907 113.80502452393614
      vertex 91.1 -17.58888415762888 113.60174726269275
    endloop
  endfacet
  facet normal 0 0.9700312531945443 0.2429801799032624
    outer loop
      vertex 86.1 -17.661617924714907 113.80502452393614
      vertex 91.1 -17.714076802991155 114.01445210546048
      vertex 91.1 -17.661617924714907 113.80502452393614
    endloop
  endfacet
  facet normal 0 0.9891765099647813 0.14673047445535817
    outer loop
      vertex 86.1 -17.714076802991155 114.01445210546048
      vertex 91.1 -17.74575558478288 114.22801310517093
      vertex 91.1 -17.714076802991155 114.01445210546048
    endloop
  endfacet
  facet normal 0 0.9987954562051726 0.04906767432741282
    outer loop
      vertex 86.1 -17.74575558478288 114.22801310517093
      vertex 91.1 -17.756349186104046 114.44365081389596
      vertex 91.1 -17.74575558478288 114.22801310517093
    endloop
  endfacet
  facet normal 0 0.9987954562051726 -0.04906767432741282
    outer loop
      vertex 86.1 -17.756349186104046 114.44365081389596
      vertex 91.1 -17.74575558478288 114.65928852262098
      vertex 91.1 -17.756349186104046 114.44365081389596
    endloop
  endfacet
  facet normal 0 0.9891765099647813 -0.14673047445535817
    outer loop
      vertex 86.1 -17.74575558478288 114.65928852262098
      vertex 91.1 -17.714076802991155 114.87284952233144
      vertex 91.1 -17.74575558478288 114.65928852262098
    endloop
  endfacet
  facet normal 0 0.9700312531945443 -0.2429801799032624
    outer loop
      vertex 86.1 -17.714076802991155 114.87284952233144
      vertex 91.1 -17.661617924714907 115.08227710385577
      vertex 91.1 -17.714076802991155 114.87284952233144
    endloop
  endfacet
  facet normal 0 0.9415440651830247 -0.33688985339220895
    outer loop
      vertex 86.1 -17.661617924714907 115.08227710385577
      vertex 91.1 -17.58888415762888 115.28555436509916
      vertex 91.1 -17.661617924714907 115.08227710385577
    endloop
  endfacet
  facet normal 0 0.9039892931234321 -0.42755509343030607
    outer loop
      vertex 86.1 -17.58888415762888 115.28555436509916
      vertex 91.1 -17.496575967670427 115.48072363491315
      vertex 91.1 -17.58888415762888 115.28555436509916
    endloop
  endfacet
  facet normal 0 0.8577286100002738 -0.5141027441932191
    outer loop
      vertex 86.1 -17.496575967670427 115.48072363491315
      vertex 91.1 -17.385582333169648 115.66590532653908
      vertex 91.1 -17.496575967670427 115.48072363491315
    endloop
  endfacet
  facet normal 0 0.8032075314806453 -0.5956993044924328
    outer loop
      vertex 86.1 -17.385582333169648 115.66590532653908
      vertex 91.1 -17.256972183502068 115.83931603905597
      vertex 91.1 -17.385582333169648 115.66590532653908
    endloop
  endfacet
  facet normal 0 0.7409511253549772 -0.6715589548469982
    outer loop
      vertex 86.1 -17.256972183502068 115.83931603905597
      vertex 91.1 -17.111984104714452 115.99928573250637
      vertex 91.1 -17.256972183502068 115.83931603905597
    endloop
  endfacet
  facet normal 0 0.6715589548470237 -0.7409511253549542
    outer loop
      vertex 86.1 -17.111984104714452 115.99928573250637
      vertex 91.1 -16.952014411264066 116.14427381129398
      vertex 91.1 -17.111984104714452 115.99928573250637
    endloop
  endfacet
  facet normal 0 0.5956993044923983 -0.803207531480671
    outer loop
      vertex 86.1 -16.952014411264066 116.14427381129398
      vertex 91.1 -16.778603698747173 116.27288396096155
      vertex 91.1 -16.952014411264066 116.14427381129398
    endloop
  endfacet
  facet normal 0 0.5141027441932361 -0.8577286100002636
    outer loop
      vertex 86.1 -16.778603698747173 116.27288396096155
      vertex 91.1 -16.59342200712124 116.38387759546234
      vertex 91.1 -16.778603698747173 116.27288396096155
    endloop
  endfacet
  facet normal 0 0.42755509343026643 -0.9039892931234509
    outer loop
      vertex 86.1 -16.59342200712124 116.38387759546234
      vertex 91.1 -16.398252737307246 116.47618578542078
      vertex 91.1 -16.59342200712124 116.38387759546234
    endloop
  endfacet
  facet normal 0 0.3368898533922433 -0.9415440651830124
    outer loop
      vertex 86.1 -16.398252737307246 116.47618578542078
      vertex 91.1 -16.194975476063863 116.54891955250682
      vertex 91.1 -16.398252737307246 116.47618578542078
    endloop
  endfacet
  facet normal 0 0.24298017990323534 -0.9700312531945512
    outer loop
      vertex 86.1 -16.194975476063863 116.54891955250682
      vertex 91.1 -15.985547894539529 116.60137843078306
      vertex 91.1 -16.194975476063863 116.54891955250682
    endloop
  endfacet
  facet normal 0 0.14673047445536055 -0.989176509964781
    outer loop
      vertex 86.1 -15.985547894539529 116.60137843078306
      vertex 91.1 -15.77198689482908 116.63305721257478
      vertex 91.1 -15.985547894539529 116.60137843078306
    endloop
  endfacet
  facet normal 0 0.049067674327460446 -0.9987954562051702
    outer loop
      vertex 86.1 -15.77198689482908 116.63305721257478
      vertex 91.1 -15.556349186104047 116.64365081389596
      vertex 91.1 -15.77198689482908 116.63305721257478
    endloop
  endfacet
  facet normal 0 -0.049067674327460446 0.9987954562051702
    outer loop
      vertex 86.1 -15.556349186104047 112.24365081389595
      vertex 91.1 -15.556349186104047 112.24365081389595
      vertex 86.1 -15.340711477379013 112.25424441521713
    endloop
  endfacet
  facet normal 0 -0.14673047445536055 0.989176509964781
    outer loop
      vertex 86.1 -15.340711477379013 112.25424441521713
      vertex 91.1 -15.340711477379013 112.25424441521713
      vertex 86.1 -15.127150477668565 112.28592319700886
    endloop
  endfacet
  facet normal 0 -0.24298017990323534 0.9700312531945512
    outer loop
      vertex 86.1 -15.127150477668565 112.28592319700886
      vertex 91.1 -15.127150477668565 112.28592319700886
      vertex 86.1 -14.91772289614423 112.3383820752851
    endloop
  endfacet
  facet normal 0 -0.3368898533922459 0.9415440651830115
    outer loop
      vertex 86.1 -14.91772289614423 112.3383820752851
      vertex 91.1 -14.91772289614423 112.3383820752851
      vertex 86.1 -14.71444563490085 112.41111584237113
    endloop
  endfacet
  facet normal 0 -0.4275550934302632 0.9039892931234522
    outer loop
      vertex 86.1 -14.71444563490085 112.41111584237113
      vertex 91.1 -14.71444563490085 112.41111584237113
      vertex 86.1 -14.519276365086853 112.50342403232958
    endloop
  endfacet
  facet normal 0 -0.5141027441932361 0.8577286100002636
    outer loop
      vertex 86.1 -14.519276365086853 112.50342403232958
      vertex 91.1 -14.519276365086853 112.50342403232958
      vertex 86.1 -14.334094673460921 112.61441766683036
    endloop
  endfacet
  facet normal 0 -0.5956993044923983 0.803207531480671
    outer loop
      vertex 86.1 -14.334094673460921 112.61441766683036
      vertex 91.1 -14.334094673460921 112.61441766683036
      vertex 86.1 -14.160683960944027 112.74302781649793
    endloop
  endfacet
  facet normal 0 -0.6715589548470237 0.7409511253549542
    outer loop
      vertex 86.1 -14.160683960944027 112.74302781649793
      vertex 91.1 -14.160683960944027 112.74302781649793
      vertex 86.1 -14.000714267493642 112.88801589528555
    endloop
  endfacet
  facet normal 0 -0.7409511253549772 0.6715589548469982
    outer loop
      vertex 86.1 -14.000714267493642 112.88801589528555
      vertex 91.1 -14.000714267493642 112.88801589528555
      vertex 86.1 -13.855726188706026 113.04798558873594
    endloop
  endfacet
  facet normal 0 -0.8032075314806493 0.5956993044924276
    outer loop
      vertex 86.1 -13.855726188706026 113.04798558873594
      vertex 91.1 -13.855726188706026 113.04798558873594
      vertex 86.1 -13.727116039038448 113.22139630125284
    endloop
  endfacet
  facet normal 0 -0.8577286100002701 0.5141027441932251
    outer loop
      vertex 86.1 -13.727116039038448 113.22139630125284
      vertex 91.1 -13.727116039038448 113.22139630125284
      vertex 86.1 -13.616122404537666 113.40657799287877
    endloop
  endfacet
  facet normal 0 -0.9039892931234352 0.4275550934302993
    outer loop
      vertex 86.1 -13.616122404537666 113.40657799287877
      vertex 91.1 -13.616122404537666 113.40657799287877
      vertex 86.1 -13.523814214579216 113.60174726269275
    endloop
  endfacet
  facet normal 0 -0.049067674327460446 0.9987954562051702
    outer loop
      vertex 86.1 -15.340711477379013 112.25424441521713
      vertex 91.1 -15.556349186104047 112.24365081389595
      vertex 91.1 -15.340711477379013 112.25424441521713
    endloop
  endfacet
  facet normal -1.1182473736916267e-19 -0.14673047445536055 0.989176509964781
    outer loop
      vertex 91.1 -15.340711477379013 112.25424441521713
      vertex 91.1 -15.127150477668565 112.28592319700886
      vertex 86.1 -15.127150477668565 112.28592319700886
    endloop
  endfacet
  facet normal 0 -0.24298017990323534 0.9700312531945512
    outer loop
      vertex 86.1 -14.91772289614423 112.3383820752851
      vertex 91.1 -15.127150477668565 112.28592319700886
      vertex 91.1 -14.91772289614423 112.3383820752851
    endloop
  endfacet
  facet normal 0 -0.3368898533922459 0.9415440651830115
    outer loop
      vertex 86.1 -14.71444563490085 112.41111584237113
      vertex 91.1 -14.91772289614423 112.3383820752851
      vertex 91.1 -14.71444563490085 112.41111584237113
    endloop
  endfacet
  facet normal 0 -0.4275550934302632 0.9039892931234522
    outer loop
      vertex 86.1 -14.519276365086853 112.50342403232958
      vertex 91.1 -14.71444563490085 112.41111584237113
      vertex 91.1 -14.519276365086853 112.50342403232958
    endloop
  endfacet
  facet normal 0 -0.5141027441932361 0.8577286100002636
    outer loop
      vertex 86.1 -14.334094673460921 112.61441766683036
      vertex 91.1 -14.519276365086853 112.50342403232958
      vertex 91.1 -14.334094673460921 112.61441766683036
    endloop
  endfacet
  facet normal 0 -0.5956993044923983 0.803207531480671
    outer loop
      vertex 86.1 -14.160683960944027 112.74302781649793
      vertex 91.1 -14.334094673460921 112.61441766683036
      vertex 91.1 -14.160683960944027 112.74302781649793
    endloop
  endfacet
  facet normal 0 -0.6715589548470237 0.7409511253549542
    outer loop
      vertex 86.1 -14.000714267493642 112.88801589528555
      vertex 91.1 -14.160683960944027 112.74302781649793
      vertex 91.1 -14.000714267493642 112.88801589528555
    endloop
  endfacet
  facet normal 0 -0.7409511253549772 0.6715589548469982
    outer loop
      vertex 86.1 -13.855726188706026 113.04798558873594
      vertex 91.1 -14.000714267493642 112.88801589528555
      vertex 91.1 -13.855726188706026 113.04798558873594
    endloop
  endfacet
  facet normal 0 -0.8032075314806493 0.5956993044924276
    outer loop
      vertex 86.1 -13.727116039038448 113.22139630125284
      vertex 91.1 -13.855726188706026 113.04798558873594
      vertex 91.1 -13.727116039038448 113.22139630125284
    endloop
  endfacet
  facet normal 0 -0.8577286100002701 0.5141027441932251
    outer loop
      vertex 86.1 -13.616122404537666 113.40657799287877
      vertex 91.1 -13.727116039038448 113.22139630125284
      vertex 91.1 -13.616122404537666 113.40657799287877
    endloop
  endfacet
  facet normal 9.36489353979041e-19 -0.9039892931234352 0.4275550934302993
    outer loop
      vertex 91.1 -13.616122404537666 113.40657799287877
      vertex 91.1 -13.523814214579216 113.60174726269275
      vertex 86.1 -13.523814214579216 113.60174726269275
    endloop
  endfacet
  facet normal -6.860399868110808e-20 -0.049067674327460446 -0.9987954562051702
    outer loop
      vertex 86.1 -15.556349186104047 116.64365081389596
      vertex 86.1 -15.340711477379013 116.63305721257478
      vertex 91.1 -15.340711477379013 116.63305721257478
    endloop
  endfacet
  facet normal 1.1182473736916267e-19 -0.14673047445536055 -0.989176509964781
    outer loop
      vertex 86.1 -15.340711477379013 116.63305721257478
      vertex 86.1 -15.127150477668565 116.60137843078306
      vertex 91.1 -15.127150477668565 116.60137843078306
    endloop
  endfacet
  facet normal -6.077855216722443e-19 -0.24298017990323534 -0.9700312531945512
    outer loop
      vertex 86.1 -15.127150477668565 116.60137843078306
      vertex 86.1 -14.91772289614423 116.54891955250682
      vertex 91.1 -14.91772289614423 116.54891955250682
    endloop
  endfacet
  facet normal -8.6646814689558e-20 -0.3368898533922459 -0.9415440651830115
    outer loop
      vertex 86.1 -14.91772289614423 116.54891955250682
      vertex 86.1 -14.71444563490085 116.47618578542078
      vertex 91.1 -14.71444563490085 116.47618578542078
    endloop
  endfacet
  facet normal 5.773947839732e-19 -0.4275550934302632 -0.9039892931234522
    outer loop
      vertex 86.1 -14.71444563490085 116.47618578542078
      vertex 86.1 -14.519276365086853 116.38387759546234
      vertex 91.1 -14.519276365086853 116.38387759546234
    endloop
  endfacet
  facet normal 7.779636209552203e-19 -0.5141027441932361 -0.8577286100002636
    outer loop
      vertex 86.1 -14.519276365086853 116.38387759546234
      vertex 86.1 -14.334094673460921 116.27288396096155
      vertex 91.1 -14.334094673460921 116.27288396096155
    endloop
  endfacet
  facet normal 1.2363691198240693e-19 -0.5956993044923983 -0.803207531480671
    outer loop
      vertex 86.1 -14.334094673460921 116.27288396096155
      vertex 86.1 -14.160683960944027 116.14427381129398
      vertex 91.1 -14.160683960944027 116.14427381129398
    endloop
  endfacet
  facet normal 0 -0.941544065183022 0.3368898533922162
    outer loop
      vertex 86.1 -13.523814214579216 113.60174726269275
      vertex 91.1 -13.523814214579216 113.60174726269275
      vertex 86.1 -13.451080447493187 113.80502452393614
    endloop
  endfacet
  facet normal 0 -0.9700312531945443 0.2429801799032624
    outer loop
      vertex 86.1 -13.451080447493187 113.80502452393614
      vertex 91.1 -13.451080447493187 113.80502452393614
      vertex 86.1 -13.398621569216939 114.01445210546048
    endloop
  endfacet
  facet normal 0 -0.9891765099647813 0.14673047445535817
    outer loop
      vertex 86.1 -13.398621569216939 114.01445210546048
      vertex 91.1 -13.398621569216939 114.01445210546048
      vertex 86.1 -13.366942787425213 114.22801310517093
    endloop
  endfacet
  facet normal 0 -0.9987954562051726 0.04906767432741282
    outer loop
      vertex 86.1 -13.366942787425213 114.22801310517093
      vertex 91.1 -13.366942787425213 114.22801310517093
      vertex 86.1 -13.356349186104048 114.44365081389596
    endloop
  endfacet
  facet normal 0 -0.9987954562051726 -0.04906767432741282
    outer loop
      vertex 86.1 -13.356349186104048 114.44365081389596
      vertex 91.1 -13.356349186104048 114.44365081389596
      vertex 86.1 -13.366942787425213 114.65928852262098
    endloop
  endfacet
  facet normal 0 -0.9891765099647813 -0.14673047445535817
    outer loop
      vertex 86.1 -13.366942787425213 114.65928852262098
      vertex 91.1 -13.366942787425213 114.65928852262098
      vertex 86.1 -13.398621569216939 114.87284952233144
    endloop
  endfacet
  facet normal 6.075416844733502e-20 -0.7409511253549772 -0.6715589548469982
    outer loop
      vertex 86.1 -14.000714267493642 115.99928573250637
      vertex 86.1 -13.855726188706026 115.83931603905597
      vertex 91.1 -13.855726188706026 115.83931603905597
    endloop
  endfacet
  facet normal -5.216866387408621e-19 -0.8032075314806493 -0.5956993044924276
    outer loop
      vertex 86.1 -13.855726188706026 115.83931603905597
      vertex 86.1 -13.727116039038448 115.66590532653908
      vertex 91.1 -13.727116039038448 115.66590532653908
    endloop
  endfacet
  facet normal 0 -0.9039892931234352 -0.4275550934302993
    outer loop
      vertex 86.1 -13.523814214579216 115.28555436509916
      vertex 91.1 -13.523814214579216 115.28555436509916
      vertex 86.1 -13.616122404537666 115.48072363491315
    endloop
  endfacet
  facet normal 0 -0.9700312531945443 -0.2429801799032624
    outer loop
      vertex 86.1 -13.398621569216939 114.87284952233144
      vertex 91.1 -13.398621569216939 114.87284952233144
      vertex 86.1 -13.451080447493187 115.08227710385577
    endloop
  endfacet
  facet normal 0 -0.941544065183022 -0.3368898533922162
    outer loop
      vertex 86.1 -13.451080447493187 115.08227710385577
      vertex 91.1 -13.451080447493187 115.08227710385577
      vertex 86.1 -13.523814214579216 115.28555436509916
    endloop
  endfacet
  facet normal 1.0883049756234803e-18 -0.8577286100002701 -0.5141027441932251
    outer loop
      vertex 86.1 -13.727116039038448 115.66590532653908
      vertex 86.1 -13.616122404537666 115.48072363491315
      vertex 91.1 -13.616122404537666 115.48072363491315
    endloop
  endfacet
  facet normal 0 -0.6715589548470237 -0.7409511253549542
    outer loop
      vertex 86.1 -14.000714267493642 115.99928573250637
      vertex 91.1 -14.000714267493642 115.99928573250637
      vertex 86.1 -14.160683960944027 116.14427381129398
    endloop
  endfacet
  facet normal 0 -0.049067674327460446 -0.9987954562051702
    outer loop
      vertex 86.1 -15.556349186104047 116.64365081389596
      vertex 91.1 -15.340711477379013 116.63305721257478
      vertex 91.1 -15.556349186104047 116.64365081389596
    endloop
  endfacet
  facet normal 0 -0.14673047445536055 -0.989176509964781
    outer loop
      vertex 86.1 -15.340711477379013 116.63305721257478
      vertex 91.1 -15.127150477668565 116.60137843078306
      vertex 91.1 -15.340711477379013 116.63305721257478
    endloop
  endfacet
  facet normal 0 -0.24298017990323534 -0.9700312531945512
    outer loop
      vertex 86.1 -15.127150477668565 116.60137843078306
      vertex 91.1 -14.91772289614423 116.54891955250682
      vertex 91.1 -15.127150477668565 116.60137843078306
    endloop
  endfacet
  facet normal 0 -0.3368898533922459 -0.9415440651830115
    outer loop
      vertex 86.1 -14.91772289614423 116.54891955250682
      vertex 91.1 -14.71444563490085 116.47618578542078
      vertex 91.1 -14.91772289614423 116.54891955250682
    endloop
  endfacet
  facet normal 0 -0.4275550934302632 -0.9039892931234522
    outer loop
      vertex 86.1 -14.71444563490085 116.47618578542078
      vertex 91.1 -14.519276365086853 116.38387759546234
      vertex 91.1 -14.71444563490085 116.47618578542078
    endloop
  endfacet
  facet normal 0 -0.5141027441932361 -0.8577286100002636
    outer loop
      vertex 86.1 -14.519276365086853 116.38387759546234
      vertex 91.1 -14.334094673460921 116.27288396096155
      vertex 91.1 -14.519276365086853 116.38387759546234
    endloop
  endfacet
  facet normal 0 -0.5956993044923983 -0.803207531480671
    outer loop
      vertex 86.1 -14.334094673460921 116.27288396096155
      vertex 91.1 -14.160683960944027 116.14427381129398
      vertex 91.1 -14.334094673460921 116.27288396096155
    endloop
  endfacet
  facet normal 0 -0.6715589548470237 -0.7409511253549542
    outer loop
      vertex 86.1 -14.160683960944027 116.14427381129398
      vertex 91.1 -14.000714267493642 115.99928573250637
      vertex 91.1 -14.160683960944027 116.14427381129398
    endloop
  endfacet
  facet normal 0 -0.941544065183022 0.3368898533922162
    outer loop
      vertex 86.1 -13.451080447493187 113.80502452393614
      vertex 91.1 -13.523814214579216 113.60174726269275
      vertex 91.1 -13.451080447493187 113.80502452393614
    endloop
  endfacet
  facet normal 0 -0.9700312531945443 0.2429801799032624
    outer loop
      vertex 86.1 -13.398621569216939 114.01445210546048
      vertex 91.1 -13.451080447493187 113.80502452393614
      vertex 91.1 -13.398621569216939 114.01445210546048
    endloop
  endfacet
  facet normal 0 -0.9891765099647813 0.14673047445535817
    outer loop
      vertex 86.1 -13.366942787425213 114.22801310517093
      vertex 91.1 -13.398621569216939 114.01445210546048
      vertex 91.1 -13.366942787425213 114.22801310517093
    endloop
  endfacet
  facet normal 0 -0.9987954562051726 0.04906767432741282
    outer loop
      vertex 86.1 -13.356349186104048 114.44365081389596
      vertex 91.1 -13.366942787425213 114.22801310517093
      vertex 91.1 -13.356349186104048 114.44365081389596
    endloop
  endfacet
  facet normal 0 -0.9987954562051726 -0.04906767432741282
    outer loop
      vertex 86.1 -13.366942787425213 114.65928852262098
      vertex 91.1 -13.356349186104048 114.44365081389596
      vertex 91.1 -13.366942787425213 114.65928852262098
    endloop
  endfacet
  facet normal 0 -0.7409511253549772 -0.6715589548469982
    outer loop
      vertex 86.1 -14.000714267493642 115.99928573250637
      vertex 91.1 -13.855726188706026 115.83931603905597
      vertex 91.1 -14.000714267493642 115.99928573250637
    endloop
  endfacet
  facet normal 0 -0.8577286100002701 -0.5141027441932251
    outer loop
      vertex 86.1 -13.727116039038448 115.66590532653908
      vertex 91.1 -13.616122404537666 115.48072363491315
      vertex 91.1 -13.727116039038448 115.66590532653908
    endloop
  endfacet
  facet normal 0 -0.8032075314806493 -0.5956993044924276
    outer loop
      vertex 86.1 -13.855726188706026 115.83931603905597
      vertex 91.1 -13.727116039038448 115.66590532653908
      vertex 91.1 -13.855726188706026 115.83931603905597
    endloop
  endfacet
  facet normal 0 -0.941544065183022 -0.3368898533922162
    outer loop
      vertex 86.1 -13.523814214579216 115.28555436509916
      vertex 91.1 -13.451080447493187 115.08227710385577
      vertex 91.1 -13.523814214579216 115.28555436509916
    endloop
  endfacet
  facet normal 0 -0.9891765099647813 -0.14673047445535817
    outer loop
      vertex 86.1 -13.398621569216939 114.87284952233144
      vertex 91.1 -13.366942787425213 114.65928852262098
      vertex 91.1 -13.398621569216939 114.87284952233144
    endloop
  endfacet
  facet normal 0 -0.9700312531945443 -0.2429801799032624
    outer loop
      vertex 86.1 -13.451080447493187 115.08227710385577
      vertex 91.1 -13.398621569216939 114.87284952233144
      vertex 91.1 -13.451080447493187 115.08227710385577
    endloop
  endfacet
  facet normal 0 -0.9039892931234352 -0.4275550934302993
    outer loop
      vertex 86.1 -13.616122404537666 115.48072363491315
      vertex 91.1 -13.523814214579216 115.28555436509916
      vertex 91.1 -13.616122404537666 115.48072363491315
    endloop
  endfacet
  facet normal 2.1149660349104148e-19 0.9415440651830247 0.33688985339220895
    outer loop
      vertex -91.1 -21.08509385478248 118.1580964487968
      vertex -91.1 -21.15782762186851 118.36137371004018
      vertex -86.1 -21.15782762186851 118.36137371004018
    endloop
  endfacet
  facet normal 1.2363691198240693e-19 0.5956993044923983 0.803207531480671
    outer loop
      vertex -91.1 -20.274813395900775 117.1707668529344
      vertex -91.1 -20.44822410841767 117.29937700260197
      vertex -86.1 -20.44822410841767 117.29937700260197
    endloop
  endfacet
  facet normal 0 0.7409511253549772 0.6715589548469982
    outer loop
      vertex -91.1 -20.75318188065567 117.60433477483998
      vertex -86.1 -20.75318188065567 117.60433477483998
      vertex -91.1 -20.608193801868055 117.44436508138959
    endloop
  endfacet
  facet normal 0 0.8032075314806453 0.5956993044924328
    outer loop
      vertex -91.1 -20.88179203032325 117.77774548735688
      vertex -86.1 -20.88179203032325 117.77774548735688
      vertex -91.1 -20.75318188065567 117.60433477483998
    endloop
  endfacet
  facet normal 0 0.9039892931234321 0.42755509343030607
    outer loop
      vertex -91.1 -21.08509385478248 118.1580964487968
      vertex -86.1 -21.08509385478248 118.1580964487968
      vertex -91.1 -20.99278566482403 117.96292717898281
    endloop
  endfacet
  facet normal 4.873761257704542e-19 0.8577286100002738 0.5141027441932191
    outer loop
      vertex -91.1 -20.88179203032325 117.77774548735688
      vertex -91.1 -20.99278566482403 117.96292717898281
      vertex -86.1 -20.99278566482403 117.96292717898281
    endloop
  endfacet
  facet normal 0 0.6715589548470237 0.7409511253549542
    outer loop
      vertex -91.1 -20.608193801868055 117.44436508138959
      vertex -86.1 -20.608193801868055 117.44436508138959
      vertex -91.1 -20.44822410841767 117.29937700260197
    endloop
  endfacet
  facet normal 0 0.5141027441932361 0.8577286100002636
    outer loop
      vertex -91.1 -20.274813395900775 117.1707668529344
      vertex -86.1 -20.274813395900775 117.1707668529344
      vertex -91.1 -20.089631704274844 117.05977321843362
    endloop
  endfacet
  facet normal 0 0.42755509343026643 0.9039892931234509
    outer loop
      vertex -91.1 -20.089631704274844 117.05977321843362
      vertex -86.1 -20.089631704274844 117.05977321843362
      vertex -91.1 -19.89446243446085 116.96746502847517
    endloop
  endfacet
  facet normal 0 0.3368898533922433 0.9415440651830124
    outer loop
      vertex -91.1 -19.89446243446085 116.96746502847517
      vertex -86.1 -19.89446243446085 116.96746502847517
      vertex -91.1 -19.691185173217466 116.89473126138914
    endloop
  endfacet
  facet normal 0 0.24298017990323534 0.9700312531945512
    outer loop
      vertex -91.1 -19.691185173217466 116.89473126138914
      vertex -86.1 -19.691185173217466 116.89473126138914
      vertex -91.1 -19.481757591693132 116.8422723831129
    endloop
  endfacet
  facet normal 0 0.14673047445536055 0.989176509964781
    outer loop
      vertex -91.1 -19.481757591693132 116.8422723831129
      vertex -86.1 -19.481757591693132 116.8422723831129
      vertex -91.1 -19.268196591982683 116.81059360132117
    endloop
  endfacet
  facet normal 0 0.049067674327460446 0.9987954562051702
    outer loop
      vertex -91.1 -19.268196591982683 116.81059360132117
      vertex -86.1 -19.268196591982683 116.81059360132117
      vertex -91.1 -19.05255888325765 116.8
    endloop
  endfacet
  facet normal 0 -0.049067674327460446 0.9987954562051702
    outer loop
      vertex -91.1 -19.05255888325765 116.8
      vertex -86.1 -19.05255888325765 116.8
      vertex -91.1 -18.836921174532616 116.81059360132117
    endloop
  endfacet
  facet normal 0 -0.14673047445536055 0.989176509964781
    outer loop
      vertex -91.1 -18.836921174532616 116.81059360132117
      vertex -86.1 -18.836921174532616 116.81059360132117
      vertex -91.1 -18.623360174822167 116.8422723831129
    endloop
  endfacet
  facet normal 0 0.9415440651830247 0.33688985339220895
    outer loop
      vertex -91.1 -21.08509385478248 118.1580964487968
      vertex -86.1 -21.15782762186851 118.36137371004018
      vertex -86.1 -21.08509385478248 118.1580964487968
    endloop
  endfacet
  facet normal 0 0.9700312531945443 0.2429801799032624
    outer loop
      vertex -91.1 -21.15782762186851 118.36137371004018
      vertex -86.1 -21.210286500144758 118.57080129156452
      vertex -86.1 -21.15782762186851 118.36137371004018
    endloop
  endfacet
  facet normal 0 0.5956993044923983 0.803207531480671
    outer loop
      vertex -91.1 -20.274813395900775 117.1707668529344
      vertex -86.1 -20.44822410841767 117.29937700260197
      vertex -86.1 -20.274813395900775 117.1707668529344
    endloop
  endfacet
  facet normal 0 0.8577286100002738 0.5141027441932191
    outer loop
      vertex -91.1 -20.88179203032325 117.77774548735688
      vertex -86.1 -20.99278566482403 117.96292717898281
      vertex -86.1 -20.88179203032325 117.77774548735688
    endloop
  endfacet
  facet normal 0 0.8032075314806453 0.5956993044924328
    outer loop
      vertex -91.1 -20.75318188065567 117.60433477483998
      vertex -86.1 -20.88179203032325 117.77774548735688
      vertex -86.1 -20.75318188065567 117.60433477483998
    endloop
  endfacet
  facet normal 0 0.9039892931234321 0.42755509343030607
    outer loop
      vertex -91.1 -20.99278566482403 117.96292717898281
      vertex -86.1 -21.08509385478248 118.1580964487968
      vertex -86.1 -20.99278566482403 117.96292717898281
    endloop
  endfacet
  facet normal 0 0.7409511253549772 0.6715589548469982
    outer loop
      vertex -91.1 -20.608193801868055 117.44436508138959
      vertex -86.1 -20.75318188065567 117.60433477483998
      vertex -86.1 -20.608193801868055 117.44436508138959
    endloop
  endfacet
  facet normal 0 0.6715589548470237 0.7409511253549542
    outer loop
      vertex -91.1 -20.44822410841767 117.29937700260197
      vertex -86.1 -20.608193801868055 117.44436508138959
      vertex -86.1 -20.44822410841767 117.29937700260197
    endloop
  endfacet
  facet normal 0 0.5141027441932361 0.8577286100002636
    outer loop
      vertex -91.1 -20.089631704274844 117.05977321843362
      vertex -86.1 -20.274813395900775 117.1707668529344
      vertex -86.1 -20.089631704274844 117.05977321843362
    endloop
  endfacet
  facet normal 0 0.42755509343026643 0.9039892931234509
    outer loop
      vertex -91.1 -19.89446243446085 116.96746502847517
      vertex -86.1 -20.089631704274844 117.05977321843362
      vertex -86.1 -19.89446243446085 116.96746502847517
    endloop
  endfacet
  facet normal 0 0.3368898533922433 0.9415440651830124
    outer loop
      vertex -91.1 -19.691185173217466 116.89473126138914
      vertex -86.1 -19.89446243446085 116.96746502847517
      vertex -86.1 -19.691185173217466 116.89473126138914
    endloop
  endfacet
  facet normal -6.077855216722443e-19 0.24298017990323534 0.9700312531945512
    outer loop
      vertex -86.1 -19.691185173217466 116.89473126138914
      vertex -86.1 -19.481757591693132 116.8422723831129
      vertex -91.1 -19.481757591693132 116.8422723831129
    endloop
  endfacet
  facet normal 0 0.14673047445536055 0.989176509964781
    outer loop
      vertex -91.1 -19.268196591982683 116.81059360132117
      vertex -86.1 -19.481757591693132 116.8422723831129
      vertex -86.1 -19.268196591982683 116.81059360132117
    endloop
  endfacet
  facet normal 0 0.049067674327460446 0.9987954562051702
    outer loop
      vertex -91.1 -19.05255888325765 116.8
      vertex -86.1 -19.268196591982683 116.81059360132117
      vertex -86.1 -19.05255888325765 116.8
    endloop
  endfacet
  facet normal 0 -0.049067674327460446 0.9987954562051702
    outer loop
      vertex -91.1 -18.836921174532616 116.81059360132117
      vertex -86.1 -19.05255888325765 116.8
      vertex -86.1 -18.836921174532616 116.81059360132117
    endloop
  endfacet
  facet normal 0 -0.24298017990323534 0.9700312531945512
    outer loop
      vertex -91.1 -18.623360174822167 116.8422723831129
      vertex -86.1 -18.623360174822167 116.8422723831129
      vertex -91.1 -18.413932593297833 116.89473126138914
    endloop
  endfacet
  facet normal 0 -0.3368898533922433 0.9415440651830124
    outer loop
      vertex -91.1 -18.413932593297833 116.89473126138914
      vertex -86.1 -18.413932593297833 116.89473126138914
      vertex -91.1 -18.21065533205445 116.96746502847517
    endloop
  endfacet
  facet normal 0 -0.42755509343026643 0.9039892931234509
    outer loop
      vertex -91.1 -18.21065533205445 116.96746502847517
      vertex -86.1 -18.21065533205445 116.96746502847517
      vertex -91.1 -18.015486062240456 117.05977321843362
    endloop
  endfacet
  facet normal 0 -0.5141027441932361 0.8577286100002636
    outer loop
      vertex -91.1 -18.015486062240456 117.05977321843362
      vertex -86.1 -18.015486062240456 117.05977321843362
      vertex -91.1 -17.830304370614524 117.1707668529344
    endloop
  endfacet
  facet normal 0 -0.5956993044923983 0.803207531480671
    outer loop
      vertex -91.1 -17.830304370614524 117.1707668529344
      vertex -86.1 -17.830304370614524 117.1707668529344
      vertex -91.1 -17.65689365809763 117.29937700260197
    endloop
  endfacet
  facet normal 0 -0.6715589548470237 0.7409511253549542
    outer loop
      vertex -91.1 -17.65689365809763 117.29937700260197
      vertex -86.1 -17.65689365809763 117.29937700260197
      vertex -91.1 -17.496923964647245 117.44436508138959
    endloop
  endfacet
  facet normal 0 -0.7409511253549772 0.6715589548469982
    outer loop
      vertex -91.1 -17.496923964647245 117.44436508138959
      vertex -86.1 -17.496923964647245 117.44436508138959
      vertex -91.1 -17.35193588585963 117.60433477483998
    endloop
  endfacet
  facet normal 0 -0.8032075314806453 0.5956993044924328
    outer loop
      vertex -91.1 -17.35193588585963 117.60433477483998
      vertex -86.1 -17.35193588585963 117.60433477483998
      vertex -91.1 -17.22332573619205 117.77774548735688
    endloop
  endfacet
  facet normal 0 -0.8577286100002738 0.5141027441932191
    outer loop
      vertex -91.1 -17.22332573619205 117.77774548735688
      vertex -86.1 -17.22332573619205 117.77774548735688
      vertex -91.1 -17.11233210169127 117.96292717898281
    endloop
  endfacet
  facet normal 0 -0.9039892931234321 0.42755509343030607
    outer loop
      vertex -91.1 -17.11233210169127 117.96292717898281
      vertex -86.1 -17.11233210169127 117.96292717898281
      vertex -91.1 -17.020023911732817 118.1580964487968
    endloop
  endfacet
  facet normal 0 -0.9415440651830247 0.33688985339220895
    outer loop
      vertex -91.1 -17.020023911732817 118.1580964487968
      vertex -86.1 -17.020023911732817 118.1580964487968
      vertex -91.1 -16.94729014464679 118.36137371004018
    endloop
  endfacet
  facet normal 0 -0.9700312531945443 0.2429801799032624
    outer loop
      vertex -91.1 -16.94729014464679 118.36137371004018
      vertex -86.1 -16.94729014464679 118.36137371004018
      vertex -91.1 -16.89483126637054 118.57080129156452
    endloop
  endfacet
  facet normal 0 -0.14673047445536055 0.989176509964781
    outer loop
      vertex -91.1 -18.623360174822167 116.8422723831129
      vertex -86.1 -18.836921174532616 116.81059360132117
      vertex -86.1 -18.623360174822167 116.8422723831129
    endloop
  endfacet
  facet normal 0 -0.24298017990323534 0.9700312531945512
    outer loop
      vertex -91.1 -18.413932593297833 116.89473126138914
      vertex -86.1 -18.623360174822167 116.8422723831129
      vertex -86.1 -18.413932593297833 116.89473126138914
    endloop
  endfacet
  facet normal 0 -0.3368898533922433 0.9415440651830124
    outer loop
      vertex -91.1 -18.21065533205445 116.96746502847517
      vertex -86.1 -18.413932593297833 116.89473126138914
      vertex -86.1 -18.21065533205445 116.96746502847517
    endloop
  endfacet
  facet normal 0 -0.42755509343026643 0.9039892931234509
    outer loop
      vertex -91.1 -18.015486062240456 117.05977321843362
      vertex -86.1 -18.21065533205445 116.96746502847517
      vertex -86.1 -18.015486062240456 117.05977321843362
    endloop
  endfacet
  facet normal 0 -0.5141027441932361 0.8577286100002636
    outer loop
      vertex -91.1 -17.830304370614524 117.1707668529344
      vertex -86.1 -18.015486062240456 117.05977321843362
      vertex -86.1 -17.830304370614524 117.1707668529344
    endloop
  endfacet
  facet normal 0 -0.5956993044923983 0.803207531480671
    outer loop
      vertex -91.1 -17.65689365809763 117.29937700260197
      vertex -86.1 -17.830304370614524 117.1707668529344
      vertex -86.1 -17.65689365809763 117.29937700260197
    endloop
  endfacet
  facet normal -4.677049442898594e-19 -0.6715589548470237 0.7409511253549542
    outer loop
      vertex -86.1 -17.65689365809763 117.29937700260197
      vertex -86.1 -17.496923964647245 117.44436508138959
      vertex -91.1 -17.496923964647245 117.44436508138959
    endloop
  endfacet
  facet normal 0 -0.7409511253549772 0.6715589548469982
    outer loop
      vertex -91.1 -17.35193588585963 117.60433477483998
      vertex -86.1 -17.496923964647245 117.44436508138959
      vertex -86.1 -17.35193588585963 117.60433477483998
    endloop
  endfacet
  facet normal 0 -0.8032075314806453 0.5956993044924328
    outer loop
      vertex -91.1 -17.22332573619205 117.77774548735688
      vertex -86.1 -17.35193588585963 117.60433477483998
      vertex -86.1 -17.22332573619205 117.77774548735688
    endloop
  endfacet
  facet normal 0 -0.8577286100002738 0.5141027441932191
    outer loop
      vertex -91.1 -17.11233210169127 117.96292717898281
      vertex -86.1 -17.22332573619205 117.77774548735688
      vertex -86.1 -17.11233210169127 117.96292717898281
    endloop
  endfacet
  facet normal 0 -0.9039892931234321 0.42755509343030607
    outer loop
      vertex -91.1 -17.020023911732817 118.1580964487968
      vertex -86.1 -17.11233210169127 117.96292717898281
      vertex -86.1 -17.020023911732817 118.1580964487968
    endloop
  endfacet
  facet normal 0 -0.9415440651830247 0.33688985339220895
    outer loop
      vertex -91.1 -16.94729014464679 118.36137371004018
      vertex -86.1 -17.020023911732817 118.1580964487968
      vertex -86.1 -16.94729014464679 118.36137371004018
    endloop
  endfacet
  facet normal 5.955953058618411e-19 0.9700312531945443 0.2429801799032624
    outer loop
      vertex -91.1 -21.15782762186851 118.36137371004018
      vertex -91.1 -21.210286500144758 118.57080129156452
      vertex -86.1 -21.210286500144758 118.57080129156452
    endloop
  endfacet
  facet normal 3.07643843966808e-19 0.9891765099647813 0.14673047445535817
    outer loop
      vertex -91.1 -21.210286500144758 118.57080129156452
      vertex -91.1 -21.241965281936483 118.78436229127497
      vertex -86.1 -21.241965281936483 118.78436229127497
    endloop
  endfacet
  facet normal -3.731048787155448e-20 0.9987954562051726 0.04906767432741282
    outer loop
      vertex -91.1 -21.241965281936483 118.78436229127497
      vertex -91.1 -21.25255888325765 119
      vertex -86.1 -21.25255888325765 119
    endloop
  endfacet
  facet normal 3.731048787155448e-20 0.9987954562051726 -0.04906767432741282
    outer loop
      vertex -91.1 -21.25255888325765 119
      vertex -91.1 -21.241965281936483 119.21563770872503
      vertex -86.1 -21.241965281936483 119.21563770872503
    endloop
  endfacet
  facet normal -3.07643843966808e-19 0.9891765099647813 -0.14673047445535817
    outer loop
      vertex -91.1 -21.241965281936483 119.21563770872503
      vertex -91.1 -21.210286500144758 119.42919870843548
      vertex -86.1 -21.210286500144758 119.42919870843548
    endloop
  endfacet
  facet normal -5.955953058618411e-19 0.9700312531945443 -0.2429801799032624
    outer loop
      vertex -91.1 -21.210286500144758 119.42919870843548
      vertex -91.1 -21.15782762186851 119.63862628995982
      vertex -86.1 -21.15782762186851 119.63862628995982
    endloop
  endfacet
  facet normal -2.1149660349104148e-19 0.9415440651830247 -0.33688985339220895
    outer loop
      vertex -91.1 -21.15782762186851 119.63862628995982
      vertex -91.1 -21.08509385478248 119.8419035512032
      vertex -86.1 -21.08509385478248 119.8419035512032
    endloop
  endfacet
  facet normal 7.007963924273209e-19 0.9039892931234321 -0.42755509343030607
    outer loop
      vertex -91.1 -21.08509385478248 119.8419035512032
      vertex -91.1 -20.99278566482403 120.03707282101719
      vertex -86.1 -20.99278566482403 120.03707282101719
    endloop
  endfacet
  facet normal -4.873761257704542e-19 0.8577286100002738 -0.5141027441932191
    outer loop
      vertex -91.1 -20.99278566482403 120.03707282101719
      vertex -91.1 -20.88179203032325 120.22225451264312
      vertex -86.1 -20.88179203032325 120.22225451264312
    endloop
  endfacet
  facet normal -1.6518801436336034e-19 0.8032075314806453 -0.5956993044924328
    outer loop
      vertex -91.1 -20.88179203032325 120.22225451264312
      vertex -91.1 -20.75318188065567 120.39566522516002
      vertex -86.1 -20.75318188065567 120.39566522516002
    endloop
  endfacet
  facet normal -6.075416844733502e-20 0.7409511253549772 -0.6715589548469982
    outer loop
      vertex -91.1 -20.75318188065567 120.39566522516002
      vertex -91.1 -20.608193801868055 120.55563491861041
      vertex -86.1 -20.608193801868055 120.55563491861041
    endloop
  endfacet
  facet normal -4.677049442898594e-19 0.6715589548470237 -0.7409511253549542
    outer loop
      vertex -91.1 -20.608193801868055 120.55563491861041
      vertex -91.1 -20.44822410841767 120.70062299739803
      vertex -86.1 -20.44822410841767 120.70062299739803
    endloop
  endfacet
  facet normal -1.2363691198240693e-19 0.5956993044923983 -0.803207531480671
    outer loop
      vertex -91.1 -20.44822410841767 120.70062299739803
      vertex -91.1 -20.274813395900775 120.8292331470656
      vertex -86.1 -20.274813395900775 120.8292331470656
    endloop
  endfacet
  facet normal -7.779636209552203e-19 0.5141027441932361 -0.8577286100002636
    outer loop
      vertex -91.1 -20.274813395900775 120.8292331470656
      vertex -91.1 -20.089631704274844 120.94022678156638
      vertex -86.1 -20.089631704274844 120.94022678156638
    endloop
  endfacet
  facet normal -1.4187910021654429e-18 0.42755509343026643 -0.9039892931234509
    outer loop
      vertex -91.1 -20.089631704274844 120.94022678156638
      vertex -91.1 -19.89446243446085 121.03253497152483
      vertex -86.1 -19.89446243446085 121.03253497152483
    endloop
  endfacet
  facet normal -7.499862751443797e-19 0.3368898533922433 -0.9415440651830124
    outer loop
      vertex -91.1 -19.89446243446085 121.03253497152483
      vertex -91.1 -19.691185173217466 121.10526873861086
      vertex -86.1 -19.691185173217466 121.10526873861086
    endloop
  endfacet
  facet normal 6.077855216722443e-19 0.24298017990323534 -0.9700312531945512
    outer loop
      vertex -91.1 -19.691185173217466 121.10526873861086
      vertex -91.1 -19.481757591693132 121.1577276168871
      vertex -86.1 -19.481757591693132 121.1577276168871
    endloop
  endfacet
  facet normal -1.1182473736916267e-19 0.14673047445536055 -0.989176509964781
    outer loop
      vertex -91.1 -19.481757591693132 121.1577276168871
      vertex -91.1 -19.268196591982683 121.18940639867883
      vertex -86.1 -19.268196591982683 121.18940639867883
    endloop
  endfacet
  facet normal 6.860399868110808e-20 0.049067674327460446 -0.9987954562051702
    outer loop
      vertex -91.1 -19.268196591982683 121.18940639867883
      vertex -91.1 -19.05255888325765 121.2
      vertex -86.1 -19.05255888325765 121.2
    endloop
  endfacet
  facet normal -6.860399868110808e-20 -0.049067674327460446 -0.9987954562051702
    outer loop
      vertex -91.1 -19.05255888325765 121.2
      vertex -91.1 -18.836921174532616 121.18940639867883
      vertex -86.1 -18.836921174532616 121.18940639867883
    endloop
  endfacet
  facet normal 0 0.9891765099647813 0.14673047445535817
    outer loop
      vertex -91.1 -21.210286500144758 118.57080129156452
      vertex -86.1 -21.241965281936483 118.78436229127497
      vertex -86.1 -21.210286500144758 118.57080129156452
    endloop
  endfacet
  facet normal 0 0.9987954562051726 0.04906767432741282
    outer loop
      vertex -91.1 -21.241965281936483 118.78436229127497
      vertex -86.1 -21.25255888325765 119
      vertex -86.1 -21.241965281936483 118.78436229127497
    endloop
  endfacet
  facet normal 0 0.9987954562051726 -0.04906767432741282
    outer loop
      vertex -91.1 -21.25255888325765 119
      vertex -86.1 -21.241965281936483 119.21563770872503
      vertex -86.1 -21.25255888325765 119
    endloop
  endfacet
  facet normal 0 0.9891765099647813 -0.14673047445535817
    outer loop
      vertex -91.1 -21.241965281936483 119.21563770872503
      vertex -86.1 -21.210286500144758 119.42919870843548
      vertex -86.1 -21.241965281936483 119.21563770872503
    endloop
  endfacet
  facet normal 0 0.9700312531945443 -0.2429801799032624
    outer loop
      vertex -91.1 -21.210286500144758 119.42919870843548
      vertex -86.1 -21.15782762186851 119.63862628995982
      vertex -86.1 -21.210286500144758 119.42919870843548
    endloop
  endfacet
  facet normal 0 0.9415440651830247 -0.33688985339220895
    outer loop
      vertex -91.1 -21.15782762186851 119.63862628995982
      vertex -86.1 -21.08509385478248 119.8419035512032
      vertex -86.1 -21.15782762186851 119.63862628995982
    endloop
  endfacet
  facet normal 0 0.9039892931234321 -0.42755509343030607
    outer loop
      vertex -91.1 -21.08509385478248 119.8419035512032
      vertex -86.1 -20.99278566482403 120.03707282101719
      vertex -86.1 -21.08509385478248 119.8419035512032
    endloop
  endfacet
  facet normal 0 0.8577286100002738 -0.5141027441932191
    outer loop
      vertex -91.1 -20.99278566482403 120.03707282101719
      vertex -86.1 -20.88179203032325 120.22225451264312
      vertex -86.1 -20.99278566482403 120.03707282101719
    endloop
  endfacet
  facet normal 0 0.8032075314806453 -0.5956993044924328
    outer loop
      vertex -91.1 -20.88179203032325 120.22225451264312
      vertex -86.1 -20.75318188065567 120.39566522516002
      vertex -86.1 -20.88179203032325 120.22225451264312
    endloop
  endfacet
  facet normal 0 0.7409511253549772 -0.6715589548469982
    outer loop
      vertex -91.1 -20.75318188065567 120.39566522516002
      vertex -86.1 -20.608193801868055 120.55563491861041
      vertex -86.1 -20.75318188065567 120.39566522516002
    endloop
  endfacet
  facet normal 0 0.6715589548470237 -0.7409511253549542
    outer loop
      vertex -91.1 -20.608193801868055 120.55563491861041
      vertex -86.1 -20.44822410841767 120.70062299739803
      vertex -86.1 -20.608193801868055 120.55563491861041
    endloop
  endfacet
  facet normal 0 0.5956993044923983 -0.803207531480671
    outer loop
      vertex -91.1 -20.44822410841767 120.70062299739803
      vertex -86.1 -20.274813395900775 120.8292331470656
      vertex -86.1 -20.44822410841767 120.70062299739803
    endloop
  endfacet
  facet normal 0 0.5141027441932361 -0.8577286100002636
    outer loop
      vertex -91.1 -20.274813395900775 120.8292331470656
      vertex -86.1 -20.089631704274844 120.94022678156638
      vertex -86.1 -20.274813395900775 120.8292331470656
    endloop
  endfacet
  facet normal 0 0.42755509343026643 -0.9039892931234509
    outer loop
      vertex -91.1 -20.089631704274844 120.94022678156638
      vertex -86.1 -19.89446243446085 121.03253497152483
      vertex -86.1 -20.089631704274844 120.94022678156638
    endloop
  endfacet
  facet normal 0 0.3368898533922433 -0.9415440651830124
    outer loop
      vertex -91.1 -19.89446243446085 121.03253497152483
      vertex -86.1 -19.691185173217466 121.10526873861086
      vertex -86.1 -19.89446243446085 121.03253497152483
    endloop
  endfacet
  facet normal 0 0.24298017990323534 -0.9700312531945512
    outer loop
      vertex -91.1 -19.691185173217466 121.10526873861086
      vertex -86.1 -19.481757591693132 121.1577276168871
      vertex -86.1 -19.691185173217466 121.10526873861086
    endloop
  endfacet
  facet normal 0 0.14673047445536055 -0.989176509964781
    outer loop
      vertex -91.1 -19.481757591693132 121.1577276168871
      vertex -86.1 -19.268196591982683 121.18940639867883
      vertex -86.1 -19.481757591693132 121.1577276168871
    endloop
  endfacet
  facet normal 0 0.049067674327460446 -0.9987954562051702
    outer loop
      vertex -91.1 -19.268196591982683 121.18940639867883
      vertex -86.1 -19.05255888325765 121.2
      vertex -86.1 -19.268196591982683 121.18940639867883
    endloop
  endfacet
  facet normal 0 -0.049067674327460446 -0.9987954562051702
    outer loop
      vertex -91.1 -19.05255888325765 121.2
      vertex -86.1 -18.836921174532616 121.18940639867883
      vertex -86.1 -19.05255888325765 121.2
    endloop
  endfacet
  facet normal 0 -0.14673047445536055 -0.989176509964781
    outer loop
      vertex -91.1 -18.836921174532616 121.18940639867883
      vertex -86.1 -18.623360174822167 121.1577276168871
      vertex -86.1 -18.836921174532616 121.18940639867883
    endloop
  endfacet
  facet normal 7.779636209552203e-19 -0.5141027441932361 -0.8577286100002636
    outer loop
      vertex -91.1 -18.015486062240456 120.94022678156638
      vertex -91.1 -17.830304370614524 120.8292331470656
      vertex -86.1 -17.830304370614524 120.8292331470656
    endloop
  endfacet
  facet normal 1.2363691198240693e-19 -0.5956993044923983 -0.803207531480671
    outer loop
      vertex -91.1 -17.830304370614524 120.8292331470656
      vertex -91.1 -17.65689365809763 120.70062299739803
      vertex -86.1 -17.65689365809763 120.70062299739803
    endloop
  endfacet
  facet normal 1.6518801436336034e-19 -0.8032075314806453 -0.5956993044924328
    outer loop
      vertex -91.1 -17.35193588585963 120.39566522516002
      vertex -91.1 -17.22332573619205 120.22225451264312
      vertex -86.1 -17.22332573619205 120.22225451264312
    endloop
  endfacet
  facet normal 4.677049442898594e-19 -0.6715589548470237 -0.7409511253549542
    outer loop
      vertex -91.1 -17.65689365809763 120.70062299739803
      vertex -91.1 -17.496923964647245 120.55563491861041
      vertex -86.1 -17.496923964647245 120.55563491861041
    endloop
  endfacet
  facet normal 6.075416844733502e-20 -0.7409511253549772 -0.6715589548469982
    outer loop
      vertex -91.1 -17.496923964647245 120.55563491861041
      vertex -91.1 -17.35193588585963 120.39566522516002
      vertex -86.1 -17.35193588585963 120.39566522516002
    endloop
  endfacet
  facet normal 1.1182473736916267e-19 -0.14673047445536055 -0.989176509964781
    outer loop
      vertex -91.1 -18.836921174532616 121.18940639867883
      vertex -91.1 -18.623360174822167 121.1577276168871
      vertex -86.1 -18.623360174822167 121.1577276168871
    endloop
  endfacet
  facet normal -6.077855216722443e-19 -0.24298017990323534 -0.9700312531945512
    outer loop
      vertex -91.1 -18.623360174822167 121.1577276168871
      vertex -91.1 -18.413932593297833 121.10526873861086
      vertex -86.1 -18.413932593297833 121.10526873861086
    endloop
  endfacet
  facet normal 7.499862751443797e-19 -0.3368898533922433 -0.9415440651830124
    outer loop
      vertex -91.1 -18.413932593297833 121.10526873861086
      vertex -91.1 -18.21065533205445 121.03253497152483
      vertex -86.1 -18.21065533205445 121.03253497152483
    endloop
  endfacet
  facet normal 0 -0.42755509343026643 -0.9039892931234509
    outer loop
      vertex -91.1 -18.015486062240456 120.94022678156638
      vertex -86.1 -18.015486062240456 120.94022678156638
      vertex -91.1 -18.21065533205445 121.03253497152483
    endloop
  endfacet
  facet normal 0 -0.9891765099647813 0.14673047445535817
    outer loop
      vertex -91.1 -16.89483126637054 118.57080129156452
      vertex -86.1 -16.89483126637054 118.57080129156452
      vertex -91.1 -16.863152484578816 118.78436229127497
    endloop
  endfacet
  facet normal 0 -0.9987954562051726 0.04906767432741282
    outer loop
      vertex -91.1 -16.863152484578816 118.78436229127497
      vertex -86.1 -16.863152484578816 118.78436229127497
      vertex -91.1 -16.85255888325765 119
    endloop
  endfacet
  facet normal 0 -0.9987954562051726 -0.04906767432741282
    outer loop
      vertex -91.1 -16.85255888325765 119
      vertex -86.1 -16.85255888325765 119
      vertex -91.1 -16.863152484578816 119.21563770872503
    endloop
  endfacet
  facet normal 0 -0.9891765099647813 -0.14673047445535817
    outer loop
      vertex -91.1 -16.863152484578816 119.21563770872503
      vertex -86.1 -16.863152484578816 119.21563770872503
      vertex -91.1 -16.89483126637054 119.42919870843548
    endloop
  endfacet
  facet normal 0 -0.9700312531945443 -0.2429801799032624
    outer loop
      vertex -91.1 -16.89483126637054 119.42919870843548
      vertex -86.1 -16.89483126637054 119.42919870843548
      vertex -91.1 -16.94729014464679 119.63862628995982
    endloop
  endfacet
  facet normal 2.1149660349104148e-19 -0.9415440651830247 -0.33688985339220895
    outer loop
      vertex -91.1 -17.020023911732817 119.8419035512032
      vertex -91.1 -16.94729014464679 119.63862628995982
      vertex -86.1 -16.94729014464679 119.63862628995982
    endloop
  endfacet
  facet normal -7.007963924273209e-19 -0.9039892931234321 -0.42755509343030607
    outer loop
      vertex -91.1 -17.11233210169127 120.03707282101719
      vertex -91.1 -17.020023911732817 119.8419035512032
      vertex -86.1 -17.020023911732817 119.8419035512032
    endloop
  endfacet
  facet normal 0 -0.8577286100002738 -0.5141027441932191
    outer loop
      vertex -91.1 -17.11233210169127 120.03707282101719
      vertex -86.1 -17.11233210169127 120.03707282101719
      vertex -91.1 -17.22332573619205 120.22225451264312
    endloop
  endfacet
  facet normal 0 -0.5141027441932361 -0.8577286100002636
    outer loop
      vertex -91.1 -18.015486062240456 120.94022678156638
      vertex -86.1 -17.830304370614524 120.8292331470656
      vertex -86.1 -18.015486062240456 120.94022678156638
    endloop
  endfacet
  facet normal 0 -0.6715589548470237 -0.7409511253549542
    outer loop
      vertex -91.1 -17.65689365809763 120.70062299739803
      vertex -86.1 -17.496923964647245 120.55563491861041
      vertex -86.1 -17.65689365809763 120.70062299739803
    endloop
  endfacet
  facet normal 0 -0.5956993044923983 -0.803207531480671
    outer loop
      vertex -91.1 -17.830304370614524 120.8292331470656
      vertex -86.1 -17.65689365809763 120.70062299739803
      vertex -86.1 -17.830304370614524 120.8292331470656
    endloop
  endfacet
  facet normal 0 -0.8032075314806453 -0.5956993044924328
    outer loop
      vertex -91.1 -17.35193588585963 120.39566522516002
      vertex -86.1 -17.22332573619205 120.22225451264312
      vertex -86.1 -17.35193588585963 120.39566522516002
    endloop
  endfacet
  facet normal 0 -0.7409511253549772 -0.6715589548469982
    outer loop
      vertex -91.1 -17.496923964647245 120.55563491861041
      vertex -86.1 -17.35193588585963 120.39566522516002
      vertex -86.1 -17.496923964647245 120.55563491861041
    endloop
  endfacet
  facet normal 0 -0.24298017990323534 -0.9700312531945512
    outer loop
      vertex -91.1 -18.623360174822167 121.1577276168871
      vertex -86.1 -18.413932593297833 121.10526873861086
      vertex -86.1 -18.623360174822167 121.1577276168871
    endloop
  endfacet
  facet normal 0 -0.3368898533922433 -0.9415440651830124
    outer loop
      vertex -91.1 -18.413932593297833 121.10526873861086
      vertex -86.1 -18.21065533205445 121.03253497152483
      vertex -86.1 -18.413932593297833 121.10526873861086
    endloop
  endfacet
  facet normal 0 -0.42755509343026643 -0.9039892931234509
    outer loop
      vertex -91.1 -18.21065533205445 121.03253497152483
      vertex -86.1 -18.015486062240456 120.94022678156638
      vertex -86.1 -18.21065533205445 121.03253497152483
    endloop
  endfacet
  facet normal -5.955953058618411e-19 -0.9700312531945443 0.2429801799032624
    outer loop
      vertex -86.1 -16.94729014464679 118.36137371004018
      vertex -86.1 -16.89483126637054 118.57080129156452
      vertex -91.1 -16.89483126637054 118.57080129156452
    endloop
  endfacet
  facet normal 0 -0.9891765099647813 0.14673047445535817
    outer loop
      vertex -91.1 -16.863152484578816 118.78436229127497
      vertex -86.1 -16.89483126637054 118.57080129156452
      vertex -86.1 -16.863152484578816 118.78436229127497
    endloop
  endfacet
  facet normal 0 -0.9987954562051726 0.04906767432741282
    outer loop
      vertex -91.1 -16.85255888325765 119
      vertex -86.1 -16.863152484578816 118.78436229127497
      vertex -86.1 -16.85255888325765 119
    endloop
  endfacet
  facet normal 0 -0.9987954562051726 -0.04906767432741282
    outer loop
      vertex -91.1 -16.863152484578816 119.21563770872503
      vertex -86.1 -16.85255888325765 119
      vertex -86.1 -16.863152484578816 119.21563770872503
    endloop
  endfacet
  facet normal 0 -0.9891765099647813 -0.14673047445535817
    outer loop
      vertex -91.1 -16.89483126637054 119.42919870843548
      vertex -86.1 -16.863152484578816 119.21563770872503
      vertex -86.1 -16.89483126637054 119.42919870843548
    endloop
  endfacet
  facet normal 0 -0.9700312531945443 -0.2429801799032624
    outer loop
      vertex -91.1 -16.94729014464679 119.63862628995982
      vertex -86.1 -16.89483126637054 119.42919870843548
      vertex -86.1 -16.94729014464679 119.63862628995982
    endloop
  endfacet
  facet normal 0 -0.9415440651830247 -0.33688985339220895
    outer loop
      vertex -91.1 -17.020023911732817 119.8419035512032
      vertex -86.1 -16.94729014464679 119.63862628995982
      vertex -86.1 -17.020023911732817 119.8419035512032
    endloop
  endfacet
  facet normal 0 -0.9039892931234321 -0.42755509343030607
    outer loop
      vertex -91.1 -17.11233210169127 120.03707282101719
      vertex -86.1 -17.020023911732817 119.8419035512032
      vertex -86.1 -17.11233210169127 120.03707282101719
    endloop
  endfacet
  facet normal 0 -0.8577286100002738 -0.5141027441932191
    outer loop
      vertex -91.1 -17.22332573619205 120.22225451264312
      vertex -86.1 -17.11233210169127 120.03707282101719
      vertex -86.1 -17.22332573619205 120.22225451264312
    endloop
  endfacet
  facet normal 2.1149660349104148e-19 0.9415440651830247 0.33688985339220895
    outer loop
      vertex 86.1 -21.08509385478248 118.1580964487968
      vertex 86.1 -21.15782762186851 118.36137371004018
      vertex 91.1 -21.15782762186851 118.36137371004018
    endloop
  endfacet
  facet normal 1.2363691198240693e-19 0.5956993044923983 0.803207531480671
    outer loop
      vertex 86.1 -20.274813395900775 117.1707668529344
      vertex 86.1 -20.44822410841767 117.29937700260197
      vertex 91.1 -20.44822410841767 117.29937700260197
    endloop
  endfacet
  facet normal 0 0.7409511253549772 0.6715589548469982
    outer loop
      vertex 86.1 -20.75318188065567 117.60433477483998
      vertex 91.1 -20.75318188065567 117.60433477483998
      vertex 86.1 -20.608193801868055 117.44436508138959
    endloop
  endfacet
  facet normal 0 0.8032075314806453 0.5956993044924328
    outer loop
      vertex 86.1 -20.88179203032325 117.77774548735688
      vertex 91.1 -20.88179203032325 117.77774548735688
      vertex 86.1 -20.75318188065567 117.60433477483998
    endloop
  endfacet
  facet normal 0 0.9039892931234321 0.42755509343030607
    outer loop
      vertex 86.1 -21.08509385478248 118.1580964487968
      vertex 91.1 -21.08509385478248 118.1580964487968
      vertex 86.1 -20.99278566482403 117.96292717898281
    endloop
  endfacet
  facet normal 4.873761257704542e-19 0.8577286100002738 0.5141027441932191
    outer loop
      vertex 86.1 -20.88179203032325 117.77774548735688
      vertex 86.1 -20.99278566482403 117.96292717898281
      vertex 91.1 -20.99278566482403 117.96292717898281
    endloop
  endfacet
  facet normal 0 0.6715589548470237 0.7409511253549542
    outer loop
      vertex 86.1 -20.608193801868055 117.44436508138959
      vertex 91.1 -20.608193801868055 117.44436508138959
      vertex 86.1 -20.44822410841767 117.29937700260197
    endloop
  endfacet
  facet normal 0 0.5141027441932361 0.8577286100002636
    outer loop
      vertex 86.1 -20.274813395900775 117.1707668529344
      vertex 91.1 -20.274813395900775 117.1707668529344
      vertex 86.1 -20.089631704274844 117.05977321843362
    endloop
  endfacet
  facet normal 0 0.42755509343026643 0.9039892931234509
    outer loop
      vertex 86.1 -20.089631704274844 117.05977321843362
      vertex 91.1 -20.089631704274844 117.05977321843362
      vertex 86.1 -19.89446243446085 116.96746502847517
    endloop
  endfacet
  facet normal 0 0.3368898533922433 0.9415440651830124
    outer loop
      vertex 86.1 -19.89446243446085 116.96746502847517
      vertex 91.1 -19.89446243446085 116.96746502847517
      vertex 86.1 -19.691185173217466 116.89473126138914
    endloop
  endfacet
  facet normal 0 0.24298017990323534 0.9700312531945512
    outer loop
      vertex 86.1 -19.691185173217466 116.89473126138914
      vertex 91.1 -19.691185173217466 116.89473126138914
      vertex 86.1 -19.481757591693132 116.8422723831129
    endloop
  endfacet
  facet normal 0 0.14673047445536055 0.989176509964781
    outer loop
      vertex 86.1 -19.481757591693132 116.8422723831129
      vertex 91.1 -19.481757591693132 116.8422723831129
      vertex 86.1 -19.268196591982683 116.81059360132117
    endloop
  endfacet
  facet normal 0 0.049067674327460446 0.9987954562051702
    outer loop
      vertex 86.1 -19.268196591982683 116.81059360132117
      vertex 91.1 -19.268196591982683 116.81059360132117
      vertex 86.1 -19.05255888325765 116.8
    endloop
  endfacet
  facet normal 0 -0.049067674327460446 0.9987954562051702
    outer loop
      vertex 86.1 -19.05255888325765 116.8
      vertex 91.1 -19.05255888325765 116.8
      vertex 86.1 -18.836921174532616 116.81059360132117
    endloop
  endfacet
  facet normal 0 -0.14673047445536055 0.989176509964781
    outer loop
      vertex 86.1 -18.836921174532616 116.81059360132117
      vertex 91.1 -18.836921174532616 116.81059360132117
      vertex 86.1 -18.623360174822167 116.8422723831129
    endloop
  endfacet
  facet normal 0 0.9415440651830247 0.33688985339220895
    outer loop
      vertex 86.1 -21.08509385478248 118.1580964487968
      vertex 91.1 -21.15782762186851 118.36137371004018
      vertex 91.1 -21.08509385478248 118.1580964487968
    endloop
  endfacet
  facet normal 0 0.9700312531945443 0.2429801799032624
    outer loop
      vertex 86.1 -21.15782762186851 118.36137371004018
      vertex 91.1 -21.210286500144758 118.57080129156452
      vertex 91.1 -21.15782762186851 118.36137371004018
    endloop
  endfacet
  facet normal 0 0.5956993044923983 0.803207531480671
    outer loop
      vertex 86.1 -20.274813395900775 117.1707668529344
      vertex 91.1 -20.44822410841767 117.29937700260197
      vertex 91.1 -20.274813395900775 117.1707668529344
    endloop
  endfacet
  facet normal 0 0.8577286100002738 0.5141027441932191
    outer loop
      vertex 86.1 -20.88179203032325 117.77774548735688
      vertex 91.1 -20.99278566482403 117.96292717898281
      vertex 91.1 -20.88179203032325 117.77774548735688
    endloop
  endfacet
  facet normal 0 0.8032075314806453 0.5956993044924328
    outer loop
      vertex 86.1 -20.75318188065567 117.60433477483998
      vertex 91.1 -20.88179203032325 117.77774548735688
      vertex 91.1 -20.75318188065567 117.60433477483998
    endloop
  endfacet
  facet normal 0 0.9039892931234321 0.42755509343030607
    outer loop
      vertex 86.1 -20.99278566482403 117.96292717898281
      vertex 91.1 -21.08509385478248 118.1580964487968
      vertex 91.1 -20.99278566482403 117.96292717898281
    endloop
  endfacet
  facet normal 0 0.7409511253549772 0.6715589548469982
    outer loop
      vertex 86.1 -20.608193801868055 117.44436508138959
      vertex 91.1 -20.75318188065567 117.60433477483998
      vertex 91.1 -20.608193801868055 117.44436508138959
    endloop
  endfacet
  facet normal 0 0.6715589548470237 0.7409511253549542
    outer loop
      vertex 86.1 -20.44822410841767 117.29937700260197
      vertex 91.1 -20.608193801868055 117.44436508138959
      vertex 91.1 -20.44822410841767 117.29937700260197
    endloop
  endfacet
  facet normal 0 0.5141027441932361 0.8577286100002636
    outer loop
      vertex 86.1 -20.089631704274844 117.05977321843362
      vertex 91.1 -20.274813395900775 117.1707668529344
      vertex 91.1 -20.089631704274844 117.05977321843362
    endloop
  endfacet
  facet normal 0 0.42755509343026643 0.9039892931234509
    outer loop
      vertex 86.1 -19.89446243446085 116.96746502847517
      vertex 91.1 -20.089631704274844 117.05977321843362
      vertex 91.1 -19.89446243446085 116.96746502847517
    endloop
  endfacet
  facet normal 0 0.3368898533922433 0.9415440651830124
    outer loop
      vertex 86.1 -19.691185173217466 116.89473126138914
      vertex 91.1 -19.89446243446085 116.96746502847517
      vertex 91.1 -19.691185173217466 116.89473126138914
    endloop
  endfacet
  facet normal -6.077855216722443e-19 0.24298017990323534 0.9700312531945512
    outer loop
      vertex 91.1 -19.691185173217466 116.89473126138914
      vertex 91.1 -19.481757591693132 116.8422723831129
      vertex 86.1 -19.481757591693132 116.8422723831129
    endloop
  endfacet
  facet normal 0 0.14673047445536055 0.989176509964781
    outer loop
      vertex 86.1 -19.268196591982683 116.81059360132117
      vertex 91.1 -19.481757591693132 116.8422723831129
      vertex 91.1 -19.268196591982683 116.81059360132117
    endloop
  endfacet
  facet normal 0 0.049067674327460446 0.9987954562051702
    outer loop
      vertex 86.1 -19.05255888325765 116.8
      vertex 91.1 -19.268196591982683 116.81059360132117
      vertex 91.1 -19.05255888325765 116.8
    endloop
  endfacet
  facet normal 0 -0.049067674327460446 0.9987954562051702
    outer loop
      vertex 86.1 -18.836921174532616 116.81059360132117
      vertex 91.1 -19.05255888325765 116.8
      vertex 91.1 -18.836921174532616 116.81059360132117
    endloop
  endfacet
  facet normal 0 -0.24298017990323534 0.9700312531945512
    outer loop
      vertex 86.1 -18.623360174822167 116.8422723831129
      vertex 91.1 -18.623360174822167 116.8422723831129
      vertex 86.1 -18.413932593297833 116.89473126138914
    endloop
  endfacet
  facet normal 0 -0.3368898533922433 0.9415440651830124
    outer loop
      vertex 86.1 -18.413932593297833 116.89473126138914
      vertex 91.1 -18.413932593297833 116.89473126138914
      vertex 86.1 -18.21065533205445 116.96746502847517
    endloop
  endfacet
  facet normal 0 -0.42755509343026643 0.9039892931234509
    outer loop
      vertex 86.1 -18.21065533205445 116.96746502847517
      vertex 91.1 -18.21065533205445 116.96746502847517
      vertex 86.1 -18.015486062240456 117.05977321843362
    endloop
  endfacet
  facet normal 0 -0.5141027441932361 0.8577286100002636
    outer loop
      vertex 86.1 -18.015486062240456 117.05977321843362
      vertex 91.1 -18.015486062240456 117.05977321843362
      vertex 86.1 -17.830304370614524 117.1707668529344
    endloop
  endfacet
  facet normal 0 -0.5956993044923983 0.803207531480671
    outer loop
      vertex 86.1 -17.830304370614524 117.1707668529344
      vertex 91.1 -17.830304370614524 117.1707668529344
      vertex 86.1 -17.65689365809763 117.29937700260197
    endloop
  endfacet
  facet normal 0 -0.6715589548470237 0.7409511253549542
    outer loop
      vertex 86.1 -17.65689365809763 117.29937700260197
      vertex 91.1 -17.65689365809763 117.29937700260197
      vertex 86.1 -17.496923964647245 117.44436508138959
    endloop
  endfacet
  facet normal 0 -0.7409511253549772 0.6715589548469982
    outer loop
      vertex 86.1 -17.496923964647245 117.44436508138959
      vertex 91.1 -17.496923964647245 117.44436508138959
      vertex 86.1 -17.35193588585963 117.60433477483998
    endloop
  endfacet
  facet normal 0 -0.8032075314806453 0.5956993044924328
    outer loop
      vertex 86.1 -17.35193588585963 117.60433477483998
      vertex 91.1 -17.35193588585963 117.60433477483998
      vertex 86.1 -17.22332573619205 117.77774548735688
    endloop
  endfacet
  facet normal 0 -0.8577286100002738 0.5141027441932191
    outer loop
      vertex 86.1 -17.22332573619205 117.77774548735688
      vertex 91.1 -17.22332573619205 117.77774548735688
      vertex 86.1 -17.11233210169127 117.96292717898281
    endloop
  endfacet
  facet normal 0 -0.9039892931234321 0.42755509343030607
    outer loop
      vertex 86.1 -17.11233210169127 117.96292717898281
      vertex 91.1 -17.11233210169127 117.96292717898281
      vertex 86.1 -17.020023911732817 118.1580964487968
    endloop
  endfacet
  facet normal 0 -0.9415440651830247 0.33688985339220895
    outer loop
      vertex 86.1 -17.020023911732817 118.1580964487968
      vertex 91.1 -17.020023911732817 118.1580964487968
      vertex 86.1 -16.94729014464679 118.36137371004018
    endloop
  endfacet
  facet normal 0 -0.9700312531945443 0.2429801799032624
    outer loop
      vertex 86.1 -16.94729014464679 118.36137371004018
      vertex 91.1 -16.94729014464679 118.36137371004018
      vertex 86.1 -16.89483126637054 118.57080129156452
    endloop
  endfacet
  facet normal 0 -0.14673047445536055 0.989176509964781
    outer loop
      vertex 86.1 -18.623360174822167 116.8422723831129
      vertex 91.1 -18.836921174532616 116.81059360132117
      vertex 91.1 -18.623360174822167 116.8422723831129
    endloop
  endfacet
  facet normal 0 -0.24298017990323534 0.9700312531945512
    outer loop
      vertex 86.1 -18.413932593297833 116.89473126138914
      vertex 91.1 -18.623360174822167 116.8422723831129
      vertex 91.1 -18.413932593297833 116.89473126138914
    endloop
  endfacet
  facet normal 0 -0.3368898533922433 0.9415440651830124
    outer loop
      vertex 86.1 -18.21065533205445 116.96746502847517
      vertex 91.1 -18.413932593297833 116.89473126138914
      vertex 91.1 -18.21065533205445 116.96746502847517
    endloop
  endfacet
  facet normal 0 -0.42755509343026643 0.9039892931234509
    outer loop
      vertex 86.1 -18.015486062240456 117.05977321843362
      vertex 91.1 -18.21065533205445 116.96746502847517
      vertex 91.1 -18.015486062240456 117.05977321843362
    endloop
  endfacet
  facet normal 0 -0.5141027441932361 0.8577286100002636
    outer loop
      vertex 86.1 -17.830304370614524 117.1707668529344
      vertex 91.1 -18.015486062240456 117.05977321843362
      vertex 91.1 -17.830304370614524 117.1707668529344
    endloop
  endfacet
  facet normal 0 -0.5956993044923983 0.803207531480671
    outer loop
      vertex 86.1 -17.65689365809763 117.29937700260197
      vertex 91.1 -17.830304370614524 117.1707668529344
      vertex 91.1 -17.65689365809763 117.29937700260197
    endloop
  endfacet
  facet normal -4.677049442898594e-19 -0.6715589548470237 0.7409511253549542
    outer loop
      vertex 91.1 -17.65689365809763 117.29937700260197
      vertex 91.1 -17.496923964647245 117.44436508138959
      vertex 86.1 -17.496923964647245 117.44436508138959
    endloop
  endfacet
  facet normal 0 -0.7409511253549772 0.6715589548469982
    outer loop
      vertex 86.1 -17.35193588585963 117.60433477483998
      vertex 91.1 -17.496923964647245 117.44436508138959
      vertex 91.1 -17.35193588585963 117.60433477483998
    endloop
  endfacet
  facet normal 0 -0.8032075314806453 0.5956993044924328
    outer loop
      vertex 86.1 -17.22332573619205 117.77774548735688
      vertex 91.1 -17.35193588585963 117.60433477483998
      vertex 91.1 -17.22332573619205 117.77774548735688
    endloop
  endfacet
  facet normal 0 -0.8577286100002738 0.5141027441932191
    outer loop
      vertex 86.1 -17.11233210169127 117.96292717898281
      vertex 91.1 -17.22332573619205 117.77774548735688
      vertex 91.1 -17.11233210169127 117.96292717898281
    endloop
  endfacet
  facet normal 0 -0.9039892931234321 0.42755509343030607
    outer loop
      vertex 86.1 -17.020023911732817 118.1580964487968
      vertex 91.1 -17.11233210169127 117.96292717898281
      vertex 91.1 -17.020023911732817 118.1580964487968
    endloop
  endfacet
  facet normal 0 -0.9415440651830247 0.33688985339220895
    outer loop
      vertex 86.1 -16.94729014464679 118.36137371004018
      vertex 91.1 -17.020023911732817 118.1580964487968
      vertex 91.1 -16.94729014464679 118.36137371004018
    endloop
  endfacet
  facet normal 5.955953058618411e-19 0.9700312531945443 0.2429801799032624
    outer loop
      vertex 86.1 -21.15782762186851 118.36137371004018
      vertex 86.1 -21.210286500144758 118.57080129156452
      vertex 91.1 -21.210286500144758 118.57080129156452
    endloop
  endfacet
  facet normal 3.07643843966808e-19 0.9891765099647813 0.14673047445535817
    outer loop
      vertex 86.1 -21.210286500144758 118.57080129156452
      vertex 86.1 -21.241965281936483 118.78436229127497
      vertex 91.1 -21.241965281936483 118.78436229127497
    endloop
  endfacet
  facet normal -3.731048787155448e-20 0.9987954562051726 0.04906767432741282
    outer loop
      vertex 86.1 -21.241965281936483 118.78436229127497
      vertex 86.1 -21.25255888325765 119
      vertex 91.1 -21.25255888325765 119
    endloop
  endfacet
  facet normal 3.731048787155448e-20 0.9987954562051726 -0.04906767432741282
    outer loop
      vertex 86.1 -21.25255888325765 119
      vertex 86.1 -21.241965281936483 119.21563770872503
      vertex 91.1 -21.241965281936483 119.21563770872503
    endloop
  endfacet
  facet normal -3.07643843966808e-19 0.9891765099647813 -0.14673047445535817
    outer loop
      vertex 86.1 -21.241965281936483 119.21563770872503
      vertex 86.1 -21.210286500144758 119.42919870843548
      vertex 91.1 -21.210286500144758 119.42919870843548
    endloop
  endfacet
  facet normal -5.955953058618411e-19 0.9700312531945443 -0.2429801799032624
    outer loop
      vertex 86.1 -21.210286500144758 119.42919870843548
      vertex 86.1 -21.15782762186851 119.63862628995982
      vertex 91.1 -21.15782762186851 119.63862628995982
    endloop
  endfacet
  facet normal -2.1149660349104148e-19 0.9415440651830247 -0.33688985339220895
    outer loop
      vertex 86.1 -21.15782762186851 119.63862628995982
      vertex 86.1 -21.08509385478248 119.8419035512032
      vertex 91.1 -21.08509385478248 119.8419035512032
    endloop
  endfacet
  facet normal 7.007963924273209e-19 0.9039892931234321 -0.42755509343030607
    outer loop
      vertex 86.1 -21.08509385478248 119.8419035512032
      vertex 86.1 -20.99278566482403 120.03707282101719
      vertex 91.1 -20.99278566482403 120.03707282101719
    endloop
  endfacet
  facet normal -4.873761257704542e-19 0.8577286100002738 -0.5141027441932191
    outer loop
      vertex 86.1 -20.99278566482403 120.03707282101719
      vertex 86.1 -20.88179203032325 120.22225451264312
      vertex 91.1 -20.88179203032325 120.22225451264312
    endloop
  endfacet
  facet normal -1.6518801436336034e-19 0.8032075314806453 -0.5956993044924328
    outer loop
      vertex 86.1 -20.88179203032325 120.22225451264312
      vertex 86.1 -20.75318188065567 120.39566522516002
      vertex 91.1 -20.75318188065567 120.39566522516002
    endloop
  endfacet
  facet normal -6.075416844733502e-20 0.7409511253549772 -0.6715589548469982
    outer loop
      vertex 86.1 -20.75318188065567 120.39566522516002
      vertex 86.1 -20.608193801868055 120.55563491861041
      vertex 91.1 -20.608193801868055 120.55563491861041
    endloop
  endfacet
  facet normal -4.677049442898594e-19 0.6715589548470237 -0.7409511253549542
    outer loop
      vertex 86.1 -20.608193801868055 120.55563491861041
      vertex 86.1 -20.44822410841767 120.70062299739803
      vertex 91.1 -20.44822410841767 120.70062299739803
    endloop
  endfacet
  facet normal -1.2363691198240693e-19 0.5956993044923983 -0.803207531480671
    outer loop
      vertex 86.1 -20.44822410841767 120.70062299739803
      vertex 86.1 -20.274813395900775 120.8292331470656
      vertex 91.1 -20.274813395900775 120.8292331470656
    endloop
  endfacet
  facet normal -7.779636209552203e-19 0.5141027441932361 -0.8577286100002636
    outer loop
      vertex 86.1 -20.274813395900775 120.8292331470656
      vertex 86.1 -20.089631704274844 120.94022678156638
      vertex 91.1 -20.089631704274844 120.94022678156638
    endloop
  endfacet
  facet normal -1.4187910021654429e-18 0.42755509343026643 -0.9039892931234509
    outer loop
      vertex 86.1 -20.089631704274844 120.94022678156638
      vertex 86.1 -19.89446243446085 121.03253497152483
      vertex 91.1 -19.89446243446085 121.03253497152483
    endloop
  endfacet
  facet normal -7.499862751443797e-19 0.3368898533922433 -0.9415440651830124
    outer loop
      vertex 86.1 -19.89446243446085 121.03253497152483
      vertex 86.1 -19.691185173217466 121.10526873861086
      vertex 91.1 -19.691185173217466 121.10526873861086
    endloop
  endfacet
  facet normal 6.077855216722443e-19 0.24298017990323534 -0.9700312531945512
    outer loop
      vertex 86.1 -19.691185173217466 121.10526873861086
      vertex 86.1 -19.481757591693132 121.1577276168871
      vertex 91.1 -19.481757591693132 121.1577276168871
    endloop
  endfacet
  facet normal -1.1182473736916267e-19 0.14673047445536055 -0.989176509964781
    outer loop
      vertex 86.1 -19.481757591693132 121.1577276168871
      vertex 86.1 -19.268196591982683 121.18940639867883
      vertex 91.1 -19.268196591982683 121.18940639867883
    endloop
  endfacet
  facet normal 6.860399868110808e-20 0.049067674327460446 -0.9987954562051702
    outer loop
      vertex 86.1 -19.268196591982683 121.18940639867883
      vertex 86.1 -19.05255888325765 121.2
      vertex 91.1 -19.05255888325765 121.2
    endloop
  endfacet
  facet normal -6.860399868110808e-20 -0.049067674327460446 -0.9987954562051702
    outer loop
      vertex 86.1 -19.05255888325765 121.2
      vertex 86.1 -18.836921174532616 121.18940639867883
      vertex 91.1 -18.836921174532616 121.18940639867883
    endloop
  endfacet
  facet normal 0 0.9891765099647813 0.14673047445535817
    outer loop
      vertex 86.1 -21.210286500144758 118.57080129156452
      vertex 91.1 -21.241965281936483 118.78436229127497
      vertex 91.1 -21.210286500144758 118.57080129156452
    endloop
  endfacet
  facet normal 0 0.9987954562051726 0.04906767432741282
    outer loop
      vertex 86.1 -21.241965281936483 118.78436229127497
      vertex 91.1 -21.25255888325765 119
      vertex 91.1 -21.241965281936483 118.78436229127497
    endloop
  endfacet
  facet normal 0 0.9987954562051726 -0.04906767432741282
    outer loop
      vertex 86.1 -21.25255888325765 119
      vertex 91.1 -21.241965281936483 119.21563770872503
      vertex 91.1 -21.25255888325765 119
    endloop
  endfacet
  facet normal 0 0.9891765099647813 -0.14673047445535817
    outer loop
      vertex 86.1 -21.241965281936483 119.21563770872503
      vertex 91.1 -21.210286500144758 119.42919870843548
      vertex 91.1 -21.241965281936483 119.21563770872503
    endloop
  endfacet
  facet normal 0 0.9700312531945443 -0.2429801799032624
    outer loop
      vertex 86.1 -21.210286500144758 119.42919870843548
      vertex 91.1 -21.15782762186851 119.63862628995982
      vertex 91.1 -21.210286500144758 119.42919870843548
    endloop
  endfacet
  facet normal 0 0.9415440651830247 -0.33688985339220895
    outer loop
      vertex 86.1 -21.15782762186851 119.63862628995982
      vertex 91.1 -21.08509385478248 119.8419035512032
      vertex 91.1 -21.15782762186851 119.63862628995982
    endloop
  endfacet
  facet normal 0 0.9039892931234321 -0.42755509343030607
    outer loop
      vertex 86.1 -21.08509385478248 119.8419035512032
      vertex 91.1 -20.99278566482403 120.03707282101719
      vertex 91.1 -21.08509385478248 119.8419035512032
    endloop
  endfacet
  facet normal 0 0.8577286100002738 -0.5141027441932191
    outer loop
      vertex 86.1 -20.99278566482403 120.03707282101719
      vertex 91.1 -20.88179203032325 120.22225451264312
      vertex 91.1 -20.99278566482403 120.03707282101719
    endloop
  endfacet
  facet normal 0 0.8032075314806453 -0.5956993044924328
    outer loop
      vertex 86.1 -20.88179203032325 120.22225451264312
      vertex 91.1 -20.75318188065567 120.39566522516002
      vertex 91.1 -20.88179203032325 120.22225451264312
    endloop
  endfacet
  facet normal 0 0.7409511253549772 -0.6715589548469982
    outer loop
      vertex 86.1 -20.75318188065567 120.39566522516002
      vertex 91.1 -20.608193801868055 120.55563491861041
      vertex 91.1 -20.75318188065567 120.39566522516002
    endloop
  endfacet
  facet normal 0 0.6715589548470237 -0.7409511253549542
    outer loop
      vertex 86.1 -20.608193801868055 120.55563491861041
      vertex 91.1 -20.44822410841767 120.70062299739803
      vertex 91.1 -20.608193801868055 120.55563491861041
    endloop
  endfacet
  facet normal 0 0.5956993044923983 -0.803207531480671
    outer loop
      vertex 86.1 -20.44822410841767 120.70062299739803
      vertex 91.1 -20.274813395900775 120.8292331470656
      vertex 91.1 -20.44822410841767 120.70062299739803
    endloop
  endfacet
  facet normal 0 0.5141027441932361 -0.8577286100002636
    outer loop
      vertex 86.1 -20.274813395900775 120.8292331470656
      vertex 91.1 -20.089631704274844 120.94022678156638
      vertex 91.1 -20.274813395900775 120.8292331470656
    endloop
  endfacet
  facet normal 0 0.42755509343026643 -0.9039892931234509
    outer loop
      vertex 86.1 -20.089631704274844 120.94022678156638
      vertex 91.1 -19.89446243446085 121.03253497152483
      vertex 91.1 -20.089631704274844 120.94022678156638
    endloop
  endfacet
  facet normal 0 0.3368898533922433 -0.9415440651830124
    outer loop
      vertex 86.1 -19.89446243446085 121.03253497152483
      vertex 91.1 -19.691185173217466 121.10526873861086
      vertex 91.1 -19.89446243446085 121.03253497152483
    endloop
  endfacet
  facet normal 0 0.24298017990323534 -0.9700312531945512
    outer loop
      vertex 86.1 -19.691185173217466 121.10526873861086
      vertex 91.1 -19.481757591693132 121.1577276168871
      vertex 91.1 -19.691185173217466 121.10526873861086
    endloop
  endfacet
  facet normal 0 0.14673047445536055 -0.989176509964781
    outer loop
      vertex 86.1 -19.481757591693132 121.1577276168871
      vertex 91.1 -19.268196591982683 121.18940639867883
      vertex 91.1 -19.481757591693132 121.1577276168871
    endloop
  endfacet
  facet normal 0 0.049067674327460446 -0.9987954562051702
    outer loop
      vertex 86.1 -19.268196591982683 121.18940639867883
      vertex 91.1 -19.05255888325765 121.2
      vertex 91.1 -19.268196591982683 121.18940639867883
    endloop
  endfacet
  facet normal 0 -0.049067674327460446 -0.9987954562051702
    outer loop
      vertex 86.1 -19.05255888325765 121.2
      vertex 91.1 -18.836921174532616 121.18940639867883
      vertex 91.1 -19.05255888325765 121.2
    endloop
  endfacet
  facet normal 0 -0.14673047445536055 -0.989176509964781
    outer loop
      vertex 86.1 -18.836921174532616 121.18940639867883
      vertex 91.1 -18.623360174822167 121.1577276168871
      vertex 91.1 -18.836921174532616 121.18940639867883
    endloop
  endfacet
  facet normal 7.779636209552203e-19 -0.5141027441932361 -0.8577286100002636
    outer loop
      vertex 86.1 -18.015486062240456 120.94022678156638
      vertex 86.1 -17.830304370614524 120.8292331470656
      vertex 91.1 -17.830304370614524 120.8292331470656
    endloop
  endfacet
  facet normal 1.2363691198240693e-19 -0.5956993044923983 -0.803207531480671
    outer loop
      vertex 86.1 -17.830304370614524 120.8292331470656
      vertex 86.1 -17.65689365809763 120.70062299739803
      vertex 91.1 -17.65689365809763 120.70062299739803
    endloop
  endfacet
  facet normal 1.6518801436336034e-19 -0.8032075314806453 -0.5956993044924328
    outer loop
      vertex 86.1 -17.35193588585963 120.39566522516002
      vertex 86.1 -17.22332573619205 120.22225451264312
      vertex 91.1 -17.22332573619205 120.22225451264312
    endloop
  endfacet
  facet normal 4.677049442898594e-19 -0.6715589548470237 -0.7409511253549542
    outer loop
      vertex 86.1 -17.65689365809763 120.70062299739803
      vertex 86.1 -17.496923964647245 120.55563491861041
      vertex 91.1 -17.496923964647245 120.55563491861041
    endloop
  endfacet
  facet normal 6.075416844733502e-20 -0.7409511253549772 -0.6715589548469982
    outer loop
      vertex 86.1 -17.496923964647245 120.55563491861041
      vertex 86.1 -17.35193588585963 120.39566522516002
      vertex 91.1 -17.35193588585963 120.39566522516002
    endloop
  endfacet
  facet normal 1.1182473736916267e-19 -0.14673047445536055 -0.989176509964781
    outer loop
      vertex 86.1 -18.836921174532616 121.18940639867883
      vertex 86.1 -18.623360174822167 121.1577276168871
      vertex 91.1 -18.623360174822167 121.1577276168871
    endloop
  endfacet
  facet normal -6.077855216722443e-19 -0.24298017990323534 -0.9700312531945512
    outer loop
      vertex 86.1 -18.623360174822167 121.1577276168871
      vertex 86.1 -18.413932593297833 121.10526873861086
      vertex 91.1 -18.413932593297833 121.10526873861086
    endloop
  endfacet
  facet normal 7.499862751443797e-19 -0.3368898533922433 -0.9415440651830124
    outer loop
      vertex 86.1 -18.413932593297833 121.10526873861086
      vertex 86.1 -18.21065533205445 121.03253497152483
      vertex 91.1 -18.21065533205445 121.03253497152483
    endloop
  endfacet
  facet normal 0 -0.42755509343026643 -0.9039892931234509
    outer loop
      vertex 86.1 -18.015486062240456 120.94022678156638
      vertex 91.1 -18.015486062240456 120.94022678156638
      vertex 86.1 -18.21065533205445 121.03253497152483
    endloop
  endfacet
  facet normal 0 -0.9891765099647813 0.14673047445535817
    outer loop
      vertex 86.1 -16.89483126637054 118.57080129156452
      vertex 91.1 -16.89483126637054 118.57080129156452
      vertex 86.1 -16.863152484578816 118.78436229127497
    endloop
  endfacet
  facet normal 0 -0.9987954562051726 0.04906767432741282
    outer loop
      vertex 86.1 -16.863152484578816 118.78436229127497
      vertex 91.1 -16.863152484578816 118.78436229127497
      vertex 86.1 -16.85255888325765 119
    endloop
  endfacet
  facet normal 0 -0.9987954562051726 -0.04906767432741282
    outer loop
      vertex 86.1 -16.85255888325765 119
      vertex 91.1 -16.85255888325765 119
      vertex 86.1 -16.863152484578816 119.21563770872503
    endloop
  endfacet
  facet normal 0 -0.9891765099647813 -0.14673047445535817
    outer loop
      vertex 86.1 -16.863152484578816 119.21563770872503
      vertex 91.1 -16.863152484578816 119.21563770872503
      vertex 86.1 -16.89483126637054 119.42919870843548
    endloop
  endfacet
  facet normal 0 -0.9700312531945443 -0.2429801799032624
    outer loop
      vertex 86.1 -16.89483126637054 119.42919870843548
      vertex 91.1 -16.89483126637054 119.42919870843548
      vertex 86.1 -16.94729014464679 119.63862628995982
    endloop
  endfacet
  facet normal 2.1149660349104148e-19 -0.9415440651830247 -0.33688985339220895
    outer loop
      vertex 86.1 -17.020023911732817 119.8419035512032
      vertex 86.1 -16.94729014464679 119.63862628995982
      vertex 91.1 -16.94729014464679 119.63862628995982
    endloop
  endfacet
  facet normal -7.007963924273209e-19 -0.9039892931234321 -0.42755509343030607
    outer loop
      vertex 86.1 -17.11233210169127 120.03707282101719
      vertex 86.1 -17.020023911732817 119.8419035512032
      vertex 91.1 -17.020023911732817 119.8419035512032
    endloop
  endfacet
  facet normal 0 -0.8577286100002738 -0.5141027441932191
    outer loop
      vertex 86.1 -17.11233210169127 120.03707282101719
      vertex 91.1 -17.11233210169127 120.03707282101719
      vertex 86.1 -17.22332573619205 120.22225451264312
    endloop
  endfacet
  facet normal 0 -0.5141027441932361 -0.8577286100002636
    outer loop
      vertex 86.1 -18.015486062240456 120.94022678156638
      vertex 91.1 -17.830304370614524 120.8292331470656
      vertex 91.1 -18.015486062240456 120.94022678156638
    endloop
  endfacet
  facet normal 0 -0.6715589548470237 -0.7409511253549542
    outer loop
      vertex 86.1 -17.65689365809763 120.70062299739803
      vertex 91.1 -17.496923964647245 120.55563491861041
      vertex 91.1 -17.65689365809763 120.70062299739803
    endloop
  endfacet
  facet normal 0 -0.5956993044923983 -0.803207531480671
    outer loop
      vertex 86.1 -17.830304370614524 120.8292331470656
      vertex 91.1 -17.65689365809763 120.70062299739803
      vertex 91.1 -17.830304370614524 120.8292331470656
    endloop
  endfacet
  facet normal 0 -0.8032075314806453 -0.5956993044924328
    outer loop
      vertex 86.1 -17.35193588585963 120.39566522516002
      vertex 91.1 -17.22332573619205 120.22225451264312
      vertex 91.1 -17.35193588585963 120.39566522516002
    endloop
  endfacet
  facet normal 0 -0.7409511253549772 -0.6715589548469982
    outer loop
      vertex 86.1 -17.496923964647245 120.55563491861041
      vertex 91.1 -17.35193588585963 120.39566522516002
      vertex 91.1 -17.496923964647245 120.55563491861041
    endloop
  endfacet
  facet normal 0 -0.24298017990323534 -0.9700312531945512
    outer loop
      vertex 86.1 -18.623360174822167 121.1577276168871
      vertex 91.1 -18.413932593297833 121.10526873861086
      vertex 91.1 -18.623360174822167 121.1577276168871
    endloop
  endfacet
  facet normal 0 -0.3368898533922433 -0.9415440651830124
    outer loop
      vertex 86.1 -18.413932593297833 121.10526873861086
      vertex 91.1 -18.21065533205445 121.03253497152483
      vertex 91.1 -18.413932593297833 121.10526873861086
    endloop
  endfacet
  facet normal 0 -0.42755509343026643 -0.9039892931234509
    outer loop
      vertex 86.1 -18.21065533205445 121.03253497152483
      vertex 91.1 -18.015486062240456 120.94022678156638
      vertex 91.1 -18.21065533205445 121.03253497152483
    endloop
  endfacet
  facet normal -5.955953058618411e-19 -0.9700312531945443 0.2429801799032624
    outer loop
      vertex 91.1 -16.94729014464679 118.36137371004018
      vertex 91.1 -16.89483126637054 118.57080129156452
      vertex 86.1 -16.89483126637054 118.57080129156452
    endloop
  endfacet
  facet normal 0 -0.9891765099647813 0.14673047445535817
    outer loop
      vertex 86.1 -16.863152484578816 118.78436229127497
      vertex 91.1 -16.89483126637054 118.57080129156452
      vertex 91.1 -16.863152484578816 118.78436229127497
    endloop
  endfacet
  facet normal 0 -0.9987954562051726 0.04906767432741282
    outer loop
      vertex 86.1 -16.85255888325765 119
      vertex 91.1 -16.863152484578816 118.78436229127497
      vertex 91.1 -16.85255888325765 119
    endloop
  endfacet
  facet normal 0 -0.9987954562051726 -0.04906767432741282
    outer loop
      vertex 86.1 -16.863152484578816 119.21563770872503
      vertex 91.1 -16.85255888325765 119
      vertex 91.1 -16.863152484578816 119.21563770872503
    endloop
  endfacet
  facet normal 0 -0.9891765099647813 -0.14673047445535817
    outer loop
      vertex 86.1 -16.89483126637054 119.42919870843548
      vertex 91.1 -16.863152484578816 119.21563770872503
      vertex 91.1 -16.89483126637054 119.42919870843548
    endloop
  endfacet
  facet normal 0 -0.9700312531945443 -0.2429801799032624
    outer loop
      vertex 86.1 -16.94729014464679 119.63862628995982
      vertex 91.1 -16.89483126637054 119.42919870843548
      vertex 91.1 -16.94729014464679 119.63862628995982
    endloop
  endfacet
  facet normal 0 -0.9415440651830247 -0.33688985339220895
    outer loop
      vertex 86.1 -17.020023911732817 119.8419035512032
      vertex 91.1 -16.94729014464679 119.63862628995982
      vertex 91.1 -17.020023911732817 119.8419035512032
    endloop
  endfacet
  facet normal 0 -0.9039892931234321 -0.42755509343030607
    outer loop
      vertex 86.1 -17.11233210169127 120.03707282101719
      vertex 91.1 -17.020023911732817 119.8419035512032
      vertex 91.1 -17.11233210169127 120.03707282101719
    endloop
  endfacet
  facet normal 0 -0.8577286100002738 -0.5141027441932191
    outer loop
      vertex 86.1 -17.22332573619205 120.22225451264312
      vertex 91.1 -17.11233210169127 120.03707282101719
      vertex 91.1 -17.22332573619205 120.22225451264312
    endloop
  endfacet
  facet normal 0 0.5956993044923954 0.8032075314806731
    outer loop
      vertex -91.1 -1.3956652251600201 128.29937700260197
      vertex -86.1 -1.3956652251600201 128.29937700260197
      vertex -91.1 -1.2222545126431248 128.1707668529344
    endloop
  endfacet
  facet normal 0 0.5141027441932882 0.8577286100002324
    outer loop
      vertex -91.1 -1.2222545126431248 128.1707668529344
      vertex -86.1 -1.2222545126431248 128.1707668529344
      vertex -91.1 -1.037072821017195 128.0597732184336
    endloop
  endfacet
  facet normal 0 0.42755509343020864 0.9039892931234781
    outer loop
      vertex -91.1 -1.037072821017195 128.0597732184336
      vertex -86.1 -1.037072821017195 128.0597732184336
      vertex -91.1 -0.8419035512031976 127.96746502847517
    endloop
  endfacet
  facet normal 0 0.3368898533922463 0.9415440651830114
    outer loop
      vertex -91.1 -0.8419035512031976 127.96746502847517
      vertex -86.1 -0.8419035512031976 127.96746502847517
      vertex -91.1 -0.6386262899598172 127.89473126138914
    endloop
  endfacet
  facet normal 0 0.24298017990323453 0.9700312531945513
    outer loop
      vertex -91.1 -0.6386262899598172 127.89473126138914
      vertex -86.1 -0.6386262899598172 127.89473126138914
      vertex -91.1 -0.4291987084354822 127.8422723831129
    endloop
  endfacet
  facet normal 0 0.14673047445536055 0.989176509964781
    outer loop
      vertex -91.1 -0.4291987084354822 127.8422723831129
      vertex -86.1 -0.4291987084354822 127.8422723831129
      vertex -91.1 -0.21563770872503335 127.81059360132117
    endloop
  endfacet
  facet normal 0 0.04906767432746046 0.9987954562051702
    outer loop
      vertex -91.1 -0.21563770872503335 127.81059360132117
      vertex -86.1 -0.21563770872503335 127.81059360132117
      vertex -91.1 0 127.8
    endloop
  endfacet
  facet normal 0 0.6715589548470613 0.74095112535492
    outer loop
      vertex -91.1 -1.3956652251600201 128.29937700260197
      vertex -86.1 -1.5556349186104048 128.4443650813896
      vertex -86.1 -1.3956652251600201 128.29937700260197
    endloop
  endfacet
  facet normal 0 0.5956993044923954 0.8032075314806731
    outer loop
      vertex -91.1 -1.2222545126431248 128.1707668529344
      vertex -86.1 -1.3956652251600201 128.29937700260197
      vertex -86.1 -1.2222545126431248 128.1707668529344
    endloop
  endfacet
  facet normal 0 0.5141027441932882 0.8577286100002324
    outer loop
      vertex -91.1 -1.037072821017195 128.0597732184336
      vertex -86.1 -1.2222545126431248 128.1707668529344
      vertex -86.1 -1.037072821017195 128.0597732184336
    endloop
  endfacet
  facet normal 0 0.42755509343020864 0.9039892931234781
    outer loop
      vertex -91.1 -0.8419035512031976 127.96746502847517
      vertex -86.1 -1.037072821017195 128.0597732184336
      vertex -86.1 -0.8419035512031976 127.96746502847517
    endloop
  endfacet
  facet normal 0 0.3368898533922463 0.9415440651830114
    outer loop
      vertex -91.1 -0.6386262899598172 127.89473126138914
      vertex -86.1 -0.8419035512031976 127.96746502847517
      vertex -86.1 -0.6386262899598172 127.89473126138914
    endloop
  endfacet
  facet normal 0 0.24298017990323453 0.9700312531945513
    outer loop
      vertex -91.1 -0.4291987084354822 127.8422723831129
      vertex -86.1 -0.6386262899598172 127.89473126138914
      vertex -86.1 -0.4291987084354822 127.8422723831129
    endloop
  endfacet
  facet normal 0 0.14673047445536055 0.989176509964781
    outer loop
      vertex -91.1 -0.21563770872503335 127.81059360132117
      vertex -86.1 -0.4291987084354822 127.8422723831129
      vertex -86.1 -0.21563770872503335 127.81059360132117
    endloop
  endfacet
  facet normal 7.44101122524188e-20 0.04906767432746046 0.9987954562051702
    outer loop
      vertex -86.1 -0.21563770872503335 127.81059360132117
      vertex -86.1 0 127.8
      vertex -91.1 0 127.8
    endloop
  endfacet
  facet normal 0 0.9415440651830085 0.33688985339225436
    outer loop
      vertex -91.1 -2.1052687386108597 129.36137371004017
      vertex -86.1 -2.1052687386108597 129.36137371004017
      vertex -91.1 -2.032534971524831 129.1580964487968
    endloop
  endfacet
  facet normal 3.458379014598932e-20 0.9039892931234595 0.42755509343024756
    outer loop
      vertex -91.1 -1.9402267815663812 128.9629271789828
      vertex -91.1 -2.032534971524831 129.1580964487968
      vertex -86.1 -2.032534971524831 129.1580964487968
    endloop
  endfacet
  facet normal 0 0.9700312531945487 0.24298017990324494
    outer loop
      vertex -91.1 -2.157727616887107 129.57080129156452
      vertex -86.1 -2.157727616887107 129.57080129156452
      vertex -91.1 -2.1052687386108597 129.36137371004017
    endloop
  endfacet
  facet normal 0 0.8577286100002697 0.5141027441932259
    outer loop
      vertex -91.1 -1.9402267815663812 128.9629271789828
      vertex -86.1 -1.9402267815663812 128.9629271789828
      vertex -91.1 -1.8292331470655996 128.77774548735687
    endloop
  endfacet
  facet normal 0 0.8032075314806493 0.5956993044924276
    outer loop
      vertex -91.1 -1.8292331470655996 128.77774548735687
      vertex -86.1 -1.8292331470655996 128.77774548735687
      vertex -91.1 -1.7006229973980216 128.60433477483997
    endloop
  endfacet
  facet normal 0 0.7409511253549164 0.6715589548470654
    outer loop
      vertex -91.1 -1.7006229973980216 128.60433477483997
      vertex -86.1 -1.7006229973980216 128.60433477483997
      vertex -91.1 -1.5556349186104048 128.4443650813896
    endloop
  endfacet
  facet normal 0 0.9891765099647799 0.14673047445536974
    outer loop
      vertex -91.1 -2.1894063986788335 129.78436229127496
      vertex -86.1 -2.1894063986788335 129.78436229127496
      vertex -91.1 -2.157727616887107 129.57080129156452
    endloop
  endfacet
  facet normal 1.3537249639654998e-19 0.9987954562051725 0.049067674327415746
    outer loop
      vertex -91.1 -2.1894063986788335 129.78436229127496
      vertex -91.1 -2.2 130
      vertex -86.1 -2.2 130
    endloop
  endfacet
  facet normal -1.3537249639654998e-19 0.9987954562051725 -0.049067674327415746
    outer loop
      vertex -91.1 -2.2 130
      vertex -91.1 -2.1894063986788335 130.21563770872504
      vertex -86.1 -2.1894063986788335 130.21563770872504
    endloop
  endfacet
  facet normal -5.207603664610817e-20 0.9891765099647799 -0.14673047445536974
    outer loop
      vertex -91.1 -2.1894063986788335 130.21563770872504
      vertex -91.1 -2.157727616887107 130.42919870843548
      vertex -86.1 -2.157727616887107 130.42919870843548
    endloop
  endfacet
  facet normal -3.8721747771710747e-19 0.9700312531945487 -0.24298017990324494
    outer loop
      vertex -91.1 -2.157727616887107 130.42919870843548
      vertex -91.1 -2.1052687386108597 130.63862628995983
      vertex -86.1 -2.1052687386108597 130.63862628995983
    endloop
  endfacet
  facet normal 4.44021632561949e-19 0.9415440651830085 -0.33688985339225436
    outer loop
      vertex -91.1 -2.1052687386108597 130.63862628995983
      vertex -91.1 -2.032534971524831 130.8419035512032
      vertex -86.1 -2.032534971524831 130.8419035512032
    endloop
  endfacet
  facet normal -3.458379014598932e-20 0.9039892931234595 -0.42755509343024756
    outer loop
      vertex -91.1 -2.032534971524831 130.8419035512032
      vertex -91.1 -1.9402267815663812 131.0370728210172
      vertex -86.1 -1.9402267815663812 131.0370728210172
    endloop
  endfacet
  facet normal -1.5651675889531384e-18 0.8577286100002697 -0.5141027441932259
    outer loop
      vertex -91.1 -1.9402267815663812 131.0370728210172
      vertex -91.1 -1.8292331470655996 131.22225451264313
      vertex -86.1 -1.8292331470655996 131.22225451264313
    endloop
  endfacet
  facet normal 5.216866387408621e-19 0.8032075314806493 -0.5956993044924276
    outer loop
      vertex -91.1 -1.8292331470655996 131.22225451264313
      vertex -91.1 -1.7006229973980216 131.39566522516003
      vertex -86.1 -1.7006229973980216 131.39566522516003
    endloop
  endfacet
  facet normal -1.5126053973786237e-19 0.7409511253549164 -0.6715589548470654
    outer loop
      vertex -91.1 -1.7006229973980216 131.39566522516003
      vertex -91.1 -1.5556349186104048 131.5556349186104
      vertex -86.1 -1.5556349186104048 131.5556349186104
    endloop
  endfacet
  facet normal -8.119484612345691e-19 0.6715589548470613 0.74095112535492
    outer loop
      vertex -91.1 -1.3956652251600201 128.29937700260197
      vertex -91.1 -1.5556349186104048 128.4443650813896
      vertex -86.1 -1.5556349186104048 128.4443650813896
    endloop
  endfacet
  facet normal 8.119484612345691e-19 0.6715589548470613 -0.74095112535492
    outer loop
      vertex -91.1 -1.5556349186104048 131.5556349186104
      vertex -91.1 -1.3956652251600201 131.70062299739803
      vertex -86.1 -1.3956652251600201 131.70062299739803
    endloop
  endfacet
  facet normal 1.117912369741409e-18 0.5956993044923954 -0.8032075314806731
    outer loop
      vertex -91.1 -1.3956652251600201 131.70062299739803
      vertex -91.1 -1.2222545126431248 131.8292331470656
      vertex -86.1 -1.2222545126431248 131.8292331470656
    endloop
  endfacet
  facet normal 1.3929717700907867e-18 0.5141027441932882 -0.8577286100002324
    outer loop
      vertex -91.1 -1.2222545126431248 131.8292331470656
      vertex -91.1 -1.037072821017195 131.9402267815664
      vertex -86.1 -1.037072821017195 131.9402267815664
    endloop
  endfacet
  facet normal 7.150049486697336e-19 0.42755509343020864 -0.9039892931234781
    outer loop
      vertex -91.1 -1.037072821017195 131.9402267815664
      vertex -91.1 -0.8419035512031976 132.03253497152483
      vertex -86.1 -0.8419035512031976 132.03253497152483
    endloop
  endfacet
  facet normal 7.9814583620314175e-19 0.33688985339218797 -0.9415440651830324
    outer loop
      vertex -91.1 -0.8419035512031976 132.03253497152483
      vertex -91.1 -0.6386262899598172 132.10526873861085
      vertex -86.1 -0.6386262899598172 132.10526873861085
    endloop
  endfacet
  facet normal 7.433975582178339e-19 0.24298017990335838 -0.9700312531945202
    outer loop
      vertex -91.1 -0.6386262899598172 132.10526873861085
      vertex -91.1 -0.4291987084354822 132.15772761688712
      vertex -86.1 -0.4291987084354822 132.15772761688712
    endloop
  endfacet
  facet normal -1.1182473736916267e-19 0.14673047445536055 -0.989176509964781
    outer loop
      vertex -91.1 -0.4291987084354822 132.15772761688712
      vertex -91.1 -0.21563770872503335 132.18940639867884
      vertex -86.1 -0.21563770872503335 132.18940639867884
    endloop
  endfacet
  facet normal -8.761913718016218e-20 0.049067674327329135 -0.9987954562051768
    outer loop
      vertex -91.1 -0.21563770872503335 132.18940639867884
      vertex -91.1 0 132.2
      vertex -86.1 0 132.2
    endloop
  endfacet
  facet normal 0 0.9415440651830085 0.33688985339225436
    outer loop
      vertex -91.1 -2.032534971524831 129.1580964487968
      vertex -86.1 -2.1052687386108597 129.36137371004017
      vertex -86.1 -2.032534971524831 129.1580964487968
    endloop
  endfacet
  facet normal 0 0.9039892931234595 0.42755509343024756
    outer loop
      vertex -91.1 -1.9402267815663812 128.9629271789828
      vertex -86.1 -2.032534971524831 129.1580964487968
      vertex -86.1 -1.9402267815663812 128.9629271789828
    endloop
  endfacet
  facet normal 0 0.9700312531945487 0.24298017990324494
    outer loop
      vertex -91.1 -2.1052687386108597 129.36137371004017
      vertex -86.1 -2.157727616887107 129.57080129156452
      vertex -86.1 -2.1052687386108597 129.36137371004017
    endloop
  endfacet
  facet normal 0 0.8577286100002697 0.5141027441932259
    outer loop
      vertex -91.1 -1.8292331470655996 128.77774548735687
      vertex -86.1 -1.9402267815663812 128.9629271789828
      vertex -86.1 -1.8292331470655996 128.77774548735687
    endloop
  endfacet
  facet normal 0 0.8032075314806493 0.5956993044924276
    outer loop
      vertex -91.1 -1.7006229973980216 128.60433477483997
      vertex -86.1 -1.8292331470655996 128.77774548735687
      vertex -86.1 -1.7006229973980216 128.60433477483997
    endloop
  endfacet
  facet normal 0 0.7409511253549164 0.6715589548470654
    outer loop
      vertex -91.1 -1.5556349186104048 128.4443650813896
      vertex -86.1 -1.7006229973980216 128.60433477483997
      vertex -86.1 -1.5556349186104048 128.4443650813896
    endloop
  endfacet
  facet normal 5.207603664610817e-20 0.9891765099647799 0.14673047445536974
    outer loop
      vertex -86.1 -2.1894063986788335 129.78436229127496
      vertex -86.1 -2.157727616887107 129.57080129156452
      vertex -91.1 -2.157727616887107 129.57080129156452
    endloop
  endfacet
  facet normal 0 0.9987954562051725 0.049067674327415746
    outer loop
      vertex -91.1 -2.1894063986788335 129.78436229127496
      vertex -86.1 -2.2 130
      vertex -86.1 -2.1894063986788335 129.78436229127496
    endloop
  endfacet
  facet normal 0 0.9987954562051725 -0.049067674327415746
    outer loop
      vertex -91.1 -2.2 130
      vertex -86.1 -2.1894063986788335 130.21563770872504
      vertex -86.1 -2.2 130
    endloop
  endfacet
  facet normal 0 0.9891765099647799 -0.14673047445536974
    outer loop
      vertex -91.1 -2.1894063986788335 130.21563770872504
      vertex -86.1 -2.157727616887107 130.42919870843548
      vertex -86.1 -2.1894063986788335 130.21563770872504
    endloop
  endfacet
  facet normal 0 0.9700312531945487 -0.24298017990324494
    outer loop
      vertex -91.1 -2.157727616887107 130.42919870843548
      vertex -86.1 -2.1052687386108597 130.63862628995983
      vertex -86.1 -2.157727616887107 130.42919870843548
    endloop
  endfacet
  facet normal 0 0.9415440651830085 -0.33688985339225436
    outer loop
      vertex -91.1 -2.1052687386108597 130.63862628995983
      vertex -86.1 -2.032534971524831 130.8419035512032
      vertex -86.1 -2.1052687386108597 130.63862628995983
    endloop
  endfacet
  facet normal 0 0.9039892931234595 -0.42755509343024756
    outer loop
      vertex -91.1 -2.032534971524831 130.8419035512032
      vertex -86.1 -1.9402267815663812 131.0370728210172
      vertex -86.1 -2.032534971524831 130.8419035512032
    endloop
  endfacet
  facet normal 0 0.8577286100002697 -0.5141027441932259
    outer loop
      vertex -91.1 -1.9402267815663812 131.0370728210172
      vertex -86.1 -1.8292331470655996 131.22225451264313
      vertex -86.1 -1.9402267815663812 131.0370728210172
    endloop
  endfacet
  facet normal 0 0.8032075314806493 -0.5956993044924276
    outer loop
      vertex -91.1 -1.8292331470655996 131.22225451264313
      vertex -86.1 -1.7006229973980216 131.39566522516003
      vertex -86.1 -1.8292331470655996 131.22225451264313
    endloop
  endfacet
  facet normal 0 0.7409511253549164 -0.6715589548470654
    outer loop
      vertex -91.1 -1.7006229973980216 131.39566522516003
      vertex -86.1 -1.5556349186104048 131.5556349186104
      vertex -86.1 -1.7006229973980216 131.39566522516003
    endloop
  endfacet
  facet normal 0 0.6715589548470613 -0.74095112535492
    outer loop
      vertex -91.1 -1.5556349186104048 131.5556349186104
      vertex -86.1 -1.3956652251600201 131.70062299739803
      vertex -86.1 -1.5556349186104048 131.5556349186104
    endloop
  endfacet
  facet normal 0 0.5956993044923954 -0.8032075314806731
    outer loop
      vertex -91.1 -1.3956652251600201 131.70062299739803
      vertex -86.1 -1.2222545126431248 131.8292331470656
      vertex -86.1 -1.3956652251600201 131.70062299739803
    endloop
  endfacet
  facet normal 0 0.5141027441932882 -0.8577286100002324
    outer loop
      vertex -91.1 -1.2222545126431248 131.8292331470656
      vertex -86.1 -1.037072821017195 131.9402267815664
      vertex -86.1 -1.2222545126431248 131.8292331470656
    endloop
  endfacet
  facet normal 0 0.42755509343020864 -0.9039892931234781
    outer loop
      vertex -91.1 -1.037072821017195 131.9402267815664
      vertex -86.1 -0.8419035512031976 132.03253497152483
      vertex -86.1 -1.037072821017195 131.9402267815664
    endloop
  endfacet
  facet normal 0 0.33688985339218797 -0.9415440651830324
    outer loop
      vertex -91.1 -0.8419035512031976 132.03253497152483
      vertex -86.1 -0.6386262899598172 132.10526873861085
      vertex -86.1 -0.8419035512031976 132.03253497152483
    endloop
  endfacet
  facet normal 0 0.24298017990335838 -0.9700312531945202
    outer loop
      vertex -91.1 -0.6386262899598172 132.10526873861085
      vertex -86.1 -0.4291987084354822 132.15772761688712
      vertex -86.1 -0.6386262899598172 132.10526873861085
    endloop
  endfacet
  facet normal 0 0.14673047445536055 -0.989176509964781
    outer loop
      vertex -91.1 -0.4291987084354822 132.15772761688712
      vertex -86.1 -0.21563770872503335 132.18940639867884
      vertex -86.1 -0.4291987084354822 132.15772761688712
    endloop
  endfacet
  facet normal 0 0.049067674327329135 -0.9987954562051768
    outer loop
      vertex -91.1 -0.21563770872503335 132.18940639867884
      vertex -86.1 0 132.2
      vertex -86.1 -0.21563770872503335 132.18940639867884
    endloop
  endfacet
  facet normal 0 -0.04906767432746046 0.9987954562051702
    outer loop
      vertex -91.1 0 127.8
      vertex -86.1 0 127.8
      vertex -91.1 0.21563770872503335 127.81059360132117
    endloop
  endfacet
  facet normal 0 -0.14673047445536055 0.989176509964781
    outer loop
      vertex -91.1 0.21563770872503335 127.81059360132117
      vertex -86.1 0.21563770872503335 127.81059360132117
      vertex -91.1 0.4291987084354822 127.8422723831129
    endloop
  endfacet
  facet normal 0 -0.24298017990323453 0.9700312531945513
    outer loop
      vertex -91.1 0.4291987084354822 127.8422723831129
      vertex -86.1 0.4291987084354822 127.8422723831129
      vertex -91.1 0.6386262899598172 127.89473126138914
    endloop
  endfacet
  facet normal 0 -0.3368898533922463 0.9415440651830114
    outer loop
      vertex -91.1 0.6386262899598172 127.89473126138914
      vertex -86.1 0.6386262899598172 127.89473126138914
      vertex -91.1 0.8419035512031976 127.96746502847517
    endloop
  endfacet
  facet normal 0 -0.42755509343020864 0.9039892931234781
    outer loop
      vertex -91.1 0.8419035512031976 127.96746502847517
      vertex -86.1 0.8419035512031976 127.96746502847517
      vertex -91.1 1.037072821017195 128.0597732184336
    endloop
  endfacet
  facet normal 0 -0.5141027441932882 0.8577286100002324
    outer loop
      vertex -91.1 1.037072821017195 128.0597732184336
      vertex -86.1 1.037072821017195 128.0597732184336
      vertex -91.1 1.2222545126431248 128.1707668529344
    endloop
  endfacet
  facet normal 0 -0.5956993044923954 0.8032075314806731
    outer loop
      vertex -91.1 1.2222545126431248 128.1707668529344
      vertex -86.1 1.2222545126431248 128.1707668529344
      vertex -91.1 1.3956652251600201 128.29937700260197
    endloop
  endfacet
  facet normal 0 -0.6715589548470613 0.74095112535492
    outer loop
      vertex -91.1 1.3956652251600201 128.29937700260197
      vertex -86.1 1.3956652251600201 128.29937700260197
      vertex -91.1 1.5556349186104048 128.4443650813896
    endloop
  endfacet
  facet normal 0 -0.04906767432746046 0.9987954562051702
    outer loop
      vertex -91.1 0.21563770872503335 127.81059360132117
      vertex -86.1 0 127.8
      vertex -86.1 0.21563770872503335 127.81059360132117
    endloop
  endfacet
  facet normal 0 -0.14673047445536055 0.989176509964781
    outer loop
      vertex -91.1 0.4291987084354822 127.8422723831129
      vertex -86.1 0.21563770872503335 127.81059360132117
      vertex -86.1 0.4291987084354822 127.8422723831129
    endloop
  endfacet
  facet normal 0 -0.24298017990323453 0.9700312531945513
    outer loop
      vertex -91.1 0.6386262899598172 127.89473126138914
      vertex -86.1 0.4291987084354822 127.8422723831129
      vertex -86.1 0.6386262899598172 127.89473126138914
    endloop
  endfacet
  facet normal 0 -0.3368898533922463 0.9415440651830114
    outer loop
      vertex -91.1 0.8419035512031976 127.96746502847517
      vertex -86.1 0.6386262899598172 127.89473126138914
      vertex -86.1 0.8419035512031976 127.96746502847517
    endloop
  endfacet
  facet normal 0 -0.42755509343020864 0.9039892931234781
    outer loop
      vertex -91.1 1.037072821017195 128.0597732184336
      vertex -86.1 0.8419035512031976 127.96746502847517
      vertex -86.1 1.037072821017195 128.0597732184336
    endloop
  endfacet
  facet normal 0 -0.5141027441932882 0.8577286100002324
    outer loop
      vertex -91.1 1.2222545126431248 128.1707668529344
      vertex -86.1 1.037072821017195 128.0597732184336
      vertex -86.1 1.2222545126431248 128.1707668529344
    endloop
  endfacet
  facet normal 0 -0.5956993044923954 0.8032075314806731
    outer loop
      vertex -91.1 1.3956652251600201 128.29937700260197
      vertex -86.1 1.2222545126431248 128.1707668529344
      vertex -86.1 1.3956652251600201 128.29937700260197
    endloop
  endfacet
  facet normal 0 -0.33688985339218797 -0.9415440651830324
    outer loop
      vertex -91.1 0.8419035512031976 132.03253497152483
      vertex -86.1 0.8419035512031976 132.03253497152483
      vertex -91.1 0.6386262899598172 132.10526873861085
    endloop
  endfacet
  facet normal 8.761913718016218e-20 -0.049067674327329135 -0.9987954562051768
    outer loop
      vertex -91.1 0 132.2
      vertex -91.1 0.21563770872503335 132.18940639867884
      vertex -86.1 0.21563770872503335 132.18940639867884
    endloop
  endfacet
  facet normal 1.1182473736916267e-19 -0.14673047445536055 -0.989176509964781
    outer loop
      vertex -91.1 0.21563770872503335 132.18940639867884
      vertex -91.1 0.4291987084354822 132.15772761688712
      vertex -86.1 0.4291987084354822 132.15772761688712
    endloop
  endfacet
  facet normal -7.433975582178339e-19 -0.24298017990335838 -0.9700312531945202
    outer loop
      vertex -91.1 0.4291987084354822 132.15772761688712
      vertex -91.1 0.6386262899598172 132.10526873861085
      vertex -86.1 0.6386262899598172 132.10526873861085
    endloop
  endfacet
  facet normal -7.150049486697336e-19 -0.42755509343020864 -0.9039892931234781
    outer loop
      vertex -91.1 0.8419035512031976 132.03253497152483
      vertex -91.1 1.037072821017195 131.9402267815664
      vertex -86.1 1.037072821017195 131.9402267815664
    endloop
  endfacet
  facet normal -1.3929717700907867e-18 -0.5141027441932882 -0.8577286100002324
    outer loop
      vertex -91.1 1.037072821017195 131.9402267815664
      vertex -91.1 1.2222545126431248 131.8292331470656
      vertex -86.1 1.2222545126431248 131.8292331470656
    endloop
  endfacet
  facet normal -1.117912369741409e-18 -0.5956993044923954 -0.8032075314806731
    outer loop
      vertex -91.1 1.2222545126431248 131.8292331470656
      vertex -91.1 1.3956652251600201 131.70062299739803
      vertex -86.1 1.3956652251600201 131.70062299739803
    endloop
  endfacet
  facet normal -8.119484612345691e-19 -0.6715589548470613 -0.74095112535492
    outer loop
      vertex -91.1 1.3956652251600201 131.70062299739803
      vertex -91.1 1.5556349186104048 131.5556349186104
      vertex -86.1 1.5556349186104048 131.5556349186104
    endloop
  endfacet
  facet normal 0 -0.7409511253549164 0.6715589548470654
    outer loop
      vertex -91.1 1.5556349186104048 128.4443650813896
      vertex -86.1 1.5556349186104048 128.4443650813896
      vertex -91.1 1.7006229973980216 128.60433477483997
    endloop
  endfacet
  facet normal 0 -0.8032075314806493 0.5956993044924276
    outer loop
      vertex -91.1 1.7006229973980216 128.60433477483997
      vertex -86.1 1.7006229973980216 128.60433477483997
      vertex -91.1 1.8292331470655996 128.77774548735687
    endloop
  endfacet
  facet normal 0 -0.8577286100002697 0.5141027441932259
    outer loop
      vertex -91.1 1.8292331470655996 128.77774548735687
      vertex -86.1 1.8292331470655996 128.77774548735687
      vertex -91.1 1.9402267815663812 128.9629271789828
    endloop
  endfacet
  facet normal 0 -0.9039892931234595 0.42755509343024756
    outer loop
      vertex -91.1 1.9402267815663812 128.9629271789828
      vertex -86.1 1.9402267815663812 128.9629271789828
      vertex -91.1 2.032534971524831 129.1580964487968
    endloop
  endfacet
  facet normal 0 -0.9415440651830085 0.33688985339225436
    outer loop
      vertex -91.1 2.032534971524831 129.1580964487968
      vertex -86.1 2.032534971524831 129.1580964487968
      vertex -91.1 2.1052687386108597 129.36137371004017
    endloop
  endfacet
  facet normal 0 -0.9700312531945487 0.24298017990324494
    outer loop
      vertex -91.1 2.1052687386108597 129.36137371004017
      vertex -86.1 2.1052687386108597 129.36137371004017
      vertex -91.1 2.157727616887107 129.57080129156452
    endloop
  endfacet
  facet normal 0 -0.9891765099647799 0.14673047445536974
    outer loop
      vertex -91.1 2.157727616887107 129.57080129156452
      vertex -86.1 2.157727616887107 129.57080129156452
      vertex -91.1 2.1894063986788335 129.78436229127496
    endloop
  endfacet
  facet normal 0 -0.9987954562051725 0.049067674327415746
    outer loop
      vertex -91.1 2.1894063986788335 129.78436229127496
      vertex -86.1 2.1894063986788335 129.78436229127496
      vertex -91.1 2.2 130
    endloop
  endfacet
  facet normal 0 -0.9987954562051725 -0.049067674327415746
    outer loop
      vertex -91.1 2.2 130
      vertex -86.1 2.2 130
      vertex -91.1 2.1894063986788335 130.21563770872504
    endloop
  endfacet
  facet normal 0 -0.9700312531945487 -0.24298017990324494
    outer loop
      vertex -91.1 2.157727616887107 130.42919870843548
      vertex -86.1 2.157727616887107 130.42919870843548
      vertex -91.1 2.1052687386108597 130.63862628995983
    endloop
  endfacet
  facet normal -4.44021632561949e-19 -0.9415440651830085 -0.33688985339225436
    outer loop
      vertex -91.1 2.032534971524831 130.8419035512032
      vertex -91.1 2.1052687386108597 130.63862628995983
      vertex -86.1 2.1052687386108597 130.63862628995983
    endloop
  endfacet
  facet normal 5.207603664610817e-20 -0.9891765099647799 -0.14673047445536974
    outer loop
      vertex -91.1 2.157727616887107 130.42919870843548
      vertex -91.1 2.1894063986788335 130.21563770872504
      vertex -86.1 2.1894063986788335 130.21563770872504
    endloop
  endfacet
  facet normal 1.5126053973786237e-19 -0.7409511253549164 -0.6715589548470654
    outer loop
      vertex -91.1 1.5556349186104048 131.5556349186104
      vertex -91.1 1.7006229973980216 131.39566522516003
      vertex -86.1 1.7006229973980216 131.39566522516003
    endloop
  endfacet
  facet normal 1.5651675889531384e-18 -0.8577286100002697 -0.5141027441932259
    outer loop
      vertex -91.1 1.8292331470655996 131.22225451264313
      vertex -91.1 1.9402267815663812 131.0370728210172
      vertex -86.1 1.9402267815663812 131.0370728210172
    endloop
  endfacet
  facet normal -5.216866387408621e-19 -0.8032075314806493 -0.5956993044924276
    outer loop
      vertex -91.1 1.7006229973980216 131.39566522516003
      vertex -91.1 1.8292331470655996 131.22225451264313
      vertex -86.1 1.8292331470655996 131.22225451264313
    endloop
  endfacet
  facet normal 0 -0.9039892931234595 -0.42755509343024756
    outer loop
      vertex -91.1 2.032534971524831 130.8419035512032
      vertex -86.1 2.032534971524831 130.8419035512032
      vertex -91.1 1.9402267815663812 131.0370728210172
    endloop
  endfacet
  facet normal 8.119484612345691e-19 -0.6715589548470613 0.74095112535492
    outer loop
      vertex -86.1 1.3956652251600201 128.29937700260197
      vertex -86.1 1.5556349186104048 128.4443650813896
      vertex -91.1 1.5556349186104048 128.4443650813896
    endloop
  endfacet
  facet normal 0 -0.049067674327329135 -0.9987954562051768
    outer loop
      vertex -91.1 0 132.2
      vertex -86.1 0.21563770872503335 132.18940639867884
      vertex -86.1 0 132.2
    endloop
  endfacet
  facet normal 0 -0.14673047445536055 -0.989176509964781
    outer loop
      vertex -91.1 0.21563770872503335 132.18940639867884
      vertex -86.1 0.4291987084354822 132.15772761688712
      vertex -86.1 0.21563770872503335 132.18940639867884
    endloop
  endfacet
  facet normal 0 -0.24298017990335838 -0.9700312531945202
    outer loop
      vertex -91.1 0.4291987084354822 132.15772761688712
      vertex -86.1 0.6386262899598172 132.10526873861085
      vertex -86.1 0.4291987084354822 132.15772761688712
    endloop
  endfacet
  facet normal 0 -0.33688985339218797 -0.9415440651830324
    outer loop
      vertex -91.1 0.6386262899598172 132.10526873861085
      vertex -86.1 0.8419035512031976 132.03253497152483
      vertex -86.1 0.6386262899598172 132.10526873861085
    endloop
  endfacet
  facet normal 0 -0.42755509343020864 -0.9039892931234781
    outer loop
      vertex -91.1 0.8419035512031976 132.03253497152483
      vertex -86.1 1.037072821017195 131.9402267815664
      vertex -86.1 0.8419035512031976 132.03253497152483
    endloop
  endfacet
  facet normal 0 -0.5141027441932882 -0.8577286100002324
    outer loop
      vertex -91.1 1.037072821017195 131.9402267815664
      vertex -86.1 1.2222545126431248 131.8292331470656
      vertex -86.1 1.037072821017195 131.9402267815664
    endloop
  endfacet
  facet normal 0 -0.5956993044923954 -0.8032075314806731
    outer loop
      vertex -91.1 1.2222545126431248 131.8292331470656
      vertex -86.1 1.3956652251600201 131.70062299739803
      vertex -86.1 1.2222545126431248 131.8292331470656
    endloop
  endfacet
  facet normal 0 -0.6715589548470613 -0.74095112535492
    outer loop
      vertex -91.1 1.3956652251600201 131.70062299739803
      vertex -86.1 1.5556349186104048 131.5556349186104
      vertex -86.1 1.3956652251600201 131.70062299739803
    endloop
  endfacet
  facet normal 0 -0.7409511253549164 0.6715589548470654
    outer loop
      vertex -91.1 1.7006229973980216 128.60433477483997
      vertex -86.1 1.5556349186104048 128.4443650813896
      vertex -86.1 1.7006229973980216 128.60433477483997
    endloop
  endfacet
  facet normal 0 -0.8032075314806493 0.5956993044924276
    outer loop
      vertex -91.1 1.8292331470655996 128.77774548735687
      vertex -86.1 1.7006229973980216 128.60433477483997
      vertex -86.1 1.8292331470655996 128.77774548735687
    endloop
  endfacet
  facet normal 0 -0.8577286100002697 0.5141027441932259
    outer loop
      vertex -91.1 1.9402267815663812 128.9629271789828
      vertex -86.1 1.8292331470655996 128.77774548735687
      vertex -86.1 1.9402267815663812 128.9629271789828
    endloop
  endfacet
  facet normal 0 -0.9039892931234595 0.42755509343024756
    outer loop
      vertex -91.1 2.032534971524831 129.1580964487968
      vertex -86.1 1.9402267815663812 128.9629271789828
      vertex -86.1 2.032534971524831 129.1580964487968
    endloop
  endfacet
  facet normal 0 -0.9415440651830085 0.33688985339225436
    outer loop
      vertex -91.1 2.1052687386108597 129.36137371004017
      vertex -86.1 2.032534971524831 129.1580964487968
      vertex -86.1 2.1052687386108597 129.36137371004017
    endloop
  endfacet
  facet normal 0 -0.9700312531945487 0.24298017990324494
    outer loop
      vertex -91.1 2.157727616887107 129.57080129156452
      vertex -86.1 2.1052687386108597 129.36137371004017
      vertex -86.1 2.157727616887107 129.57080129156452
    endloop
  endfacet
  facet normal -5.207603664610817e-20 -0.9891765099647799 0.14673047445536974
    outer loop
      vertex -86.1 2.157727616887107 129.57080129156452
      vertex -86.1 2.1894063986788335 129.78436229127496
      vertex -91.1 2.1894063986788335 129.78436229127496
    endloop
  endfacet
  facet normal 0 -0.9987954562051725 0.049067674327415746
    outer loop
      vertex -91.1 2.2 130
      vertex -86.1 2.1894063986788335 129.78436229127496
      vertex -86.1 2.2 130
    endloop
  endfacet
  facet normal 0 -0.9987954562051725 -0.049067674327415746
    outer loop
      vertex -91.1 2.1894063986788335 130.21563770872504
      vertex -86.1 2.2 130
      vertex -86.1 2.1894063986788335 130.21563770872504
    endloop
  endfacet
  facet normal 0 -0.9700312531945487 -0.24298017990324494
    outer loop
      vertex -91.1 2.1052687386108597 130.63862628995983
      vertex -86.1 2.157727616887107 130.42919870843548
      vertex -86.1 2.1052687386108597 130.63862628995983
    endloop
  endfacet
  facet normal 0 -0.9415440651830085 -0.33688985339225436
    outer loop
      vertex -91.1 2.032534971524831 130.8419035512032
      vertex -86.1 2.1052687386108597 130.63862628995983
      vertex -86.1 2.032534971524831 130.8419035512032
    endloop
  endfacet
  facet normal 0 -0.9891765099647799 -0.14673047445536974
    outer loop
      vertex -91.1 2.157727616887107 130.42919870843548
      vertex -86.1 2.1894063986788335 130.21563770872504
      vertex -86.1 2.157727616887107 130.42919870843548
    endloop
  endfacet
  facet normal 0 -0.8032075314806493 -0.5956993044924276
    outer loop
      vertex -91.1 1.7006229973980216 131.39566522516003
      vertex -86.1 1.8292331470655996 131.22225451264313
      vertex -86.1 1.7006229973980216 131.39566522516003
    endloop
  endfacet
  facet normal 0 -0.8577286100002697 -0.5141027441932259
    outer loop
      vertex -91.1 1.8292331470655996 131.22225451264313
      vertex -86.1 1.9402267815663812 131.0370728210172
      vertex -86.1 1.8292331470655996 131.22225451264313
    endloop
  endfacet
  facet normal 0 -0.7409511253549164 -0.6715589548470654
    outer loop
      vertex -91.1 1.5556349186104048 131.5556349186104
      vertex -86.1 1.7006229973980216 131.39566522516003
      vertex -86.1 1.5556349186104048 131.5556349186104
    endloop
  endfacet
  facet normal 0 -0.9039892931234595 -0.42755509343024756
    outer loop
      vertex -91.1 1.9402267815663812 131.0370728210172
      vertex -86.1 2.032534971524831 130.8419035512032
      vertex -86.1 1.9402267815663812 131.0370728210172
    endloop
  endfacet
  facet normal 0 0.5956993044923954 0.8032075314806731
    outer loop
      vertex 86.1 -1.3956652251600201 128.29937700260197
      vertex 91.1 -1.3956652251600201 128.29937700260197
      vertex 86.1 -1.2222545126431248 128.1707668529344
    endloop
  endfacet
  facet normal 0 0.5141027441932882 0.8577286100002324
    outer loop
      vertex 86.1 -1.2222545126431248 128.1707668529344
      vertex 91.1 -1.2222545126431248 128.1707668529344
      vertex 86.1 -1.037072821017195 128.0597732184336
    endloop
  endfacet
  facet normal 0 0.42755509343020864 0.9039892931234781
    outer loop
      vertex 86.1 -1.037072821017195 128.0597732184336
      vertex 91.1 -1.037072821017195 128.0597732184336
      vertex 86.1 -0.8419035512031976 127.96746502847517
    endloop
  endfacet
  facet normal 0 0.3368898533922463 0.9415440651830114
    outer loop
      vertex 86.1 -0.8419035512031976 127.96746502847517
      vertex 91.1 -0.8419035512031976 127.96746502847517
      vertex 86.1 -0.6386262899598172 127.89473126138914
    endloop
  endfacet
  facet normal 0 0.24298017990323453 0.9700312531945513
    outer loop
      vertex 86.1 -0.6386262899598172 127.89473126138914
      vertex 91.1 -0.6386262899598172 127.89473126138914
      vertex 86.1 -0.4291987084354822 127.8422723831129
    endloop
  endfacet
  facet normal 0 0.14673047445536055 0.989176509964781
    outer loop
      vertex 86.1 -0.4291987084354822 127.8422723831129
      vertex 91.1 -0.4291987084354822 127.8422723831129
      vertex 86.1 -0.21563770872503335 127.81059360132117
    endloop
  endfacet
  facet normal 0 0.04906767432746046 0.9987954562051702
    outer loop
      vertex 86.1 -0.21563770872503335 127.81059360132117
      vertex 91.1 -0.21563770872503335 127.81059360132117
      vertex 86.1 0 127.8
    endloop
  endfacet
  facet normal 0 0.6715589548470613 0.74095112535492
    outer loop
      vertex 86.1 -1.3956652251600201 128.29937700260197
      vertex 91.1 -1.5556349186104048 128.4443650813896
      vertex 91.1 -1.3956652251600201 128.29937700260197
    endloop
  endfacet
  facet normal 0 0.5956993044923954 0.8032075314806731
    outer loop
      vertex 86.1 -1.2222545126431248 128.1707668529344
      vertex 91.1 -1.3956652251600201 128.29937700260197
      vertex 91.1 -1.2222545126431248 128.1707668529344
    endloop
  endfacet
  facet normal 0 0.5141027441932882 0.8577286100002324
    outer loop
      vertex 86.1 -1.037072821017195 128.0597732184336
      vertex 91.1 -1.2222545126431248 128.1707668529344
      vertex 91.1 -1.037072821017195 128.0597732184336
    endloop
  endfacet
  facet normal 0 0.42755509343020864 0.9039892931234781
    outer loop
      vertex 86.1 -0.8419035512031976 127.96746502847517
      vertex 91.1 -1.037072821017195 128.0597732184336
      vertex 91.1 -0.8419035512031976 127.96746502847517
    endloop
  endfacet
  facet normal 0 0.3368898533922463 0.9415440651830114
    outer loop
      vertex 86.1 -0.6386262899598172 127.89473126138914
      vertex 91.1 -0.8419035512031976 127.96746502847517
      vertex 91.1 -0.6386262899598172 127.89473126138914
    endloop
  endfacet
  facet normal 0 0.24298017990323453 0.9700312531945513
    outer loop
      vertex 86.1 -0.4291987084354822 127.8422723831129
      vertex 91.1 -0.6386262899598172 127.89473126138914
      vertex 91.1 -0.4291987084354822 127.8422723831129
    endloop
  endfacet
  facet normal 0 0.14673047445536055 0.989176509964781
    outer loop
      vertex 86.1 -0.21563770872503335 127.81059360132117
      vertex 91.1 -0.4291987084354822 127.8422723831129
      vertex 91.1 -0.21563770872503335 127.81059360132117
    endloop
  endfacet
  facet normal 7.44101122524188e-20 0.04906767432746046 0.9987954562051702
    outer loop
      vertex 91.1 -0.21563770872503335 127.81059360132117
      vertex 91.1 0 127.8
      vertex 86.1 0 127.8
    endloop
  endfacet
  facet normal 0 0.9415440651830085 0.33688985339225436
    outer loop
      vertex 86.1 -2.1052687386108597 129.36137371004017
      vertex 91.1 -2.1052687386108597 129.36137371004017
      vertex 86.1 -2.032534971524831 129.1580964487968
    endloop
  endfacet
  facet normal 3.458379014598932e-20 0.9039892931234595 0.42755509343024756
    outer loop
      vertex 86.1 -1.9402267815663812 128.9629271789828
      vertex 86.1 -2.032534971524831 129.1580964487968
      vertex 91.1 -2.032534971524831 129.1580964487968
    endloop
  endfacet
  facet normal 0 0.9700312531945487 0.24298017990324494
    outer loop
      vertex 86.1 -2.157727616887107 129.57080129156452
      vertex 91.1 -2.157727616887107 129.57080129156452
      vertex 86.1 -2.1052687386108597 129.36137371004017
    endloop
  endfacet
  facet normal 0 0.8577286100002697 0.5141027441932259
    outer loop
      vertex 86.1 -1.9402267815663812 128.9629271789828
      vertex 91.1 -1.9402267815663812 128.9629271789828
      vertex 86.1 -1.8292331470655996 128.77774548735687
    endloop
  endfacet
  facet normal 0 0.8032075314806493 0.5956993044924276
    outer loop
      vertex 86.1 -1.8292331470655996 128.77774548735687
      vertex 91.1 -1.8292331470655996 128.77774548735687
      vertex 86.1 -1.7006229973980216 128.60433477483997
    endloop
  endfacet
  facet normal 0 0.7409511253549164 0.6715589548470654
    outer loop
      vertex 86.1 -1.7006229973980216 128.60433477483997
      vertex 91.1 -1.7006229973980216 128.60433477483997
      vertex 86.1 -1.5556349186104048 128.4443650813896
    endloop
  endfacet
  facet normal 0 0.9891765099647799 0.14673047445536974
    outer loop
      vertex 86.1 -2.1894063986788335 129.78436229127496
      vertex 91.1 -2.1894063986788335 129.78436229127496
      vertex 86.1 -2.157727616887107 129.57080129156452
    endloop
  endfacet
  facet normal 1.3537249639654998e-19 0.9987954562051725 0.049067674327415746
    outer loop
      vertex 86.1 -2.1894063986788335 129.78436229127496
      vertex 86.1 -2.2 130
      vertex 91.1 -2.2 130
    endloop
  endfacet
  facet normal -1.3537249639654998e-19 0.9987954562051725 -0.049067674327415746
    outer loop
      vertex 86.1 -2.2 130
      vertex 86.1 -2.1894063986788335 130.21563770872504
      vertex 91.1 -2.1894063986788335 130.21563770872504
    endloop
  endfacet
  facet normal -5.207603664610817e-20 0.9891765099647799 -0.14673047445536974
    outer loop
      vertex 86.1 -2.1894063986788335 130.21563770872504
      vertex 86.1 -2.157727616887107 130.42919870843548
      vertex 91.1 -2.157727616887107 130.42919870843548
    endloop
  endfacet
  facet normal -3.8721747771710747e-19 0.9700312531945487 -0.24298017990324494
    outer loop
      vertex 86.1 -2.157727616887107 130.42919870843548
      vertex 86.1 -2.1052687386108597 130.63862628995983
      vertex 91.1 -2.1052687386108597 130.63862628995983
    endloop
  endfacet
  facet normal 4.44021632561949e-19 0.9415440651830085 -0.33688985339225436
    outer loop
      vertex 86.1 -2.1052687386108597 130.63862628995983
      vertex 86.1 -2.032534971524831 130.8419035512032
      vertex 91.1 -2.032534971524831 130.8419035512032
    endloop
  endfacet
  facet normal -3.458379014598932e-20 0.9039892931234595 -0.42755509343024756
    outer loop
      vertex 86.1 -2.032534971524831 130.8419035512032
      vertex 86.1 -1.9402267815663812 131.0370728210172
      vertex 91.1 -1.9402267815663812 131.0370728210172
    endloop
  endfacet
  facet normal -1.5651675889531384e-18 0.8577286100002697 -0.5141027441932259
    outer loop
      vertex 86.1 -1.9402267815663812 131.0370728210172
      vertex 86.1 -1.8292331470655996 131.22225451264313
      vertex 91.1 -1.8292331470655996 131.22225451264313
    endloop
  endfacet
  facet normal 5.216866387408621e-19 0.8032075314806493 -0.5956993044924276
    outer loop
      vertex 86.1 -1.8292331470655996 131.22225451264313
      vertex 86.1 -1.7006229973980216 131.39566522516003
      vertex 91.1 -1.7006229973980216 131.39566522516003
    endloop
  endfacet
  facet normal -1.5126053973786237e-19 0.7409511253549164 -0.6715589548470654
    outer loop
      vertex 86.1 -1.7006229973980216 131.39566522516003
      vertex 86.1 -1.5556349186104048 131.5556349186104
      vertex 91.1 -1.5556349186104048 131.5556349186104
    endloop
  endfacet
  facet normal -8.119484612345691e-19 0.6715589548470613 0.74095112535492
    outer loop
      vertex 86.1 -1.3956652251600201 128.29937700260197
      vertex 86.1 -1.5556349186104048 128.4443650813896
      vertex 91.1 -1.5556349186104048 128.4443650813896
    endloop
  endfacet
  facet normal 8.119484612345691e-19 0.6715589548470613 -0.74095112535492
    outer loop
      vertex 86.1 -1.5556349186104048 131.5556349186104
      vertex 86.1 -1.3956652251600201 131.70062299739803
      vertex 91.1 -1.3956652251600201 131.70062299739803
    endloop
  endfacet
  facet normal 1.117912369741409e-18 0.5956993044923954 -0.8032075314806731
    outer loop
      vertex 86.1 -1.3956652251600201 131.70062299739803
      vertex 86.1 -1.2222545126431248 131.8292331470656
      vertex 91.1 -1.2222545126431248 131.8292331470656
    endloop
  endfacet
  facet normal 1.3929717700907867e-18 0.5141027441932882 -0.8577286100002324
    outer loop
      vertex 86.1 -1.2222545126431248 131.8292331470656
      vertex 86.1 -1.037072821017195 131.9402267815664
      vertex 91.1 -1.037072821017195 131.9402267815664
    endloop
  endfacet
  facet normal 7.150049486697336e-19 0.42755509343020864 -0.9039892931234781
    outer loop
      vertex 86.1 -1.037072821017195 131.9402267815664
      vertex 86.1 -0.8419035512031976 132.03253497152483
      vertex 91.1 -0.8419035512031976 132.03253497152483
    endloop
  endfacet
  facet normal 7.9814583620314175e-19 0.33688985339218797 -0.9415440651830324
    outer loop
      vertex 86.1 -0.8419035512031976 132.03253497152483
      vertex 86.1 -0.6386262899598172 132.10526873861085
      vertex 91.1 -0.6386262899598172 132.10526873861085
    endloop
  endfacet
  facet normal 7.433975582178339e-19 0.24298017990335838 -0.9700312531945202
    outer loop
      vertex 86.1 -0.6386262899598172 132.10526873861085
      vertex 86.1 -0.4291987084354822 132.15772761688712
      vertex 91.1 -0.4291987084354822 132.15772761688712
    endloop
  endfacet
  facet normal -1.1182473736916267e-19 0.14673047445536055 -0.989176509964781
    outer loop
      vertex 86.1 -0.4291987084354822 132.15772761688712
      vertex 86.1 -0.21563770872503335 132.18940639867884
      vertex 91.1 -0.21563770872503335 132.18940639867884
    endloop
  endfacet
  facet normal -8.761913718016218e-20 0.049067674327329135 -0.9987954562051768
    outer loop
      vertex 86.1 -0.21563770872503335 132.18940639867884
      vertex 86.1 0 132.2
      vertex 91.1 0 132.2
    endloop
  endfacet
  facet normal 0 0.9415440651830085 0.33688985339225436
    outer loop
      vertex 86.1 -2.032534971524831 129.1580964487968
      vertex 91.1 -2.1052687386108597 129.36137371004017
      vertex 91.1 -2.032534971524831 129.1580964487968
    endloop
  endfacet
  facet normal 0 0.9039892931234595 0.42755509343024756
    outer loop
      vertex 86.1 -1.9402267815663812 128.9629271789828
      vertex 91.1 -2.032534971524831 129.1580964487968
      vertex 91.1 -1.9402267815663812 128.9629271789828
    endloop
  endfacet
  facet normal 0 0.9700312531945487 0.24298017990324494
    outer loop
      vertex 86.1 -2.1052687386108597 129.36137371004017
      vertex 91.1 -2.157727616887107 129.57080129156452
      vertex 91.1 -2.1052687386108597 129.36137371004017
    endloop
  endfacet
  facet normal 0 0.8577286100002697 0.5141027441932259
    outer loop
      vertex 86.1 -1.8292331470655996 128.77774548735687
      vertex 91.1 -1.9402267815663812 128.9629271789828
      vertex 91.1 -1.8292331470655996 128.77774548735687
    endloop
  endfacet
  facet normal 0 0.8032075314806493 0.5956993044924276
    outer loop
      vertex 86.1 -1.7006229973980216 128.60433477483997
      vertex 91.1 -1.8292331470655996 128.77774548735687
      vertex 91.1 -1.7006229973980216 128.60433477483997
    endloop
  endfacet
  facet normal 0 0.7409511253549164 0.6715589548470654
    outer loop
      vertex 86.1 -1.5556349186104048 128.4443650813896
      vertex 91.1 -1.7006229973980216 128.60433477483997
      vertex 91.1 -1.5556349186104048 128.4443650813896
    endloop
  endfacet
  facet normal 5.207603664610817e-20 0.9891765099647799 0.14673047445536974
    outer loop
      vertex 91.1 -2.1894063986788335 129.78436229127496
      vertex 91.1 -2.157727616887107 129.57080129156452
      vertex 86.1 -2.157727616887107 129.57080129156452
    endloop
  endfacet
  facet normal 0 0.9987954562051725 0.049067674327415746
    outer loop
      vertex 86.1 -2.1894063986788335 129.78436229127496
      vertex 91.1 -2.2 130
      vertex 91.1 -2.1894063986788335 129.78436229127496
    endloop
  endfacet
  facet normal 0 0.9987954562051725 -0.049067674327415746
    outer loop
      vertex 86.1 -2.2 130
      vertex 91.1 -2.1894063986788335 130.21563770872504
      vertex 91.1 -2.2 130
    endloop
  endfacet
  facet normal 0 0.9891765099647799 -0.14673047445536974
    outer loop
      vertex 86.1 -2.1894063986788335 130.21563770872504
      vertex 91.1 -2.157727616887107 130.42919870843548
      vertex 91.1 -2.1894063986788335 130.21563770872504
    endloop
  endfacet
  facet normal 0 0.9700312531945487 -0.24298017990324494
    outer loop
      vertex 86.1 -2.157727616887107 130.42919870843548
      vertex 91.1 -2.1052687386108597 130.63862628995983
      vertex 91.1 -2.157727616887107 130.42919870843548
    endloop
  endfacet
  facet normal 0 0.9415440651830085 -0.33688985339225436
    outer loop
      vertex 86.1 -2.1052687386108597 130.63862628995983
      vertex 91.1 -2.032534971524831 130.8419035512032
      vertex 91.1 -2.1052687386108597 130.63862628995983
    endloop
  endfacet
  facet normal 0 0.9039892931234595 -0.42755509343024756
    outer loop
      vertex 86.1 -2.032534971524831 130.8419035512032
      vertex 91.1 -1.9402267815663812 131.0370728210172
      vertex 91.1 -2.032534971524831 130.8419035512032
    endloop
  endfacet
  facet normal 0 0.8577286100002697 -0.5141027441932259
    outer loop
      vertex 86.1 -1.9402267815663812 131.0370728210172
      vertex 91.1 -1.8292331470655996 131.22225451264313
      vertex 91.1 -1.9402267815663812 131.0370728210172
    endloop
  endfacet
  facet normal 0 0.8032075314806493 -0.5956993044924276
    outer loop
      vertex 86.1 -1.8292331470655996 131.22225451264313
      vertex 91.1 -1.7006229973980216 131.39566522516003
      vertex 91.1 -1.8292331470655996 131.22225451264313
    endloop
  endfacet
  facet normal 0 0.7409511253549164 -0.6715589548470654
    outer loop
      vertex 86.1 -1.7006229973980216 131.39566522516003
      vertex 91.1 -1.5556349186104048 131.5556349186104
      vertex 91.1 -1.7006229973980216 131.39566522516003
    endloop
  endfacet
  facet normal 0 0.6715589548470613 -0.74095112535492
    outer loop
      vertex 86.1 -1.5556349186104048 131.5556349186104
      vertex 91.1 -1.3956652251600201 131.70062299739803
      vertex 91.1 -1.5556349186104048 131.5556349186104
    endloop
  endfacet
  facet normal 0 0.5956993044923954 -0.8032075314806731
    outer loop
      vertex 86.1 -1.3956652251600201 131.70062299739803
      vertex 91.1 -1.2222545126431248 131.8292331470656
      vertex 91.1 -1.3956652251600201 131.70062299739803
    endloop
  endfacet
  facet normal 0 0.5141027441932882 -0.8577286100002324
    outer loop
      vertex 86.1 -1.2222545126431248 131.8292331470656
      vertex 91.1 -1.037072821017195 131.9402267815664
      vertex 91.1 -1.2222545126431248 131.8292331470656
    endloop
  endfacet
  facet normal 0 0.42755509343020864 -0.9039892931234781
    outer loop
      vertex 86.1 -1.037072821017195 131.9402267815664
      vertex 91.1 -0.8419035512031976 132.03253497152483
      vertex 91.1 -1.037072821017195 131.9402267815664
    endloop
  endfacet
  facet normal 0 0.33688985339218797 -0.9415440651830324
    outer loop
      vertex 86.1 -0.8419035512031976 132.03253497152483
      vertex 91.1 -0.6386262899598172 132.10526873861085
      vertex 91.1 -0.8419035512031976 132.03253497152483
    endloop
  endfacet
  facet normal 0 0.24298017990335838 -0.9700312531945202
    outer loop
      vertex 86.1 -0.6386262899598172 132.10526873861085
      vertex 91.1 -0.4291987084354822 132.15772761688712
      vertex 91.1 -0.6386262899598172 132.10526873861085
    endloop
  endfacet
  facet normal 0 0.14673047445536055 -0.989176509964781
    outer loop
      vertex 86.1 -0.4291987084354822 132.15772761688712
      vertex 91.1 -0.21563770872503335 132.18940639867884
      vertex 91.1 -0.4291987084354822 132.15772761688712
    endloop
  endfacet
  facet normal 0 0.049067674327329135 -0.9987954562051768
    outer loop
      vertex 86.1 -0.21563770872503335 132.18940639867884
      vertex 91.1 0 132.2
      vertex 91.1 -0.21563770872503335 132.18940639867884
    endloop
  endfacet
  facet normal 0 -0.04906767432746046 0.9987954562051702
    outer loop
      vertex 86.1 0 127.8
      vertex 91.1 0 127.8
      vertex 86.1 0.21563770872503335 127.81059360132117
    endloop
  endfacet
  facet normal 0 -0.14673047445536055 0.989176509964781
    outer loop
      vertex 86.1 0.21563770872503335 127.81059360132117
      vertex 91.1 0.21563770872503335 127.81059360132117
      vertex 86.1 0.4291987084354822 127.8422723831129
    endloop
  endfacet
  facet normal 0 -0.24298017990323453 0.9700312531945513
    outer loop
      vertex 86.1 0.4291987084354822 127.8422723831129
      vertex 91.1 0.4291987084354822 127.8422723831129
      vertex 86.1 0.6386262899598172 127.89473126138914
    endloop
  endfacet
  facet normal 0 -0.3368898533922463 0.9415440651830114
    outer loop
      vertex 86.1 0.6386262899598172 127.89473126138914
      vertex 91.1 0.6386262899598172 127.89473126138914
      vertex 86.1 0.8419035512031976 127.96746502847517
    endloop
  endfacet
  facet normal 0 -0.42755509343020864 0.9039892931234781
    outer loop
      vertex 86.1 0.8419035512031976 127.96746502847517
      vertex 91.1 0.8419035512031976 127.96746502847517
      vertex 86.1 1.037072821017195 128.0597732184336
    endloop
  endfacet
  facet normal 0 -0.5141027441932882 0.8577286100002324
    outer loop
      vertex 86.1 1.037072821017195 128.0597732184336
      vertex 91.1 1.037072821017195 128.0597732184336
      vertex 86.1 1.2222545126431248 128.1707668529344
    endloop
  endfacet
  facet normal 0 -0.5956993044923954 0.8032075314806731
    outer loop
      vertex 86.1 1.2222545126431248 128.1707668529344
      vertex 91.1 1.2222545126431248 128.1707668529344
      vertex 86.1 1.3956652251600201 128.29937700260197
    endloop
  endfacet
  facet normal 0 -0.6715589548470613 0.74095112535492
    outer loop
      vertex 86.1 1.3956652251600201 128.29937700260197
      vertex 91.1 1.3956652251600201 128.29937700260197
      vertex 86.1 1.5556349186104048 128.4443650813896
    endloop
  endfacet
  facet normal 0 -0.04906767432746046 0.9987954562051702
    outer loop
      vertex 86.1 0.21563770872503335 127.81059360132117
      vertex 91.1 0 127.8
      vertex 91.1 0.21563770872503335 127.81059360132117
    endloop
  endfacet
  facet normal 0 -0.14673047445536055 0.989176509964781
    outer loop
      vertex 86.1 0.4291987084354822 127.8422723831129
      vertex 91.1 0.21563770872503335 127.81059360132117
      vertex 91.1 0.4291987084354822 127.8422723831129
    endloop
  endfacet
  facet normal 0 -0.24298017990323453 0.9700312531945513
    outer loop
      vertex 86.1 0.6386262899598172 127.89473126138914
      vertex 91.1 0.4291987084354822 127.8422723831129
      vertex 91.1 0.6386262899598172 127.89473126138914
    endloop
  endfacet
  facet normal 0 -0.3368898533922463 0.9415440651830114
    outer loop
      vertex 86.1 0.8419035512031976 127.96746502847517
      vertex 91.1 0.6386262899598172 127.89473126138914
      vertex 91.1 0.8419035512031976 127.96746502847517
    endloop
  endfacet
  facet normal 0 -0.42755509343020864 0.9039892931234781
    outer loop
      vertex 86.1 1.037072821017195 128.0597732184336
      vertex 91.1 0.8419035512031976 127.96746502847517
      vertex 91.1 1.037072821017195 128.0597732184336
    endloop
  endfacet
  facet normal 0 -0.5141027441932882 0.8577286100002324
    outer loop
      vertex 86.1 1.2222545126431248 128.1707668529344
      vertex 91.1 1.037072821017195 128.0597732184336
      vertex 91.1 1.2222545126431248 128.1707668529344
    endloop
  endfacet
  facet normal 0 -0.5956993044923954 0.8032075314806731
    outer loop
      vertex 86.1 1.3956652251600201 128.29937700260197
      vertex 91.1 1.2222545126431248 128.1707668529344
      vertex 91.1 1.3956652251600201 128.29937700260197
    endloop
  endfacet
  facet normal 0 -0.33688985339218797 -0.9415440651830324
    outer loop
      vertex 86.1 0.8419035512031976 132.03253497152483
      vertex 91.1 0.8419035512031976 132.03253497152483
      vertex 86.1 0.6386262899598172 132.10526873861085
    endloop
  endfacet
  facet normal 8.761913718016218e-20 -0.049067674327329135 -0.9987954562051768
    outer loop
      vertex 86.1 0 132.2
      vertex 86.1 0.21563770872503335 132.18940639867884
      vertex 91.1 0.21563770872503335 132.18940639867884
    endloop
  endfacet
  facet normal 1.1182473736916267e-19 -0.14673047445536055 -0.989176509964781
    outer loop
      vertex 86.1 0.21563770872503335 132.18940639867884
      vertex 86.1 0.4291987084354822 132.15772761688712
      vertex 91.1 0.4291987084354822 132.15772761688712
    endloop
  endfacet
  facet normal -7.433975582178339e-19 -0.24298017990335838 -0.9700312531945202
    outer loop
      vertex 86.1 0.4291987084354822 132.15772761688712
      vertex 86.1 0.6386262899598172 132.10526873861085
      vertex 91.1 0.6386262899598172 132.10526873861085
    endloop
  endfacet
  facet normal -7.150049486697336e-19 -0.42755509343020864 -0.9039892931234781
    outer loop
      vertex 86.1 0.8419035512031976 132.03253497152483
      vertex 86.1 1.037072821017195 131.9402267815664
      vertex 91.1 1.037072821017195 131.9402267815664
    endloop
  endfacet
  facet normal -1.3929717700907867e-18 -0.5141027441932882 -0.8577286100002324
    outer loop
      vertex 86.1 1.037072821017195 131.9402267815664
      vertex 86.1 1.2222545126431248 131.8292331470656
      vertex 91.1 1.2222545126431248 131.8292331470656
    endloop
  endfacet
  facet normal -1.117912369741409e-18 -0.5956993044923954 -0.8032075314806731
    outer loop
      vertex 86.1 1.2222545126431248 131.8292331470656
      vertex 86.1 1.3956652251600201 131.70062299739803
      vertex 91.1 1.3956652251600201 131.70062299739803
    endloop
  endfacet
  facet normal -8.119484612345691e-19 -0.6715589548470613 -0.74095112535492
    outer loop
      vertex 86.1 1.3956652251600201 131.70062299739803
      vertex 86.1 1.5556349186104048 131.5556349186104
      vertex 91.1 1.5556349186104048 131.5556349186104
    endloop
  endfacet
  facet normal 0 -0.7409511253549164 0.6715589548470654
    outer loop
      vertex 86.1 1.5556349186104048 128.4443650813896
      vertex 91.1 1.5556349186104048 128.4443650813896
      vertex 86.1 1.7006229973980216 128.60433477483997
    endloop
  endfacet
  facet normal 0 -0.8032075314806493 0.5956993044924276
    outer loop
      vertex 86.1 1.7006229973980216 128.60433477483997
      vertex 91.1 1.7006229973980216 128.60433477483997
      vertex 86.1 1.8292331470655996 128.77774548735687
    endloop
  endfacet
  facet normal 0 -0.8577286100002697 0.5141027441932259
    outer loop
      vertex 86.1 1.8292331470655996 128.77774548735687
      vertex 91.1 1.8292331470655996 128.77774548735687
      vertex 86.1 1.9402267815663812 128.9629271789828
    endloop
  endfacet
  facet normal 0 -0.9039892931234595 0.42755509343024756
    outer loop
      vertex 86.1 1.9402267815663812 128.9629271789828
      vertex 91.1 1.9402267815663812 128.9629271789828
      vertex 86.1 2.032534971524831 129.1580964487968
    endloop
  endfacet
  facet normal 0 -0.9415440651830085 0.33688985339225436
    outer loop
      vertex 86.1 2.032534971524831 129.1580964487968
      vertex 91.1 2.032534971524831 129.1580964487968
      vertex 86.1 2.1052687386108597 129.36137371004017
    endloop
  endfacet
  facet normal 0 -0.9700312531945487 0.24298017990324494
    outer loop
      vertex 86.1 2.1052687386108597 129.36137371004017
      vertex 91.1 2.1052687386108597 129.36137371004017
      vertex 86.1 2.157727616887107 129.57080129156452
    endloop
  endfacet
  facet normal 0 -0.9891765099647799 0.14673047445536974
    outer loop
      vertex 86.1 2.157727616887107 129.57080129156452
      vertex 91.1 2.157727616887107 129.57080129156452
      vertex 86.1 2.1894063986788335 129.78436229127496
    endloop
  endfacet
  facet normal 0 -0.9987954562051725 0.049067674327415746
    outer loop
      vertex 86.1 2.1894063986788335 129.78436229127496
      vertex 91.1 2.1894063986788335 129.78436229127496
      vertex 86.1 2.2 130
    endloop
  endfacet
  facet normal 0 -0.9987954562051725 -0.049067674327415746
    outer loop
      vertex 86.1 2.2 130
      vertex 91.1 2.2 130
      vertex 86.1 2.1894063986788335 130.21563770872504
    endloop
  endfacet
  facet normal 0 -0.9700312531945487 -0.24298017990324494
    outer loop
      vertex 86.1 2.157727616887107 130.42919870843548
      vertex 91.1 2.157727616887107 130.42919870843548
      vertex 86.1 2.1052687386108597 130.63862628995983
    endloop
  endfacet
  facet normal -4.44021632561949e-19 -0.9415440651830085 -0.33688985339225436
    outer loop
      vertex 86.1 2.032534971524831 130.8419035512032
      vertex 86.1 2.1052687386108597 130.63862628995983
      vertex 91.1 2.1052687386108597 130.63862628995983
    endloop
  endfacet
  facet normal 5.207603664610817e-20 -0.9891765099647799 -0.14673047445536974
    outer loop
      vertex 86.1 2.157727616887107 130.42919870843548
      vertex 86.1 2.1894063986788335 130.21563770872504
      vertex 91.1 2.1894063986788335 130.21563770872504
    endloop
  endfacet
  facet normal 1.5126053973786237e-19 -0.7409511253549164 -0.6715589548470654
    outer loop
      vertex 86.1 1.5556349186104048 131.5556349186104
      vertex 86.1 1.7006229973980216 131.39566522516003
      vertex 91.1 1.7006229973980216 131.39566522516003
    endloop
  endfacet
  facet normal 1.5651675889531384e-18 -0.8577286100002697 -0.5141027441932259
    outer loop
      vertex 86.1 1.8292331470655996 131.22225451264313
      vertex 86.1 1.9402267815663812 131.0370728210172
      vertex 91.1 1.9402267815663812 131.0370728210172
    endloop
  endfacet
  facet normal -5.216866387408621e-19 -0.8032075314806493 -0.5956993044924276
    outer loop
      vertex 86.1 1.7006229973980216 131.39566522516003
      vertex 86.1 1.8292331470655996 131.22225451264313
      vertex 91.1 1.8292331470655996 131.22225451264313
    endloop
  endfacet
  facet normal 0 -0.9039892931234595 -0.42755509343024756
    outer loop
      vertex 86.1 2.032534971524831 130.8419035512032
      vertex 91.1 2.032534971524831 130.8419035512032
      vertex 86.1 1.9402267815663812 131.0370728210172
    endloop
  endfacet
  facet normal 8.119484612345691e-19 -0.6715589548470613 0.74095112535492
    outer loop
      vertex 91.1 1.3956652251600201 128.29937700260197
      vertex 91.1 1.5556349186104048 128.4443650813896
      vertex 86.1 1.5556349186104048 128.4443650813896
    endloop
  endfacet
  facet normal 0 -0.049067674327329135 -0.9987954562051768
    outer loop
      vertex 86.1 0 132.2
      vertex 91.1 0.21563770872503335 132.18940639867884
      vertex 91.1 0 132.2
    endloop
  endfacet
  facet normal 0 -0.14673047445536055 -0.989176509964781
    outer loop
      vertex 86.1 0.21563770872503335 132.18940639867884
      vertex 91.1 0.4291987084354822 132.15772761688712
      vertex 91.1 0.21563770872503335 132.18940639867884
    endloop
  endfacet
  facet normal 0 -0.24298017990335838 -0.9700312531945202
    outer loop
      vertex 86.1 0.4291987084354822 132.15772761688712
      vertex 91.1 0.6386262899598172 132.10526873861085
      vertex 91.1 0.4291987084354822 132.15772761688712
    endloop
  endfacet
  facet normal 0 -0.33688985339218797 -0.9415440651830324
    outer loop
      vertex 86.1 0.6386262899598172 132.10526873861085
      vertex 91.1 0.8419035512031976 132.03253497152483
      vertex 91.1 0.6386262899598172 132.10526873861085
    endloop
  endfacet
  facet normal 0 -0.42755509343020864 -0.9039892931234781
    outer loop
      vertex 86.1 0.8419035512031976 132.03253497152483
      vertex 91.1 1.037072821017195 131.9402267815664
      vertex 91.1 0.8419035512031976 132.03253497152483
    endloop
  endfacet
  facet normal 0 -0.5141027441932882 -0.8577286100002324
    outer loop
      vertex 86.1 1.037072821017195 131.9402267815664
      vertex 91.1 1.2222545126431248 131.8292331470656
      vertex 91.1 1.037072821017195 131.9402267815664
    endloop
  endfacet
  facet normal 0 -0.5956993044923954 -0.8032075314806731
    outer loop
      vertex 86.1 1.2222545126431248 131.8292331470656
      vertex 91.1 1.3956652251600201 131.70062299739803
      vertex 91.1 1.2222545126431248 131.8292331470656
    endloop
  endfacet
  facet normal 0 -0.6715589548470613 -0.74095112535492
    outer loop
      vertex 86.1 1.3956652251600201 131.70062299739803
      vertex 91.1 1.5556349186104048 131.5556349186104
      vertex 91.1 1.3956652251600201 131.70062299739803
    endloop
  endfacet
  facet normal 0 -0.7409511253549164 0.6715589548470654
    outer loop
      vertex 86.1 1.7006229973980216 128.60433477483997
      vertex 91.1 1.5556349186104048 128.4443650813896
      vertex 91.1 1.7006229973980216 128.60433477483997
    endloop
  endfacet
  facet normal 0 -0.8032075314806493 0.5956993044924276
    outer loop
      vertex 86.1 1.8292331470655996 128.77774548735687
      vertex 91.1 1.7006229973980216 128.60433477483997
      vertex 91.1 1.8292331470655996 128.77774548735687
    endloop
  endfacet
  facet normal 0 -0.8577286100002697 0.5141027441932259
    outer loop
      vertex 86.1 1.9402267815663812 128.9629271789828
      vertex 91.1 1.8292331470655996 128.77774548735687
      vertex 91.1 1.9402267815663812 128.9629271789828
    endloop
  endfacet
  facet normal 0 -0.9039892931234595 0.42755509343024756
    outer loop
      vertex 86.1 2.032534971524831 129.1580964487968
      vertex 91.1 1.9402267815663812 128.9629271789828
      vertex 91.1 2.032534971524831 129.1580964487968
    endloop
  endfacet
  facet normal 0 -0.9415440651830085 0.33688985339225436
    outer loop
      vertex 86.1 2.1052687386108597 129.36137371004017
      vertex 91.1 2.032534971524831 129.1580964487968
      vertex 91.1 2.1052687386108597 129.36137371004017
    endloop
  endfacet
  facet normal 0 -0.9700312531945487 0.24298017990324494
    outer loop
      vertex 86.1 2.157727616887107 129.57080129156452
      vertex 91.1 2.1052687386108597 129.36137371004017
      vertex 91.1 2.157727616887107 129.57080129156452
    endloop
  endfacet
  facet normal -5.207603664610817e-20 -0.9891765099647799 0.14673047445536974
    outer loop
      vertex 91.1 2.157727616887107 129.57080129156452
      vertex 91.1 2.1894063986788335 129.78436229127496
      vertex 86.1 2.1894063986788335 129.78436229127496
    endloop
  endfacet
  facet normal 0 -0.9987954562051725 0.049067674327415746
    outer loop
      vertex 86.1 2.2 130
      vertex 91.1 2.1894063986788335 129.78436229127496
      vertex 91.1 2.2 130
    endloop
  endfacet
  facet normal 0 -0.9987954562051725 -0.049067674327415746
    outer loop
      vertex 86.1 2.1894063986788335 130.21563770872504
      vertex 91.1 2.2 130
      vertex 91.1 2.1894063986788335 130.21563770872504
    endloop
  endfacet
  facet normal 0 -0.9700312531945487 -0.24298017990324494
    outer loop
      vertex 86.1 2.1052687386108597 130.63862628995983
      vertex 91.1 2.157727616887107 130.42919870843548
      vertex 91.1 2.1052687386108597 130.63862628995983
    endloop
  endfacet
  facet normal 0 -0.9415440651830085 -0.33688985339225436
    outer loop
      vertex 86.1 2.032534971524831 130.8419035512032
      vertex 91.1 2.1052687386108597 130.63862628995983
      vertex 91.1 2.032534971524831 130.8419035512032
    endloop
  endfacet
  facet normal 0 -0.9891765099647799 -0.14673047445536974
    outer loop
      vertex 86.1 2.157727616887107 130.42919870843548
      vertex 91.1 2.1894063986788335 130.21563770872504
      vertex 91.1 2.157727616887107 130.42919870843548
    endloop
  endfacet
  facet normal 0 -0.8032075314806493 -0.5956993044924276
    outer loop
      vertex 86.1 1.7006229973980216 131.39566522516003
      vertex 91.1 1.8292331470655996 131.22225451264313
      vertex 91.1 1.7006229973980216 131.39566522516003
    endloop
  endfacet
  facet normal 0 -0.8577286100002697 -0.5141027441932259
    outer loop
      vertex 86.1 1.8292331470655996 131.22225451264313
      vertex 91.1 1.9402267815663812 131.0370728210172
      vertex 91.1 1.8292331470655996 131.22225451264313
    endloop
  endfacet
  facet normal 0 -0.7409511253549164 -0.6715589548470654
    outer loop
      vertex 86.1 1.5556349186104048 131.5556349186104
      vertex 91.1 1.7006229973980216 131.39566522516003
      vertex 91.1 1.5556349186104048 131.5556349186104
    endloop
  endfacet
  facet normal 0 -0.9039892931234595 -0.42755509343024756
    outer loop
      vertex 86.1 1.9402267815663812 131.0370728210172
      vertex 91.1 2.032534971524831 130.8419035512032
      vertex 91.1 1.9402267815663812 131.0370728210172
    endloop
  endfacet
  facet normal -1 0 0
    outer loop
      vertex -91.1 32.80074544767726 42.3009584327279
      vertex -91.1 34.9 5
      vertex -91.1 34.8362876737043 5
    endloop
  endfacet
  facet normal 1 0 0
    outer loop
      vertex -86.1 32.80074544767726 42.3009584327279
      vertex -86.1 34.8362876737043 5
      vertex -86.1 34.9 5
    endloop
  endfacet
  facet normal 0 1 0
    outer loop
      vertex -91.1 34.9 45
      vertex -86.1 34.9 5
      vertex -91.1 34.9 5
    endloop
  endfacet
  facet normal -1 0 0
    outer loop
      vertex -91.1 32.80074544767726 42.3009584327279
      vertex -91.1 34.9 45
      vertex -91.1 34.9 5
    endloop
  endfacet
  facet normal 1 0 0
    outer loop
      vertex -86.1 32.80074544767726 42.3009584327279
      vertex -86.1 34.9 5
      vertex -86.1 34.9 45
    endloop
  endfacet
  facet normal 0 1 0
    outer loop
      vertex -91.1 34.9 45
      vertex -86.1 34.9 45
      vertex -86.1 34.9 5
    endloop
  endfacet
  facet normal -7.997031551311914e-18 -0.7893522173763264 0.6139406135149201
    outer loop
      vertex -91.1 32.80074544767726 42.3009584327279
      vertex -86.1 34.9 45
      vertex -91.1 34.9 45
    endloop
  endfacet
  facet normal 0 -0.7893522173763264 0.6139406135149201
    outer loop
      vertex -91.1 32.80074544767726 42.3009584327279
      vertex -86.1 32.80074544767726 42.3009584327279
      vertex -86.1 34.9 45
    endloop
  endfacet
  facet normal -1 0 0
    outer loop
      vertex 86.1 32.80074544767726 42.3009584327279
      vertex 86.1 34.9 5
      vertex 86.1 34.8362876737043 5
    endloop
  endfacet
  facet normal 1 0 0
    outer loop
      vertex 91.1 32.80074544767726 42.3009584327279
      vertex 91.1 34.8362876737043 5
      vertex 91.1 34.9 5
    endloop
  endfacet
  facet normal 0 1 0
    outer loop
      vertex 86.1 34.9 45
      vertex 91.1 34.9 5
      vertex 86.1 34.9 5
    endloop
  endfacet
  facet normal -1 0 0
    outer loop
      vertex 86.1 32.80074544767726 42.3009584327279
      vertex 86.1 34.9 45
      vertex 86.1 34.9 5
    endloop
  endfacet
  facet normal 1 0 0
    outer loop
      vertex 91.1 32.80074544767726 42.3009584327279
      vertex 91.1 34.9 5
      vertex 91.1 34.9 45
    endloop
  endfacet
  facet normal 0 1 0
    outer loop
      vertex 86.1 34.9 45
      vertex 91.1 34.9 45
      vertex 91.1 34.9 5
    endloop
  endfacet
  facet normal 0 -0.7893522173763264 0.6139406135149201
    outer loop
      vertex 86.1 32.80074544767726 42.3009584327279
      vertex 91.1 32.80074544767726 42.3009584327279
      vertex 86.1 34.9 45
    endloop
  endfacet
  facet normal -7.997031551311914e-18 -0.7893522173763264 0.6139406135149201
    outer loop
      vertex 91.1 32.80074544767726 42.3009584327279
      vertex 91.1 34.9 45
      vertex 86.1 34.9 45
    endloop
  endfacet
  facet normal -1 0 0
    outer loop
      vertex -91.1 -50 0
      vertex -91.1 -50 5
      vertex -91.1 -35 2
    endloop
  endfacet
  facet normal -1 0 0
    outer loop
      vertex -91.1 -50 0
      vertex -91.1 -35 2
      vertex -91.1 -35 0
    endloop
  endfacet
  facet normal -1 0 0
    outer loop
      vertex -91.1 -50 5
      vertex -91.1 -34.8362876737043 5
      vertex -91.1 -35 2
    endloop
  endfacet
  facet normal 0 -1 0
    outer loop
      vertex -91.1 -50 0
      vertex 91.1 -50 5
      vertex -91.1 -50 5
    endloop
  endfacet
  facet normal 0 0 1
    outer loop
      vertex -91.1 -50 5
      vertex 91.1 -50 5
      vertex -91.1 -34.8362876737043 5
    endloop
  endfacet
  facet normal 0 0 1
    outer loop
      vertex 91.1 -50 5
      vertex -86.1 -34.8362876737043 5
      vertex -91.1 -34.8362876737043 5
    endloop
  endfacet
  facet normal 0 0 1
    outer loop
      vertex 91.1 -50 5
      vertex -86.1 34.8362876737043 5
      vertex -86.1 -34.8362876737043 5
    endloop
  endfacet
  facet normal 0 0 -1
    outer loop
      vertex -91.1 -50 0
      vertex -91.1 -35 0
      vertex 91.1 50 0
    endloop
  endfacet
  facet normal -1 0 0
    outer loop
      vertex -91.1 35 0
      vertex -91.1 34.9 0
      vertex -91.1 32.79972472334095 5
    endloop
  endfacet
  facet normal -1 0 0
    outer loop
      vertex -91.1 33.33591153257242 5
      vertex -91.1 35 0
      vertex -91.1 32.79972472334095 5
    endloop
  endfacet
  facet normal -1 0 0
    outer loop
      vertex -91.1 34.9 3.832482665099617
      vertex -91.1 34.8362876737043 5
      vertex -91.1 34.9 5
    endloop
  endfacet
  facet normal -1 0 0
    outer loop
      vertex -91.1 50 0
      vertex -91.1 35 0
      vertex -91.1 35 2
    endloop
  endfacet
  facet normal -1 0 0
    outer loop
      vertex -91.1 50 5
      vertex -91.1 35 2
      vertex -91.1 34.9 3.832482665099617
    endloop
  endfacet
  facet normal -1 0 0
    outer loop
      vertex -91.1 50 5
      vertex -91.1 34.9 3.832482665099617
      vertex -91.1 34.9 5
    endloop
  endfacet
  facet normal 0 0 1
    outer loop
      vertex -91.1 50 5
      vertex -91.1 34.9 5
      vertex -86.1 34.9 5
    endloop
  endfacet
  facet normal -1 0 0
    outer loop
      vertex -91.1 50 0
      vertex -91.1 35 2
      vertex -91.1 50 5
    endloop
  endfacet
  facet normal 0 0 1
    outer loop
      vertex -91.1 50 5
      vertex -86.1 34.9 5
      vertex 91.1 -50 5
    endloop
  endfacet
  facet normal 0 0 1
    outer loop
      vertex 91.1 -50 5
      vertex -86.1 34.9 5
      vertex -86.1 34.8362876737043 5
    endloop
  endfacet
  facet normal 0 0 -1
    outer loop
      vertex 91.1 50 0
      vertex -91.1 -35 0
      vertex -91.1 34.9 0
    endloop
  endfacet
  facet normal 0 0 -1
    outer loop
      vertex 91.1 50 0
      vertex -91.1 34.9 0
      vertex -91.1 35 0
    endloop
  endfacet
  facet normal 0 0 -1
    outer loop
      vertex -91.1 50 0
      vertex 91.1 50 0
      vertex -91.1 35 0
    endloop
  endfacet
  facet normal 0 1 0
    outer loop
      vertex -91.1 50 0
      vertex -91.1 50 5
      vertex 91.1 50 0
    endloop
  endfacet
  facet normal 0 -1 0
    outer loop
      vertex -91.1 -50 0
      vertex 91.1 -50 0
      vertex 91.1 -50 5
    endloop
  endfacet
  facet normal 0 0 -1
    outer loop
      vertex -91.1 -50 0
      vertex 91.1 -35 0
      vertex 91.1 -50 0
    endloop
  endfacet
  facet normal 0 0 -1
    outer loop
      vertex -91.1 -50 0
      vertex 91.1 35 0
      vertex 91.1 -35 0
    endloop
  endfacet
  facet normal 0 0 1
    outer loop
      vertex -91.1 50 5
      vertex 91.1 -50 5
      vertex 86.1 -34.8362876737043 5
    endloop
  endfacet
  facet normal 1 0 0
    outer loop
      vertex 91.1 -50 0
      vertex 91.1 -35 2
      vertex 91.1 -50 5
    endloop
  endfacet
  facet normal 1 0 0
    outer loop
      vertex 91.1 -50 0
      vertex 91.1 -35 0
      vertex 91.1 -35 2
    endloop
  endfacet
  facet normal 1 0 0
    outer loop
      vertex 91.1 -50 5
      vertex 91.1 -35 2
      vertex 91.1 -34.8362876737043 5
    endloop
  endfacet
  facet normal 0 0 1
    outer loop
      vertex 91.1 -50 5
      vertex 91.1 -34.8362876737043 5
      vertex 86.1 -34.8362876737043 5
    endloop
  endfacet
  facet normal 0 0 -1
    outer loop
      vertex -91.1 -50 0
      vertex 91.1 50 0
      vertex 91.1 35 0
    endloop
  endfacet
  facet normal 0 0 1
    outer loop
      vertex -91.1 50 5
      vertex 86.1 -34.8362876737043 5
      vertex 86.1 34.8362876737043 5
    endloop
  endfacet
  facet normal 0 0 1
    outer loop
      vertex -91.1 50 5
      vertex 86.1 34.8362876737043 5
      vertex 86.1 34.9 5
    endloop
  endfacet
  facet normal 0 0 1
    outer loop
      vertex -91.1 50 5
      vertex 86.1 34.9 5
      vertex 91.1 34.9 5
    endloop
  endfacet
  facet normal 0 0 1
    outer loop
      vertex -91.1 50 5
      vertex 91.1 34.9 5
      vertex 91.1 50 5
    endloop
  endfacet
  facet normal 0 1 0
    outer loop
      vertex -91.1 50 5
      vertex 91.1 50 5
      vertex 91.1 50 0
    endloop
  endfacet
  facet normal 1 0 0
    outer loop
      vertex 91.1 34.9 5
      vertex 91.1 34.8362876737043 5
      vertex 91.1 34.9 3.832482665099617
    endloop
  endfacet
  facet normal 1 0 0
    outer loop
      vertex 91.1 50 0
      vertex 91.1 35 2
      vertex 91.1 35 0
    endloop
  endfacet
  facet normal 1 0 0
    outer loop
      vertex 91.1 50 5
      vertex 91.1 34.9 3.832482665099617
      vertex 91.1 35 2
    endloop
  endfacet
  facet normal 1 0 0
    outer loop
      vertex 91.1 50 5
      vertex 91.1 34.9 5
      vertex 91.1 34.9 3.832482665099617
    endloop
  endfacet
  facet normal 1 0 0
    outer loop
      vertex 91.1 50 0
      vertex 91.1 50 5
      vertex 91.1 35 2
    endloop
  endfacet
endsolid OpenSCAD_Model
