solid OpenSCAD_Model
  facet normal 0 0 -1
    outer loop
      vertex -12.384408836907635 -10.286710699058808 0
      vertex -12.66163859753386 -9.76805029709527 0
      vertex -12.011320343559643 -10.741320343559643 0
    endloop
  endfacet
  facet normal 0 0 -1
    outer loop
      vertex -11.556710699058808 -11.114408836907636 0
      vertex -12.011320343559643 -10.741320343559643 0
      vertex -11.03805029709527 -11.391638597533861 0
    endloop
  endfacet
  facet normal 0 0 -1
    outer loop
      vertex -12.011320343559643 -10.741320343559643 0
      vertex -12.66163859753386 -9.76805029709527 0
      vertex -12.89 -8.620000000000001 0
    endloop
  endfacet
  facet normal 0 0 -1
    outer loop
      vertex -12.66163859753386 -9.76805029709527 0
      vertex -12.832355841209692 -9.205270966048385 0
      vertex -12.89 -8.620000000000001 0
    endloop
  endfacet
  facet normal 0 0 -1
    outer loop
      vertex -12.011320343559643 -10.741320343559643 0
      vertex -9.89 -11.620000000000001 0
      vertex -11.03805029709527 -11.391638597533861 0
    endloop
  endfacet
  facet normal 0 0 -1
    outer loop
      vertex -11.03805029709527 -11.391638597533861 0
      vertex -9.89 -11.620000000000001 0
      vertex -10.475270966048384 -11.562355841209692 0
    endloop
  endfacet
  facet normal 0 0 -1
    outer loop
      vertex -12.011320343559643 -10.741320343559643 0
      vertex -9.243553390593274 -7.973553390593274 0
      vertex -9.167785116509801 -8.035734806151273 0
    endloop
  endfacet
  facet normal 0 0 -1
    outer loop
      vertex -12.011320343559643 -10.741320343559643 0
      vertex -9.167785116509801 -8.035734806151273 0
      vertex -9.081341716182546 -8.081939766255644 0
    endloop
  endfacet
  facet normal 0 0 -1
    outer loop
      vertex -12.011320343559643 -10.741320343559643 0
      vertex -9.351939766255644 -7.811341716182545 0
      vertex -9.305734806151273 -7.897785116509802 0
    endloop
  endfacet
  facet normal 0 0 -1
    outer loop
      vertex -12.011320343559643 -10.741320343559643 0
      vertex -9.305734806151273 -7.897785116509802 0
      vertex -9.243553390593274 -7.973553390593274 0
    endloop
  endfacet
  facet normal 0 0 -1
    outer loop
      vertex -12.011320343559643 -10.741320343559643 0
      vertex -9.380392640201617 -7.717545161008064 0
      vertex -9.351939766255644 -7.811341716182545 0
    endloop
  endfacet
  facet normal 0 0 -1
    outer loop
      vertex -12.011320343559643 -10.741320343559643 0
      vertex -9.081341716182546 -8.081939766255644 0
      vertex -8.987545161008065 -8.110392640201615 0
    endloop
  endfacet
  facet normal 0 0 -1
    outer loop
      vertex -12.011320343559643 -10.741320343559643 0
      vertex -8.987545161008065 -8.110392640201615 0
      vertex -8.89 -8.120000000000001 0
    endloop
  endfacet
  facet normal 0 0 -1
    outer loop
      vertex -12.011320343559643 -10.741320343559643 0
      vertex -8.89 -8.120000000000001 0
      vertex -8.792454838991937 -8.110392640201615 0
    endloop
  endfacet
  facet normal 0 0 -1
    outer loop
      vertex -12.011320343559643 -10.741320343559643 0
      vertex -8.792454838991937 -8.110392640201615 0
      vertex -8.698658283817455 -8.081939766255644 0
    endloop
  endfacet
  facet normal 0 0 -1
    outer loop
      vertex -12.011320343559643 -10.741320343559643 0
      vertex -9.39 -7.62 0
      vertex -9.380392640201617 -7.717545161008064 0
    endloop
  endfacet
  facet normal 0 0 -1
    outer loop
      vertex -12.011320343559643 -10.741320343559643 0
      vertex -8.698658283817455 -8.081939766255644 0
      vertex -6.541341716182545 -8.081939766255644 0
    endloop
  endfacet
  facet normal 0 0 -1
    outer loop
      vertex -12.011320343559643 -10.741320343559643 0
      vertex -6.4475451610080645 -8.110392640201615 0
      vertex -6.3500000000000005 -8.120000000000001 0
    endloop
  endfacet
  facet normal 0 0 -1
    outer loop
      vertex -12.011320343559643 -10.741320343559643 0
      vertex -6.541341716182545 -8.081939766255644 0
      vertex -6.4475451610080645 -8.110392640201615 0
    endloop
  endfacet
  facet normal 0 0 -1
    outer loop
      vertex -12.011320343559643 -10.741320343559643 0
      vertex -6.3500000000000005 -8.120000000000001 0
      vertex -6.2524548389919365 -8.110392640201615 0
    endloop
  endfacet
  facet normal 0 0 -1
    outer loop
      vertex -12.011320343559643 -10.741320343559643 0
      vertex -6.2524548389919365 -8.110392640201615 0
      vertex -3.9075451610080645 -8.110392640201615 0
    endloop
  endfacet
  facet normal 0 0 -1
    outer loop
      vertex -12.011320343559643 -10.741320343559643 0
      vertex -3.9075451610080645 -8.110392640201615 0
      vertex -3.8100000000000005 -8.120000000000001 0
    endloop
  endfacet
  facet normal 0 0 -1
    outer loop
      vertex -12.011320343559643 -10.741320343559643 0
      vertex -3.8100000000000005 -8.120000000000001 0
      vertex -3.7124548389919365 -8.110392640201615 0
    endloop
  endfacet
  facet normal 0 0 -1
    outer loop
      vertex -8.6122148834902 -8.035734806151273 0
      vertex -6.541341716182545 -8.081939766255644 0
      vertex -8.698658283817455 -8.081939766255644 0
    endloop
  endfacet
  facet normal 0 0 -1
    outer loop
      vertex -8.536446609406728 -7.973553390593274 0
      vertex -6.627785116509802 -8.035734806151273 0
      vertex -8.6122148834902 -8.035734806151273 0
    endloop
  endfacet
  facet normal 0 0 -1
    outer loop
      vertex -8.6122148834902 -8.035734806151273 0
      vertex -6.627785116509802 -8.035734806151273 0
      vertex -6.541341716182545 -8.081939766255644 0
    endloop
  endfacet
  facet normal 0 0 -1
    outer loop
      vertex -6.627785116509802 -8.035734806151273 0
      vertex -8.536446609406728 -7.973553390593274 0
      vertex -6.7035533905932745 -7.973553390593274 0
    endloop
  endfacet
  facet normal 0 0 -1
    outer loop
      vertex -8.474265193848728 -7.897785116509802 0
      vertex -6.7035533905932745 -7.973553390593274 0
      vertex -8.536446609406728 -7.973553390593274 0
    endloop
  endfacet
  facet normal 0 0 -1
    outer loop
      vertex -8.428060233744358 -7.811341716182545 0
      vertex -6.765734806151273 -7.897785116509802 0
      vertex -8.474265193848728 -7.897785116509802 0
    endloop
  endfacet
  facet normal 0 0 -1
    outer loop
      vertex -8.399607359798384 -7.717545161008064 0
      vertex -6.811939766255644 -7.811341716182545 0
      vertex -8.428060233744358 -7.811341716182545 0
    endloop
  endfacet
  facet normal 0 0 -1
    outer loop
      vertex -8.39 -7.62 0
      vertex -6.840392640201616 -7.717545161008064 0
      vertex -8.399607359798384 -7.717545161008064 0
    endloop
  endfacet
  facet normal 0 0 -1
    outer loop
      vertex -8.399607359798384 -7.522454838991936 0
      vertex -6.8500000000000005 -7.62 0
      vertex -8.39 -7.62 0
    endloop
  endfacet
  facet normal 0 0 -1
    outer loop
      vertex -8.428060233744358 -7.428658283817455 0
      vertex -6.840392640201616 -7.522454838991936 0
      vertex -8.399607359798384 -7.522454838991936 0
    endloop
  endfacet
  facet normal 0 0 -1
    outer loop
      vertex -8.474265193848728 -7.342214883490199 0
      vertex -6.811939766255644 -7.428658283817455 0
      vertex -8.428060233744358 -7.428658283817455 0
    endloop
  endfacet
  facet normal 0 0 -1
    outer loop
      vertex -8.536446609406728 -7.266446609406726 0
      vertex -6.765734806151273 -7.342214883490199 0
      vertex -8.474265193848728 -7.342214883490199 0
    endloop
  endfacet
  facet normal 0 0 -1
    outer loop
      vertex -6.7035533905932745 -7.973553390593274 0
      vertex -8.474265193848728 -7.897785116509802 0
      vertex -6.765734806151273 -7.897785116509802 0
    endloop
  endfacet
  facet normal 0 0 -1
    outer loop
      vertex -6.765734806151273 -7.897785116509802 0
      vertex -8.428060233744358 -7.811341716182545 0
      vertex -6.811939766255644 -7.811341716182545 0
    endloop
  endfacet
  facet normal 0 0 -1
    outer loop
      vertex -6.840392640201616 -7.717545161008064 0
      vertex -8.39 -7.62 0
      vertex -6.8500000000000005 -7.62 0
    endloop
  endfacet
  facet normal 0 0 -1
    outer loop
      vertex -8.399607359798384 -7.717545161008064 0
      vertex -6.840392640201616 -7.717545161008064 0
      vertex -6.811939766255644 -7.811341716182545 0
    endloop
  endfacet
  facet normal 0 0 -1
    outer loop
      vertex -8.399607359798384 -7.522454838991936 0
      vertex -6.840392640201616 -7.522454838991936 0
      vertex -6.8500000000000005 -7.62 0
    endloop
  endfacet
  facet normal 0 0 -1
    outer loop
      vertex -8.428060233744358 -7.428658283817455 0
      vertex -6.811939766255644 -7.428658283817455 0
      vertex -6.840392640201616 -7.522454838991936 0
    endloop
  endfacet
  facet normal 0 0 -1
    outer loop
      vertex -8.474265193848728 -7.342214883490199 0
      vertex -6.765734806151273 -7.342214883490199 0
      vertex -6.811939766255644 -7.428658283817455 0
    endloop
  endfacet
  facet normal 0 0 -1
    outer loop
      vertex -8.536446609406728 -7.266446609406726 0
      vertex -6.7035533905932745 -7.266446609406726 0
      vertex -6.765734806151273 -7.342214883490199 0
    endloop
  endfacet
  facet normal -0.7730104533627364 -0.6343932841636464 2.5813595897008664e-18
    outer loop
      vertex -12.384408836907635 -10.286710699058808 0
      vertex -12.011320343559643 -10.741320343559643 0
      vertex -12.011320343559643 -10.741320343559643 8.5
    endloop
  endfacet
  facet normal -0.6343932841636464 -0.7730104533627364 0
    outer loop
      vertex -11.556710699058808 -11.114408836907636 0
      vertex -11.556710699058808 -11.114408836907636 8.5
      vertex -12.011320343559643 -10.741320343559643 0
    endloop
  endfacet
  facet normal -0.4713967368259977 -0.8819212643483549 0
    outer loop
      vertex -11.556710699058808 -11.114408836907636 0
      vertex -11.03805029709527 -11.391638597533861 0
      vertex -11.556710699058808 -11.114408836907636 8.5
    endloop
  endfacet
  facet normal -0.8819212643483549 -0.4713967368259977 -1.0755254396930797e-18
    outer loop
      vertex -12.384408836907635 -10.286710699058808 0
      vertex -12.66163859753386 -9.76805029709527 8.5
      vertex -12.66163859753386 -9.76805029709527 0
    endloop
  endfacet
  facet normal -0.9569403357322087 -0.2902846772544625 0
    outer loop
      vertex -12.66163859753386 -9.76805029709527 0
      vertex -12.66163859753386 -9.76805029709527 8.5
      vertex -12.832355841209692 -9.205270966048385 0
    endloop
  endfacet
  facet normal -0.9951847266721969 -0.09801714032956085 -6.060668151074536e-19
    outer loop
      vertex -12.832355841209692 -9.205270966048385 0
      vertex -12.89 -8.620000000000001 8.5
      vertex -12.89 -8.620000000000001 0
    endloop
  endfacet
  facet normal -0.2902846772544625 -0.9569403357322087 1.2041187435988191e-18
    outer loop
      vertex -11.03805029709527 -11.391638597533861 0
      vertex -10.475270966048384 -11.562355841209692 0
      vertex -10.475270966048384 -11.562355841209692 8.5
    endloop
  endfacet
  facet normal -0.09801714032956085 -0.9951847266721969 0
    outer loop
      vertex -10.475270966048384 -11.562355841209692 0
      vertex -9.89 -11.620000000000001 0
      vertex -10.475270966048384 -11.562355841209692 8.5
    endloop
  endfacet
  facet normal 0 0 -1
    outer loop
      vertex -12.011320343559643 -10.741320343559643 0
      vertex -12.89 -8.620000000000001 0
      vertex -12.89 8.620000000000001 0
    endloop
  endfacet
  facet normal 0 0 -1
    outer loop
      vertex -12.011320343559643 -10.741320343559643 0
      vertex -9.39 7.62 0
      vertex -9.39 -7.62 0
    endloop
  endfacet
  facet normal 0 0 -1
    outer loop
      vertex -9.39 -7.62 0
      vertex -9.380392640201617 7.522454838991936 0
      vertex -9.380392640201617 -7.522454838991936 0
    endloop
  endfacet
  facet normal 0 0 -1
    outer loop
      vertex -9.380392640201617 -7.522454838991936 0
      vertex -9.351939766255644 7.428658283817455 0
      vertex -9.351939766255644 -7.428658283817455 0
    endloop
  endfacet
  facet normal 0 0 -1
    outer loop
      vertex -9.351939766255644 -7.428658283817455 0
      vertex -9.305734806151273 7.342214883490199 0
      vertex -9.305734806151273 -7.342214883490199 0
    endloop
  endfacet
  facet normal 0 0 -1
    outer loop
      vertex -9.305734806151273 -7.342214883490199 0
      vertex -9.243553390593274 7.266446609406726 0
      vertex -9.243553390593274 -7.266446609406726 0
    endloop
  endfacet
  facet normal 0 0 -1
    outer loop
      vertex -9.243553390593274 -7.266446609406726 0
      vertex -9.167785116509801 7.204265193848728 0
      vertex -9.167785116509801 -7.204265193848728 0
    endloop
  endfacet
  facet normal 0 0 -1
    outer loop
      vertex -9.167785116509801 -7.204265193848728 0
      vertex -9.081341716182546 7.158060233744357 0
      vertex -9.081341716182546 -7.158060233744357 0
    endloop
  endfacet
  facet normal 0 0 -1
    outer loop
      vertex -9.081341716182546 -7.158060233744357 0
      vertex -8.987545161008065 7.129607359798385 0
      vertex -8.987545161008065 -7.129607359798385 0
    endloop
  endfacet
  facet normal 0 0 -1
    outer loop
      vertex -8.987545161008065 -7.129607359798385 0
      vertex -8.89 7.12 0
      vertex -8.89 -7.12 0
    endloop
  endfacet
  facet normal 0 0 -1
    outer loop
      vertex -8.89 -7.12 0
      vertex -8.792454838991937 7.129607359798385 0
      vertex -8.792454838991937 -7.129607359798385 0
    endloop
  endfacet
  facet normal 0 0 -1
    outer loop
      vertex -8.792454838991937 -7.129607359798385 0
      vertex -8.698658283817455 7.158060233744357 0
      vertex -8.698658283817455 -7.158060233744357 0
    endloop
  endfacet
  facet normal 0 0 -1
    outer loop
      vertex -8.698658283817455 -7.158060233744357 0
      vertex -8.6122148834902 7.204265193848728 0
      vertex -8.6122148834902 -7.204265193848728 0
    endloop
  endfacet
  facet normal 0 0 -1
    outer loop
      vertex -8.6122148834902 -7.204265193848728 0
      vertex -8.536446609406728 7.266446609406726 0
      vertex -8.536446609406728 -7.266446609406726 0
    endloop
  endfacet
  facet normal 0 0 -1
    outer loop
      vertex -8.536446609406728 -7.266446609406726 0
      vertex -6.072214883490199 7.204265193848728 0
      vertex -6.7035533905932745 -7.266446609406726 0
    endloop
  endfacet
  facet normal 0 0 -1
    outer loop
      vertex -6.7035533905932745 -7.266446609406726 0
      vertex -6.072214883490199 7.204265193848728 0
      vertex -6.627785116509802 -7.204265193848728 0
    endloop
  endfacet
  facet normal 0 0 -1
    outer loop
      vertex -12.011320343559643 -10.741320343559643 0
      vertex -3.7124548389919365 -8.110392640201615 0
      vertex -1.3675451610080647 -8.110392640201615 0
    endloop
  endfacet
  facet normal 0 0 -1
    outer loop
      vertex -12.011320343559643 -10.741320343559643 0
      vertex -1.3675451610080647 -8.110392640201615 0
      vertex -1.2700000000000005 -8.120000000000001 0
    endloop
  endfacet
  facet normal 0 0 -1
    outer loop
      vertex -12.011320343559643 -10.741320343559643 0
      vertex 12.011320343559643 -10.741320343559643 0
      vertex -9.89 -11.620000000000001 0
    endloop
  endfacet
  facet normal 0 0 -1
    outer loop
      vertex -12.011320343559643 -10.741320343559643 0
      vertex -1.2700000000000005 -8.120000000000001 0
      vertex -1.1724548389919363 -8.110392640201615 0
    endloop
  endfacet
  facet normal 0 0 -1
    outer loop
      vertex -12.011320343559643 -10.741320343559643 0
      vertex -1.1724548389919363 -8.110392640201615 0
      vertex 1.1724548389919354 -8.110392640201615 0
    endloop
  endfacet
  facet normal 0 0 -1
    outer loop
      vertex -6.158658283817456 -8.081939766255644 0
      vertex -3.9075451610080645 -8.110392640201615 0
      vertex -6.2524548389919365 -8.110392640201615 0
    endloop
  endfacet
  facet normal 0 0 -1
    outer loop
      vertex -6.072214883490199 -8.035734806151273 0
      vertex -4.001341716182545 -8.081939766255644 0
      vertex -6.158658283817456 -8.081939766255644 0
    endloop
  endfacet
  facet normal 0 0 -1
    outer loop
      vertex -5.996446609406727 -7.973553390593274 0
      vertex -4.087785116509801 -8.035734806151273 0
      vertex -6.072214883490199 -8.035734806151273 0
    endloop
  endfacet
  facet normal 0 0 -1
    outer loop
      vertex -5.934265193848728 -7.897785116509802 0
      vertex -4.1635533905932745 -7.973553390593274 0
      vertex -5.996446609406727 -7.973553390593274 0
    endloop
  endfacet
  facet normal 0 0 -1
    outer loop
      vertex -5.8880602337443575 -7.811341716182545 0
      vertex -4.225734806151273 -7.897785116509802 0
      vertex -5.934265193848728 -7.897785116509802 0
    endloop
  endfacet
  facet normal 0 0 -1
    outer loop
      vertex -5.859607359798385 -7.717545161008064 0
      vertex -4.2719397662556435 -7.811341716182545 0
      vertex -5.8880602337443575 -7.811341716182545 0
    endloop
  endfacet
  facet normal 0 0 -1
    outer loop
      vertex -5.8500000000000005 -7.62 0
      vertex -4.300392640201616 -7.717545161008064 0
      vertex -5.859607359798385 -7.717545161008064 0
    endloop
  endfacet
  facet normal 0 0 -1
    outer loop
      vertex -5.859607359798385 -7.522454838991936 0
      vertex -4.3100000000000005 -7.62 0
      vertex -5.8500000000000005 -7.62 0
    endloop
  endfacet
  facet normal 0 0 -1
    outer loop
      vertex -5.8880602337443575 -7.428658283817455 0
      vertex -4.300392640201616 -7.522454838991936 0
      vertex -5.859607359798385 -7.522454838991936 0
    endloop
  endfacet
  facet normal 0 0 -1
    outer loop
      vertex -5.934265193848728 -7.342214883490199 0
      vertex -4.2719397662556435 -7.428658283817455 0
      vertex -5.8880602337443575 -7.428658283817455 0
    endloop
  endfacet
  facet normal 0 0 -1
    outer loop
      vertex -5.996446609406727 -7.266446609406726 0
      vertex -4.225734806151273 -7.342214883490199 0
      vertex -5.934265193848728 -7.342214883490199 0
    endloop
  endfacet
  facet normal 0 0 -1
    outer loop
      vertex -5.996446609406727 -7.973553390593274 0
      vertex -4.1635533905932745 -7.973553390593274 0
      vertex -4.087785116509801 -8.035734806151273 0
    endloop
  endfacet
  facet normal 0 0 -1
    outer loop
      vertex -3.9075451610080645 -8.110392640201615 0
      vertex -6.158658283817456 -8.081939766255644 0
      vertex -4.001341716182545 -8.081939766255644 0
    endloop
  endfacet
  facet normal 0 0 -1
    outer loop
      vertex -6.072214883490199 -8.035734806151273 0
      vertex -4.087785116509801 -8.035734806151273 0
      vertex -4.001341716182545 -8.081939766255644 0
    endloop
  endfacet
  facet normal 0 0 -1
    outer loop
      vertex -4.1635533905932745 -7.973553390593274 0
      vertex -5.934265193848728 -7.897785116509802 0
      vertex -4.225734806151273 -7.897785116509802 0
    endloop
  endfacet
  facet normal 0 0 -1
    outer loop
      vertex -4.225734806151273 -7.897785116509802 0
      vertex -5.8880602337443575 -7.811341716182545 0
      vertex -4.2719397662556435 -7.811341716182545 0
    endloop
  endfacet
  facet normal 0 0 -1
    outer loop
      vertex -4.2719397662556435 -7.811341716182545 0
      vertex -5.859607359798385 -7.717545161008064 0
      vertex -4.300392640201616 -7.717545161008064 0
    endloop
  endfacet
  facet normal 0 0 -1
    outer loop
      vertex -5.8500000000000005 -7.62 0
      vertex -4.3100000000000005 -7.62 0
      vertex -4.300392640201616 -7.717545161008064 0
    endloop
  endfacet
  facet normal 0 0 -1
    outer loop
      vertex -5.859607359798385 -7.522454838991936 0
      vertex -4.300392640201616 -7.522454838991936 0
      vertex -4.3100000000000005 -7.62 0
    endloop
  endfacet
  facet normal 0 0 -1
    outer loop
      vertex -5.8880602337443575 -7.428658283817455 0
      vertex -4.2719397662556435 -7.428658283817455 0
      vertex -4.300392640201616 -7.522454838991936 0
    endloop
  endfacet
  facet normal 0 0 -1
    outer loop
      vertex -5.934265193848728 -7.342214883490199 0
      vertex -4.225734806151273 -7.342214883490199 0
      vertex -4.2719397662556435 -7.428658283817455 0
    endloop
  endfacet
  facet normal 0 0 -1
    outer loop
      vertex -5.996446609406727 -7.266446609406726 0
      vertex -4.1635533905932745 -7.266446609406726 0
      vertex -4.225734806151273 -7.342214883490199 0
    endloop
  endfacet
  facet normal 0 0 -1
    outer loop
      vertex -12.011320343559643 -10.741320343559643 0
      vertex 1.1724548389919354 -8.110392640201615 0
      vertex 1.2699999999999996 -8.120000000000001 0
    endloop
  endfacet
  facet normal 0 0 -1
    outer loop
      vertex -3.6186582838174557 -8.081939766255644 0
      vertex -1.3675451610080647 -8.110392640201615 0
      vertex -3.7124548389919365 -8.110392640201615 0
    endloop
  endfacet
  facet normal 0 0 -1
    outer loop
      vertex -3.5322148834901994 -8.035734806151273 0
      vertex -1.4613417161825453 -8.081939766255644 0
      vertex -3.6186582838174557 -8.081939766255644 0
    endloop
  endfacet
  facet normal 0 0 -1
    outer loop
      vertex -3.4564466094067265 -7.973553390593274 0
      vertex -1.5477851165098016 -8.035734806151273 0
      vertex -3.5322148834901994 -8.035734806151273 0
    endloop
  endfacet
  facet normal 0 0 -1
    outer loop
      vertex -3.394265193848728 -7.897785116509802 0
      vertex -1.6235533905932742 -7.973553390593274 0
      vertex -3.4564466094067265 -7.973553390593274 0
    endloop
  endfacet
  facet normal 0 0 -1
    outer loop
      vertex -3.394265193848728 -7.342214883490199 0
      vertex -1.731939766255644 -7.428658283817455 0
      vertex -3.348060233744357 -7.428658283817455 0
    endloop
  endfacet
  facet normal 0 0 -1
    outer loop
      vertex -3.4564466094067265 -7.266446609406726 0
      vertex -1.6857348061512731 -7.342214883490199 0
      vertex -3.394265193848728 -7.342214883490199 0
    endloop
  endfacet
  facet normal 0 0 -1
    outer loop
      vertex -3.348060233744357 -7.811341716182545 0
      vertex -1.6857348061512731 -7.897785116509802 0
      vertex -3.394265193848728 -7.897785116509802 0
    endloop
  endfacet
  facet normal 0 0 -1
    outer loop
      vertex -3.3196073597983853 -7.717545161008064 0
      vertex -1.731939766255644 -7.811341716182545 0
      vertex -3.348060233744357 -7.811341716182545 0
    endloop
  endfacet
  facet normal 0 0 -1
    outer loop
      vertex -3.3100000000000005 -7.62 0
      vertex -1.7603926402016157 -7.717545161008064 0
      vertex -3.3196073597983853 -7.717545161008064 0
    endloop
  endfacet
  facet normal 0 0 -1
    outer loop
      vertex -3.3196073597983853 -7.522454838991936 0
      vertex -1.7700000000000005 -7.62 0
      vertex -3.3100000000000005 -7.62 0
    endloop
  endfacet
  facet normal 0 0 -1
    outer loop
      vertex -3.348060233744357 -7.428658283817455 0
      vertex -1.7603926402016157 -7.522454838991936 0
      vertex -3.3196073597983853 -7.522454838991936 0
    endloop
  endfacet
  facet normal 0 0 -1
    outer loop
      vertex -1.3675451610080647 -8.110392640201615 0
      vertex -3.6186582838174557 -8.081939766255644 0
      vertex -1.4613417161825453 -8.081939766255644 0
    endloop
  endfacet
  facet normal 0 0 -1
    outer loop
      vertex -3.5322148834901994 -8.035734806151273 0
      vertex -1.5477851165098016 -8.035734806151273 0
      vertex -1.4613417161825453 -8.081939766255644 0
    endloop
  endfacet
  facet normal 0 0 -1
    outer loop
      vertex -1.5477851165098016 -8.035734806151273 0
      vertex -3.4564466094067265 -7.973553390593274 0
      vertex -1.6235533905932742 -7.973553390593274 0
    endloop
  endfacet
  facet normal 0 0 -1
    outer loop
      vertex -1.6235533905932742 -7.973553390593274 0
      vertex -3.394265193848728 -7.897785116509802 0
      vertex -1.6857348061512731 -7.897785116509802 0
    endloop
  endfacet
  facet normal 0 0 -1
    outer loop
      vertex -3.348060233744357 -7.811341716182545 0
      vertex -1.731939766255644 -7.811341716182545 0
      vertex -1.6857348061512731 -7.897785116509802 0
    endloop
  endfacet
  facet normal 0 0 -1
    outer loop
      vertex -3.3196073597983853 -7.717545161008064 0
      vertex -1.7603926402016157 -7.717545161008064 0
      vertex -1.731939766255644 -7.811341716182545 0
    endloop
  endfacet
  facet normal 0 0 -1
    outer loop
      vertex -3.3100000000000005 -7.62 0
      vertex -1.7700000000000005 -7.62 0
      vertex -1.7603926402016157 -7.717545161008064 0
    endloop
  endfacet
  facet normal 0 0 -1
    outer loop
      vertex -3.3196073597983853 -7.522454838991936 0
      vertex -1.7603926402016157 -7.522454838991936 0
      vertex -1.7700000000000005 -7.62 0
    endloop
  endfacet
  facet normal 0 0 -1
    outer loop
      vertex -3.348060233744357 -7.428658283817455 0
      vertex -1.731939766255644 -7.428658283817455 0
      vertex -1.7603926402016157 -7.522454838991936 0
    endloop
  endfacet
  facet normal 0 0 -1
    outer loop
      vertex -3.394265193848728 -7.342214883490199 0
      vertex -1.6857348061512731 -7.342214883490199 0
      vertex -1.731939766255644 -7.428658283817455 0
    endloop
  endfacet
  facet normal 0 0 -1
    outer loop
      vertex -3.4564466094067265 -7.266446609406726 0
      vertex -1.6235533905932742 -7.266446609406726 0
      vertex -1.6857348061512731 -7.342214883490199 0
    endloop
  endfacet
  facet normal 0 0 -1
    outer loop
      vertex -1.0786582838174557 -8.081939766255644 0
      vertex 1.1724548389919354 -8.110392640201615 0
      vertex -1.1724548389919363 -8.110392640201615 0
    endloop
  endfacet
  facet normal 0 0 -1
    outer loop
      vertex -0.9922148834901994 -8.035734806151273 0
      vertex 1.0786582838174548 -8.081939766255644 0
      vertex -1.0786582838174557 -8.081939766255644 0
    endloop
  endfacet
  facet normal 0 0 -1
    outer loop
      vertex -0.9164466094067267 -7.973553390593274 0
      vertex 0.9922148834901985 -8.035734806151273 0
      vertex -0.9922148834901994 -8.035734806151273 0
    endloop
  endfacet
  facet normal 0 0 -1
    outer loop
      vertex -0.8542651938487278 -7.897785116509802 0
      vertex 0.9164466094067258 -7.973553390593274 0
      vertex -0.9164466094067267 -7.973553390593274 0
    endloop
  endfacet
  facet normal 0 0 -1
    outer loop
      vertex -0.8080602337443571 -7.811341716182545 0
      vertex 0.8542651938487269 -7.897785116509802 0
      vertex -0.8542651938487278 -7.897785116509802 0
    endloop
  endfacet
  facet normal 0 0 -1
    outer loop
      vertex -0.7796073597983852 -7.717545161008064 0
      vertex 0.8080602337443562 -7.811341716182545 0
      vertex -0.8080602337443571 -7.811341716182545 0
    endloop
  endfacet
  facet normal 0 0 -1
    outer loop
      vertex -0.7700000000000005 -7.62 0
      vertex 0.7796073597983844 -7.717545161008064 0
      vertex -0.7796073597983852 -7.717545161008064 0
    endloop
  endfacet
  facet normal 0 0 -1
    outer loop
      vertex -0.7796073597983852 -7.522454838991936 0
      vertex 0.7699999999999996 -7.62 0
      vertex -0.7700000000000005 -7.62 0
    endloop
  endfacet
  facet normal 0 0 -1
    outer loop
      vertex -0.8080602337443571 -7.428658283817455 0
      vertex 0.7796073597983844 -7.522454838991936 0
      vertex -0.7796073597983852 -7.522454838991936 0
    endloop
  endfacet
  facet normal 0 0 -1
    outer loop
      vertex -0.9164466094067267 -7.266446609406726 0
      vertex 0.8542651938487269 -7.342214883490199 0
      vertex -0.8542651938487278 -7.342214883490199 0
    endloop
  endfacet
  facet normal 0 0 -1
    outer loop
      vertex -0.8542651938487278 -7.342214883490199 0
      vertex 0.8080602337443562 -7.428658283817455 0
      vertex -0.8080602337443571 -7.428658283817455 0
    endloop
  endfacet
  facet normal 0 0 -1
    outer loop
      vertex -0.9922148834901994 -7.204265193848728 0
      vertex 0.9164466094067258 -7.266446609406726 0
      vertex -0.9164466094067267 -7.266446609406726 0
    endloop
  endfacet
  facet normal 0 0 -1
    outer loop
      vertex -6.627785116509802 -7.204265193848728 0
      vertex -6.072214883490199 7.204265193848728 0
      vertex -6.541341716182545 -7.158060233744357 0
    endloop
  endfacet
  facet normal 0 0 -1
    outer loop
      vertex -6.541341716182545 -7.158060233744357 0
      vertex -6.072214883490199 7.204265193848728 0
      vertex -6.4475451610080645 -7.129607359798385 0
    endloop
  endfacet
  facet normal 0 0 -1
    outer loop
      vertex -6.4475451610080645 -7.129607359798385 0
      vertex -6.072214883490199 7.204265193848728 0
      vertex -6.3500000000000005 -7.12 0
    endloop
  endfacet
  facet normal 0 0 -1
    outer loop
      vertex -6.2524548389919365 -7.129607359798385 0
      vertex -6.072214883490199 7.204265193848728 0
      vertex -6.158658283817456 -7.158060233744357 0
    endloop
  endfacet
  facet normal 0 0 -1
    outer loop
      vertex -6.158658283817456 -7.158060233744357 0
      vertex -6.072214883490199 7.204265193848728 0
      vertex -6.072214883490199 -7.204265193848728 0
    endloop
  endfacet
  facet normal 0 0 -1
    outer loop
      vertex -6.3500000000000005 -7.12 0
      vertex -6.072214883490199 7.204265193848728 0
      vertex -6.2524548389919365 -7.129607359798385 0
    endloop
  endfacet
  facet normal 0 0 -1
    outer loop
      vertex -6.072214883490199 -7.204265193848728 0
      vertex -5.996446609406727 7.266446609406726 0
      vertex -5.996446609406727 -7.266446609406726 0
    endloop
  endfacet
  facet normal 0 0 -1
    outer loop
      vertex -5.996446609406727 -7.266446609406726 0
      vertex -5.996446609406727 7.266446609406726 0
      vertex -4.1635533905932745 -7.266446609406726 0
    endloop
  endfacet
  facet normal 0 0 -1
    outer loop
      vertex -4.1635533905932745 -7.266446609406726 0
      vertex -5.996446609406727 7.266446609406726 0
      vertex -4.087785116509801 -7.204265193848728 0
    endloop
  endfacet
  facet normal 0 0 -1
    outer loop
      vertex -4.087785116509801 -7.204265193848728 0
      vertex -5.996446609406727 7.266446609406726 0
      vertex -4.001341716182545 -7.158060233744357 0
    endloop
  endfacet
  facet normal 0 0 -1
    outer loop
      vertex -4.001341716182545 -7.158060233744357 0
      vertex -5.996446609406727 7.266446609406726 0
      vertex -3.9075451610080645 -7.129607359798385 0
    endloop
  endfacet
  facet normal 0 0 -1
    outer loop
      vertex -3.9075451610080645 -7.129607359798385 0
      vertex -5.996446609406727 7.266446609406726 0
      vertex -3.8100000000000005 -7.12 0
    endloop
  endfacet
  facet normal 0 0 -1
    outer loop
      vertex -3.8100000000000005 -7.12 0
      vertex -5.996446609406727 7.266446609406726 0
      vertex -3.7124548389919365 -7.129607359798385 0
    endloop
  endfacet
  facet normal 0 0 -1
    outer loop
      vertex -3.7124548389919365 -7.129607359798385 0
      vertex -5.996446609406727 7.266446609406726 0
      vertex -3.6186582838174557 -7.158060233744357 0
    endloop
  endfacet
  facet normal 0 0 -1
    outer loop
      vertex -3.6186582838174557 -7.158060233744357 0
      vertex -5.996446609406727 7.266446609406726 0
      vertex -3.5322148834901994 -7.204265193848728 0
    endloop
  endfacet
  facet normal 0 0 -1
    outer loop
      vertex -3.5322148834901994 -7.204265193848728 0
      vertex -5.934265193848728 7.342214883490199 0
      vertex -3.4564466094067265 -7.266446609406726 0
    endloop
  endfacet
  facet normal 0 0 -1
    outer loop
      vertex -3.4564466094067265 -7.266446609406726 0
      vertex -5.934265193848728 7.342214883490199 0
      vertex -1.6235533905932742 -7.266446609406726 0
    endloop
  endfacet
  facet normal 0 0 -1
    outer loop
      vertex -1.6235533905932742 -7.266446609406726 0
      vertex -5.934265193848728 7.342214883490199 0
      vertex -1.5477851165098016 -7.204265193848728 0
    endloop
  endfacet
  facet normal 0 0 -1
    outer loop
      vertex -1.5477851165098016 -7.204265193848728 0
      vertex -5.934265193848728 7.342214883490199 0
      vertex -1.4613417161825453 -7.158060233744357 0
    endloop
  endfacet
  facet normal 0 0 -1
    outer loop
      vertex -1.4613417161825453 -7.158060233744357 0
      vertex -5.934265193848728 7.342214883490199 0
      vertex -1.3675451610080647 -7.129607359798385 0
    endloop
  endfacet
  facet normal 0 0 -1
    outer loop
      vertex -1.3675451610080647 -7.129607359798385 0
      vertex -5.934265193848728 7.342214883490199 0
      vertex -1.2700000000000005 -7.12 0
    endloop
  endfacet
  facet normal 0 0 -1
    outer loop
      vertex -1.2700000000000005 -7.12 0
      vertex -5.934265193848728 7.342214883490199 0
      vertex -1.1724548389919363 -7.129607359798385 0
    endloop
  endfacet
  facet normal 0 0 -1
    outer loop
      vertex -1.1724548389919363 -7.129607359798385 0
      vertex -5.934265193848728 7.342214883490199 0
      vertex -1.0786582838174557 -7.158060233744357 0
    endloop
  endfacet
  facet normal 0 0 -1
    outer loop
      vertex -1.0786582838174557 -7.158060233744357 0
      vertex -5.8880602337443575 7.428658283817455 0
      vertex -0.9922148834901994 -7.204265193848728 0
    endloop
  endfacet
  facet normal 0 0 -1
    outer loop
      vertex -0.9922148834901994 -7.204265193848728 0
      vertex -5.8880602337443575 7.428658283817455 0
      vertex 0.9922148834901985 -7.204265193848728 0
    endloop
  endfacet
  facet normal 0 0 -1
    outer loop
      vertex -5.8880602337443575 7.428658283817455 0
      vertex 1.0786582838174548 -7.158060233744357 0
      vertex 0.9922148834901985 -7.204265193848728 0
    endloop
  endfacet
  facet normal 0 0 -1
    outer loop
      vertex -5.8880602337443575 7.428658283817455 0
      vertex 1.1724548389919354 -7.129607359798385 0
      vertex 1.0786582838174548 -7.158060233744357 0
    endloop
  endfacet
  facet normal 0 0 -1
    outer loop
      vertex -5.8880602337443575 7.428658283817455 0
      vertex 1.2699999999999996 -7.12 0
      vertex 1.1724548389919354 -7.129607359798385 0
    endloop
  endfacet
  facet normal 0 0 -1
    outer loop
      vertex -5.8880602337443575 7.428658283817455 0
      vertex 1.3675451610080638 -7.129607359798385 0
      vertex 1.2699999999999996 -7.12 0
    endloop
  endfacet
  facet normal 0 0 -1
    outer loop
      vertex -5.8880602337443575 7.428658283817455 0
      vertex 1.4613417161825444 -7.158060233744357 0
      vertex 1.3675451610080638 -7.129607359798385 0
    endloop
  endfacet
  facet normal 0 0 -1
    outer loop
      vertex -5.859607359798385 7.522454838991936 0
      vertex 1.5477851165098007 -7.204265193848728 0
      vertex 1.4613417161825444 -7.158060233744357 0
    endloop
  endfacet
  facet normal 0 0 -1
    outer loop
      vertex -5.859607359798385 7.522454838991936 0
      vertex 3.5322148834901976 -7.204265193848728 0
      vertex 1.5477851165098007 -7.204265193848728 0
    endloop
  endfacet
  facet normal -0.7730104533627364 -0.6343932841636464 0
    outer loop
      vertex -12.384408836907635 -10.286710699058808 0
      vertex -12.011320343559643 -10.741320343559643 8.5
      vertex -12.384408836907635 -10.286710699058808 8.5
    endloop
  endfacet
  facet normal -0.6343932841636464 -0.7730104533627364 0
    outer loop
      vertex -12.011320343559643 -10.741320343559643 0
      vertex -11.556710699058808 -11.114408836907636 8.5
      vertex -12.011320343559643 -10.741320343559643 8.5
    endloop
  endfacet
  facet normal -0.8819212643483549 -0.4713967368259977 0
    outer loop
      vertex -12.384408836907635 -10.286710699058808 0
      vertex -12.384408836907635 -10.286710699058808 8.5
      vertex -12.66163859753386 -9.76805029709527 8.5
    endloop
  endfacet
  facet normal -0.9569403357322087 -0.2902846772544625 0
    outer loop
      vertex -12.832355841209692 -9.205270966048385 0
      vertex -12.66163859753386 -9.76805029709527 8.5
      vertex -12.832355841209692 -9.205270966048385 8.5
    endloop
  endfacet
  facet normal -0.9951847266721969 -0.09801714032956085 0
    outer loop
      vertex -12.832355841209692 -9.205270966048385 0
      vertex -12.832355841209692 -9.205270966048385 8.5
      vertex -12.89 -8.620000000000001 8.5
    endloop
  endfacet
  facet normal -0.4713967368259977 -0.8819212643483549 0
    outer loop
      vertex -11.03805029709527 -11.391638597533861 0
      vertex -11.03805029709527 -11.391638597533861 8.5
      vertex -11.556710699058808 -11.114408836907636 8.5
    endloop
  endfacet
  facet normal -0.2902846772544625 -0.9569403357322087 0
    outer loop
      vertex -11.03805029709527 -11.391638597533861 0
      vertex -10.475270966048384 -11.562355841209692 8.5
      vertex -11.03805029709527 -11.391638597533861 8.5
    endloop
  endfacet
  facet normal -0.09801714032956085 -0.9951847266721969 0
    outer loop
      vertex -9.89 -11.620000000000001 0
      vertex -9.89 -11.620000000000001 8.5
      vertex -10.475270966048384 -11.562355841209692 8.5
    endloop
  endfacet
  facet normal 0 0 1
    outer loop
      vertex -12.384408836907635 -10.286710699058808 8.5
      vertex -12.011320343559643 -10.741320343559643 8.5
      vertex -12.66163859753386 -9.76805029709527 8.5
    endloop
  endfacet
  facet normal 0 0 1
    outer loop
      vertex -11.556710699058808 -11.114408836907636 8.5
      vertex -11.03805029709527 -11.391638597533861 8.5
      vertex -12.011320343559643 -10.741320343559643 8.5
    endloop
  endfacet
  facet normal 0 0 1
    outer loop
      vertex -12.011320343559643 -10.741320343559643 8.5
      vertex -12.89 -8.620000000000001 8.5
      vertex -12.66163859753386 -9.76805029709527 8.5
    endloop
  endfacet
  facet normal 0 0 1
    outer loop
      vertex -12.66163859753386 -9.76805029709527 8.5
      vertex -12.89 -8.620000000000001 8.5
      vertex -12.832355841209692 -9.205270966048385 8.5
    endloop
  endfacet
  facet normal 0 0 1
    outer loop
      vertex -12.011320343559643 -10.741320343559643 8.5
      vertex -11.03805029709527 -11.391638597533861 8.5
      vertex -9.89 -11.620000000000001 8.5
    endloop
  endfacet
  facet normal 0 0 1
    outer loop
      vertex -11.03805029709527 -11.391638597533861 8.5
      vertex -10.475270966048384 -11.562355841209692 8.5
      vertex -9.89 -11.620000000000001 8.5
    endloop
  endfacet
  facet normal 0 0 1
    outer loop
      vertex -12.011320343559643 -10.741320343559643 8.5
      vertex -9.721491579260158 -7.964415089128581 8.5
      vertex -9.772706752362907 -7.795581289814516 8.5
    endloop
  endfacet
  facet normal 0 0 1
    outer loop
      vertex -12.011320343559643 -10.741320343559643 8.5
      vertex -9.390013209717642 -8.36832265107229 8.5
      vertex -9.526396103067894 -8.256396103067893 8.5
    endloop
  endfacet
  facet normal 0 0 1
    outer loop
      vertex -12.011320343559643 -10.741320343559643 8.5
      vertex -9.234415089128582 -8.451491579260159 8.5
      vertex -9.390013209717642 -8.36832265107229 8.5
    endloop
  endfacet
  facet normal 0 0 1
    outer loop
      vertex -12.011320343559643 -10.741320343559643 8.5
      vertex -9.065581289814515 -8.502706752362908 8.5
      vertex -9.234415089128582 -8.451491579260159 8.5
    endloop
  endfacet
  facet normal 0 0 1
    outer loop
      vertex -12.011320343559643 -10.741320343559643 8.5
      vertex -9.526396103067894 -8.256396103067893 8.5
      vertex -9.638322651072292 -8.120013209717643 8.5
    endloop
  endfacet
  facet normal 0 0 1
    outer loop
      vertex -12.011320343559643 -10.741320343559643 8.5
      vertex -9.638322651072292 -8.120013209717643 8.5
      vertex -9.721491579260158 -7.964415089128581 8.5
    endloop
  endfacet
  facet normal 0 0 1
    outer loop
      vertex -12.011320343559643 -10.741320343559643 8.5
      vertex -8.89 -8.52 8.5
      vertex -9.065581289814515 -8.502706752362908 8.5
    endloop
  endfacet
  facet normal 0 0 1
    outer loop
      vertex -12.011320343559643 -10.741320343559643 8.5
      vertex -8.714418710185486 -8.502706752362908 8.5
      vertex -8.89 -8.52 8.5
    endloop
  endfacet
  facet normal 0 0 1
    outer loop
      vertex -12.011320343559643 -10.741320343559643 8.5
      vertex -8.545584910871419 -8.451491579260159 8.5
      vertex -8.714418710185486 -8.502706752362908 8.5
    endloop
  endfacet
  facet normal 0 0 1
    outer loop
      vertex -12.011320343559643 -10.741320343559643 8.5
      vertex -6.694415089128581 -8.451491579260159 8.5
      vertex -8.545584910871419 -8.451491579260159 8.5
    endloop
  endfacet
  facet normal 0 0 1
    outer loop
      vertex -12.011320343559643 -10.741320343559643 8.5
      vertex -6.525581289814516 -8.502706752362908 8.5
      vertex -6.694415089128581 -8.451491579260159 8.5
    endloop
  endfacet
  facet normal 0 0 1
    outer loop
      vertex -12.011320343559643 -10.741320343559643 8.5
      vertex -6.3500000000000005 -8.52 8.5
      vertex -6.525581289814516 -8.502706752362908 8.5
    endloop
  endfacet
  facet normal 0 0 1
    outer loop
      vertex -12.011320343559643 -10.741320343559643 8.5
      vertex -6.174418710185485 -8.502706752362908 8.5
      vertex -6.3500000000000005 -8.52 8.5
    endloop
  endfacet
  facet normal 0 0 1
    outer loop
      vertex -12.011320343559643 -10.741320343559643 8.5
      vertex -3.9855812898145158 -8.502706752362908 8.5
      vertex -6.174418710185485 -8.502706752362908 8.5
    endloop
  endfacet
  facet normal 0 0 1
    outer loop
      vertex -12.011320343559643 -10.741320343559643 8.5
      vertex -3.8100000000000005 -8.52 8.5
      vertex -3.9855812898145158 -8.502706752362908 8.5
    endloop
  endfacet
  facet normal 0 0 1
    outer loop
      vertex -8.545584910871419 -8.451491579260159 8.5
      vertex -6.850013209717643 -8.36832265107229 8.5
      vertex -8.389986790282359 -8.36832265107229 8.5
    endloop
  endfacet
  facet normal 0 0 1
    outer loop
      vertex -8.389986790282359 -8.36832265107229 8.5
      vertex -6.850013209717643 -8.36832265107229 8.5
      vertex -8.253603896932107 -8.256396103067893 8.5
    endloop
  endfacet
  facet normal 0 0 1
    outer loop
      vertex -8.253603896932107 -8.256396103067893 8.5
      vertex -6.986396103067893 -8.256396103067893 8.5
      vertex -8.14167734892771 -8.120013209717643 8.5
    endloop
  endfacet
  facet normal 0 0 1
    outer loop
      vertex -8.14167734892771 -8.120013209717643 8.5
      vertex -7.181491579260158 -7.964415089128581 8.5
      vertex -8.058508420739843 -7.964415089128581 8.5
    endloop
  endfacet
  facet normal 0 0 1
    outer loop
      vertex -8.545584910871419 -8.451491579260159 8.5
      vertex -6.694415089128581 -8.451491579260159 8.5
      vertex -6.850013209717643 -8.36832265107229 8.5
    endloop
  endfacet
  facet normal 0 0 1
    outer loop
      vertex -8.14167734892771 -8.120013209717643 8.5
      vertex -7.098322651072291 -8.120013209717643 8.5
      vertex -7.181491579260158 -7.964415089128581 8.5
    endloop
  endfacet
  facet normal 0 0 1
    outer loop
      vertex -8.253603896932107 -8.256396103067893 8.5
      vertex -6.850013209717643 -8.36832265107229 8.5
      vertex -6.986396103067893 -8.256396103067893 8.5
    endloop
  endfacet
  facet normal 0 0 1
    outer loop
      vertex -8.14167734892771 -8.120013209717643 8.5
      vertex -6.986396103067893 -8.256396103067893 8.5
      vertex -7.098322651072291 -8.120013209717643 8.5
    endloop
  endfacet
  facet normal 0 0 1
    outer loop
      vertex -8.058508420739843 -7.964415089128581 8.5
      vertex -7.232706752362908 -7.795581289814516 8.5
      vertex -8.007293247637094 -7.795581289814516 8.5
    endloop
  endfacet
  facet normal 0 0 1
    outer loop
      vertex -8.058508420739843 -7.964415089128581 8.5
      vertex -7.181491579260158 -7.964415089128581 8.5
      vertex -7.232706752362908 -7.795581289814516 8.5
    endloop
  endfacet
  facet normal 0 0 1
    outer loop
      vertex -8.007293247637094 -7.795581289814516 8.5
      vertex -7.232706752362908 -7.795581289814516 8.5
      vertex -7.250000000000001 -7.62 8.5
    endloop
  endfacet
  facet normal 0 0 1
    outer loop
      vertex -8.007293247637094 -7.795581289814516 8.5
      vertex -7.250000000000001 -7.62 8.5
      vertex -7.232706752362908 -7.444418710185484 8.5
    endloop
  endfacet
  facet normal 0 0 1
    outer loop
      vertex -8.007293247637094 -7.795581289814516 8.5
      vertex -7.232706752362908 -7.444418710185484 8.5
      vertex -7.181491579260158 -7.2755849108714195 8.5
    endloop
  endfacet
  facet normal 0 0 1
    outer loop
      vertex -8.007293247637094 -7.795581289814516 8.5
      vertex -7.181491579260158 -7.2755849108714195 8.5
      vertex -7.098322651072291 -7.119986790282358 8.5
    endloop
  endfacet
  facet normal 0 0 1
    outer loop
      vertex -8.007293247637094 -7.795581289814516 8.5
      vertex -7.098322651072291 -7.119986790282358 8.5
      vertex -6.986396103067893 -6.983603896932108 8.5
    endloop
  endfacet
  facet normal 0 0 1
    outer loop
      vertex -8.007293247637094 -7.795581289814516 8.5
      vertex -6.986396103067893 -6.983603896932108 8.5
      vertex -6.850013209717643 -6.87167734892771 8.5
    endloop
  endfacet
  facet normal -1 0 0
    outer loop
      vertex -12.89 -8.620000000000001 0
      vertex -12.89 -8.620000000000001 8.5
      vertex -12.89 8.620000000000001 8.5
    endloop
  endfacet
  facet normal 0 0 1
    outer loop
      vertex -12.011320343559643 -10.741320343559643 8.5
      vertex -12.89 8.620000000000001 8.5
      vertex -12.89 -8.620000000000001 8.5
    endloop
  endfacet
  facet normal 0 0 1
    outer loop
      vertex -12.011320343559643 -10.741320343559643 8.5
      vertex -9.772706752362907 -7.795581289814516 8.5
      vertex -12.011320343559643 10.741320343559643 8.5
    endloop
  endfacet
  facet normal 0 0 1
    outer loop
      vertex -12.011320343559643 10.741320343559643 8.5
      vertex -9.772706752362907 -7.795581289814516 8.5
      vertex -9.790000000000001 -7.62 8.5
    endloop
  endfacet
  facet normal 0 0 1
    outer loop
      vertex -12.011320343559643 10.741320343559643 8.5
      vertex -9.790000000000001 -7.62 8.5
      vertex -9.772706752362907 -7.444418710185484 8.5
    endloop
  endfacet
  facet normal 0 0 1
    outer loop
      vertex -12.011320343559643 10.741320343559643 8.5
      vertex -9.772706752362907 -7.444418710185484 8.5
      vertex -9.721491579260158 -7.2755849108714195 8.5
    endloop
  endfacet
  facet normal 0 0 1
    outer loop
      vertex -12.011320343559643 10.741320343559643 8.5
      vertex -9.721491579260158 -7.2755849108714195 8.5
      vertex -9.638322651072292 -7.119986790282358 8.5
    endloop
  endfacet
  facet normal 0 0 1
    outer loop
      vertex -12.011320343559643 10.741320343559643 8.5
      vertex -9.638322651072292 -7.119986790282358 8.5
      vertex -9.526396103067894 -6.983603896932108 8.5
    endloop
  endfacet
  facet normal 0 0 1
    outer loop
      vertex -12.011320343559643 10.741320343559643 8.5
      vertex -9.526396103067894 -6.983603896932108 8.5
      vertex -9.390013209717642 -6.87167734892771 8.5
    endloop
  endfacet
  facet normal 0 0 1
    outer loop
      vertex -12.011320343559643 10.741320343559643 8.5
      vertex -9.390013209717642 -6.87167734892771 8.5
      vertex -9.234415089128582 -6.788508420739842 8.5
    endloop
  endfacet
  facet normal 0 0 1
    outer loop
      vertex -12.011320343559643 10.741320343559643 8.5
      vertex -9.234415089128582 -6.788508420739842 8.5
      vertex -9.065581289814515 -6.737293247637092 8.5
    endloop
  endfacet
  facet normal 0 0 1
    outer loop
      vertex -12.011320343559643 10.741320343559643 8.5
      vertex -9.065581289814515 -6.737293247637092 8.5
      vertex -8.89 -6.72 8.5
    endloop
  endfacet
  facet normal 0 0 1
    outer loop
      vertex -12.011320343559643 10.741320343559643 8.5
      vertex -8.89 -6.72 8.5
      vertex -8.714418710185486 -6.737293247637092 8.5
    endloop
  endfacet
  facet normal 0 -1 0
    outer loop
      vertex -9.89 -11.620000000000001 0
      vertex 9.89 -11.620000000000001 8.5
      vertex -9.89 -11.620000000000001 8.5
    endloop
  endfacet
  facet normal 0 0 1
    outer loop
      vertex -12.011320343559643 -10.741320343559643 8.5
      vertex -9.89 -11.620000000000001 8.5
      vertex 12.011320343559643 -10.741320343559643 8.5
    endloop
  endfacet
  facet normal 0 0 1
    outer loop
      vertex -6.174418710185485 -8.502706752362908 8.5
      vertex -4.154415089128581 -8.451491579260159 8.5
      vertex -6.00558491087142 -8.451491579260159 8.5
    endloop
  endfacet
  facet normal 0 0 1
    outer loop
      vertex -6.00558491087142 -8.451491579260159 8.5
      vertex -4.154415089128581 -8.451491579260159 8.5
      vertex -5.849986790282358 -8.36832265107229 8.5
    endloop
  endfacet
  facet normal 0 0 1
    outer loop
      vertex -5.849986790282358 -8.36832265107229 8.5
      vertex -4.446396103067894 -8.256396103067893 8.5
      vertex -5.713603896932108 -8.256396103067893 8.5
    endloop
  endfacet
  facet normal 0 0 1
    outer loop
      vertex -5.713603896932108 -8.256396103067893 8.5
      vertex -4.446396103067894 -8.256396103067893 8.5
      vertex -5.60167734892771 -8.120013209717643 8.5
    endloop
  endfacet
  facet normal 0 0 1
    outer loop
      vertex -5.60167734892771 -8.120013209717643 8.5
      vertex -4.558322651072292 -8.120013209717643 8.5
      vertex -5.518508420739843 -7.964415089128581 8.5
    endloop
  endfacet
  facet normal 0 0 1
    outer loop
      vertex -5.849986790282358 -8.36832265107229 8.5
      vertex -4.310013209717642 -8.36832265107229 8.5
      vertex -4.446396103067894 -8.256396103067893 8.5
    endloop
  endfacet
  facet normal 0 0 1
    outer loop
      vertex -5.60167734892771 -8.120013209717643 8.5
      vertex -4.446396103067894 -8.256396103067893 8.5
      vertex -4.558322651072292 -8.120013209717643 8.5
    endloop
  endfacet
  facet normal 0 0 1
    outer loop
      vertex -5.518508420739843 -7.964415089128581 8.5
      vertex -4.558322651072292 -8.120013209717643 8.5
      vertex -4.641491579260158 -7.964415089128581 8.5
    endloop
  endfacet
  facet normal 0 0 1
    outer loop
      vertex -5.518508420739843 -7.964415089128581 8.5
      vertex -4.641491579260158 -7.964415089128581 8.5
      vertex -5.467293247637093 -7.795581289814516 8.5
    endloop
  endfacet
  facet normal 0 0 1
    outer loop
      vertex -5.467293247637093 -7.795581289814516 8.5
      vertex -4.692706752362908 -7.795581289814516 8.5
      vertex -5.45 -7.62 8.5
    endloop
  endfacet
  facet normal 0 0 1
    outer loop
      vertex -5.467293247637093 -7.795581289814516 8.5
      vertex -4.641491579260158 -7.964415089128581 8.5
      vertex -4.692706752362908 -7.795581289814516 8.5
    endloop
  endfacet
  facet normal 0 0 1
    outer loop
      vertex -5.45 -7.62 8.5
      vertex -4.692706752362908 -7.795581289814516 8.5
      vertex -4.710000000000001 -7.62 8.5
    endloop
  endfacet
  facet normal 0 0 1
    outer loop
      vertex -5.45 -7.62 8.5
      vertex -4.710000000000001 -7.62 8.5
      vertex -5.467293247637093 -7.444418710185484 8.5
    endloop
  endfacet
  facet normal 0 0 1
    outer loop
      vertex -5.467293247637093 -7.444418710185484 8.5
      vertex -4.692706752362908 -7.444418710185484 8.5
      vertex -5.518508420739843 -7.2755849108714195 8.5
    endloop
  endfacet
  facet normal 0 0 1
    outer loop
      vertex -5.467293247637093 -7.444418710185484 8.5
      vertex -4.710000000000001 -7.62 8.5
      vertex -4.692706752362908 -7.444418710185484 8.5
    endloop
  endfacet
  facet normal 0 0 1
    outer loop
      vertex -5.518508420739843 -7.2755849108714195 8.5
      vertex -4.692706752362908 -7.444418710185484 8.5
      vertex -4.641491579260158 -7.2755849108714195 8.5
    endloop
  endfacet
  facet normal 0 0 1
    outer loop
      vertex -5.60167734892771 -7.119986790282358 8.5
      vertex -4.558322651072292 -7.119986790282358 8.5
      vertex -5.713603896932108 -6.983603896932108 8.5
    endloop
  endfacet
  facet normal 0 0 1
    outer loop
      vertex -5.849986790282358 -6.87167734892771 8.5
      vertex -5.713603896932108 -6.983603896932108 8.5
      vertex -4.446396103067894 -6.983603896932108 8.5
    endloop
  endfacet
  facet normal 0 0 1
    outer loop
      vertex -6.00558491087142 -6.788508420739842 8.5
      vertex -5.849986790282358 -6.87167734892771 8.5
      vertex -4.154415089128581 -6.788508420739842 8.5
    endloop
  endfacet
  facet normal 0 0 1
    outer loop
      vertex -5.60167734892771 -7.119986790282358 8.5
      vertex -5.518508420739843 -7.2755849108714195 8.5
      vertex -4.558322651072292 -7.119986790282358 8.5
    endloop
  endfacet
  facet normal 0 0 1
    outer loop
      vertex -5.518508420739843 -7.2755849108714195 8.5
      vertex -4.641491579260158 -7.2755849108714195 8.5
      vertex -4.558322651072292 -7.119986790282358 8.5
    endloop
  endfacet
  facet normal 0 0 1
    outer loop
      vertex -5.713603896932108 -6.983603896932108 8.5
      vertex -4.558322651072292 -7.119986790282358 8.5
      vertex -4.446396103067894 -6.983603896932108 8.5
    endloop
  endfacet
  facet normal 0 0 1
    outer loop
      vertex -5.849986790282358 -6.87167734892771 8.5
      vertex -4.446396103067894 -6.983603896932108 8.5
      vertex -4.310013209717642 -6.87167734892771 8.5
    endloop
  endfacet
  facet normal 0 0 1
    outer loop
      vertex -6.174418710185485 -8.502706752362908 8.5
      vertex -3.9855812898145158 -8.502706752362908 8.5
      vertex -4.154415089128581 -8.451491579260159 8.5
    endloop
  endfacet
  facet normal 0 0 1
    outer loop
      vertex -5.849986790282358 -8.36832265107229 8.5
      vertex -4.154415089128581 -8.451491579260159 8.5
      vertex -4.310013209717642 -8.36832265107229 8.5
    endloop
  endfacet
  facet normal 0 0 1
    outer loop
      vertex -5.849986790282358 -6.87167734892771 8.5
      vertex -4.310013209717642 -6.87167734892771 8.5
      vertex -4.154415089128581 -6.788508420739842 8.5
    endloop
  endfacet
  facet normal 0 0 1
    outer loop
      vertex -12.011320343559643 -10.741320343559643 8.5
      vertex 12.011320343559643 -10.741320343559643 8.5
      vertex -3.8100000000000005 -8.52 8.5
    endloop
  endfacet
  facet normal 0 0 1
    outer loop
      vertex -3.6344187101854852 -8.502706752362908 8.5
      vertex -1.445581289814516 -8.502706752362908 8.5
      vertex -3.46558491087142 -8.451491579260159 8.5
    endloop
  endfacet
  facet normal 0 0 1
    outer loop
      vertex -3.46558491087142 -8.451491579260159 8.5
      vertex -1.6144150891285813 -8.451491579260159 8.5
      vertex -3.3099867902823585 -8.36832265107229 8.5
    endloop
  endfacet
  facet normal 0 0 1
    outer loop
      vertex -3.3099867902823585 -8.36832265107229 8.5
      vertex -1.7700132097176424 -8.36832265107229 8.5
      vertex -3.1736038969321076 -8.256396103067893 8.5
    endloop
  endfacet
  facet normal 0 0 1
    outer loop
      vertex -3.1736038969321076 -8.256396103067893 8.5
      vertex -1.9063961030678933 -8.256396103067893 8.5
      vertex -3.06167734892771 -8.120013209717643 8.5
    endloop
  endfacet
  facet normal 0 0 1
    outer loop
      vertex -3.06167734892771 -8.120013209717643 8.5
      vertex -2.018322651072291 -8.120013209717643 8.5
      vertex -2.9785084207398427 -7.964415089128581 8.5
    endloop
  endfacet
  facet normal 0 0 1
    outer loop
      vertex -2.9785084207398427 -7.964415089128581 8.5
      vertex -2.1014915792601583 -7.964415089128581 8.5
      vertex -2.927293247637093 -7.795581289814516 8.5
    endloop
  endfacet
  facet normal 0 0 1
    outer loop
      vertex -2.927293247637093 -7.795581289814516 8.5
      vertex -2.1527067523629078 -7.795581289814516 8.5
      vertex -2.9100000000000006 -7.62 8.5
    endloop
  endfacet
  facet normal 0 0 1
    outer loop
      vertex -2.9100000000000006 -7.62 8.5
      vertex -2.1700000000000004 -7.62 8.5
      vertex -2.927293247637093 -7.444418710185484 8.5
    endloop
  endfacet
  facet normal 0 0 1
    outer loop
      vertex -2.927293247637093 -7.444418710185484 8.5
      vertex -2.1527067523629078 -7.444418710185484 8.5
      vertex -2.9785084207398427 -7.2755849108714195 8.5
    endloop
  endfacet
  facet normal 0 0 1
    outer loop
      vertex -3.3099867902823585 -8.36832265107229 8.5
      vertex -1.6144150891285813 -8.451491579260159 8.5
      vertex -1.7700132097176424 -8.36832265107229 8.5
    endloop
  endfacet
  facet normal 0 0 1
    outer loop
      vertex -3.46558491087142 -8.451491579260159 8.5
      vertex -1.445581289814516 -8.502706752362908 8.5
      vertex -1.6144150891285813 -8.451491579260159 8.5
    endloop
  endfacet
  facet normal 0 0 1
    outer loop
      vertex -3.1736038969321076 -8.256396103067893 8.5
      vertex -1.7700132097176424 -8.36832265107229 8.5
      vertex -1.9063961030678933 -8.256396103067893 8.5
    endloop
  endfacet
  facet normal 0 0 1
    outer loop
      vertex -3.06167734892771 -8.120013209717643 8.5
      vertex -1.9063961030678933 -8.256396103067893 8.5
      vertex -2.018322651072291 -8.120013209717643 8.5
    endloop
  endfacet
  facet normal 0 0 1
    outer loop
      vertex -2.9785084207398427 -7.964415089128581 8.5
      vertex -2.018322651072291 -8.120013209717643 8.5
      vertex -2.1014915792601583 -7.964415089128581 8.5
    endloop
  endfacet
  facet normal 0 0 1
    outer loop
      vertex -2.927293247637093 -7.795581289814516 8.5
      vertex -2.1014915792601583 -7.964415089128581 8.5
      vertex -2.1527067523629078 -7.795581289814516 8.5
    endloop
  endfacet
  facet normal 0 0 1
    outer loop
      vertex -2.9100000000000006 -7.62 8.5
      vertex -2.1527067523629078 -7.795581289814516 8.5
      vertex -2.1700000000000004 -7.62 8.5
    endloop
  endfacet
  facet normal 0 0 1
    outer loop
      vertex -2.927293247637093 -7.444418710185484 8.5
      vertex -2.1700000000000004 -7.62 8.5
      vertex -2.1527067523629078 -7.444418710185484 8.5
    endloop
  endfacet
  facet normal 0 0 1
    outer loop
      vertex -2.9785084207398427 -7.2755849108714195 8.5
      vertex -2.1527067523629078 -7.444418710185484 8.5
      vertex -2.1014915792601583 -7.2755849108714195 8.5
    endloop
  endfacet
  facet normal 0 0 1
    outer loop
      vertex -2.9785084207398427 -7.2755849108714195 8.5
      vertex -2.1014915792601583 -7.2755849108714195 8.5
      vertex -3.06167734892771 -7.119986790282358 8.5
    endloop
  endfacet
  facet normal 0 0 1
    outer loop
      vertex -3.06167734892771 -7.119986790282358 8.5
      vertex -2.018322651072291 -7.119986790282358 8.5
      vertex -3.1736038969321076 -6.983603896932108 8.5
    endloop
  endfacet
  facet normal 0 0 1
    outer loop
      vertex -3.1736038969321076 -6.983603896932108 8.5
      vertex -1.9063961030678933 -6.983603896932108 8.5
      vertex -3.3099867902823585 -6.87167734892771 8.5
    endloop
  endfacet
  facet normal 0 0 1
    outer loop
      vertex -3.06167734892771 -7.119986790282358 8.5
      vertex -2.1014915792601583 -7.2755849108714195 8.5
      vertex -2.018322651072291 -7.119986790282358 8.5
    endloop
  endfacet
  facet normal 0 0 1
    outer loop
      vertex -3.1736038969321076 -6.983603896932108 8.5
      vertex -2.018322651072291 -7.119986790282358 8.5
      vertex -1.9063961030678933 -6.983603896932108 8.5
    endloop
  endfacet
  facet normal 0 0 1
    outer loop
      vertex -3.3099867902823585 -6.87167734892771 8.5
      vertex -1.9063961030678933 -6.983603896932108 8.5
      vertex -1.7700132097176424 -6.87167734892771 8.5
    endloop
  endfacet
  facet normal 0 0 1
    outer loop
      vertex -3.3099867902823585 -6.87167734892771 8.5
      vertex -1.7700132097176424 -6.87167734892771 8.5
      vertex -1.6144150891285813 -6.788508420739842 8.5
    endloop
  endfacet
  facet normal 0 0 1
    outer loop
      vertex -1.094418710185485 -8.502706752362908 8.5
      vertex 1.094418710185484 -8.502706752362908 8.5
      vertex -0.9255849108714196 -8.451491579260159 8.5
    endloop
  endfacet
  facet normal 0 0 1
    outer loop
      vertex -0.9255849108714196 -8.451491579260159 8.5
      vertex 0.9255849108714187 -8.451491579260159 8.5
      vertex -0.7699867902823585 -8.36832265107229 8.5
    endloop
  endfacet
  facet normal 0 0 1
    outer loop
      vertex -0.7699867902823585 -8.36832265107229 8.5
      vertex 0.7699867902823576 -8.36832265107229 8.5
      vertex -0.6336038969321076 -8.256396103067893 8.5
    endloop
  endfacet
  facet normal 0 0 1
    outer loop
      vertex -0.6336038969321076 -8.256396103067893 8.5
      vertex 0.6336038969321067 -8.256396103067893 8.5
      vertex -0.5216773489277098 -8.120013209717643 8.5
    endloop
  endfacet
  facet normal 0 0 1
    outer loop
      vertex -0.5216773489277098 -8.120013209717643 8.5
      vertex 0.5216773489277089 -8.120013209717643 8.5
      vertex -0.4385084207398424 -7.964415089128581 8.5
    endloop
  endfacet
  facet normal 0 0 1
    outer loop
      vertex -0.4385084207398424 -7.964415089128581 8.5
      vertex 0.43850842073984153 -7.964415089128581 8.5
      vertex -0.38729324763709305 -7.795581289814516 8.5
    endloop
  endfacet
  facet normal 0 0 1
    outer loop
      vertex -0.38729324763709305 -7.795581289814516 8.5
      vertex 0.38729324763709216 -7.795581289814516 8.5
      vertex -0.37000000000000044 -7.62 8.5
    endloop
  endfacet
  facet normal 0 0 1
    outer loop
      vertex -0.37000000000000044 -7.62 8.5
      vertex 0.36999999999999955 -7.62 8.5
      vertex -0.38729324763709305 -7.444418710185484 8.5
    endloop
  endfacet
  facet normal 0 0 1
    outer loop
      vertex -0.38729324763709305 -7.444418710185484 8.5
      vertex 0.38729324763709216 -7.444418710185484 8.5
      vertex -0.4385084207398424 -7.2755849108714195 8.5
    endloop
  endfacet
  facet normal 0 0 1
    outer loop
      vertex -0.6336038969321076 -6.983603896932108 8.5
      vertex -0.5216773489277098 -7.119986790282358 8.5
      vertex 0.5216773489277089 -7.119986790282358 8.5
    endloop
  endfacet
  facet normal 0 0 1
    outer loop
      vertex -0.7699867902823585 -6.87167734892771 8.5
      vertex -0.6336038969321076 -6.983603896932108 8.5
      vertex 0.6336038969321067 -6.983603896932108 8.5
    endloop
  endfacet
  facet normal 0 0 1
    outer loop
      vertex -0.4385084207398424 -7.2755849108714195 8.5
      vertex 0.43850842073984153 -7.2755849108714195 8.5
      vertex -0.5216773489277098 -7.119986790282358 8.5
    endloop
  endfacet
  facet normal 0 0 1
    outer loop
      vertex 8.058508420739843 7.2755849108714195 8.5
      vertex -8.389986790282359 -6.87167734892771 8.5
      vertex -8.253603896932107 -6.983603896932108 8.5
    endloop
  endfacet
  facet normal 0 0 1
    outer loop
      vertex -8.007293247637094 -7.795581289814516 8.5
      vertex 8.714418710185486 6.737293247637092 8.5
      vertex -7.99 -7.62 8.5
    endloop
  endfacet
  facet normal 0 0 1
    outer loop
      vertex -7.99 -7.62 8.5
      vertex 8.714418710185486 6.737293247637092 8.5
      vertex -8.007293247637094 -7.444418710185484 8.5
    endloop
  endfacet
  facet normal 0 0 1
    outer loop
      vertex -8.007293247637094 -7.444418710185484 8.5
      vertex 8.714418710185486 6.737293247637092 8.5
      vertex -8.058508420739843 -7.2755849108714195 8.5
    endloop
  endfacet
  facet normal 0 0 1
    outer loop
      vertex -8.058508420739843 -7.2755849108714195 8.5
      vertex 8.058508420739843 7.2755849108714195 8.5
      vertex -8.14167734892771 -7.119986790282358 8.5
    endloop
  endfacet
  facet normal 0 0 1
    outer loop
      vertex 8.058508420739843 7.2755849108714195 8.5
      vertex -8.253603896932107 -6.983603896932108 8.5
      vertex -8.14167734892771 -7.119986790282358 8.5
    endloop
  endfacet
  facet normal 0 0 1
    outer loop
      vertex 8.058508420739843 7.2755849108714195 8.5
      vertex -8.714418710185486 -6.737293247637092 8.5
      vertex -8.545584910871419 -6.788508420739842 8.5
    endloop
  endfacet
  facet normal 0 0 1
    outer loop
      vertex 8.058508420739843 7.2755849108714195 8.5
      vertex -8.545584910871419 -6.788508420739842 8.5
      vertex -8.389986790282359 -6.87167734892771 8.5
    endloop
  endfacet
  facet normal 0 0 1
    outer loop
      vertex -8.007293247637094 -7.795581289814516 8.5
      vertex -6.850013209717643 -6.87167734892771 8.5
      vertex 8.714418710185486 6.737293247637092 8.5
    endloop
  endfacet
  facet normal 0 0 1
    outer loop
      vertex -6.850013209717643 -6.87167734892771 8.5
      vertex -6.694415089128581 -6.788508420739842 8.5
      vertex 8.714418710185486 6.737293247637092 8.5
    endloop
  endfacet
  facet normal 0 0 1
    outer loop
      vertex -6.694415089128581 -6.788508420739842 8.5
      vertex -6.525581289814516 -6.737293247637092 8.5
      vertex 8.714418710185486 6.737293247637092 8.5
    endloop
  endfacet
  facet normal 0 0 1
    outer loop
      vertex -6.525581289814516 -6.737293247637092 8.5
      vertex -6.3500000000000005 -6.72 8.5
      vertex 8.714418710185486 6.737293247637092 8.5
    endloop
  endfacet
  facet normal 0 0 1
    outer loop
      vertex -6.3500000000000005 -6.72 8.5
      vertex -6.174418710185485 -6.737293247637092 8.5
      vertex 8.714418710185486 6.737293247637092 8.5
    endloop
  endfacet
  facet normal 0 0 1
    outer loop
      vertex -6.00558491087142 -6.788508420739842 8.5
      vertex 8.714418710185486 6.737293247637092 8.5
      vertex -6.174418710185485 -6.737293247637092 8.5
    endloop
  endfacet
  facet normal 0 0 1
    outer loop
      vertex -6.00558491087142 -6.788508420739842 8.5
      vertex -4.154415089128581 -6.788508420739842 8.5
      vertex 8.714418710185486 6.737293247637092 8.5
    endloop
  endfacet
  facet normal 0 0 -1
    outer loop
      vertex -12.011320343559643 -10.741320343559643 0
      vertex -9.89 11.620000000000001 0
      vertex -9.39 7.62 0
    endloop
  endfacet
  facet normal 0 0 -1
    outer loop
      vertex -12.011320343559643 -10.741320343559643 0
      vertex -12.89 8.620000000000001 0
      vertex -9.89 11.620000000000001 0
    endloop
  endfacet
  facet normal 0 0 -1
    outer loop
      vertex -9.380392640201617 -7.522454838991936 0
      vertex -9.380392640201617 7.522454838991936 0
      vertex -9.351939766255644 7.428658283817455 0
    endloop
  endfacet
  facet normal 0 0 -1
    outer loop
      vertex -9.39 -7.62 0
      vertex -9.39 7.62 0
      vertex -9.380392640201617 7.522454838991936 0
    endloop
  endfacet
  facet normal 0 0 -1
    outer loop
      vertex -9.351939766255644 -7.428658283817455 0
      vertex -9.351939766255644 7.428658283817455 0
      vertex -9.305734806151273 7.342214883490199 0
    endloop
  endfacet
  facet normal 0 0 -1
    outer loop
      vertex -9.305734806151273 -7.342214883490199 0
      vertex -9.305734806151273 7.342214883490199 0
      vertex -9.243553390593274 7.266446609406726 0
    endloop
  endfacet
  facet normal 0 0 -1
    outer loop
      vertex -9.243553390593274 -7.266446609406726 0
      vertex -9.243553390593274 7.266446609406726 0
      vertex -9.167785116509801 7.204265193848728 0
    endloop
  endfacet
  facet normal 0 0 -1
    outer loop
      vertex -9.167785116509801 -7.204265193848728 0
      vertex -9.167785116509801 7.204265193848728 0
      vertex -9.081341716182546 7.158060233744357 0
    endloop
  endfacet
  facet normal 0 0 -1
    outer loop
      vertex -9.081341716182546 -7.158060233744357 0
      vertex -9.081341716182546 7.158060233744357 0
      vertex -8.987545161008065 7.129607359798385 0
    endloop
  endfacet
  facet normal 0 0 -1
    outer loop
      vertex -8.987545161008065 -7.129607359798385 0
      vertex -8.987545161008065 7.129607359798385 0
      vertex -8.89 7.12 0
    endloop
  endfacet
  facet normal 0 0 -1
    outer loop
      vertex -8.89 -7.12 0
      vertex -8.89 7.12 0
      vertex -8.792454838991937 7.129607359798385 0
    endloop
  endfacet
  facet normal 0 0 -1
    outer loop
      vertex -8.792454838991937 -7.129607359798385 0
      vertex -8.792454838991937 7.129607359798385 0
      vertex -8.698658283817455 7.158060233744357 0
    endloop
  endfacet
  facet normal 0 0 -1
    outer loop
      vertex -8.698658283817455 -7.158060233744357 0
      vertex -8.698658283817455 7.158060233744357 0
      vertex -8.6122148834902 7.204265193848728 0
    endloop
  endfacet
  facet normal 0 0 -1
    outer loop
      vertex -8.6122148834902 -7.204265193848728 0
      vertex -8.6122148834902 7.204265193848728 0
      vertex -8.536446609406728 7.266446609406726 0
    endloop
  endfacet
  facet normal 0 0 -1
    outer loop
      vertex -8.536446609406728 -7.266446609406726 0
      vertex -8.536446609406728 7.266446609406726 0
      vertex -6.7035533905932745 7.266446609406726 0
    endloop
  endfacet
  facet normal 0 0 -1
    outer loop
      vertex -8.536446609406728 -7.266446609406726 0
      vertex -6.7035533905932745 7.266446609406726 0
      vertex -6.627785116509802 7.204265193848728 0
    endloop
  endfacet
  facet normal 0 0 -1
    outer loop
      vertex -8.536446609406728 -7.266446609406726 0
      vertex -6.541341716182545 7.158060233744357 0
      vertex -6.4475451610080645 7.129607359798385 0
    endloop
  endfacet
  facet normal 0 0 -1
    outer loop
      vertex -8.536446609406728 -7.266446609406726 0
      vertex -6.4475451610080645 7.129607359798385 0
      vertex -6.3500000000000005 7.12 0
    endloop
  endfacet
  facet normal 0 0 -1
    outer loop
      vertex -8.536446609406728 -7.266446609406726 0
      vertex -6.627785116509802 7.204265193848728 0
      vertex -6.541341716182545 7.158060233744357 0
    endloop
  endfacet
  facet normal 0 0 -1
    outer loop
      vertex -8.536446609406728 -7.266446609406726 0
      vertex -6.3500000000000005 7.12 0
      vertex -6.2524548389919365 7.129607359798385 0
    endloop
  endfacet
  facet normal 0 0 -1
    outer loop
      vertex -8.536446609406728 -7.266446609406726 0
      vertex -6.2524548389919365 7.129607359798385 0
      vertex -6.158658283817456 7.158060233744357 0
    endloop
  endfacet
  facet normal 0 0 -1
    outer loop
      vertex -8.536446609406728 -7.266446609406726 0
      vertex -6.158658283817456 7.158060233744357 0
      vertex -6.072214883490199 7.204265193848728 0
    endloop
  endfacet
  facet normal -1 0 0
    outer loop
      vertex -12.89 -8.620000000000001 0
      vertex -12.89 8.620000000000001 8.5
      vertex -12.89 8.620000000000001 0
    endloop
  endfacet
  facet normal 0 0 -1
    outer loop
      vertex -12.89 8.620000000000001 0
      vertex -12.832355841209692 9.205270966048385 0
      vertex -12.66163859753386 9.76805029709527 0
    endloop
  endfacet
  facet normal 0 0 -1
    outer loop
      vertex -12.89 8.620000000000001 0
      vertex -12.66163859753386 9.76805029709527 0
      vertex -12.011320343559643 10.741320343559643 0
    endloop
  endfacet
  facet normal 0 0 -1
    outer loop
      vertex -12.66163859753386 9.76805029709527 0
      vertex -12.384408836907635 10.286710699058808 0
      vertex -12.011320343559643 10.741320343559643 0
    endloop
  endfacet
  facet normal 0 0 -1
    outer loop
      vertex -12.89 8.620000000000001 0
      vertex -12.011320343559643 10.741320343559643 0
      vertex -9.89 11.620000000000001 0
    endloop
  endfacet
  facet normal 0 0 -1
    outer loop
      vertex -12.011320343559643 10.741320343559643 0
      vertex -11.556710699058808 11.114408836907636 0
      vertex -11.03805029709527 11.391638597533861 0
    endloop
  endfacet
  facet normal 0 0 -1
    outer loop
      vertex -12.011320343559643 10.741320343559643 0
      vertex -11.03805029709527 11.391638597533861 0
      vertex -9.89 11.620000000000001 0
    endloop
  endfacet
  facet normal 0 0 -1
    outer loop
      vertex -11.03805029709527 11.391638597533861 0
      vertex -10.475270966048384 11.562355841209692 0
      vertex -9.89 11.620000000000001 0
    endloop
  endfacet
  facet normal 0 0 -1
    outer loop
      vertex -8.474265193848728 7.342214883490199 0
      vertex -6.7035533905932745 7.266446609406726 0
      vertex -8.536446609406728 7.266446609406726 0
    endloop
  endfacet
  facet normal 0 0 -1
    outer loop
      vertex -8.428060233744358 7.428658283817455 0
      vertex -6.765734806151273 7.342214883490199 0
      vertex -8.474265193848728 7.342214883490199 0
    endloop
  endfacet
  facet normal 0 0 -1
    outer loop
      vertex -8.399607359798384 7.522454838991936 0
      vertex -6.811939766255644 7.428658283817455 0
      vertex -8.428060233744358 7.428658283817455 0
    endloop
  endfacet
  facet normal 0 0 -1
    outer loop
      vertex -8.39 7.62 0
      vertex -6.840392640201616 7.522454838991936 0
      vertex -8.399607359798384 7.522454838991936 0
    endloop
  endfacet
  facet normal 0 0 -1
    outer loop
      vertex -8.399607359798384 7.717545161008064 0
      vertex -6.8500000000000005 7.62 0
      vertex -8.39 7.62 0
    endloop
  endfacet
  facet normal 0 0 -1
    outer loop
      vertex -8.428060233744358 7.811341716182545 0
      vertex -6.840392640201616 7.717545161008064 0
      vertex -8.399607359798384 7.717545161008064 0
    endloop
  endfacet
  facet normal 0 0 -1
    outer loop
      vertex -8.474265193848728 7.897785116509802 0
      vertex -6.811939766255644 7.811341716182545 0
      vertex -8.428060233744358 7.811341716182545 0
    endloop
  endfacet
  facet normal 0 0 -1
    outer loop
      vertex -8.536446609406728 7.973553390593274 0
      vertex -6.765734806151273 7.897785116509802 0
      vertex -8.474265193848728 7.897785116509802 0
    endloop
  endfacet
  facet normal 0 0 -1
    outer loop
      vertex -6.7035533905932745 7.266446609406726 0
      vertex -8.474265193848728 7.342214883490199 0
      vertex -6.765734806151273 7.342214883490199 0
    endloop
  endfacet
  facet normal 0 0 -1
    outer loop
      vertex -6.765734806151273 7.342214883490199 0
      vertex -8.428060233744358 7.428658283817455 0
      vertex -6.811939766255644 7.428658283817455 0
    endloop
  endfacet
  facet normal 0 0 -1
    outer loop
      vertex -6.840392640201616 7.522454838991936 0
      vertex -8.39 7.62 0
      vertex -6.8500000000000005 7.62 0
    endloop
  endfacet
  facet normal 0 0 -1
    outer loop
      vertex -8.399607359798384 7.522454838991936 0
      vertex -6.840392640201616 7.522454838991936 0
      vertex -6.811939766255644 7.428658283817455 0
    endloop
  endfacet
  facet normal 0 0 -1
    outer loop
      vertex -8.399607359798384 7.717545161008064 0
      vertex -6.840392640201616 7.717545161008064 0
      vertex -6.8500000000000005 7.62 0
    endloop
  endfacet
  facet normal 0 0 -1
    outer loop
      vertex -8.428060233744358 7.811341716182545 0
      vertex -6.811939766255644 7.811341716182545 0
      vertex -6.840392640201616 7.717545161008064 0
    endloop
  endfacet
  facet normal 0 0 -1
    outer loop
      vertex -8.474265193848728 7.897785116509802 0
      vertex -6.765734806151273 7.897785116509802 0
      vertex -6.811939766255644 7.811341716182545 0
    endloop
  endfacet
  facet normal 0 0 -1
    outer loop
      vertex -8.536446609406728 7.973553390593274 0
      vertex -6.7035533905932745 7.973553390593274 0
      vertex -6.765734806151273 7.897785116509802 0
    endloop
  endfacet
  facet normal 0 0 -1
    outer loop
      vertex -8.6122148834902 8.035734806151273 0
      vertex -6.7035533905932745 7.973553390593274 0
      vertex -8.536446609406728 7.973553390593274 0
    endloop
  endfacet
  facet normal 0 0 -1
    outer loop
      vertex -8.6122148834902 8.035734806151273 0
      vertex -6.627785116509802 8.035734806151273 0
      vertex -6.7035533905932745 7.973553390593274 0
    endloop
  endfacet
  facet normal 0 0 -1
    outer loop
      vertex -9.89 11.620000000000001 0
      vertex -9.380392640201617 7.717545161008064 0
      vertex -9.39 7.62 0
    endloop
  endfacet
  facet normal 0 0 -1
    outer loop
      vertex -9.89 11.620000000000001 0
      vertex -9.351939766255644 7.811341716182545 0
      vertex -9.380392640201617 7.717545161008064 0
    endloop
  endfacet
  facet normal 0 0 -1
    outer loop
      vertex -9.89 11.620000000000001 0
      vertex -9.305734806151273 7.897785116509802 0
      vertex -9.351939766255644 7.811341716182545 0
    endloop
  endfacet
  facet normal 0 0 -1
    outer loop
      vertex -9.89 11.620000000000001 0
      vertex -9.243553390593274 7.973553390593274 0
      vertex -9.305734806151273 7.897785116509802 0
    endloop
  endfacet
  facet normal 0 0 -1
    outer loop
      vertex -9.89 11.620000000000001 0
      vertex -9.167785116509801 8.035734806151273 0
      vertex -9.243553390593274 7.973553390593274 0
    endloop
  endfacet
  facet normal 0 0 -1
    outer loop
      vertex -9.89 11.620000000000001 0
      vertex -9.081341716182546 8.081939766255644 0
      vertex -9.167785116509801 8.035734806151273 0
    endloop
  endfacet
  facet normal 0 0 -1
    outer loop
      vertex -9.89 11.620000000000001 0
      vertex -8.987545161008065 8.110392640201615 0
      vertex -9.081341716182546 8.081939766255644 0
    endloop
  endfacet
  facet normal 0 0 -1
    outer loop
      vertex -9.89 11.620000000000001 0
      vertex -8.6122148834902 8.035734806151273 0
      vertex -8.698658283817455 8.081939766255644 0
    endloop
  endfacet
  facet normal 0 0 -1
    outer loop
      vertex -9.89 11.620000000000001 0
      vertex -8.89 8.120000000000001 0
      vertex -8.987545161008065 8.110392640201615 0
    endloop
  endfacet
  facet normal 0 0 -1
    outer loop
      vertex -9.89 11.620000000000001 0
      vertex -8.792454838991937 8.110392640201615 0
      vertex -8.89 8.120000000000001 0
    endloop
  endfacet
  facet normal 0 0 -1
    outer loop
      vertex -9.89 11.620000000000001 0
      vertex -8.698658283817455 8.081939766255644 0
      vertex -8.792454838991937 8.110392640201615 0
    endloop
  endfacet
  facet normal 0 0 -1
    outer loop
      vertex -9.89 11.620000000000001 0
      vertex -6.627785116509802 8.035734806151273 0
      vertex -8.6122148834902 8.035734806151273 0
    endloop
  endfacet
  facet normal 0 0 -1
    outer loop
      vertex -9.89 11.620000000000001 0
      vertex -6.541341716182545 8.081939766255644 0
      vertex -6.627785116509802 8.035734806151273 0
    endloop
  endfacet
  facet normal 0 0 -1
    outer loop
      vertex -9.89 11.620000000000001 0
      vertex -6.4475451610080645 8.110392640201615 0
      vertex -6.541341716182545 8.081939766255644 0
    endloop
  endfacet
  facet normal 0 0 -1
    outer loop
      vertex -9.89 11.620000000000001 0
      vertex -6.3500000000000005 8.120000000000001 0
      vertex -6.4475451610080645 8.110392640201615 0
    endloop
  endfacet
  facet normal 0 0 -1
    outer loop
      vertex -9.89 11.620000000000001 0
      vertex -6.2524548389919365 8.110392640201615 0
      vertex -6.3500000000000005 8.120000000000001 0
    endloop
  endfacet
  facet normal 0 0 -1
    outer loop
      vertex -9.89 11.620000000000001 0
      vertex -6.072214883490199 8.035734806151273 0
      vertex -6.158658283817456 8.081939766255644 0
    endloop
  endfacet
  facet normal 0 0 -1
    outer loop
      vertex -9.89 11.620000000000001 0
      vertex -5.996446609406727 7.973553390593274 0
      vertex -6.072214883490199 8.035734806151273 0
    endloop
  endfacet
  facet normal 0 0 -1
    outer loop
      vertex -9.89 11.620000000000001 0
      vertex -6.158658283817456 8.081939766255644 0
      vertex -6.2524548389919365 8.110392640201615 0
    endloop
  endfacet
  facet normal -0.9951847266721969 0.09801714032956085 6.060668151074536e-19
    outer loop
      vertex -12.89 8.620000000000001 0
      vertex -12.832355841209692 9.205270966048385 8.5
      vertex -12.832355841209692 9.205270966048385 0
    endloop
  endfacet
  facet normal -0.9569403357322087 0.2902846772544625 0
    outer loop
      vertex -12.832355841209692 9.205270966048385 0
      vertex -12.832355841209692 9.205270966048385 8.5
      vertex -12.66163859753386 9.76805029709527 0
    endloop
  endfacet
  facet normal -0.8819212643483549 0.4713967368259977 1.0755254396930797e-18
    outer loop
      vertex -12.66163859753386 9.76805029709527 0
      vertex -12.384408836907635 10.286710699058808 8.5
      vertex -12.384408836907635 10.286710699058808 0
    endloop
  endfacet
  facet normal -0.7730104533627364 0.6343932841636464 0
    outer loop
      vertex -12.384408836907635 10.286710699058808 0
      vertex -12.384408836907635 10.286710699058808 8.5
      vertex -12.011320343559643 10.741320343559643 0
    endloop
  endfacet
  facet normal -0.6343932841636464 0.7730104533627364 -2.5813595897008664e-18
    outer loop
      vertex -12.011320343559643 10.741320343559643 0
      vertex -11.556710699058808 11.114408836907636 8.5
      vertex -11.556710699058808 11.114408836907636 0
    endloop
  endfacet
  facet normal -0.4713967368259977 0.8819212643483549 0
    outer loop
      vertex -11.556710699058808 11.114408836907636 0
      vertex -11.556710699058808 11.114408836907636 8.5
      vertex -11.03805029709527 11.391638597533861 0
    endloop
  endfacet
  facet normal -0.2902846772544625 0.9569403357322087 -1.2041187435988191e-18
    outer loop
      vertex -11.03805029709527 11.391638597533861 0
      vertex -10.475270966048384 11.562355841209692 8.5
      vertex -10.475270966048384 11.562355841209692 0
    endloop
  endfacet
  facet normal -0.09801714032956085 0.9951847266721969 0
    outer loop
      vertex -10.475270966048384 11.562355841209692 0
      vertex -10.475270966048384 11.562355841209692 8.5
      vertex -9.89 11.620000000000001 0
    endloop
  endfacet
  facet normal 0 0 -1
    outer loop
      vertex -6.072214883490199 -7.204265193848728 0
      vertex -6.072214883490199 7.204265193848728 0
      vertex -5.996446609406727 7.266446609406726 0
    endloop
  endfacet
  facet normal 0 0 -1
    outer loop
      vertex -3.5322148834901994 -7.204265193848728 0
      vertex -5.996446609406727 7.266446609406726 0
      vertex -5.934265193848728 7.342214883490199 0
    endloop
  endfacet
  facet normal 0 0 -1
    outer loop
      vertex -1.0786582838174557 -7.158060233744357 0
      vertex -5.934265193848728 7.342214883490199 0
      vertex -5.8880602337443575 7.428658283817455 0
    endloop
  endfacet
  facet normal 0 0 -1
    outer loop
      vertex -5.859607359798385 7.522454838991936 0
      vertex 1.4613417161825444 -7.158060233744357 0
      vertex -5.8880602337443575 7.428658283817455 0
    endloop
  endfacet
  facet normal 0 0 -1
    outer loop
      vertex -5.8500000000000005 7.62 0
      vertex 4.0013417161825435 -7.158060233744357 0
      vertex -5.859607359798385 7.522454838991936 0
    endloop
  endfacet
  facet normal 0 0 -1
    outer loop
      vertex -5.859607359798385 7.717545161008064 0
      vertex 6.447545161008064 -7.129607359798385 0
      vertex -5.8500000000000005 7.62 0
    endloop
  endfacet
  facet normal 0 0 -1
    outer loop
      vertex -5.8880602337443575 7.811341716182545 0
      vertex 8.987545161008065 -7.129607359798385 0
      vertex -5.859607359798385 7.717545161008064 0
    endloop
  endfacet
  facet normal 0 0 -1
    outer loop
      vertex -5.934265193848728 7.897785116509802 0
      vertex 9.081341716182546 -7.158060233744357 0
      vertex -5.8880602337443575 7.811341716182545 0
    endloop
  endfacet
  facet normal 0 0 -1
    outer loop
      vertex -5.996446609406727 7.973553390593274 0
      vertex 9.167785116509801 -7.204265193848728 0
      vertex -5.934265193848728 7.897785116509802 0
    endloop
  endfacet
  facet normal 0 0 -1
    outer loop
      vertex -9.89 11.620000000000001 0
      vertex 12.89 -8.620000000000001 0
      vertex -5.996446609406727 7.973553390593274 0
    endloop
  endfacet
  facet normal 0 0 -1
    outer loop
      vertex -9.89 11.620000000000001 0
      vertex -4.087785116509801 7.204265193848728 0
      vertex 12.89 -8.620000000000001 0
    endloop
  endfacet
  facet normal 0 0 -1
    outer loop
      vertex -9.89 11.620000000000001 0
      vertex -4.1635533905932745 7.266446609406726 0
      vertex -4.087785116509801 7.204265193848728 0
    endloop
  endfacet
  facet normal 0 0 -1
    outer loop
      vertex -9.89 11.620000000000001 0
      vertex -4.300392640201616 7.522454838991936 0
      vertex -4.2719397662556435 7.428658283817455 0
    endloop
  endfacet
  facet normal 0 0 -1
    outer loop
      vertex -9.89 11.620000000000001 0
      vertex -4.225734806151273 7.342214883490199 0
      vertex -4.1635533905932745 7.266446609406726 0
    endloop
  endfacet
  facet normal 0 0 -1
    outer loop
      vertex -9.89 11.620000000000001 0
      vertex -4.2719397662556435 7.428658283817455 0
      vertex -4.225734806151273 7.342214883490199 0
    endloop
  endfacet
  facet normal 0 0 -1
    outer loop
      vertex -9.89 11.620000000000001 0
      vertex -4.3100000000000005 7.62 0
      vertex -4.300392640201616 7.522454838991936 0
    endloop
  endfacet
  facet normal 0 0 -1
    outer loop
      vertex -9.89 11.620000000000001 0
      vertex -4.300392640201616 7.717545161008064 0
      vertex -4.3100000000000005 7.62 0
    endloop
  endfacet
  facet normal 0 0 -1
    outer loop
      vertex -9.89 11.620000000000001 0
      vertex -4.2719397662556435 7.811341716182545 0
      vertex -4.300392640201616 7.717545161008064 0
    endloop
  endfacet
  facet normal 0 0 -1
    outer loop
      vertex -9.89 11.620000000000001 0
      vertex -4.225734806151273 7.897785116509802 0
      vertex -4.2719397662556435 7.811341716182545 0
    endloop
  endfacet
  facet normal 0 0 -1
    outer loop
      vertex -9.89 11.620000000000001 0
      vertex -4.1635533905932745 7.973553390593274 0
      vertex -4.225734806151273 7.897785116509802 0
    endloop
  endfacet
  facet normal 0 0 -1
    outer loop
      vertex -9.89 11.620000000000001 0
      vertex -4.087785116509801 8.035734806151273 0
      vertex -4.1635533905932745 7.973553390593274 0
    endloop
  endfacet
  facet normal 0 0 -1
    outer loop
      vertex -9.89 11.620000000000001 0
      vertex -4.001341716182545 8.081939766255644 0
      vertex -4.087785116509801 8.035734806151273 0
    endloop
  endfacet
  facet normal 0 0 -1
    outer loop
      vertex -9.89 11.620000000000001 0
      vertex -3.9075451610080645 8.110392640201615 0
      vertex -4.001341716182545 8.081939766255644 0
    endloop
  endfacet
  facet normal 0 0 -1
    outer loop
      vertex -9.89 11.620000000000001 0
      vertex -3.8100000000000005 8.120000000000001 0
      vertex -3.9075451610080645 8.110392640201615 0
    endloop
  endfacet
  facet normal 0 0 -1
    outer loop
      vertex -9.89 11.620000000000001 0
      vertex -3.7124548389919365 8.110392640201615 0
      vertex -3.8100000000000005 8.120000000000001 0
    endloop
  endfacet
  facet normal 0 0 -1
    outer loop
      vertex -9.89 11.620000000000001 0
      vertex -1.3675451610080647 8.110392640201615 0
      vertex -3.7124548389919365 8.110392640201615 0
    endloop
  endfacet
  facet normal 0 0 -1
    outer loop
      vertex -9.89 11.620000000000001 0
      vertex -1.2700000000000005 8.120000000000001 0
      vertex -1.3675451610080647 8.110392640201615 0
    endloop
  endfacet
  facet normal 0 0 -1
    outer loop
      vertex -3.6186582838174557 7.158060233744357 0
      vertex -1.3675451610080647 7.129607359798385 0
      vertex -3.7124548389919365 7.129607359798385 0
    endloop
  endfacet
  facet normal 0 0 -1
    outer loop
      vertex -3.5322148834901994 7.204265193848728 0
      vertex -1.4613417161825453 7.158060233744357 0
      vertex -3.6186582838174557 7.158060233744357 0
    endloop
  endfacet
  facet normal 0 0 -1
    outer loop
      vertex -3.4564466094067265 7.266446609406726 0
      vertex -1.5477851165098016 7.204265193848728 0
      vertex -3.5322148834901994 7.204265193848728 0
    endloop
  endfacet
  facet normal 0 0 -1
    outer loop
      vertex -3.6186582838174557 7.158060233744357 0
      vertex -1.4613417161825453 7.158060233744357 0
      vertex -1.3675451610080647 7.129607359798385 0
    endloop
  endfacet
  facet normal 0 0 -1
    outer loop
      vertex -3.5322148834901994 7.204265193848728 0
      vertex -1.5477851165098016 7.204265193848728 0
      vertex -1.4613417161825453 7.158060233744357 0
    endloop
  endfacet
  facet normal 0 0 -1
    outer loop
      vertex -1.5477851165098016 7.204265193848728 0
      vertex -3.4564466094067265 7.266446609406726 0
      vertex -1.6235533905932742 7.266446609406726 0
    endloop
  endfacet
  facet normal 0 0 -1
    outer loop
      vertex -3.394265193848728 7.342214883490199 0
      vertex -1.6235533905932742 7.266446609406726 0
      vertex -3.4564466094067265 7.266446609406726 0
    endloop
  endfacet
  facet normal 0 0 -1
    outer loop
      vertex -3.394265193848728 7.897785116509802 0
      vertex -1.731939766255644 7.811341716182545 0
      vertex -3.348060233744357 7.811341716182545 0
    endloop
  endfacet
  facet normal 0 0 -1
    outer loop
      vertex -3.4564466094067265 7.973553390593274 0
      vertex -1.6857348061512731 7.897785116509802 0
      vertex -3.394265193848728 7.897785116509802 0
    endloop
  endfacet
  facet normal 0 0 -1
    outer loop
      vertex -3.348060233744357 7.428658283817455 0
      vertex -1.6857348061512731 7.342214883490199 0
      vertex -3.394265193848728 7.342214883490199 0
    endloop
  endfacet
  facet normal 0 0 -1
    outer loop
      vertex -3.3196073597983853 7.522454838991936 0
      vertex -1.731939766255644 7.428658283817455 0
      vertex -3.348060233744357 7.428658283817455 0
    endloop
  endfacet
  facet normal 0 0 -1
    outer loop
      vertex -3.3100000000000005 7.62 0
      vertex -1.7603926402016157 7.522454838991936 0
      vertex -3.3196073597983853 7.522454838991936 0
    endloop
  endfacet
  facet normal 0 0 -1
    outer loop
      vertex -3.3196073597983853 7.717545161008064 0
      vertex -1.7700000000000005 7.62 0
      vertex -3.3100000000000005 7.62 0
    endloop
  endfacet
  facet normal 0 0 -1
    outer loop
      vertex -3.348060233744357 7.811341716182545 0
      vertex -1.7603926402016157 7.717545161008064 0
      vertex -3.3196073597983853 7.717545161008064 0
    endloop
  endfacet
  facet normal 0 0 -1
    outer loop
      vertex -3.7124548389919365 8.110392640201615 0
      vertex -1.4613417161825453 8.081939766255644 0
      vertex -3.6186582838174557 8.081939766255644 0
    endloop
  endfacet
  facet normal 0 0 -1
    outer loop
      vertex -3.5322148834901994 8.035734806151273 0
      vertex -1.6235533905932742 7.973553390593274 0
      vertex -3.4564466094067265 7.973553390593274 0
    endloop
  endfacet
  facet normal 0 0 -1
    outer loop
      vertex -3.6186582838174557 8.081939766255644 0
      vertex -1.5477851165098016 8.035734806151273 0
      vertex -3.5322148834901994 8.035734806151273 0
    endloop
  endfacet
  facet normal 0 0 -1
    outer loop
      vertex -1.6235533905932742 7.266446609406726 0
      vertex -3.394265193848728 7.342214883490199 0
      vertex -1.6857348061512731 7.342214883490199 0
    endloop
  endfacet
  facet normal 0 0 -1
    outer loop
      vertex -3.348060233744357 7.428658283817455 0
      vertex -1.731939766255644 7.428658283817455 0
      vertex -1.6857348061512731 7.342214883490199 0
    endloop
  endfacet
  facet normal 0 0 -1
    outer loop
      vertex -3.3196073597983853 7.522454838991936 0
      vertex -1.7603926402016157 7.522454838991936 0
      vertex -1.731939766255644 7.428658283817455 0
    endloop
  endfacet
  facet normal 0 0 -1
    outer loop
      vertex -3.3100000000000005 7.62 0
      vertex -1.7700000000000005 7.62 0
      vertex -1.7603926402016157 7.522454838991936 0
    endloop
  endfacet
  facet normal 0 0 -1
    outer loop
      vertex -3.3196073597983853 7.717545161008064 0
      vertex -1.7603926402016157 7.717545161008064 0
      vertex -1.7700000000000005 7.62 0
    endloop
  endfacet
  facet normal 0 0 -1
    outer loop
      vertex -3.348060233744357 7.811341716182545 0
      vertex -1.731939766255644 7.811341716182545 0
      vertex -1.7603926402016157 7.717545161008064 0
    endloop
  endfacet
  facet normal 0 0 -1
    outer loop
      vertex -3.394265193848728 7.897785116509802 0
      vertex -1.6857348061512731 7.897785116509802 0
      vertex -1.731939766255644 7.811341716182545 0
    endloop
  endfacet
  facet normal 0 0 -1
    outer loop
      vertex -3.4564466094067265 7.973553390593274 0
      vertex -1.6235533905932742 7.973553390593274 0
      vertex -1.6857348061512731 7.897785116509802 0
    endloop
  endfacet
  facet normal 0 0 -1
    outer loop
      vertex -3.5322148834901994 8.035734806151273 0
      vertex -1.5477851165098016 8.035734806151273 0
      vertex -1.6235533905932742 7.973553390593274 0
    endloop
  endfacet
  facet normal 0 0 -1
    outer loop
      vertex -3.6186582838174557 8.081939766255644 0
      vertex -1.4613417161825453 8.081939766255644 0
      vertex -1.5477851165098016 8.035734806151273 0
    endloop
  endfacet
  facet normal 0 0 -1
    outer loop
      vertex -3.7124548389919365 8.110392640201615 0
      vertex -1.3675451610080647 8.110392640201615 0
      vertex -1.4613417161825453 8.081939766255644 0
    endloop
  endfacet
  facet normal 0 0 -1
    outer loop
      vertex -1.0786582838174557 7.158060233744357 0
      vertex 1.1724548389919354 7.129607359798385 0
      vertex -1.1724548389919363 7.129607359798385 0
    endloop
  endfacet
  facet normal 0 0 -1
    outer loop
      vertex -0.9922148834901994 7.204265193848728 0
      vertex 1.0786582838174548 7.158060233744357 0
      vertex -1.0786582838174557 7.158060233744357 0
    endloop
  endfacet
  facet normal 0 0 -1
    outer loop
      vertex -0.9164466094067267 7.266446609406726 0
      vertex 0.9922148834901985 7.204265193848728 0
      vertex -0.9922148834901994 7.204265193848728 0
    endloop
  endfacet
  facet normal 0 0 -1
    outer loop
      vertex -0.8542651938487278 7.342214883490199 0
      vertex 0.9164466094067258 7.266446609406726 0
      vertex -0.9164466094067267 7.266446609406726 0
    endloop
  endfacet
  facet normal 0 0 -1
    outer loop
      vertex -0.8080602337443571 7.428658283817455 0
      vertex 0.8542651938487269 7.342214883490199 0
      vertex -0.8542651938487278 7.342214883490199 0
    endloop
  endfacet
  facet normal 0 0 -1
    outer loop
      vertex -0.7796073597983852 7.522454838991936 0
      vertex 0.8080602337443562 7.428658283817455 0
      vertex -0.8080602337443571 7.428658283817455 0
    endloop
  endfacet
  facet normal 0 0 -1
    outer loop
      vertex -0.7700000000000005 7.62 0
      vertex 0.7796073597983844 7.522454838991936 0
      vertex -0.7796073597983852 7.522454838991936 0
    endloop
  endfacet
  facet normal 0 0 -1
    outer loop
      vertex -0.7796073597983852 7.717545161008064 0
      vertex 0.7699999999999996 7.62 0
      vertex -0.7700000000000005 7.62 0
    endloop
  endfacet
  facet normal 0 0 -1
    outer loop
      vertex -0.8080602337443571 7.811341716182545 0
      vertex 0.7796073597983844 7.717545161008064 0
      vertex -0.7796073597983852 7.717545161008064 0
    endloop
  endfacet
  facet normal 0 0 -1
    outer loop
      vertex -0.9164466094067267 7.973553390593274 0
      vertex 0.8542651938487269 7.897785116509802 0
      vertex -0.8542651938487278 7.897785116509802 0
    endloop
  endfacet
  facet normal 0 0 -1
    outer loop
      vertex -0.8542651938487278 7.897785116509802 0
      vertex 0.8080602337443562 7.811341716182545 0
      vertex -0.8080602337443571 7.811341716182545 0
    endloop
  endfacet
  facet normal 0 0 -1
    outer loop
      vertex -1.0786582838174557 8.081939766255644 0
      vertex 0.9922148834901985 8.035734806151273 0
      vertex -0.9922148834901994 8.035734806151273 0
    endloop
  endfacet
  facet normal 0 0 -1
    outer loop
      vertex -0.9922148834901994 8.035734806151273 0
      vertex 0.9164466094067258 7.973553390593274 0
      vertex -0.9164466094067267 7.973553390593274 0
    endloop
  endfacet
  facet normal 0 0 -1
    outer loop
      vertex -1.1724548389919363 8.110392640201615 0
      vertex 1.0786582838174548 8.081939766255644 0
      vertex -1.0786582838174557 8.081939766255644 0
    endloop
  endfacet
  facet normal 0 1 0
    outer loop
      vertex -9.89 11.620000000000001 0
      vertex -9.89 11.620000000000001 8.5
      vertex 9.89 11.620000000000001 0
    endloop
  endfacet
  facet normal 0 0 1
    outer loop
      vertex -12.011320343559643 -10.741320343559643 8.5
      vertex -12.011320343559643 10.741320343559643 8.5
      vertex -12.89 8.620000000000001 8.5
    endloop
  endfacet
  facet normal 0 0 1
    outer loop
      vertex -12.011320343559643 10.741320343559643 8.5
      vertex -8.714418710185486 -6.737293247637092 8.5
      vertex -9.638322651072292 7.119986790282358 8.5
    endloop
  endfacet
  facet normal 0 0 1
    outer loop
      vertex -8.714418710185486 -6.737293247637092 8.5
      vertex -9.526396103067894 6.983603896932108 8.5
      vertex -9.638322651072292 7.119986790282358 8.5
    endloop
  endfacet
  facet normal 0 0 1
    outer loop
      vertex -8.714418710185486 -6.737293247637092 8.5
      vertex -9.234415089128582 6.788508420739842 8.5
      vertex -9.390013209717642 6.87167734892771 8.5
    endloop
  endfacet
  facet normal 0 0 1
    outer loop
      vertex -8.714418710185486 -6.737293247637092 8.5
      vertex -9.390013209717642 6.87167734892771 8.5
      vertex -9.526396103067894 6.983603896932108 8.5
    endloop
  endfacet
  facet normal 0 0 1
    outer loop
      vertex -8.714418710185486 -6.737293247637092 8.5
      vertex -9.065581289814515 6.737293247637092 8.5
      vertex -9.234415089128582 6.788508420739842 8.5
    endloop
  endfacet
  facet normal 0 0 1
    outer loop
      vertex -8.714418710185486 -6.737293247637092 8.5
      vertex -8.89 6.72 8.5
      vertex -9.065581289814515 6.737293247637092 8.5
    endloop
  endfacet
  facet normal 0 0 1
    outer loop
      vertex -8.714418710185486 -6.737293247637092 8.5
      vertex -8.714418710185486 6.737293247637092 8.5
      vertex -8.89 6.72 8.5
    endloop
  endfacet
  facet normal 0 0 1
    outer loop
      vertex -8.714418710185486 -6.737293247637092 8.5
      vertex -8.545584910871419 6.788508420739842 8.5
      vertex -8.714418710185486 6.737293247637092 8.5
    endloop
  endfacet
  facet normal 0 0 1
    outer loop
      vertex -8.714418710185486 -6.737293247637092 8.5
      vertex -8.389986790282359 6.87167734892771 8.5
      vertex -8.545584910871419 6.788508420739842 8.5
    endloop
  endfacet
  facet normal 0 0 1
    outer loop
      vertex -8.714418710185486 -6.737293247637092 8.5
      vertex -8.253603896932107 6.983603896932108 8.5
      vertex -8.389986790282359 6.87167734892771 8.5
    endloop
  endfacet
  facet normal 0 0 1
    outer loop
      vertex -8.714418710185486 -6.737293247637092 8.5
      vertex -6.986396103067893 6.983603896932108 8.5
      vertex -8.253603896932107 6.983603896932108 8.5
    endloop
  endfacet
  facet normal 0 0 1
    outer loop
      vertex -8.714418710185486 -6.737293247637092 8.5
      vertex -6.850013209717643 6.87167734892771 8.5
      vertex -6.986396103067893 6.983603896932108 8.5
    endloop
  endfacet
  facet normal 0 0 1
    outer loop
      vertex -8.714418710185486 -6.737293247637092 8.5
      vertex -6.694415089128581 6.788508420739842 8.5
      vertex -6.850013209717643 6.87167734892771 8.5
    endloop
  endfacet
  facet normal 0 0 1
    outer loop
      vertex -8.714418710185486 -6.737293247637092 8.5
      vertex -6.525581289814516 6.737293247637092 8.5
      vertex -6.694415089128581 6.788508420739842 8.5
    endloop
  endfacet
  facet normal 0 0 1
    outer loop
      vertex -8.714418710185486 -6.737293247637092 8.5
      vertex -6.3500000000000005 6.72 8.5
      vertex -6.525581289814516 6.737293247637092 8.5
    endloop
  endfacet
  facet normal 0 0 1
    outer loop
      vertex -8.714418710185486 -6.737293247637092 8.5
      vertex -6.174418710185485 6.737293247637092 8.5
      vertex -6.3500000000000005 6.72 8.5
    endloop
  endfacet
  facet normal 0 0 1
    outer loop
      vertex -8.714418710185486 -6.737293247637092 8.5
      vertex -6.00558491087142 6.788508420739842 8.5
      vertex -6.174418710185485 6.737293247637092 8.5
    endloop
  endfacet
  facet normal 0 0 1
    outer loop
      vertex -8.714418710185486 -6.737293247637092 8.5
      vertex -5.849986790282358 6.87167734892771 8.5
      vertex -6.00558491087142 6.788508420739842 8.5
    endloop
  endfacet
  facet normal 0 0 1
    outer loop
      vertex -8.714418710185486 -6.737293247637092 8.5
      vertex -5.713603896932108 6.983603896932108 8.5
      vertex -5.849986790282358 6.87167734892771 8.5
    endloop
  endfacet
  facet normal -0.9951847266721969 0.09801714032956085 0
    outer loop
      vertex -12.89 8.620000000000001 0
      vertex -12.89 8.620000000000001 8.5
      vertex -12.832355841209692 9.205270966048385 8.5
    endloop
  endfacet
  facet normal -0.9569403357322087 0.2902846772544625 0
    outer loop
      vertex -12.66163859753386 9.76805029709527 0
      vertex -12.832355841209692 9.205270966048385 8.5
      vertex -12.66163859753386 9.76805029709527 8.5
    endloop
  endfacet
  facet normal -0.8819212643483549 0.4713967368259977 0
    outer loop
      vertex -12.66163859753386 9.76805029709527 0
      vertex -12.66163859753386 9.76805029709527 8.5
      vertex -12.384408836907635 10.286710699058808 8.5
    endloop
  endfacet
  facet normal -0.7730104533627364 0.6343932841636464 0
    outer loop
      vertex -12.011320343559643 10.741320343559643 0
      vertex -12.384408836907635 10.286710699058808 8.5
      vertex -12.011320343559643 10.741320343559643 8.5
    endloop
  endfacet
  facet normal -0.6343932841636464 0.7730104533627364 0
    outer loop
      vertex -12.011320343559643 10.741320343559643 0
      vertex -12.011320343559643 10.741320343559643 8.5
      vertex -11.556710699058808 11.114408836907636 8.5
    endloop
  endfacet
  facet normal -0.4713967368259977 0.8819212643483549 0
    outer loop
      vertex -11.03805029709527 11.391638597533861 0
      vertex -11.556710699058808 11.114408836907636 8.5
      vertex -11.03805029709527 11.391638597533861 8.5
    endloop
  endfacet
  facet normal -0.2902846772544625 0.9569403357322087 0
    outer loop
      vertex -11.03805029709527 11.391638597533861 0
      vertex -11.03805029709527 11.391638597533861 8.5
      vertex -10.475270966048384 11.562355841209692 8.5
    endloop
  endfacet
  facet normal -0.09801714032956085 0.9951847266721969 0
    outer loop
      vertex -9.89 11.620000000000001 0
      vertex -10.475270966048384 11.562355841209692 8.5
      vertex -9.89 11.620000000000001 8.5
    endloop
  endfacet
  facet normal 0 0 1
    outer loop
      vertex -12.011320343559643 10.741320343559643 8.5
      vertex -9.721491579260158 7.2755849108714195 8.5
      vertex -9.772706752362907 7.444418710185484 8.5
    endloop
  endfacet
  facet normal 0 0 1
    outer loop
      vertex -12.011320343559643 10.741320343559643 8.5
      vertex -9.772706752362907 7.444418710185484 8.5
      vertex -9.790000000000001 7.62 8.5
    endloop
  endfacet
  facet normal 0 0 1
    outer loop
      vertex -12.011320343559643 10.741320343559643 8.5
      vertex -9.638322651072292 7.119986790282358 8.5
      vertex -9.721491579260158 7.2755849108714195 8.5
    endloop
  endfacet
  facet normal 0 0 1
    outer loop
      vertex -12.89 8.620000000000001 8.5
      vertex -12.66163859753386 9.76805029709527 8.5
      vertex -12.832355841209692 9.205270966048385 8.5
    endloop
  endfacet
  facet normal 0 0 1
    outer loop
      vertex -12.89 8.620000000000001 8.5
      vertex -12.011320343559643 10.741320343559643 8.5
      vertex -12.66163859753386 9.76805029709527 8.5
    endloop
  endfacet
  facet normal 0 0 1
    outer loop
      vertex -12.66163859753386 9.76805029709527 8.5
      vertex -12.011320343559643 10.741320343559643 8.5
      vertex -12.384408836907635 10.286710699058808 8.5
    endloop
  endfacet
  facet normal 0 0 1
    outer loop
      vertex -12.011320343559643 10.741320343559643 8.5
      vertex -11.03805029709527 11.391638597533861 8.5
      vertex -11.556710699058808 11.114408836907636 8.5
    endloop
  endfacet
  facet normal 0 0 1
    outer loop
      vertex -12.011320343559643 10.741320343559643 8.5
      vertex -9.790000000000001 7.62 8.5
      vertex -9.772706752362907 7.795581289814516 8.5
    endloop
  endfacet
  facet normal 0 0 1
    outer loop
      vertex -12.011320343559643 10.741320343559643 8.5
      vertex -9.772706752362907 7.795581289814516 8.5
      vertex -9.721491579260158 7.964415089128581 8.5
    endloop
  endfacet
  facet normal 0 0 1
    outer loop
      vertex -12.011320343559643 10.741320343559643 8.5
      vertex -9.721491579260158 7.964415089128581 8.5
      vertex -9.638322651072292 8.120013209717643 8.5
    endloop
  endfacet
  facet normal 0 0 1
    outer loop
      vertex -12.011320343559643 10.741320343559643 8.5
      vertex -9.638322651072292 8.120013209717643 8.5
      vertex -9.526396103067894 8.256396103067893 8.5
    endloop
  endfacet
  facet normal 0 0 1
    outer loop
      vertex -12.011320343559643 10.741320343559643 8.5
      vertex -9.526396103067894 8.256396103067893 8.5
      vertex -9.390013209717642 8.36832265107229 8.5
    endloop
  endfacet
  facet normal 0 0 1
    outer loop
      vertex -12.011320343559643 10.741320343559643 8.5
      vertex -9.390013209717642 8.36832265107229 8.5
      vertex -9.234415089128582 8.451491579260159 8.5
    endloop
  endfacet
  facet normal 0 0 1
    outer loop
      vertex -12.011320343559643 10.741320343559643 8.5
      vertex -9.234415089128582 8.451491579260159 8.5
      vertex -9.065581289814515 8.502706752362908 8.5
    endloop
  endfacet
  facet normal 0 0 1
    outer loop
      vertex -12.011320343559643 10.741320343559643 8.5
      vertex -9.065581289814515 8.502706752362908 8.5
      vertex -8.89 8.52 8.5
    endloop
  endfacet
  facet normal 0 0 1
    outer loop
      vertex -12.011320343559643 10.741320343559643 8.5
      vertex -8.89 8.52 8.5
      vertex -8.714418710185486 8.502706752362908 8.5
    endloop
  endfacet
  facet normal 0 0 1
    outer loop
      vertex -12.011320343559643 10.741320343559643 8.5
      vertex -8.714418710185486 8.502706752362908 8.5
      vertex -8.545584910871419 8.451491579260159 8.5
    endloop
  endfacet
  facet normal 0 0 1
    outer loop
      vertex -12.011320343559643 10.741320343559643 8.5
      vertex -9.89 11.620000000000001 8.5
      vertex -11.03805029709527 11.391638597533861 8.5
    endloop
  endfacet
  facet normal 0 0 1
    outer loop
      vertex -11.03805029709527 11.391638597533861 8.5
      vertex -9.89 11.620000000000001 8.5
      vertex -10.475270966048384 11.562355841209692 8.5
    endloop
  endfacet
  facet normal 0 0 1
    outer loop
      vertex -8.253603896932107 6.983603896932108 8.5
      vertex -6.986396103067893 6.983603896932108 8.5
      vertex -8.14167734892771 7.119986790282358 8.5
    endloop
  endfacet
  facet normal 0 0 1
    outer loop
      vertex -8.14167734892771 7.119986790282358 8.5
      vertex -7.181491579260158 7.2755849108714195 8.5
      vertex -8.058508420739843 7.2755849108714195 8.5
    endloop
  endfacet
  facet normal 0 0 1
    outer loop
      vertex -8.14167734892771 7.119986790282358 8.5
      vertex -7.098322651072291 7.119986790282358 8.5
      vertex -7.181491579260158 7.2755849108714195 8.5
    endloop
  endfacet
  facet normal 0 0 1
    outer loop
      vertex -8.14167734892771 7.119986790282358 8.5
      vertex -6.986396103067893 6.983603896932108 8.5
      vertex -7.098322651072291 7.119986790282358 8.5
    endloop
  endfacet
  facet normal 0 0 1
    outer loop
      vertex -8.058508420739843 7.2755849108714195 8.5
      vertex -7.232706752362908 7.444418710185484 8.5
      vertex -8.007293247637094 7.444418710185484 8.5
    endloop
  endfacet
  facet normal 0 0 1
    outer loop
      vertex -8.007293247637094 7.444418710185484 8.5
      vertex -7.232706752362908 7.444418710185484 8.5
      vertex -7.99 7.62 8.5
    endloop
  endfacet
  facet normal 0 0 1
    outer loop
      vertex -7.99 7.62 8.5
      vertex -7.232706752362908 7.795581289814516 8.5
      vertex -8.007293247637094 7.795581289814516 8.5
    endloop
  endfacet
  facet normal 0 0 1
    outer loop
      vertex -8.007293247637094 7.795581289814516 8.5
      vertex -7.232706752362908 7.795581289814516 8.5
      vertex -8.058508420739843 7.964415089128581 8.5
    endloop
  endfacet
  facet normal 0 0 1
    outer loop
      vertex -8.058508420739843 7.2755849108714195 8.5
      vertex -7.181491579260158 7.2755849108714195 8.5
      vertex -7.232706752362908 7.444418710185484 8.5
    endloop
  endfacet
  facet normal 0 0 1
    outer loop
      vertex -7.99 7.62 8.5
      vertex -7.232706752362908 7.444418710185484 8.5
      vertex -7.250000000000001 7.62 8.5
    endloop
  endfacet
  facet normal 0 0 1
    outer loop
      vertex -7.99 7.62 8.5
      vertex -7.250000000000001 7.62 8.5
      vertex -7.232706752362908 7.795581289814516 8.5
    endloop
  endfacet
  facet normal 0 0 1
    outer loop
      vertex -8.058508420739843 7.964415089128581 8.5
      vertex -7.232706752362908 7.795581289814516 8.5
      vertex -7.181491579260158 7.964415089128581 8.5
    endloop
  endfacet
  facet normal 0 0 1
    outer loop
      vertex -8.058508420739843 7.964415089128581 8.5
      vertex -7.181491579260158 7.964415089128581 8.5
      vertex -8.14167734892771 8.120013209717643 8.5
    endloop
  endfacet
  facet normal 0 0 1
    outer loop
      vertex -8.253603896932107 8.256396103067893 8.5
      vertex -8.14167734892771 8.120013209717643 8.5
      vertex -7.098322651072291 8.120013209717643 8.5
    endloop
  endfacet
  facet normal 0 0 1
    outer loop
      vertex -8.253603896932107 8.256396103067893 8.5
      vertex -6.850013209717643 8.36832265107229 8.5
      vertex -8.389986790282359 8.36832265107229 8.5
    endloop
  endfacet
  facet normal 0 0 1
    outer loop
      vertex -8.389986790282359 8.36832265107229 8.5
      vertex -6.850013209717643 8.36832265107229 8.5
      vertex -8.545584910871419 8.451491579260159 8.5
    endloop
  endfacet
  facet normal 0 0 1
    outer loop
      vertex -8.14167734892771 8.120013209717643 8.5
      vertex -7.181491579260158 7.964415089128581 8.5
      vertex -7.098322651072291 8.120013209717643 8.5
    endloop
  endfacet
  facet normal 0 0 1
    outer loop
      vertex -8.253603896932107 8.256396103067893 8.5
      vertex -7.098322651072291 8.120013209717643 8.5
      vertex -6.986396103067893 8.256396103067893 8.5
    endloop
  endfacet
  facet normal 0 0 1
    outer loop
      vertex -8.253603896932107 8.256396103067893 8.5
      vertex -6.986396103067893 8.256396103067893 8.5
      vertex -6.850013209717643 8.36832265107229 8.5
    endloop
  endfacet
  facet normal 0 0 1
    outer loop
      vertex -8.545584910871419 8.451491579260159 8.5
      vertex -6.850013209717643 8.36832265107229 8.5
      vertex -6.694415089128581 8.451491579260159 8.5
    endloop
  endfacet
  facet normal 0 0 1
    outer loop
      vertex -12.011320343559643 10.741320343559643 8.5
      vertex -8.545584910871419 8.451491579260159 8.5
      vertex -6.694415089128581 8.451491579260159 8.5
    endloop
  endfacet
  facet normal 0 0 1
    outer loop
      vertex -12.011320343559643 10.741320343559643 8.5
      vertex -6.694415089128581 8.451491579260159 8.5
      vertex -6.525581289814516 8.502706752362908 8.5
    endloop
  endfacet
  facet normal 0 0 1
    outer loop
      vertex -12.011320343559643 10.741320343559643 8.5
      vertex -6.525581289814516 8.502706752362908 8.5
      vertex -6.3500000000000005 8.52 8.5
    endloop
  endfacet
  facet normal 0 0 1
    outer loop
      vertex -12.011320343559643 10.741320343559643 8.5
      vertex -6.3500000000000005 8.52 8.5
      vertex -6.174418710185485 8.502706752362908 8.5
    endloop
  endfacet
  facet normal 0 0 1
    outer loop
      vertex -12.011320343559643 10.741320343559643 8.5
      vertex -6.174418710185485 8.502706752362908 8.5
      vertex -3.9855812898145158 8.502706752362908 8.5
    endloop
  endfacet
  facet normal 0 0 1
    outer loop
      vertex -12.011320343559643 10.741320343559643 8.5
      vertex -3.9855812898145158 8.502706752362908 8.5
      vertex -3.8100000000000005 8.52 8.5
    endloop
  endfacet
  facet normal 0 0 1
    outer loop
      vertex -8.714418710185486 -6.737293247637092 8.5
      vertex -4.446396103067894 6.983603896932108 8.5
      vertex -5.713603896932108 6.983603896932108 8.5
    endloop
  endfacet
  facet normal 0 0 1
    outer loop
      vertex -8.714418710185486 -6.737293247637092 8.5
      vertex -4.154415089128581 6.788508420739842 8.5
      vertex -4.310013209717642 6.87167734892771 8.5
    endloop
  endfacet
  facet normal 0 0 1
    outer loop
      vertex -8.714418710185486 -6.737293247637092 8.5
      vertex -4.310013209717642 6.87167734892771 8.5
      vertex -4.446396103067894 6.983603896932108 8.5
    endloop
  endfacet
  facet normal 0 0 1
    outer loop
      vertex -8.714418710185486 -6.737293247637092 8.5
      vertex -3.9855812898145158 6.737293247637092 8.5
      vertex -4.154415089128581 6.788508420739842 8.5
    endloop
  endfacet
  facet normal 0 0 1
    outer loop
      vertex -8.714418710185486 -6.737293247637092 8.5
      vertex -3.8100000000000005 6.72 8.5
      vertex -3.9855812898145158 6.737293247637092 8.5
    endloop
  endfacet
  facet normal 0 0 1
    outer loop
      vertex -8.714418710185486 -6.737293247637092 8.5
      vertex -3.6344187101854852 6.737293247637092 8.5
      vertex -3.8100000000000005 6.72 8.5
    endloop
  endfacet
  facet normal 0 0 1
    outer loop
      vertex -8.714418710185486 -6.737293247637092 8.5
      vertex -3.46558491087142 6.788508420739842 8.5
      vertex -3.6344187101854852 6.737293247637092 8.5
    endloop
  endfacet
  facet normal 0 0 1
    outer loop
      vertex -8.714418710185486 -6.737293247637092 8.5
      vertex -3.3099867902823585 6.87167734892771 8.5
      vertex -3.46558491087142 6.788508420739842 8.5
    endloop
  endfacet
  facet normal 0 0 1
    outer loop
      vertex -8.714418710185486 -6.737293247637092 8.5
      vertex -3.1736038969321076 6.983603896932108 8.5
      vertex -3.3099867902823585 6.87167734892771 8.5
    endloop
  endfacet
  facet normal 0 0 1
    outer loop
      vertex -8.714418710185486 -6.737293247637092 8.5
      vertex -1.9063961030678933 6.983603896932108 8.5
      vertex -3.1736038969321076 6.983603896932108 8.5
    endloop
  endfacet
  facet normal 0 0 1
    outer loop
      vertex -8.714418710185486 -6.737293247637092 8.5
      vertex -1.6144150891285813 6.788508420739842 8.5
      vertex -1.7700132097176424 6.87167734892771 8.5
    endloop
  endfacet
  facet normal 0 0 1
    outer loop
      vertex -8.714418710185486 -6.737293247637092 8.5
      vertex -1.7700132097176424 6.87167734892771 8.5
      vertex -1.9063961030678933 6.983603896932108 8.5
    endloop
  endfacet
  facet normal 0 0 1
    outer loop
      vertex -8.714418710185486 -6.737293247637092 8.5
      vertex -1.445581289814516 6.737293247637092 8.5
      vertex -1.6144150891285813 6.788508420739842 8.5
    endloop
  endfacet
  facet normal 0 0 1
    outer loop
      vertex -8.714418710185486 -6.737293247637092 8.5
      vertex -1.2700000000000005 6.72 8.5
      vertex -1.445581289814516 6.737293247637092 8.5
    endloop
  endfacet
  facet normal 0 0 1
    outer loop
      vertex -8.714418710185486 -6.737293247637092 8.5
      vertex -1.094418710185485 6.737293247637092 8.5
      vertex -1.2700000000000005 6.72 8.5
    endloop
  endfacet
  facet normal 0 0 1
    outer loop
      vertex -8.714418710185486 -6.737293247637092 8.5
      vertex -0.9255849108714196 6.788508420739842 8.5
      vertex -1.094418710185485 6.737293247637092 8.5
    endloop
  endfacet
  facet normal 0 0 1
    outer loop
      vertex -8.714418710185486 -6.737293247637092 8.5
      vertex -0.7699867902823585 6.87167734892771 8.5
      vertex -0.9255849108714196 6.788508420739842 8.5
    endloop
  endfacet
  facet normal 0 0 1
    outer loop
      vertex -8.714418710185486 -6.737293247637092 8.5
      vertex -0.6336038969321076 6.983603896932108 8.5
      vertex -0.7699867902823585 6.87167734892771 8.5
    endloop
  endfacet
  facet normal 0 0 1
    outer loop
      vertex -8.714418710185486 -6.737293247637092 8.5
      vertex 0.6336038969321067 6.983603896932108 8.5
      vertex -0.6336038969321076 6.983603896932108 8.5
    endloop
  endfacet
  facet normal 0 0 1
    outer loop
      vertex -8.714418710185486 -6.737293247637092 8.5
      vertex 0.7699867902823576 6.87167734892771 8.5
      vertex 0.6336038969321067 6.983603896932108 8.5
    endloop
  endfacet
  facet normal 0 0 1
    outer loop
      vertex -8.714418710185486 -6.737293247637092 8.5
      vertex 0.9255849108714187 6.788508420739842 8.5
      vertex 0.7699867902823576 6.87167734892771 8.5
    endloop
  endfacet
  facet normal 0 0 1
    outer loop
      vertex -8.714418710185486 -6.737293247637092 8.5
      vertex 1.094418710185484 6.737293247637092 8.5
      vertex 0.9255849108714187 6.788508420739842 8.5
    endloop
  endfacet
  facet normal 0 0 1
    outer loop
      vertex -8.714418710185486 -6.737293247637092 8.5
      vertex 1.2699999999999996 6.72 8.5
      vertex 1.094418710185484 6.737293247637092 8.5
    endloop
  endfacet
  facet normal 0 0 1
    outer loop
      vertex -8.714418710185486 -6.737293247637092 8.5
      vertex 1.445581289814515 6.737293247637092 8.5
      vertex 1.2699999999999996 6.72 8.5
    endloop
  endfacet
  facet normal 0 0 1
    outer loop
      vertex -8.714418710185486 -6.737293247637092 8.5
      vertex 1.6144150891285804 6.788508420739842 8.5
      vertex 1.445581289814515 6.737293247637092 8.5
    endloop
  endfacet
  facet normal 0 0 1
    outer loop
      vertex -8.714418710185486 -6.737293247637092 8.5
      vertex 1.7700132097176415 6.87167734892771 8.5
      vertex 1.6144150891285804 6.788508420739842 8.5
    endloop
  endfacet
  facet normal 0 0 1
    outer loop
      vertex -8.714418710185486 -6.737293247637092 8.5
      vertex 1.9063961030678924 6.983603896932108 8.5
      vertex 1.7700132097176415 6.87167734892771 8.5
    endloop
  endfacet
  facet normal 0 0 1
    outer loop
      vertex -8.714418710185486 -6.737293247637092 8.5
      vertex 3.173603896932106 6.983603896932108 8.5
      vertex 1.9063961030678924 6.983603896932108 8.5
    endloop
  endfacet
  facet normal 0 0 1
    outer loop
      vertex -8.714418710185486 -6.737293247637092 8.5
      vertex 3.465584910871418 6.788508420739842 8.5
      vertex 3.3099867902823568 6.87167734892771 8.5
    endloop
  endfacet
  facet normal 0 0 1
    outer loop
      vertex -8.714418710185486 -6.737293247637092 8.5
      vertex 3.3099867902823568 6.87167734892771 8.5
      vertex 3.173603896932106 6.983603896932108 8.5
    endloop
  endfacet
  facet normal 0 0 1
    outer loop
      vertex -8.714418710185486 -6.737293247637092 8.5
      vertex 3.6344187101854835 6.737293247637092 8.5
      vertex 3.465584910871418 6.788508420739842 8.5
    endloop
  endfacet
  facet normal 0 0 1
    outer loop
      vertex -8.714418710185486 -6.737293247637092 8.5
      vertex 3.8099999999999987 6.72 8.5
      vertex 3.6344187101854835 6.737293247637092 8.5
    endloop
  endfacet
  facet normal 0 0 1
    outer loop
      vertex -8.714418710185486 -6.737293247637092 8.5
      vertex 3.985581289814514 6.737293247637092 8.5
      vertex 3.8099999999999987 6.72 8.5
    endloop
  endfacet
  facet normal 0 0 1
    outer loop
      vertex -8.714418710185486 -6.737293247637092 8.5
      vertex 4.154415089128579 6.788508420739842 8.5
      vertex 3.985581289814514 6.737293247637092 8.5
    endloop
  endfacet
  facet normal 0 0 1
    outer loop
      vertex -8.714418710185486 -6.737293247637092 8.5
      vertex 4.31001320971764 6.87167734892771 8.5
      vertex 4.154415089128579 6.788508420739842 8.5
    endloop
  endfacet
  facet normal 0 0 1
    outer loop
      vertex -5.713603896932108 6.983603896932108 8.5
      vertex -4.446396103067894 6.983603896932108 8.5
      vertex -5.60167734892771 7.119986790282358 8.5
    endloop
  endfacet
  facet normal 0 0 1
    outer loop
      vertex -5.60167734892771 7.119986790282358 8.5
      vertex -4.558322651072292 7.119986790282358 8.5
      vertex -5.518508420739843 7.2755849108714195 8.5
    endloop
  endfacet
  facet normal 0 0 1
    outer loop
      vertex -5.60167734892771 7.119986790282358 8.5
      vertex -4.446396103067894 6.983603896932108 8.5
      vertex -4.558322651072292 7.119986790282358 8.5
    endloop
  endfacet
  facet normal 0 0 1
    outer loop
      vertex -5.518508420739843 7.2755849108714195 8.5
      vertex -4.558322651072292 7.119986790282358 8.5
      vertex -4.641491579260158 7.2755849108714195 8.5
    endloop
  endfacet
  facet normal 0 0 1
    outer loop
      vertex -5.518508420739843 7.2755849108714195 8.5
      vertex -4.641491579260158 7.2755849108714195 8.5
      vertex -5.467293247637093 7.444418710185484 8.5
    endloop
  endfacet
  facet normal 0 0 1
    outer loop
      vertex -5.467293247637093 7.444418710185484 8.5
      vertex -4.692706752362908 7.444418710185484 8.5
      vertex -5.45 7.62 8.5
    endloop
  endfacet
  facet normal 0 0 1
    outer loop
      vertex -5.467293247637093 7.444418710185484 8.5
      vertex -4.641491579260158 7.2755849108714195 8.5
      vertex -4.692706752362908 7.444418710185484 8.5
    endloop
  endfacet
  facet normal 0 0 1
    outer loop
      vertex -5.45 7.62 8.5
      vertex -4.692706752362908 7.444418710185484 8.5
      vertex -4.710000000000001 7.62 8.5
    endloop
  endfacet
  facet normal 0 0 1
    outer loop
      vertex -5.45 7.62 8.5
      vertex -4.710000000000001 7.62 8.5
      vertex -5.467293247637093 7.795581289814516 8.5
    endloop
  endfacet
  facet normal 0 0 1
    outer loop
      vertex -5.467293247637093 7.795581289814516 8.5
      vertex -4.692706752362908 7.795581289814516 8.5
      vertex -5.518508420739843 7.964415089128581 8.5
    endloop
  endfacet
  facet normal 0 0 1
    outer loop
      vertex -5.467293247637093 7.795581289814516 8.5
      vertex -4.710000000000001 7.62 8.5
      vertex -4.692706752362908 7.795581289814516 8.5
    endloop
  endfacet
  facet normal 0 0 1
    outer loop
      vertex -5.518508420739843 7.964415089128581 8.5
      vertex -4.692706752362908 7.795581289814516 8.5
      vertex -4.641491579260158 7.964415089128581 8.5
    endloop
  endfacet
  facet normal 0 0 1
    outer loop
      vertex -5.713603896932108 8.256396103067893 8.5
      vertex -5.60167734892771 8.120013209717643 8.5
      vertex -4.558322651072292 8.120013209717643 8.5
    endloop
  endfacet
  facet normal 0 0 1
    outer loop
      vertex -5.849986790282358 8.36832265107229 8.5
      vertex -5.713603896932108 8.256396103067893 8.5
      vertex -4.446396103067894 8.256396103067893 8.5
    endloop
  endfacet
  facet normal 0 0 1
    outer loop
      vertex -6.174418710185485 8.502706752362908 8.5
      vertex -6.00558491087142 8.451491579260159 8.5
      vertex -4.154415089128581 8.451491579260159 8.5
    endloop
  endfacet
  facet normal 0 0 1
    outer loop
      vertex -5.849986790282358 8.36832265107229 8.5
      vertex -4.154415089128581 8.451491579260159 8.5
      vertex -6.00558491087142 8.451491579260159 8.5
    endloop
  endfacet
  facet normal 0 0 1
    outer loop
      vertex -5.518508420739843 7.964415089128581 8.5
      vertex -4.558322651072292 8.120013209717643 8.5
      vertex -5.60167734892771 8.120013209717643 8.5
    endloop
  endfacet
  facet normal 0 0 1
    outer loop
      vertex -5.518508420739843 7.964415089128581 8.5
      vertex -4.641491579260158 7.964415089128581 8.5
      vertex -4.558322651072292 8.120013209717643 8.5
    endloop
  endfacet
  facet normal 0 0 1
    outer loop
      vertex -5.713603896932108 8.256396103067893 8.5
      vertex -4.558322651072292 8.120013209717643 8.5
      vertex -4.446396103067894 8.256396103067893 8.5
    endloop
  endfacet
  facet normal 0 0 1
    outer loop
      vertex -5.849986790282358 8.36832265107229 8.5
      vertex -4.446396103067894 8.256396103067893 8.5
      vertex -4.310013209717642 8.36832265107229 8.5
    endloop
  endfacet
  facet normal 0 0 1
    outer loop
      vertex -5.849986790282358 8.36832265107229 8.5
      vertex -4.310013209717642 8.36832265107229 8.5
      vertex -4.154415089128581 8.451491579260159 8.5
    endloop
  endfacet
  facet normal 0 0 1
    outer loop
      vertex -6.174418710185485 8.502706752362908 8.5
      vertex -4.154415089128581 8.451491579260159 8.5
      vertex -3.9855812898145158 8.502706752362908 8.5
    endloop
  endfacet
  facet normal 0 0 1
    outer loop
      vertex -12.011320343559643 10.741320343559643 8.5
      vertex -3.8100000000000005 8.52 8.5
      vertex -1.2700000000000005 8.52 8.5
    endloop
  endfacet
  facet normal 0 0 1
    outer loop
      vertex -12.011320343559643 10.741320343559643 8.5
      vertex -1.2700000000000005 8.52 8.5
      vertex -1.094418710185485 8.502706752362908 8.5
    endloop
  endfacet
  facet normal 0 0 1
    outer loop
      vertex -12.011320343559643 10.741320343559643 8.5
      vertex -1.094418710185485 8.502706752362908 8.5
      vertex 1.094418710185484 8.502706752362908 8.5
    endloop
  endfacet
  facet normal 0 0 1
    outer loop
      vertex -12.011320343559643 10.741320343559643 8.5
      vertex 12.011320343559643 10.741320343559643 8.5
      vertex -9.89 11.620000000000001 8.5
    endloop
  endfacet
  facet normal 0 0 1
    outer loop
      vertex -3.1736038969321076 6.983603896932108 8.5
      vertex -1.9063961030678933 6.983603896932108 8.5
      vertex -3.06167734892771 7.119986790282358 8.5
    endloop
  endfacet
  facet normal 0 0 1
    outer loop
      vertex -3.06167734892771 7.119986790282358 8.5
      vertex -2.018322651072291 7.119986790282358 8.5
      vertex -2.9785084207398427 7.2755849108714195 8.5
    endloop
  endfacet
  facet normal 0 0 1
    outer loop
      vertex -3.06167734892771 7.119986790282358 8.5
      vertex -1.9063961030678933 6.983603896932108 8.5
      vertex -2.018322651072291 7.119986790282358 8.5
    endloop
  endfacet
  facet normal 0 0 1
    outer loop
      vertex -2.9785084207398427 7.2755849108714195 8.5
      vertex -2.018322651072291 7.119986790282358 8.5
      vertex -2.1014915792601583 7.2755849108714195 8.5
    endloop
  endfacet
  facet normal 0 0 1
    outer loop
      vertex -2.9785084207398427 7.2755849108714195 8.5
      vertex -2.1014915792601583 7.2755849108714195 8.5
      vertex -2.927293247637093 7.444418710185484 8.5
    endloop
  endfacet
  facet normal 0 0 1
    outer loop
      vertex -2.927293247637093 7.444418710185484 8.5
      vertex -2.1527067523629078 7.444418710185484 8.5
      vertex -2.9100000000000006 7.62 8.5
    endloop
  endfacet
  facet normal 0 0 1
    outer loop
      vertex -2.9100000000000006 7.62 8.5
      vertex -2.1700000000000004 7.62 8.5
      vertex -2.927293247637093 7.795581289814516 8.5
    endloop
  endfacet
  facet normal 0 0 1
    outer loop
      vertex -2.9785084207398427 7.964415089128581 8.5
      vertex -2.927293247637093 7.795581289814516 8.5
      vertex -2.1527067523629078 7.795581289814516 8.5
    endloop
  endfacet
  facet normal 0 0 1
    outer loop
      vertex -3.8100000000000005 8.52 8.5
      vertex -3.6344187101854852 8.502706752362908 8.5
      vertex -1.445581289814516 8.502706752362908 8.5
    endloop
  endfacet
  facet normal 0 0 1
    outer loop
      vertex -3.6344187101854852 8.502706752362908 8.5
      vertex -3.46558491087142 8.451491579260159 8.5
      vertex -1.6144150891285813 8.451491579260159 8.5
    endloop
  endfacet
  facet normal 0 0 1
    outer loop
      vertex -3.1736038969321076 8.256396103067893 8.5
      vertex -3.06167734892771 8.120013209717643 8.5
      vertex -2.018322651072291 8.120013209717643 8.5
    endloop
  endfacet
  facet normal 0 0 1
    outer loop
      vertex -2.9785084207398427 7.964415089128581 8.5
      vertex -2.1014915792601583 7.964415089128581 8.5
      vertex -3.06167734892771 8.120013209717643 8.5
    endloop
  endfacet
  facet normal 0 0 1
    outer loop
      vertex -3.1736038969321076 8.256396103067893 8.5
      vertex -1.9063961030678933 8.256396103067893 8.5
      vertex -3.3099867902823585 8.36832265107229 8.5
    endloop
  endfacet
  facet normal 0 0 1
    outer loop
      vertex -3.46558491087142 8.451491579260159 8.5
      vertex -3.3099867902823585 8.36832265107229 8.5
      vertex -1.6144150891285813 8.451491579260159 8.5
    endloop
  endfacet
  facet normal 0 0 1
    outer loop
      vertex -2.927293247637093 7.444418710185484 8.5
      vertex -2.1014915792601583 7.2755849108714195 8.5
      vertex -2.1527067523629078 7.444418710185484 8.5
    endloop
  endfacet
  facet normal 0 0 1
    outer loop
      vertex -2.9100000000000006 7.62 8.5
      vertex -2.1527067523629078 7.444418710185484 8.5
      vertex -2.1700000000000004 7.62 8.5
    endloop
  endfacet
  facet normal 0 0 1
    outer loop
      vertex -2.927293247637093 7.795581289814516 8.5
      vertex -2.1700000000000004 7.62 8.5
      vertex -2.1527067523629078 7.795581289814516 8.5
    endloop
  endfacet
  facet normal 0 0 1
    outer loop
      vertex -2.9785084207398427 7.964415089128581 8.5
      vertex -2.1527067523629078 7.795581289814516 8.5
      vertex -2.1014915792601583 7.964415089128581 8.5
    endloop
  endfacet
  facet normal 0 0 1
    outer loop
      vertex -3.06167734892771 8.120013209717643 8.5
      vertex -2.1014915792601583 7.964415089128581 8.5
      vertex -2.018322651072291 8.120013209717643 8.5
    endloop
  endfacet
  facet normal 0 0 1
    outer loop
      vertex -3.1736038969321076 8.256396103067893 8.5
      vertex -2.018322651072291 8.120013209717643 8.5
      vertex -1.9063961030678933 8.256396103067893 8.5
    endloop
  endfacet
  facet normal 0 0 1
    outer loop
      vertex -3.3099867902823585 8.36832265107229 8.5
      vertex -1.9063961030678933 8.256396103067893 8.5
      vertex -1.7700132097176424 8.36832265107229 8.5
    endloop
  endfacet
  facet normal 0 0 1
    outer loop
      vertex -3.3099867902823585 8.36832265107229 8.5
      vertex -1.7700132097176424 8.36832265107229 8.5
      vertex -1.6144150891285813 8.451491579260159 8.5
    endloop
  endfacet
  facet normal 0 0 1
    outer loop
      vertex -3.6344187101854852 8.502706752362908 8.5
      vertex -1.6144150891285813 8.451491579260159 8.5
      vertex -1.445581289814516 8.502706752362908 8.5
    endloop
  endfacet
  facet normal 0 0 1
    outer loop
      vertex -3.8100000000000005 8.52 8.5
      vertex -1.445581289814516 8.502706752362908 8.5
      vertex -1.2700000000000005 8.52 8.5
    endloop
  endfacet
  facet normal 0 0 1
    outer loop
      vertex -0.6336038969321076 6.983603896932108 8.5
      vertex 0.6336038969321067 6.983603896932108 8.5
      vertex -0.5216773489277098 7.119986790282358 8.5
    endloop
  endfacet
  facet normal 0 0 1
    outer loop
      vertex -0.5216773489277098 7.119986790282358 8.5
      vertex 0.5216773489277089 7.119986790282358 8.5
      vertex -0.4385084207398424 7.2755849108714195 8.5
    endloop
  endfacet
  facet normal 0 0 1
    outer loop
      vertex -0.4385084207398424 7.2755849108714195 8.5
      vertex 0.43850842073984153 7.2755849108714195 8.5
      vertex -0.38729324763709305 7.444418710185484 8.5
    endloop
  endfacet
  facet normal 0 0 1
    outer loop
      vertex -0.38729324763709305 7.444418710185484 8.5
      vertex 0.38729324763709216 7.444418710185484 8.5
      vertex -0.37000000000000044 7.62 8.5
    endloop
  endfacet
  facet normal 0 0 1
    outer loop
      vertex -0.37000000000000044 7.62 8.5
      vertex 0.36999999999999955 7.62 8.5
      vertex -0.38729324763709305 7.795581289814516 8.5
    endloop
  endfacet
  facet normal 0 0 1
    outer loop
      vertex -0.38729324763709305 7.795581289814516 8.5
      vertex 0.38729324763709216 7.795581289814516 8.5
      vertex -0.4385084207398424 7.964415089128581 8.5
    endloop
  endfacet
  facet normal 0 0 1
    outer loop
      vertex -0.6336038969321076 8.256396103067893 8.5
      vertex -0.5216773489277098 8.120013209717643 8.5
      vertex 0.5216773489277089 8.120013209717643 8.5
    endloop
  endfacet
  facet normal 0 0 1
    outer loop
      vertex -0.7699867902823585 8.36832265107229 8.5
      vertex -0.6336038969321076 8.256396103067893 8.5
      vertex 0.6336038969321067 8.256396103067893 8.5
    endloop
  endfacet
  facet normal 0 0 1
    outer loop
      vertex -0.4385084207398424 7.964415089128581 8.5
      vertex 0.43850842073984153 7.964415089128581 8.5
      vertex -0.5216773489277098 8.120013209717643 8.5
    endloop
  endfacet
  facet normal 0 0 1
    outer loop
      vertex -0.7699867902823585 8.36832265107229 8.5
      vertex 0.7699867902823576 8.36832265107229 8.5
      vertex -0.9255849108714196 8.451491579260159 8.5
    endloop
  endfacet
  facet normal 0 0 1
    outer loop
      vertex -1.094418710185485 8.502706752362908 8.5
      vertex -0.9255849108714196 8.451491579260159 8.5
      vertex 0.9255849108714187 8.451491579260159 8.5
    endloop
  endfacet
  facet normal 0 0 1
    outer loop
      vertex -12.011320343559643 10.741320343559643 8.5
      vertex 1.094418710185484 8.502706752362908 8.5
      vertex 1.2699999999999996 8.52 8.5
    endloop
  endfacet
  facet normal 0 0 1
    outer loop
      vertex -12.011320343559643 10.741320343559643 8.5
      vertex 1.2699999999999996 8.52 8.5
      vertex 1.445581289814515 8.502706752362908 8.5
    endloop
  endfacet
  facet normal 0 0 1
    outer loop
      vertex -12.011320343559643 10.741320343559643 8.5
      vertex 1.445581289814515 8.502706752362908 8.5
      vertex 3.6344187101854835 8.502706752362908 8.5
    endloop
  endfacet
  facet normal 0 0 1
    outer loop
      vertex -12.011320343559643 10.741320343559643 8.5
      vertex 3.6344187101854835 8.502706752362908 8.5
      vertex 3.8099999999999987 8.52 8.5
    endloop
  endfacet
  facet normal 0 0 -1
    outer loop
      vertex -12.011320343559643 -10.741320343559643 0
      vertex 1.2699999999999996 -8.120000000000001 0
      vertex 12.89 -8.620000000000001 0
    endloop
  endfacet
  facet normal 0 0 -1
    outer loop
      vertex -1.0786582838174557 -8.081939766255644 0
      vertex 1.0786582838174548 -8.081939766255644 0
      vertex 1.1724548389919354 -8.110392640201615 0
    endloop
  endfacet
  facet normal 0 0 -1
    outer loop
      vertex -0.9164466094067267 -7.973553390593274 0
      vertex 0.9164466094067258 -7.973553390593274 0
      vertex 0.9922148834901985 -8.035734806151273 0
    endloop
  endfacet
  facet normal 0 0 -1
    outer loop
      vertex -0.9922148834901994 -8.035734806151273 0
      vertex 0.9922148834901985 -8.035734806151273 0
      vertex 1.0786582838174548 -8.081939766255644 0
    endloop
  endfacet
  facet normal 0 0 -1
    outer loop
      vertex -0.8080602337443571 -7.811341716182545 0
      vertex 0.8080602337443562 -7.811341716182545 0
      vertex 0.8542651938487269 -7.897785116509802 0
    endloop
  endfacet
  facet normal 0 0 -1
    outer loop
      vertex -0.8542651938487278 -7.897785116509802 0
      vertex 0.8542651938487269 -7.897785116509802 0
      vertex 0.9164466094067258 -7.973553390593274 0
    endloop
  endfacet
  facet normal 0 0 -1
    outer loop
      vertex -0.7796073597983852 -7.717545161008064 0
      vertex 0.7796073597983844 -7.717545161008064 0
      vertex 0.8080602337443562 -7.811341716182545 0
    endloop
  endfacet
  facet normal 0 0 -1
    outer loop
      vertex -0.7700000000000005 -7.62 0
      vertex 0.7699999999999996 -7.62 0
      vertex 0.7796073597983844 -7.717545161008064 0
    endloop
  endfacet
  facet normal 0 0 -1
    outer loop
      vertex -0.7796073597983852 -7.522454838991936 0
      vertex 0.7796073597983844 -7.522454838991936 0
      vertex 0.7699999999999996 -7.62 0
    endloop
  endfacet
  facet normal 0 0 -1
    outer loop
      vertex -0.8080602337443571 -7.428658283817455 0
      vertex 0.8080602337443562 -7.428658283817455 0
      vertex 0.7796073597983844 -7.522454838991936 0
    endloop
  endfacet
  facet normal 0 0 -1
    outer loop
      vertex -0.8542651938487278 -7.342214883490199 0
      vertex 0.8542651938487269 -7.342214883490199 0
      vertex 0.8080602337443562 -7.428658283817455 0
    endloop
  endfacet
  facet normal 0 0 -1
    outer loop
      vertex -0.9164466094067267 -7.266446609406726 0
      vertex 0.9164466094067258 -7.266446609406726 0
      vertex 0.8542651938487269 -7.342214883490199 0
    endloop
  endfacet
  facet normal 0 0 -1
    outer loop
      vertex -0.9922148834901994 -7.204265193848728 0
      vertex 0.9922148834901985 -7.204265193848728 0
      vertex 0.9164466094067258 -7.266446609406726 0
    endloop
  endfacet
  facet normal 0 0 -1
    outer loop
      vertex 1.4613417161825444 -8.081939766255644 0
      vertex 3.7124548389919347 -8.110392640201615 0
      vertex 1.3675451610080638 -8.110392640201615 0
    endloop
  endfacet
  facet normal 0 0 -1
    outer loop
      vertex 1.5477851165098007 -8.035734806151273 0
      vertex 3.618658283817454 -8.081939766255644 0
      vertex 1.4613417161825444 -8.081939766255644 0
    endloop
  endfacet
  facet normal 0 0 -1
    outer loop
      vertex 1.6235533905932733 -7.973553390593274 0
      vertex 3.5322148834901976 -8.035734806151273 0
      vertex 1.5477851165098007 -8.035734806151273 0
    endloop
  endfacet
  facet normal 0 0 -1
    outer loop
      vertex 1.6857348061512722 -7.897785116509802 0
      vertex 3.4564466094067248 -7.973553390593274 0
      vertex 1.6235533905932733 -7.973553390593274 0
    endloop
  endfacet
  facet normal 0 0 -1
    outer loop
      vertex 1.731939766255643 -7.811341716182545 0
      vertex 3.3942651938487263 -7.897785116509802 0
      vertex 1.6857348061512722 -7.897785116509802 0
    endloop
  endfacet
  facet normal 0 0 -1
    outer loop
      vertex 1.7603926402016148 -7.717545161008064 0
      vertex 3.3480602337443552 -7.811341716182545 0
      vertex 1.731939766255643 -7.811341716182545 0
    endloop
  endfacet
  facet normal 0 0 -1
    outer loop
      vertex 1.7699999999999996 -7.62 0
      vertex 3.3196073597983835 -7.717545161008064 0
      vertex 1.7603926402016148 -7.717545161008064 0
    endloop
  endfacet
  facet normal 0 0 -1
    outer loop
      vertex 1.7603926402016148 -7.522454838991936 0
      vertex 3.3099999999999987 -7.62 0
      vertex 1.7699999999999996 -7.62 0
    endloop
  endfacet
  facet normal 0 0 -1
    outer loop
      vertex 1.731939766255643 -7.428658283817455 0
      vertex 3.3196073597983835 -7.522454838991936 0
      vertex 1.7603926402016148 -7.522454838991936 0
    endloop
  endfacet
  facet normal 0 0 -1
    outer loop
      vertex 1.6857348061512722 -7.342214883490199 0
      vertex 3.3480602337443552 -7.428658283817455 0
      vertex 1.731939766255643 -7.428658283817455 0
    endloop
  endfacet
  facet normal 0 0 -1
    outer loop
      vertex 1.6235533905932733 -7.266446609406726 0
      vertex 3.3942651938487263 -7.342214883490199 0
      vertex 1.6857348061512722 -7.342214883490199 0
    endloop
  endfacet
  facet normal 0 0 -1
    outer loop
      vertex 1.5477851165098007 -8.035734806151273 0
      vertex 3.5322148834901976 -8.035734806151273 0
      vertex 3.618658283817454 -8.081939766255644 0
    endloop
  endfacet
  facet normal 0 0 -1
    outer loop
      vertex 3.5322148834901976 -8.035734806151273 0
      vertex 1.6235533905932733 -7.973553390593274 0
      vertex 3.4564466094067248 -7.973553390593274 0
    endloop
  endfacet
  facet normal 0 0 -1
    outer loop
      vertex 3.7124548389919347 -8.110392640201615 0
      vertex 1.4613417161825444 -8.081939766255644 0
      vertex 3.618658283817454 -8.081939766255644 0
    endloop
  endfacet
  facet normal 0 0 -1
    outer loop
      vertex 3.8099999999999987 -8.120000000000001 0
      vertex 1.3675451610080638 -8.110392640201615 0
      vertex 3.7124548389919347 -8.110392640201615 0
    endloop
  endfacet
  facet normal 0 0 -1
    outer loop
      vertex 1.7603926402016148 -7.717545161008064 0
      vertex 3.3196073597983835 -7.717545161008064 0
      vertex 3.3480602337443552 -7.811341716182545 0
    endloop
  endfacet
  facet normal 0 0 -1
    outer loop
      vertex 3.3196073597983835 -7.717545161008064 0
      vertex 1.7699999999999996 -7.62 0
      vertex 3.3099999999999987 -7.62 0
    endloop
  endfacet
  facet normal 0 0 -1
    outer loop
      vertex 1.7603926402016148 -7.522454838991936 0
      vertex 3.3196073597983835 -7.522454838991936 0
      vertex 3.3099999999999987 -7.62 0
    endloop
  endfacet
  facet normal 0 0 -1
    outer loop
      vertex 1.731939766255643 -7.428658283817455 0
      vertex 3.3480602337443552 -7.428658283817455 0
      vertex 3.3196073597983835 -7.522454838991936 0
    endloop
  endfacet
  facet normal 0 0 -1
    outer loop
      vertex 1.6857348061512722 -7.342214883490199 0
      vertex 3.3942651938487263 -7.342214883490199 0
      vertex 3.3480602337443552 -7.428658283817455 0
    endloop
  endfacet
  facet normal 0 0 -1
    outer loop
      vertex 3.4564466094067248 -7.973553390593274 0
      vertex 1.6857348061512722 -7.897785116509802 0
      vertex 3.3942651938487263 -7.897785116509802 0
    endloop
  endfacet
  facet normal 0 0 -1
    outer loop
      vertex 3.3942651938487263 -7.897785116509802 0
      vertex 1.731939766255643 -7.811341716182545 0
      vertex 3.3480602337443552 -7.811341716182545 0
    endloop
  endfacet
  facet normal 0 0 -1
    outer loop
      vertex 1.6235533905932733 -7.266446609406726 0
      vertex 3.4564466094067248 -7.266446609406726 0
      vertex 3.3942651938487263 -7.342214883490199 0
    endloop
  endfacet
  facet normal 0 0 -1
    outer loop
      vertex 1.5477851165098007 -7.204265193848728 0
      vertex 3.4564466094067248 -7.266446609406726 0
      vertex 1.6235533905932733 -7.266446609406726 0
    endloop
  endfacet
  facet normal 0 0 -1
    outer loop
      vertex 1.5477851165098007 -7.204265193848728 0
      vertex 3.5322148834901976 -7.204265193848728 0
      vertex 3.4564466094067248 -7.266446609406726 0
    endloop
  endfacet
  facet normal 0 0 -1
    outer loop
      vertex -9.89 -11.620000000000001 0
      vertex 12.011320343559643 -10.741320343559643 0
      vertex 9.89 -11.620000000000001 0
    endloop
  endfacet
  facet normal 0 0 -1
    outer loop
      vertex -12.011320343559643 -10.741320343559643 0
      vertex 12.89 -8.620000000000001 0
      vertex 12.011320343559643 -10.741320343559643 0
    endloop
  endfacet
  facet normal 0 0 -1
    outer loop
      vertex 3.9075451610080627 -8.110392640201615 0
      vertex 6.35 -8.120000000000001 0
      vertex 3.8099999999999987 -8.120000000000001 0
    endloop
  endfacet
  facet normal 0 0 -1
    outer loop
      vertex 4.0013417161825435 -8.081939766255644 0
      vertex 6.252454838991936 -8.110392640201615 0
      vertex 3.9075451610080627 -8.110392640201615 0
    endloop
  endfacet
  facet normal 0 0 -1
    outer loop
      vertex 4.087785116509799 -8.035734806151273 0
      vertex 6.158658283817455 -8.081939766255644 0
      vertex 4.0013417161825435 -8.081939766255644 0
    endloop
  endfacet
  facet normal 0 0 -1
    outer loop
      vertex 4.163553390593273 -7.973553390593274 0
      vertex 6.072214883490199 -8.035734806151273 0
      vertex 4.087785116509799 -8.035734806151273 0
    endloop
  endfacet
  facet normal 0 0 -1
    outer loop
      vertex 4.225734806151271 -7.897785116509802 0
      vertex 5.996446609406726 -7.973553390593274 0
      vertex 4.163553390593273 -7.973553390593274 0
    endloop
  endfacet
  facet normal 0 0 -1
    outer loop
      vertex 4.271939766255642 -7.811341716182545 0
      vertex 5.934265193848727 -7.897785116509802 0
      vertex 4.225734806151271 -7.897785116509802 0
    endloop
  endfacet
  facet normal 0 0 -1
    outer loop
      vertex 4.300392640201614 -7.717545161008064 0
      vertex 5.888060233744357 -7.811341716182545 0
      vertex 4.271939766255642 -7.811341716182545 0
    endloop
  endfacet
  facet normal 0 0 -1
    outer loop
      vertex 4.309999999999999 -7.62 0
      vertex 5.859607359798384 -7.717545161008064 0
      vertex 4.300392640201614 -7.717545161008064 0
    endloop
  endfacet
  facet normal 0 0 -1
    outer loop
      vertex 4.300392640201614 -7.522454838991936 0
      vertex 5.85 -7.62 0
      vertex 4.309999999999999 -7.62 0
    endloop
  endfacet
  facet normal 0 0 -1
    outer loop
      vertex 4.271939766255642 -7.428658283817455 0
      vertex 5.859607359798384 -7.522454838991936 0
      vertex 4.300392640201614 -7.522454838991936 0
    endloop
  endfacet
  facet normal 0 0 -1
    outer loop
      vertex 4.225734806151271 -7.342214883490199 0
      vertex 5.888060233744357 -7.428658283817455 0
      vertex 4.271939766255642 -7.428658283817455 0
    endloop
  endfacet
  facet normal 0 0 -1
    outer loop
      vertex 4.163553390593273 -7.266446609406726 0
      vertex 5.934265193848727 -7.342214883490199 0
      vertex 4.225734806151271 -7.342214883490199 0
    endloop
  endfacet
  facet normal 0 0 -1
    outer loop
      vertex 4.087785116509799 -7.204265193848728 0
      vertex 5.996446609406726 -7.266446609406726 0
      vertex 4.163553390593273 -7.266446609406726 0
    endloop
  endfacet
  facet normal 0 0 -1
    outer loop
      vertex 12.89 -8.620000000000001 0
      vertex 1.2699999999999996 -8.120000000000001 0
      vertex 1.3675451610080638 -8.110392640201615 0
    endloop
  endfacet
  facet normal 0 0 -1
    outer loop
      vertex 4.163553390593273 -7.973553390593274 0
      vertex 5.996446609406726 -7.973553390593274 0
      vertex 6.072214883490199 -8.035734806151273 0
    endloop
  endfacet
  facet normal 0 0 -1
    outer loop
      vertex 6.252454838991936 -8.110392640201615 0
      vertex 4.0013417161825435 -8.081939766255644 0
      vertex 6.158658283817455 -8.081939766255644 0
    endloop
  endfacet
  facet normal 0 0 -1
    outer loop
      vertex 3.9075451610080627 -8.110392640201615 0
      vertex 6.252454838991936 -8.110392640201615 0
      vertex 6.35 -8.120000000000001 0
    endloop
  endfacet
  facet normal 0 0 -1
    outer loop
      vertex 4.087785116509799 -8.035734806151273 0
      vertex 6.072214883490199 -8.035734806151273 0
      vertex 6.158658283817455 -8.081939766255644 0
    endloop
  endfacet
  facet normal 0 0 -1
    outer loop
      vertex 5.996446609406726 -7.973553390593274 0
      vertex 4.225734806151271 -7.897785116509802 0
      vertex 5.934265193848727 -7.897785116509802 0
    endloop
  endfacet
  facet normal 0 0 -1
    outer loop
      vertex 5.934265193848727 -7.897785116509802 0
      vertex 4.271939766255642 -7.811341716182545 0
      vertex 5.888060233744357 -7.811341716182545 0
    endloop
  endfacet
  facet normal 0 0 -1
    outer loop
      vertex 5.888060233744357 -7.811341716182545 0
      vertex 4.300392640201614 -7.717545161008064 0
      vertex 5.859607359798384 -7.717545161008064 0
    endloop
  endfacet
  facet normal 0 0 -1
    outer loop
      vertex 4.309999999999999 -7.62 0
      vertex 5.85 -7.62 0
      vertex 5.859607359798384 -7.717545161008064 0
    endloop
  endfacet
  facet normal 0 0 -1
    outer loop
      vertex 4.300392640201614 -7.522454838991936 0
      vertex 5.859607359798384 -7.522454838991936 0
      vertex 5.85 -7.62 0
    endloop
  endfacet
  facet normal 0 0 -1
    outer loop
      vertex 4.271939766255642 -7.428658283817455 0
      vertex 5.888060233744357 -7.428658283817455 0
      vertex 5.859607359798384 -7.522454838991936 0
    endloop
  endfacet
  facet normal 0 0 -1
    outer loop
      vertex 4.225734806151271 -7.342214883490199 0
      vertex 5.934265193848727 -7.342214883490199 0
      vertex 5.888060233744357 -7.428658283817455 0
    endloop
  endfacet
  facet normal 0 0 -1
    outer loop
      vertex 4.163553390593273 -7.266446609406726 0
      vertex 5.996446609406726 -7.266446609406726 0
      vertex 5.934265193848727 -7.342214883490199 0
    endloop
  endfacet
  facet normal 0 0 -1
    outer loop
      vertex 12.89 -8.620000000000001 0
      vertex 1.3675451610080638 -8.110392640201615 0
      vertex 3.8099999999999987 -8.120000000000001 0
    endloop
  endfacet
  facet normal 0 0 -1
    outer loop
      vertex 4.087785116509799 -7.204265193848728 0
      vertex 6.072214883490199 -7.204265193848728 0
      vertex 5.996446609406726 -7.266446609406726 0
    endloop
  endfacet
  facet normal 0 -1 0
    outer loop
      vertex -9.89 -11.620000000000001 0
      vertex 9.89 -11.620000000000001 0
      vertex 9.89 -11.620000000000001 8.5
    endloop
  endfacet
  facet normal 0 0 -1
    outer loop
      vertex -5.859607359798385 7.522454838991936 0
      vertex 3.618658283817454 -7.158060233744357 0
      vertex 3.5322148834901976 -7.204265193848728 0
    endloop
  endfacet
  facet normal 0 0 -1
    outer loop
      vertex -5.859607359798385 7.522454838991936 0
      vertex 3.7124548389919347 -7.129607359798385 0
      vertex 3.618658283817454 -7.158060233744357 0
    endloop
  endfacet
  facet normal 0 0 -1
    outer loop
      vertex -5.859607359798385 7.522454838991936 0
      vertex 3.8099999999999987 -7.12 0
      vertex 3.7124548389919347 -7.129607359798385 0
    endloop
  endfacet
  facet normal 0 0 -1
    outer loop
      vertex -5.859607359798385 7.522454838991936 0
      vertex 3.9075451610080627 -7.129607359798385 0
      vertex 3.8099999999999987 -7.12 0
    endloop
  endfacet
  facet normal 0 0 -1
    outer loop
      vertex -5.859607359798385 7.522454838991936 0
      vertex 4.0013417161825435 -7.158060233744357 0
      vertex 3.9075451610080627 -7.129607359798385 0
    endloop
  endfacet
  facet normal 0 0 -1
    outer loop
      vertex -5.8500000000000005 7.62 0
      vertex 4.087785116509799 -7.204265193848728 0
      vertex 4.0013417161825435 -7.158060233744357 0
    endloop
  endfacet
  facet normal 0 0 -1
    outer loop
      vertex -5.8500000000000005 7.62 0
      vertex 6.072214883490199 -7.204265193848728 0
      vertex 4.087785116509799 -7.204265193848728 0
    endloop
  endfacet
  facet normal 0 0 -1
    outer loop
      vertex -5.8500000000000005 7.62 0
      vertex 6.158658283817455 -7.158060233744357 0
      vertex 6.072214883490199 -7.204265193848728 0
    endloop
  endfacet
  facet normal 0 0 -1
    outer loop
      vertex -5.8500000000000005 7.62 0
      vertex 6.252454838991936 -7.129607359798385 0
      vertex 6.158658283817455 -7.158060233744357 0
    endloop
  endfacet
  facet normal 0 0 -1
    outer loop
      vertex -5.8500000000000005 7.62 0
      vertex 6.35 -7.12 0
      vertex 6.252454838991936 -7.129607359798385 0
    endloop
  endfacet
  facet normal 0 0 -1
    outer loop
      vertex -5.8500000000000005 7.62 0
      vertex 6.447545161008064 -7.129607359798385 0
      vertex 6.35 -7.12 0
    endloop
  endfacet
  facet normal 0 0 -1
    outer loop
      vertex -5.859607359798385 7.717545161008064 0
      vertex 6.5413417161825445 -7.158060233744357 0
      vertex 6.447545161008064 -7.129607359798385 0
    endloop
  endfacet
  facet normal 0 0 -1
    outer loop
      vertex -5.859607359798385 7.717545161008064 0
      vertex 8.698658283817455 -7.158060233744357 0
      vertex 6.5413417161825445 -7.158060233744357 0
    endloop
  endfacet
  facet normal 0 0 -1
    outer loop
      vertex -5.859607359798385 7.717545161008064 0
      vertex 8.792454838991937 -7.129607359798385 0
      vertex 8.698658283817455 -7.158060233744357 0
    endloop
  endfacet
  facet normal 0 0 -1
    outer loop
      vertex -5.859607359798385 7.717545161008064 0
      vertex 8.89 -7.12 0
      vertex 8.792454838991937 -7.129607359798385 0
    endloop
  endfacet
  facet normal 0 0 -1
    outer loop
      vertex -5.859607359798385 7.717545161008064 0
      vertex 8.987545161008065 -7.129607359798385 0
      vertex 8.89 -7.12 0
    endloop
  endfacet
  facet normal 0 0 -1
    outer loop
      vertex -5.8880602337443575 7.811341716182545 0
      vertex 9.081341716182546 -7.158060233744357 0
      vertex 8.987545161008065 -7.129607359798385 0
    endloop
  endfacet
  facet normal 0 0 -1
    outer loop
      vertex -5.934265193848728 7.897785116509802 0
      vertex 9.167785116509801 -7.204265193848728 0
      vertex 9.081341716182546 -7.158060233744357 0
    endloop
  endfacet
  facet normal 0 0 -1
    outer loop
      vertex -5.996446609406727 7.973553390593274 0
      vertex 9.243553390593274 -7.266446609406726 0
      vertex 9.167785116509801 -7.204265193848728 0
    endloop
  endfacet
  facet normal 0 0 -1
    outer loop
      vertex 12.89 -8.620000000000001 0
      vertex 9.243553390593274 -7.266446609406726 0
      vertex -5.996446609406727 7.973553390593274 0
    endloop
  endfacet
  facet normal 0 0 -1
    outer loop
      vertex 6.447545161008064 -8.110392640201615 0
      vertex 8.89 -8.120000000000001 0
      vertex 6.35 -8.120000000000001 0
    endloop
  endfacet
  facet normal 0 0 -1
    outer loop
      vertex 6.5413417161825445 -8.081939766255644 0
      vertex 8.792454838991937 -8.110392640201615 0
      vertex 6.447545161008064 -8.110392640201615 0
    endloop
  endfacet
  facet normal 0 0 -1
    outer loop
      vertex 6.6277851165098 -8.035734806151273 0
      vertex 8.698658283817455 -8.081939766255644 0
      vertex 6.5413417161825445 -8.081939766255644 0
    endloop
  endfacet
  facet normal 0 0 -1
    outer loop
      vertex 6.703553390593274 -7.973553390593274 0
      vertex 8.6122148834902 -8.035734806151273 0
      vertex 6.6277851165098 -8.035734806151273 0
    endloop
  endfacet
  facet normal 0 0 -1
    outer loop
      vertex 12.89 -8.620000000000001 0
      vertex 3.8099999999999987 -8.120000000000001 0
      vertex 6.35 -8.120000000000001 0
    endloop
  endfacet
  facet normal 0 0 -1
    outer loop
      vertex 8.6122148834902 -8.035734806151273 0
      vertex 6.703553390593274 -7.973553390593274 0
      vertex 8.536446609406728 -7.973553390593274 0
    endloop
  endfacet
  facet normal 0 0 -1
    outer loop
      vertex 8.792454838991937 -8.110392640201615 0
      vertex 6.5413417161825445 -8.081939766255644 0
      vertex 8.698658283817455 -8.081939766255644 0
    endloop
  endfacet
  facet normal 0 0 -1
    outer loop
      vertex 6.447545161008064 -8.110392640201615 0
      vertex 8.792454838991937 -8.110392640201615 0
      vertex 8.89 -8.120000000000001 0
    endloop
  endfacet
  facet normal 0 0 -1
    outer loop
      vertex 6.6277851165098 -8.035734806151273 0
      vertex 8.6122148834902 -8.035734806151273 0
      vertex 8.698658283817455 -8.081939766255644 0
    endloop
  endfacet
  facet normal 0 0 -1
    outer loop
      vertex 6.765734806151272 -7.897785116509802 0
      vertex 8.536446609406728 -7.973553390593274 0
      vertex 6.703553390593274 -7.973553390593274 0
    endloop
  endfacet
  facet normal 0 0 -1
    outer loop
      vertex 6.811939766255643 -7.811341716182545 0
      vertex 8.474265193848728 -7.897785116509802 0
      vertex 6.765734806151272 -7.897785116509802 0
    endloop
  endfacet
  facet normal 0 0 -1
    outer loop
      vertex 6.840392640201615 -7.717545161008064 0
      vertex 8.428060233744358 -7.811341716182545 0
      vertex 6.811939766255643 -7.811341716182545 0
    endloop
  endfacet
  facet normal 0 0 -1
    outer loop
      vertex 6.85 -7.62 0
      vertex 8.399607359798384 -7.717545161008064 0
      vertex 6.840392640201615 -7.717545161008064 0
    endloop
  endfacet
  facet normal 0 0 -1
    outer loop
      vertex 6.811939766255643 -7.428658283817455 0
      vertex 8.399607359798384 -7.522454838991936 0
      vertex 6.840392640201615 -7.522454838991936 0
    endloop
  endfacet
  facet normal 0 0 -1
    outer loop
      vertex 6.840392640201615 -7.522454838991936 0
      vertex 8.39 -7.62 0
      vertex 6.85 -7.62 0
    endloop
  endfacet
  facet normal 0 0 -1
    outer loop
      vertex 6.765734806151272 -7.342214883490199 0
      vertex 8.428060233744358 -7.428658283817455 0
      vertex 6.811939766255643 -7.428658283817455 0
    endloop
  endfacet
  facet normal 0 0 -1
    outer loop
      vertex 6.703553390593274 -7.266446609406726 0
      vertex 8.474265193848728 -7.342214883490199 0
      vertex 6.765734806151272 -7.342214883490199 0
    endloop
  endfacet
  facet normal 0 0 -1
    outer loop
      vertex 8.536446609406728 -7.973553390593274 0
      vertex 6.765734806151272 -7.897785116509802 0
      vertex 8.474265193848728 -7.897785116509802 0
    endloop
  endfacet
  facet normal 0 0 -1
    outer loop
      vertex 8.474265193848728 -7.897785116509802 0
      vertex 6.811939766255643 -7.811341716182545 0
      vertex 8.428060233744358 -7.811341716182545 0
    endloop
  endfacet
  facet normal 0 0 -1
    outer loop
      vertex 8.428060233744358 -7.811341716182545 0
      vertex 6.840392640201615 -7.717545161008064 0
      vertex 8.399607359798384 -7.717545161008064 0
    endloop
  endfacet
  facet normal 0 0 -1
    outer loop
      vertex 8.399607359798384 -7.717545161008064 0
      vertex 6.85 -7.62 0
      vertex 8.39 -7.62 0
    endloop
  endfacet
  facet normal 0 0 -1
    outer loop
      vertex 6.840392640201615 -7.522454838991936 0
      vertex 8.399607359798384 -7.522454838991936 0
      vertex 8.39 -7.62 0
    endloop
  endfacet
  facet normal 0 0 -1
    outer loop
      vertex 6.811939766255643 -7.428658283817455 0
      vertex 8.428060233744358 -7.428658283817455 0
      vertex 8.399607359798384 -7.522454838991936 0
    endloop
  endfacet
  facet normal 0 0 -1
    outer loop
      vertex 6.765734806151272 -7.342214883490199 0
      vertex 8.474265193848728 -7.342214883490199 0
      vertex 8.428060233744358 -7.428658283817455 0
    endloop
  endfacet
  facet normal 0 0 -1
    outer loop
      vertex 6.703553390593274 -7.266446609406726 0
      vertex 8.536446609406728 -7.266446609406726 0
      vertex 8.474265193848728 -7.342214883490199 0
    endloop
  endfacet
  facet normal 0 0 -1
    outer loop
      vertex 6.6277851165098 -7.204265193848728 0
      vertex 8.536446609406728 -7.266446609406726 0
      vertex 6.703553390593274 -7.266446609406726 0
    endloop
  endfacet
  facet normal 0 0 -1
    outer loop
      vertex 6.5413417161825445 -7.158060233744357 0
      vertex 8.6122148834902 -7.204265193848728 0
      vertex 6.6277851165098 -7.204265193848728 0
    endloop
  endfacet
  facet normal 0 0 -1
    outer loop
      vertex 6.6277851165098 -7.204265193848728 0
      vertex 8.6122148834902 -7.204265193848728 0
      vertex 8.536446609406728 -7.266446609406726 0
    endloop
  endfacet
  facet normal 0 0 -1
    outer loop
      vertex 6.5413417161825445 -7.158060233744357 0
      vertex 8.698658283817455 -7.158060233744357 0
      vertex 8.6122148834902 -7.204265193848728 0
    endloop
  endfacet
  facet normal 0 0 -1
    outer loop
      vertex 12.89 -8.620000000000001 0
      vertex 6.35 -8.120000000000001 0
      vertex 8.89 -8.120000000000001 0
    endloop
  endfacet
  facet normal 0 0 -1
    outer loop
      vertex 9.89 -11.620000000000001 0
      vertex 11.03805029709527 -11.391638597533861 0
      vertex 10.475270966048384 -11.562355841209692 0
    endloop
  endfacet
  facet normal 0 0 -1
    outer loop
      vertex 9.89 -11.620000000000001 0
      vertex 12.011320343559643 -10.741320343559643 0
      vertex 11.03805029709527 -11.391638597533861 0
    endloop
  endfacet
  facet normal 0 0 -1
    outer loop
      vertex 11.03805029709527 -11.391638597533861 0
      vertex 12.011320343559643 -10.741320343559643 0
      vertex 11.556710699058808 -11.114408836907636 0
    endloop
  endfacet
  facet normal 0 0 -1
    outer loop
      vertex 12.011320343559643 -10.741320343559643 0
      vertex 12.66163859753386 -9.76805029709527 0
      vertex 12.384408836907635 -10.286710699058808 0
    endloop
  endfacet
  facet normal 0 0 -1
    outer loop
      vertex 12.011320343559643 -10.741320343559643 0
      vertex 12.89 -8.620000000000001 0
      vertex 12.66163859753386 -9.76805029709527 0
    endloop
  endfacet
  facet normal 0 0 -1
    outer loop
      vertex 12.66163859753386 -9.76805029709527 0
      vertex 12.89 -8.620000000000001 0
      vertex 12.832355841209692 -9.205270966048385 0
    endloop
  endfacet
  facet normal 0 0 -1
    outer loop
      vertex 12.89 -8.620000000000001 0
      vertex 8.89 -8.120000000000001 0
      vertex 8.987545161008065 -8.110392640201615 0
    endloop
  endfacet
  facet normal 0 0 -1
    outer loop
      vertex 12.89 -8.620000000000001 0
      vertex 8.987545161008065 -8.110392640201615 0
      vertex 9.081341716182546 -8.081939766255644 0
    endloop
  endfacet
  facet normal 0 0 -1
    outer loop
      vertex 12.89 -8.620000000000001 0
      vertex 9.081341716182546 -8.081939766255644 0
      vertex 9.167785116509801 -8.035734806151273 0
    endloop
  endfacet
  facet normal 0 0 -1
    outer loop
      vertex 12.89 -8.620000000000001 0
      vertex 9.167785116509801 -8.035734806151273 0
      vertex 9.243553390593274 -7.973553390593274 0
    endloop
  endfacet
  facet normal 0 0 -1
    outer loop
      vertex 12.89 -8.620000000000001 0
      vertex 9.243553390593274 -7.973553390593274 0
      vertex 9.305734806151273 -7.897785116509802 0
    endloop
  endfacet
  facet normal 0 0 -1
    outer loop
      vertex 12.89 -8.620000000000001 0
      vertex 9.305734806151273 -7.897785116509802 0
      vertex 9.351939766255644 -7.811341716182545 0
    endloop
  endfacet
  facet normal 0 0 -1
    outer loop
      vertex 12.89 -8.620000000000001 0
      vertex 9.351939766255644 -7.811341716182545 0
      vertex 9.380392640201617 -7.717545161008064 0
    endloop
  endfacet
  facet normal 0 0 -1
    outer loop
      vertex 12.89 -8.620000000000001 0
      vertex 9.380392640201617 -7.717545161008064 0
      vertex 9.39 -7.62 0
    endloop
  endfacet
  facet normal 0 0 -1
    outer loop
      vertex 12.89 -8.620000000000001 0
      vertex 9.39 -7.62 0
      vertex 9.380392640201617 -7.522454838991936 0
    endloop
  endfacet
  facet normal 0 0 -1
    outer loop
      vertex 12.89 -8.620000000000001 0
      vertex 9.380392640201617 -7.522454838991936 0
      vertex 9.351939766255644 -7.428658283817455 0
    endloop
  endfacet
  facet normal 0 0 -1
    outer loop
      vertex 12.89 -8.620000000000001 0
      vertex 9.351939766255644 -7.428658283817455 0
      vertex 9.305734806151273 -7.342214883490199 0
    endloop
  endfacet
  facet normal 0 0 -1
    outer loop
      vertex 12.89 -8.620000000000001 0
      vertex 9.305734806151273 -7.342214883490199 0
      vertex 9.243553390593274 -7.266446609406726 0
    endloop
  endfacet
  facet normal 0.09801714032956085 -0.9951847266721969 0
    outer loop
      vertex 9.89 -11.620000000000001 0
      vertex 10.475270966048384 -11.562355841209692 0
      vertex 9.89 -11.620000000000001 8.5
    endloop
  endfacet
  facet normal 0.2902846772544625 -0.9569403357322087 -1.2041187435988191e-18
    outer loop
      vertex 10.475270966048384 -11.562355841209692 0
      vertex 11.03805029709527 -11.391638597533861 0
      vertex 11.03805029709527 -11.391638597533861 8.5
    endloop
  endfacet
  facet normal 0.4713967368259977 -0.8819212643483549 1.0755254396930797e-18
    outer loop
      vertex 11.03805029709527 -11.391638597533861 0
      vertex 11.556710699058808 -11.114408836907636 0
      vertex 11.556710699058808 -11.114408836907636 8.5
    endloop
  endfacet
  facet normal 0.6343932841636464 -0.7730104533627364 0
    outer loop
      vertex 11.556710699058808 -11.114408836907636 0
      vertex 12.011320343559643 -10.741320343559643 0
      vertex 11.556710699058808 -11.114408836907636 8.5
    endloop
  endfacet
  facet normal 0.7730104533627364 -0.6343932841636464 -2.5813595897008664e-18
    outer loop
      vertex 12.011320343559643 -10.741320343559643 0
      vertex 12.384408836907635 -10.286710699058808 0
      vertex 12.384408836907635 -10.286710699058808 8.5
    endloop
  endfacet
  facet normal 0.8819212643483549 -0.4713967368259977 0
    outer loop
      vertex 12.384408836907635 -10.286710699058808 0
      vertex 12.66163859753386 -9.76805029709527 0
      vertex 12.384408836907635 -10.286710699058808 8.5
    endloop
  endfacet
  facet normal 0.9569403357322087 -0.2902846772544625 -1.2041187435988191e-18
    outer loop
      vertex 12.66163859753386 -9.76805029709527 0
      vertex 12.832355841209692 -9.205270966048385 0
      vertex 12.832355841209692 -9.205270966048385 8.5
    endloop
  endfacet
  facet normal 0.9951847266721969 -0.09801714032956085 0
    outer loop
      vertex 12.832355841209692 -9.205270966048385 0
      vertex 12.89 -8.620000000000001 0
      vertex 12.832355841209692 -9.205270966048385 8.5
    endloop
  endfacet
  facet normal 1 0 0
    outer loop
      vertex 12.89 -8.620000000000001 0
      vertex 12.89 8.620000000000001 0
      vertex 12.89 -8.620000000000001 8.5
    endloop
  endfacet
  facet normal 0 0 1
    outer loop
      vertex 12.011320343559643 -10.741320343559643 8.5
      vertex -3.6344187101854852 -8.502706752362908 8.5
      vertex -3.8100000000000005 -8.52 8.5
    endloop
  endfacet
  facet normal 0 0 1
    outer loop
      vertex 12.011320343559643 -10.741320343559643 8.5
      vertex -1.445581289814516 -8.502706752362908 8.5
      vertex -3.6344187101854852 -8.502706752362908 8.5
    endloop
  endfacet
  facet normal 0 0 1
    outer loop
      vertex 12.011320343559643 -10.741320343559643 8.5
      vertex -1.2700000000000005 -8.52 8.5
      vertex -1.445581289814516 -8.502706752362908 8.5
    endloop
  endfacet
  facet normal 0 0 1
    outer loop
      vertex 12.011320343559643 -10.741320343559643 8.5
      vertex -1.094418710185485 -8.502706752362908 8.5
      vertex -1.2700000000000005 -8.52 8.5
    endloop
  endfacet
  facet normal 0 0 1
    outer loop
      vertex -0.9255849108714196 -8.451491579260159 8.5
      vertex 1.094418710185484 -8.502706752362908 8.5
      vertex 0.9255849108714187 -8.451491579260159 8.5
    endloop
  endfacet
  facet normal 0 0 1
    outer loop
      vertex -0.7699867902823585 -8.36832265107229 8.5
      vertex 0.9255849108714187 -8.451491579260159 8.5
      vertex 0.7699867902823576 -8.36832265107229 8.5
    endloop
  endfacet
  facet normal 0 0 1
    outer loop
      vertex -0.4385084207398424 -7.964415089128581 8.5
      vertex 0.5216773489277089 -8.120013209717643 8.5
      vertex 0.43850842073984153 -7.964415089128581 8.5
    endloop
  endfacet
  facet normal 0 0 1
    outer loop
      vertex -0.6336038969321076 -8.256396103067893 8.5
      vertex 0.7699867902823576 -8.36832265107229 8.5
      vertex 0.6336038969321067 -8.256396103067893 8.5
    endloop
  endfacet
  facet normal 0 0 1
    outer loop
      vertex -0.5216773489277098 -8.120013209717643 8.5
      vertex 0.6336038969321067 -8.256396103067893 8.5
      vertex 0.5216773489277089 -8.120013209717643 8.5
    endloop
  endfacet
  facet normal 0 0 1
    outer loop
      vertex -0.38729324763709305 -7.795581289814516 8.5
      vertex 0.43850842073984153 -7.964415089128581 8.5
      vertex 0.38729324763709216 -7.795581289814516 8.5
    endloop
  endfacet
  facet normal 0 0 1
    outer loop
      vertex -0.37000000000000044 -7.62 8.5
      vertex 0.38729324763709216 -7.795581289814516 8.5
      vertex 0.36999999999999955 -7.62 8.5
    endloop
  endfacet
  facet normal 0 0 1
    outer loop
      vertex -0.38729324763709305 -7.444418710185484 8.5
      vertex 0.36999999999999955 -7.62 8.5
      vertex 0.38729324763709216 -7.444418710185484 8.5
    endloop
  endfacet
  facet normal 0 0 1
    outer loop
      vertex -0.4385084207398424 -7.2755849108714195 8.5
      vertex 0.38729324763709216 -7.444418710185484 8.5
      vertex 0.43850842073984153 -7.2755849108714195 8.5
    endloop
  endfacet
  facet normal 0 0 1
    outer loop
      vertex -0.5216773489277098 -7.119986790282358 8.5
      vertex 0.43850842073984153 -7.2755849108714195 8.5
      vertex 0.5216773489277089 -7.119986790282358 8.5
    endloop
  endfacet
  facet normal 0 0 1
    outer loop
      vertex -0.6336038969321076 -6.983603896932108 8.5
      vertex 0.5216773489277089 -7.119986790282358 8.5
      vertex 0.6336038969321067 -6.983603896932108 8.5
    endloop
  endfacet
  facet normal 0 0 1
    outer loop
      vertex -0.7699867902823585 -6.87167734892771 8.5
      vertex 0.6336038969321067 -6.983603896932108 8.5
      vertex 0.7699867902823576 -6.87167734892771 8.5
    endloop
  endfacet
  facet normal 0 0 1
    outer loop
      vertex 1.2699999999999996 -8.52 8.5
      vertex 3.8099999999999987 -8.52 8.5
      vertex 1.445581289814515 -8.502706752362908 8.5
    endloop
  endfacet
  facet normal 0 0 1
    outer loop
      vertex 1.445581289814515 -8.502706752362908 8.5
      vertex 3.6344187101854835 -8.502706752362908 8.5
      vertex 1.6144150891285804 -8.451491579260159 8.5
    endloop
  endfacet
  facet normal 0 0 1
    outer loop
      vertex 1.6144150891285804 -8.451491579260159 8.5
      vertex 3.3099867902823568 -8.36832265107229 8.5
      vertex 1.7700132097176415 -8.36832265107229 8.5
    endloop
  endfacet
  facet normal 0 0 1
    outer loop
      vertex 1.7700132097176415 -8.36832265107229 8.5
      vertex 3.3099867902823568 -8.36832265107229 8.5
      vertex 1.9063961030678924 -8.256396103067893 8.5
    endloop
  endfacet
  facet normal 0 0 1
    outer loop
      vertex 1.9063961030678924 -8.256396103067893 8.5
      vertex 3.173603896932106 -8.256396103067893 8.5
      vertex 2.0183226510722903 -8.120013209717643 8.5
    endloop
  endfacet
  facet normal 0 0 1
    outer loop
      vertex 2.0183226510722903 -8.120013209717643 8.5
      vertex 3.061677348927708 -8.120013209717643 8.5
      vertex 2.1014915792601574 -7.964415089128581 8.5
    endloop
  endfacet
  facet normal 0 0 1
    outer loop
      vertex 2.1014915792601574 -7.964415089128581 8.5
      vertex 2.978508420739841 -7.964415089128581 8.5
      vertex 2.152706752362907 -7.795581289814516 8.5
    endloop
  endfacet
  facet normal 0 0 1
    outer loop
      vertex 2.152706752362907 -7.795581289814516 8.5
      vertex 2.9272932476370914 -7.795581289814516 8.5
      vertex 2.1699999999999995 -7.62 8.5
    endloop
  endfacet
  facet normal 0 0 1
    outer loop
      vertex 2.1699999999999995 -7.62 8.5
      vertex 2.909999999999999 -7.62 8.5
      vertex 2.152706752362907 -7.444418710185484 8.5
    endloop
  endfacet
  facet normal 0 0 1
    outer loop
      vertex 2.152706752362907 -7.444418710185484 8.5
      vertex 2.9272932476370914 -7.444418710185484 8.5
      vertex 2.1014915792601574 -7.2755849108714195 8.5
    endloop
  endfacet
  facet normal 0 0 1
    outer loop
      vertex 1.6144150891285804 -8.451491579260159 8.5
      vertex 3.465584910871418 -8.451491579260159 8.5
      vertex 3.3099867902823568 -8.36832265107229 8.5
    endloop
  endfacet
  facet normal 0 0 1
    outer loop
      vertex 1.9063961030678924 -8.256396103067893 8.5
      vertex 3.3099867902823568 -8.36832265107229 8.5
      vertex 3.173603896932106 -8.256396103067893 8.5
    endloop
  endfacet
  facet normal 0 0 1
    outer loop
      vertex 2.1014915792601574 -7.964415089128581 8.5
      vertex 3.061677348927708 -8.120013209717643 8.5
      vertex 2.978508420739841 -7.964415089128581 8.5
    endloop
  endfacet
  facet normal 0 0 1
    outer loop
      vertex 2.0183226510722903 -8.120013209717643 8.5
      vertex 3.173603896932106 -8.256396103067893 8.5
      vertex 3.061677348927708 -8.120013209717643 8.5
    endloop
  endfacet
  facet normal 0 0 1
    outer loop
      vertex 1.6144150891285804 -8.451491579260159 8.5
      vertex 3.6344187101854835 -8.502706752362908 8.5
      vertex 3.465584910871418 -8.451491579260159 8.5
    endloop
  endfacet
  facet normal 0 0 1
    outer loop
      vertex 1.445581289814515 -8.502706752362908 8.5
      vertex 3.8099999999999987 -8.52 8.5
      vertex 3.6344187101854835 -8.502706752362908 8.5
    endloop
  endfacet
  facet normal 0 0 1
    outer loop
      vertex 2.152706752362907 -7.795581289814516 8.5
      vertex 2.978508420739841 -7.964415089128581 8.5
      vertex 2.9272932476370914 -7.795581289814516 8.5
    endloop
  endfacet
  facet normal 0 0 1
    outer loop
      vertex 2.1699999999999995 -7.62 8.5
      vertex 2.9272932476370914 -7.795581289814516 8.5
      vertex 2.909999999999999 -7.62 8.5
    endloop
  endfacet
  facet normal 0 0 1
    outer loop
      vertex 2.152706752362907 -7.444418710185484 8.5
      vertex 2.909999999999999 -7.62 8.5
      vertex 2.9272932476370914 -7.444418710185484 8.5
    endloop
  endfacet
  facet normal 0 0 1
    outer loop
      vertex 2.1014915792601574 -7.2755849108714195 8.5
      vertex 2.9272932476370914 -7.444418710185484 8.5
      vertex 2.978508420739841 -7.2755849108714195 8.5
    endloop
  endfacet
  facet normal 0 0 1
    outer loop
      vertex 2.0183226510722903 -7.119986790282358 8.5
      vertex 2.1014915792601574 -7.2755849108714195 8.5
      vertex 2.978508420739841 -7.2755849108714195 8.5
    endloop
  endfacet
  facet normal 0 0 1
    outer loop
      vertex 1.7700132097176415 -6.87167734892771 8.5
      vertex 1.9063961030678924 -6.983603896932108 8.5
      vertex 3.173603896932106 -6.983603896932108 8.5
    endloop
  endfacet
  facet normal 0 0 1
    outer loop
      vertex 2.0183226510722903 -7.119986790282358 8.5
      vertex 3.061677348927708 -7.119986790282358 8.5
      vertex 1.9063961030678924 -6.983603896932108 8.5
    endloop
  endfacet
  facet normal 0 0 1
    outer loop
      vertex 2.0183226510722903 -7.119986790282358 8.5
      vertex 2.978508420739841 -7.2755849108714195 8.5
      vertex 3.061677348927708 -7.119986790282358 8.5
    endloop
  endfacet
  facet normal 0 0 1
    outer loop
      vertex 1.9063961030678924 -6.983603896932108 8.5
      vertex 3.061677348927708 -7.119986790282358 8.5
      vertex 3.173603896932106 -6.983603896932108 8.5
    endloop
  endfacet
  facet normal 0 0 1
    outer loop
      vertex 1.7700132097176415 -6.87167734892771 8.5
      vertex 3.173603896932106 -6.983603896932108 8.5
      vertex 3.3099867902823568 -6.87167734892771 8.5
    endloop
  endfacet
  facet normal 0 0 1
    outer loop
      vertex -9.89 -11.620000000000001 8.5
      vertex 9.89 -11.620000000000001 8.5
      vertex 12.011320343559643 -10.741320343559643 8.5
    endloop
  endfacet
  facet normal 0 0 1
    outer loop
      vertex 12.011320343559643 -10.741320343559643 8.5
      vertex 1.094418710185484 -8.502706752362908 8.5
      vertex -1.094418710185485 -8.502706752362908 8.5
    endloop
  endfacet
  facet normal 0 0 1
    outer loop
      vertex 12.011320343559643 -10.741320343559643 8.5
      vertex 1.2699999999999996 -8.52 8.5
      vertex 1.094418710185484 -8.502706752362908 8.5
    endloop
  endfacet
  facet normal 0 0 1
    outer loop
      vertex 12.011320343559643 -10.741320343559643 8.5
      vertex 3.8099999999999987 -8.52 8.5
      vertex 1.2699999999999996 -8.52 8.5
    endloop
  endfacet
  facet normal 0 0 1
    outer loop
      vertex 3.985581289814514 -8.502706752362908 8.5
      vertex 6.174418710185484 -8.502706752362908 8.5
      vertex 4.154415089128579 -8.451491579260159 8.5
    endloop
  endfacet
  facet normal 0 0 1
    outer loop
      vertex 4.154415089128579 -8.451491579260159 8.5
      vertex 6.005584910871419 -8.451491579260159 8.5
      vertex 4.31001320971764 -8.36832265107229 8.5
    endloop
  endfacet
  facet normal 0 0 1
    outer loop
      vertex 4.446396103067892 -6.983603896932108 8.5
      vertex 5.713603896932106 -6.983603896932108 8.5
      vertex 4.31001320971764 -6.87167734892771 8.5
    endloop
  endfacet
  facet normal 0 0 1
    outer loop
      vertex 4.31001320971764 -8.36832265107229 8.5
      vertex 5.849986790282358 -8.36832265107229 8.5
      vertex 4.446396103067892 -8.256396103067893 8.5
    endloop
  endfacet
  facet normal 0 0 1
    outer loop
      vertex 4.446396103067892 -8.256396103067893 8.5
      vertex 5.713603896932106 -8.256396103067893 8.5
      vertex 4.55832265107229 -8.120013209717643 8.5
    endloop
  endfacet
  facet normal 0 0 1
    outer loop
      vertex 4.55832265107229 -8.120013209717643 8.5
      vertex 5.6016773489277085 -8.120013209717643 8.5
      vertex 4.6414915792601565 -7.964415089128581 8.5
    endloop
  endfacet
  facet normal 0 0 1
    outer loop
      vertex 4.31001320971764 -8.36832265107229 8.5
      vertex 6.005584910871419 -8.451491579260159 8.5
      vertex 5.849986790282358 -8.36832265107229 8.5
    endloop
  endfacet
  facet normal 0 0 1
    outer loop
      vertex 4.154415089128579 -8.451491579260159 8.5
      vertex 6.174418710185484 -8.502706752362908 8.5
      vertex 6.005584910871419 -8.451491579260159 8.5
    endloop
  endfacet
  facet normal 0 0 1
    outer loop
      vertex 4.446396103067892 -8.256396103067893 8.5
      vertex 5.849986790282358 -8.36832265107229 8.5
      vertex 5.713603896932106 -8.256396103067893 8.5
    endloop
  endfacet
  facet normal 0 0 1
    outer loop
      vertex 4.55832265107229 -8.120013209717643 8.5
      vertex 5.713603896932106 -8.256396103067893 8.5
      vertex 5.6016773489277085 -8.120013209717643 8.5
    endloop
  endfacet
  facet normal 0 0 1
    outer loop
      vertex 4.6414915792601565 -7.964415089128581 8.5
      vertex 5.6016773489277085 -8.120013209717643 8.5
      vertex 5.518508420739842 -7.964415089128581 8.5
    endloop
  endfacet
  facet normal 0 0 1
    outer loop
      vertex 4.6414915792601565 -7.964415089128581 8.5
      vertex 5.518508420739842 -7.964415089128581 8.5
      vertex 4.6927067523629065 -7.795581289814516 8.5
    endloop
  endfacet
  facet normal 0 0 1
    outer loop
      vertex 4.6927067523629065 -7.795581289814516 8.5
      vertex 5.467293247637092 -7.795581289814516 8.5
      vertex 4.709999999999999 -7.62 8.5
    endloop
  endfacet
  facet normal 0 0 1
    outer loop
      vertex 4.6927067523629065 -7.795581289814516 8.5
      vertex 5.518508420739842 -7.964415089128581 8.5
      vertex 5.467293247637092 -7.795581289814516 8.5
    endloop
  endfacet
  facet normal 0 0 1
    outer loop
      vertex 4.709999999999999 -7.62 8.5
      vertex 5.467293247637092 -7.795581289814516 8.5
      vertex 5.449999999999999 -7.62 8.5
    endloop
  endfacet
  facet normal 0 0 1
    outer loop
      vertex 4.709999999999999 -7.62 8.5
      vertex 5.449999999999999 -7.62 8.5
      vertex 4.6927067523629065 -7.444418710185484 8.5
    endloop
  endfacet
  facet normal 0 0 1
    outer loop
      vertex 4.6927067523629065 -7.444418710185484 8.5
      vertex 5.467293247637092 -7.444418710185484 8.5
      vertex 4.6414915792601565 -7.2755849108714195 8.5
    endloop
  endfacet
  facet normal 0 0 1
    outer loop
      vertex 4.6927067523629065 -7.444418710185484 8.5
      vertex 5.449999999999999 -7.62 8.5
      vertex 5.467293247637092 -7.444418710185484 8.5
    endloop
  endfacet
  facet normal 0 0 1
    outer loop
      vertex 4.6414915792601565 -7.2755849108714195 8.5
      vertex 5.467293247637092 -7.444418710185484 8.5
      vertex 5.518508420739842 -7.2755849108714195 8.5
    endloop
  endfacet
  facet normal 0 0 1
    outer loop
      vertex 4.6414915792601565 -7.2755849108714195 8.5
      vertex 5.518508420739842 -7.2755849108714195 8.5
      vertex 4.55832265107229 -7.119986790282358 8.5
    endloop
  endfacet
  facet normal 0 0 1
    outer loop
      vertex 4.55832265107229 -7.119986790282358 8.5
      vertex 5.6016773489277085 -7.119986790282358 8.5
      vertex 4.446396103067892 -6.983603896932108 8.5
    endloop
  endfacet
  facet normal 0 0 1
    outer loop
      vertex 4.55832265107229 -7.119986790282358 8.5
      vertex 5.518508420739842 -7.2755849108714195 8.5
      vertex 5.6016773489277085 -7.119986790282358 8.5
    endloop
  endfacet
  facet normal 0 0 1
    outer loop
      vertex 4.446396103067892 -6.983603896932108 8.5
      vertex 5.6016773489277085 -7.119986790282358 8.5
      vertex 5.713603896932106 -6.983603896932108 8.5
    endloop
  endfacet
  facet normal 0 0 1
    outer loop
      vertex 4.31001320971764 -6.87167734892771 8.5
      vertex 5.713603896932106 -6.983603896932108 8.5
      vertex 5.849986790282358 -6.87167734892771 8.5
    endloop
  endfacet
  facet normal 0 0 1
    outer loop
      vertex -4.154415089128581 -6.788508420739842 8.5
      vertex -3.9855812898145158 -6.737293247637092 8.5
      vertex 8.714418710185486 6.737293247637092 8.5
    endloop
  endfacet
  facet normal 0 0 1
    outer loop
      vertex -3.9855812898145158 -6.737293247637092 8.5
      vertex -3.8100000000000005 -6.72 8.5
      vertex 8.714418710185486 6.737293247637092 8.5
    endloop
  endfacet
  facet normal 0 0 1
    outer loop
      vertex -3.8100000000000005 -6.72 8.5
      vertex -3.6344187101854852 -6.737293247637092 8.5
      vertex 8.714418710185486 6.737293247637092 8.5
    endloop
  endfacet
  facet normal 0 0 1
    outer loop
      vertex -3.46558491087142 -6.788508420739842 8.5
      vertex 8.714418710185486 6.737293247637092 8.5
      vertex -3.6344187101854852 -6.737293247637092 8.5
    endloop
  endfacet
  facet normal 0 0 1
    outer loop
      vertex -3.46558491087142 -6.788508420739842 8.5
      vertex -3.3099867902823585 -6.87167734892771 8.5
      vertex 8.714418710185486 6.737293247637092 8.5
    endloop
  endfacet
  facet normal 0 0 1
    outer loop
      vertex -3.3099867902823585 -6.87167734892771 8.5
      vertex -1.6144150891285813 -6.788508420739842 8.5
      vertex 8.714418710185486 6.737293247637092 8.5
    endloop
  endfacet
  facet normal 0 0 1
    outer loop
      vertex -1.6144150891285813 -6.788508420739842 8.5
      vertex -1.445581289814516 -6.737293247637092 8.5
      vertex 8.714418710185486 6.737293247637092 8.5
    endloop
  endfacet
  facet normal 0 0 1
    outer loop
      vertex -1.445581289814516 -6.737293247637092 8.5
      vertex -1.2700000000000005 -6.72 8.5
      vertex 8.714418710185486 6.737293247637092 8.5
    endloop
  endfacet
  facet normal 0 0 1
    outer loop
      vertex -1.2700000000000005 -6.72 8.5
      vertex -1.094418710185485 -6.737293247637092 8.5
      vertex 8.714418710185486 6.737293247637092 8.5
    endloop
  endfacet
  facet normal 0 0 1
    outer loop
      vertex -0.9255849108714196 -6.788508420739842 8.5
      vertex 8.714418710185486 6.737293247637092 8.5
      vertex -1.094418710185485 -6.737293247637092 8.5
    endloop
  endfacet
  facet normal 0 0 1
    outer loop
      vertex -0.9255849108714196 -6.788508420739842 8.5
      vertex -0.7699867902823585 -6.87167734892771 8.5
      vertex 8.714418710185486 6.737293247637092 8.5
    endloop
  endfacet
  facet normal 0 0 1
    outer loop
      vertex -0.7699867902823585 -6.87167734892771 8.5
      vertex 0.7699867902823576 -6.87167734892771 8.5
      vertex 8.714418710185486 6.737293247637092 8.5
    endloop
  endfacet
  facet normal 0 0 1
    outer loop
      vertex 0.7699867902823576 -6.87167734892771 8.5
      vertex 0.9255849108714187 -6.788508420739842 8.5
      vertex 8.714418710185486 6.737293247637092 8.5
    endloop
  endfacet
  facet normal 0 0 1
    outer loop
      vertex 0.9255849108714187 -6.788508420739842 8.5
      vertex 1.094418710185484 -6.737293247637092 8.5
      vertex 8.714418710185486 6.737293247637092 8.5
    endloop
  endfacet
  facet normal 0 0 1
    outer loop
      vertex 1.094418710185484 -6.737293247637092 8.5
      vertex 1.2699999999999996 -6.72 8.5
      vertex 8.714418710185486 6.737293247637092 8.5
    endloop
  endfacet
  facet normal 0 0 1
    outer loop
      vertex 1.2699999999999996 -6.72 8.5
      vertex 1.445581289814515 -6.737293247637092 8.5
      vertex 8.714418710185486 6.737293247637092 8.5
    endloop
  endfacet
  facet normal 0 0 1
    outer loop
      vertex 1.6144150891285804 -6.788508420739842 8.5
      vertex 8.714418710185486 6.737293247637092 8.5
      vertex 1.445581289814515 -6.737293247637092 8.5
    endloop
  endfacet
  facet normal 0 0 1
    outer loop
      vertex 1.6144150891285804 -6.788508420739842 8.5
      vertex 1.7700132097176415 -6.87167734892771 8.5
      vertex 8.714418710185486 6.737293247637092 8.5
    endloop
  endfacet
  facet normal 0 0 1
    outer loop
      vertex 1.7700132097176415 -6.87167734892771 8.5
      vertex 3.3099867902823568 -6.87167734892771 8.5
      vertex 8.714418710185486 6.737293247637092 8.5
    endloop
  endfacet
  facet normal 0 0 1
    outer loop
      vertex 3.3099867902823568 -6.87167734892771 8.5
      vertex 3.465584910871418 -6.788508420739842 8.5
      vertex 8.714418710185486 6.737293247637092 8.5
    endloop
  endfacet
  facet normal 0 0 1
    outer loop
      vertex 3.465584910871418 -6.788508420739842 8.5
      vertex 3.6344187101854835 -6.737293247637092 8.5
      vertex 8.714418710185486 6.737293247637092 8.5
    endloop
  endfacet
  facet normal 0 0 1
    outer loop
      vertex 3.6344187101854835 -6.737293247637092 8.5
      vertex 3.8099999999999987 -6.72 8.5
      vertex 8.714418710185486 6.737293247637092 8.5
    endloop
  endfacet
  facet normal 0 0 1
    outer loop
      vertex 3.8099999999999987 -6.72 8.5
      vertex 3.985581289814514 -6.737293247637092 8.5
      vertex 8.714418710185486 6.737293247637092 8.5
    endloop
  endfacet
  facet normal 0 0 1
    outer loop
      vertex 4.154415089128579 -6.788508420739842 8.5
      vertex 8.714418710185486 6.737293247637092 8.5
      vertex 3.985581289814514 -6.737293247637092 8.5
    endloop
  endfacet
  facet normal 0 0 1
    outer loop
      vertex 4.154415089128579 -6.788508420739842 8.5
      vertex 4.31001320971764 -6.87167734892771 8.5
      vertex 8.714418710185486 6.737293247637092 8.5
    endloop
  endfacet
  facet normal 0 0 1
    outer loop
      vertex 4.31001320971764 -6.87167734892771 8.5
      vertex 5.849986790282358 -6.87167734892771 8.5
      vertex 8.714418710185486 6.737293247637092 8.5
    endloop
  endfacet
  facet normal 0.09801714032956085 -0.9951847266721969 0
    outer loop
      vertex 10.475270966048384 -11.562355841209692 0
      vertex 10.475270966048384 -11.562355841209692 8.5
      vertex 9.89 -11.620000000000001 8.5
    endloop
  endfacet
  facet normal 0.2902846772544625 -0.9569403357322087 0
    outer loop
      vertex 10.475270966048384 -11.562355841209692 0
      vertex 11.03805029709527 -11.391638597533861 8.5
      vertex 10.475270966048384 -11.562355841209692 8.5
    endloop
  endfacet
  facet normal 0.4713967368259977 -0.8819212643483549 0
    outer loop
      vertex 11.03805029709527 -11.391638597533861 0
      vertex 11.556710699058808 -11.114408836907636 8.5
      vertex 11.03805029709527 -11.391638597533861 8.5
    endloop
  endfacet
  facet normal 0.6343932841636464 -0.7730104533627364 0
    outer loop
      vertex 12.011320343559643 -10.741320343559643 0
      vertex 12.011320343559643 -10.741320343559643 8.5
      vertex 11.556710699058808 -11.114408836907636 8.5
    endloop
  endfacet
  facet normal 0.7730104533627364 -0.6343932841636464 0
    outer loop
      vertex 12.011320343559643 -10.741320343559643 0
      vertex 12.384408836907635 -10.286710699058808 8.5
      vertex 12.011320343559643 -10.741320343559643 8.5
    endloop
  endfacet
  facet normal 0.8819212643483549 -0.4713967368259977 0
    outer loop
      vertex 12.66163859753386 -9.76805029709527 0
      vertex 12.66163859753386 -9.76805029709527 8.5
      vertex 12.384408836907635 -10.286710699058808 8.5
    endloop
  endfacet
  facet normal 0.9569403357322087 -0.2902846772544625 0
    outer loop
      vertex 12.66163859753386 -9.76805029709527 0
      vertex 12.832355841209692 -9.205270966048385 8.5
      vertex 12.66163859753386 -9.76805029709527 8.5
    endloop
  endfacet
  facet normal 0.9951847266721969 -0.09801714032956085 0
    outer loop
      vertex 12.89 -8.620000000000001 0
      vertex 12.89 -8.620000000000001 8.5
      vertex 12.832355841209692 -9.205270966048385 8.5
    endloop
  endfacet
  facet normal 0 0 1
    outer loop
      vertex 12.011320343559643 -10.741320343559643 8.5
      vertex 3.985581289814514 -8.502706752362908 8.5
      vertex 3.8099999999999987 -8.52 8.5
    endloop
  endfacet
  facet normal 0 0 1
    outer loop
      vertex 12.011320343559643 -10.741320343559643 8.5
      vertex 6.174418710185484 -8.502706752362908 8.5
      vertex 3.985581289814514 -8.502706752362908 8.5
    endloop
  endfacet
  facet normal 0 0 1
    outer loop
      vertex 12.011320343559643 -10.741320343559643 8.5
      vertex 6.35 -8.52 8.5
      vertex 6.174418710185484 -8.502706752362908 8.5
    endloop
  endfacet
  facet normal 0 0 1
    outer loop
      vertex 12.011320343559643 -10.741320343559643 8.5
      vertex 6.525581289814515 -8.502706752362908 8.5
      vertex 6.35 -8.52 8.5
    endloop
  endfacet
  facet normal 0 0 1
    outer loop
      vertex 12.011320343559643 -10.741320343559643 8.5
      vertex 6.69441508912858 -8.451491579260159 8.5
      vertex 6.525581289814515 -8.502706752362908 8.5
    endloop
  endfacet
  facet normal 0 0 1
    outer loop
      vertex 12.011320343559643 -10.741320343559643 8.5
      vertex 8.545584910871419 -8.451491579260159 8.5
      vertex 6.69441508912858 -8.451491579260159 8.5
    endloop
  endfacet
  facet normal 0 0 1
    outer loop
      vertex 6.69441508912858 -8.451491579260159 8.5
      vertex 8.545584910871419 -8.451491579260159 8.5
      vertex 6.850013209717641 -8.36832265107229 8.5
    endloop
  endfacet
  facet normal 0 0 1
    outer loop
      vertex 6.850013209717641 -8.36832265107229 8.5
      vertex 8.389986790282359 -8.36832265107229 8.5
      vertex 6.986396103067893 -8.256396103067893 8.5
    endloop
  endfacet
  facet normal 0 0 1
    outer loop
      vertex 6.986396103067893 -8.256396103067893 8.5
      vertex 8.253603896932107 -8.256396103067893 8.5
      vertex 7.098322651072291 -8.120013209717643 8.5
    endloop
  endfacet
  facet normal 0 0 1
    outer loop
      vertex 7.098322651072291 -8.120013209717643 8.5
      vertex 8.14167734892771 -8.120013209717643 8.5
      vertex 7.1814915792601575 -7.964415089128581 8.5
    endloop
  endfacet
  facet normal 0 0 1
    outer loop
      vertex 6.850013209717641 -8.36832265107229 8.5
      vertex 8.545584910871419 -8.451491579260159 8.5
      vertex 8.389986790282359 -8.36832265107229 8.5
    endloop
  endfacet
  facet normal 0 0 1
    outer loop
      vertex 7.098322651072291 -8.120013209717643 8.5
      vertex 8.253603896932107 -8.256396103067893 8.5
      vertex 8.14167734892771 -8.120013209717643 8.5
    endloop
  endfacet
  facet normal 0 0 1
    outer loop
      vertex 7.1814915792601575 -7.964415089128581 8.5
      vertex 8.14167734892771 -8.120013209717643 8.5
      vertex 8.058508420739843 -7.964415089128581 8.5
    endloop
  endfacet
  facet normal 0 0 1
    outer loop
      vertex 6.986396103067893 -8.256396103067893 8.5
      vertex 8.389986790282359 -8.36832265107229 8.5
      vertex 8.253603896932107 -8.256396103067893 8.5
    endloop
  endfacet
  facet normal 0 0 1
    outer loop
      vertex 7.1814915792601575 -7.964415089128581 8.5
      vertex 8.058508420739843 -7.964415089128581 8.5
      vertex 7.232706752362907 -7.795581289814516 8.5
    endloop
  endfacet
  facet normal 0 0 1
    outer loop
      vertex 7.232706752362907 -7.795581289814516 8.5
      vertex 7.99 -7.62 8.5
      vertex 7.25 -7.62 8.5
    endloop
  endfacet
  facet normal 0 0 1
    outer loop
      vertex 7.25 -7.62 8.5
      vertex 7.99 -7.62 8.5
      vertex 7.232706752362907 -7.444418710185484 8.5
    endloop
  endfacet
  facet normal 0 0 1
    outer loop
      vertex 7.232706752362907 -7.444418710185484 8.5
      vertex 8.058508420739843 -7.2755849108714195 8.5
      vertex 7.1814915792601575 -7.2755849108714195 8.5
    endloop
  endfacet
  facet normal 0 0 1
    outer loop
      vertex 7.232706752362907 -7.795581289814516 8.5
      vertex 8.058508420739843 -7.964415089128581 8.5
      vertex 8.007293247637094 -7.795581289814516 8.5
    endloop
  endfacet
  facet normal 0 0 1
    outer loop
      vertex 7.232706752362907 -7.795581289814516 8.5
      vertex 8.007293247637094 -7.795581289814516 8.5
      vertex 7.99 -7.62 8.5
    endloop
  endfacet
  facet normal 0 0 1
    outer loop
      vertex 7.232706752362907 -7.444418710185484 8.5
      vertex 7.99 -7.62 8.5
      vertex 8.007293247637094 -7.444418710185484 8.5
    endloop
  endfacet
  facet normal 0 0 1
    outer loop
      vertex 7.232706752362907 -7.444418710185484 8.5
      vertex 8.007293247637094 -7.444418710185484 8.5
      vertex 8.058508420739843 -7.2755849108714195 8.5
    endloop
  endfacet
  facet normal 0 0 1
    outer loop
      vertex 7.098322651072291 -7.119986790282358 8.5
      vertex 7.1814915792601575 -7.2755849108714195 8.5
      vertex 8.058508420739843 -7.2755849108714195 8.5
    endloop
  endfacet
  facet normal 0 0 1
    outer loop
      vertex 7.098322651072291 -7.119986790282358 8.5
      vertex 8.14167734892771 -7.119986790282358 8.5
      vertex 6.986396103067893 -6.983603896932108 8.5
    endloop
  endfacet
  facet normal 0 0 1
    outer loop
      vertex 7.098322651072291 -7.119986790282358 8.5
      vertex 8.058508420739843 -7.2755849108714195 8.5
      vertex 8.14167734892771 -7.119986790282358 8.5
    endloop
  endfacet
  facet normal 0 0 1
    outer loop
      vertex 6.986396103067893 -6.983603896932108 8.5
      vertex 8.14167734892771 -7.119986790282358 8.5
      vertex 8.253603896932107 -6.983603896932108 8.5
    endloop
  endfacet
  facet normal 0 0 1
    outer loop
      vertex 9.89 -11.620000000000001 8.5
      vertex 10.475270966048384 -11.562355841209692 8.5
      vertex 11.03805029709527 -11.391638597533861 8.5
    endloop
  endfacet
  facet normal 0 0 1
    outer loop
      vertex 9.89 -11.620000000000001 8.5
      vertex 11.03805029709527 -11.391638597533861 8.5
      vertex 12.011320343559643 -10.741320343559643 8.5
    endloop
  endfacet
  facet normal 0 0 1
    outer loop
      vertex 12.011320343559643 -10.741320343559643 8.5
      vertex 8.714418710185486 -8.502706752362908 8.5
      vertex 8.545584910871419 -8.451491579260159 8.5
    endloop
  endfacet
  facet normal 0 0 1
    outer loop
      vertex 12.011320343559643 -10.741320343559643 8.5
      vertex 8.89 -8.52 8.5
      vertex 8.714418710185486 -8.502706752362908 8.5
    endloop
  endfacet
  facet normal 0 0 1
    outer loop
      vertex 12.011320343559643 -10.741320343559643 8.5
      vertex 9.065581289814515 -8.502706752362908 8.5
      vertex 8.89 -8.52 8.5
    endloop
  endfacet
  facet normal 0 0 1
    outer loop
      vertex 12.011320343559643 -10.741320343559643 8.5
      vertex 9.234415089128582 -8.451491579260159 8.5
      vertex 9.065581289814515 -8.502706752362908 8.5
    endloop
  endfacet
  facet normal 0 0 1
    outer loop
      vertex 12.011320343559643 -10.741320343559643 8.5
      vertex 9.390013209717642 -8.36832265107229 8.5
      vertex 9.234415089128582 -8.451491579260159 8.5
    endloop
  endfacet
  facet normal 0 0 1
    outer loop
      vertex 12.011320343559643 -10.741320343559643 8.5
      vertex 9.526396103067894 -8.256396103067893 8.5
      vertex 9.390013209717642 -8.36832265107229 8.5
    endloop
  endfacet
  facet normal 0 0 1
    outer loop
      vertex 12.011320343559643 -10.741320343559643 8.5
      vertex 9.638322651072292 -8.120013209717643 8.5
      vertex 9.526396103067894 -8.256396103067893 8.5
    endloop
  endfacet
  facet normal 0 0 1
    outer loop
      vertex 12.011320343559643 -10.741320343559643 8.5
      vertex 9.721491579260158 -7.964415089128581 8.5
      vertex 9.638322651072292 -8.120013209717643 8.5
    endloop
  endfacet
  facet normal 0 0 1
    outer loop
      vertex 12.011320343559643 -10.741320343559643 8.5
      vertex 9.772706752362907 -7.795581289814516 8.5
      vertex 9.721491579260158 -7.964415089128581 8.5
    endloop
  endfacet
  facet normal 0 0 1
    outer loop
      vertex 12.011320343559643 -10.741320343559643 8.5
      vertex 9.790000000000001 -7.62 8.5
      vertex 9.772706752362907 -7.795581289814516 8.5
    endloop
  endfacet
  facet normal 0 0 1
    outer loop
      vertex 11.03805029709527 -11.391638597533861 8.5
      vertex 11.556710699058808 -11.114408836907636 8.5
      vertex 12.011320343559643 -10.741320343559643 8.5
    endloop
  endfacet
  facet normal 0 0 1
    outer loop
      vertex 12.011320343559643 -10.741320343559643 8.5
      vertex 12.384408836907635 -10.286710699058808 8.5
      vertex 12.66163859753386 -9.76805029709527 8.5
    endloop
  endfacet
  facet normal 0 0 1
    outer loop
      vertex 12.011320343559643 -10.741320343559643 8.5
      vertex 12.66163859753386 -9.76805029709527 8.5
      vertex 12.89 -8.620000000000001 8.5
    endloop
  endfacet
  facet normal 0 0 1
    outer loop
      vertex 12.66163859753386 -9.76805029709527 8.5
      vertex 12.832355841209692 -9.205270966048385 8.5
      vertex 12.89 -8.620000000000001 8.5
    endloop
  endfacet
  facet normal 0 0 1
    outer loop
      vertex 5.849986790282358 -6.87167734892771 8.5
      vertex 6.005584910871419 -6.788508420739842 8.5
      vertex 8.714418710185486 6.737293247637092 8.5
    endloop
  endfacet
  facet normal 0 0 1
    outer loop
      vertex 6.005584910871419 -6.788508420739842 8.5
      vertex 6.174418710185484 -6.737293247637092 8.5
      vertex 8.714418710185486 6.737293247637092 8.5
    endloop
  endfacet
  facet normal 0 0 1
    outer loop
      vertex 6.174418710185484 -6.737293247637092 8.5
      vertex 6.35 -6.72 8.5
      vertex 8.714418710185486 6.737293247637092 8.5
    endloop
  endfacet
  facet normal 0 0 1
    outer loop
      vertex 6.35 -6.72 8.5
      vertex 6.525581289814515 -6.737293247637092 8.5
      vertex 8.714418710185486 6.737293247637092 8.5
    endloop
  endfacet
  facet normal 0 0 1
    outer loop
      vertex 6.69441508912858 -6.788508420739842 8.5
      vertex 8.714418710185486 6.737293247637092 8.5
      vertex 6.525581289814515 -6.737293247637092 8.5
    endloop
  endfacet
  facet normal 0 0 1
    outer loop
      vertex 6.69441508912858 -6.788508420739842 8.5
      vertex 6.850013209717641 -6.87167734892771 8.5
      vertex 8.714418710185486 6.737293247637092 8.5
    endloop
  endfacet
  facet normal 0 0 1
    outer loop
      vertex 6.850013209717641 -6.87167734892771 8.5
      vertex 6.986396103067893 -6.983603896932108 8.5
      vertex 8.714418710185486 6.737293247637092 8.5
    endloop
  endfacet
  facet normal 0 0 1
    outer loop
      vertex 6.986396103067893 -6.983603896932108 8.5
      vertex 8.253603896932107 -6.983603896932108 8.5
      vertex 8.714418710185486 6.737293247637092 8.5
    endloop
  endfacet
  facet normal 0 0 1
    outer loop
      vertex 8.253603896932107 -6.983603896932108 8.5
      vertex 8.389986790282359 -6.87167734892771 8.5
      vertex 8.714418710185486 6.737293247637092 8.5
    endloop
  endfacet
  facet normal 0 0 1
    outer loop
      vertex 8.389986790282359 -6.87167734892771 8.5
      vertex 8.545584910871419 -6.788508420739842 8.5
      vertex 8.714418710185486 6.737293247637092 8.5
    endloop
  endfacet
  facet normal 0 0 1
    outer loop
      vertex 8.545584910871419 -6.788508420739842 8.5
      vertex 8.714418710185486 -6.737293247637092 8.5
      vertex 8.714418710185486 6.737293247637092 8.5
    endloop
  endfacet
  facet normal 0 0 1
    outer loop
      vertex 8.714418710185486 -6.737293247637092 8.5
      vertex 8.89 -6.72 8.5
      vertex 8.89 6.72 8.5
    endloop
  endfacet
  facet normal 0 0 1
    outer loop
      vertex 8.89 -6.72 8.5
      vertex 9.065581289814515 -6.737293247637092 8.5
      vertex 9.065581289814515 6.737293247637092 8.5
    endloop
  endfacet
  facet normal 0 0 1
    outer loop
      vertex 9.065581289814515 -6.737293247637092 8.5
      vertex 9.234415089128582 -6.788508420739842 8.5
      vertex 9.234415089128582 6.788508420739842 8.5
    endloop
  endfacet
  facet normal 0 0 1
    outer loop
      vertex 9.234415089128582 -6.788508420739842 8.5
      vertex 9.390013209717642 -6.87167734892771 8.5
      vertex 9.390013209717642 6.87167734892771 8.5
    endloop
  endfacet
  facet normal 0 0 1
    outer loop
      vertex 9.526396103067894 -6.983603896932108 8.5
      vertex 9.526396103067894 6.983603896932108 8.5
      vertex 9.390013209717642 -6.87167734892771 8.5
    endloop
  endfacet
  facet normal 0 0 1
    outer loop
      vertex 9.526396103067894 -6.983603896932108 8.5
      vertex 9.638322651072292 -7.119986790282358 8.5
      vertex 9.638322651072292 7.119986790282358 8.5
    endloop
  endfacet
  facet normal 0 0 1
    outer loop
      vertex 12.011320343559643 -10.741320343559643 8.5
      vertex 9.790000000000001 7.62 8.5
      vertex 9.790000000000001 -7.62 8.5
    endloop
  endfacet
  facet normal 0 0 1
    outer loop
      vertex 9.721491579260158 -7.2755849108714195 8.5
      vertex 9.721491579260158 7.2755849108714195 8.5
      vertex 9.638322651072292 -7.119986790282358 8.5
    endloop
  endfacet
  facet normal 0 0 1
    outer loop
      vertex 9.772706752362907 -7.444418710185484 8.5
      vertex 9.772706752362907 7.444418710185484 8.5
      vertex 9.721491579260158 -7.2755849108714195 8.5
    endloop
  endfacet
  facet normal 0 0 1
    outer loop
      vertex 9.790000000000001 -7.62 8.5
      vertex 9.790000000000001 7.62 8.5
      vertex 9.772706752362907 -7.444418710185484 8.5
    endloop
  endfacet
  facet normal 0 0 1
    outer loop
      vertex 12.011320343559643 -10.741320343559643 8.5
      vertex 12.89 -8.620000000000001 8.5
      vertex 12.011320343559643 10.741320343559643 8.5
    endloop
  endfacet
  facet normal 0 0 -1
    outer loop
      vertex 12.89 -8.620000000000001 0
      vertex -4.087785116509801 7.204265193848728 0
      vertex -4.001341716182545 7.158060233744357 0
    endloop
  endfacet
  facet normal 0 0 -1
    outer loop
      vertex 12.89 -8.620000000000001 0
      vertex -4.001341716182545 7.158060233744357 0
      vertex -3.9075451610080645 7.129607359798385 0
    endloop
  endfacet
  facet normal 0 0 -1
    outer loop
      vertex 12.89 -8.620000000000001 0
      vertex -3.9075451610080645 7.129607359798385 0
      vertex -3.8100000000000005 7.12 0
    endloop
  endfacet
  facet normal 0 0 -1
    outer loop
      vertex 12.89 -8.620000000000001 0
      vertex -3.8100000000000005 7.12 0
      vertex -3.7124548389919365 7.129607359798385 0
    endloop
  endfacet
  facet normal 0 0 -1
    outer loop
      vertex 12.89 -8.620000000000001 0
      vertex -3.7124548389919365 7.129607359798385 0
      vertex -1.3675451610080647 7.129607359798385 0
    endloop
  endfacet
  facet normal 0 0 -1
    outer loop
      vertex 12.89 -8.620000000000001 0
      vertex -1.3675451610080647 7.129607359798385 0
      vertex -1.2700000000000005 7.12 0
    endloop
  endfacet
  facet normal 0 0 -1
    outer loop
      vertex 12.89 -8.620000000000001 0
      vertex -1.2700000000000005 7.12 0
      vertex -1.1724548389919363 7.129607359798385 0
    endloop
  endfacet
  facet normal 0 0 -1
    outer loop
      vertex 12.89 -8.620000000000001 0
      vertex -1.1724548389919363 7.129607359798385 0
      vertex 1.1724548389919354 7.129607359798385 0
    endloop
  endfacet
  facet normal 0 0 -1
    outer loop
      vertex 12.89 -8.620000000000001 0
      vertex 1.1724548389919354 7.129607359798385 0
      vertex 1.2699999999999996 7.12 0
    endloop
  endfacet
  facet normal 0 0 -1
    outer loop
      vertex 12.89 -8.620000000000001 0
      vertex 1.2699999999999996 7.12 0
      vertex 1.3675451610080638 7.129607359798385 0
    endloop
  endfacet
  facet normal 0 0 -1
    outer loop
      vertex 12.89 -8.620000000000001 0
      vertex 1.3675451610080638 7.129607359798385 0
      vertex 3.7124548389919347 7.129607359798385 0
    endloop
  endfacet
  facet normal 0 0 -1
    outer loop
      vertex -1.0786582838174557 7.158060233744357 0
      vertex 1.0786582838174548 7.158060233744357 0
      vertex 1.1724548389919354 7.129607359798385 0
    endloop
  endfacet
  facet normal 0 0 -1
    outer loop
      vertex -0.9164466094067267 7.266446609406726 0
      vertex 0.9164466094067258 7.266446609406726 0
      vertex 0.9922148834901985 7.204265193848728 0
    endloop
  endfacet
  facet normal 0 0 -1
    outer loop
      vertex -0.9922148834901994 7.204265193848728 0
      vertex 0.9922148834901985 7.204265193848728 0
      vertex 1.0786582838174548 7.158060233744357 0
    endloop
  endfacet
  facet normal 0 0 -1
    outer loop
      vertex -0.8080602337443571 7.428658283817455 0
      vertex 0.8080602337443562 7.428658283817455 0
      vertex 0.8542651938487269 7.342214883490199 0
    endloop
  endfacet
  facet normal 0 0 -1
    outer loop
      vertex -0.8542651938487278 7.342214883490199 0
      vertex 0.8542651938487269 7.342214883490199 0
      vertex 0.9164466094067258 7.266446609406726 0
    endloop
  endfacet
  facet normal 0 0 -1
    outer loop
      vertex -0.7796073597983852 7.522454838991936 0
      vertex 0.7796073597983844 7.522454838991936 0
      vertex 0.8080602337443562 7.428658283817455 0
    endloop
  endfacet
  facet normal 0 0 -1
    outer loop
      vertex -0.7700000000000005 7.62 0
      vertex 0.7699999999999996 7.62 0
      vertex 0.7796073597983844 7.522454838991936 0
    endloop
  endfacet
  facet normal 0 0 -1
    outer loop
      vertex -0.7796073597983852 7.717545161008064 0
      vertex 0.7796073597983844 7.717545161008064 0
      vertex 0.7699999999999996 7.62 0
    endloop
  endfacet
  facet normal 0 0 -1
    outer loop
      vertex -0.8080602337443571 7.811341716182545 0
      vertex 0.8080602337443562 7.811341716182545 0
      vertex 0.7796073597983844 7.717545161008064 0
    endloop
  endfacet
  facet normal 0 0 -1
    outer loop
      vertex -0.8542651938487278 7.897785116509802 0
      vertex 0.8542651938487269 7.897785116509802 0
      vertex 0.8080602337443562 7.811341716182545 0
    endloop
  endfacet
  facet normal 0 0 -1
    outer loop
      vertex -0.9164466094067267 7.973553390593274 0
      vertex 0.9164466094067258 7.973553390593274 0
      vertex 0.8542651938487269 7.897785116509802 0
    endloop
  endfacet
  facet normal 0 0 -1
    outer loop
      vertex -0.9922148834901994 8.035734806151273 0
      vertex 0.9922148834901985 8.035734806151273 0
      vertex 0.9164466094067258 7.973553390593274 0
    endloop
  endfacet
  facet normal 0 0 -1
    outer loop
      vertex -1.0786582838174557 8.081939766255644 0
      vertex 1.0786582838174548 8.081939766255644 0
      vertex 0.9922148834901985 8.035734806151273 0
    endloop
  endfacet
  facet normal 0 0 -1
    outer loop
      vertex -1.1724548389919363 8.110392640201615 0
      vertex 1.1724548389919354 8.110392640201615 0
      vertex 1.0786582838174548 8.081939766255644 0
    endloop
  endfacet
  facet normal 0 0 -1
    outer loop
      vertex 1.4613417161825444 7.158060233744357 0
      vertex 3.7124548389919347 7.129607359798385 0
      vertex 1.3675451610080638 7.129607359798385 0
    endloop
  endfacet
  facet normal 0 0 -1
    outer loop
      vertex 1.5477851165098007 7.204265193848728 0
      vertex 3.618658283817454 7.158060233744357 0
      vertex 1.4613417161825444 7.158060233744357 0
    endloop
  endfacet
  facet normal 0 0 -1
    outer loop
      vertex 1.6235533905932733 7.266446609406726 0
      vertex 3.5322148834901976 7.204265193848728 0
      vertex 1.5477851165098007 7.204265193848728 0
    endloop
  endfacet
  facet normal 0 0 -1
    outer loop
      vertex 1.5477851165098007 7.204265193848728 0
      vertex 3.5322148834901976 7.204265193848728 0
      vertex 3.618658283817454 7.158060233744357 0
    endloop
  endfacet
  facet normal 0 0 -1
    outer loop
      vertex 1.6235533905932733 7.266446609406726 0
      vertex 3.4564466094067248 7.266446609406726 0
      vertex 3.5322148834901976 7.204265193848728 0
    endloop
  endfacet
  facet normal 0 0 -1
    outer loop
      vertex 1.4613417161825444 7.158060233744357 0
      vertex 3.618658283817454 7.158060233744357 0
      vertex 3.7124548389919347 7.129607359798385 0
    endloop
  endfacet
  facet normal 0 0 -1
    outer loop
      vertex 1.6857348061512722 7.342214883490199 0
      vertex 3.4564466094067248 7.266446609406726 0
      vertex 1.6235533905932733 7.266446609406726 0
    endloop
  endfacet
  facet normal 0 0 -1
    outer loop
      vertex 1.731939766255643 7.428658283817455 0
      vertex 3.3942651938487263 7.342214883490199 0
      vertex 1.6857348061512722 7.342214883490199 0
    endloop
  endfacet
  facet normal 0 0 -1
    outer loop
      vertex 1.7603926402016148 7.522454838991936 0
      vertex 3.3480602337443552 7.428658283817455 0
      vertex 1.731939766255643 7.428658283817455 0
    endloop
  endfacet
  facet normal 0 0 -1
    outer loop
      vertex 1.7699999999999996 7.62 0
      vertex 3.3196073597983835 7.522454838991936 0
      vertex 1.7603926402016148 7.522454838991936 0
    endloop
  endfacet
  facet normal 0 0 -1
    outer loop
      vertex 1.7603926402016148 7.717545161008064 0
      vertex 3.3099999999999987 7.62 0
      vertex 1.7699999999999996 7.62 0
    endloop
  endfacet
  facet normal 0 0 -1
    outer loop
      vertex 1.731939766255643 7.811341716182545 0
      vertex 3.3196073597983835 7.717545161008064 0
      vertex 1.7603926402016148 7.717545161008064 0
    endloop
  endfacet
  facet normal 0 0 -1
    outer loop
      vertex 1.6857348061512722 7.897785116509802 0
      vertex 3.3480602337443552 7.811341716182545 0
      vertex 1.731939766255643 7.811341716182545 0
    endloop
  endfacet
  facet normal 0 0 -1
    outer loop
      vertex 1.6235533905932733 7.973553390593274 0
      vertex 3.3942651938487263 7.897785116509802 0
      vertex 1.6857348061512722 7.897785116509802 0
    endloop
  endfacet
  facet normal 0 0 -1
    outer loop
      vertex 1.5477851165098007 8.035734806151273 0
      vertex 3.4564466094067248 7.973553390593274 0
      vertex 1.6235533905932733 7.973553390593274 0
    endloop
  endfacet
  facet normal 0 0 -1
    outer loop
      vertex 1.4613417161825444 8.081939766255644 0
      vertex 3.5322148834901976 8.035734806151273 0
      vertex 1.5477851165098007 8.035734806151273 0
    endloop
  endfacet
  facet normal 0 0 -1
    outer loop
      vertex 1.7603926402016148 7.522454838991936 0
      vertex 3.3196073597983835 7.522454838991936 0
      vertex 3.3480602337443552 7.428658283817455 0
    endloop
  endfacet
  facet normal 0 0 -1
    outer loop
      vertex 3.3196073597983835 7.522454838991936 0
      vertex 1.7699999999999996 7.62 0
      vertex 3.3099999999999987 7.62 0
    endloop
  endfacet
  facet normal 0 0 -1
    outer loop
      vertex 1.7603926402016148 7.717545161008064 0
      vertex 3.3196073597983835 7.717545161008064 0
      vertex 3.3099999999999987 7.62 0
    endloop
  endfacet
  facet normal 0 0 -1
    outer loop
      vertex 1.731939766255643 7.811341716182545 0
      vertex 3.3480602337443552 7.811341716182545 0
      vertex 3.3196073597983835 7.717545161008064 0
    endloop
  endfacet
  facet normal 0 0 -1
    outer loop
      vertex 1.6857348061512722 7.897785116509802 0
      vertex 3.3942651938487263 7.897785116509802 0
      vertex 3.3480602337443552 7.811341716182545 0
    endloop
  endfacet
  facet normal 0 0 -1
    outer loop
      vertex 3.4564466094067248 7.266446609406726 0
      vertex 1.6857348061512722 7.342214883490199 0
      vertex 3.3942651938487263 7.342214883490199 0
    endloop
  endfacet
  facet normal 0 0 -1
    outer loop
      vertex 3.3942651938487263 7.342214883490199 0
      vertex 1.731939766255643 7.428658283817455 0
      vertex 3.3480602337443552 7.428658283817455 0
    endloop
  endfacet
  facet normal 0 0 -1
    outer loop
      vertex 1.6235533905932733 7.973553390593274 0
      vertex 3.4564466094067248 7.973553390593274 0
      vertex 3.3942651938487263 7.897785116509802 0
    endloop
  endfacet
  facet normal 0 0 -1
    outer loop
      vertex 1.5477851165098007 8.035734806151273 0
      vertex 3.5322148834901976 8.035734806151273 0
      vertex 3.4564466094067248 7.973553390593274 0
    endloop
  endfacet
  facet normal 0 0 -1
    outer loop
      vertex 1.4613417161825444 8.081939766255644 0
      vertex 3.618658283817454 8.081939766255644 0
      vertex 3.5322148834901976 8.035734806151273 0
    endloop
  endfacet
  facet normal 0 0 -1
    outer loop
      vertex -9.89 11.620000000000001 0
      vertex 12.011320343559643 10.741320343559643 0
      vertex -1.2700000000000005 8.120000000000001 0
    endloop
  endfacet
  facet normal 0 0 -1
    outer loop
      vertex 12.011320343559643 10.741320343559643 0
      vertex -1.1724548389919363 8.110392640201615 0
      vertex -1.2700000000000005 8.120000000000001 0
    endloop
  endfacet
  facet normal 0 0 -1
    outer loop
      vertex 4.0013417161825435 7.158060233744357 0
      vertex 6.252454838991936 7.129607359798385 0
      vertex 3.9075451610080627 7.129607359798385 0
    endloop
  endfacet
  facet normal 0 0 -1
    outer loop
      vertex 4.087785116509799 7.204265193848728 0
      vertex 6.158658283817455 7.158060233744357 0
      vertex 4.0013417161825435 7.158060233744357 0
    endloop
  endfacet
  facet normal 0 0 -1
    outer loop
      vertex 4.163553390593273 7.266446609406726 0
      vertex 6.072214883490199 7.204265193848728 0
      vertex 4.087785116509799 7.204265193848728 0
    endloop
  endfacet
  facet normal 0 0 -1
    outer loop
      vertex 4.225734806151271 7.342214883490199 0
      vertex 5.996446609406726 7.266446609406726 0
      vertex 4.163553390593273 7.266446609406726 0
    endloop
  endfacet
  facet normal 0 0 -1
    outer loop
      vertex 4.271939766255642 7.428658283817455 0
      vertex 5.934265193848727 7.342214883490199 0
      vertex 4.225734806151271 7.342214883490199 0
    endloop
  endfacet
  facet normal 0 0 -1
    outer loop
      vertex 4.300392640201614 7.522454838991936 0
      vertex 5.888060233744357 7.428658283817455 0
      vertex 4.271939766255642 7.428658283817455 0
    endloop
  endfacet
  facet normal 0 0 -1
    outer loop
      vertex 4.309999999999999 7.62 0
      vertex 5.859607359798384 7.522454838991936 0
      vertex 4.300392640201614 7.522454838991936 0
    endloop
  endfacet
  facet normal 0 0 -1
    outer loop
      vertex 4.300392640201614 7.717545161008064 0
      vertex 5.85 7.62 0
      vertex 4.309999999999999 7.62 0
    endloop
  endfacet
  facet normal 0 0 -1
    outer loop
      vertex 4.271939766255642 7.811341716182545 0
      vertex 5.859607359798384 7.717545161008064 0
      vertex 4.300392640201614 7.717545161008064 0
    endloop
  endfacet
  facet normal 0 0 -1
    outer loop
      vertex 4.225734806151271 7.897785116509802 0
      vertex 5.888060233744357 7.811341716182545 0
      vertex 4.271939766255642 7.811341716182545 0
    endloop
  endfacet
  facet normal 0 0 -1
    outer loop
      vertex 4.163553390593273 7.973553390593274 0
      vertex 5.934265193848727 7.897785116509802 0
      vertex 4.225734806151271 7.897785116509802 0
    endloop
  endfacet
  facet normal 0 0 -1
    outer loop
      vertex 4.0013417161825435 8.081939766255644 0
      vertex 6.072214883490199 8.035734806151273 0
      vertex 4.087785116509799 8.035734806151273 0
    endloop
  endfacet
  facet normal 0 0 -1
    outer loop
      vertex 3.9075451610080627 8.110392640201615 0
      vertex 6.158658283817455 8.081939766255644 0
      vertex 4.0013417161825435 8.081939766255644 0
    endloop
  endfacet
  facet normal 0 0 -1
    outer loop
      vertex 4.087785116509799 8.035734806151273 0
      vertex 5.996446609406726 7.973553390593274 0
      vertex 4.163553390593273 7.973553390593274 0
    endloop
  endfacet
  facet normal 0 0 -1
    outer loop
      vertex 4.163553390593273 7.266446609406726 0
      vertex 5.996446609406726 7.266446609406726 0
      vertex 6.072214883490199 7.204265193848728 0
    endloop
  endfacet
  facet normal 0 0 -1
    outer loop
      vertex 4.0013417161825435 7.158060233744357 0
      vertex 6.158658283817455 7.158060233744357 0
      vertex 6.252454838991936 7.129607359798385 0
    endloop
  endfacet
  facet normal 0 0 -1
    outer loop
      vertex 4.087785116509799 7.204265193848728 0
      vertex 6.072214883490199 7.204265193848728 0
      vertex 6.158658283817455 7.158060233744357 0
    endloop
  endfacet
  facet normal 0 0 -1
    outer loop
      vertex 5.996446609406726 7.266446609406726 0
      vertex 4.225734806151271 7.342214883490199 0
      vertex 5.934265193848727 7.342214883490199 0
    endloop
  endfacet
  facet normal 0 0 -1
    outer loop
      vertex 5.934265193848727 7.342214883490199 0
      vertex 4.271939766255642 7.428658283817455 0
      vertex 5.888060233744357 7.428658283817455 0
    endloop
  endfacet
  facet normal 0 0 -1
    outer loop
      vertex 5.888060233744357 7.428658283817455 0
      vertex 4.300392640201614 7.522454838991936 0
      vertex 5.859607359798384 7.522454838991936 0
    endloop
  endfacet
  facet normal 0 0 -1
    outer loop
      vertex 4.309999999999999 7.62 0
      vertex 5.85 7.62 0
      vertex 5.859607359798384 7.522454838991936 0
    endloop
  endfacet
  facet normal 0 0 -1
    outer loop
      vertex 4.300392640201614 7.717545161008064 0
      vertex 5.859607359798384 7.717545161008064 0
      vertex 5.85 7.62 0
    endloop
  endfacet
  facet normal 0 0 -1
    outer loop
      vertex 4.271939766255642 7.811341716182545 0
      vertex 5.888060233744357 7.811341716182545 0
      vertex 5.859607359798384 7.717545161008064 0
    endloop
  endfacet
  facet normal 0 0 -1
    outer loop
      vertex 4.225734806151271 7.897785116509802 0
      vertex 5.934265193848727 7.897785116509802 0
      vertex 5.888060233744357 7.811341716182545 0
    endloop
  endfacet
  facet normal 0 0 -1
    outer loop
      vertex 4.163553390593273 7.973553390593274 0
      vertex 5.996446609406726 7.973553390593274 0
      vertex 5.934265193848727 7.897785116509802 0
    endloop
  endfacet
  facet normal 0 0 -1
    outer loop
      vertex 4.087785116509799 8.035734806151273 0
      vertex 6.072214883490199 8.035734806151273 0
      vertex 5.996446609406726 7.973553390593274 0
    endloop
  endfacet
  facet normal 0 0 -1
    outer loop
      vertex 4.0013417161825435 8.081939766255644 0
      vertex 6.158658283817455 8.081939766255644 0
      vertex 6.072214883490199 8.035734806151273 0
    endloop
  endfacet
  facet normal 0 0 -1
    outer loop
      vertex 3.9075451610080627 8.110392640201615 0
      vertex 6.252454838991936 8.110392640201615 0
      vertex 6.158658283817455 8.081939766255644 0
    endloop
  endfacet
  facet normal 0 0 -1
    outer loop
      vertex 12.011320343559643 10.741320343559643 0
      vertex 1.1724548389919354 8.110392640201615 0
      vertex -1.1724548389919363 8.110392640201615 0
    endloop
  endfacet
  facet normal 0 0 -1
    outer loop
      vertex 12.011320343559643 10.741320343559643 0
      vertex 1.2699999999999996 8.120000000000001 0
      vertex 1.1724548389919354 8.110392640201615 0
    endloop
  endfacet
  facet normal 0 0 -1
    outer loop
      vertex -9.89 11.620000000000001 0
      vertex 9.89 11.620000000000001 0
      vertex 12.011320343559643 10.741320343559643 0
    endloop
  endfacet
  facet normal 0 0 -1
    outer loop
      vertex 12.011320343559643 10.741320343559643 0
      vertex 1.3675451610080638 8.110392640201615 0
      vertex 1.2699999999999996 8.120000000000001 0
    endloop
  endfacet
  facet normal 0 0 -1
    outer loop
      vertex 12.011320343559643 10.741320343559643 0
      vertex 1.4613417161825444 8.081939766255644 0
      vertex 1.3675451610080638 8.110392640201615 0
    endloop
  endfacet
  facet normal 0 0 -1
    outer loop
      vertex 12.011320343559643 10.741320343559643 0
      vertex 3.618658283817454 8.081939766255644 0
      vertex 1.4613417161825444 8.081939766255644 0
    endloop
  endfacet
  facet normal 0 0 -1
    outer loop
      vertex 12.89 -8.620000000000001 0
      vertex 3.7124548389919347 7.129607359798385 0
      vertex 3.8099999999999987 7.12 0
    endloop
  endfacet
  facet normal 0 0 -1
    outer loop
      vertex 12.89 -8.620000000000001 0
      vertex 3.8099999999999987 7.12 0
      vertex 3.9075451610080627 7.129607359798385 0
    endloop
  endfacet
  facet normal 0 0 -1
    outer loop
      vertex 12.89 -8.620000000000001 0
      vertex 3.9075451610080627 7.129607359798385 0
      vertex 6.252454838991936 7.129607359798385 0
    endloop
  endfacet
  facet normal 0 0 -1
    outer loop
      vertex 12.89 -8.620000000000001 0
      vertex 6.252454838991936 7.129607359798385 0
      vertex 6.35 7.12 0
    endloop
  endfacet
  facet normal 0 0 -1
    outer loop
      vertex 12.89 -8.620000000000001 0
      vertex 6.35 7.12 0
      vertex 6.447545161008064 7.129607359798385 0
    endloop
  endfacet
  facet normal 0 0 -1
    outer loop
      vertex 12.89 -8.620000000000001 0
      vertex 6.447545161008064 7.129607359798385 0
      vertex 8.792454838991937 7.129607359798385 0
    endloop
  endfacet
  facet normal 0 0 -1
    outer loop
      vertex 12.89 -8.620000000000001 0
      vertex 8.792454838991937 7.129607359798385 0
      vertex 8.89 7.12 0
    endloop
  endfacet
  facet normal 0 0 -1
    outer loop
      vertex 12.89 -8.620000000000001 0
      vertex 8.89 7.12 0
      vertex 8.987545161008065 7.129607359798385 0
    endloop
  endfacet
  facet normal 0 0 -1
    outer loop
      vertex 12.89 -8.620000000000001 0
      vertex 8.987545161008065 7.129607359798385 0
      vertex 9.081341716182546 7.158060233744357 0
    endloop
  endfacet
  facet normal 0 0 -1
    outer loop
      vertex 12.89 -8.620000000000001 0
      vertex 9.081341716182546 7.158060233744357 0
      vertex 9.167785116509801 7.204265193848728 0
    endloop
  endfacet
  facet normal 0 0 -1
    outer loop
      vertex 12.89 -8.620000000000001 0
      vertex 9.167785116509801 7.204265193848728 0
      vertex 9.243553390593274 7.266446609406726 0
    endloop
  endfacet
  facet normal 0 0 -1
    outer loop
      vertex 12.89 -8.620000000000001 0
      vertex 9.243553390593274 7.266446609406726 0
      vertex 9.305734806151273 7.342214883490199 0
    endloop
  endfacet
  facet normal 0 0 -1
    outer loop
      vertex 12.89 -8.620000000000001 0
      vertex 9.305734806151273 7.342214883490199 0
      vertex 9.351939766255644 7.428658283817455 0
    endloop
  endfacet
  facet normal 0 0 -1
    outer loop
      vertex 12.89 -8.620000000000001 0
      vertex 9.351939766255644 7.428658283817455 0
      vertex 9.380392640201617 7.522454838991936 0
    endloop
  endfacet
  facet normal 0 0 -1
    outer loop
      vertex 12.89 -8.620000000000001 0
      vertex 9.380392640201617 7.522454838991936 0
      vertex 9.39 7.62 0
    endloop
  endfacet
  facet normal 0 0 -1
    outer loop
      vertex 12.89 -8.620000000000001 0
      vertex 9.39 7.62 0
      vertex 9.380392640201617 7.717545161008064 0
    endloop
  endfacet
  facet normal 0 0 -1
    outer loop
      vertex 12.89 -8.620000000000001 0
      vertex 9.380392640201617 7.717545161008064 0
      vertex 12.011320343559643 10.741320343559643 0
    endloop
  endfacet
  facet normal 0 0 -1
    outer loop
      vertex 12.89 -8.620000000000001 0
      vertex 12.011320343559643 10.741320343559643 0
      vertex 12.89 8.620000000000001 0
    endloop
  endfacet
  facet normal 0 0 -1
    outer loop
      vertex 6.5413417161825445 7.158060233744357 0
      vertex 8.792454838991937 7.129607359798385 0
      vertex 6.447545161008064 7.129607359798385 0
    endloop
  endfacet
  facet normal 0 0 -1
    outer loop
      vertex 6.6277851165098 7.204265193848728 0
      vertex 8.698658283817455 7.158060233744357 0
      vertex 6.5413417161825445 7.158060233744357 0
    endloop
  endfacet
  facet normal 0 0 -1
    outer loop
      vertex 6.703553390593274 7.266446609406726 0
      vertex 8.6122148834902 7.204265193848728 0
      vertex 6.6277851165098 7.204265193848728 0
    endloop
  endfacet
  facet normal 0 0 -1
    outer loop
      vertex 6.703553390593274 7.266446609406726 0
      vertex 8.536446609406728 7.266446609406726 0
      vertex 8.6122148834902 7.204265193848728 0
    endloop
  endfacet
  facet normal 0 0 -1
    outer loop
      vertex 6.5413417161825445 7.158060233744357 0
      vertex 8.698658283817455 7.158060233744357 0
      vertex 8.792454838991937 7.129607359798385 0
    endloop
  endfacet
  facet normal 0 0 -1
    outer loop
      vertex 6.6277851165098 7.204265193848728 0
      vertex 8.6122148834902 7.204265193848728 0
      vertex 8.698658283817455 7.158060233744357 0
    endloop
  endfacet
  facet normal 0 0 -1
    outer loop
      vertex 6.447545161008064 8.110392640201615 0
      vertex 8.698658283817455 8.081939766255644 0
      vertex 6.5413417161825445 8.081939766255644 0
    endloop
  endfacet
  facet normal 0 0 -1
    outer loop
      vertex 6.765734806151272 7.342214883490199 0
      vertex 8.536446609406728 7.266446609406726 0
      vertex 6.703553390593274 7.266446609406726 0
    endloop
  endfacet
  facet normal 0 0 -1
    outer loop
      vertex 6.811939766255643 7.428658283817455 0
      vertex 8.474265193848728 7.342214883490199 0
      vertex 6.765734806151272 7.342214883490199 0
    endloop
  endfacet
  facet normal 0 0 -1
    outer loop
      vertex 6.840392640201615 7.522454838991936 0
      vertex 8.428060233744358 7.428658283817455 0
      vertex 6.811939766255643 7.428658283817455 0
    endloop
  endfacet
  facet normal 0 0 -1
    outer loop
      vertex 6.85 7.62 0
      vertex 8.399607359798384 7.522454838991936 0
      vertex 6.840392640201615 7.522454838991936 0
    endloop
  endfacet
  facet normal 0 0 -1
    outer loop
      vertex 6.811939766255643 7.811341716182545 0
      vertex 8.399607359798384 7.717545161008064 0
      vertex 6.840392640201615 7.717545161008064 0
    endloop
  endfacet
  facet normal 0 0 -1
    outer loop
      vertex 6.840392640201615 7.717545161008064 0
      vertex 8.39 7.62 0
      vertex 6.85 7.62 0
    endloop
  endfacet
  facet normal 0 0 -1
    outer loop
      vertex 6.765734806151272 7.897785116509802 0
      vertex 8.428060233744358 7.811341716182545 0
      vertex 6.811939766255643 7.811341716182545 0
    endloop
  endfacet
  facet normal 0 0 -1
    outer loop
      vertex 6.703553390593274 7.973553390593274 0
      vertex 8.474265193848728 7.897785116509802 0
      vertex 6.765734806151272 7.897785116509802 0
    endloop
  endfacet
  facet normal 0 0 -1
    outer loop
      vertex 8.536446609406728 7.266446609406726 0
      vertex 6.765734806151272 7.342214883490199 0
      vertex 8.474265193848728 7.342214883490199 0
    endloop
  endfacet
  facet normal 0 0 -1
    outer loop
      vertex 8.474265193848728 7.342214883490199 0
      vertex 6.811939766255643 7.428658283817455 0
      vertex 8.428060233744358 7.428658283817455 0
    endloop
  endfacet
  facet normal 0 0 -1
    outer loop
      vertex 8.428060233744358 7.428658283817455 0
      vertex 6.840392640201615 7.522454838991936 0
      vertex 8.399607359798384 7.522454838991936 0
    endloop
  endfacet
  facet normal 0 0 -1
    outer loop
      vertex 8.399607359798384 7.522454838991936 0
      vertex 6.85 7.62 0
      vertex 8.39 7.62 0
    endloop
  endfacet
  facet normal 0 0 -1
    outer loop
      vertex 6.840392640201615 7.717545161008064 0
      vertex 8.399607359798384 7.717545161008064 0
      vertex 8.39 7.62 0
    endloop
  endfacet
  facet normal 0 0 -1
    outer loop
      vertex 6.811939766255643 7.811341716182545 0
      vertex 8.428060233744358 7.811341716182545 0
      vertex 8.399607359798384 7.717545161008064 0
    endloop
  endfacet
  facet normal 0 0 -1
    outer loop
      vertex 6.765734806151272 7.897785116509802 0
      vertex 8.474265193848728 7.897785116509802 0
      vertex 8.428060233744358 7.811341716182545 0
    endloop
  endfacet
  facet normal 0 0 -1
    outer loop
      vertex 6.703553390593274 7.973553390593274 0
      vertex 8.536446609406728 7.973553390593274 0
      vertex 8.474265193848728 7.897785116509802 0
    endloop
  endfacet
  facet normal 0 0 -1
    outer loop
      vertex 6.6277851165098 8.035734806151273 0
      vertex 8.536446609406728 7.973553390593274 0
      vertex 6.703553390593274 7.973553390593274 0
    endloop
  endfacet
  facet normal 0 0 -1
    outer loop
      vertex 6.5413417161825445 8.081939766255644 0
      vertex 8.6122148834902 8.035734806151273 0
      vertex 6.6277851165098 8.035734806151273 0
    endloop
  endfacet
  facet normal 0 0 -1
    outer loop
      vertex 6.6277851165098 8.035734806151273 0
      vertex 8.6122148834902 8.035734806151273 0
      vertex 8.536446609406728 7.973553390593274 0
    endloop
  endfacet
  facet normal 0 0 -1
    outer loop
      vertex 6.5413417161825445 8.081939766255644 0
      vertex 8.698658283817455 8.081939766255644 0
      vertex 8.6122148834902 8.035734806151273 0
    endloop
  endfacet
  facet normal 0 0 -1
    outer loop
      vertex 6.447545161008064 8.110392640201615 0
      vertex 8.792454838991937 8.110392640201615 0
      vertex 8.698658283817455 8.081939766255644 0
    endloop
  endfacet
  facet normal 0 0 -1
    outer loop
      vertex 12.011320343559643 10.741320343559643 0
      vertex 3.7124548389919347 8.110392640201615 0
      vertex 3.618658283817454 8.081939766255644 0
    endloop
  endfacet
  facet normal 0 0 -1
    outer loop
      vertex 12.011320343559643 10.741320343559643 0
      vertex 3.8099999999999987 8.120000000000001 0
      vertex 3.7124548389919347 8.110392640201615 0
    endloop
  endfacet
  facet normal 0 0 -1
    outer loop
      vertex 12.011320343559643 10.741320343559643 0
      vertex 3.9075451610080627 8.110392640201615 0
      vertex 3.8099999999999987 8.120000000000001 0
    endloop
  endfacet
  facet normal 0 0 -1
    outer loop
      vertex 12.011320343559643 10.741320343559643 0
      vertex 6.252454838991936 8.110392640201615 0
      vertex 3.9075451610080627 8.110392640201615 0
    endloop
  endfacet
  facet normal 0 0 -1
    outer loop
      vertex 12.011320343559643 10.741320343559643 0
      vertex 6.35 8.120000000000001 0
      vertex 6.252454838991936 8.110392640201615 0
    endloop
  endfacet
  facet normal 0 0 -1
    outer loop
      vertex 12.011320343559643 10.741320343559643 0
      vertex 6.447545161008064 8.110392640201615 0
      vertex 6.35 8.120000000000001 0
    endloop
  endfacet
  facet normal 0 0 -1
    outer loop
      vertex 12.011320343559643 10.741320343559643 0
      vertex 8.792454838991937 8.110392640201615 0
      vertex 6.447545161008064 8.110392640201615 0
    endloop
  endfacet
  facet normal 0 0 -1
    outer loop
      vertex 12.011320343559643 10.741320343559643 0
      vertex 8.89 8.120000000000001 0
      vertex 8.792454838991937 8.110392640201615 0
    endloop
  endfacet
  facet normal 0 0 -1
    outer loop
      vertex 12.011320343559643 10.741320343559643 0
      vertex 8.987545161008065 8.110392640201615 0
      vertex 8.89 8.120000000000001 0
    endloop
  endfacet
  facet normal 0 0 -1
    outer loop
      vertex 12.011320343559643 10.741320343559643 0
      vertex 9.081341716182546 8.081939766255644 0
      vertex 8.987545161008065 8.110392640201615 0
    endloop
  endfacet
  facet normal 0 0 -1
    outer loop
      vertex 12.011320343559643 10.741320343559643 0
      vertex 9.380392640201617 7.717545161008064 0
      vertex 9.351939766255644 7.811341716182545 0
    endloop
  endfacet
  facet normal 0 0 -1
    outer loop
      vertex 12.011320343559643 10.741320343559643 0
      vertex 9.305734806151273 7.897785116509802 0
      vertex 9.243553390593274 7.973553390593274 0
    endloop
  endfacet
  facet normal 0 0 -1
    outer loop
      vertex 12.011320343559643 10.741320343559643 0
      vertex 9.351939766255644 7.811341716182545 0
      vertex 9.305734806151273 7.897785116509802 0
    endloop
  endfacet
  facet normal 0 0 -1
    outer loop
      vertex 12.011320343559643 10.741320343559643 0
      vertex 9.167785116509801 8.035734806151273 0
      vertex 9.081341716182546 8.081939766255644 0
    endloop
  endfacet
  facet normal 0 0 -1
    outer loop
      vertex 12.011320343559643 10.741320343559643 0
      vertex 9.243553390593274 7.973553390593274 0
      vertex 9.167785116509801 8.035734806151273 0
    endloop
  endfacet
  facet normal 0 0 -1
    outer loop
      vertex 9.89 11.620000000000001 0
      vertex 10.475270966048384 11.562355841209692 0
      vertex 11.03805029709527 11.391638597533861 0
    endloop
  endfacet
  facet normal 0 0 -1
    outer loop
      vertex 9.89 11.620000000000001 0
      vertex 11.03805029709527 11.391638597533861 0
      vertex 12.011320343559643 10.741320343559643 0
    endloop
  endfacet
  facet normal 0 0 -1
    outer loop
      vertex 12.89 8.620000000000001 0
      vertex 12.66163859753386 9.76805029709527 0
      vertex 12.832355841209692 9.205270966048385 0
    endloop
  endfacet
  facet normal 0 0 -1
    outer loop
      vertex 12.89 8.620000000000001 0
      vertex 12.011320343559643 10.741320343559643 0
      vertex 12.66163859753386 9.76805029709527 0
    endloop
  endfacet
  facet normal 0 0 -1
    outer loop
      vertex 11.03805029709527 11.391638597533861 0
      vertex 11.556710699058808 11.114408836907636 0
      vertex 12.011320343559643 10.741320343559643 0
    endloop
  endfacet
  facet normal 0 0 -1
    outer loop
      vertex 12.66163859753386 9.76805029709527 0
      vertex 12.011320343559643 10.741320343559643 0
      vertex 12.384408836907635 10.286710699058808 0
    endloop
  endfacet
  facet normal 0.09801714032956085 0.9951847266721969 0
    outer loop
      vertex 9.89 11.620000000000001 0
      vertex 9.89 11.620000000000001 8.5
      vertex 10.475270966048384 11.562355841209692 0
    endloop
  endfacet
  facet normal 0.2902846772544625 0.9569403357322087 1.2041187435988191e-18
    outer loop
      vertex 10.475270966048384 11.562355841209692 0
      vertex 11.03805029709527 11.391638597533861 8.5
      vertex 11.03805029709527 11.391638597533861 0
    endloop
  endfacet
  facet normal 0.4713967368259977 0.8819212643483549 0
    outer loop
      vertex 11.03805029709527 11.391638597533861 0
      vertex 11.03805029709527 11.391638597533861 8.5
      vertex 11.556710699058808 11.114408836907636 0
    endloop
  endfacet
  facet normal 0.9951847266721969 0.09801714032956085 -6.060668151074536e-19
    outer loop
      vertex 12.89 8.620000000000001 0
      vertex 12.832355841209692 9.205270966048385 0
      vertex 12.832355841209692 9.205270966048385 8.5
    endloop
  endfacet
  facet normal 0.9569403357322087 0.2902846772544625 1.2041187435988191e-18
    outer loop
      vertex 12.832355841209692 9.205270966048385 0
      vertex 12.66163859753386 9.76805029709527 0
      vertex 12.66163859753386 9.76805029709527 8.5
    endloop
  endfacet
  facet normal 0.8819212643483549 0.4713967368259977 0
    outer loop
      vertex 12.66163859753386 9.76805029709527 0
      vertex 12.384408836907635 10.286710699058808 0
      vertex 12.66163859753386 9.76805029709527 8.5
    endloop
  endfacet
  facet normal 0.6343932841636464 0.7730104533627364 0
    outer loop
      vertex 12.011320343559643 10.741320343559643 0
      vertex 11.556710699058808 11.114408836907636 0
      vertex 12.011320343559643 10.741320343559643 8.5
    endloop
  endfacet
  facet normal 0.7730104533627364 0.6343932841636464 0
    outer loop
      vertex 12.011320343559643 10.741320343559643 0
      vertex 12.011320343559643 10.741320343559643 8.5
      vertex 12.384408836907635 10.286710699058808 0
    endloop
  endfacet
  facet normal 0 0 1
    outer loop
      vertex -8.714418710185486 -6.737293247637092 8.5
      vertex 4.446396103067892 6.983603896932108 8.5
      vertex 4.31001320971764 6.87167734892771 8.5
    endloop
  endfacet
  facet normal 0 0 1
    outer loop
      vertex -8.714418710185486 -6.737293247637092 8.5
      vertex 5.713603896932106 6.983603896932108 8.5
      vertex 4.446396103067892 6.983603896932108 8.5
    endloop
  endfacet
  facet normal 0 0 1
    outer loop
      vertex -8.714418710185486 -6.737293247637092 8.5
      vertex 5.849986790282358 6.87167734892771 8.5
      vertex 5.713603896932106 6.983603896932108 8.5
    endloop
  endfacet
  facet normal 0 0 1
    outer loop
      vertex -8.714418710185486 -6.737293247637092 8.5
      vertex 6.005584910871419 6.788508420739842 8.5
      vertex 5.849986790282358 6.87167734892771 8.5
    endloop
  endfacet
  facet normal 0 0 1
    outer loop
      vertex -8.714418710185486 -6.737293247637092 8.5
      vertex 6.174418710185484 6.737293247637092 8.5
      vertex 6.005584910871419 6.788508420739842 8.5
    endloop
  endfacet
  facet normal 0 0 1
    outer loop
      vertex -8.714418710185486 -6.737293247637092 8.5
      vertex 6.35 6.72 8.5
      vertex 6.174418710185484 6.737293247637092 8.5
    endloop
  endfacet
  facet normal 0 0 1
    outer loop
      vertex -8.714418710185486 -6.737293247637092 8.5
      vertex 6.525581289814515 6.737293247637092 8.5
      vertex 6.35 6.72 8.5
    endloop
  endfacet
  facet normal 0 0 1
    outer loop
      vertex -8.714418710185486 -6.737293247637092 8.5
      vertex 6.69441508912858 6.788508420739842 8.5
      vertex 6.525581289814515 6.737293247637092 8.5
    endloop
  endfacet
  facet normal 0 0 1
    outer loop
      vertex -8.714418710185486 -6.737293247637092 8.5
      vertex 6.850013209717641 6.87167734892771 8.5
      vertex 6.69441508912858 6.788508420739842 8.5
    endloop
  endfacet
  facet normal 0 0 1
    outer loop
      vertex -8.714418710185486 -6.737293247637092 8.5
      vertex 6.986396103067893 6.983603896932108 8.5
      vertex 6.850013209717641 6.87167734892771 8.5
    endloop
  endfacet
  facet normal 0 0 1
    outer loop
      vertex 8.058508420739843 7.2755849108714195 8.5
      vertex 6.986396103067893 6.983603896932108 8.5
      vertex -8.714418710185486 -6.737293247637092 8.5
    endloop
  endfacet
  facet normal 0 0 1
    outer loop
      vertex -8.058508420739843 -7.2755849108714195 8.5
      vertex 8.545584910871419 6.788508420739842 8.5
      vertex 8.389986790282359 6.87167734892771 8.5
    endloop
  endfacet
  facet normal 0 0 1
    outer loop
      vertex -8.058508420739843 -7.2755849108714195 8.5
      vertex 8.714418710185486 6.737293247637092 8.5
      vertex 8.545584910871419 6.788508420739842 8.5
    endloop
  endfacet
  facet normal 0 0 1
    outer loop
      vertex -8.058508420739843 -7.2755849108714195 8.5
      vertex 8.253603896932107 6.983603896932108 8.5
      vertex 8.14167734892771 7.119986790282358 8.5
    endloop
  endfacet
  facet normal 0 0 1
    outer loop
      vertex 8.058508420739843 7.2755849108714195 8.5
      vertex -8.058508420739843 -7.2755849108714195 8.5
      vertex 8.14167734892771 7.119986790282358 8.5
    endloop
  endfacet
  facet normal 0 0 1
    outer loop
      vertex -8.058508420739843 -7.2755849108714195 8.5
      vertex 8.389986790282359 6.87167734892771 8.5
      vertex 8.253603896932107 6.983603896932108 8.5
    endloop
  endfacet
  facet normal 0 1 0
    outer loop
      vertex -9.89 11.620000000000001 8.5
      vertex 9.89 11.620000000000001 8.5
      vertex 9.89 11.620000000000001 0
    endloop
  endfacet
  facet normal 0 0 1
    outer loop
      vertex -0.4385084207398424 7.2755849108714195 8.5
      vertex 0.5216773489277089 7.119986790282358 8.5
      vertex 0.43850842073984153 7.2755849108714195 8.5
    endloop
  endfacet
  facet normal 0 0 1
    outer loop
      vertex -0.5216773489277098 7.119986790282358 8.5
      vertex 0.6336038969321067 6.983603896932108 8.5
      vertex 0.5216773489277089 7.119986790282358 8.5
    endloop
  endfacet
  facet normal 0 0 1
    outer loop
      vertex -0.38729324763709305 7.444418710185484 8.5
      vertex 0.43850842073984153 7.2755849108714195 8.5
      vertex 0.38729324763709216 7.444418710185484 8.5
    endloop
  endfacet
  facet normal 0 0 1
    outer loop
      vertex -0.37000000000000044 7.62 8.5
      vertex 0.38729324763709216 7.444418710185484 8.5
      vertex 0.36999999999999955 7.62 8.5
    endloop
  endfacet
  facet normal 0 0 1
    outer loop
      vertex -0.38729324763709305 7.795581289814516 8.5
      vertex 0.36999999999999955 7.62 8.5
      vertex 0.38729324763709216 7.795581289814516 8.5
    endloop
  endfacet
  facet normal 0 0 1
    outer loop
      vertex -0.4385084207398424 7.964415089128581 8.5
      vertex 0.38729324763709216 7.795581289814516 8.5
      vertex 0.43850842073984153 7.964415089128581 8.5
    endloop
  endfacet
  facet normal 0 0 1
    outer loop
      vertex -0.5216773489277098 8.120013209717643 8.5
      vertex 0.43850842073984153 7.964415089128581 8.5
      vertex 0.5216773489277089 8.120013209717643 8.5
    endloop
  endfacet
  facet normal 0 0 1
    outer loop
      vertex -0.6336038969321076 8.256396103067893 8.5
      vertex 0.5216773489277089 8.120013209717643 8.5
      vertex 0.6336038969321067 8.256396103067893 8.5
    endloop
  endfacet
  facet normal 0 0 1
    outer loop
      vertex -0.7699867902823585 8.36832265107229 8.5
      vertex 0.6336038969321067 8.256396103067893 8.5
      vertex 0.7699867902823576 8.36832265107229 8.5
    endloop
  endfacet
  facet normal 0 0 1
    outer loop
      vertex -0.9255849108714196 8.451491579260159 8.5
      vertex 0.7699867902823576 8.36832265107229 8.5
      vertex 0.9255849108714187 8.451491579260159 8.5
    endloop
  endfacet
  facet normal 0 0 1
    outer loop
      vertex -1.094418710185485 8.502706752362908 8.5
      vertex 0.9255849108714187 8.451491579260159 8.5
      vertex 1.094418710185484 8.502706752362908 8.5
    endloop
  endfacet
  facet normal 0 0 1
    outer loop
      vertex 1.9063961030678924 6.983603896932108 8.5
      vertex 3.173603896932106 6.983603896932108 8.5
      vertex 2.0183226510722903 7.119986790282358 8.5
    endloop
  endfacet
  facet normal 0 0 1
    outer loop
      vertex 2.0183226510722903 7.119986790282358 8.5
      vertex 3.061677348927708 7.119986790282358 8.5
      vertex 2.1014915792601574 7.2755849108714195 8.5
    endloop
  endfacet
  facet normal 0 0 1
    outer loop
      vertex 2.0183226510722903 7.119986790282358 8.5
      vertex 3.173603896932106 6.983603896932108 8.5
      vertex 3.061677348927708 7.119986790282358 8.5
    endloop
  endfacet
  facet normal 0 0 1
    outer loop
      vertex 2.1014915792601574 7.2755849108714195 8.5
      vertex 3.061677348927708 7.119986790282358 8.5
      vertex 2.978508420739841 7.2755849108714195 8.5
    endloop
  endfacet
  facet normal 0 0 1
    outer loop
      vertex 2.1014915792601574 7.2755849108714195 8.5
      vertex 2.978508420739841 7.2755849108714195 8.5
      vertex 2.152706752362907 7.444418710185484 8.5
    endloop
  endfacet
  facet normal 0 0 1
    outer loop
      vertex 2.152706752362907 7.444418710185484 8.5
      vertex 2.9272932476370914 7.444418710185484 8.5
      vertex 2.1699999999999995 7.62 8.5
    endloop
  endfacet
  facet normal 0 0 1
    outer loop
      vertex 2.1699999999999995 7.62 8.5
      vertex 2.909999999999999 7.62 8.5
      vertex 2.152706752362907 7.795581289814516 8.5
    endloop
  endfacet
  facet normal 0 0 1
    outer loop
      vertex 2.152706752362907 7.795581289814516 8.5
      vertex 2.9272932476370914 7.795581289814516 8.5
      vertex 2.1014915792601574 7.964415089128581 8.5
    endloop
  endfacet
  facet normal 0 0 1
    outer loop
      vertex 2.1014915792601574 7.964415089128581 8.5
      vertex 2.978508420739841 7.964415089128581 8.5
      vertex 2.0183226510722903 8.120013209717643 8.5
    endloop
  endfacet
  facet normal 0 0 1
    outer loop
      vertex 1.9063961030678924 8.256396103067893 8.5
      vertex 2.0183226510722903 8.120013209717643 8.5
      vertex 3.061677348927708 8.120013209717643 8.5
    endloop
  endfacet
  facet normal 0 0 1
    outer loop
      vertex 1.7700132097176415 8.36832265107229 8.5
      vertex 1.9063961030678924 8.256396103067893 8.5
      vertex 3.173603896932106 8.256396103067893 8.5
    endloop
  endfacet
  facet normal 0 0 1
    outer loop
      vertex 1.445581289814515 8.502706752362908 8.5
      vertex 1.6144150891285804 8.451491579260159 8.5
      vertex 3.465584910871418 8.451491579260159 8.5
    endloop
  endfacet
  facet normal 0 0 1
    outer loop
      vertex 1.7700132097176415 8.36832265107229 8.5
      vertex 3.3099867902823568 8.36832265107229 8.5
      vertex 1.6144150891285804 8.451491579260159 8.5
    endloop
  endfacet
  facet normal 0 0 1
    outer loop
      vertex 2.152706752362907 7.444418710185484 8.5
      vertex 2.978508420739841 7.2755849108714195 8.5
      vertex 2.9272932476370914 7.444418710185484 8.5
    endloop
  endfacet
  facet normal 0 0 1
    outer loop
      vertex 2.1699999999999995 7.62 8.5
      vertex 2.9272932476370914 7.444418710185484 8.5
      vertex 2.909999999999999 7.62 8.5
    endloop
  endfacet
  facet normal 0 0 1
    outer loop
      vertex 2.152706752362907 7.795581289814516 8.5
      vertex 2.909999999999999 7.62 8.5
      vertex 2.9272932476370914 7.795581289814516 8.5
    endloop
  endfacet
  facet normal 0 0 1
    outer loop
      vertex 2.1014915792601574 7.964415089128581 8.5
      vertex 2.9272932476370914 7.795581289814516 8.5
      vertex 2.978508420739841 7.964415089128581 8.5
    endloop
  endfacet
  facet normal 0 0 1
    outer loop
      vertex 2.0183226510722903 8.120013209717643 8.5
      vertex 2.978508420739841 7.964415089128581 8.5
      vertex 3.061677348927708 8.120013209717643 8.5
    endloop
  endfacet
  facet normal 0 0 1
    outer loop
      vertex 1.9063961030678924 8.256396103067893 8.5
      vertex 3.061677348927708 8.120013209717643 8.5
      vertex 3.173603896932106 8.256396103067893 8.5
    endloop
  endfacet
  facet normal 0 0 1
    outer loop
      vertex 1.7700132097176415 8.36832265107229 8.5
      vertex 3.173603896932106 8.256396103067893 8.5
      vertex 3.3099867902823568 8.36832265107229 8.5
    endloop
  endfacet
  facet normal 0 0 1
    outer loop
      vertex 1.6144150891285804 8.451491579260159 8.5
      vertex 3.3099867902823568 8.36832265107229 8.5
      vertex 3.465584910871418 8.451491579260159 8.5
    endloop
  endfacet
  facet normal 0 0 1
    outer loop
      vertex 1.445581289814515 8.502706752362908 8.5
      vertex 3.465584910871418 8.451491579260159 8.5
      vertex 3.6344187101854835 8.502706752362908 8.5
    endloop
  endfacet
  facet normal 0 0 1
    outer loop
      vertex -12.011320343559643 10.741320343559643 8.5
      vertex 3.8099999999999987 8.52 8.5
      vertex 12.011320343559643 10.741320343559643 8.5
    endloop
  endfacet
  facet normal 0 0 1
    outer loop
      vertex 4.446396103067892 8.256396103067893 8.5
      vertex 5.713603896932106 8.256396103067893 8.5
      vertex 4.31001320971764 8.36832265107229 8.5
    endloop
  endfacet
  facet normal 0 0 1
    outer loop
      vertex 4.154415089128579 8.451491579260159 8.5
      vertex 4.31001320971764 8.36832265107229 8.5
      vertex 5.849986790282358 8.36832265107229 8.5
    endloop
  endfacet
  facet normal 0 0 1
    outer loop
      vertex 3.985581289814514 8.502706752362908 8.5
      vertex 4.154415089128579 8.451491579260159 8.5
      vertex 6.174418710185484 8.502706752362908 8.5
    endloop
  endfacet
  facet normal 0 0 1
    outer loop
      vertex 4.446396103067892 6.983603896932108 8.5
      vertex 5.713603896932106 6.983603896932108 8.5
      vertex 4.55832265107229 7.119986790282358 8.5
    endloop
  endfacet
  facet normal 0 0 1
    outer loop
      vertex 4.55832265107229 7.119986790282358 8.5
      vertex 5.6016773489277085 7.119986790282358 8.5
      vertex 4.6414915792601565 7.2755849108714195 8.5
    endloop
  endfacet
  facet normal 0 0 1
    outer loop
      vertex 4.55832265107229 7.119986790282358 8.5
      vertex 5.713603896932106 6.983603896932108 8.5
      vertex 5.6016773489277085 7.119986790282358 8.5
    endloop
  endfacet
  facet normal 0 0 1
    outer loop
      vertex 4.6414915792601565 7.2755849108714195 8.5
      vertex 5.6016773489277085 7.119986790282358 8.5
      vertex 5.518508420739842 7.2755849108714195 8.5
    endloop
  endfacet
  facet normal 0 0 1
    outer loop
      vertex 4.6414915792601565 7.2755849108714195 8.5
      vertex 5.518508420739842 7.2755849108714195 8.5
      vertex 4.6927067523629065 7.444418710185484 8.5
    endloop
  endfacet
  facet normal 0 0 1
    outer loop
      vertex 4.6927067523629065 7.444418710185484 8.5
      vertex 5.467293247637092 7.444418710185484 8.5
      vertex 4.709999999999999 7.62 8.5
    endloop
  endfacet
  facet normal 0 0 1
    outer loop
      vertex 4.6927067523629065 7.444418710185484 8.5
      vertex 5.518508420739842 7.2755849108714195 8.5
      vertex 5.467293247637092 7.444418710185484 8.5
    endloop
  endfacet
  facet normal 0 0 1
    outer loop
      vertex 4.709999999999999 7.62 8.5
      vertex 5.467293247637092 7.444418710185484 8.5
      vertex 5.449999999999999 7.62 8.5
    endloop
  endfacet
  facet normal 0 0 1
    outer loop
      vertex 4.709999999999999 7.62 8.5
      vertex 5.449999999999999 7.62 8.5
      vertex 4.6927067523629065 7.795581289814516 8.5
    endloop
  endfacet
  facet normal 0 0 1
    outer loop
      vertex 4.6927067523629065 7.795581289814516 8.5
      vertex 5.467293247637092 7.795581289814516 8.5
      vertex 4.6414915792601565 7.964415089128581 8.5
    endloop
  endfacet
  facet normal 0 0 1
    outer loop
      vertex 4.6927067523629065 7.795581289814516 8.5
      vertex 5.449999999999999 7.62 8.5
      vertex 5.467293247637092 7.795581289814516 8.5
    endloop
  endfacet
  facet normal 0 0 1
    outer loop
      vertex 4.6414915792601565 7.964415089128581 8.5
      vertex 5.467293247637092 7.795581289814516 8.5
      vertex 5.518508420739842 7.964415089128581 8.5
    endloop
  endfacet
  facet normal 0 0 1
    outer loop
      vertex 4.6414915792601565 7.964415089128581 8.5
      vertex 5.518508420739842 7.964415089128581 8.5
      vertex 4.55832265107229 8.120013209717643 8.5
    endloop
  endfacet
  facet normal 0 0 1
    outer loop
      vertex 4.446396103067892 8.256396103067893 8.5
      vertex 4.55832265107229 8.120013209717643 8.5
      vertex 5.6016773489277085 8.120013209717643 8.5
    endloop
  endfacet
  facet normal 0 0 1
    outer loop
      vertex 4.55832265107229 8.120013209717643 8.5
      vertex 5.518508420739842 7.964415089128581 8.5
      vertex 5.6016773489277085 8.120013209717643 8.5
    endloop
  endfacet
  facet normal 0 0 1
    outer loop
      vertex 4.446396103067892 8.256396103067893 8.5
      vertex 5.6016773489277085 8.120013209717643 8.5
      vertex 5.713603896932106 8.256396103067893 8.5
    endloop
  endfacet
  facet normal 0 0 1
    outer loop
      vertex 4.31001320971764 8.36832265107229 8.5
      vertex 5.713603896932106 8.256396103067893 8.5
      vertex 5.849986790282358 8.36832265107229 8.5
    endloop
  endfacet
  facet normal 0 0 1
    outer loop
      vertex 4.154415089128579 8.451491579260159 8.5
      vertex 5.849986790282358 8.36832265107229 8.5
      vertex 6.005584910871419 8.451491579260159 8.5
    endloop
  endfacet
  facet normal 0 0 1
    outer loop
      vertex 4.154415089128579 8.451491579260159 8.5
      vertex 6.005584910871419 8.451491579260159 8.5
      vertex 6.174418710185484 8.502706752362908 8.5
    endloop
  endfacet
  facet normal 0 0 1
    outer loop
      vertex -9.89 11.620000000000001 8.5
      vertex 12.011320343559643 10.741320343559643 8.5
      vertex 9.89 11.620000000000001 8.5
    endloop
  endfacet
  facet normal 1 0 0
    outer loop
      vertex 12.89 -8.620000000000001 8.5
      vertex 12.89 8.620000000000001 0
      vertex 12.89 8.620000000000001 8.5
    endloop
  endfacet
  facet normal 0 0 1
    outer loop
      vertex 8.714418710185486 -6.737293247637092 8.5
      vertex 8.89 6.72 8.5
      vertex 8.714418710185486 6.737293247637092 8.5
    endloop
  endfacet
  facet normal 0 0 1
    outer loop
      vertex 8.89 -6.72 8.5
      vertex 9.065581289814515 6.737293247637092 8.5
      vertex 8.89 6.72 8.5
    endloop
  endfacet
  facet normal 0 0 1
    outer loop
      vertex 9.065581289814515 -6.737293247637092 8.5
      vertex 9.234415089128582 6.788508420739842 8.5
      vertex 9.065581289814515 6.737293247637092 8.5
    endloop
  endfacet
  facet normal 0 0 1
    outer loop
      vertex 9.234415089128582 -6.788508420739842 8.5
      vertex 9.390013209717642 6.87167734892771 8.5
      vertex 9.234415089128582 6.788508420739842 8.5
    endloop
  endfacet
  facet normal 0 0 1
    outer loop
      vertex 9.390013209717642 -6.87167734892771 8.5
      vertex 9.526396103067894 6.983603896932108 8.5
      vertex 9.390013209717642 6.87167734892771 8.5
    endloop
  endfacet
  facet normal 0 0 1
    outer loop
      vertex 9.526396103067894 -6.983603896932108 8.5
      vertex 9.638322651072292 7.119986790282358 8.5
      vertex 9.526396103067894 6.983603896932108 8.5
    endloop
  endfacet
  facet normal 0 0 1
    outer loop
      vertex 9.638322651072292 -7.119986790282358 8.5
      vertex 9.721491579260158 7.2755849108714195 8.5
      vertex 9.638322651072292 7.119986790282358 8.5
    endloop
  endfacet
  facet normal 0 0 1
    outer loop
      vertex 9.721491579260158 -7.2755849108714195 8.5
      vertex 9.772706752362907 7.444418710185484 8.5
      vertex 9.721491579260158 7.2755849108714195 8.5
    endloop
  endfacet
  facet normal 0 0 1
    outer loop
      vertex 9.772706752362907 -7.444418710185484 8.5
      vertex 9.790000000000001 7.62 8.5
      vertex 9.772706752362907 7.444418710185484 8.5
    endloop
  endfacet
  facet normal 0 0 1
    outer loop
      vertex 12.011320343559643 -10.741320343559643 8.5
      vertex 9.772706752362907 7.795581289814516 8.5
      vertex 9.790000000000001 7.62 8.5
    endloop
  endfacet
  facet normal 0 0 1
    outer loop
      vertex 12.011320343559643 -10.741320343559643 8.5
      vertex 12.011320343559643 10.741320343559643 8.5
      vertex 9.772706752362907 7.795581289814516 8.5
    endloop
  endfacet
  facet normal 0 0 1
    outer loop
      vertex 12.89 -8.620000000000001 8.5
      vertex 12.89 8.620000000000001 8.5
      vertex 12.011320343559643 10.741320343559643 8.5
    endloop
  endfacet
  facet normal 0.09801714032956085 0.9951847266721969 0
    outer loop
      vertex 10.475270966048384 11.562355841209692 0
      vertex 9.89 11.620000000000001 8.5
      vertex 10.475270966048384 11.562355841209692 8.5
    endloop
  endfacet
  facet normal 0.2902846772544625 0.9569403357322087 0
    outer loop
      vertex 10.475270966048384 11.562355841209692 0
      vertex 10.475270966048384 11.562355841209692 8.5
      vertex 11.03805029709527 11.391638597533861 8.5
    endloop
  endfacet
  facet normal 0.9951847266721969 0.09801714032956085 0
    outer loop
      vertex 12.89 8.620000000000001 0
      vertex 12.832355841209692 9.205270966048385 8.5
      vertex 12.89 8.620000000000001 8.5
    endloop
  endfacet
  facet normal 0.9569403357322087 0.2902846772544625 0
    outer loop
      vertex 12.832355841209692 9.205270966048385 0
      vertex 12.66163859753386 9.76805029709527 8.5
      vertex 12.832355841209692 9.205270966048385 8.5
    endloop
  endfacet
  facet normal 0.8819212643483549 0.4713967368259977 0
    outer loop
      vertex 12.384408836907635 10.286710699058808 0
      vertex 12.384408836907635 10.286710699058808 8.5
      vertex 12.66163859753386 9.76805029709527 8.5
    endloop
  endfacet
  facet normal 0.4713967368259977 0.8819212643483549 0
    outer loop
      vertex 11.556710699058808 11.114408836907636 0
      vertex 11.03805029709527 11.391638597533861 8.5
      vertex 11.556710699058808 11.114408836907636 8.5
    endloop
  endfacet
  facet normal 0.6343932841636464 0.7730104533627364 0
    outer loop
      vertex 11.556710699058808 11.114408836907636 0
      vertex 11.556710699058808 11.114408836907636 8.5
      vertex 12.011320343559643 10.741320343559643 8.5
    endloop
  endfacet
  facet normal 0.7730104533627364 0.6343932841636464 0
    outer loop
      vertex 12.384408836907635 10.286710699058808 0
      vertex 12.011320343559643 10.741320343559643 8.5
      vertex 12.384408836907635 10.286710699058808 8.5
    endloop
  endfacet
  facet normal 0 0 1
    outer loop
      vertex 8.058508420739843 7.2755849108714195 8.5
      vertex 7.098322651072291 7.119986790282358 8.5
      vertex 6.986396103067893 6.983603896932108 8.5
    endloop
  endfacet
  facet normal 0 0 1
    outer loop
      vertex 8.058508420739843 7.2755849108714195 8.5
      vertex 7.1814915792601575 7.2755849108714195 8.5
      vertex 7.098322651072291 7.119986790282358 8.5
    endloop
  endfacet
  facet normal 0 0 1
    outer loop
      vertex 7.1814915792601575 7.2755849108714195 8.5
      vertex 8.058508420739843 7.2755849108714195 8.5
      vertex 7.232706752362907 7.444418710185484 8.5
    endloop
  endfacet
  facet normal 0 0 1
    outer loop
      vertex 7.232706752362907 7.444418710185484 8.5
      vertex 7.99 7.62 8.5
      vertex 7.25 7.62 8.5
    endloop
  endfacet
  facet normal 0 0 1
    outer loop
      vertex 7.25 7.62 8.5
      vertex 7.99 7.62 8.5
      vertex 7.232706752362907 7.795581289814516 8.5
    endloop
  endfacet
  facet normal 0 0 1
    outer loop
      vertex 7.232706752362907 7.795581289814516 8.5
      vertex 8.058508420739843 7.964415089128581 8.5
      vertex 7.1814915792601575 7.964415089128581 8.5
    endloop
  endfacet
  facet normal 0 0 1
    outer loop
      vertex 7.232706752362907 7.444418710185484 8.5
      vertex 8.058508420739843 7.2755849108714195 8.5
      vertex 8.007293247637094 7.444418710185484 8.5
    endloop
  endfacet
  facet normal 0 0 1
    outer loop
      vertex 7.232706752362907 7.444418710185484 8.5
      vertex 8.007293247637094 7.444418710185484 8.5
      vertex 7.99 7.62 8.5
    endloop
  endfacet
  facet normal 0 0 1
    outer loop
      vertex 7.232706752362907 7.795581289814516 8.5
      vertex 7.99 7.62 8.5
      vertex 8.007293247637094 7.795581289814516 8.5
    endloop
  endfacet
  facet normal 0 0 1
    outer loop
      vertex 7.232706752362907 7.795581289814516 8.5
      vertex 8.007293247637094 7.795581289814516 8.5
      vertex 8.058508420739843 7.964415089128581 8.5
    endloop
  endfacet
  facet normal 0 0 1
    outer loop
      vertex 7.1814915792601575 7.964415089128581 8.5
      vertex 8.058508420739843 7.964415089128581 8.5
      vertex 7.098322651072291 8.120013209717643 8.5
    endloop
  endfacet
  facet normal 0 0 1
    outer loop
      vertex 6.986396103067893 8.256396103067893 8.5
      vertex 7.098322651072291 8.120013209717643 8.5
      vertex 8.14167734892771 8.120013209717643 8.5
    endloop
  endfacet
  facet normal 0 0 1
    outer loop
      vertex 6.850013209717641 8.36832265107229 8.5
      vertex 6.986396103067893 8.256396103067893 8.5
      vertex 8.253603896932107 8.256396103067893 8.5
    endloop
  endfacet
  facet normal 0 0 1
    outer loop
      vertex 6.69441508912858 8.451491579260159 8.5
      vertex 6.850013209717641 8.36832265107229 8.5
      vertex 8.545584910871419 8.451491579260159 8.5
    endloop
  endfacet
  facet normal 0 0 1
    outer loop
      vertex 7.098322651072291 8.120013209717643 8.5
      vertex 8.058508420739843 7.964415089128581 8.5
      vertex 8.14167734892771 8.120013209717643 8.5
    endloop
  endfacet
  facet normal 0 0 1
    outer loop
      vertex 6.986396103067893 8.256396103067893 8.5
      vertex 8.14167734892771 8.120013209717643 8.5
      vertex 8.253603896932107 8.256396103067893 8.5
    endloop
  endfacet
  facet normal 0 0 1
    outer loop
      vertex 6.850013209717641 8.36832265107229 8.5
      vertex 8.253603896932107 8.256396103067893 8.5
      vertex 8.389986790282359 8.36832265107229 8.5
    endloop
  endfacet
  facet normal 0 0 1
    outer loop
      vertex 6.850013209717641 8.36832265107229 8.5
      vertex 8.389986790282359 8.36832265107229 8.5
      vertex 8.545584910871419 8.451491579260159 8.5
    endloop
  endfacet
  facet normal 0 0 1
    outer loop
      vertex 12.011320343559643 10.741320343559643 8.5
      vertex 3.8099999999999987 8.52 8.5
      vertex 3.985581289814514 8.502706752362908 8.5
    endloop
  endfacet
  facet normal 0 0 1
    outer loop
      vertex 12.011320343559643 10.741320343559643 8.5
      vertex 3.985581289814514 8.502706752362908 8.5
      vertex 6.174418710185484 8.502706752362908 8.5
    endloop
  endfacet
  facet normal 0 0 1
    outer loop
      vertex 12.011320343559643 10.741320343559643 8.5
      vertex 6.174418710185484 8.502706752362908 8.5
      vertex 6.35 8.52 8.5
    endloop
  endfacet
  facet normal 0 0 1
    outer loop
      vertex 12.011320343559643 10.741320343559643 8.5
      vertex 6.35 8.52 8.5
      vertex 6.525581289814515 8.502706752362908 8.5
    endloop
  endfacet
  facet normal 0 0 1
    outer loop
      vertex 12.011320343559643 10.741320343559643 8.5
      vertex 6.525581289814515 8.502706752362908 8.5
      vertex 6.69441508912858 8.451491579260159 8.5
    endloop
  endfacet
  facet normal 0 0 1
    outer loop
      vertex 12.011320343559643 10.741320343559643 8.5
      vertex 6.69441508912858 8.451491579260159 8.5
      vertex 8.545584910871419 8.451491579260159 8.5
    endloop
  endfacet
  facet normal 0 0 1
    outer loop
      vertex 12.011320343559643 10.741320343559643 8.5
      vertex 8.545584910871419 8.451491579260159 8.5
      vertex 8.714418710185486 8.502706752362908 8.5
    endloop
  endfacet
  facet normal 0 0 1
    outer loop
      vertex 12.011320343559643 10.741320343559643 8.5
      vertex 8.714418710185486 8.502706752362908 8.5
      vertex 8.89 8.52 8.5
    endloop
  endfacet
  facet normal 0 0 1
    outer loop
      vertex 12.011320343559643 10.741320343559643 8.5
      vertex 8.89 8.52 8.5
      vertex 9.065581289814515 8.502706752362908 8.5
    endloop
  endfacet
  facet normal 0 0 1
    outer loop
      vertex 12.011320343559643 10.741320343559643 8.5
      vertex 9.638322651072292 8.120013209717643 8.5
      vertex 9.721491579260158 7.964415089128581 8.5
    endloop
  endfacet
  facet normal 0 0 1
    outer loop
      vertex 12.011320343559643 10.741320343559643 8.5
      vertex 9.526396103067894 8.256396103067893 8.5
      vertex 9.638322651072292 8.120013209717643 8.5
    endloop
  endfacet
  facet normal 0 0 1
    outer loop
      vertex 12.011320343559643 10.741320343559643 8.5
      vertex 9.065581289814515 8.502706752362908 8.5
      vertex 9.234415089128582 8.451491579260159 8.5
    endloop
  endfacet
  facet normal 0 0 1
    outer loop
      vertex 12.011320343559643 10.741320343559643 8.5
      vertex 9.234415089128582 8.451491579260159 8.5
      vertex 9.390013209717642 8.36832265107229 8.5
    endloop
  endfacet
  facet normal 0 0 1
    outer loop
      vertex 12.011320343559643 10.741320343559643 8.5
      vertex 9.390013209717642 8.36832265107229 8.5
      vertex 9.526396103067894 8.256396103067893 8.5
    endloop
  endfacet
  facet normal 0 0 1
    outer loop
      vertex 12.011320343559643 10.741320343559643 8.5
      vertex 9.721491579260158 7.964415089128581 8.5
      vertex 9.772706752362907 7.795581289814516 8.5
    endloop
  endfacet
  facet normal 0 0 1
    outer loop
      vertex 9.89 11.620000000000001 8.5
      vertex 11.03805029709527 11.391638597533861 8.5
      vertex 10.475270966048384 11.562355841209692 8.5
    endloop
  endfacet
  facet normal 0 0 1
    outer loop
      vertex 9.89 11.620000000000001 8.5
      vertex 12.011320343559643 10.741320343559643 8.5
      vertex 11.03805029709527 11.391638597533861 8.5
    endloop
  endfacet
  facet normal 0 0 1
    outer loop
      vertex 12.89 8.620000000000001 8.5
      vertex 12.832355841209692 9.205270966048385 8.5
      vertex 12.011320343559643 10.741320343559643 8.5
    endloop
  endfacet
  facet normal 0 0 1
    outer loop
      vertex 12.832355841209692 9.205270966048385 8.5
      vertex 12.66163859753386 9.76805029709527 8.5
      vertex 12.011320343559643 10.741320343559643 8.5
    endloop
  endfacet
  facet normal 0 0 1
    outer loop
      vertex 11.03805029709527 11.391638597533861 8.5
      vertex 12.011320343559643 10.741320343559643 8.5
      vertex 11.556710699058808 11.114408836907636 8.5
    endloop
  endfacet
  facet normal 0 0 1
    outer loop
      vertex 12.66163859753386 9.76805029709527 8.5
      vertex 12.384408836907635 10.286710699058808 8.5
      vertex 12.011320343559643 10.741320343559643 8.5
    endloop
  endfacet
  facet normal 0.6343932841636498 0.7730104533627333 0
    outer loop
      vertex -9.243553390593274 -7.973553390593274 6.9
      vertex -9.167785116509801 -8.035734806151273 0
      vertex -9.243553390593274 -7.973553390593274 0
    endloop
  endfacet
  facet normal 0.4713967368260017 0.8819212643483528 0
    outer loop
      vertex -9.167785116509801 -8.035734806151273 6.9
      vertex -9.081341716182546 -8.081939766255644 0
      vertex -9.167785116509801 -8.035734806151273 0
    endloop
  endfacet
  facet normal 0.29028467725445445 0.9569403357322112 0
    outer loop
      vertex -9.081341716182546 -8.081939766255644 6.9
      vertex -8.987545161008065 -8.110392640201615 0
      vertex -9.081341716182546 -8.081939766255644 0
    endloop
  endfacet
  facet normal 0.09801714032956982 0.9951847266721959 0
    outer loop
      vertex -8.987545161008065 -8.110392640201615 6.9
      vertex -8.89 -8.120000000000001 0
      vertex -8.987545161008065 -8.110392640201615 0
    endloop
  endfacet
  facet normal 0.7730104533627333 0.6343932841636498 0
    outer loop
      vertex -9.305734806151273 -7.897785116509802 6.9
      vertex -9.243553390593274 -7.973553390593274 0
      vertex -9.305734806151273 -7.897785116509802 0
    endloop
  endfacet
  facet normal 0.8819212643483569 0.4713967368259941 0
    outer loop
      vertex -9.351939766255644 -7.811341716182545 6.9
      vertex -9.305734806151273 -7.897785116509802 0
      vertex -9.351939766255644 -7.811341716182545 0
    endloop
  endfacet
  facet normal 0.9569403357322055 0.29028467725447354 0
    outer loop
      vertex -9.380392640201617 -7.717545161008064 6.9
      vertex -9.351939766255644 -7.811341716182545 0
      vertex -9.380392640201617 -7.717545161008064 0
    endloop
  endfacet
  facet normal 0.9951847266721978 0.09801714032955187 0
    outer loop
      vertex -9.39 -7.62 6.9
      vertex -9.380392640201617 -7.717545161008064 0
      vertex -9.39 -7.62 0
    endloop
  endfacet
  facet normal 0.9951847266721978 -0.09801714032955187 0
    outer loop
      vertex -9.380392640201617 -7.522454838991936 6.9
      vertex -9.39 -7.62 0
      vertex -9.380392640201617 -7.522454838991936 0
    endloop
  endfacet
  facet normal 0.9569403357322055 -0.29028467725447354 0
    outer loop
      vertex -9.351939766255644 -7.428658283817455 6.9
      vertex -9.380392640201617 -7.522454838991936 0
      vertex -9.351939766255644 -7.428658283817455 0
    endloop
  endfacet
  facet normal 0.8819212643483569 -0.4713967368259941 0
    outer loop
      vertex -9.305734806151273 -7.342214883490199 6.9
      vertex -9.351939766255644 -7.428658283817455 0
      vertex -9.305734806151273 -7.342214883490199 0
    endloop
  endfacet
  facet normal 0.7730104533627333 -0.6343932841636498 0
    outer loop
      vertex -9.243553390593274 -7.266446609406726 6.9
      vertex -9.305734806151273 -7.342214883490199 0
      vertex -9.243553390593274 -7.266446609406726 0
    endloop
  endfacet
  facet normal -0.09801714032956982 0.9951847266721959 0
    outer loop
      vertex -8.89 -8.120000000000001 6.9
      vertex -8.792454838991937 -8.110392640201615 0
      vertex -8.89 -8.120000000000001 0
    endloop
  endfacet
  facet normal -0.29028467725445445 0.9569403357322112 0
    outer loop
      vertex -8.792454838991937 -8.110392640201615 6.9
      vertex -8.698658283817455 -8.081939766255644 0
      vertex -8.792454838991937 -8.110392640201615 0
    endloop
  endfacet
  facet normal -0.4713967368260017 0.8819212643483528 0
    outer loop
      vertex -8.698658283817455 -8.081939766255644 6.9
      vertex -8.6122148834902 -8.035734806151273 0
      vertex -8.698658283817455 -8.081939766255644 0
    endloop
  endfacet
  facet normal -0.6343932841636498 0.7730104533627333 0
    outer loop
      vertex -8.6122148834902 -8.035734806151273 6.9
      vertex -8.536446609406728 -7.973553390593274 0
      vertex -8.6122148834902 -8.035734806151273 0
    endloop
  endfacet
  facet normal -0.7730104533627333 0.6343932841636498 0
    outer loop
      vertex -8.536446609406728 -7.973553390593274 6.9
      vertex -8.474265193848728 -7.897785116509802 0
      vertex -8.536446609406728 -7.973553390593274 0
    endloop
  endfacet
  facet normal -0.7730104533627333 -0.6343932841636498 0
    outer loop
      vertex -8.474265193848728 -7.342214883490199 6.9
      vertex -8.536446609406728 -7.266446609406726 0
      vertex -8.474265193848728 -7.342214883490199 0
    endloop
  endfacet
  facet normal -0.8819212643483569 0.4713967368259941 0
    outer loop
      vertex -8.474265193848728 -7.897785116509802 6.9
      vertex -8.428060233744358 -7.811341716182545 0
      vertex -8.474265193848728 -7.897785116509802 0
    endloop
  endfacet
  facet normal -0.9569403357322055 0.29028467725447354 0
    outer loop
      vertex -8.428060233744358 -7.811341716182545 6.9
      vertex -8.399607359798384 -7.717545161008064 0
      vertex -8.428060233744358 -7.811341716182545 0
    endloop
  endfacet
  facet normal -0.9951847266721978 0.09801714032955187 0
    outer loop
      vertex -8.399607359798384 -7.717545161008064 6.9
      vertex -8.39 -7.62 0
      vertex -8.399607359798384 -7.717545161008064 0
    endloop
  endfacet
  facet normal -0.9951847266721978 -0.09801714032955187 0
    outer loop
      vertex -8.39 -7.62 6.9
      vertex -8.399607359798384 -7.522454838991936 0
      vertex -8.39 -7.62 0
    endloop
  endfacet
  facet normal -0.9569403357322055 -0.29028467725447354 0
    outer loop
      vertex -8.399607359798384 -7.522454838991936 6.9
      vertex -8.428060233744358 -7.428658283817455 0
      vertex -8.399607359798384 -7.522454838991936 0
    endloop
  endfacet
  facet normal -0.8819212643483569 -0.4713967368259941 0
    outer loop
      vertex -8.428060233744358 -7.428658283817455 6.9
      vertex -8.474265193848728 -7.342214883490199 0
      vertex -8.428060233744358 -7.428658283817455 0
    endloop
  endfacet
  facet normal 0.6343932841636445 -0.7730104533627378 0
    outer loop
      vertex -9.167785116509801 -7.204265193848728 6.9
      vertex -9.243553390593274 -7.266446609406726 0
      vertex -9.167785116509801 -7.204265193848728 0
    endloop
  endfacet
  facet normal 0.4713967368260017 -0.8819212643483528 0
    outer loop
      vertex -9.081341716182546 -7.158060233744357 6.9
      vertex -9.167785116509801 -7.204265193848728 0
      vertex -9.081341716182546 -7.158060233744357 0
    endloop
  endfacet
  facet normal 0.2902846772544627 -0.9569403357322087 0
    outer loop
      vertex -8.987545161008065 -7.129607359798385 6.9
      vertex -9.081341716182546 -7.158060233744357 0
      vertex -8.987545161008065 -7.129607359798385 0
    endloop
  endfacet
  facet normal 0.09801714032956084 -0.9951847266721969 0
    outer loop
      vertex -8.89 -7.12 6.9
      vertex -8.987545161008065 -7.129607359798385 0
      vertex -8.89 -7.12 0
    endloop
  endfacet
  facet normal -0.09801714032956084 -0.9951847266721969 0
    outer loop
      vertex -8.792454838991937 -7.129607359798385 6.9
      vertex -8.89 -7.12 0
      vertex -8.792454838991937 -7.129607359798385 0
    endloop
  endfacet
  facet normal -0.2902846772544627 -0.9569403357322087 0
    outer loop
      vertex -8.698658283817455 -7.158060233744357 6.9
      vertex -8.792454838991937 -7.129607359798385 0
      vertex -8.698658283817455 -7.158060233744357 0
    endloop
  endfacet
  facet normal -0.4713967368260017 -0.8819212643483528 0
    outer loop
      vertex -8.6122148834902 -7.204265193848728 6.9
      vertex -8.698658283817455 -7.158060233744357 0
      vertex -8.6122148834902 -7.204265193848728 0
    endloop
  endfacet
  facet normal -0.6343932841636445 -0.7730104533627378 0
    outer loop
      vertex -8.536446609406728 -7.266446609406726 6.9
      vertex -8.6122148834902 -7.204265193848728 0
      vertex -8.536446609406728 -7.266446609406726 0
    endloop
  endfacet
  facet normal 0.6343932841636498 0.7730104533627333 4.558513674827826e-19
    outer loop
      vertex -9.243553390593274 -7.973553390593274 6.9
      vertex -9.167785116509801 -8.035734806151273 6.9
      vertex -9.167785116509801 -8.035734806151273 0
    endloop
  endfacet
  facet normal 0.4713967368260017 0.8819212643483528 -4.684361431889385e-19
    outer loop
      vertex -9.167785116509801 -8.035734806151273 6.9
      vertex -9.081341716182546 -8.081939766255644 6.9
      vertex -9.081341716182546 -8.081939766255644 0
    endloop
  endfacet
  facet normal 0.29028467725445445 0.9569403357322112 1.8514331468002554e-19
    outer loop
      vertex -9.081341716182546 -8.081939766255644 6.9
      vertex -8.987545161008065 -8.110392640201615 6.9
      vertex -8.987545161008065 -8.110392640201615 0
    endloop
  endfacet
  facet normal 0.09801714032956982 0.9951847266721959 -6.760663378098597e-20
    outer loop
      vertex -8.987545161008065 -8.110392640201615 6.9
      vertex -8.89 -8.120000000000001 6.9
      vertex -8.89 -8.120000000000001 0
    endloop
  endfacet
  facet normal 0.8819212643483569 0.4713967368259941 8.954796002950964e-21
    outer loop
      vertex -9.351939766255644 -7.811341716182545 6.9
      vertex -9.305734806151273 -7.897785116509802 6.9
      vertex -9.305734806151273 -7.897785116509802 0
    endloop
  endfacet
  facet normal 0.9951847266721978 0.09801714032955187 0
    outer loop
      vertex -9.380392640201617 -7.717545161008064 6.9
      vertex -9.380392640201617 -7.717545161008064 0
      vertex -9.39 -7.62 6.9
    endloop
  endfacet
  facet normal 0.9569403357322055 0.29028467725447354 0
    outer loop
      vertex -9.351939766255644 -7.811341716182545 6.9
      vertex -9.351939766255644 -7.811341716182545 0
      vertex -9.380392640201617 -7.717545161008064 6.9
    endloop
  endfacet
  facet normal 0.9951847266721978 -0.09801714032955187 0
    outer loop
      vertex -9.39 -7.62 6.9
      vertex -9.39 -7.62 0
      vertex -9.380392640201617 -7.522454838991936 6.9
    endloop
  endfacet
  facet normal 0.9569403357322055 -0.29028467725447354 0
    outer loop
      vertex -9.380392640201617 -7.522454838991936 6.9
      vertex -9.380392640201617 -7.522454838991936 0
      vertex -9.351939766255644 -7.428658283817455 6.9
    endloop
  endfacet
  facet normal 0.8819212643483569 -0.4713967368259941 0
    outer loop
      vertex -9.351939766255644 -7.428658283817455 6.9
      vertex -9.351939766255644 -7.428658283817455 0
      vertex -9.305734806151273 -7.342214883490199 6.9
    endloop
  endfacet
  facet normal 0.7730104533627333 -0.6343932841636498 0
    outer loop
      vertex -9.305734806151273 -7.342214883490199 6.9
      vertex -9.305734806151273 -7.342214883490199 0
      vertex -9.243553390593274 -7.266446609406726 6.9
    endloop
  endfacet
  facet normal 0.7730104533627333 0.6343932841636498 4.558513674827826e-19
    outer loop
      vertex -9.305734806151273 -7.897785116509802 6.9
      vertex -9.243553390593274 -7.973553390593274 6.9
      vertex -9.243553390593274 -7.973553390593274 0
    endloop
  endfacet
  facet normal -0.09801714032956982 0.9951847266721959 6.760663378098597e-20
    outer loop
      vertex -8.89 -8.120000000000001 6.9
      vertex -8.792454838991937 -8.110392640201615 6.9
      vertex -8.792454838991937 -8.110392640201615 0
    endloop
  endfacet
  facet normal -0.29028467725445445 0.9569403357322112 -1.8514331468002554e-19
    outer loop
      vertex -8.792454838991937 -8.110392640201615 6.9
      vertex -8.698658283817455 -8.081939766255644 6.9
      vertex -8.698658283817455 -8.081939766255644 0
    endloop
  endfacet
  facet normal -0.4713967368260017 0.8819212643483528 4.684361431889385e-19
    outer loop
      vertex -8.698658283817455 -8.081939766255644 6.9
      vertex -8.6122148834902 -8.035734806151273 6.9
      vertex -8.6122148834902 -8.035734806151273 0
    endloop
  endfacet
  facet normal -0.6343932841636498 0.7730104533627333 -4.558513674827826e-19
    outer loop
      vertex -8.6122148834902 -8.035734806151273 6.9
      vertex -8.536446609406728 -7.973553390593274 6.9
      vertex -8.536446609406728 -7.973553390593274 0
    endloop
  endfacet
  facet normal -0.7730104533627333 0.6343932841636498 -4.558513674827826e-19
    outer loop
      vertex -8.536446609406728 -7.973553390593274 6.9
      vertex -8.474265193848728 -7.897785116509802 6.9
      vertex -8.474265193848728 -7.897785116509802 0
    endloop
  endfacet
  facet normal -0.7730104533627333 -0.6343932841636498 4.558513674827826e-19
    outer loop
      vertex -8.474265193848728 -7.342214883490199 6.9
      vertex -8.536446609406728 -7.266446609406726 6.9
      vertex -8.536446609406728 -7.266446609406726 0
    endloop
  endfacet
  facet normal -0.8819212643483569 0.4713967368259941 -8.954796002950964e-21
    outer loop
      vertex -8.474265193848728 -7.897785116509802 6.9
      vertex -8.428060233744358 -7.811341716182545 6.9
      vertex -8.428060233744358 -7.811341716182545 0
    endloop
  endfacet
  facet normal -0.9569403357322055 0.29028467725447354 -2.369526693007262e-19
    outer loop
      vertex -8.428060233744358 -7.811341716182545 6.9
      vertex -8.399607359798384 -7.717545161008064 6.9
      vertex -8.399607359798384 -7.717545161008064 0
    endloop
  endfacet
  facet normal -0.9951847266721978 0.09801714032955187 3.8764083158680635e-20
    outer loop
      vertex -8.399607359798384 -7.717545161008064 6.9
      vertex -8.39 -7.62 6.9
      vertex -8.39 -7.62 0
    endloop
  endfacet
  facet normal -0.9951847266721978 -0.09801714032955187 -3.8764083158680635e-20
    outer loop
      vertex -8.39 -7.62 6.9
      vertex -8.399607359798384 -7.522454838991936 6.9
      vertex -8.399607359798384 -7.522454838991936 0
    endloop
  endfacet
  facet normal -0.9569403357322055 -0.29028467725447354 2.369526693007262e-19
    outer loop
      vertex -8.399607359798384 -7.522454838991936 6.9
      vertex -8.428060233744358 -7.428658283817455 6.9
      vertex -8.428060233744358 -7.428658283817455 0
    endloop
  endfacet
  facet normal -0.8819212643483569 -0.4713967368259941 8.954796002950964e-21
    outer loop
      vertex -8.428060233744358 -7.428658283817455 6.9
      vertex -8.474265193848728 -7.342214883490199 6.9
      vertex -8.474265193848728 -7.342214883490199 0
    endloop
  endfacet
  facet normal 0.6343932841636445 -0.7730104533627378 0
    outer loop
      vertex -9.243553390593274 -7.266446609406726 6.9
      vertex -9.243553390593274 -7.266446609406726 0
      vertex -9.167785116509801 -7.204265193848728 6.9
    endloop
  endfacet
  facet normal 0.4713967368260017 -0.8819212643483528 0
    outer loop
      vertex -9.167785116509801 -7.204265193848728 6.9
      vertex -9.167785116509801 -7.204265193848728 0
      vertex -9.081341716182546 -7.158060233744357 6.9
    endloop
  endfacet
  facet normal 0.2902846772544627 -0.9569403357322087 0
    outer loop
      vertex -9.081341716182546 -7.158060233744357 6.9
      vertex -9.081341716182546 -7.158060233744357 0
      vertex -8.987545161008065 -7.129607359798385 6.9
    endloop
  endfacet
  facet normal 0.09801714032956084 -0.9951847266721969 0
    outer loop
      vertex -8.987545161008065 -7.129607359798385 6.9
      vertex -8.987545161008065 -7.129607359798385 0
      vertex -8.89 -7.12 6.9
    endloop
  endfacet
  facet normal -0.09801714032956084 -0.9951847266721969 0
    outer loop
      vertex -8.89 -7.12 6.9
      vertex -8.89 -7.12 0
      vertex -8.792454838991937 -7.129607359798385 6.9
    endloop
  endfacet
  facet normal -0.2902846772544627 -0.9569403357322087 0
    outer loop
      vertex -8.792454838991937 -7.129607359798385 6.9
      vertex -8.792454838991937 -7.129607359798385 0
      vertex -8.698658283817455 -7.158060233744357 6.9
    endloop
  endfacet
  facet normal -0.4713967368260017 -0.8819212643483528 -4.684361431889385e-19
    outer loop
      vertex -8.6122148834902 -7.204265193848728 6.9
      vertex -8.698658283817455 -7.158060233744357 6.9
      vertex -8.698658283817455 -7.158060233744357 0
    endloop
  endfacet
  facet normal -0.6343932841636445 -0.7730104533627378 0
    outer loop
      vertex -8.6122148834902 -7.204265193848728 6.9
      vertex -8.6122148834902 -7.204265193848728 0
      vertex -8.536446609406728 -7.266446609406726 6.9
    endloop
  endfacet
  facet normal 0.7501422910814779 0.6156258683941954 0.24143598177347972
    outer loop
      vertex -9.305734806151273 -7.897785116509802 6.9
      vertex -9.638322651072292 -8.120013209717643 8.5
      vertex -9.243553390593274 -7.973553390593274 6.9
    endloop
  endfacet
  facet normal 0.6156258683941955 0.750142291081478 0.24143598177347894
    outer loop
      vertex -9.243553390593274 -7.973553390593274 6.9
      vertex -9.390013209717642 -8.36832265107229 8.5
      vertex -9.167785116509801 -8.035734806151273 6.9
    endloop
  endfacet
  facet normal 0.45745128883148056 0.8558311662071518 0.24143598177347955
    outer loop
      vertex -9.167785116509801 -8.035734806151273 6.9
      vertex -9.234415089128582 -8.451491579260159 8.5
      vertex -9.081341716182546 -8.081939766255644 6.9
    endloop
  endfacet
  facet normal 0.281697112780599 0.9286309295711351 0.24143598177347994
    outer loop
      vertex -9.081341716182546 -8.081939766255644 6.9
      vertex -9.065581289814515 -8.502706752362908 8.5
      vertex -8.987545161008065 -8.110392640201615 6.9
    endloop
  endfacet
  facet normal 0.09511747466314789 0.9657439270939175 0.2414359817734786
    outer loop
      vertex -8.987545161008065 -8.110392640201615 6.9
      vertex -8.89 -8.52 8.5
      vertex -8.89 -8.120000000000001 6.9
    endloop
  endfacet
  facet normal 0.9286309295711297 0.2816971127806176 0.24143598177347866
    outer loop
      vertex -9.351939766255644 -7.811341716182545 6.9
      vertex -9.380392640201617 -7.717545161008064 6.9
      vertex -9.772706752362907 -7.795581289814516 8.5
    endloop
  endfacet
  facet normal 0.9657439270939189 0.09511747466313045 0.24143598177348002
    outer loop
      vertex -9.380392640201617 -7.717545161008064 6.9
      vertex -9.39 -7.62 6.9
      vertex -9.790000000000001 -7.62 8.5
    endloop
  endfacet
  facet normal 0.8558311662071557 0.45745128883147324 0.24143598177347977
    outer loop
      vertex -9.351939766255644 -7.811341716182545 6.9
      vertex -9.721491579260158 -7.964415089128581 8.5
      vertex -9.305734806151273 -7.897785116509802 6.9
    endloop
  endfacet
  facet normal 0.9657439270939189 -0.09511747466313045 0.24143598177348002
    outer loop
      vertex -9.39 -7.62 6.9
      vertex -9.380392640201617 -7.522454838991936 6.9
      vertex -9.790000000000001 -7.62 8.5
    endloop
  endfacet
  facet normal 0.9286309295711297 -0.2816971127806176 0.2414359817734786
    outer loop
      vertex -9.380392640201617 -7.522454838991936 6.9
      vertex -9.351939766255644 -7.428658283817455 6.9
      vertex -9.772706752362907 -7.444418710185484 8.5
    endloop
  endfacet
  facet normal 0.8558311662071557 -0.45745128883147324 0.24143598177347977
    outer loop
      vertex -9.351939766255644 -7.428658283817455 6.9
      vertex -9.305734806151273 -7.342214883490199 6.9
      vertex -9.721491579260158 -7.2755849108714195 8.5
    endloop
  endfacet
  facet normal -0.09511747466314789 0.9657439270939175 0.2414359817734786
    outer loop
      vertex -8.89 -8.120000000000001 6.9
      vertex -8.89 -8.52 8.5
      vertex -8.792454838991937 -8.110392640201615 6.9
    endloop
  endfacet
  facet normal -0.281697112780599 0.9286309295711351 0.24143598177347989
    outer loop
      vertex -8.792454838991937 -8.110392640201615 6.9
      vertex -8.714418710185486 -8.502706752362908 8.5
      vertex -8.698658283817455 -8.081939766255644 6.9
    endloop
  endfacet
  facet normal -0.45745128883148056 0.8558311662071518 0.24143598177347955
    outer loop
      vertex -8.698658283817455 -8.081939766255644 6.9
      vertex -8.545584910871419 -8.451491579260159 8.5
      vertex -8.6122148834902 -8.035734806151273 6.9
    endloop
  endfacet
  facet normal -0.6156258683941955 0.750142291081478 0.24143598177347894
    outer loop
      vertex -8.6122148834902 -8.035734806151273 6.9
      vertex -8.389986790282359 -8.36832265107229 8.5
      vertex -8.536446609406728 -7.973553390593274 6.9
    endloop
  endfacet
  facet normal -0.7501422910814779 0.6156258683941954 0.24143598177347972
    outer loop
      vertex -8.536446609406728 -7.973553390593274 6.9
      vertex -8.14167734892771 -8.120013209717643 8.5
      vertex -8.474265193848728 -7.897785116509802 6.9
    endloop
  endfacet
  facet normal -0.8558311662071557 0.45745128883147324 0.24143598177347972
    outer loop
      vertex -8.474265193848728 -7.897785116509802 6.9
      vertex -8.058508420739843 -7.964415089128581 8.5
      vertex -8.428060233744358 -7.811341716182545 6.9
    endloop
  endfacet
  facet normal -0.9286309295711297 0.2816971127806176 0.2414359817734786
    outer loop
      vertex -8.428060233744358 -7.811341716182545 6.9
      vertex -8.007293247637094 -7.795581289814516 8.5
      vertex -8.399607359798384 -7.717545161008064 6.9
    endloop
  endfacet
  facet normal -0.9657439270939189 0.09511747466313045 0.24143598177348002
    outer loop
      vertex -8.399607359798384 -7.717545161008064 6.9
      vertex -7.99 -7.62 8.5
      vertex -8.39 -7.62 6.9
    endloop
  endfacet
  facet normal -0.9657439270939189 -0.09511747466313045 0.24143598177348002
    outer loop
      vertex -8.39 -7.62 6.9
      vertex -7.99 -7.62 8.5
      vertex -8.399607359798384 -7.522454838991936 6.9
    endloop
  endfacet
  facet normal -0.9286309295711297 -0.2816971127806176 0.2414359817734786
    outer loop
      vertex -8.399607359798384 -7.522454838991936 6.9
      vertex -8.007293247637094 -7.444418710185484 8.5
      vertex -8.428060233744358 -7.428658283817455 6.9
    endloop
  endfacet
  facet normal -0.8558311662071557 -0.45745128883147324 0.24143598177347977
    outer loop
      vertex -8.428060233744358 -7.428658283817455 6.9
      vertex -8.058508420739843 -7.2755849108714195 8.5
      vertex -8.474265193848728 -7.342214883490199 6.9
    endloop
  endfacet
  facet normal 0.7501422910814779 -0.6156258683941954 0.24143598177347972
    outer loop
      vertex -9.305734806151273 -7.342214883490199 6.9
      vertex -9.243553390593274 -7.266446609406726 6.9
      vertex -9.638322651072292 -7.119986790282358 8.5
    endloop
  endfacet
  facet normal 0.6156258683941902 -0.7501422910814823 0.2414359817734795
    outer loop
      vertex -9.243553390593274 -7.266446609406726 6.9
      vertex -9.167785116509801 -7.204265193848728 6.9
      vertex -9.390013209717642 -6.87167734892771 8.5
    endloop
  endfacet
  facet normal 0.45745128883148056 -0.8558311662071518 0.24143598177347955
    outer loop
      vertex -9.167785116509801 -7.204265193848728 6.9
      vertex -9.081341716182546 -7.158060233744357 6.9
      vertex -9.234415089128582 -6.788508420739842 8.5
    endloop
  endfacet
  facet normal 0.2816971127806071 -0.9286309295711327 0.24143598177347975
    outer loop
      vertex -9.081341716182546 -7.158060233744357 6.9
      vertex -8.987545161008065 -7.129607359798385 6.9
      vertex -9.065581289814515 -6.737293247637092 8.5
    endloop
  endfacet
  facet normal 0.09511747466313915 -0.9657439270939181 0.2414359817734798
    outer loop
      vertex -8.987545161008065 -7.129607359798385 6.9
      vertex -8.89 -7.12 6.9
      vertex -8.89 -6.72 8.5
    endloop
  endfacet
  facet normal -0.09511747466313915 -0.9657439270939181 0.2414359817734798
    outer loop
      vertex -8.89 -7.12 6.9
      vertex -8.792454838991937 -7.129607359798385 6.9
      vertex -8.89 -6.72 8.5
    endloop
  endfacet
  facet normal -0.2816971127806071 -0.9286309295711327 0.24143598177347975
    outer loop
      vertex -8.792454838991937 -7.129607359798385 6.9
      vertex -8.698658283817455 -7.158060233744357 6.9
      vertex -8.714418710185486 -6.737293247637092 8.5
    endloop
  endfacet
  facet normal -0.6156258683941902 -0.7501422910814823 0.2414359817734795
    outer loop
      vertex -8.6122148834902 -7.204265193848728 6.9
      vertex -8.536446609406728 -7.266446609406726 6.9
      vertex -8.389986790282359 -6.87167734892771 8.5
    endloop
  endfacet
  facet normal -0.45745128883148056 -0.8558311662071518 0.24143598177347955
    outer loop
      vertex -8.6122148834902 -7.204265193848728 6.9
      vertex -8.545584910871419 -6.788508420739842 8.5
      vertex -8.698658283817455 -7.158060233744357 6.9
    endloop
  endfacet
  facet normal -0.7501422910814779 -0.6156258683941954 0.24143598177347972
    outer loop
      vertex -8.474265193848728 -7.342214883490199 6.9
      vertex -8.14167734892771 -7.119986790282358 8.5
      vertex -8.536446609406728 -7.266446609406726 6.9
    endloop
  endfacet
  facet normal 0.75014229108148 0.6156258683941928 0.24143598177348002
    outer loop
      vertex -9.243553390593274 -7.973553390593274 6.9
      vertex -9.638322651072292 -8.120013209717643 8.5
      vertex -9.526396103067894 -8.256396103067893 8.5
    endloop
  endfacet
  facet normal 0.8558311662071559 0.4574512888314724 0.24143598177347977
    outer loop
      vertex -9.305734806151273 -7.897785116509802 6.9
      vertex -9.721491579260158 -7.964415089128581 8.5
      vertex -9.638322651072292 -8.120013209717643 8.5
    endloop
  endfacet
  facet normal 0.6156258683941882 0.7501422910814839 0.24143598177347966
    outer loop
      vertex -9.243553390593274 -7.973553390593274 6.9
      vertex -9.526396103067894 -8.256396103067893 8.5
      vertex -9.390013209717642 -8.36832265107229 8.5
    endloop
  endfacet
  facet normal 0.09511747466313454 0.9657439270939185 0.24143598177347964
    outer loop
      vertex -8.987545161008065 -8.110392640201615 6.9
      vertex -9.065581289814515 -8.502706752362908 8.5
      vertex -8.89 -8.52 8.5
    endloop
  endfacet
  facet normal 0.4574512888314842 0.8558311662071499 0.2414359817734792
    outer loop
      vertex -9.167785116509801 -8.035734806151273 6.9
      vertex -9.390013209717642 -8.36832265107229 8.5
      vertex -9.234415089128582 -8.451491579260159 8.5
    endloop
  endfacet
  facet normal 0.2816971127806033 0.9286309295711339 0.24143598177347958
    outer loop
      vertex -9.081341716182546 -8.081939766255644 6.9
      vertex -9.234415089128582 -8.451491579260159 8.5
      vertex -9.065581289814515 -8.502706752362908 8.5
    endloop
  endfacet
  facet normal 0.9286309295711329 0.28169711278060594 0.24143598177347958
    outer loop
      vertex -9.351939766255644 -7.811341716182545 6.9
      vertex -9.772706752362907 -7.795581289814516 8.5
      vertex -9.721491579260158 -7.964415089128581 8.5
    endloop
  endfacet
  facet normal 0.965743927093918 0.09511747466314378 0.24143598177347897
    outer loop
      vertex -9.380392640201617 -7.717545161008064 6.9
      vertex -9.790000000000001 -7.62 8.5
      vertex -9.772706752362907 -7.795581289814516 8.5
    endloop
  endfacet
  facet normal 0.965743927093918 -0.09511747466314371 0.24143598177347897
    outer loop
      vertex -9.380392640201617 -7.522454838991936 6.9
      vertex -9.772706752362907 -7.444418710185484 8.5
      vertex -9.790000000000001 -7.62 8.5
    endloop
  endfacet
  facet normal 0.928630929571133 -0.2816971127806057 0.24143598177347964
    outer loop
      vertex -9.351939766255644 -7.428658283817455 6.9
      vertex -9.721491579260158 -7.2755849108714195 8.5
      vertex -9.772706752362907 -7.444418710185484 8.5
    endloop
  endfacet
  facet normal -0.09511747466313433 0.9657439270939187 0.24143598177347966
    outer loop
      vertex -8.792454838991937 -8.110392640201615 6.9
      vertex -8.89 -8.52 8.5
      vertex -8.714418710185486 -8.502706752362908 8.5
    endloop
  endfacet
  facet normal -0.281697112780603 0.9286309295711339 0.24143598177347958
    outer loop
      vertex -8.698658283817455 -8.081939766255644 6.9
      vertex -8.714418710185486 -8.502706752362908 8.5
      vertex -8.545584910871419 -8.451491579260159 8.5
    endloop
  endfacet
  facet normal -0.45745128883148406 0.85583116620715 0.24143598177347925
    outer loop
      vertex -8.6122148834902 -8.035734806151273 6.9
      vertex -8.545584910871419 -8.451491579260159 8.5
      vertex -8.389986790282359 -8.36832265107229 8.5
    endloop
  endfacet
  facet normal -0.6156258683941881 0.750142291081484 0.24143598177347975
    outer loop
      vertex -8.536446609406728 -7.973553390593274 6.9
      vertex -8.389986790282359 -8.36832265107229 8.5
      vertex -8.253603896932107 -8.256396103067893 8.5
    endloop
  endfacet
  facet normal -0.75014229108148 0.6156258683941929 0.24143598177348002
    outer loop
      vertex -8.536446609406728 -7.973553390593274 6.9
      vertex -8.253603896932107 -8.256396103067893 8.5
      vertex -8.14167734892771 -8.120013209717643 8.5
    endloop
  endfacet
  facet normal -0.8558311662071559 0.4574512888314724 0.24143598177347977
    outer loop
      vertex -8.474265193848728 -7.897785116509802 6.9
      vertex -8.14167734892771 -8.120013209717643 8.5
      vertex -8.058508420739843 -7.964415089128581 8.5
    endloop
  endfacet
  facet normal -0.928630929571133 0.2816971127806057 0.24143598177347964
    outer loop
      vertex -8.428060233744358 -7.811341716182545 6.9
      vertex -8.058508420739843 -7.964415089128581 8.5
      vertex -8.007293247637094 -7.795581289814516 8.5
    endloop
  endfacet
  facet normal -0.965743927093918 0.09511747466314371 0.24143598177347897
    outer loop
      vertex -8.399607359798384 -7.717545161008064 6.9
      vertex -8.007293247637094 -7.795581289814516 8.5
      vertex -7.99 -7.62 8.5
    endloop
  endfacet
  facet normal -0.965743927093918 -0.09511747466314378 0.24143598177347897
    outer loop
      vertex -8.399607359798384 -7.522454838991936 6.9
      vertex -7.99 -7.62 8.5
      vertex -8.007293247637094 -7.444418710185484 8.5
    endloop
  endfacet
  facet normal -0.9286309295711329 -0.28169711278060594 0.24143598177347958
    outer loop
      vertex -8.428060233744358 -7.428658283817455 6.9
      vertex -8.007293247637094 -7.444418710185484 8.5
      vertex -8.058508420739843 -7.2755849108714195 8.5
    endloop
  endfacet
  facet normal 0.8558311662071559 -0.4574512888314724 0.24143598177347977
    outer loop
      vertex -9.305734806151273 -7.342214883490199 6.9
      vertex -9.638322651072292 -7.119986790282358 8.5
      vertex -9.721491579260158 -7.2755849108714195 8.5
    endloop
  endfacet
  facet normal 0.75014229108148 -0.6156258683941929 0.24143598177348002
    outer loop
      vertex -9.243553390593274 -7.266446609406726 6.9
      vertex -9.526396103067894 -6.983603896932108 8.5
      vertex -9.638322651072292 -7.119986790282358 8.5
    endloop
  endfacet
  facet normal 0.6156258683941881 -0.750142291081484 0.24143598177347975
    outer loop
      vertex -9.243553390593274 -7.266446609406726 6.9
      vertex -9.390013209717642 -6.87167734892771 8.5
      vertex -9.526396103067894 -6.983603896932108 8.5
    endloop
  endfacet
  facet normal 0.4574512888314804 -0.8558311662071518 0.24143598177347952
    outer loop
      vertex -9.167785116509801 -7.204265193848728 6.9
      vertex -9.234415089128582 -6.788508420739842 8.5
      vertex -9.390013209717642 -6.87167734892771 8.5
    endloop
  endfacet
  facet normal 0.2816971127806075 -0.9286309295711325 0.2414359817734797
    outer loop
      vertex -9.081341716182546 -7.158060233744357 6.9
      vertex -9.065581289814515 -6.737293247637092 8.5
      vertex -9.234415089128582 -6.788508420739842 8.5
    endloop
  endfacet
  facet normal 0.09511747466313918 -0.9657439270939181 0.24143598177347977
    outer loop
      vertex -8.987545161008065 -7.129607359798385 6.9
      vertex -8.89 -6.72 8.5
      vertex -9.065581289814515 -6.737293247637092 8.5
    endloop
  endfacet
  facet normal -0.4574512888314804 -0.8558311662071518 0.24143598177347952
    outer loop
      vertex -8.6122148834902 -7.204265193848728 6.9
      vertex -8.389986790282359 -6.87167734892771 8.5
      vertex -8.545584910871419 -6.788508420739842 8.5
    endloop
  endfacet
  facet normal -0.09511747466313945 -0.965743927093918 0.24143598177347972
    outer loop
      vertex -8.792454838991937 -7.129607359798385 6.9
      vertex -8.714418710185486 -6.737293247637092 8.5
      vertex -8.89 -6.72 8.5
    endloop
  endfacet
  facet normal -0.28169711278060744 -0.9286309295711325 0.2414359817734797
    outer loop
      vertex -8.698658283817455 -7.158060233744357 6.9
      vertex -8.545584910871419 -6.788508420739842 8.5
      vertex -8.714418710185486 -6.737293247637092 8.5
    endloop
  endfacet
  facet normal -0.75014229108148 -0.6156258683941928 0.24143598177348002
    outer loop
      vertex -8.536446609406728 -7.266446609406726 6.9
      vertex -8.14167734892771 -7.119986790282358 8.5
      vertex -8.253603896932107 -6.983603896932108 8.5
    endloop
  endfacet
  facet normal -0.6156258683941882 -0.7501422910814839 0.24143598177347966
    outer loop
      vertex -8.536446609406728 -7.266446609406726 6.9
      vertex -8.253603896932107 -6.983603896932108 8.5
      vertex -8.389986790282359 -6.87167734892771 8.5
    endloop
  endfacet
  facet normal -0.8558311662071559 -0.4574512888314724 0.24143598177347977
    outer loop
      vertex -8.474265193848728 -7.342214883490199 6.9
      vertex -8.058508420739843 -7.2755849108714195 8.5
      vertex -8.14167734892771 -7.119986790282358 8.5
    endloop
  endfacet
  facet normal 0.6343932841636498 0.7730104533627333 0
    outer loop
      vertex -6.7035533905932745 -7.973553390593274 6.9
      vertex -6.627785116509802 -8.035734806151273 0
      vertex -6.7035533905932745 -7.973553390593274 0
    endloop
  endfacet
  facet normal 0.4713967368259941 0.8819212643483569 0
    outer loop
      vertex -6.627785116509802 -8.035734806151273 6.9
      vertex -6.541341716182545 -8.081939766255644 0
      vertex -6.627785116509802 -8.035734806151273 0
    endloop
  endfacet
  facet normal 0.290284677254457 0.9569403357322105 0
    outer loop
      vertex -6.541341716182545 -8.081939766255644 6.9
      vertex -6.4475451610080645 -8.110392640201615 0
      vertex -6.541341716182545 -8.081939766255644 0
    endloop
  endfacet
  facet normal 0.8819212643483569 0.4713967368259941 0
    outer loop
      vertex -6.811939766255644 -7.811341716182545 6.9
      vertex -6.765734806151273 -7.897785116509802 0
      vertex -6.811939766255644 -7.811341716182545 0
    endloop
  endfacet
  facet normal 0.7730104533627378 0.6343932841636445 0
    outer loop
      vertex -6.765734806151273 -7.897785116509802 6.9
      vertex -6.7035533905932745 -7.973553390593274 0
      vertex -6.765734806151273 -7.897785116509802 0
    endloop
  endfacet
  facet normal 0.956940335732208 0.2902846772544653 0
    outer loop
      vertex -6.840392640201616 -7.717545161008064 6.9
      vertex -6.811939766255644 -7.811341716182545 0
      vertex -6.840392640201616 -7.717545161008064 0
    endloop
  endfacet
  facet normal 0.9951847266721969 0.09801714032956084 0
    outer loop
      vertex -6.8500000000000005 -7.62 6.9
      vertex -6.840392640201616 -7.717545161008064 0
      vertex -6.8500000000000005 -7.62 0
    endloop
  endfacet
  facet normal 0.9951847266721969 -0.09801714032956084 0
    outer loop
      vertex -6.840392640201616 -7.522454838991936 6.9
      vertex -6.8500000000000005 -7.62 0
      vertex -6.840392640201616 -7.522454838991936 0
    endloop
  endfacet
  facet normal 0.956940335732208 -0.2902846772544653 0
    outer loop
      vertex -6.811939766255644 -7.428658283817455 6.9
      vertex -6.840392640201616 -7.522454838991936 0
      vertex -6.811939766255644 -7.428658283817455 0
    endloop
  endfacet
  facet normal 0.8819212643483569 -0.4713967368259941 0
    outer loop
      vertex -6.765734806151273 -7.342214883490199 6.9
      vertex -6.811939766255644 -7.428658283817455 0
      vertex -6.765734806151273 -7.342214883490199 0
    endloop
  endfacet
  facet normal 0.7730104533627378 -0.6343932841636445 0
    outer loop
      vertex -6.7035533905932745 -7.266446609406726 6.9
      vertex -6.765734806151273 -7.342214883490199 0
      vertex -6.7035533905932745 -7.266446609406726 0
    endloop
  endfacet
  facet normal 0.6343932841636445 -0.7730104533627378 0
    outer loop
      vertex -6.627785116509802 -7.204265193848728 6.9
      vertex -6.7035533905932745 -7.266446609406726 0
      vertex -6.627785116509802 -7.204265193848728 0
    endloop
  endfacet
  facet normal 0.4713967368259941 -0.8819212643483569 0
    outer loop
      vertex -6.541341716182545 -7.158060233744357 6.9
      vertex -6.627785116509802 -7.204265193848728 0
      vertex -6.541341716182545 -7.158060233744357 0
    endloop
  endfacet
  facet normal 0.2902846772544653 -0.956940335732208 0
    outer loop
      vertex -6.4475451610080645 -7.129607359798385 6.9
      vertex -6.541341716182545 -7.158060233744357 0
      vertex -6.4475451610080645 -7.129607359798385 0
    endloop
  endfacet
  facet normal 0.09801714032956982 0.9951847266721959 0
    outer loop
      vertex -6.4475451610080645 -8.110392640201615 6.9
      vertex -6.3500000000000005 -8.120000000000001 0
      vertex -6.4475451610080645 -8.110392640201615 0
    endloop
  endfacet
  facet normal -0.09801714032956982 0.9951847266721959 0
    outer loop
      vertex -6.3500000000000005 -8.120000000000001 6.9
      vertex -6.2524548389919365 -8.110392640201615 0
      vertex -6.3500000000000005 -8.120000000000001 0
    endloop
  endfacet
  facet normal -0.290284677254457 0.9569403357322105 0
    outer loop
      vertex -6.2524548389919365 -8.110392640201615 6.9
      vertex -6.158658283817456 -8.081939766255644 0
      vertex -6.2524548389919365 -8.110392640201615 0
    endloop
  endfacet
  facet normal -0.4713967368259941 0.8819212643483569 0
    outer loop
      vertex -6.158658283817456 -8.081939766255644 6.9
      vertex -6.072214883490199 -8.035734806151273 0
      vertex -6.158658283817456 -8.081939766255644 0
    endloop
  endfacet
  facet normal -0.6343932841636498 0.7730104533627333 0
    outer loop
      vertex -6.072214883490199 -8.035734806151273 6.9
      vertex -5.996446609406727 -7.973553390593274 0
      vertex -6.072214883490199 -8.035734806151273 0
    endloop
  endfacet
  facet normal -0.7730104533627378 0.6343932841636445 0
    outer loop
      vertex -5.996446609406727 -7.973553390593274 6.9
      vertex -5.934265193848728 -7.897785116509802 0
      vertex -5.996446609406727 -7.973553390593274 0
    endloop
  endfacet
  facet normal -0.8819212643483569 0.4713967368259941 0
    outer loop
      vertex -5.934265193848728 -7.897785116509802 6.9
      vertex -5.8880602337443575 -7.811341716182545 0
      vertex -5.934265193848728 -7.897785116509802 0
    endloop
  endfacet
  facet normal -0.956940335732208 0.2902846772544653 0
    outer loop
      vertex -5.8880602337443575 -7.811341716182545 6.9
      vertex -5.859607359798385 -7.717545161008064 0
      vertex -5.8880602337443575 -7.811341716182545 0
    endloop
  endfacet
  facet normal -0.9951847266721969 0.09801714032956084 0
    outer loop
      vertex -5.859607359798385 -7.717545161008064 6.9
      vertex -5.8500000000000005 -7.62 0
      vertex -5.859607359798385 -7.717545161008064 0
    endloop
  endfacet
  facet normal -0.9951847266721969 -0.09801714032956084 0
    outer loop
      vertex -5.8500000000000005 -7.62 6.9
      vertex -5.859607359798385 -7.522454838991936 0
      vertex -5.8500000000000005 -7.62 0
    endloop
  endfacet
  facet normal -0.956940335732208 -0.2902846772544653 0
    outer loop
      vertex -5.859607359798385 -7.522454838991936 6.9
      vertex -5.8880602337443575 -7.428658283817455 0
      vertex -5.859607359798385 -7.522454838991936 0
    endloop
  endfacet
  facet normal -0.7730104533627378 -0.6343932841636445 0
    outer loop
      vertex -5.934265193848728 -7.342214883490199 6.9
      vertex -5.996446609406727 -7.266446609406726 0
      vertex -5.934265193848728 -7.342214883490199 0
    endloop
  endfacet
  facet normal -0.8819212643483569 -0.4713967368259941 0
    outer loop
      vertex -5.8880602337443575 -7.428658283817455 6.9
      vertex -5.934265193848728 -7.342214883490199 0
      vertex -5.8880602337443575 -7.428658283817455 0
    endloop
  endfacet
  facet normal 0.09801714032956084 -0.9951847266721969 0
    outer loop
      vertex -6.3500000000000005 -7.12 6.9
      vertex -6.4475451610080645 -7.129607359798385 0
      vertex -6.3500000000000005 -7.12 0
    endloop
  endfacet
  facet normal -0.09801714032956084 -0.9951847266721969 0
    outer loop
      vertex -6.2524548389919365 -7.129607359798385 6.9
      vertex -6.3500000000000005 -7.12 0
      vertex -6.2524548389919365 -7.129607359798385 0
    endloop
  endfacet
  facet normal -0.2902846772544653 -0.956940335732208 0
    outer loop
      vertex -6.158658283817456 -7.158060233744357 6.9
      vertex -6.2524548389919365 -7.129607359798385 0
      vertex -6.158658283817456 -7.158060233744357 0
    endloop
  endfacet
  facet normal -0.4713967368259941 -0.8819212643483569 0
    outer loop
      vertex -6.072214883490199 -7.204265193848728 6.9
      vertex -6.158658283817456 -7.158060233744357 0
      vertex -6.072214883490199 -7.204265193848728 0
    endloop
  endfacet
  facet normal -0.6343932841636445 -0.7730104533627378 0
    outer loop
      vertex -5.996446609406727 -7.266446609406726 6.9
      vertex -6.072214883490199 -7.204265193848728 0
      vertex -5.996446609406727 -7.266446609406726 0
    endloop
  endfacet
  facet normal 0.6343932841636498 0.7730104533627333 0
    outer loop
      vertex -6.627785116509802 -8.035734806151273 6.9
      vertex -6.627785116509802 -8.035734806151273 0
      vertex -6.7035533905932745 -7.973553390593274 6.9
    endloop
  endfacet
  facet normal 0.4713967368259941 0.8819212643483569 8.954796002950964e-21
    outer loop
      vertex -6.627785116509802 -8.035734806151273 6.9
      vertex -6.541341716182545 -8.081939766255644 6.9
      vertex -6.541341716182545 -8.081939766255644 0
    endloop
  endfacet
  facet normal 0.290284677254457 0.9569403357322105 -2.820075345859177e-19
    outer loop
      vertex -6.541341716182545 -8.081939766255644 6.9
      vertex -6.4475451610080645 -8.110392640201615 6.9
      vertex -6.4475451610080645 -8.110392640201615 0
    endloop
  endfacet
  facet normal 0.8819212643483569 0.4713967368259941 0
    outer loop
      vertex -6.765734806151273 -7.897785116509802 6.9
      vertex -6.765734806151273 -7.897785116509802 0
      vertex -6.811939766255644 -7.811341716182545 6.9
    endloop
  endfacet
  facet normal 0.7730104533627378 0.6343932841636445 -7.417959729632666e-20
    outer loop
      vertex -6.765734806151273 -7.897785116509802 6.9
      vertex -6.7035533905932745 -7.973553390593274 6.9
      vertex -6.7035533905932745 -7.973553390593274 0
    endloop
  endfacet
  facet normal 0.956940335732208 0.2902846772544653 0
    outer loop
      vertex -6.811939766255644 -7.811341716182545 6.9
      vertex -6.811939766255644 -7.811341716182545 0
      vertex -6.840392640201616 -7.717545161008064 6.9
    endloop
  endfacet
  facet normal 0.9951847266721969 0.09801714032956084 0
    outer loop
      vertex -6.840392640201616 -7.717545161008064 6.9
      vertex -6.840392640201616 -7.717545161008064 0
      vertex -6.8500000000000005 -7.62 6.9
    endloop
  endfacet
  facet normal 0.9951847266721969 -0.09801714032956084 0
    outer loop
      vertex -6.8500000000000005 -7.62 6.9
      vertex -6.8500000000000005 -7.62 0
      vertex -6.840392640201616 -7.522454838991936 6.9
    endloop
  endfacet
  facet normal 0.956940335732208 -0.2902846772544653 0
    outer loop
      vertex -6.840392640201616 -7.522454838991936 6.9
      vertex -6.840392640201616 -7.522454838991936 0
      vertex -6.811939766255644 -7.428658283817455 6.9
    endloop
  endfacet
  facet normal 0.8819212643483569 -0.4713967368259941 0
    outer loop
      vertex -6.811939766255644 -7.428658283817455 6.9
      vertex -6.811939766255644 -7.428658283817455 0
      vertex -6.765734806151273 -7.342214883490199 6.9
    endloop
  endfacet
  facet normal 0.7730104533627378 -0.6343932841636445 0
    outer loop
      vertex -6.765734806151273 -7.342214883490199 6.9
      vertex -6.765734806151273 -7.342214883490199 0
      vertex -6.7035533905932745 -7.266446609406726 6.9
    endloop
  endfacet
  facet normal 0.6343932841636445 -0.7730104533627378 0
    outer loop
      vertex -6.7035533905932745 -7.266446609406726 6.9
      vertex -6.7035533905932745 -7.266446609406726 0
      vertex -6.627785116509802 -7.204265193848728 6.9
    endloop
  endfacet
  facet normal 0.4713967368259941 -0.8819212643483569 0
    outer loop
      vertex -6.627785116509802 -7.204265193848728 6.9
      vertex -6.627785116509802 -7.204265193848728 0
      vertex -6.541341716182545 -7.158060233744357 6.9
    endloop
  endfacet
  facet normal 0.2902846772544653 -0.956940335732208 0
    outer loop
      vertex -6.541341716182545 -7.158060233744357 6.9
      vertex -6.541341716182545 -7.158060233744357 0
      vertex -6.4475451610080645 -7.129607359798385 6.9
    endloop
  endfacet
  facet normal 0.09801714032956982 0.9951847266721959 -6.760663378098597e-20
    outer loop
      vertex -6.4475451610080645 -8.110392640201615 6.9
      vertex -6.3500000000000005 -8.120000000000001 6.9
      vertex -6.3500000000000005 -8.120000000000001 0
    endloop
  endfacet
  facet normal -0.09801714032956982 0.9951847266721959 6.760663378098597e-20
    outer loop
      vertex -6.3500000000000005 -8.120000000000001 6.9
      vertex -6.2524548389919365 -8.110392640201615 6.9
      vertex -6.2524548389919365 -8.110392640201615 0
    endloop
  endfacet
  facet normal -0.290284677254457 0.9569403357322105 2.820075345859177e-19
    outer loop
      vertex -6.2524548389919365 -8.110392640201615 6.9
      vertex -6.158658283817456 -8.081939766255644 6.9
      vertex -6.158658283817456 -8.081939766255644 0
    endloop
  endfacet
  facet normal -0.4713967368259941 0.8819212643483569 -8.954796002950964e-21
    outer loop
      vertex -6.158658283817456 -8.081939766255644 6.9
      vertex -6.072214883490199 -8.035734806151273 6.9
      vertex -6.072214883490199 -8.035734806151273 0
    endloop
  endfacet
  facet normal -0.6343932841636498 0.7730104533627333 -4.558513674827826e-19
    outer loop
      vertex -6.072214883490199 -8.035734806151273 6.9
      vertex -5.996446609406727 -7.973553390593274 6.9
      vertex -5.996446609406727 -7.973553390593274 0
    endloop
  endfacet
  facet normal -0.7730104533627378 0.6343932841636445 7.417959729632666e-20
    outer loop
      vertex -5.996446609406727 -7.973553390593274 6.9
      vertex -5.934265193848728 -7.897785116509802 6.9
      vertex -5.934265193848728 -7.897785116509802 0
    endloop
  endfacet
  facet normal -0.8819212643483569 0.4713967368259941 -8.954796002950964e-21
    outer loop
      vertex -5.934265193848728 -7.897785116509802 6.9
      vertex -5.8880602337443575 -7.811341716182545 6.9
      vertex -5.8880602337443575 -7.811341716182545 0
    endloop
  endfacet
  facet normal -0.956940335732208 0.2902846772544653 -2.980914899402578e-19
    outer loop
      vertex -5.8880602337443575 -7.811341716182545 6.9
      vertex -5.859607359798385 -7.717545161008064 6.9
      vertex -5.859607359798385 -7.717545161008064 0
    endloop
  endfacet
  facet normal -0.9951847266721969 0.09801714032956084 5.318535846983332e-20
    outer loop
      vertex -5.859607359798385 -7.717545161008064 6.9
      vertex -5.8500000000000005 -7.62 6.9
      vertex -5.8500000000000005 -7.62 0
    endloop
  endfacet
  facet normal -0.9951847266721969 -0.09801714032956084 -5.318535846983332e-20
    outer loop
      vertex -5.8500000000000005 -7.62 6.9
      vertex -5.859607359798385 -7.522454838991936 6.9
      vertex -5.859607359798385 -7.522454838991936 0
    endloop
  endfacet
  facet normal -0.956940335732208 -0.2902846772544653 2.980914899402578e-19
    outer loop
      vertex -5.859607359798385 -7.522454838991936 6.9
      vertex -5.8880602337443575 -7.428658283817455 6.9
      vertex -5.8880602337443575 -7.428658283817455 0
    endloop
  endfacet
  facet normal -0.7730104533627378 -0.6343932841636445 0
    outer loop
      vertex -5.996446609406727 -7.266446609406726 6.9
      vertex -5.996446609406727 -7.266446609406726 0
      vertex -5.934265193848728 -7.342214883490199 6.9
    endloop
  endfacet
  facet normal -0.8819212643483569 -0.4713967368259941 0
    outer loop
      vertex -5.934265193848728 -7.342214883490199 6.9
      vertex -5.934265193848728 -7.342214883490199 0
      vertex -5.8880602337443575 -7.428658283817455 6.9
    endloop
  endfacet
  facet normal 0.09801714032956084 -0.9951847266721969 0
    outer loop
      vertex -6.4475451610080645 -7.129607359798385 6.9
      vertex -6.4475451610080645 -7.129607359798385 0
      vertex -6.3500000000000005 -7.12 6.9
    endloop
  endfacet
  facet normal -0.09801714032956084 -0.9951847266721969 0
    outer loop
      vertex -6.3500000000000005 -7.12 6.9
      vertex -6.3500000000000005 -7.12 0
      vertex -6.2524548389919365 -7.129607359798385 6.9
    endloop
  endfacet
  facet normal -0.2902846772544653 -0.956940335732208 0
    outer loop
      vertex -6.2524548389919365 -7.129607359798385 6.9
      vertex -6.2524548389919365 -7.129607359798385 0
      vertex -6.158658283817456 -7.158060233744357 6.9
    endloop
  endfacet
  facet normal -0.4713967368259941 -0.8819212643483569 0
    outer loop
      vertex -6.158658283817456 -7.158060233744357 6.9
      vertex -6.158658283817456 -7.158060233744357 0
      vertex -6.072214883490199 -7.204265193848728 6.9
    endloop
  endfacet
  facet normal -0.6343932841636445 -0.7730104533627378 0
    outer loop
      vertex -6.072214883490199 -7.204265193848728 6.9
      vertex -6.072214883490199 -7.204265193848728 0
      vertex -5.996446609406727 -7.266446609406726 6.9
    endloop
  endfacet
  facet normal 0.7501422910814823 0.6156258683941902 0.2414359817734795
    outer loop
      vertex -6.765734806151273 -7.897785116509802 6.9
      vertex -7.098322651072291 -8.120013209717643 8.5
      vertex -6.7035533905932745 -7.973553390593274 6.9
    endloop
  endfacet
  facet normal 0.6156258683941955 0.750142291081478 0.24143598177347894
    outer loop
      vertex -6.627785116509802 -8.035734806151273 6.9
      vertex -6.7035533905932745 -7.973553390593274 6.9
      vertex -6.850013209717643 -8.36832265107229 8.5
    endloop
  endfacet
  facet normal 0.45745128883147324 0.8558311662071557 0.24143598177347977
    outer loop
      vertex -6.627785116509802 -8.035734806151273 6.9
      vertex -6.694415089128581 -8.451491579260159 8.5
      vertex -6.541341716182545 -8.081939766255644 6.9
    endloop
  endfacet
  facet normal 0.28169711278060144 0.9286309295711344 0.24143598177348002
    outer loop
      vertex -6.541341716182545 -8.081939766255644 6.9
      vertex -6.525581289814516 -8.502706752362908 8.5
      vertex -6.4475451610080645 -8.110392640201615 6.9
    endloop
  endfacet
  facet normal 0.8558311662071557 0.45745128883147324 0.24143598177347977
    outer loop
      vertex -6.765734806151273 -7.897785116509802 6.9
      vertex -6.811939766255644 -7.811341716182545 6.9
      vertex -7.181491579260158 -7.964415089128581 8.5
    endloop
  endfacet
  facet normal 0.9286309295711319 0.28169711278060955 0.24143598177347983
    outer loop
      vertex -6.811939766255644 -7.811341716182545 6.9
      vertex -6.840392640201616 -7.717545161008064 6.9
      vertex -7.232706752362908 -7.795581289814516 8.5
    endloop
  endfacet
  facet normal 0.9657439270939181 0.09511747466313915 0.24143598177347977
    outer loop
      vertex -6.840392640201616 -7.717545161008064 6.9
      vertex -6.8500000000000005 -7.62 6.9
      vertex -7.250000000000001 -7.62 8.5
    endloop
  endfacet
  facet normal 0.9657439270939181 -0.09511747466313915 0.2414359817734798
    outer loop
      vertex -6.8500000000000005 -7.62 6.9
      vertex -6.840392640201616 -7.522454838991936 6.9
      vertex -7.250000000000001 -7.62 8.5
    endloop
  endfacet
  facet normal 0.9286309295711319 -0.28169711278060955 0.2414359817734798
    outer loop
      vertex -6.840392640201616 -7.522454838991936 6.9
      vertex -6.811939766255644 -7.428658283817455 6.9
      vertex -7.232706752362908 -7.444418710185484 8.5
    endloop
  endfacet
  facet normal 0.8558311662071557 -0.45745128883147324 0.24143598177347977
    outer loop
      vertex -6.811939766255644 -7.428658283817455 6.9
      vertex -6.765734806151273 -7.342214883490199 6.9
      vertex -7.181491579260158 -7.2755849108714195 8.5
    endloop
  endfacet
  facet normal 0.7501422910814823 -0.6156258683941902 0.2414359817734795
    outer loop
      vertex -6.765734806151273 -7.342214883490199 6.9
      vertex -6.7035533905932745 -7.266446609406726 6.9
      vertex -7.098322651072291 -7.119986790282358 8.5
    endloop
  endfacet
  facet normal 0.6156258683941902 -0.7501422910814823 0.2414359817734795
    outer loop
      vertex -6.7035533905932745 -7.266446609406726 6.9
      vertex -6.627785116509802 -7.204265193848728 6.9
      vertex -6.850013209717643 -6.87167734892771 8.5
    endloop
  endfacet
  facet normal 0.45745128883147324 -0.8558311662071557 0.24143598177347972
    outer loop
      vertex -6.627785116509802 -7.204265193848728 6.9
      vertex -6.541341716182545 -7.158060233744357 6.9
      vertex -6.694415089128581 -6.788508420739842 8.5
    endloop
  endfacet
  facet normal 0.28169711278060955 -0.9286309295711319 0.2414359817734798
    outer loop
      vertex -6.541341716182545 -7.158060233744357 6.9
      vertex -6.4475451610080645 -7.129607359798385 6.9
      vertex -6.525581289814516 -6.737293247637092 8.5
    endloop
  endfacet
  facet normal 0.855831166207154 0.4574512888314763 0.2414359817734794
    outer loop
      vertex -6.765734806151273 -7.897785116509802 6.9
      vertex -7.181491579260158 -7.964415089128581 8.5
      vertex -7.098322651072291 -8.120013209717643 8.5
    endloop
  endfacet
  facet normal 0.75014229108148 0.615625868394193 0.24143598177347916
    outer loop
      vertex -6.7035533905932745 -7.973553390593274 6.9
      vertex -7.098322651072291 -8.120013209717643 8.5
      vertex -6.986396103067893 -8.256396103067893 8.5
    endloop
  endfacet
  facet normal 0.615625868394193 0.75014229108148 0.24143598177347916
    outer loop
      vertex -6.7035533905932745 -7.973553390593274 6.9
      vertex -6.986396103067893 -8.256396103067893 8.5
      vertex -6.850013209717643 -8.36832265107229 8.5
    endloop
  endfacet
  facet normal 0.4574512888314801 0.855831166207152 0.24143598177347905
    outer loop
      vertex -6.627785116509802 -8.035734806151273 6.9
      vertex -6.850013209717643 -8.36832265107229 8.5
      vertex -6.694415089128581 -8.451491579260159 8.5
    endloop
  endfacet
  facet normal 0.28169711278060594 0.9286309295711329 0.24143598177347958
    outer loop
      vertex -6.541341716182545 -8.081939766255644 6.9
      vertex -6.694415089128581 -8.451491579260159 8.5
      vertex -6.525581289814516 -8.502706752362908 8.5
    endloop
  endfacet
  facet normal 0.9286309295711317 0.2816971127806101 0.2414359817734797
    outer loop
      vertex -6.811939766255644 -7.811341716182545 6.9
      vertex -7.232706752362908 -7.795581289814516 8.5
      vertex -7.181491579260158 -7.964415089128581 8.5
    endloop
  endfacet
  facet normal 0.9657439270939181 0.095117474663139 0.24143598177347986
    outer loop
      vertex -6.840392640201616 -7.717545161008064 6.9
      vertex -7.250000000000001 -7.62 8.5
      vertex -7.232706752362908 -7.795581289814516 8.5
    endloop
  endfacet
  facet normal 0.9657439270939181 -0.0951174746631387 0.24143598177347983
    outer loop
      vertex -6.840392640201616 -7.522454838991936 6.9
      vertex -7.232706752362908 -7.444418710185484 8.5
      vertex -7.250000000000001 -7.62 8.5
    endloop
  endfacet
  facet normal 0.9286309295711317 -0.28169711278061016 0.24143598177347975
    outer loop
      vertex -6.811939766255644 -7.428658283817455 6.9
      vertex -7.181491579260158 -7.2755849108714195 8.5
      vertex -7.232706752362908 -7.444418710185484 8.5
    endloop
  endfacet
  facet normal 0.855831166207154 -0.4574512888314763 0.2414359817734794
    outer loop
      vertex -6.765734806151273 -7.342214883490199 6.9
      vertex -7.098322651072291 -7.119986790282358 8.5
      vertex -7.181491579260158 -7.2755849108714195 8.5
    endloop
  endfacet
  facet normal 0.7501422910814801 -0.6156258683941929 0.2414359817734792
    outer loop
      vertex -6.7035533905932745 -7.266446609406726 6.9
      vertex -6.986396103067893 -6.983603896932108 8.5
      vertex -7.098322651072291 -7.119986790282358 8.5
    endloop
  endfacet
  facet normal 0.6156258683941929 -0.7501422910814801 0.2414359817734792
    outer loop
      vertex -6.7035533905932745 -7.266446609406726 6.9
      vertex -6.850013209717643 -6.87167734892771 8.5
      vertex -6.986396103067893 -6.983603896932108 8.5
    endloop
  endfacet
  facet normal 0.4574512888314763 -0.855831166207154 0.2414359817734794
    outer loop
      vertex -6.627785116509802 -7.204265193848728 6.9
      vertex -6.694415089128581 -6.788508420739842 8.5
      vertex -6.850013209717643 -6.87167734892771 8.5
    endloop
  endfacet
  facet normal 0.28169711278061016 -0.9286309295711317 0.24143598177347975
    outer loop
      vertex -6.541341716182545 -7.158060233744357 6.9
      vertex -6.525581289814516 -6.737293247637092 8.5
      vertex -6.694415089128581 -6.788508420739842 8.5
    endloop
  endfacet
  facet normal 0.09511747466314789 0.9657439270939175 0.2414359817734786
    outer loop
      vertex -6.4475451610080645 -8.110392640201615 6.9
      vertex -6.3500000000000005 -8.52 8.5
      vertex -6.3500000000000005 -8.120000000000001 6.9
    endloop
  endfacet
  facet normal -0.09511747466314789 0.9657439270939175 0.2414359817734786
    outer loop
      vertex -6.3500000000000005 -8.120000000000001 6.9
      vertex -6.3500000000000005 -8.52 8.5
      vertex -6.2524548389919365 -8.110392640201615 6.9
    endloop
  endfacet
  facet normal -0.28169711278060144 0.9286309295711344 0.24143598177348
    outer loop
      vertex -6.2524548389919365 -8.110392640201615 6.9
      vertex -6.174418710185485 -8.502706752362908 8.5
      vertex -6.158658283817456 -8.081939766255644 6.9
    endloop
  endfacet
  facet normal -0.45745128883147324 0.8558311662071557 0.24143598177347977
    outer loop
      vertex -6.158658283817456 -8.081939766255644 6.9
      vertex -6.00558491087142 -8.451491579260159 8.5
      vertex -6.072214883490199 -8.035734806151273 6.9
    endloop
  endfacet
  facet normal -0.6156258683941955 0.750142291081478 0.24143598177347894
    outer loop
      vertex -6.072214883490199 -8.035734806151273 6.9
      vertex -5.849986790282358 -8.36832265107229 8.5
      vertex -5.996446609406727 -7.973553390593274 6.9
    endloop
  endfacet
  facet normal -0.7501422910814823 0.6156258683941902 0.2414359817734795
    outer loop
      vertex -5.996446609406727 -7.973553390593274 6.9
      vertex -5.60167734892771 -8.120013209717643 8.5
      vertex -5.934265193848728 -7.897785116509802 6.9
    endloop
  endfacet
  facet normal -0.8558311662071557 0.45745128883147324 0.24143598177347972
    outer loop
      vertex -5.934265193848728 -7.897785116509802 6.9
      vertex -5.518508420739843 -7.964415089128581 8.5
      vertex -5.8880602337443575 -7.811341716182545 6.9
    endloop
  endfacet
  facet normal -0.9286309295711319 0.28169711278060955 0.2414359817734798
    outer loop
      vertex -5.8880602337443575 -7.811341716182545 6.9
      vertex -5.467293247637093 -7.795581289814516 8.5
      vertex -5.859607359798385 -7.717545161008064 6.9
    endloop
  endfacet
  facet normal -0.9657439270939181 0.09511747466313915 0.2414359817734798
    outer loop
      vertex -5.859607359798385 -7.717545161008064 6.9
      vertex -5.45 -7.62 8.5
      vertex -5.8500000000000005 -7.62 6.9
    endloop
  endfacet
  facet normal -0.9657439270939181 -0.09511747466313915 0.2414359817734798
    outer loop
      vertex -5.8500000000000005 -7.62 6.9
      vertex -5.45 -7.62 8.5
      vertex -5.859607359798385 -7.522454838991936 6.9
    endloop
  endfacet
  facet normal -0.9286309295711319 -0.28169711278060955 0.2414359817734798
    outer loop
      vertex -5.859607359798385 -7.522454838991936 6.9
      vertex -5.467293247637093 -7.444418710185484 8.5
      vertex -5.8880602337443575 -7.428658283817455 6.9
    endloop
  endfacet
  facet normal -0.8558311662071557 -0.45745128883147324 0.24143598177347977
    outer loop
      vertex -5.934265193848728 -7.342214883490199 6.9
      vertex -5.8880602337443575 -7.428658283817455 6.9
      vertex -5.518508420739843 -7.2755849108714195 8.5
    endloop
  endfacet
  facet normal 0.09511747466313915 -0.9657439270939181 0.2414359817734798
    outer loop
      vertex -6.4475451610080645 -7.129607359798385 6.9
      vertex -6.3500000000000005 -7.12 6.9
      vertex -6.3500000000000005 -6.72 8.5
    endloop
  endfacet
  facet normal -0.09511747466313915 -0.9657439270939181 0.2414359817734798
    outer loop
      vertex -6.3500000000000005 -7.12 6.9
      vertex -6.2524548389919365 -7.129607359798385 6.9
      vertex -6.3500000000000005 -6.72 8.5
    endloop
  endfacet
  facet normal -0.28169711278060955 -0.9286309295711319 0.2414359817734798
    outer loop
      vertex -6.2524548389919365 -7.129607359798385 6.9
      vertex -6.158658283817456 -7.158060233744357 6.9
      vertex -6.174418710185485 -6.737293247637092 8.5
    endloop
  endfacet
  facet normal -0.45745128883147324 -0.8558311662071557 0.24143598177347977
    outer loop
      vertex -6.158658283817456 -7.158060233744357 6.9
      vertex -6.072214883490199 -7.204265193848728 6.9
      vertex -6.00558491087142 -6.788508420739842 8.5
    endloop
  endfacet
  facet normal -0.6156258683941902 -0.7501422910814823 0.2414359817734795
    outer loop
      vertex -6.072214883490199 -7.204265193848728 6.9
      vertex -5.996446609406727 -7.266446609406726 6.9
      vertex -5.849986790282358 -6.87167734892771 8.5
    endloop
  endfacet
  facet normal -0.7501422910814823 -0.6156258683941902 0.2414359817734795
    outer loop
      vertex -5.996446609406727 -7.266446609406726 6.9
      vertex -5.934265193848728 -7.342214883490199 6.9
      vertex -5.60167734892771 -7.119986790282358 8.5
    endloop
  endfacet
  facet normal 0.0951174746631341 0.9657439270939187 0.24143598177347977
    outer loop
      vertex -6.4475451610080645 -8.110392640201615 6.9
      vertex -6.525581289814516 -8.502706752362908 8.5
      vertex -6.3500000000000005 -8.52 8.5
    endloop
  endfacet
  facet normal -0.09511747466313386 0.9657439270939187 0.24143598177347972
    outer loop
      vertex -6.2524548389919365 -8.110392640201615 6.9
      vertex -6.3500000000000005 -8.52 8.5
      vertex -6.174418710185485 -8.502706752362908 8.5
    endloop
  endfacet
  facet normal -0.2816971127806057 0.928630929571133 0.24143598177347964
    outer loop
      vertex -6.158658283817456 -8.081939766255644 6.9
      vertex -6.174418710185485 -8.502706752362908 8.5
      vertex -6.00558491087142 -8.451491579260159 8.5
    endloop
  endfacet
  facet normal -0.45745128883147995 0.8558311662071522 0.24143598177347908
    outer loop
      vertex -6.072214883490199 -8.035734806151273 6.9
      vertex -6.00558491087142 -8.451491579260159 8.5
      vertex -5.849986790282358 -8.36832265107229 8.5
    endloop
  endfacet
  facet normal -0.6156258683941929 0.7501422910814801 0.2414359817734792
    outer loop
      vertex -5.996446609406727 -7.973553390593274 6.9
      vertex -5.849986790282358 -8.36832265107229 8.5
      vertex -5.713603896932108 -8.256396103067893 8.5
    endloop
  endfacet
  facet normal -0.7501422910814801 0.6156258683941929 0.2414359817734792
    outer loop
      vertex -5.996446609406727 -7.973553390593274 6.9
      vertex -5.713603896932108 -8.256396103067893 8.5
      vertex -5.60167734892771 -8.120013209717643 8.5
    endloop
  endfacet
  facet normal -0.855831166207154 0.4574512888314763 0.2414359817734794
    outer loop
      vertex -5.934265193848728 -7.897785116509802 6.9
      vertex -5.60167734892771 -8.120013209717643 8.5
      vertex -5.518508420739843 -7.964415089128581 8.5
    endloop
  endfacet
  facet normal -0.9286309295711317 0.28169711278061016 0.24143598177347975
    outer loop
      vertex -5.8880602337443575 -7.811341716182545 6.9
      vertex -5.518508420739843 -7.964415089128581 8.5
      vertex -5.467293247637093 -7.795581289814516 8.5
    endloop
  endfacet
  facet normal -0.9657439270939181 0.0951174746631387 0.24143598177347983
    outer loop
      vertex -5.859607359798385 -7.717545161008064 6.9
      vertex -5.467293247637093 -7.795581289814516 8.5
      vertex -5.45 -7.62 8.5
    endloop
  endfacet
  facet normal -0.9657439270939181 -0.095117474663139 0.24143598177347986
    outer loop
      vertex -5.859607359798385 -7.522454838991936 6.9
      vertex -5.45 -7.62 8.5
      vertex -5.467293247637093 -7.444418710185484 8.5
    endloop
  endfacet
  facet normal -0.9286309295711317 -0.2816971127806101 0.2414359817734797
    outer loop
      vertex -5.8880602337443575 -7.428658283817455 6.9
      vertex -5.467293247637093 -7.444418710185484 8.5
      vertex -5.518508420739843 -7.2755849108714195 8.5
    endloop
  endfacet
  facet normal 0.0951174746631387 -0.9657439270939181 0.24143598177347983
    outer loop
      vertex -6.4475451610080645 -7.129607359798385 6.9
      vertex -6.3500000000000005 -6.72 8.5
      vertex -6.525581289814516 -6.737293247637092 8.5
    endloop
  endfacet
  facet normal -0.095117474663139 -0.9657439270939181 0.24143598177347986
    outer loop
      vertex -6.2524548389919365 -7.129607359798385 6.9
      vertex -6.174418710185485 -6.737293247637092 8.5
      vertex -6.3500000000000005 -6.72 8.5
    endloop
  endfacet
  facet normal -0.2816971127806101 -0.9286309295711317 0.2414359817734797
    outer loop
      vertex -6.158658283817456 -7.158060233744357 6.9
      vertex -6.00558491087142 -6.788508420739842 8.5
      vertex -6.174418710185485 -6.737293247637092 8.5
    endloop
  endfacet
  facet normal -0.4574512888314763 -0.855831166207154 0.2414359817734794
    outer loop
      vertex -6.072214883490199 -7.204265193848728 6.9
      vertex -5.849986790282358 -6.87167734892771 8.5
      vertex -6.00558491087142 -6.788508420739842 8.5
    endloop
  endfacet
  facet normal -0.615625868394193 -0.75014229108148 0.24143598177347916
    outer loop
      vertex -5.996446609406727 -7.266446609406726 6.9
      vertex -5.713603896932108 -6.983603896932108 8.5
      vertex -5.849986790282358 -6.87167734892771 8.5
    endloop
  endfacet
  facet normal -0.75014229108148 -0.615625868394193 0.24143598177347916
    outer loop
      vertex -5.996446609406727 -7.266446609406726 6.9
      vertex -5.60167734892771 -7.119986790282358 8.5
      vertex -5.713603896932108 -6.983603896932108 8.5
    endloop
  endfacet
  facet normal -0.855831166207154 -0.4574512888314763 0.2414359817734794
    outer loop
      vertex -5.934265193848728 -7.342214883490199 6.9
      vertex -5.518508420739843 -7.2755849108714195 8.5
      vertex -5.60167734892771 -7.119986790282358 8.5
    endloop
  endfacet
  facet normal 0.6343932841636455 0.773010453362737 0
    outer loop
      vertex -4.1635533905932745 -7.973553390593274 6.9
      vertex -4.087785116509801 -8.035734806151273 0
      vertex -4.1635533905932745 -7.973553390593274 0
    endloop
  endfacet
  facet normal 0.47139673682599786 0.8819212643483549 0
    outer loop
      vertex -4.087785116509801 -8.035734806151273 6.9
      vertex -4.001341716182545 -8.081939766255644 0
      vertex -4.087785116509801 -8.035734806151273 0
    endloop
  endfacet
  facet normal 0.8819212643483569 0.4713967368259941 0
    outer loop
      vertex -4.2719397662556435 -7.811341716182545 6.9
      vertex -4.225734806151273 -7.897785116509802 0
      vertex -4.2719397662556435 -7.811341716182545 0
    endloop
  endfacet
  facet normal 0.956940335732208 0.2902846772544653 0
    outer loop
      vertex -4.300392640201616 -7.717545161008064 6.9
      vertex -4.2719397662556435 -7.811341716182545 0
      vertex -4.300392640201616 -7.717545161008064 0
    endloop
  endfacet
  facet normal 0.9951847266721969 0.09801714032956084 0
    outer loop
      vertex -4.3100000000000005 -7.62 6.9
      vertex -4.300392640201616 -7.717545161008064 0
      vertex -4.3100000000000005 -7.62 0
    endloop
  endfacet
  facet normal 0.7730104533627378 0.6343932841636445 0
    outer loop
      vertex -4.225734806151273 -7.897785116509802 6.9
      vertex -4.1635533905932745 -7.973553390593274 0
      vertex -4.225734806151273 -7.897785116509802 0
    endloop
  endfacet
  facet normal 0.9951847266721969 -0.09801714032956084 0
    outer loop
      vertex -4.300392640201616 -7.522454838991936 6.9
      vertex -4.3100000000000005 -7.62 0
      vertex -4.300392640201616 -7.522454838991936 0
    endloop
  endfacet
  facet normal 0.956940335732208 -0.2902846772544653 0
    outer loop
      vertex -4.2719397662556435 -7.428658283817455 6.9
      vertex -4.300392640201616 -7.522454838991936 0
      vertex -4.2719397662556435 -7.428658283817455 0
    endloop
  endfacet
  facet normal 0.8819212643483569 -0.4713967368259941 0
    outer loop
      vertex -4.225734806151273 -7.342214883490199 6.9
      vertex -4.2719397662556435 -7.428658283817455 0
      vertex -4.225734806151273 -7.342214883490199 0
    endloop
  endfacet
  facet normal 0.7730104533627378 -0.6343932841636445 0
    outer loop
      vertex -4.1635533905932745 -7.266446609406726 6.9
      vertex -4.225734806151273 -7.342214883490199 0
      vertex -4.1635533905932745 -7.266446609406726 0
    endloop
  endfacet
  facet normal 0.290284677254457 0.9569403357322105 0
    outer loop
      vertex -4.001341716182545 -8.081939766255644 6.9
      vertex -3.9075451610080645 -8.110392640201615 0
      vertex -4.001341716182545 -8.081939766255644 0
    endloop
  endfacet
  facet normal 0.09801714032956982 0.9951847266721959 0
    outer loop
      vertex -3.9075451610080645 -8.110392640201615 6.9
      vertex -3.8100000000000005 -8.120000000000001 0
      vertex -3.9075451610080645 -8.110392640201615 0
    endloop
  endfacet
  facet normal -0.09801714032956982 0.9951847266721959 0
    outer loop
      vertex -3.8100000000000005 -8.120000000000001 6.9
      vertex -3.7124548389919365 -8.110392640201615 0
      vertex -3.8100000000000005 -8.120000000000001 0
    endloop
  endfacet
  facet normal -0.290284677254457 0.9569403357322105 0
    outer loop
      vertex -3.7124548389919365 -8.110392640201615 6.9
      vertex -3.6186582838174557 -8.081939766255644 0
      vertex -3.7124548389919365 -8.110392640201615 0
    endloop
  endfacet
  facet normal -0.47139673682599603 0.8819212643483559 0
    outer loop
      vertex -3.6186582838174557 -8.081939766255644 6.9
      vertex -3.5322148834901994 -8.035734806151273 0
      vertex -3.6186582838174557 -8.081939766255644 0
    endloop
  endfacet
  facet normal -0.6343932841636477 0.7730104533627352 0
    outer loop
      vertex -3.5322148834901994 -8.035734806151273 6.9
      vertex -3.4564466094067265 -7.973553390593274 0
      vertex -3.5322148834901994 -8.035734806151273 0
    endloop
  endfacet
  facet normal -0.7730104533627378 0.6343932841636445 0
    outer loop
      vertex -3.4564466094067265 -7.973553390593274 6.9
      vertex -3.394265193848728 -7.897785116509802 0
      vertex -3.4564466094067265 -7.973553390593274 0
    endloop
  endfacet
  facet normal -0.881921264348355 0.4713967368259977 0
    outer loop
      vertex -3.394265193848728 -7.897785116509802 6.9
      vertex -3.348060233744357 -7.811341716182545 0
      vertex -3.394265193848728 -7.897785116509802 0
    endloop
  endfacet
  facet normal -0.9569403357322093 0.2902846772544611 0
    outer loop
      vertex -3.348060233744357 -7.811341716182545 6.9
      vertex -3.3196073597983853 -7.717545161008064 0
      vertex -3.348060233744357 -7.811341716182545 0
    endloop
  endfacet
  facet normal -0.9951847266721969 0.09801714032956084 0
    outer loop
      vertex -3.3196073597983853 -7.717545161008064 6.9
      vertex -3.3100000000000005 -7.62 0
      vertex -3.3196073597983853 -7.717545161008064 0
    endloop
  endfacet
  facet normal -0.9569403357322093 -0.2902846772544611 0
    outer loop
      vertex -3.3196073597983853 -7.522454838991936 6.9
      vertex -3.348060233744357 -7.428658283817455 0
      vertex -3.3196073597983853 -7.522454838991936 0
    endloop
  endfacet
  facet normal -0.9951847266721969 -0.09801714032956084 0
    outer loop
      vertex -3.3100000000000005 -7.62 6.9
      vertex -3.3196073597983853 -7.522454838991936 0
      vertex -3.3100000000000005 -7.62 0
    endloop
  endfacet
  facet normal -0.881921264348355 -0.4713967368259977 0
    outer loop
      vertex -3.348060233744357 -7.428658283817455 6.9
      vertex -3.394265193848728 -7.342214883490199 0
      vertex -3.348060233744357 -7.428658283817455 0
    endloop
  endfacet
  facet normal -0.7730104533627378 -0.6343932841636445 0
    outer loop
      vertex -3.394265193848728 -7.342214883490199 6.9
      vertex -3.4564466094067265 -7.266446609406726 0
      vertex -3.394265193848728 -7.342214883490199 0
    endloop
  endfacet
  facet normal 0.63439328416364 -0.7730104533627414 0
    outer loop
      vertex -4.087785116509801 -7.204265193848728 6.9
      vertex -4.1635533905932745 -7.266446609406726 0
      vertex -4.087785116509801 -7.204265193848728 0
    endloop
  endfacet
  facet normal 0.47139673682599786 -0.8819212643483549 0
    outer loop
      vertex -4.001341716182545 -7.158060233744357 6.9
      vertex -4.087785116509801 -7.204265193848728 0
      vertex -4.001341716182545 -7.158060233744357 0
    endloop
  endfacet
  facet normal 0.2902846772544653 -0.956940335732208 0
    outer loop
      vertex -3.9075451610080645 -7.129607359798385 6.9
      vertex -4.001341716182545 -7.158060233744357 0
      vertex -3.9075451610080645 -7.129607359798385 0
    endloop
  endfacet
  facet normal 0.09801714032956084 -0.9951847266721969 0
    outer loop
      vertex -3.8100000000000005 -7.12 6.9
      vertex -3.9075451610080645 -7.129607359798385 0
      vertex -3.8100000000000005 -7.12 0
    endloop
  endfacet
  facet normal -0.09801714032956084 -0.9951847266721969 0
    outer loop
      vertex -3.7124548389919365 -7.129607359798385 6.9
      vertex -3.8100000000000005 -7.12 0
      vertex -3.7124548389919365 -7.129607359798385 0
    endloop
  endfacet
  facet normal -0.2902846772544653 -0.956940335732208 0
    outer loop
      vertex -3.6186582838174557 -7.158060233744357 6.9
      vertex -3.7124548389919365 -7.129607359798385 0
      vertex -3.6186582838174557 -7.158060233744357 0
    endloop
  endfacet
  facet normal -0.47139673682599603 -0.8819212643483559 0
    outer loop
      vertex -3.5322148834901994 -7.204265193848728 6.9
      vertex -3.6186582838174557 -7.158060233744357 0
      vertex -3.5322148834901994 -7.204265193848728 0
    endloop
  endfacet
  facet normal -0.6343932841636424 -0.7730104533627397 0
    outer loop
      vertex -3.4564466094067265 -7.266446609406726 6.9
      vertex -3.5322148834901994 -7.204265193848728 0
      vertex -3.4564466094067265 -7.266446609406726 0
    endloop
  endfacet
  facet normal 0.6343932841636455 0.773010453362737 0
    outer loop
      vertex -4.087785116509801 -8.035734806151273 6.9
      vertex -4.087785116509801 -8.035734806151273 0
      vertex -4.1635533905932745 -7.973553390593274 6.9
    endloop
  endfacet
  facet normal 0.47139673682599786 0.8819212643483549 4.114971715727178e-19
    outer loop
      vertex -4.087785116509801 -8.035734806151273 6.9
      vertex -4.001341716182545 -8.081939766255644 6.9
      vertex -4.001341716182545 -8.081939766255644 0
    endloop
  endfacet
  facet normal 0.8819212643483569 0.4713967368259941 0
    outer loop
      vertex -4.225734806151273 -7.897785116509802 6.9
      vertex -4.225734806151273 -7.897785116509802 0
      vertex -4.2719397662556435 -7.811341716182545 6.9
    endloop
  endfacet
  facet normal 0.956940335732208 0.2902846772544653 2.980914899402578e-19
    outer loop
      vertex -4.300392640201616 -7.717545161008064 6.9
      vertex -4.2719397662556435 -7.811341716182545 6.9
      vertex -4.2719397662556435 -7.811341716182545 0
    endloop
  endfacet
  facet normal 0.9951847266721969 0.09801714032956084 0
    outer loop
      vertex -4.300392640201616 -7.717545161008064 6.9
      vertex -4.300392640201616 -7.717545161008064 0
      vertex -4.3100000000000005 -7.62 6.9
    endloop
  endfacet
  facet normal 0.7730104533627378 0.6343932841636445 -7.417959729632666e-20
    outer loop
      vertex -4.225734806151273 -7.897785116509802 6.9
      vertex -4.1635533905932745 -7.973553390593274 6.9
      vertex -4.1635533905932745 -7.973553390593274 0
    endloop
  endfacet
  facet normal 0.9951847266721969 -0.09801714032956084 0
    outer loop
      vertex -4.3100000000000005 -7.62 6.9
      vertex -4.3100000000000005 -7.62 0
      vertex -4.300392640201616 -7.522454838991936 6.9
    endloop
  endfacet
  facet normal 0.956940335732208 -0.2902846772544653 0
    outer loop
      vertex -4.300392640201616 -7.522454838991936 6.9
      vertex -4.300392640201616 -7.522454838991936 0
      vertex -4.2719397662556435 -7.428658283817455 6.9
    endloop
  endfacet
  facet normal 0.8819212643483569 -0.4713967368259941 0
    outer loop
      vertex -4.2719397662556435 -7.428658283817455 6.9
      vertex -4.2719397662556435 -7.428658283817455 0
      vertex -4.225734806151273 -7.342214883490199 6.9
    endloop
  endfacet
  facet normal 0.7730104533627378 -0.6343932841636445 0
    outer loop
      vertex -4.225734806151273 -7.342214883490199 6.9
      vertex -4.225734806151273 -7.342214883490199 0
      vertex -4.1635533905932745 -7.266446609406726 6.9
    endloop
  endfacet
  facet normal 0.290284677254457 0.9569403357322105 -2.820075345859177e-19
    outer loop
      vertex -4.001341716182545 -8.081939766255644 6.9
      vertex -3.9075451610080645 -8.110392640201615 6.9
      vertex -3.9075451610080645 -8.110392640201615 0
    endloop
  endfacet
  facet normal 0.09801714032956982 0.9951847266721959 -6.760663378098597e-20
    outer loop
      vertex -3.9075451610080645 -8.110392640201615 6.9
      vertex -3.8100000000000005 -8.120000000000001 6.9
      vertex -3.8100000000000005 -8.120000000000001 0
    endloop
  endfacet
  facet normal -0.09801714032956982 0.9951847266721959 6.760663378098597e-20
    outer loop
      vertex -3.8100000000000005 -8.120000000000001 6.9
      vertex -3.7124548389919365 -8.110392640201615 6.9
      vertex -3.7124548389919365 -8.110392640201615 0
    endloop
  endfacet
  facet normal -0.290284677254457 0.9569403357322105 2.820075345859177e-19
    outer loop
      vertex -3.7124548389919365 -8.110392640201615 6.9
      vertex -3.6186582838174557 -8.081939766255644 6.9
      vertex -3.6186582838174557 -8.081939766255644 0
    endloop
  endfacet
  facet normal -0.47139673682599603 0.8819212643483559 4.310118613778735e-19
    outer loop
      vertex -3.6186582838174557 -8.081939766255644 6.9
      vertex -3.5322148834901994 -8.035734806151273 6.9
      vertex -3.5322148834901994 -8.035734806151273 0
    endloop
  endfacet
  facet normal -0.6343932841636477 0.7730104533627352 6.174330001306316e-19
    outer loop
      vertex -3.5322148834901994 -8.035734806151273 6.9
      vertex -3.4564466094067265 -7.973553390593274 6.9
      vertex -3.4564466094067265 -7.973553390593274 0
    endloop
  endfacet
  facet normal -0.7730104533627378 0.6343932841636445 7.417959729632666e-20
    outer loop
      vertex -3.4564466094067265 -7.973553390593274 6.9
      vertex -3.394265193848728 -7.897785116509802 6.9
      vertex -3.394265193848728 -7.897785116509802 0
    endloop
  endfacet
  facet normal -0.881921264348355 0.4713967368259977 3.23233298173025e-19
    outer loop
      vertex -3.394265193848728 -7.897785116509802 6.9
      vertex -3.348060233744357 -7.811341716182545 6.9
      vertex -3.348060233744357 -7.811341716182545 0
    endloop
  endfacet
  facet normal -0.9569403357322093 0.2902846772544611 3.1257694490568286e-19
    outer loop
      vertex -3.348060233744357 -7.811341716182545 6.9
      vertex -3.3196073597983853 -7.717545161008064 6.9
      vertex -3.3196073597983853 -7.717545161008064 0
    endloop
  endfacet
  facet normal -0.9951847266721969 0.09801714032956084 5.318535846983332e-20
    outer loop
      vertex -3.3196073597983853 -7.717545161008064 6.9
      vertex -3.3100000000000005 -7.62 6.9
      vertex -3.3100000000000005 -7.62 0
    endloop
  endfacet
  facet normal -0.7730104533627378 -0.6343932841636445 -7.417959729632666e-20
    outer loop
      vertex -3.394265193848728 -7.342214883490199 6.9
      vertex -3.4564466094067265 -7.266446609406726 6.9
      vertex -3.4564466094067265 -7.266446609406726 0
    endloop
  endfacet
  facet normal -0.9569403357322093 -0.2902846772544611 -3.1257694490568286e-19
    outer loop
      vertex -3.3196073597983853 -7.522454838991936 6.9
      vertex -3.348060233744357 -7.428658283817455 6.9
      vertex -3.348060233744357 -7.428658283817455 0
    endloop
  endfacet
  facet normal -0.9951847266721969 -0.09801714032956084 -5.318535846983332e-20
    outer loop
      vertex -3.3100000000000005 -7.62 6.9
      vertex -3.3196073597983853 -7.522454838991936 6.9
      vertex -3.3196073597983853 -7.522454838991936 0
    endloop
  endfacet
  facet normal -0.881921264348355 -0.4713967368259977 0
    outer loop
      vertex -3.394265193848728 -7.342214883490199 6.9
      vertex -3.394265193848728 -7.342214883490199 0
      vertex -3.348060233744357 -7.428658283817455 6.9
    endloop
  endfacet
  facet normal 0.63439328416364 -0.7730104533627414 0
    outer loop
      vertex -4.1635533905932745 -7.266446609406726 6.9
      vertex -4.1635533905932745 -7.266446609406726 0
      vertex -4.087785116509801 -7.204265193848728 6.9
    endloop
  endfacet
  facet normal 0.47139673682599786 -0.8819212643483549 0
    outer loop
      vertex -4.087785116509801 -7.204265193848728 6.9
      vertex -4.087785116509801 -7.204265193848728 0
      vertex -4.001341716182545 -7.158060233744357 6.9
    endloop
  endfacet
  facet normal 0.2902846772544653 -0.956940335732208 0
    outer loop
      vertex -4.001341716182545 -7.158060233744357 6.9
      vertex -4.001341716182545 -7.158060233744357 0
      vertex -3.9075451610080645 -7.129607359798385 6.9
    endloop
  endfacet
  facet normal 0.09801714032956084 -0.9951847266721969 0
    outer loop
      vertex -3.9075451610080645 -7.129607359798385 6.9
      vertex -3.9075451610080645 -7.129607359798385 0
      vertex -3.8100000000000005 -7.12 6.9
    endloop
  endfacet
  facet normal -0.09801714032956084 -0.9951847266721969 0
    outer loop
      vertex -3.8100000000000005 -7.12 6.9
      vertex -3.8100000000000005 -7.12 0
      vertex -3.7124548389919365 -7.129607359798385 6.9
    endloop
  endfacet
  facet normal -0.2902846772544653 -0.956940335732208 0
    outer loop
      vertex -3.7124548389919365 -7.129607359798385 6.9
      vertex -3.7124548389919365 -7.129607359798385 0
      vertex -3.6186582838174557 -7.158060233744357 6.9
    endloop
  endfacet
  facet normal -0.47139673682599603 -0.8819212643483559 -4.310118613778735e-19
    outer loop
      vertex -3.5322148834901994 -7.204265193848728 6.9
      vertex -3.6186582838174557 -7.158060233744357 6.9
      vertex -3.6186582838174557 -7.158060233744357 0
    endloop
  endfacet
  facet normal -0.6343932841636424 -0.7730104533627397 0
    outer loop
      vertex -3.5322148834901994 -7.204265193848728 6.9
      vertex -3.5322148834901994 -7.204265193848728 0
      vertex -3.4564466094067265 -7.266446609406726 6.9
    endloop
  endfacet
  facet normal 0.7501422910814822 0.6156258683941901 0.24143598177347989
    outer loop
      vertex -4.225734806151273 -7.897785116509802 6.9
      vertex -4.558322651072292 -8.120013209717643 8.5
      vertex -4.1635533905932745 -7.973553390593274 6.9
    endloop
  endfacet
  facet normal 0.45745128883147684 0.8558311662071537 0.2414359817734796
    outer loop
      vertex -4.087785116509801 -8.035734806151273 6.9
      vertex -4.154415089128581 -8.451491579260159 8.5
      vertex -4.001341716182545 -8.081939766255644 6.9
    endloop
  endfacet
  facet normal 0.6156258683941912 0.7501422910814817 0.24143598177347902
    outer loop
      vertex -4.087785116509801 -8.035734806151273 6.9
      vertex -4.1635533905932745 -7.973553390593274 6.9
      vertex -4.310013209717642 -8.36832265107229 8.5
    endloop
  endfacet
  facet normal 0.9657439270939181 0.09511747466313915 0.24143598177347977
    outer loop
      vertex -4.300392640201616 -7.717545161008064 6.9
      vertex -4.3100000000000005 -7.62 6.9
      vertex -4.710000000000001 -7.62 8.5
    endloop
  endfacet
  facet normal 0.9657439270939181 -0.09511747466313915 0.2414359817734798
    outer loop
      vertex -4.3100000000000005 -7.62 6.9
      vertex -4.300392640201616 -7.522454838991936 6.9
      vertex -4.710000000000001 -7.62 8.5
    endloop
  endfacet
  facet normal 0.8558311662071557 0.45745128883147324 0.24143598177347977
    outer loop
      vertex -4.225734806151273 -7.897785116509802 6.9
      vertex -4.2719397662556435 -7.811341716182545 6.9
      vertex -4.641491579260158 -7.964415089128581 8.5
    endloop
  endfacet
  facet normal 0.9286309295711319 0.28169711278060955 0.2414359817734798
    outer loop
      vertex -4.300392640201616 -7.717545161008064 6.9
      vertex -4.692706752362908 -7.795581289814516 8.5
      vertex -4.2719397662556435 -7.811341716182545 6.9
    endloop
  endfacet
  facet normal 0.9286309295711319 -0.28169711278060955 0.2414359817734798
    outer loop
      vertex -4.300392640201616 -7.522454838991936 6.9
      vertex -4.2719397662556435 -7.428658283817455 6.9
      vertex -4.692706752362908 -7.444418710185484 8.5
    endloop
  endfacet
  facet normal 0.8558311662071557 -0.45745128883147324 0.24143598177347977
    outer loop
      vertex -4.2719397662556435 -7.428658283817455 6.9
      vertex -4.225734806151273 -7.342214883490199 6.9
      vertex -4.641491579260158 -7.2755849108714195 8.5
    endloop
  endfacet
  facet normal 0.28169711278060144 0.9286309295711344 0.24143598177347994
    outer loop
      vertex -4.001341716182545 -8.081939766255644 6.9
      vertex -3.9855812898145158 -8.502706752362908 8.5
      vertex -3.9075451610080645 -8.110392640201615 6.9
    endloop
  endfacet
  facet normal 0.09511747466314789 0.9657439270939175 0.2414359817734786
    outer loop
      vertex -3.9075451610080645 -8.110392640201615 6.9
      vertex -3.8100000000000005 -8.52 8.5
      vertex -3.8100000000000005 -8.120000000000001 6.9
    endloop
  endfacet
  facet normal -0.09511747466314789 0.9657439270939175 0.2414359817734786
    outer loop
      vertex -3.8100000000000005 -8.120000000000001 6.9
      vertex -3.8100000000000005 -8.52 8.5
      vertex -3.7124548389919365 -8.110392640201615 6.9
    endloop
  endfacet
  facet normal -0.28169711278060144 0.9286309295711344 0.2414359817734799
    outer loop
      vertex -3.7124548389919365 -8.110392640201615 6.9
      vertex -3.6344187101854852 -8.502706752362908 8.5
      vertex -3.6186582838174557 -8.081939766255644 6.9
    endloop
  endfacet
  facet normal -0.457451288831475 0.8558311662071548 0.2414359817734797
    outer loop
      vertex -3.6186582838174557 -8.081939766255644 6.9
      vertex -3.46558491087142 -8.451491579260159 8.5
      vertex -3.5322148834901994 -8.035734806151273 6.9
    endloop
  endfacet
  facet normal -0.6156258683941934 0.7501422910814799 0.241435981773479
    outer loop
      vertex -3.5322148834901994 -8.035734806151273 6.9
      vertex -3.3099867902823585 -8.36832265107229 8.5
      vertex -3.4564466094067265 -7.973553390593274 6.9
    endloop
  endfacet
  facet normal -0.7501422910814823 0.6156258683941902 0.2414359817734797
    outer loop
      vertex -3.4564466094067265 -7.973553390593274 6.9
      vertex -3.06167734892771 -8.120013209717643 8.5
      vertex -3.394265193848728 -7.897785116509802 6.9
    endloop
  endfacet
  facet normal -0.8558311662071538 0.45745128883147657 0.2414359817734794
    outer loop
      vertex -3.394265193848728 -7.897785116509802 6.9
      vertex -2.9785084207398427 -7.964415089128581 8.5
      vertex -3.348060233744357 -7.811341716182545 6.9
    endloop
  endfacet
  facet normal -0.8558311662071538 -0.45745128883147657 0.2414359817734794
    outer loop
      vertex -3.394265193848728 -7.342214883490199 6.9
      vertex -3.348060233744357 -7.428658283817455 6.9
      vertex -2.9785084207398427 -7.2755849108714195 8.5
    endloop
  endfacet
  facet normal 0.7501422910814822 -0.6156258683941901 0.24143598177347989
    outer loop
      vertex -4.225734806151273 -7.342214883490199 6.9
      vertex -4.1635533905932745 -7.266446609406726 6.9
      vertex -4.558322651072292 -7.119986790282358 8.5
    endloop
  endfacet
  facet normal 0.6156258683941859 -0.7501422910814859 0.24143598177347964
    outer loop
      vertex -4.1635533905932745 -7.266446609406726 6.9
      vertex -4.087785116509801 -7.204265193848728 6.9
      vertex -4.310013209717642 -6.87167734892771 8.5
    endloop
  endfacet
  facet normal 0.45745128883147684 -0.8558311662071537 0.2414359817734796
    outer loop
      vertex -4.087785116509801 -7.204265193848728 6.9
      vertex -4.001341716182545 -7.158060233744357 6.9
      vertex -4.154415089128581 -6.788508420739842 8.5
    endloop
  endfacet
  facet normal 0.28169711278060955 -0.9286309295711319 0.24143598177347972
    outer loop
      vertex -4.001341716182545 -7.158060233744357 6.9
      vertex -3.9075451610080645 -7.129607359798385 6.9
      vertex -3.9855812898145158 -6.737293247637092 8.5
    endloop
  endfacet
  facet normal 0.09511747466313915 -0.9657439270939181 0.2414359817734798
    outer loop
      vertex -3.9075451610080645 -7.129607359798385 6.9
      vertex -3.8100000000000005 -7.12 6.9
      vertex -3.8100000000000005 -6.72 8.5
    endloop
  endfacet
  facet normal -0.09511747466313915 -0.9657439270939181 0.2414359817734798
    outer loop
      vertex -3.8100000000000005 -7.12 6.9
      vertex -3.7124548389919365 -7.129607359798385 6.9
      vertex -3.8100000000000005 -6.72 8.5
    endloop
  endfacet
  facet normal -0.28169711278060955 -0.9286309295711319 0.24143598177347972
    outer loop
      vertex -3.7124548389919365 -7.129607359798385 6.9
      vertex -3.6186582838174557 -7.158060233744357 6.9
      vertex -3.6344187101854852 -6.737293247637092 8.5
    endloop
  endfacet
  facet normal -0.615625868394188 -0.750142291081484 0.24143598177347952
    outer loop
      vertex -3.5322148834901994 -7.204265193848728 6.9
      vertex -3.4564466094067265 -7.266446609406726 6.9
      vertex -3.3099867902823585 -6.87167734892771 8.5
    endloop
  endfacet
  facet normal -0.457451288831475 -0.8558311662071548 0.2414359817734797
    outer loop
      vertex -3.5322148834901994 -7.204265193848728 6.9
      vertex -3.46558491087142 -6.788508420739842 8.5
      vertex -3.6186582838174557 -7.158060233744357 6.9
    endloop
  endfacet
  facet normal -0.7501422910814823 -0.6156258683941902 0.2414359817734797
    outer loop
      vertex -3.394265193848728 -7.342214883490199 6.9
      vertex -3.06167734892771 -7.119986790282358 8.5
      vertex -3.4564466094067265 -7.266446609406726 6.9
    endloop
  endfacet
  facet normal 0.8558311662071559 0.4574512888314724 0.24143598177347977
    outer loop
      vertex -4.225734806151273 -7.897785116509802 6.9
      vertex -4.641491579260158 -7.964415089128581 8.5
      vertex -4.558322651072292 -8.120013209717643 8.5
    endloop
  endfacet
  facet normal 0.6156258683941882 0.7501422910814839 0.2414359817734793
    outer loop
      vertex -4.1635533905932745 -7.973553390593274 6.9
      vertex -4.446396103067894 -8.256396103067893 8.5
      vertex -4.310013209717642 -8.36832265107229 8.5
    endloop
  endfacet
  facet normal 0.75014229108148 0.6156258683941926 0.24143598177347958
    outer loop
      vertex -4.1635533905932745 -7.973553390593274 6.9
      vertex -4.558322651072292 -8.120013209717643 8.5
      vertex -4.446396103067894 -8.256396103067893 8.5
    endloop
  endfacet
  facet normal 0.45745128883148223 0.855831166207151 0.24143598177347914
    outer loop
      vertex -4.087785116509801 -8.035734806151273 6.9
      vertex -4.310013209717642 -8.36832265107229 8.5
      vertex -4.154415089128581 -8.451491579260159 8.5
    endloop
  endfacet
  facet normal 0.2816971127806053 0.9286309295711332 0.2414359817734796
    outer loop
      vertex -4.001341716182545 -8.081939766255644 6.9
      vertex -4.154415089128581 -8.451491579260159 8.5
      vertex -3.9855812898145158 -8.502706752362908 8.5
    endloop
  endfacet
  facet normal 0.9286309295711317 0.2816971127806101 0.2414359817734797
    outer loop
      vertex -4.2719397662556435 -7.811341716182545 6.9
      vertex -4.692706752362908 -7.795581289814516 8.5
      vertex -4.641491579260158 -7.964415089128581 8.5
    endloop
  endfacet
  facet normal 0.9657439270939181 0.095117474663139 0.24143598177347986
    outer loop
      vertex -4.300392640201616 -7.717545161008064 6.9
      vertex -4.710000000000001 -7.62 8.5
      vertex -4.692706752362908 -7.795581289814516 8.5
    endloop
  endfacet
  facet normal 0.9657439270939181 -0.0951174746631387 0.24143598177347983
    outer loop
      vertex -4.300392640201616 -7.522454838991936 6.9
      vertex -4.692706752362908 -7.444418710185484 8.5
      vertex -4.710000000000001 -7.62 8.5
    endloop
  endfacet
  facet normal 0.9286309295711317 -0.28169711278061016 0.24143598177347975
    outer loop
      vertex -4.2719397662556435 -7.428658283817455 6.9
      vertex -4.641491579260158 -7.2755849108714195 8.5
      vertex -4.692706752362908 -7.444418710185484 8.5
    endloop
  endfacet
  facet normal 0.0951174746631343 0.9657439270939187 0.24143598177347966
    outer loop
      vertex -3.9075451610080645 -8.110392640201615 6.9
      vertex -3.9855812898145158 -8.502706752362908 8.5
      vertex -3.8100000000000005 -8.52 8.5
    endloop
  endfacet
  facet normal -0.09511747466313408 0.9657439270939187 0.24143598177347966
    outer loop
      vertex -3.7124548389919365 -8.110392640201615 6.9
      vertex -3.8100000000000005 -8.52 8.5
      vertex -3.6344187101854852 -8.502706752362908 8.5
    endloop
  endfacet
  facet normal -0.281697112780605 0.9286309295711332 0.2414359817734796
    outer loop
      vertex -3.6186582838174557 -8.081939766255644 6.9
      vertex -3.6344187101854852 -8.502706752362908 8.5
      vertex -3.46558491087142 -8.451491579260159 8.5
    endloop
  endfacet
  facet normal -0.4574512888314809 0.8558311662071515 0.2414359817734791
    outer loop
      vertex -3.5322148834901994 -8.035734806151273 6.9
      vertex -3.46558491087142 -8.451491579260159 8.5
      vertex -3.3099867902823585 -8.36832265107229 8.5
    endloop
  endfacet
  facet normal -0.6156258683941904 0.7501422910814821 0.24143598177347927
    outer loop
      vertex -3.4564466094067265 -7.973553390593274 6.9
      vertex -3.3099867902823585 -8.36832265107229 8.5
      vertex -3.1736038969321076 -8.256396103067893 8.5
    endloop
  endfacet
  facet normal -0.7501422910814801 0.6156258683941929 0.24143598177347939
    outer loop
      vertex -3.4564466094067265 -7.973553390593274 6.9
      vertex -3.1736038969321076 -8.256396103067893 8.5
      vertex -3.06167734892771 -8.120013209717643 8.5
    endloop
  endfacet
  facet normal 0.8558311662071559 -0.4574512888314724 0.24143598177347977
    outer loop
      vertex -4.225734806151273 -7.342214883490199 6.9
      vertex -4.558322651072292 -7.119986790282358 8.5
      vertex -4.641491579260158 -7.2755849108714195 8.5
    endloop
  endfacet
  facet normal 0.75014229108148 -0.6156258683941926 0.24143598177347952
    outer loop
      vertex -4.1635533905932745 -7.266446609406726 6.9
      vertex -4.446396103067894 -6.983603896932108 8.5
      vertex -4.558322651072292 -7.119986790282358 8.5
    endloop
  endfacet
  facet normal 0.6156258683941881 -0.750142291081484 0.2414359817734794
    outer loop
      vertex -4.1635533905932745 -7.266446609406726 6.9
      vertex -4.310013209717642 -6.87167734892771 8.5
      vertex -4.446396103067894 -6.983603896932108 8.5
    endloop
  endfacet
  facet normal 0.4574512888314784 -0.8558311662071529 0.2414359817734795
    outer loop
      vertex -4.087785116509801 -7.204265193848728 6.9
      vertex -4.154415089128581 -6.788508420739842 8.5
      vertex -4.310013209717642 -6.87167734892771 8.5
    endloop
  endfacet
  facet normal 0.2816971127806095 -0.9286309295711318 0.24143598177347972
    outer loop
      vertex -4.001341716182545 -7.158060233744357 6.9
      vertex -3.9855812898145158 -6.737293247637092 8.5
      vertex -4.154415089128581 -6.788508420739842 8.5
    endloop
  endfacet
  facet normal 0.09511747466313894 -0.9657439270939182 0.2414359817734798
    outer loop
      vertex -3.9075451610080645 -7.129607359798385 6.9
      vertex -3.8100000000000005 -6.72 8.5
      vertex -3.9855812898145158 -6.737293247637092 8.5
    endloop
  endfacet
  facet normal -0.09511747466313923 -0.9657439270939182 0.2414359817734798
    outer loop
      vertex -3.7124548389919365 -7.129607359798385 6.9
      vertex -3.6344187101854852 -6.737293247637092 8.5
      vertex -3.8100000000000005 -6.72 8.5
    endloop
  endfacet
  facet normal -0.45745128883147734 -0.8558311662071535 0.24143598177347944
    outer loop
      vertex -3.5322148834901994 -7.204265193848728 6.9
      vertex -3.3099867902823585 -6.87167734892771 8.5
      vertex -3.46558491087142 -6.788508420739842 8.5
    endloop
  endfacet
  facet normal -0.7501422910814801 -0.6156258683941929 0.24143598177347939
    outer loop
      vertex -3.4564466094067265 -7.266446609406726 6.9
      vertex -3.06167734892771 -7.119986790282358 8.5
      vertex -3.1736038969321076 -6.983603896932108 8.5
    endloop
  endfacet
  facet normal -0.6156258683941906 -0.7501422910814821 0.24143598177347927
    outer loop
      vertex -3.4564466094067265 -7.266446609406726 6.9
      vertex -3.1736038969321076 -6.983603896932108 8.5
      vertex -3.3099867902823585 -6.87167734892771 8.5
    endloop
  endfacet
  facet normal -0.28169711278060944 -0.9286309295711318 0.24143598177347966
    outer loop
      vertex -3.6186582838174557 -7.158060233744357 6.9
      vertex -3.46558491087142 -6.788508420739842 8.5
      vertex -3.6344187101854852 -6.737293247637092 8.5
    endloop
  endfacet
  facet normal -0.928630929571133 0.28169711278060544 0.2414359817734796
    outer loop
      vertex -3.348060233744357 -7.811341716182545 6.9
      vertex -2.927293247637093 -7.795581289814516 8.5
      vertex -3.3196073597983853 -7.717545161008064 6.9
    endloop
  endfacet
  facet normal -0.9657439270939181 0.09511747466313915 0.24143598177347952
    outer loop
      vertex -3.3196073597983853 -7.717545161008064 6.9
      vertex -2.9100000000000006 -7.62 8.5
      vertex -3.3100000000000005 -7.62 6.9
    endloop
  endfacet
  facet normal -0.9657439270939181 -0.09511747466313915 0.24143598177347952
    outer loop
      vertex -3.3100000000000005 -7.62 6.9
      vertex -2.9100000000000006 -7.62 8.5
      vertex -3.3196073597983853 -7.522454838991936 6.9
    endloop
  endfacet
  facet normal -0.928630929571133 -0.28169711278060544 0.2414359817734796
    outer loop
      vertex -3.3196073597983853 -7.522454838991936 6.9
      vertex -2.927293247637093 -7.444418710185484 8.5
      vertex -3.348060233744357 -7.428658283817455 6.9
    endloop
  endfacet
  facet normal -0.8558311662071552 0.45745128883147423 0.24143598177347964
    outer loop
      vertex -3.394265193848728 -7.897785116509802 6.9
      vertex -3.06167734892771 -8.120013209717643 8.5
      vertex -2.9785084207398427 -7.964415089128581 8.5
    endloop
  endfacet
  facet normal -0.9286309295711324 0.28169711278060816 0.2414359817734794
    outer loop
      vertex -3.348060233744357 -7.811341716182545 6.9
      vertex -2.9785084207398427 -7.964415089128581 8.5
      vertex -2.927293247637093 -7.795581289814516 8.5
    endloop
  endfacet
  facet normal -0.9657439270939181 0.09511747466313893 0.24143598177347958
    outer loop
      vertex -3.3196073597983853 -7.717545161008064 6.9
      vertex -2.927293247637093 -7.795581289814516 8.5
      vertex -2.9100000000000006 -7.62 8.5
    endloop
  endfacet
  facet normal -0.9657439270939181 -0.09511747466313876 0.24143598177347958
    outer loop
      vertex -3.3196073597983853 -7.522454838991936 6.9
      vertex -2.9100000000000006 -7.62 8.5
      vertex -2.927293247637093 -7.444418710185484 8.5
    endloop
  endfacet
  facet normal -0.9286309295711324 -0.2816971127806082 0.2414359817734794
    outer loop
      vertex -3.348060233744357 -7.428658283817455 6.9
      vertex -2.927293247637093 -7.444418710185484 8.5
      vertex -2.9785084207398427 -7.2755849108714195 8.5
    endloop
  endfacet
  facet normal -0.8558311662071552 -0.45745128883147446 0.24143598177347964
    outer loop
      vertex -3.394265193848728 -7.342214883490199 6.9
      vertex -2.9785084207398427 -7.2755849108714195 8.5
      vertex -3.06167734892771 -7.119986790282358 8.5
    endloop
  endfacet
  facet normal 0.8819212643483558 0.47139673682599587 0
    outer loop
      vertex -1.731939766255644 -7.811341716182545 6.9
      vertex -1.6857348061512731 -7.897785116509802 0
      vertex -1.731939766255644 -7.811341716182545 0
    endloop
  endfacet
  facet normal 0.7730104533627356 0.6343932841636472 0
    outer loop
      vertex -1.6857348061512731 -7.897785116509802 6.9
      vertex -1.6235533905932742 -7.973553390593274 0
      vertex -1.6857348061512731 -7.897785116509802 0
    endloop
  endfacet
  facet normal 0.9569403357322093 0.2902846772544611 0
    outer loop
      vertex -1.7603926402016157 -7.717545161008064 6.9
      vertex -1.731939766255644 -7.811341716182545 0
      vertex -1.7603926402016157 -7.717545161008064 0
    endloop
  endfacet
  facet normal 0.9951847266721969 0.09801714032956084 0
    outer loop
      vertex -1.7700000000000005 -7.62 6.9
      vertex -1.7603926402016157 -7.717545161008064 0
      vertex -1.7700000000000005 -7.62 0
    endloop
  endfacet
  facet normal 0.9951847266721969 -0.09801714032956084 0
    outer loop
      vertex -1.7603926402016157 -7.522454838991936 6.9
      vertex -1.7700000000000005 -7.62 0
      vertex -1.7603926402016157 -7.522454838991936 0
    endloop
  endfacet
  facet normal 0.9569403357322093 -0.2902846772544611 0
    outer loop
      vertex -1.731939766255644 -7.428658283817455 6.9
      vertex -1.7603926402016157 -7.522454838991936 0
      vertex -1.731939766255644 -7.428658283817455 0
    endloop
  endfacet
  facet normal 0.8819212643483558 -0.47139673682599587 0
    outer loop
      vertex -1.6857348061512731 -7.342214883490199 6.9
      vertex -1.731939766255644 -7.428658283817455 0
      vertex -1.6857348061512731 -7.342214883490199 0
    endloop
  endfacet
  facet normal 0.7730104533627356 -0.6343932841636472 0
    outer loop
      vertex -1.6235533905932742 -7.266446609406726 6.9
      vertex -1.6857348061512731 -7.342214883490199 0
      vertex -1.6235533905932742 -7.266446609406726 0
    endloop
  endfacet
  facet normal 0.6343932841636488 0.7730104533627343 0
    outer loop
      vertex -1.6235533905932742 -7.973553390593274 6.9
      vertex -1.5477851165098016 -8.035734806151273 0
      vertex -1.6235533905932742 -7.973553390593274 0
    endloop
  endfacet
  facet normal 0.47139673682599603 0.8819212643483559 0
    outer loop
      vertex -1.5477851165098016 -8.035734806151273 6.9
      vertex -1.4613417161825453 -8.081939766255644 0
      vertex -1.5477851165098016 -8.035734806151273 0
    endloop
  endfacet
  facet normal 0.2902846772544576 0.9569403357322103 0
    outer loop
      vertex -1.4613417161825453 -8.081939766255644 6.9
      vertex -1.3675451610080647 -8.110392640201615 0
      vertex -1.4613417161825453 -8.081939766255644 0
    endloop
  endfacet
  facet normal 0.0980171403295696 0.9951847266721959 0
    outer loop
      vertex -1.3675451610080647 -8.110392640201615 6.9
      vertex -1.2700000000000005 -8.120000000000001 0
      vertex -1.3675451610080647 -8.110392640201615 0
    endloop
  endfacet
  facet normal -0.0980171403295696 0.9951847266721959 0
    outer loop
      vertex -1.2700000000000005 -8.120000000000001 6.9
      vertex -1.1724548389919363 -8.110392640201615 0
      vertex -1.2700000000000005 -8.120000000000001 0
    endloop
  endfacet
  facet normal -0.2902846772544576 0.9569403357322103 0
    outer loop
      vertex -1.1724548389919363 -8.110392640201615 6.9
      vertex -1.0786582838174557 -8.081939766255644 0
      vertex -1.1724548389919363 -8.110392640201615 0
    endloop
  endfacet
  facet normal -0.47139673682599603 0.8819212643483559 0
    outer loop
      vertex -1.0786582838174557 -8.081939766255644 6.9
      vertex -0.9922148834901994 -8.035734806151273 0
      vertex -1.0786582838174557 -8.081939766255644 0
    endloop
  endfacet
  facet normal -0.6343932841636488 0.7730104533627343 0
    outer loop
      vertex -0.9922148834901994 -8.035734806151273 6.9
      vertex -0.9164466094067267 -7.973553390593274 0
      vertex -0.9922148834901994 -8.035734806151273 0
    endloop
  endfacet
  facet normal -0.7730104533627356 0.6343932841636472 0
    outer loop
      vertex -0.9164466094067267 -7.973553390593274 6.9
      vertex -0.8542651938487278 -7.897785116509802 0
      vertex -0.9164466094067267 -7.973553390593274 0
    endloop
  endfacet
  facet normal -0.8819212643483565 0.47139673682599503 0
    outer loop
      vertex -0.8542651938487278 -7.897785116509802 6.9
      vertex -0.8080602337443571 -7.811341716182545 0
      vertex -0.8542651938487278 -7.897785116509802 0
    endloop
  endfacet
  facet normal -0.8819212643483565 -0.47139673682599503 0
    outer loop
      vertex -0.8080602337443571 -7.428658283817455 6.9
      vertex -0.8542651938487278 -7.342214883490199 0
      vertex -0.8080602337443571 -7.428658283817455 0
    endloop
  endfacet
  facet normal -0.7730104533627356 -0.6343932841636472 0
    outer loop
      vertex -0.8542651938487278 -7.342214883490199 6.9
      vertex -0.9164466094067267 -7.266446609406726 0
      vertex -0.8542651938487278 -7.342214883490199 0
    endloop
  endfacet
  facet normal -0.9569403357322089 0.29028467725446216 0
    outer loop
      vertex -0.8080602337443571 -7.811341716182545 6.9
      vertex -0.7796073597983852 -7.717545161008064 0
      vertex -0.8080602337443571 -7.811341716182545 0
    endloop
  endfacet
  facet normal -0.9951847266721969 0.09801714032956084 0
    outer loop
      vertex -0.7796073597983852 -7.717545161008064 6.9
      vertex -0.7700000000000005 -7.62 0
      vertex -0.7796073597983852 -7.717545161008064 0
    endloop
  endfacet
  facet normal -0.9951847266721969 -0.09801714032956084 0
    outer loop
      vertex -0.7700000000000005 -7.62 6.9
      vertex -0.7796073597983852 -7.522454838991936 0
      vertex -0.7700000000000005 -7.62 0
    endloop
  endfacet
  facet normal -0.9569403357322089 -0.29028467725446216 0
    outer loop
      vertex -0.7796073597983852 -7.522454838991936 6.9
      vertex -0.8080602337443571 -7.428658283817455 0
      vertex -0.7796073597983852 -7.522454838991936 0
    endloop
  endfacet
  facet normal 0.6343932841636433 -0.7730104533627387 0
    outer loop
      vertex -1.5477851165098016 -7.204265193848728 6.9
      vertex -1.6235533905932742 -7.266446609406726 0
      vertex -1.5477851165098016 -7.204265193848728 0
    endloop
  endfacet
  facet normal 0.47139673682599603 -0.8819212643483559 0
    outer loop
      vertex -1.4613417161825453 -7.158060233744357 6.9
      vertex -1.5477851165098016 -7.204265193848728 0
      vertex -1.4613417161825453 -7.158060233744357 0
    endloop
  endfacet
  facet normal 0.2902846772544659 -0.9569403357322077 0
    outer loop
      vertex -1.3675451610080647 -7.129607359798385 6.9
      vertex -1.4613417161825453 -7.158060233744357 0
      vertex -1.3675451610080647 -7.129607359798385 0
    endloop
  endfacet
  facet normal 0.09801714032956062 -0.9951847266721969 0
    outer loop
      vertex -1.2700000000000005 -7.12 6.9
      vertex -1.3675451610080647 -7.129607359798385 0
      vertex -1.2700000000000005 -7.12 0
    endloop
  endfacet
  facet normal -0.09801714032956062 -0.9951847266721969 0
    outer loop
      vertex -1.1724548389919363 -7.129607359798385 6.9
      vertex -1.2700000000000005 -7.12 0
      vertex -1.1724548389919363 -7.129607359798385 0
    endloop
  endfacet
  facet normal -0.2902846772544659 -0.9569403357322077 0
    outer loop
      vertex -1.0786582838174557 -7.158060233744357 6.9
      vertex -1.1724548389919363 -7.129607359798385 0
      vertex -1.0786582838174557 -7.158060233744357 0
    endloop
  endfacet
  facet normal -0.47139673682599603 -0.8819212643483559 0
    outer loop
      vertex -0.9922148834901994 -7.204265193848728 6.9
      vertex -1.0786582838174557 -7.158060233744357 0
      vertex -0.9922148834901994 -7.204265193848728 0
    endloop
  endfacet
  facet normal -0.6343932841636433 -0.7730104533627387 0
    outer loop
      vertex -0.9164466094067267 -7.266446609406726 6.9
      vertex -0.9922148834901994 -7.204265193848728 0
      vertex -0.9164466094067267 -7.266446609406726 0
    endloop
  endfacet
  facet normal 0.7730104533627356 0.6343932841636472 1.9083588509322878e-19
    outer loop
      vertex -1.6857348061512731 -7.897785116509802 6.9
      vertex -1.6235533905932742 -7.973553390593274 6.9
      vertex -1.6235533905932742 -7.973553390593274 0
    endloop
  endfacet
  facet normal 0.8819212643483558 0.47139673682599587 0
    outer loop
      vertex -1.6857348061512731 -7.897785116509802 6.9
      vertex -1.6857348061512731 -7.897785116509802 0
      vertex -1.731939766255644 -7.811341716182545 6.9
    endloop
  endfacet
  facet normal 0.9569403357322093 0.2902846772544611 0
    outer loop
      vertex -1.731939766255644 -7.811341716182545 6.9
      vertex -1.731939766255644 -7.811341716182545 0
      vertex -1.7603926402016157 -7.717545161008064 6.9
    endloop
  endfacet
  facet normal 0.9951847266721969 0.09801714032956084 0
    outer loop
      vertex -1.7603926402016157 -7.717545161008064 6.9
      vertex -1.7603926402016157 -7.717545161008064 0
      vertex -1.7700000000000005 -7.62 6.9
    endloop
  endfacet
  facet normal 0.9951847266721969 -0.09801714032956084 0
    outer loop
      vertex -1.7700000000000005 -7.62 6.9
      vertex -1.7700000000000005 -7.62 0
      vertex -1.7603926402016157 -7.522454838991936 6.9
    endloop
  endfacet
  facet normal 0.9569403357322093 -0.2902846772544611 0
    outer loop
      vertex -1.7603926402016157 -7.522454838991936 6.9
      vertex -1.7603926402016157 -7.522454838991936 0
      vertex -1.731939766255644 -7.428658283817455 6.9
    endloop
  endfacet
  facet normal 0.8819212643483558 -0.47139673682599587 0
    outer loop
      vertex -1.731939766255644 -7.428658283817455 6.9
      vertex -1.731939766255644 -7.428658283817455 0
      vertex -1.6857348061512731 -7.342214883490199 6.9
    endloop
  endfacet
  facet normal 0.7730104533627356 -0.6343932841636472 0
    outer loop
      vertex -1.6857348061512731 -7.342214883490199 6.9
      vertex -1.6857348061512731 -7.342214883490199 0
      vertex -1.6235533905932742 -7.266446609406726 6.9
    endloop
  endfacet
  facet normal 0.6343932841636488 0.7730104533627343 0
    outer loop
      vertex -1.5477851165098016 -8.035734806151273 6.9
      vertex -1.5477851165098016 -8.035734806151273 0
      vertex -1.6235533905932742 -7.973553390593274 6.9
    endloop
  endfacet
  facet normal 0.47139673682599603 0.8819212643483559 -4.310118613778735e-19
    outer loop
      vertex -1.5477851165098016 -8.035734806151273 6.9
      vertex -1.4613417161825453 -8.081939766255644 6.9
      vertex -1.4613417161825453 -8.081939766255644 0
    endloop
  endfacet
  facet normal 0.2902846772544576 0.9569403357322103 8.213313697187683e-20
    outer loop
      vertex -1.4613417161825453 -8.081939766255644 6.9
      vertex -1.3675451610080647 -8.110392640201615 6.9
      vertex -1.3675451610080647 -8.110392640201615 0
    endloop
  endfacet
  facet normal 0.0980171403295696 0.9951847266721959 -1.564598771486762e-20
    outer loop
      vertex -1.3675451610080647 -8.110392640201615 6.9
      vertex -1.2700000000000005 -8.120000000000001 6.9
      vertex -1.2700000000000005 -8.120000000000001 0
    endloop
  endfacet
  facet normal -0.0980171403295696 0.9951847266721959 1.564598771486762e-20
    outer loop
      vertex -1.2700000000000005 -8.120000000000001 6.9
      vertex -1.1724548389919363 -8.110392640201615 6.9
      vertex -1.1724548389919363 -8.110392640201615 0
    endloop
  endfacet
  facet normal -0.2902846772544576 0.9569403357322103 -8.213313697187683e-20
    outer loop
      vertex -1.1724548389919363 -8.110392640201615 6.9
      vertex -1.0786582838174557 -8.081939766255644 6.9
      vertex -1.0786582838174557 -8.081939766255644 0
    endloop
  endfacet
  facet normal -0.47139673682599603 0.8819212643483559 4.310118613778735e-19
    outer loop
      vertex -1.0786582838174557 -8.081939766255644 6.9
      vertex -0.9922148834901994 -8.035734806151273 6.9
      vertex -0.9922148834901994 -8.035734806151273 0
    endloop
  endfacet
  facet normal -0.6343932841636488 0.7730104533627343 -5.604470288417793e-19
    outer loop
      vertex -0.9922148834901994 -8.035734806151273 6.9
      vertex -0.9164466094067267 -7.973553390593274 6.9
      vertex -0.9164466094067267 -7.973553390593274 0
    endloop
  endfacet
  facet normal -0.7730104533627356 0.6343932841636472 -1.9083588509322878e-19
    outer loop
      vertex -0.9164466094067267 -7.973553390593274 6.9
      vertex -0.8542651938487278 -7.897785116509802 6.9
      vertex -0.8542651938487278 -7.897785116509802 0
    endloop
  endfacet
  facet normal -0.8819212643483565 0.47139673682599503 7.409222754104317e-20
    outer loop
      vertex -0.8542651938487278 -7.897785116509802 6.9
      vertex -0.8080602337443571 -7.811341716182545 6.9
      vertex -0.8080602337443571 -7.811341716182545 0
    endloop
  endfacet
  facet normal -0.8819212643483565 -0.47139673682599503 0
    outer loop
      vertex -0.8542651938487278 -7.342214883490199 6.9
      vertex -0.8542651938487278 -7.342214883490199 0
      vertex -0.8080602337443571 -7.428658283817455 6.9
    endloop
  endfacet
  facet normal -0.7730104533627356 -0.6343932841636472 1.9083588509322878e-19
    outer loop
      vertex -0.8542651938487278 -7.342214883490199 6.9
      vertex -0.9164466094067267 -7.266446609406726 6.9
      vertex -0.9164466094067267 -7.266446609406726 0
    endloop
  endfacet
  facet normal -0.9569403357322089 0.29028467725446216 3.202192974856241e-19
    outer loop
      vertex -0.8080602337443571 -7.811341716182545 6.9
      vertex -0.7796073597983852 -7.717545161008064 6.9
      vertex -0.7796073597983852 -7.717545161008064 0
    endloop
  endfacet
  facet normal -0.9951847266721969 0.09801714032956084 5.318535846983332e-20
    outer loop
      vertex -0.7796073597983852 -7.717545161008064 6.9
      vertex -0.7700000000000005 -7.62 6.9
      vertex -0.7700000000000005 -7.62 0
    endloop
  endfacet
  facet normal -0.9951847266721969 -0.09801714032956084 -5.318535846983332e-20
    outer loop
      vertex -0.7700000000000005 -7.62 6.9
      vertex -0.7796073597983852 -7.522454838991936 6.9
      vertex -0.7796073597983852 -7.522454838991936 0
    endloop
  endfacet
  facet normal -0.9569403357322089 -0.29028467725446216 -3.202192974856241e-19
    outer loop
      vertex -0.7796073597983852 -7.522454838991936 6.9
      vertex -0.8080602337443571 -7.428658283817455 6.9
      vertex -0.8080602337443571 -7.428658283817455 0
    endloop
  endfacet
  facet normal 0.6343932841636433 -0.7730104533627387 0
    outer loop
      vertex -1.6235533905932742 -7.266446609406726 6.9
      vertex -1.6235533905932742 -7.266446609406726 0
      vertex -1.5477851165098016 -7.204265193848728 6.9
    endloop
  endfacet
  facet normal 0.47139673682599603 -0.8819212643483559 0
    outer loop
      vertex -1.5477851165098016 -7.204265193848728 6.9
      vertex -1.5477851165098016 -7.204265193848728 0
      vertex -1.4613417161825453 -7.158060233744357 6.9
    endloop
  endfacet
  facet normal 0.2902846772544659 -0.9569403357322077 0
    outer loop
      vertex -1.4613417161825453 -7.158060233744357 6.9
      vertex -1.4613417161825453 -7.158060233744357 0
      vertex -1.3675451610080647 -7.129607359798385 6.9
    endloop
  endfacet
  facet normal 0.09801714032956062 -0.9951847266721969 0
    outer loop
      vertex -1.3675451610080647 -7.129607359798385 6.9
      vertex -1.3675451610080647 -7.129607359798385 0
      vertex -1.2700000000000005 -7.12 6.9
    endloop
  endfacet
  facet normal -0.09801714032956062 -0.9951847266721969 0
    outer loop
      vertex -1.2700000000000005 -7.12 6.9
      vertex -1.2700000000000005 -7.12 0
      vertex -1.1724548389919363 -7.129607359798385 6.9
    endloop
  endfacet
  facet normal -0.2902846772544659 -0.9569403357322077 0
    outer loop
      vertex -1.1724548389919363 -7.129607359798385 6.9
      vertex -1.1724548389919363 -7.129607359798385 0
      vertex -1.0786582838174557 -7.158060233744357 6.9
    endloop
  endfacet
  facet normal -0.47139673682599603 -0.8819212643483559 -4.310118613778735e-19
    outer loop
      vertex -0.9922148834901994 -7.204265193848728 6.9
      vertex -1.0786582838174557 -7.158060233744357 6.9
      vertex -1.0786582838174557 -7.158060233744357 0
    endloop
  endfacet
  facet normal -0.6343932841636433 -0.7730104533627387 0
    outer loop
      vertex -0.9922148834901994 -7.204265193848728 6.9
      vertex -0.9922148834901994 -7.204265193848728 0
      vertex -0.9164466094067267 -7.266446609406726 6.9
    endloop
  endfacet
  facet normal 0.7501422910814801 0.6156258683941928 0.24143598177347952
    outer loop
      vertex -1.6857348061512731 -7.897785116509802 6.9
      vertex -2.018322651072291 -8.120013209717643 8.5
      vertex -1.6235533905932742 -7.973553390593274 6.9
    endloop
  endfacet
  facet normal 0.6156258683941944 0.750142291081479 0.241435981773479
    outer loop
      vertex -1.5477851165098016 -8.035734806151273 6.9
      vertex -1.6235533905932742 -7.973553390593274 6.9
      vertex -1.7700132097176424 -8.36832265107229 8.5
    endloop
  endfacet
  facet normal 0.8558311662071548 0.457451288831475 0.24143598177347947
    outer loop
      vertex -1.6857348061512731 -7.897785116509802 6.9
      vertex -1.731939766255644 -7.811341716182545 6.9
      vertex -2.1014915792601583 -7.964415089128581 8.5
    endloop
  endfacet
  facet normal 0.928630929571133 0.28169711278060544 0.24143598177347966
    outer loop
      vertex -1.731939766255644 -7.811341716182545 6.9
      vertex -1.7603926402016157 -7.717545161008064 6.9
      vertex -2.1527067523629078 -7.795581289814516 8.5
    endloop
  endfacet
  facet normal 0.9657439270939181 0.09511747466313915 0.24143598177347952
    outer loop
      vertex -1.7603926402016157 -7.717545161008064 6.9
      vertex -1.7700000000000005 -7.62 6.9
      vertex -2.1700000000000004 -7.62 8.5
    endloop
  endfacet
  facet normal 0.9657439270939181 -0.09511747466313915 0.24143598177347952
    outer loop
      vertex -1.7700000000000005 -7.62 6.9
      vertex -1.7603926402016157 -7.522454838991936 6.9
      vertex -2.1700000000000004 -7.62 8.5
    endloop
  endfacet
  facet normal 0.928630929571133 -0.28169711278060544 0.2414359817734796
    outer loop
      vertex -1.7603926402016157 -7.522454838991936 6.9
      vertex -1.731939766255644 -7.428658283817455 6.9
      vertex -2.1527067523629078 -7.444418710185484 8.5
    endloop
  endfacet
  facet normal 0.8558311662071548 -0.457451288831475 0.24143598177347947
    outer loop
      vertex -1.731939766255644 -7.428658283817455 6.9
      vertex -1.6857348061512731 -7.342214883490199 6.9
      vertex -2.1014915792601583 -7.2755849108714195 8.5
    endloop
  endfacet
  facet normal 0.7501422910814801 -0.6156258683941928 0.24143598177347952
    outer loop
      vertex -1.6857348061512731 -7.342214883490199 6.9
      vertex -1.6235533905932742 -7.266446609406726 6.9
      vertex -2.018322651072291 -7.119986790282358 8.5
    endloop
  endfacet
  facet normal 0.6156258683941891 -0.7501422910814831 0.2414359817734795
    outer loop
      vertex -1.6235533905932742 -7.266446609406726 6.9
      vertex -1.5477851165098016 -7.204265193848728 6.9
      vertex -1.7700132097176424 -6.87167734892771 8.5
    endloop
  endfacet
  facet normal 0.457451288831475 0.8558311662071548 0.24143598177347975
    outer loop
      vertex -1.5477851165098016 -8.035734806151273 6.9
      vertex -1.6144150891285813 -8.451491579260159 8.5
      vertex -1.4613417161825453 -8.081939766255644 6.9
    endloop
  endfacet
  facet normal 0.28169711278060205 0.928630929571134 0.24143598177347989
    outer loop
      vertex -1.4613417161825453 -8.081939766255644 6.9
      vertex -1.445581289814516 -8.502706752362908 8.5
      vertex -1.3675451610080647 -8.110392640201615 6.9
    endloop
  endfacet
  facet normal 0.09511747466314767 0.9657439270939174 0.24143598177347855
    outer loop
      vertex -1.3675451610080647 -8.110392640201615 6.9
      vertex -1.2700000000000005 -8.52 8.5
      vertex -1.2700000000000005 -8.120000000000001 6.9
    endloop
  endfacet
  facet normal -0.09511747466314767 0.9657439270939174 0.24143598177347855
    outer loop
      vertex -1.2700000000000005 -8.120000000000001 6.9
      vertex -1.2700000000000005 -8.52 8.5
      vertex -1.1724548389919363 -8.110392640201615 6.9
    endloop
  endfacet
  facet normal -0.28169711278060205 0.928630929571134 0.24143598177347989
    outer loop
      vertex -1.1724548389919363 -8.110392640201615 6.9
      vertex -1.094418710185485 -8.502706752362908 8.5
      vertex -1.0786582838174557 -8.081939766255644 6.9
    endloop
  endfacet
  facet normal -0.457451288831475 0.8558311662071548 0.24143598177347975
    outer loop
      vertex -1.0786582838174557 -8.081939766255644 6.9
      vertex -0.9255849108714196 -8.451491579260159 8.5
      vertex -0.9922148834901994 -8.035734806151273 6.9
    endloop
  endfacet
  facet normal -0.6156258683941944 0.750142291081479 0.24143598177347894
    outer loop
      vertex -0.9922148834901994 -8.035734806151273 6.9
      vertex -0.7699867902823585 -8.36832265107229 8.5
      vertex -0.9164466094067267 -7.973553390593274 6.9
    endloop
  endfacet
  facet normal -0.7501422910814801 0.6156258683941928 0.24143598177347952
    outer loop
      vertex -0.9164466094067267 -7.973553390593274 6.9
      vertex -0.5216773489277098 -8.120013209717643 8.5
      vertex -0.8542651938487278 -7.897785116509802 6.9
    endloop
  endfacet
  facet normal -0.8558311662071553 0.4574512888314741 0.2414359817734797
    outer loop
      vertex -0.8542651938487278 -7.897785116509802 6.9
      vertex -0.4385084207398424 -7.964415089128581 8.5
      vertex -0.8080602337443571 -7.811341716182545 6.9
    endloop
  endfacet
  facet normal -0.9286309295711329 0.2816971127806065 0.2414359817734797
    outer loop
      vertex -0.8080602337443571 -7.811341716182545 6.9
      vertex -0.38729324763709305 -7.795581289814516 8.5
      vertex -0.7796073597983852 -7.717545161008064 6.9
    endloop
  endfacet
  facet normal -0.9657439270939181 0.09511747466313915 0.2414359817734796
    outer loop
      vertex -0.7796073597983852 -7.717545161008064 6.9
      vertex -0.37000000000000044 -7.62 8.5
      vertex -0.7700000000000005 -7.62 6.9
    endloop
  endfacet
  facet normal -0.9657439270939181 -0.09511747466313915 0.2414359817734796
    outer loop
      vertex -0.7700000000000005 -7.62 6.9
      vertex -0.37000000000000044 -7.62 8.5
      vertex -0.7796073597983852 -7.522454838991936 6.9
    endloop
  endfacet
  facet normal -0.9286309295711329 -0.2816971127806065 0.2414359817734797
    outer loop
      vertex -0.7796073597983852 -7.522454838991936 6.9
      vertex -0.38729324763709305 -7.444418710185484 8.5
      vertex -0.8080602337443571 -7.428658283817455 6.9
    endloop
  endfacet
  facet normal -0.8558311662071553 -0.4574512888314741 0.2414359817734797
    outer loop
      vertex -0.8542651938487278 -7.342214883490199 6.9
      vertex -0.8080602337443571 -7.428658283817455 6.9
      vertex -0.4385084207398424 -7.2755849108714195 8.5
    endloop
  endfacet
  facet normal 0.457451288831475 -0.8558311662071548 0.24143598177347975
    outer loop
      vertex -1.5477851165098016 -7.204265193848728 6.9
      vertex -1.4613417161825453 -7.158060233744357 6.9
      vertex -1.6144150891285813 -6.788508420739842 8.5
    endloop
  endfacet
  facet normal 0.28169711278061016 -0.9286309295711318 0.24143598177347975
    outer loop
      vertex -1.4613417161825453 -7.158060233744357 6.9
      vertex -1.3675451610080647 -7.129607359798385 6.9
      vertex -1.445581289814516 -6.737293247637092 8.5
    endloop
  endfacet
  facet normal 0.09511747466313894 -0.9657439270939181 0.24143598177347977
    outer loop
      vertex -1.3675451610080647 -7.129607359798385 6.9
      vertex -1.2700000000000005 -7.12 6.9
      vertex -1.2700000000000005 -6.72 8.5
    endloop
  endfacet
  facet normal -0.09511747466313894 -0.9657439270939181 0.24143598177347977
    outer loop
      vertex -1.2700000000000005 -7.12 6.9
      vertex -1.1724548389919363 -7.129607359798385 6.9
      vertex -1.2700000000000005 -6.72 8.5
    endloop
  endfacet
  facet normal -0.28169711278061016 -0.9286309295711318 0.24143598177347975
    outer loop
      vertex -1.1724548389919363 -7.129607359798385 6.9
      vertex -1.0786582838174557 -7.158060233744357 6.9
      vertex -1.094418710185485 -6.737293247637092 8.5
    endloop
  endfacet
  facet normal -0.6156258683941891 -0.7501422910814831 0.2414359817734795
    outer loop
      vertex -0.9922148834901994 -7.204265193848728 6.9
      vertex -0.9164466094067267 -7.266446609406726 6.9
      vertex -0.7699867902823585 -6.87167734892771 8.5
    endloop
  endfacet
  facet normal -0.457451288831475 -0.8558311662071548 0.24143598177347975
    outer loop
      vertex -0.9922148834901994 -7.204265193848728 6.9
      vertex -0.9255849108714196 -6.788508420739842 8.5
      vertex -1.0786582838174557 -7.158060233744357 6.9
    endloop
  endfacet
  facet normal -0.7501422910814801 -0.6156258683941928 0.24143598177347952
    outer loop
      vertex -0.8542651938487278 -7.342214883490199 6.9
      vertex -0.5216773489277098 -7.119986790282358 8.5
      vertex -0.9164466094067267 -7.266446609406726 6.9
    endloop
  endfacet
  facet normal 0.8558311662071549 0.45745128883147446 0.24143598177347944
    outer loop
      vertex -1.6857348061512731 -7.897785116509802 6.9
      vertex -2.1014915792601583 -7.964415089128581 8.5
      vertex -2.018322651072291 -8.120013209717643 8.5
    endloop
  endfacet
  facet normal 0.75014229108148 0.6156258683941928 0.24143598177347944
    outer loop
      vertex -1.6235533905932742 -7.973553390593274 6.9
      vertex -2.018322651072291 -8.120013209717643 8.5
      vertex -1.9063961030678933 -8.256396103067893 8.5
    endloop
  endfacet
  facet normal 0.6156258683941906 0.750142291081482 0.24143598177347933
    outer loop
      vertex -1.6235533905932742 -7.973553390593274 6.9
      vertex -1.9063961030678933 -8.256396103067893 8.5
      vertex -1.7700132097176424 -8.36832265107229 8.5
    endloop
  endfacet
  facet normal 0.45745128883148173 0.8558311662071513 0.2414359817734791
    outer loop
      vertex -1.5477851165098016 -8.035734806151273 6.9
      vertex -1.7700132097176424 -8.36832265107229 8.5
      vertex -1.6144150891285813 -8.451491579260159 8.5
    endloop
  endfacet
  facet normal 0.9657439270939181 0.09511747466313876 0.24143598177347958
    outer loop
      vertex -1.7603926402016157 -7.717545161008064 6.9
      vertex -2.1700000000000004 -7.62 8.5
      vertex -2.1527067523629078 -7.795581289814516 8.5
    endloop
  endfacet
  facet normal 0.9657439270939181 -0.09511747466313893 0.24143598177347958
    outer loop
      vertex -1.7603926402016157 -7.522454838991936 6.9
      vertex -2.1527067523629078 -7.444418710185484 8.5
      vertex -2.1700000000000004 -7.62 8.5
    endloop
  endfacet
  facet normal 0.9286309295711324 0.2816971127806082 0.2414359817734794
    outer loop
      vertex -1.731939766255644 -7.811341716182545 6.9
      vertex -2.1527067523629078 -7.795581289814516 8.5
      vertex -2.1014915792601583 -7.964415089128581 8.5
    endloop
  endfacet
  facet normal 0.9286309295711324 -0.28169711278060816 0.2414359817734794
    outer loop
      vertex -1.731939766255644 -7.428658283817455 6.9
      vertex -2.1014915792601583 -7.2755849108714195 8.5
      vertex -2.1527067523629078 -7.444418710185484 8.5
    endloop
  endfacet
  facet normal 0.8558311662071552 -0.45745128883147423 0.2414359817734795
    outer loop
      vertex -1.6857348061512731 -7.342214883490199 6.9
      vertex -2.018322651072291 -7.119986790282358 8.5
      vertex -2.1014915792601583 -7.2755849108714195 8.5
    endloop
  endfacet
  facet normal 0.75014229108148 -0.6156258683941929 0.2414359817734795
    outer loop
      vertex -1.6235533905932742 -7.266446609406726 6.9
      vertex -1.9063961030678933 -6.983603896932108 8.5
      vertex -2.018322651072291 -7.119986790282358 8.5
    endloop
  endfacet
  facet normal 0.6156258683941905 -0.7501422910814821 0.24143598177347939
    outer loop
      vertex -1.6235533905932742 -7.266446609406726 6.9
      vertex -1.7700132097176424 -6.87167734892771 8.5
      vertex -1.9063961030678933 -6.983603896932108 8.5
    endloop
  endfacet
  facet normal 0.4574512888314779 -0.8558311662071533 0.24143598177347947
    outer loop
      vertex -1.5477851165098016 -7.204265193848728 6.9
      vertex -1.6144150891285813 -6.788508420739842 8.5
      vertex -1.7700132097176424 -6.87167734892771 8.5
    endloop
  endfacet
  facet normal 0.0951174746631342 0.9657439270939187 0.24143598177347966
    outer loop
      vertex -1.3675451610080647 -8.110392640201615 6.9
      vertex -1.445581289814516 -8.502706752362908 8.5
      vertex -1.2700000000000005 -8.52 8.5
    endloop
  endfacet
  facet normal 0.2816971127806053 0.9286309295711332 0.2414359817734796
    outer loop
      vertex -1.4613417161825453 -8.081939766255644 6.9
      vertex -1.6144150891285813 -8.451491579260159 8.5
      vertex -1.445581289814516 -8.502706752362908 8.5
    endloop
  endfacet
  facet normal -0.09511747466313397 0.9657439270939187 0.24143598177347972
    outer loop
      vertex -1.1724548389919363 -8.110392640201615 6.9
      vertex -1.2700000000000005 -8.52 8.5
      vertex -1.094418710185485 -8.502706752362908 8.5
    endloop
  endfacet
  facet normal -0.281697112780605 0.9286309295711332 0.24143598177347966
    outer loop
      vertex -1.0786582838174557 -8.081939766255644 6.9
      vertex -1.094418710185485 -8.502706752362908 8.5
      vertex -0.9255849108714196 -8.451491579260159 8.5
    endloop
  endfacet
  facet normal -0.4574512888314815 0.8558311662071514 0.24143598177347916
    outer loop
      vertex -0.9922148834901994 -8.035734806151273 6.9
      vertex -0.9255849108714196 -8.451491579260159 8.5
      vertex -0.7699867902823585 -8.36832265107229 8.5
    endloop
  endfacet
  facet normal -0.6156258683941905 0.7501422910814821 0.24143598177347939
    outer loop
      vertex -0.9164466094067267 -7.973553390593274 6.9
      vertex -0.7699867902823585 -8.36832265107229 8.5
      vertex -0.6336038969321076 -8.256396103067893 8.5
    endloop
  endfacet
  facet normal -0.75014229108148 0.6156258683941929 0.2414359817734795
    outer loop
      vertex -0.9164466094067267 -7.973553390593274 6.9
      vertex -0.6336038969321076 -8.256396103067893 8.5
      vertex -0.5216773489277098 -8.120013209717643 8.5
    endloop
  endfacet
  facet normal -0.8558311662071547 0.4574512888314751 0.24143598177347955
    outer loop
      vertex -0.8542651938487278 -7.897785116509802 6.9
      vertex -0.5216773489277098 -8.120013209717643 8.5
      vertex -0.4385084207398424 -7.964415089128581 8.5
    endloop
  endfacet
  facet normal -0.9286309295711326 0.28169711278060755 0.2414359817734796
    outer loop
      vertex -0.8080602337443571 -7.811341716182545 6.9
      vertex -0.4385084207398424 -7.964415089128581 8.5
      vertex -0.38729324763709305 -7.795581289814516 8.5
    endloop
  endfacet
  facet normal -0.9657439270939181 0.09511747466313877 0.24143598177347964
    outer loop
      vertex -0.7796073597983852 -7.717545161008064 6.9
      vertex -0.38729324763709305 -7.795581289814516 8.5
      vertex -0.37000000000000044 -7.62 8.5
    endloop
  endfacet
  facet normal -0.9657439270939181 -0.09511747466313891 0.24143598177347964
    outer loop
      vertex -0.7796073597983852 -7.522454838991936 6.9
      vertex -0.37000000000000044 -7.62 8.5
      vertex -0.38729324763709305 -7.444418710185484 8.5
    endloop
  endfacet
  facet normal -0.9286309295711326 -0.2816971127806076 0.2414359817734796
    outer loop
      vertex -0.8080602337443571 -7.428658283817455 6.9
      vertex -0.38729324763709305 -7.444418710185484 8.5
      vertex -0.4385084207398424 -7.2755849108714195 8.5
    endloop
  endfacet
  facet normal 0.2816971127806095 -0.9286309295711318 0.24143598177347972
    outer loop
      vertex -1.4613417161825453 -7.158060233744357 6.9
      vertex -1.445581289814516 -6.737293247637092 8.5
      vertex -1.6144150891285813 -6.788508420739842 8.5
    endloop
  endfacet
  facet normal 0.09511747466313882 -0.9657439270939181 0.2414359817734798
    outer loop
      vertex -1.3675451610080647 -7.129607359798385 6.9
      vertex -1.2700000000000005 -6.72 8.5
      vertex -1.445581289814516 -6.737293247637092 8.5
    endloop
  endfacet
  facet normal -0.4574512888314779 -0.8558311662071533 0.24143598177347947
    outer loop
      vertex -0.9922148834901994 -7.204265193848728 6.9
      vertex -0.7699867902823585 -6.87167734892771 8.5
      vertex -0.9255849108714196 -6.788508420739842 8.5
    endloop
  endfacet
  facet normal -0.0951174746631391 -0.9657439270939181 0.24143598177347975
    outer loop
      vertex -1.1724548389919363 -7.129607359798385 6.9
      vertex -1.094418710185485 -6.737293247637092 8.5
      vertex -1.2700000000000005 -6.72 8.5
    endloop
  endfacet
  facet normal -0.28169711278060944 -0.9286309295711318 0.24143598177347972
    outer loop
      vertex -1.0786582838174557 -7.158060233744357 6.9
      vertex -0.9255849108714196 -6.788508420739842 8.5
      vertex -1.094418710185485 -6.737293247637092 8.5
    endloop
  endfacet
  facet normal -0.8558311662071545 -0.45745128883147534 0.2414359817734795
    outer loop
      vertex -0.8542651938487278 -7.342214883490199 6.9
      vertex -0.4385084207398424 -7.2755849108714195 8.5
      vertex -0.5216773489277098 -7.119986790282358 8.5
    endloop
  endfacet
  facet normal -0.75014229108148 -0.6156258683941928 0.24143598177347944
    outer loop
      vertex -0.9164466094067267 -7.266446609406726 6.9
      vertex -0.5216773489277098 -7.119986790282358 8.5
      vertex -0.6336038969321076 -6.983603896932108 8.5
    endloop
  endfacet
  facet normal -0.6156258683941906 -0.750142291081482 0.24143598177347933
    outer loop
      vertex -0.9164466094067267 -7.266446609406726 6.9
      vertex -0.6336038969321076 -6.983603896932108 8.5
      vertex -0.7699867902823585 -6.87167734892771 8.5
    endloop
  endfacet
  facet normal 0.9569403357322089 0.29028467725446216 0
    outer loop
      vertex 0.7796073597983844 -7.717545161008064 6.9
      vertex 0.8080602337443562 -7.811341716182545 0
      vertex 0.7796073597983844 -7.717545161008064 0
    endloop
  endfacet
  facet normal 0.9951847266721969 0.09801714032956084 0
    outer loop
      vertex 0.7699999999999996 -7.62 6.9
      vertex 0.7796073597983844 -7.717545161008064 0
      vertex 0.7699999999999996 -7.62 0
    endloop
  endfacet
  facet normal 0.9951847266721969 -0.09801714032956084 0
    outer loop
      vertex 0.7796073597983844 -7.522454838991936 6.9
      vertex 0.7699999999999996 -7.62 0
      vertex 0.7796073597983844 -7.522454838991936 0
    endloop
  endfacet
  facet normal 0.9569403357322089 -0.29028467725446216 0
    outer loop
      vertex 0.8080602337443562 -7.428658283817455 6.9
      vertex 0.7796073597983844 -7.522454838991936 0
      vertex 0.8080602337443562 -7.428658283817455 0
    endloop
  endfacet
  facet normal 0.6343932841636488 0.7730104533627343 0
    outer loop
      vertex 0.9164466094067258 -7.973553390593274 6.9
      vertex 0.9922148834901985 -8.035734806151273 0
      vertex 0.9164466094067258 -7.973553390593274 0
    endloop
  endfacet
  facet normal 0.47139673682599603 0.8819212643483559 0
    outer loop
      vertex 0.9922148834901985 -8.035734806151273 6.9
      vertex 1.0786582838174548 -8.081939766255644 0
      vertex 0.9922148834901985 -8.035734806151273 0
    endloop
  endfacet
  facet normal 0.2902846772544576 0.9569403357322103 0
    outer loop
      vertex 1.0786582838174548 -8.081939766255644 6.9
      vertex 1.1724548389919354 -8.110392640201615 0
      vertex 1.0786582838174548 -8.081939766255644 0
    endloop
  endfacet
  facet normal 0.0980171403295696 0.9951847266721959 0
    outer loop
      vertex 1.1724548389919354 -8.110392640201615 6.9
      vertex 1.2699999999999996 -8.120000000000001 0
      vertex 1.1724548389919354 -8.110392640201615 0
    endloop
  endfacet
  facet normal -0.0980171403295696 0.9951847266721959 0
    outer loop
      vertex 1.2699999999999996 -8.120000000000001 6.9
      vertex 1.3675451610080638 -8.110392640201615 0
      vertex 1.2699999999999996 -8.120000000000001 0
    endloop
  endfacet
  facet normal -0.2902846772544576 0.9569403357322103 0
    outer loop
      vertex 1.3675451610080638 -8.110392640201615 6.9
      vertex 1.4613417161825444 -8.081939766255644 0
      vertex 1.3675451610080638 -8.110392640201615 0
    endloop
  endfacet
  facet normal -0.47139673682599603 0.8819212643483559 0
    outer loop
      vertex 1.4613417161825444 -8.081939766255644 6.9
      vertex 1.5477851165098007 -8.035734806151273 0
      vertex 1.4613417161825444 -8.081939766255644 0
    endloop
  endfacet
  facet normal -0.6343932841636488 0.7730104533627343 0
    outer loop
      vertex 1.5477851165098007 -8.035734806151273 6.9
      vertex 1.6235533905932733 -7.973553390593274 0
      vertex 1.5477851165098007 -8.035734806151273 0
    endloop
  endfacet
  facet normal 0.7730104533627356 0.6343932841636472 0
    outer loop
      vertex 0.8542651938487269 -7.897785116509802 6.9
      vertex 0.9164466094067258 -7.973553390593274 0
      vertex 0.8542651938487269 -7.897785116509802 0
    endloop
  endfacet
  facet normal 0.8819212643483565 0.47139673682599503 0
    outer loop
      vertex 0.8080602337443562 -7.811341716182545 6.9
      vertex 0.8542651938487269 -7.897785116509802 0
      vertex 0.8080602337443562 -7.811341716182545 0
    endloop
  endfacet
  facet normal 0.8819212643483565 -0.47139673682599503 0
    outer loop
      vertex 0.8542651938487269 -7.342214883490199 6.9
      vertex 0.8080602337443562 -7.428658283817455 0
      vertex 0.8542651938487269 -7.342214883490199 0
    endloop
  endfacet
  facet normal 0.7730104533627356 -0.6343932841636472 0
    outer loop
      vertex 0.9164466094067258 -7.266446609406726 6.9
      vertex 0.8542651938487269 -7.342214883490199 0
      vertex 0.9164466094067258 -7.266446609406726 0
    endloop
  endfacet
  facet normal 0.6343932841636433 -0.7730104533627387 0
    outer loop
      vertex 0.9922148834901985 -7.204265193848728 6.9
      vertex 0.9164466094067258 -7.266446609406726 0
      vertex 0.9922148834901985 -7.204265193848728 0
    endloop
  endfacet
  facet normal 0.47139673682599603 -0.8819212643483559 0
    outer loop
      vertex 1.0786582838174548 -7.158060233744357 6.9
      vertex 0.9922148834901985 -7.204265193848728 0
      vertex 1.0786582838174548 -7.158060233744357 0
    endloop
  endfacet
  facet normal 0.2902846772544659 -0.9569403357322077 0
    outer loop
      vertex 1.1724548389919354 -7.129607359798385 6.9
      vertex 1.0786582838174548 -7.158060233744357 0
      vertex 1.1724548389919354 -7.129607359798385 0
    endloop
  endfacet
  facet normal 0.09801714032956062 -0.9951847266721969 0
    outer loop
      vertex 1.2699999999999996 -7.12 6.9
      vertex 1.1724548389919354 -7.129607359798385 0
      vertex 1.2699999999999996 -7.12 0
    endloop
  endfacet
  facet normal -0.09801714032956062 -0.9951847266721969 0
    outer loop
      vertex 1.3675451610080638 -7.129607359798385 6.9
      vertex 1.2699999999999996 -7.12 0
      vertex 1.3675451610080638 -7.129607359798385 0
    endloop
  endfacet
  facet normal -0.2902846772544659 -0.9569403357322077 0
    outer loop
      vertex 1.4613417161825444 -7.158060233744357 6.9
      vertex 1.3675451610080638 -7.129607359798385 0
      vertex 1.4613417161825444 -7.158060233744357 0
    endloop
  endfacet
  facet normal -0.47139673682599603 -0.8819212643483559 0
    outer loop
      vertex 1.5477851165098007 -7.204265193848728 6.9
      vertex 1.4613417161825444 -7.158060233744357 0
      vertex 1.5477851165098007 -7.204265193848728 0
    endloop
  endfacet
  facet normal -0.6343932841636433 -0.7730104533627387 0
    outer loop
      vertex 1.6235533905932733 -7.266446609406726 6.9
      vertex 1.5477851165098007 -7.204265193848728 0
      vertex 1.6235533905932733 -7.266446609406726 0
    endloop
  endfacet
  facet normal -0.7730104533627356 0.6343932841636472 0
    outer loop
      vertex 1.6235533905932733 -7.973553390593274 6.9
      vertex 1.6857348061512722 -7.897785116509802 0
      vertex 1.6235533905932733 -7.973553390593274 0
    endloop
  endfacet
  facet normal -0.8819212643483558 0.47139673682599587 0
    outer loop
      vertex 1.6857348061512722 -7.897785116509802 6.9
      vertex 1.731939766255643 -7.811341716182545 0
      vertex 1.6857348061512722 -7.897785116509802 0
    endloop
  endfacet
  facet normal -0.9569403357322093 0.2902846772544611 0
    outer loop
      vertex 1.731939766255643 -7.811341716182545 6.9
      vertex 1.7603926402016148 -7.717545161008064 0
      vertex 1.731939766255643 -7.811341716182545 0
    endloop
  endfacet
  facet normal -0.9951847266721969 0.09801714032956084 0
    outer loop
      vertex 1.7603926402016148 -7.717545161008064 6.9
      vertex 1.7699999999999996 -7.62 0
      vertex 1.7603926402016148 -7.717545161008064 0
    endloop
  endfacet
  facet normal -0.9951847266721969 -0.09801714032956084 0
    outer loop
      vertex 1.7699999999999996 -7.62 6.9
      vertex 1.7603926402016148 -7.522454838991936 0
      vertex 1.7699999999999996 -7.62 0
    endloop
  endfacet
  facet normal -0.9569403357322093 -0.2902846772544611 0
    outer loop
      vertex 1.7603926402016148 -7.522454838991936 6.9
      vertex 1.731939766255643 -7.428658283817455 0
      vertex 1.7603926402016148 -7.522454838991936 0
    endloop
  endfacet
  facet normal -0.7730104533627356 -0.6343932841636472 0
    outer loop
      vertex 1.6857348061512722 -7.342214883490199 6.9
      vertex 1.6235533905932733 -7.266446609406726 0
      vertex 1.6857348061512722 -7.342214883490199 0
    endloop
  endfacet
  facet normal -0.8819212643483558 -0.47139673682599587 0
    outer loop
      vertex 1.731939766255643 -7.428658283817455 6.9
      vertex 1.6857348061512722 -7.342214883490199 0
      vertex 1.731939766255643 -7.428658283817455 0
    endloop
  endfacet
  facet normal 0.9569403357322089 0.29028467725446216 0
    outer loop
      vertex 0.8080602337443562 -7.811341716182545 6.9
      vertex 0.8080602337443562 -7.811341716182545 0
      vertex 0.7796073597983844 -7.717545161008064 6.9
    endloop
  endfacet
  facet normal 0.9951847266721969 0.09801714032956084 0
    outer loop
      vertex 0.7796073597983844 -7.717545161008064 6.9
      vertex 0.7796073597983844 -7.717545161008064 0
      vertex 0.7699999999999996 -7.62 6.9
    endloop
  endfacet
  facet normal 0.9951847266721969 -0.09801714032956084 0
    outer loop
      vertex 0.7699999999999996 -7.62 6.9
      vertex 0.7699999999999996 -7.62 0
      vertex 0.7796073597983844 -7.522454838991936 6.9
    endloop
  endfacet
  facet normal 0.9569403357322089 -0.29028467725446216 0
    outer loop
      vertex 0.7796073597983844 -7.522454838991936 6.9
      vertex 0.7796073597983844 -7.522454838991936 0
      vertex 0.8080602337443562 -7.428658283817455 6.9
    endloop
  endfacet
  facet normal 0.6343932841636488 0.7730104533627343 0
    outer loop
      vertex 0.9922148834901985 -8.035734806151273 6.9
      vertex 0.9922148834901985 -8.035734806151273 0
      vertex 0.9164466094067258 -7.973553390593274 6.9
    endloop
  endfacet
  facet normal 0.47139673682599603 0.8819212643483559 -4.310118613778735e-19
    outer loop
      vertex 0.9922148834901985 -8.035734806151273 6.9
      vertex 1.0786582838174548 -8.081939766255644 6.9
      vertex 1.0786582838174548 -8.081939766255644 0
    endloop
  endfacet
  facet normal 0.2902846772544576 0.9569403357322103 8.213313697187683e-20
    outer loop
      vertex 1.0786582838174548 -8.081939766255644 6.9
      vertex 1.1724548389919354 -8.110392640201615 6.9
      vertex 1.1724548389919354 -8.110392640201615 0
    endloop
  endfacet
  facet normal 0.0980171403295696 0.9951847266721959 -1.564598771486762e-20
    outer loop
      vertex 1.1724548389919354 -8.110392640201615 6.9
      vertex 1.2699999999999996 -8.120000000000001 6.9
      vertex 1.2699999999999996 -8.120000000000001 0
    endloop
  endfacet
  facet normal -0.0980171403295696 0.9951847266721959 1.564598771486762e-20
    outer loop
      vertex 1.2699999999999996 -8.120000000000001 6.9
      vertex 1.3675451610080638 -8.110392640201615 6.9
      vertex 1.3675451610080638 -8.110392640201615 0
    endloop
  endfacet
  facet normal -0.2902846772544576 0.9569403357322103 -8.213313697187683e-20
    outer loop
      vertex 1.3675451610080638 -8.110392640201615 6.9
      vertex 1.4613417161825444 -8.081939766255644 6.9
      vertex 1.4613417161825444 -8.081939766255644 0
    endloop
  endfacet
  facet normal -0.47139673682599603 0.8819212643483559 4.310118613778735e-19
    outer loop
      vertex 1.4613417161825444 -8.081939766255644 6.9
      vertex 1.5477851165098007 -8.035734806151273 6.9
      vertex 1.5477851165098007 -8.035734806151273 0
    endloop
  endfacet
  facet normal -0.6343932841636488 0.7730104533627343 -5.604470288417793e-19
    outer loop
      vertex 1.5477851165098007 -8.035734806151273 6.9
      vertex 1.6235533905932733 -7.973553390593274 6.9
      vertex 1.6235533905932733 -7.973553390593274 0
    endloop
  endfacet
  facet normal 0.7730104533627356 0.6343932841636472 0
    outer loop
      vertex 0.9164466094067258 -7.973553390593274 6.9
      vertex 0.9164466094067258 -7.973553390593274 0
      vertex 0.8542651938487269 -7.897785116509802 6.9
    endloop
  endfacet
  facet normal 0.8819212643483565 0.47139673682599503 0
    outer loop
      vertex 0.8542651938487269 -7.897785116509802 6.9
      vertex 0.8542651938487269 -7.897785116509802 0
      vertex 0.8080602337443562 -7.811341716182545 6.9
    endloop
  endfacet
  facet normal 0.8819212643483565 -0.47139673682599503 0
    outer loop
      vertex 0.8080602337443562 -7.428658283817455 6.9
      vertex 0.8080602337443562 -7.428658283817455 0
      vertex 0.8542651938487269 -7.342214883490199 6.9
    endloop
  endfacet
  facet normal 0.7730104533627356 -0.6343932841636472 0
    outer loop
      vertex 0.8542651938487269 -7.342214883490199 6.9
      vertex 0.8542651938487269 -7.342214883490199 0
      vertex 0.9164466094067258 -7.266446609406726 6.9
    endloop
  endfacet
  facet normal 0.6343932841636433 -0.7730104533627387 0
    outer loop
      vertex 0.9164466094067258 -7.266446609406726 6.9
      vertex 0.9164466094067258 -7.266446609406726 0
      vertex 0.9922148834901985 -7.204265193848728 6.9
    endloop
  endfacet
  facet normal 0.47139673682599603 -0.8819212643483559 0
    outer loop
      vertex 0.9922148834901985 -7.204265193848728 6.9
      vertex 0.9922148834901985 -7.204265193848728 0
      vertex 1.0786582838174548 -7.158060233744357 6.9
    endloop
  endfacet
  facet normal 0.2902846772544659 -0.9569403357322077 0
    outer loop
      vertex 1.0786582838174548 -7.158060233744357 6.9
      vertex 1.0786582838174548 -7.158060233744357 0
      vertex 1.1724548389919354 -7.129607359798385 6.9
    endloop
  endfacet
  facet normal 0.09801714032956062 -0.9951847266721969 0
    outer loop
      vertex 1.1724548389919354 -7.129607359798385 6.9
      vertex 1.1724548389919354 -7.129607359798385 0
      vertex 1.2699999999999996 -7.12 6.9
    endloop
  endfacet
  facet normal -0.09801714032956062 -0.9951847266721969 0
    outer loop
      vertex 1.2699999999999996 -7.12 6.9
      vertex 1.2699999999999996 -7.12 0
      vertex 1.3675451610080638 -7.129607359798385 6.9
    endloop
  endfacet
  facet normal -0.2902846772544659 -0.9569403357322077 0
    outer loop
      vertex 1.3675451610080638 -7.129607359798385 6.9
      vertex 1.3675451610080638 -7.129607359798385 0
      vertex 1.4613417161825444 -7.158060233744357 6.9
    endloop
  endfacet
  facet normal -0.47139673682599603 -0.8819212643483559 0
    outer loop
      vertex 1.4613417161825444 -7.158060233744357 6.9
      vertex 1.4613417161825444 -7.158060233744357 0
      vertex 1.5477851165098007 -7.204265193848728 6.9
    endloop
  endfacet
  facet normal -0.6343932841636433 -0.7730104533627387 0
    outer loop
      vertex 1.5477851165098007 -7.204265193848728 6.9
      vertex 1.5477851165098007 -7.204265193848728 0
      vertex 1.6235533905932733 -7.266446609406726 6.9
    endloop
  endfacet
  facet normal -0.7730104533627356 0.6343932841636472 -1.9083588509322878e-19
    outer loop
      vertex 1.6235533905932733 -7.973553390593274 6.9
      vertex 1.6857348061512722 -7.897785116509802 6.9
      vertex 1.6857348061512722 -7.897785116509802 0
    endloop
  endfacet
  facet normal -0.8819212643483558 0.47139673682599587 1.571392510850372e-19
    outer loop
      vertex 1.6857348061512722 -7.897785116509802 6.9
      vertex 1.731939766255643 -7.811341716182545 6.9
      vertex 1.731939766255643 -7.811341716182545 0
    endloop
  endfacet
  facet normal -0.9569403357322093 0.2902846772544611 3.1257694490568286e-19
    outer loop
      vertex 1.731939766255643 -7.811341716182545 6.9
      vertex 1.7603926402016148 -7.717545161008064 6.9
      vertex 1.7603926402016148 -7.717545161008064 0
    endloop
  endfacet
  facet normal -0.9951847266721969 0.09801714032956084 5.318535846983332e-20
    outer loop
      vertex 1.7603926402016148 -7.717545161008064 6.9
      vertex 1.7699999999999996 -7.62 6.9
      vertex 1.7699999999999996 -7.62 0
    endloop
  endfacet
  facet normal -0.9951847266721969 -0.09801714032956084 -5.318535846983332e-20
    outer loop
      vertex 1.7699999999999996 -7.62 6.9
      vertex 1.7603926402016148 -7.522454838991936 6.9
      vertex 1.7603926402016148 -7.522454838991936 0
    endloop
  endfacet
  facet normal -0.9569403357322093 -0.2902846772544611 -3.1257694490568286e-19
    outer loop
      vertex 1.7603926402016148 -7.522454838991936 6.9
      vertex 1.731939766255643 -7.428658283817455 6.9
      vertex 1.731939766255643 -7.428658283817455 0
    endloop
  endfacet
  facet normal -0.8819212643483558 -0.47139673682599587 -1.571392510850372e-19
    outer loop
      vertex 1.731939766255643 -7.428658283817455 6.9
      vertex 1.6857348061512722 -7.342214883490199 6.9
      vertex 1.6857348061512722 -7.342214883490199 0
    endloop
  endfacet
  facet normal -0.7730104533627356 -0.6343932841636472 0
    outer loop
      vertex 1.6235533905932733 -7.266446609406726 6.9
      vertex 1.6235533905932733 -7.266446609406726 0
      vertex 1.6857348061512722 -7.342214883490199 6.9
    endloop
  endfacet
  facet normal 0.7501422910814801 0.6156258683941928 0.24143598177347952
    outer loop
      vertex 0.9164466094067258 -7.973553390593274 6.9
      vertex 0.8542651938487269 -7.897785116509802 6.9
      vertex 0.5216773489277089 -8.120013209717643 8.5
    endloop
  endfacet
  facet normal 0.8558311662071553 0.4574512888314741 0.2414359817734797
    outer loop
      vertex 0.8542651938487269 -7.897785116509802 6.9
      vertex 0.8080602337443562 -7.811341716182545 6.9
      vertex 0.43850842073984153 -7.964415089128581 8.5
    endloop
  endfacet
  facet normal 0.9286309295711329 0.2816971127806065 0.2414359817734797
    outer loop
      vertex 0.8080602337443562 -7.811341716182545 6.9
      vertex 0.7796073597983844 -7.717545161008064 6.9
      vertex 0.38729324763709216 -7.795581289814516 8.5
    endloop
  endfacet
  facet normal 0.9657439270939181 0.09511747466313915 0.2414359817734796
    outer loop
      vertex 0.7796073597983844 -7.717545161008064 6.9
      vertex 0.7699999999999996 -7.62 6.9
      vertex 0.36999999999999955 -7.62 8.5
    endloop
  endfacet
  facet normal 0.9657439270939181 -0.09511747466313915 0.2414359817734796
    outer loop
      vertex 0.7699999999999996 -7.62 6.9
      vertex 0.7796073597983844 -7.522454838991936 6.9
      vertex 0.36999999999999955 -7.62 8.5
    endloop
  endfacet
  facet normal 0.9286309295711329 -0.2816971127806065 0.2414359817734797
    outer loop
      vertex 0.7796073597983844 -7.522454838991936 6.9
      vertex 0.8080602337443562 -7.428658283817455 6.9
      vertex 0.38729324763709216 -7.444418710185484 8.5
    endloop
  endfacet
  facet normal 0.8558311662071553 -0.4574512888314741 0.24143598177347964
    outer loop
      vertex 0.8080602337443562 -7.428658283817455 6.9
      vertex 0.8542651938487269 -7.342214883490199 6.9
      vertex 0.43850842073984153 -7.2755849108714195 8.5
    endloop
  endfacet
  facet normal 0.457451288831475 0.8558311662071548 0.24143598177347975
    outer loop
      vertex 0.9922148834901985 -8.035734806151273 6.9
      vertex 0.9255849108714187 -8.451491579260159 8.5
      vertex 1.0786582838174548 -8.081939766255644 6.9
    endloop
  endfacet
  facet normal 0.6156258683941944 0.750142291081479 0.241435981773479
    outer loop
      vertex 0.9922148834901985 -8.035734806151273 6.9
      vertex 0.9164466094067258 -7.973553390593274 6.9
      vertex 0.7699867902823576 -8.36832265107229 8.5
    endloop
  endfacet
  facet normal 0.28169711278060205 0.928630929571134 0.24143598177347989
    outer loop
      vertex 1.0786582838174548 -8.081939766255644 6.9
      vertex 1.094418710185484 -8.502706752362908 8.5
      vertex 1.1724548389919354 -8.110392640201615 6.9
    endloop
  endfacet
  facet normal 0.09511747466314767 0.9657439270939174 0.24143598177347855
    outer loop
      vertex 1.1724548389919354 -8.110392640201615 6.9
      vertex 1.2699999999999996 -8.52 8.5
      vertex 1.2699999999999996 -8.120000000000001 6.9
    endloop
  endfacet
  facet normal -0.09511747466314767 0.9657439270939174 0.24143598177347855
    outer loop
      vertex 1.2699999999999996 -8.120000000000001 6.9
      vertex 1.2699999999999996 -8.52 8.5
      vertex 1.3675451610080638 -8.110392640201615 6.9
    endloop
  endfacet
  facet normal -0.28169711278060205 0.928630929571134 0.24143598177347989
    outer loop
      vertex 1.3675451610080638 -8.110392640201615 6.9
      vertex 1.445581289814515 -8.502706752362908 8.5
      vertex 1.4613417161825444 -8.081939766255644 6.9
    endloop
  endfacet
  facet normal -0.457451288831475 0.8558311662071548 0.24143598177347975
    outer loop
      vertex 1.4613417161825444 -8.081939766255644 6.9
      vertex 1.6144150891285804 -8.451491579260159 8.5
      vertex 1.5477851165098007 -8.035734806151273 6.9
    endloop
  endfacet
  facet normal 0.7501422910814801 -0.6156258683941928 0.24143598177347952
    outer loop
      vertex 0.8542651938487269 -7.342214883490199 6.9
      vertex 0.9164466094067258 -7.266446609406726 6.9
      vertex 0.5216773489277089 -7.119986790282358 8.5
    endloop
  endfacet
  facet normal 0.6156258683941891 -0.7501422910814831 0.2414359817734795
    outer loop
      vertex 0.9164466094067258 -7.266446609406726 6.9
      vertex 0.9922148834901985 -7.204265193848728 6.9
      vertex 0.7699867902823576 -6.87167734892771 8.5
    endloop
  endfacet
  facet normal 0.457451288831475 -0.8558311662071548 0.24143598177347975
    outer loop
      vertex 0.9922148834901985 -7.204265193848728 6.9
      vertex 1.0786582838174548 -7.158060233744357 6.9
      vertex 0.9255849108714187 -6.788508420739842 8.5
    endloop
  endfacet
  facet normal 0.28169711278061016 -0.9286309295711318 0.24143598177347975
    outer loop
      vertex 1.0786582838174548 -7.158060233744357 6.9
      vertex 1.1724548389919354 -7.129607359798385 6.9
      vertex 1.094418710185484 -6.737293247637092 8.5
    endloop
  endfacet
  facet normal 0.09511747466313894 -0.9657439270939181 0.24143598177347977
    outer loop
      vertex 1.1724548389919354 -7.129607359798385 6.9
      vertex 1.2699999999999996 -7.12 6.9
      vertex 1.2699999999999996 -6.72 8.5
    endloop
  endfacet
  facet normal -0.09511747466313894 -0.9657439270939181 0.24143598177347977
    outer loop
      vertex 1.2699999999999996 -7.12 6.9
      vertex 1.3675451610080638 -7.129607359798385 6.9
      vertex 1.2699999999999996 -6.72 8.5
    endloop
  endfacet
  facet normal -0.28169711278061016 -0.9286309295711318 0.24143598177347975
    outer loop
      vertex 1.3675451610080638 -7.129607359798385 6.9
      vertex 1.4613417161825444 -7.158060233744357 6.9
      vertex 1.445581289814515 -6.737293247637092 8.5
    endloop
  endfacet
  facet normal -0.457451288831475 -0.8558311662071548 0.24143598177347975
    outer loop
      vertex 1.4613417161825444 -7.158060233744357 6.9
      vertex 1.5477851165098007 -7.204265193848728 6.9
      vertex 1.6144150891285804 -6.788508420739842 8.5
    endloop
  endfacet
  facet normal -0.6156258683941944 0.750142291081479 0.24143598177347894
    outer loop
      vertex 1.5477851165098007 -8.035734806151273 6.9
      vertex 1.7700132097176415 -8.36832265107229 8.5
      vertex 1.6235533905932733 -7.973553390593274 6.9
    endloop
  endfacet
  facet normal -0.7501422910814801 0.6156258683941928 0.24143598177347952
    outer loop
      vertex 1.6235533905932733 -7.973553390593274 6.9
      vertex 2.0183226510722903 -8.120013209717643 8.5
      vertex 1.6857348061512722 -7.897785116509802 6.9
    endloop
  endfacet
  facet normal -0.8558311662071548 0.457451288831475 0.24143598177347947
    outer loop
      vertex 1.6857348061512722 -7.897785116509802 6.9
      vertex 2.1014915792601574 -7.964415089128581 8.5
      vertex 1.731939766255643 -7.811341716182545 6.9
    endloop
  endfacet
  facet normal -0.928630929571133 0.28169711278060544 0.2414359817734796
    outer loop
      vertex 1.731939766255643 -7.811341716182545 6.9
      vertex 2.152706752362907 -7.795581289814516 8.5
      vertex 1.7603926402016148 -7.717545161008064 6.9
    endloop
  endfacet
  facet normal -0.9657439270939181 0.09511747466313915 0.24143598177347952
    outer loop
      vertex 1.7603926402016148 -7.717545161008064 6.9
      vertex 2.1699999999999995 -7.62 8.5
      vertex 1.7699999999999996 -7.62 6.9
    endloop
  endfacet
  facet normal -0.9657439270939181 -0.09511747466313915 0.24143598177347952
    outer loop
      vertex 1.7699999999999996 -7.62 6.9
      vertex 2.1699999999999995 -7.62 8.5
      vertex 1.7603926402016148 -7.522454838991936 6.9
    endloop
  endfacet
  facet normal -0.928630929571133 -0.28169711278060544 0.2414359817734796
    outer loop
      vertex 1.7603926402016148 -7.522454838991936 6.9
      vertex 2.152706752362907 -7.444418710185484 8.5
      vertex 1.731939766255643 -7.428658283817455 6.9
    endloop
  endfacet
  facet normal -0.8558311662071548 -0.457451288831475 0.24143598177347947
    outer loop
      vertex 1.731939766255643 -7.428658283817455 6.9
      vertex 2.1014915792601574 -7.2755849108714195 8.5
      vertex 1.6857348061512722 -7.342214883490199 6.9
    endloop
  endfacet
  facet normal -0.6156258683941891 -0.7501422910814831 0.2414359817734795
    outer loop
      vertex 1.5477851165098007 -7.204265193848728 6.9
      vertex 1.6235533905932733 -7.266446609406726 6.9
      vertex 1.7700132097176415 -6.87167734892771 8.5
    endloop
  endfacet
  facet normal -0.7501422910814801 -0.6156258683941928 0.24143598177347952
    outer loop
      vertex 1.6235533905932733 -7.266446609406726 6.9
      vertex 1.6857348061512722 -7.342214883490199 6.9
      vertex 2.0183226510722903 -7.119986790282358 8.5
    endloop
  endfacet
  facet normal 0.6156258683941906 0.750142291081482 0.24143598177347933
    outer loop
      vertex 0.9164466094067258 -7.973553390593274 6.9
      vertex 0.6336038969321067 -8.256396103067893 8.5
      vertex 0.7699867902823576 -8.36832265107229 8.5
    endloop
  endfacet
  facet normal 0.75014229108148 0.6156258683941928 0.24143598177347944
    outer loop
      vertex 0.9164466094067258 -7.973553390593274 6.9
      vertex 0.5216773489277089 -8.120013209717643 8.5
      vertex 0.6336038969321067 -8.256396103067893 8.5
    endloop
  endfacet
  facet normal 0.8558311662071545 0.45745128883147534 0.2414359817734795
    outer loop
      vertex 0.8542651938487269 -7.897785116509802 6.9
      vertex 0.43850842073984153 -7.964415089128581 8.5
      vertex 0.5216773489277089 -8.120013209717643 8.5
    endloop
  endfacet
  facet normal 0.9286309295711326 0.2816971127806076 0.2414359817734796
    outer loop
      vertex 0.8080602337443562 -7.811341716182545 6.9
      vertex 0.38729324763709216 -7.795581289814516 8.5
      vertex 0.43850842073984153 -7.964415089128581 8.5
    endloop
  endfacet
  facet normal 0.9657439270939181 0.09511747466313891 0.24143598177347964
    outer loop
      vertex 0.7796073597983844 -7.717545161008064 6.9
      vertex 0.36999999999999955 -7.62 8.5
      vertex 0.38729324763709216 -7.795581289814516 8.5
    endloop
  endfacet
  facet normal 0.9657439270939181 -0.09511747466313877 0.24143598177347964
    outer loop
      vertex 0.7796073597983844 -7.522454838991936 6.9
      vertex 0.38729324763709216 -7.444418710185484 8.5
      vertex 0.36999999999999955 -7.62 8.5
    endloop
  endfacet
  facet normal 0.9286309295711326 -0.28169711278060755 0.2414359817734796
    outer loop
      vertex 0.8080602337443562 -7.428658283817455 6.9
      vertex 0.43850842073984153 -7.2755849108714195 8.5
      vertex 0.38729324763709216 -7.444418710185484 8.5
    endloop
  endfacet
  facet normal 0.0951174746631342 0.9657439270939187 0.24143598177347966
    outer loop
      vertex 1.1724548389919354 -8.110392640201615 6.9
      vertex 1.094418710185484 -8.502706752362908 8.5
      vertex 1.2699999999999996 -8.52 8.5
    endloop
  endfacet
  facet normal 0.45745128883148173 0.8558311662071513 0.2414359817734791
    outer loop
      vertex 0.9922148834901985 -8.035734806151273 6.9
      vertex 0.7699867902823576 -8.36832265107229 8.5
      vertex 0.9255849108714187 -8.451491579260159 8.5
    endloop
  endfacet
  facet normal 0.2816971127806053 0.9286309295711332 0.2414359817734796
    outer loop
      vertex 1.0786582838174548 -8.081939766255644 6.9
      vertex 0.9255849108714187 -8.451491579260159 8.5
      vertex 1.094418710185484 -8.502706752362908 8.5
    endloop
  endfacet
  facet normal -0.09511747466313397 0.9657439270939187 0.24143598177347972
    outer loop
      vertex 1.3675451610080638 -8.110392640201615 6.9
      vertex 1.2699999999999996 -8.52 8.5
      vertex 1.445581289814515 -8.502706752362908 8.5
    endloop
  endfacet
  facet normal -0.281697112780605 0.9286309295711332 0.24143598177347966
    outer loop
      vertex 1.4613417161825444 -8.081939766255644 6.9
      vertex 1.445581289814515 -8.502706752362908 8.5
      vertex 1.6144150891285804 -8.451491579260159 8.5
    endloop
  endfacet
  facet normal 0.8558311662071547 -0.4574512888314751 0.24143598177347955
    outer loop
      vertex 0.8542651938487269 -7.342214883490199 6.9
      vertex 0.5216773489277089 -7.119986790282358 8.5
      vertex 0.43850842073984153 -7.2755849108714195 8.5
    endloop
  endfacet
  facet normal 0.75014229108148 -0.6156258683941929 0.2414359817734795
    outer loop
      vertex 0.9164466094067258 -7.266446609406726 6.9
      vertex 0.6336038969321067 -6.983603896932108 8.5
      vertex 0.5216773489277089 -7.119986790282358 8.5
    endloop
  endfacet
  facet normal 0.6156258683941905 -0.7501422910814821 0.24143598177347939
    outer loop
      vertex 0.9164466094067258 -7.266446609406726 6.9
      vertex 0.7699867902823576 -6.87167734892771 8.5
      vertex 0.6336038969321067 -6.983603896932108 8.5
    endloop
  endfacet
  facet normal 0.4574512888314779 -0.8558311662071533 0.24143598177347947
    outer loop
      vertex 0.9922148834901985 -7.204265193848728 6.9
      vertex 0.9255849108714187 -6.788508420739842 8.5
      vertex 0.7699867902823576 -6.87167734892771 8.5
    endloop
  endfacet
  facet normal 0.2816971127806095 -0.9286309295711318 0.24143598177347972
    outer loop
      vertex 1.0786582838174548 -7.158060233744357 6.9
      vertex 1.094418710185484 -6.737293247637092 8.5
      vertex 0.9255849108714187 -6.788508420739842 8.5
    endloop
  endfacet
  facet normal 0.09511747466313882 -0.9657439270939181 0.2414359817734798
    outer loop
      vertex 1.1724548389919354 -7.129607359798385 6.9
      vertex 1.2699999999999996 -6.72 8.5
      vertex 1.094418710185484 -6.737293247637092 8.5
    endloop
  endfacet
  facet normal -0.0951174746631391 -0.9657439270939181 0.24143598177347975
    outer loop
      vertex 1.3675451610080638 -7.129607359798385 6.9
      vertex 1.445581289814515 -6.737293247637092 8.5
      vertex 1.2699999999999996 -6.72 8.5
    endloop
  endfacet
  facet normal -0.28169711278060944 -0.9286309295711318 0.24143598177347972
    outer loop
      vertex 1.4613417161825444 -7.158060233744357 6.9
      vertex 1.6144150891285804 -6.788508420739842 8.5
      vertex 1.445581289814515 -6.737293247637092 8.5
    endloop
  endfacet
  facet normal -0.4574512888314815 0.8558311662071514 0.24143598177347916
    outer loop
      vertex 1.5477851165098007 -8.035734806151273 6.9
      vertex 1.6144150891285804 -8.451491579260159 8.5
      vertex 1.7700132097176415 -8.36832265107229 8.5
    endloop
  endfacet
  facet normal -0.6156258683941905 0.7501422910814821 0.24143598177347939
    outer loop
      vertex 1.6235533905932733 -7.973553390593274 6.9
      vertex 1.7700132097176415 -8.36832265107229 8.5
      vertex 1.9063961030678924 -8.256396103067893 8.5
    endloop
  endfacet
  facet normal -0.75014229108148 0.6156258683941929 0.2414359817734795
    outer loop
      vertex 1.6235533905932733 -7.973553390593274 6.9
      vertex 1.9063961030678924 -8.256396103067893 8.5
      vertex 2.0183226510722903 -8.120013209717643 8.5
    endloop
  endfacet
  facet normal -0.8558311662071552 0.45745128883147423 0.2414359817734795
    outer loop
      vertex 1.6857348061512722 -7.897785116509802 6.9
      vertex 2.0183226510722903 -8.120013209717643 8.5
      vertex 2.1014915792601574 -7.964415089128581 8.5
    endloop
  endfacet
  facet normal -0.9286309295711324 0.28169711278060816 0.2414359817734794
    outer loop
      vertex 1.731939766255643 -7.811341716182545 6.9
      vertex 2.1014915792601574 -7.964415089128581 8.5
      vertex 2.152706752362907 -7.795581289814516 8.5
    endloop
  endfacet
  facet normal -0.9286309295711324 -0.2816971127806082 0.2414359817734794
    outer loop
      vertex 1.731939766255643 -7.428658283817455 6.9
      vertex 2.152706752362907 -7.444418710185484 8.5
      vertex 2.1014915792601574 -7.2755849108714195 8.5
    endloop
  endfacet
  facet normal -0.9657439270939181 0.09511747466313893 0.24143598177347958
    outer loop
      vertex 1.7603926402016148 -7.717545161008064 6.9
      vertex 2.152706752362907 -7.795581289814516 8.5
      vertex 2.1699999999999995 -7.62 8.5
    endloop
  endfacet
  facet normal -0.9657439270939181 -0.09511747466313876 0.24143598177347958
    outer loop
      vertex 1.7603926402016148 -7.522454838991936 6.9
      vertex 2.1699999999999995 -7.62 8.5
      vertex 2.152706752362907 -7.444418710185484 8.5
    endloop
  endfacet
  facet normal -0.4574512888314779 -0.8558311662071533 0.24143598177347947
    outer loop
      vertex 1.5477851165098007 -7.204265193848728 6.9
      vertex 1.7700132097176415 -6.87167734892771 8.5
      vertex 1.6144150891285804 -6.788508420739842 8.5
    endloop
  endfacet
  facet normal -0.6156258683941906 -0.750142291081482 0.24143598177347933
    outer loop
      vertex 1.6235533905932733 -7.266446609406726 6.9
      vertex 1.9063961030678924 -6.983603896932108 8.5
      vertex 1.7700132097176415 -6.87167734892771 8.5
    endloop
  endfacet
  facet normal -0.75014229108148 -0.6156258683941928 0.24143598177347944
    outer loop
      vertex 1.6235533905932733 -7.266446609406726 6.9
      vertex 2.0183226510722903 -7.119986790282358 8.5
      vertex 1.9063961030678924 -6.983603896932108 8.5
    endloop
  endfacet
  facet normal -0.8558311662071549 -0.45745128883147446 0.24143598177347944
    outer loop
      vertex 1.6857348061512722 -7.342214883490199 6.9
      vertex 2.1014915792601574 -7.2755849108714195 8.5
      vertex 2.0183226510722903 -7.119986790282358 8.5
    endloop
  endfacet
  facet normal 0.6343932841636477 0.7730104533627352 0
    outer loop
      vertex 3.4564466094067248 -7.973553390593274 6.9
      vertex 3.5322148834901976 -8.035734806151273 0
      vertex 3.4564466094067248 -7.973553390593274 0
    endloop
  endfacet
  facet normal 0.47139673682599603 0.8819212643483559 0
    outer loop
      vertex 3.5322148834901976 -8.035734806151273 6.9
      vertex 3.618658283817454 -8.081939766255644 0
      vertex 3.5322148834901976 -8.035734806151273 0
    endloop
  endfacet
  facet normal 0.290284677254457 0.9569403357322105 0
    outer loop
      vertex 3.618658283817454 -8.081939766255644 6.9
      vertex 3.7124548389919347 -8.110392640201615 0
      vertex 3.618658283817454 -8.081939766255644 0
    endloop
  endfacet
  facet normal 0.09801714032956982 0.9951847266721959 0
    outer loop
      vertex 3.7124548389919347 -8.110392640201615 6.9
      vertex 3.8099999999999987 -8.120000000000001 0
      vertex 3.7124548389919347 -8.110392640201615 0
    endloop
  endfacet
  facet normal -0.09801714032956982 0.9951847266721959 0
    outer loop
      vertex 3.8099999999999987 -8.120000000000001 6.9
      vertex 3.9075451610080627 -8.110392640201615 0
      vertex 3.8099999999999987 -8.120000000000001 0
    endloop
  endfacet
  facet normal -0.290284677254457 0.9569403357322105 0
    outer loop
      vertex 3.9075451610080627 -8.110392640201615 6.9
      vertex 4.0013417161825435 -8.081939766255644 0
      vertex 3.9075451610080627 -8.110392640201615 0
    endloop
  endfacet
  facet normal 0.7730104533627378 0.6343932841636445 0
    outer loop
      vertex 3.3942651938487263 -7.897785116509802 6.9
      vertex 3.4564466094067248 -7.973553390593274 0
      vertex 3.3942651938487263 -7.897785116509802 0
    endloop
  endfacet
  facet normal 0.881921264348355 0.4713967368259977 0
    outer loop
      vertex 3.3480602337443552 -7.811341716182545 6.9
      vertex 3.3942651938487263 -7.897785116509802 0
      vertex 3.3480602337443552 -7.811341716182545 0
    endloop
  endfacet
  facet normal 0.9951847266721969 0.09801714032956084 0
    outer loop
      vertex 3.3099999999999987 -7.62 6.9
      vertex 3.3196073597983835 -7.717545161008064 0
      vertex 3.3099999999999987 -7.62 0
    endloop
  endfacet
  facet normal 0.9569403357322093 0.2902846772544611 0
    outer loop
      vertex 3.3196073597983835 -7.717545161008064 6.9
      vertex 3.3480602337443552 -7.811341716182545 0
      vertex 3.3196073597983835 -7.717545161008064 0
    endloop
  endfacet
  facet normal 0.9951847266721969 -0.09801714032956084 0
    outer loop
      vertex 3.3196073597983835 -7.522454838991936 6.9
      vertex 3.3099999999999987 -7.62 0
      vertex 3.3196073597983835 -7.522454838991936 0
    endloop
  endfacet
  facet normal 0.9569403357322093 -0.2902846772544611 0
    outer loop
      vertex 3.3480602337443552 -7.428658283817455 6.9
      vertex 3.3196073597983835 -7.522454838991936 0
      vertex 3.3480602337443552 -7.428658283817455 0
    endloop
  endfacet
  facet normal 0.881921264348355 -0.4713967368259977 0
    outer loop
      vertex 3.3942651938487263 -7.342214883490199 6.9
      vertex 3.3480602337443552 -7.428658283817455 0
      vertex 3.3942651938487263 -7.342214883490199 0
    endloop
  endfacet
  facet normal 0.7730104533627378 -0.6343932841636445 0
    outer loop
      vertex 3.4564466094067248 -7.266446609406726 6.9
      vertex 3.3942651938487263 -7.342214883490199 0
      vertex 3.4564466094067248 -7.266446609406726 0
    endloop
  endfacet
  facet normal -0.47139673682599786 0.8819212643483549 0
    outer loop
      vertex 4.0013417161825435 -8.081939766255644 6.9
      vertex 4.087785116509799 -8.035734806151273 0
      vertex 4.0013417161825435 -8.081939766255644 0
    endloop
  endfacet
  facet normal -0.6343932841636455 0.773010453362737 0
    outer loop
      vertex 4.087785116509799 -8.035734806151273 6.9
      vertex 4.163553390593273 -7.973553390593274 0
      vertex 4.087785116509799 -8.035734806151273 0
    endloop
  endfacet
  facet normal -0.7730104533627378 0.6343932841636445 0
    outer loop
      vertex 4.163553390593273 -7.973553390593274 6.9
      vertex 4.225734806151271 -7.897785116509802 0
      vertex 4.163553390593273 -7.973553390593274 0
    endloop
  endfacet
  facet normal -0.8819212643483569 0.4713967368259941 0
    outer loop
      vertex 4.225734806151271 -7.897785116509802 6.9
      vertex 4.271939766255642 -7.811341716182545 0
      vertex 4.225734806151271 -7.897785116509802 0
    endloop
  endfacet
  facet normal -0.956940335732208 0.2902846772544653 0
    outer loop
      vertex 4.271939766255642 -7.811341716182545 6.9
      vertex 4.300392640201614 -7.717545161008064 0
      vertex 4.271939766255642 -7.811341716182545 0
    endloop
  endfacet
  facet normal -0.9951847266721969 0.09801714032956084 0
    outer loop
      vertex 4.300392640201614 -7.717545161008064 6.9
      vertex 4.309999999999999 -7.62 0
      vertex 4.300392640201614 -7.717545161008064 0
    endloop
  endfacet
  facet normal -0.7730104533627378 -0.6343932841636445 0
    outer loop
      vertex 4.225734806151271 -7.342214883490199 6.9
      vertex 4.163553390593273 -7.266446609406726 0
      vertex 4.225734806151271 -7.342214883490199 0
    endloop
  endfacet
  facet normal -0.9951847266721969 -0.09801714032956084 0
    outer loop
      vertex 4.309999999999999 -7.62 6.9
      vertex 4.300392640201614 -7.522454838991936 0
      vertex 4.309999999999999 -7.62 0
    endloop
  endfacet
  facet normal -0.956940335732208 -0.2902846772544653 0
    outer loop
      vertex 4.300392640201614 -7.522454838991936 6.9
      vertex 4.271939766255642 -7.428658283817455 0
      vertex 4.300392640201614 -7.522454838991936 0
    endloop
  endfacet
  facet normal -0.8819212643483569 -0.4713967368259941 0
    outer loop
      vertex 4.271939766255642 -7.428658283817455 6.9
      vertex 4.225734806151271 -7.342214883490199 0
      vertex 4.271939766255642 -7.428658283817455 0
    endloop
  endfacet
  facet normal 0.6343932841636424 -0.7730104533627397 0
    outer loop
      vertex 3.5322148834901976 -7.204265193848728 6.9
      vertex 3.4564466094067248 -7.266446609406726 0
      vertex 3.5322148834901976 -7.204265193848728 0
    endloop
  endfacet
  facet normal 0.47139673682599603 -0.8819212643483559 0
    outer loop
      vertex 3.618658283817454 -7.158060233744357 6.9
      vertex 3.5322148834901976 -7.204265193848728 0
      vertex 3.618658283817454 -7.158060233744357 0
    endloop
  endfacet
  facet normal 0.2902846772544653 -0.956940335732208 0
    outer loop
      vertex 3.7124548389919347 -7.129607359798385 6.9
      vertex 3.618658283817454 -7.158060233744357 0
      vertex 3.7124548389919347 -7.129607359798385 0
    endloop
  endfacet
  facet normal 0.09801714032956084 -0.9951847266721969 0
    outer loop
      vertex 3.8099999999999987 -7.12 6.9
      vertex 3.7124548389919347 -7.129607359798385 0
      vertex 3.8099999999999987 -7.12 0
    endloop
  endfacet
  facet normal -0.09801714032956084 -0.9951847266721969 0
    outer loop
      vertex 3.9075451610080627 -7.129607359798385 6.9
      vertex 3.8099999999999987 -7.12 0
      vertex 3.9075451610080627 -7.129607359798385 0
    endloop
  endfacet
  facet normal -0.2902846772544653 -0.956940335732208 0
    outer loop
      vertex 4.0013417161825435 -7.158060233744357 6.9
      vertex 3.9075451610080627 -7.129607359798385 0
      vertex 4.0013417161825435 -7.158060233744357 0
    endloop
  endfacet
  facet normal -0.47139673682599786 -0.8819212643483549 0
    outer loop
      vertex 4.087785116509799 -7.204265193848728 6.9
      vertex 4.0013417161825435 -7.158060233744357 0
      vertex 4.087785116509799 -7.204265193848728 0
    endloop
  endfacet
  facet normal -0.63439328416364 -0.7730104533627414 0
    outer loop
      vertex 4.163553390593273 -7.266446609406726 6.9
      vertex 4.087785116509799 -7.204265193848728 0
      vertex 4.163553390593273 -7.266446609406726 0
    endloop
  endfacet
  facet normal 0.6343932841636477 0.7730104533627352 0
    outer loop
      vertex 3.5322148834901976 -8.035734806151273 6.9
      vertex 3.5322148834901976 -8.035734806151273 0
      vertex 3.4564466094067248 -7.973553390593274 6.9
    endloop
  endfacet
  facet normal 0.47139673682599603 0.8819212643483559 -4.310118613778735e-19
    outer loop
      vertex 3.5322148834901976 -8.035734806151273 6.9
      vertex 3.618658283817454 -8.081939766255644 6.9
      vertex 3.618658283817454 -8.081939766255644 0
    endloop
  endfacet
  facet normal 0.290284677254457 0.9569403357322105 -2.820075345859177e-19
    outer loop
      vertex 3.618658283817454 -8.081939766255644 6.9
      vertex 3.7124548389919347 -8.110392640201615 6.9
      vertex 3.7124548389919347 -8.110392640201615 0
    endloop
  endfacet
  facet normal 0.09801714032956982 0.9951847266721959 -6.760663378098597e-20
    outer loop
      vertex 3.7124548389919347 -8.110392640201615 6.9
      vertex 3.8099999999999987 -8.120000000000001 6.9
      vertex 3.8099999999999987 -8.120000000000001 0
    endloop
  endfacet
  facet normal -0.09801714032956982 0.9951847266721959 6.760663378098597e-20
    outer loop
      vertex 3.8099999999999987 -8.120000000000001 6.9
      vertex 3.9075451610080627 -8.110392640201615 6.9
      vertex 3.9075451610080627 -8.110392640201615 0
    endloop
  endfacet
  facet normal -0.290284677254457 0.9569403357322105 2.820075345859177e-19
    outer loop
      vertex 3.9075451610080627 -8.110392640201615 6.9
      vertex 4.0013417161825435 -8.081939766255644 6.9
      vertex 4.0013417161825435 -8.081939766255644 0
    endloop
  endfacet
  facet normal 0.881921264348355 0.4713967368259977 -3.23233298173025e-19
    outer loop
      vertex 3.3480602337443552 -7.811341716182545 6.9
      vertex 3.3942651938487263 -7.897785116509802 6.9
      vertex 3.3942651938487263 -7.897785116509802 0
    endloop
  endfacet
  facet normal 0.9951847266721969 0.09801714032956084 0
    outer loop
      vertex 3.3196073597983835 -7.717545161008064 6.9
      vertex 3.3196073597983835 -7.717545161008064 0
      vertex 3.3099999999999987 -7.62 6.9
    endloop
  endfacet
  facet normal 0.9569403357322093 0.2902846772544611 0
    outer loop
      vertex 3.3480602337443552 -7.811341716182545 6.9
      vertex 3.3480602337443552 -7.811341716182545 0
      vertex 3.3196073597983835 -7.717545161008064 6.9
    endloop
  endfacet
  facet normal 0.7730104533627378 0.6343932841636445 -7.417959729632666e-20
    outer loop
      vertex 3.3942651938487263 -7.897785116509802 6.9
      vertex 3.4564466094067248 -7.973553390593274 6.9
      vertex 3.4564466094067248 -7.973553390593274 0
    endloop
  endfacet
  facet normal 0.9951847266721969 -0.09801714032956084 0
    outer loop
      vertex 3.3099999999999987 -7.62 6.9
      vertex 3.3099999999999987 -7.62 0
      vertex 3.3196073597983835 -7.522454838991936 6.9
    endloop
  endfacet
  facet normal 0.9569403357322093 -0.2902846772544611 0
    outer loop
      vertex 3.3196073597983835 -7.522454838991936 6.9
      vertex 3.3196073597983835 -7.522454838991936 0
      vertex 3.3480602337443552 -7.428658283817455 6.9
    endloop
  endfacet
  facet normal 0.881921264348355 -0.4713967368259977 0
    outer loop
      vertex 3.3480602337443552 -7.428658283817455 6.9
      vertex 3.3480602337443552 -7.428658283817455 0
      vertex 3.3942651938487263 -7.342214883490199 6.9
    endloop
  endfacet
  facet normal 0.7730104533627378 -0.6343932841636445 0
    outer loop
      vertex 3.3942651938487263 -7.342214883490199 6.9
      vertex 3.3942651938487263 -7.342214883490199 0
      vertex 3.4564466094067248 -7.266446609406726 6.9
    endloop
  endfacet
  facet normal -0.47139673682599786 0.8819212643483549 -4.114971715727178e-19
    outer loop
      vertex 4.0013417161825435 -8.081939766255644 6.9
      vertex 4.087785116509799 -8.035734806151273 6.9
      vertex 4.087785116509799 -8.035734806151273 0
    endloop
  endfacet
  facet normal -0.6343932841636455 0.773010453362737 4.0824167741263573e-19
    outer loop
      vertex 4.087785116509799 -8.035734806151273 6.9
      vertex 4.163553390593273 -7.973553390593274 6.9
      vertex 4.163553390593273 -7.973553390593274 0
    endloop
  endfacet
  facet normal -0.7730104533627378 0.6343932841636445 7.417959729632666e-20
    outer loop
      vertex 4.163553390593273 -7.973553390593274 6.9
      vertex 4.225734806151271 -7.897785116509802 6.9
      vertex 4.225734806151271 -7.897785116509802 0
    endloop
  endfacet
  facet normal -0.8819212643483569 0.4713967368259941 -8.954796002950964e-21
    outer loop
      vertex 4.225734806151271 -7.897785116509802 6.9
      vertex 4.271939766255642 -7.811341716182545 6.9
      vertex 4.271939766255642 -7.811341716182545 0
    endloop
  endfacet
  facet normal -0.956940335732208 0.2902846772544653 -2.980914899402578e-19
    outer loop
      vertex 4.271939766255642 -7.811341716182545 6.9
      vertex 4.300392640201614 -7.717545161008064 6.9
      vertex 4.300392640201614 -7.717545161008064 0
    endloop
  endfacet
  facet normal -0.9951847266721969 0.09801714032956084 5.318535846983332e-20
    outer loop
      vertex 4.300392640201614 -7.717545161008064 6.9
      vertex 4.309999999999999 -7.62 6.9
      vertex 4.309999999999999 -7.62 0
    endloop
  endfacet
  facet normal -0.7730104533627378 -0.6343932841636445 -7.417959729632666e-20
    outer loop
      vertex 4.225734806151271 -7.342214883490199 6.9
      vertex 4.163553390593273 -7.266446609406726 6.9
      vertex 4.163553390593273 -7.266446609406726 0
    endloop
  endfacet
  facet normal -0.9951847266721969 -0.09801714032956084 -5.318535846983332e-20
    outer loop
      vertex 4.309999999999999 -7.62 6.9
      vertex 4.300392640201614 -7.522454838991936 6.9
      vertex 4.300392640201614 -7.522454838991936 0
    endloop
  endfacet
  facet normal -0.956940335732208 -0.2902846772544653 2.980914899402578e-19
    outer loop
      vertex 4.300392640201614 -7.522454838991936 6.9
      vertex 4.271939766255642 -7.428658283817455 6.9
      vertex 4.271939766255642 -7.428658283817455 0
    endloop
  endfacet
  facet normal -0.8819212643483569 -0.4713967368259941 8.954796002950964e-21
    outer loop
      vertex 4.271939766255642 -7.428658283817455 6.9
      vertex 4.225734806151271 -7.342214883490199 6.9
      vertex 4.225734806151271 -7.342214883490199 0
    endloop
  endfacet
  facet normal 0.6343932841636424 -0.7730104533627397 0
    outer loop
      vertex 3.4564466094067248 -7.266446609406726 6.9
      vertex 3.4564466094067248 -7.266446609406726 0
      vertex 3.5322148834901976 -7.204265193848728 6.9
    endloop
  endfacet
  facet normal 0.47139673682599603 -0.8819212643483559 0
    outer loop
      vertex 3.5322148834901976 -7.204265193848728 6.9
      vertex 3.5322148834901976 -7.204265193848728 0
      vertex 3.618658283817454 -7.158060233744357 6.9
    endloop
  endfacet
  facet normal 0.2902846772544653 -0.956940335732208 0
    outer loop
      vertex 3.618658283817454 -7.158060233744357 6.9
      vertex 3.618658283817454 -7.158060233744357 0
      vertex 3.7124548389919347 -7.129607359798385 6.9
    endloop
  endfacet
  facet normal 0.09801714032956084 -0.9951847266721969 0
    outer loop
      vertex 3.7124548389919347 -7.129607359798385 6.9
      vertex 3.7124548389919347 -7.129607359798385 0
      vertex 3.8099999999999987 -7.12 6.9
    endloop
  endfacet
  facet normal -0.09801714032956084 -0.9951847266721969 0
    outer loop
      vertex 3.8099999999999987 -7.12 6.9
      vertex 3.8099999999999987 -7.12 0
      vertex 3.9075451610080627 -7.129607359798385 6.9
    endloop
  endfacet
  facet normal -0.2902846772544653 -0.956940335732208 0
    outer loop
      vertex 3.9075451610080627 -7.129607359798385 6.9
      vertex 3.9075451610080627 -7.129607359798385 0
      vertex 4.0013417161825435 -7.158060233744357 6.9
    endloop
  endfacet
  facet normal -0.47139673682599786 -0.8819212643483549 4.114971715727178e-19
    outer loop
      vertex 4.087785116509799 -7.204265193848728 6.9
      vertex 4.0013417161825435 -7.158060233744357 6.9
      vertex 4.0013417161825435 -7.158060233744357 0
    endloop
  endfacet
  facet normal -0.63439328416364 -0.7730104533627414 0
    outer loop
      vertex 4.087785116509799 -7.204265193848728 6.9
      vertex 4.087785116509799 -7.204265193848728 0
      vertex 4.163553390593273 -7.266446609406726 6.9
    endloop
  endfacet
  facet normal 0.928630929571133 0.28169711278060544 0.24143598177347966
    outer loop
      vertex 3.3480602337443552 -7.811341716182545 6.9
      vertex 3.3196073597983835 -7.717545161008064 6.9
      vertex 2.9272932476370914 -7.795581289814516 8.5
    endloop
  endfacet
  facet normal 0.9657439270939181 0.09511747466313915 0.24143598177347952
    outer loop
      vertex 3.3196073597983835 -7.717545161008064 6.9
      vertex 3.3099999999999987 -7.62 6.9
      vertex 2.909999999999999 -7.62 8.5
    endloop
  endfacet
  facet normal 0.9657439270939181 -0.09511747466313915 0.24143598177347952
    outer loop
      vertex 3.3099999999999987 -7.62 6.9
      vertex 3.3196073597983835 -7.522454838991936 6.9
      vertex 2.909999999999999 -7.62 8.5
    endloop
  endfacet
  facet normal 0.928630929571133 -0.28169711278060544 0.2414359817734796
    outer loop
      vertex 3.3196073597983835 -7.522454838991936 6.9
      vertex 3.3480602337443552 -7.428658283817455 6.9
      vertex 2.9272932476370914 -7.444418710185484 8.5
    endloop
  endfacet
  facet normal 0.8558311662071552 0.45745128883147446 0.24143598177347964
    outer loop
      vertex 3.3942651938487263 -7.897785116509802 6.9
      vertex 2.978508420739841 -7.964415089128581 8.5
      vertex 3.061677348927708 -8.120013209717643 8.5
    endloop
  endfacet
  facet normal 0.9286309295711324 0.2816971127806082 0.2414359817734794
    outer loop
      vertex 3.3480602337443552 -7.811341716182545 6.9
      vertex 2.9272932476370914 -7.795581289814516 8.5
      vertex 2.978508420739841 -7.964415089128581 8.5
    endloop
  endfacet
  facet normal 0.9657439270939181 0.09511747466313876 0.24143598177347958
    outer loop
      vertex 3.3196073597983835 -7.717545161008064 6.9
      vertex 2.909999999999999 -7.62 8.5
      vertex 2.9272932476370914 -7.795581289814516 8.5
    endloop
  endfacet
  facet normal 0.9657439270939181 -0.09511747466313893 0.24143598177347958
    outer loop
      vertex 3.3196073597983835 -7.522454838991936 6.9
      vertex 2.9272932476370914 -7.444418710185484 8.5
      vertex 2.909999999999999 -7.62 8.5
    endloop
  endfacet
  facet normal 0.9286309295711324 -0.28169711278060816 0.2414359817734794
    outer loop
      vertex 3.3480602337443552 -7.428658283817455 6.9
      vertex 2.978508420739841 -7.2755849108714195 8.5
      vertex 2.9272932476370914 -7.444418710185484 8.5
    endloop
  endfacet
  facet normal 0.8558311662071552 -0.45745128883147423 0.24143598177347964
    outer loop
      vertex 3.3942651938487263 -7.342214883490199 6.9
      vertex 3.061677348927708 -7.119986790282358 8.5
      vertex 2.978508420739841 -7.2755849108714195 8.5
    endloop
  endfacet
  facet normal 0.7501422910814823 0.6156258683941902 0.2414359817734797
    outer loop
      vertex 3.3942651938487263 -7.897785116509802 6.9
      vertex 3.061677348927708 -8.120013209717643 8.5
      vertex 3.4564466094067248 -7.973553390593274 6.9
    endloop
  endfacet
  facet normal 0.457451288831475 0.8558311662071548 0.2414359817734797
    outer loop
      vertex 3.5322148834901976 -8.035734806151273 6.9
      vertex 3.465584910871418 -8.451491579260159 8.5
      vertex 3.618658283817454 -8.081939766255644 6.9
    endloop
  endfacet
  facet normal 0.6156258683941934 0.7501422910814799 0.241435981773479
    outer loop
      vertex 3.5322148834901976 -8.035734806151273 6.9
      vertex 3.4564466094067248 -7.973553390593274 6.9
      vertex 3.3099867902823568 -8.36832265107229 8.5
    endloop
  endfacet
  facet normal 0.28169711278060144 0.9286309295711344 0.24143598177347994
    outer loop
      vertex 3.618658283817454 -8.081939766255644 6.9
      vertex 3.6344187101854835 -8.502706752362908 8.5
      vertex 3.7124548389919347 -8.110392640201615 6.9
    endloop
  endfacet
  facet normal 0.09511747466314789 0.9657439270939175 0.2414359817734786
    outer loop
      vertex 3.7124548389919347 -8.110392640201615 6.9
      vertex 3.8099999999999987 -8.52 8.5
      vertex 3.8099999999999987 -8.120000000000001 6.9
    endloop
  endfacet
  facet normal -0.09511747466314789 0.9657439270939175 0.2414359817734786
    outer loop
      vertex 3.8099999999999987 -8.120000000000001 6.9
      vertex 3.8099999999999987 -8.52 8.5
      vertex 3.9075451610080627 -8.110392640201615 6.9
    endloop
  endfacet
  facet normal -0.28169711278060144 0.9286309295711344 0.2414359817734799
    outer loop
      vertex 3.9075451610080627 -8.110392640201615 6.9
      vertex 3.985581289814514 -8.502706752362908 8.5
      vertex 4.0013417161825435 -8.081939766255644 6.9
    endloop
  endfacet
  facet normal 0.8558311662071538 0.45745128883147657 0.2414359817734794
    outer loop
      vertex 3.3480602337443552 -7.811341716182545 6.9
      vertex 2.978508420739841 -7.964415089128581 8.5
      vertex 3.3942651938487263 -7.897785116509802 6.9
    endloop
  endfacet
  facet normal 0.8558311662071539 -0.4574512888314767 0.2414359817734794
    outer loop
      vertex 3.3480602337443552 -7.428658283817455 6.9
      vertex 3.3942651938487263 -7.342214883490199 6.9
      vertex 2.978508420739841 -7.2755849108714195 8.5
    endloop
  endfacet
  facet normal -0.45745128883147684 0.8558311662071537 0.2414359817734796
    outer loop
      vertex 4.0013417161825435 -8.081939766255644 6.9
      vertex 4.154415089128579 -8.451491579260159 8.5
      vertex 4.087785116509799 -8.035734806151273 6.9
    endloop
  endfacet
  facet normal -0.6156258683941912 0.7501422910814817 0.24143598177347902
    outer loop
      vertex 4.087785116509799 -8.035734806151273 6.9
      vertex 4.31001320971764 -8.36832265107229 8.5
      vertex 4.163553390593273 -7.973553390593274 6.9
    endloop
  endfacet
  facet normal -0.7501422910814822 0.6156258683941901 0.24143598177347989
    outer loop
      vertex 4.163553390593273 -7.973553390593274 6.9
      vertex 4.55832265107229 -8.120013209717643 8.5
      vertex 4.225734806151271 -7.897785116509802 6.9
    endloop
  endfacet
  facet normal -0.8558311662071557 0.45745128883147324 0.24143598177347972
    outer loop
      vertex 4.225734806151271 -7.897785116509802 6.9
      vertex 4.6414915792601565 -7.964415089128581 8.5
      vertex 4.271939766255642 -7.811341716182545 6.9
    endloop
  endfacet
  facet normal -0.9286309295711319 0.28169711278060955 0.2414359817734798
    outer loop
      vertex 4.271939766255642 -7.811341716182545 6.9
      vertex 4.6927067523629065 -7.795581289814516 8.5
      vertex 4.300392640201614 -7.717545161008064 6.9
    endloop
  endfacet
  facet normal -0.9286309295711319 -0.28169711278060955 0.2414359817734798
    outer loop
      vertex 4.300392640201614 -7.522454838991936 6.9
      vertex 4.6927067523629065 -7.444418710185484 8.5
      vertex 4.271939766255642 -7.428658283817455 6.9
    endloop
  endfacet
  facet normal -0.8558311662071557 -0.45745128883147324 0.24143598177347977
    outer loop
      vertex 4.271939766255642 -7.428658283817455 6.9
      vertex 4.6414915792601565 -7.2755849108714195 8.5
      vertex 4.225734806151271 -7.342214883490199 6.9
    endloop
  endfacet
  facet normal -0.9657439270939181 0.09511747466313915 0.2414359817734798
    outer loop
      vertex 4.300392640201614 -7.717545161008064 6.9
      vertex 4.709999999999999 -7.62 8.5
      vertex 4.309999999999999 -7.62 6.9
    endloop
  endfacet
  facet normal -0.9657439270939181 -0.09511747466313915 0.2414359817734798
    outer loop
      vertex 4.309999999999999 -7.62 6.9
      vertex 4.709999999999999 -7.62 8.5
      vertex 4.300392640201614 -7.522454838991936 6.9
    endloop
  endfacet
  facet normal 0.7501422910814823 -0.6156258683941902 0.2414359817734797
    outer loop
      vertex 3.3942651938487263 -7.342214883490199 6.9
      vertex 3.4564466094067248 -7.266446609406726 6.9
      vertex 3.061677348927708 -7.119986790282358 8.5
    endloop
  endfacet
  facet normal 0.615625868394188 -0.750142291081484 0.24143598177347952
    outer loop
      vertex 3.4564466094067248 -7.266446609406726 6.9
      vertex 3.5322148834901976 -7.204265193848728 6.9
      vertex 3.3099867902823568 -6.87167734892771 8.5
    endloop
  endfacet
  facet normal 0.457451288831475 -0.8558311662071548 0.2414359817734797
    outer loop
      vertex 3.5322148834901976 -7.204265193848728 6.9
      vertex 3.618658283817454 -7.158060233744357 6.9
      vertex 3.465584910871418 -6.788508420739842 8.5
    endloop
  endfacet
  facet normal 0.28169711278060955 -0.9286309295711319 0.24143598177347972
    outer loop
      vertex 3.618658283817454 -7.158060233744357 6.9
      vertex 3.7124548389919347 -7.129607359798385 6.9
      vertex 3.6344187101854835 -6.737293247637092 8.5
    endloop
  endfacet
  facet normal 0.09511747466313915 -0.9657439270939181 0.2414359817734798
    outer loop
      vertex 3.7124548389919347 -7.129607359798385 6.9
      vertex 3.8099999999999987 -7.12 6.9
      vertex 3.8099999999999987 -6.72 8.5
    endloop
  endfacet
  facet normal -0.09511747466313915 -0.9657439270939181 0.2414359817734798
    outer loop
      vertex 3.8099999999999987 -7.12 6.9
      vertex 3.9075451610080627 -7.129607359798385 6.9
      vertex 3.8099999999999987 -6.72 8.5
    endloop
  endfacet
  facet normal -0.28169711278060955 -0.9286309295711319 0.24143598177347972
    outer loop
      vertex 3.9075451610080627 -7.129607359798385 6.9
      vertex 4.0013417161825435 -7.158060233744357 6.9
      vertex 3.985581289814514 -6.737293247637092 8.5
    endloop
  endfacet
  facet normal -0.6156258683941859 -0.7501422910814859 0.24143598177347964
    outer loop
      vertex 4.087785116509799 -7.204265193848728 6.9
      vertex 4.163553390593273 -7.266446609406726 6.9
      vertex 4.31001320971764 -6.87167734892771 8.5
    endloop
  endfacet
  facet normal -0.45745128883147684 -0.8558311662071537 0.2414359817734796
    outer loop
      vertex 4.087785116509799 -7.204265193848728 6.9
      vertex 4.154415089128579 -6.788508420739842 8.5
      vertex 4.0013417161825435 -7.158060233744357 6.9
    endloop
  endfacet
  facet normal -0.7501422910814822 -0.6156258683941901 0.24143598177347989
    outer loop
      vertex 4.225734806151271 -7.342214883490199 6.9
      vertex 4.55832265107229 -7.119986790282358 8.5
      vertex 4.163553390593273 -7.266446609406726 6.9
    endloop
  endfacet
  facet normal 0.6156258683941906 0.7501422910814821 0.24143598177347927
    outer loop
      vertex 3.4564466094067248 -7.973553390593274 6.9
      vertex 3.173603896932106 -8.256396103067893 8.5
      vertex 3.3099867902823568 -8.36832265107229 8.5
    endloop
  endfacet
  facet normal 0.7501422910814801 0.6156258683941929 0.24143598177347939
    outer loop
      vertex 3.4564466094067248 -7.973553390593274 6.9
      vertex 3.061677348927708 -8.120013209717643 8.5
      vertex 3.173603896932106 -8.256396103067893 8.5
    endloop
  endfacet
  facet normal 0.4574512888314812 0.8558311662071515 0.24143598177347908
    outer loop
      vertex 3.5322148834901976 -8.035734806151273 6.9
      vertex 3.3099867902823568 -8.36832265107229 8.5
      vertex 3.465584910871418 -8.451491579260159 8.5
    endloop
  endfacet
  facet normal 0.2816971127806053 0.9286309295711332 0.2414359817734796
    outer loop
      vertex 3.618658283817454 -8.081939766255644 6.9
      vertex 3.465584910871418 -8.451491579260159 8.5
      vertex 3.6344187101854835 -8.502706752362908 8.5
    endloop
  endfacet
  facet normal 0.0951174746631343 0.9657439270939187 0.24143598177347966
    outer loop
      vertex 3.7124548389919347 -8.110392640201615 6.9
      vertex 3.6344187101854835 -8.502706752362908 8.5
      vertex 3.8099999999999987 -8.52 8.5
    endloop
  endfacet
  facet normal -0.09511747466313408 0.9657439270939187 0.24143598177347966
    outer loop
      vertex 3.9075451610080627 -8.110392640201615 6.9
      vertex 3.8099999999999987 -8.52 8.5
      vertex 3.985581289814514 -8.502706752362908 8.5
    endloop
  endfacet
  facet normal -0.281697112780605 0.9286309295711332 0.2414359817734796
    outer loop
      vertex 4.0013417161825435 -8.081939766255644 6.9
      vertex 3.985581289814514 -8.502706752362908 8.5
      vertex 4.154415089128579 -8.451491579260159 8.5
    endloop
  endfacet
  facet normal -0.457451288831482 0.8558311662071512 0.2414359817734792
    outer loop
      vertex 4.087785116509799 -8.035734806151273 6.9
      vertex 4.154415089128579 -8.451491579260159 8.5
      vertex 4.31001320971764 -8.36832265107229 8.5
    endloop
  endfacet
  facet normal -0.6156258683941881 0.750142291081484 0.2414359817734794
    outer loop
      vertex 4.163553390593273 -7.973553390593274 6.9
      vertex 4.31001320971764 -8.36832265107229 8.5
      vertex 4.446396103067892 -8.256396103067893 8.5
    endloop
  endfacet
  facet normal -0.75014229108148 0.6156258683941926 0.24143598177347952
    outer loop
      vertex 4.163553390593273 -7.973553390593274 6.9
      vertex 4.446396103067892 -8.256396103067893 8.5
      vertex 4.55832265107229 -8.120013209717643 8.5
    endloop
  endfacet
  facet normal -0.8558311662071559 0.4574512888314724 0.24143598177347977
    outer loop
      vertex 4.225734806151271 -7.897785116509802 6.9
      vertex 4.55832265107229 -8.120013209717643 8.5
      vertex 4.6414915792601565 -7.964415089128581 8.5
    endloop
  endfacet
  facet normal -0.9286309295711317 0.28169711278061016 0.24143598177347975
    outer loop
      vertex 4.271939766255642 -7.811341716182545 6.9
      vertex 4.6414915792601565 -7.964415089128581 8.5
      vertex 4.6927067523629065 -7.795581289814516 8.5
    endloop
  endfacet
  facet normal -0.9657439270939181 0.0951174746631387 0.24143598177347983
    outer loop
      vertex 4.300392640201614 -7.717545161008064 6.9
      vertex 4.6927067523629065 -7.795581289814516 8.5
      vertex 4.709999999999999 -7.62 8.5
    endloop
  endfacet
  facet normal -0.9657439270939181 -0.095117474663139 0.24143598177347986
    outer loop
      vertex 4.300392640201614 -7.522454838991936 6.9
      vertex 4.709999999999999 -7.62 8.5
      vertex 4.6927067523629065 -7.444418710185484 8.5
    endloop
  endfacet
  facet normal -0.9286309295711317 -0.2816971127806101 0.2414359817734797
    outer loop
      vertex 4.271939766255642 -7.428658283817455 6.9
      vertex 4.6927067523629065 -7.444418710185484 8.5
      vertex 4.6414915792601565 -7.2755849108714195 8.5
    endloop
  endfacet
  facet normal 0.7501422910814801 -0.6156258683941929 0.24143598177347939
    outer loop
      vertex 3.4564466094067248 -7.266446609406726 6.9
      vertex 3.173603896932106 -6.983603896932108 8.5
      vertex 3.061677348927708 -7.119986790282358 8.5
    endloop
  endfacet
  facet normal 0.6156258683941904 -0.7501422910814821 0.24143598177347927
    outer loop
      vertex 3.4564466094067248 -7.266446609406726 6.9
      vertex 3.3099867902823568 -6.87167734892771 8.5
      vertex 3.173603896932106 -6.983603896932108 8.5
    endloop
  endfacet
  facet normal 0.45745128883147734 -0.8558311662071535 0.24143598177347944
    outer loop
      vertex 3.5322148834901976 -7.204265193848728 6.9
      vertex 3.465584910871418 -6.788508420739842 8.5
      vertex 3.3099867902823568 -6.87167734892771 8.5
    endloop
  endfacet
  facet normal 0.2816971127806095 -0.9286309295711318 0.24143598177347972
    outer loop
      vertex 3.618658283817454 -7.158060233744357 6.9
      vertex 3.6344187101854835 -6.737293247637092 8.5
      vertex 3.465584910871418 -6.788508420739842 8.5
    endloop
  endfacet
  facet normal 0.09511747466313894 -0.9657439270939182 0.2414359817734798
    outer loop
      vertex 3.7124548389919347 -7.129607359798385 6.9
      vertex 3.8099999999999987 -6.72 8.5
      vertex 3.6344187101854835 -6.737293247637092 8.5
    endloop
  endfacet
  facet normal -0.09511747466313923 -0.9657439270939182 0.2414359817734798
    outer loop
      vertex 3.9075451610080627 -7.129607359798385 6.9
      vertex 3.985581289814514 -6.737293247637092 8.5
      vertex 3.8099999999999987 -6.72 8.5
    endloop
  endfacet
  facet normal -0.45745128883147834 -0.8558311662071529 0.24143598177347947
    outer loop
      vertex 4.087785116509799 -7.204265193848728 6.9
      vertex 4.31001320971764 -6.87167734892771 8.5
      vertex 4.154415089128579 -6.788508420739842 8.5
    endloop
  endfacet
  facet normal -0.75014229108148 -0.6156258683941926 0.24143598177347958
    outer loop
      vertex 4.163553390593273 -7.266446609406726 6.9
      vertex 4.55832265107229 -7.119986790282358 8.5
      vertex 4.446396103067892 -6.983603896932108 8.5
    endloop
  endfacet
  facet normal -0.6156258683941882 -0.7501422910814839 0.2414359817734793
    outer loop
      vertex 4.163553390593273 -7.266446609406726 6.9
      vertex 4.446396103067892 -6.983603896932108 8.5
      vertex 4.31001320971764 -6.87167734892771 8.5
    endloop
  endfacet
  facet normal -0.28169711278060944 -0.9286309295711318 0.24143598177347966
    outer loop
      vertex 4.0013417161825435 -7.158060233744357 6.9
      vertex 4.154415089128579 -6.788508420739842 8.5
      vertex 3.985581289814514 -6.737293247637092 8.5
    endloop
  endfacet
  facet normal -0.8558311662071559 -0.4574512888314724 0.24143598177347977
    outer loop
      vertex 4.225734806151271 -7.342214883490199 6.9
      vertex 4.6414915792601565 -7.2755849108714195 8.5
      vertex 4.55832265107229 -7.119986790282358 8.5
    endloop
  endfacet
  facet normal 0.6343932841636455 0.773010453362737 0
    outer loop
      vertex 5.996446609406726 -7.973553390593274 6.9
      vertex 6.072214883490199 -8.035734806151273 0
      vertex 5.996446609406726 -7.973553390593274 0
    endloop
  endfacet
  facet normal 0.47139673682599786 0.8819212643483549 0
    outer loop
      vertex 6.072214883490199 -8.035734806151273 6.9
      vertex 6.158658283817455 -8.081939766255644 0
      vertex 6.072214883490199 -8.035734806151273 0
    endloop
  endfacet
  facet normal 0.290284677254457 0.9569403357322105 0
    outer loop
      vertex 6.158658283817455 -8.081939766255644 6.9
      vertex 6.252454838991936 -8.110392640201615 0
      vertex 6.158658283817455 -8.081939766255644 0
    endloop
  endfacet
  facet normal 0.09801714032956982 0.9951847266721959 0
    outer loop
      vertex 6.252454838991936 -8.110392640201615 6.9
      vertex 6.35 -8.120000000000001 0
      vertex 6.252454838991936 -8.110392640201615 0
    endloop
  endfacet
  facet normal -0.09801714032956982 0.9951847266721959 0
    outer loop
      vertex 6.35 -8.120000000000001 6.9
      vertex 6.447545161008064 -8.110392640201615 0
      vertex 6.35 -8.120000000000001 0
    endloop
  endfacet
  facet normal 0.8819212643483569 0.4713967368259941 0
    outer loop
      vertex 5.888060233744357 -7.811341716182545 6.9
      vertex 5.934265193848727 -7.897785116509802 0
      vertex 5.888060233744357 -7.811341716182545 0
    endloop
  endfacet
  facet normal 0.7730104533627378 0.6343932841636445 0
    outer loop
      vertex 5.934265193848727 -7.897785116509802 6.9
      vertex 5.996446609406726 -7.973553390593274 0
      vertex 5.934265193848727 -7.897785116509802 0
    endloop
  endfacet
  facet normal 0.956940335732208 0.2902846772544653 0
    outer loop
      vertex 5.859607359798384 -7.717545161008064 6.9
      vertex 5.888060233744357 -7.811341716182545 0
      vertex 5.859607359798384 -7.717545161008064 0
    endloop
  endfacet
  facet normal 0.9951847266721969 0.09801714032956084 0
    outer loop
      vertex 5.85 -7.62 6.9
      vertex 5.859607359798384 -7.717545161008064 0
      vertex 5.85 -7.62 0
    endloop
  endfacet
  facet normal 0.9951847266721969 -0.09801714032956084 0
    outer loop
      vertex 5.859607359798384 -7.522454838991936 6.9
      vertex 5.85 -7.62 0
      vertex 5.859607359798384 -7.522454838991936 0
    endloop
  endfacet
  facet normal 0.956940335732208 -0.2902846772544653 0
    outer loop
      vertex 5.888060233744357 -7.428658283817455 6.9
      vertex 5.859607359798384 -7.522454838991936 0
      vertex 5.888060233744357 -7.428658283817455 0
    endloop
  endfacet
  facet normal 0.8819212643483569 -0.4713967368259941 0
    outer loop
      vertex 5.934265193848727 -7.342214883490199 6.9
      vertex 5.888060233744357 -7.428658283817455 0
      vertex 5.934265193848727 -7.342214883490199 0
    endloop
  endfacet
  facet normal 0.7730104533627378 -0.6343932841636445 0
    outer loop
      vertex 5.996446609406726 -7.266446609406726 6.9
      vertex 5.934265193848727 -7.342214883490199 0
      vertex 5.996446609406726 -7.266446609406726 0
    endloop
  endfacet
  facet normal 0.63439328416364 -0.7730104533627414 0
    outer loop
      vertex 6.072214883490199 -7.204265193848728 6.9
      vertex 5.996446609406726 -7.266446609406726 0
      vertex 6.072214883490199 -7.204265193848728 0
    endloop
  endfacet
  facet normal 0.47139673682599786 -0.8819212643483549 0
    outer loop
      vertex 6.158658283817455 -7.158060233744357 6.9
      vertex 6.072214883490199 -7.204265193848728 0
      vertex 6.158658283817455 -7.158060233744357 0
    endloop
  endfacet
  facet normal 0.2902846772544653 -0.956940335732208 0
    outer loop
      vertex 6.252454838991936 -7.129607359798385 6.9
      vertex 6.158658283817455 -7.158060233744357 0
      vertex 6.252454838991936 -7.129607359798385 0
    endloop
  endfacet
  facet normal 0.09801714032956084 -0.9951847266721969 0
    outer loop
      vertex 6.35 -7.12 6.9
      vertex 6.252454838991936 -7.129607359798385 0
      vertex 6.35 -7.12 0
    endloop
  endfacet
  facet normal -0.09801714032956084 -0.9951847266721969 0
    outer loop
      vertex 6.447545161008064 -7.129607359798385 6.9
      vertex 6.35 -7.12 0
      vertex 6.447545161008064 -7.129607359798385 0
    endloop
  endfacet
  facet normal -0.290284677254457 0.9569403357322105 0
    outer loop
      vertex 6.447545161008064 -8.110392640201615 6.9
      vertex 6.5413417161825445 -8.081939766255644 0
      vertex 6.447545161008064 -8.110392640201615 0
    endloop
  endfacet
  facet normal -0.47139673682599786 0.8819212643483549 0
    outer loop
      vertex 6.5413417161825445 -8.081939766255644 6.9
      vertex 6.6277851165098 -8.035734806151273 0
      vertex 6.5413417161825445 -8.081939766255644 0
    endloop
  endfacet
  facet normal -0.6343932841636455 0.773010453362737 0
    outer loop
      vertex 6.6277851165098 -8.035734806151273 6.9
      vertex 6.703553390593274 -7.973553390593274 0
      vertex 6.6277851165098 -8.035734806151273 0
    endloop
  endfacet
  facet normal -0.7730104533627378 0.6343932841636445 0
    outer loop
      vertex 6.703553390593274 -7.973553390593274 6.9
      vertex 6.765734806151272 -7.897785116509802 0
      vertex 6.703553390593274 -7.973553390593274 0
    endloop
  endfacet
  facet normal -0.8819212643483569 0.4713967368259941 0
    outer loop
      vertex 6.765734806151272 -7.897785116509802 6.9
      vertex 6.811939766255643 -7.811341716182545 0
      vertex 6.765734806151272 -7.897785116509802 0
    endloop
  endfacet
  facet normal -0.956940335732208 0.2902846772544653 0
    outer loop
      vertex 6.811939766255643 -7.811341716182545 6.9
      vertex 6.840392640201615 -7.717545161008064 0
      vertex 6.811939766255643 -7.811341716182545 0
    endloop
  endfacet
  facet normal -0.9951847266721969 0.09801714032956084 0
    outer loop
      vertex 6.840392640201615 -7.717545161008064 6.9
      vertex 6.85 -7.62 0
      vertex 6.840392640201615 -7.717545161008064 0
    endloop
  endfacet
  facet normal -0.9951847266721969 -0.09801714032956084 0
    outer loop
      vertex 6.85 -7.62 6.9
      vertex 6.840392640201615 -7.522454838991936 0
      vertex 6.85 -7.62 0
    endloop
  endfacet
  facet normal -0.956940335732208 -0.2902846772544653 0
    outer loop
      vertex 6.840392640201615 -7.522454838991936 6.9
      vertex 6.811939766255643 -7.428658283817455 0
      vertex 6.840392640201615 -7.522454838991936 0
    endloop
  endfacet
  facet normal -0.7730104533627378 -0.6343932841636445 0
    outer loop
      vertex 6.765734806151272 -7.342214883490199 6.9
      vertex 6.703553390593274 -7.266446609406726 0
      vertex 6.765734806151272 -7.342214883490199 0
    endloop
  endfacet
  facet normal -0.8819212643483569 -0.4713967368259941 0
    outer loop
      vertex 6.811939766255643 -7.428658283817455 6.9
      vertex 6.765734806151272 -7.342214883490199 0
      vertex 6.811939766255643 -7.428658283817455 0
    endloop
  endfacet
  facet normal -0.2902846772544653 -0.956940335732208 0
    outer loop
      vertex 6.5413417161825445 -7.158060233744357 6.9
      vertex 6.447545161008064 -7.129607359798385 0
      vertex 6.5413417161825445 -7.158060233744357 0
    endloop
  endfacet
  facet normal -0.47139673682599786 -0.8819212643483549 0
    outer loop
      vertex 6.6277851165098 -7.204265193848728 6.9
      vertex 6.5413417161825445 -7.158060233744357 0
      vertex 6.6277851165098 -7.204265193848728 0
    endloop
  endfacet
  facet normal -0.63439328416364 -0.7730104533627414 0
    outer loop
      vertex 6.703553390593274 -7.266446609406726 6.9
      vertex 6.6277851165098 -7.204265193848728 0
      vertex 6.703553390593274 -7.266446609406726 0
    endloop
  endfacet
  facet normal 0.6343932841636455 0.773010453362737 0
    outer loop
      vertex 6.072214883490199 -8.035734806151273 6.9
      vertex 6.072214883490199 -8.035734806151273 0
      vertex 5.996446609406726 -7.973553390593274 6.9
    endloop
  endfacet
  facet normal 0.47139673682599786 0.8819212643483549 4.114971715727178e-19
    outer loop
      vertex 6.072214883490199 -8.035734806151273 6.9
      vertex 6.158658283817455 -8.081939766255644 6.9
      vertex 6.158658283817455 -8.081939766255644 0
    endloop
  endfacet
  facet normal 0.290284677254457 0.9569403357322105 -2.820075345859177e-19
    outer loop
      vertex 6.158658283817455 -8.081939766255644 6.9
      vertex 6.252454838991936 -8.110392640201615 6.9
      vertex 6.252454838991936 -8.110392640201615 0
    endloop
  endfacet
  facet normal 0.09801714032956982 0.9951847266721959 -6.760663378098597e-20
    outer loop
      vertex 6.252454838991936 -8.110392640201615 6.9
      vertex 6.35 -8.120000000000001 6.9
      vertex 6.35 -8.120000000000001 0
    endloop
  endfacet
  facet normal -0.09801714032956982 0.9951847266721959 6.760663378098597e-20
    outer loop
      vertex 6.35 -8.120000000000001 6.9
      vertex 6.447545161008064 -8.110392640201615 6.9
      vertex 6.447545161008064 -8.110392640201615 0
    endloop
  endfacet
  facet normal 0.8819212643483569 0.4713967368259941 0
    outer loop
      vertex 5.934265193848727 -7.897785116509802 6.9
      vertex 5.934265193848727 -7.897785116509802 0
      vertex 5.888060233744357 -7.811341716182545 6.9
    endloop
  endfacet
  facet normal 0.7730104533627378 0.6343932841636445 -7.417959729632666e-20
    outer loop
      vertex 5.934265193848727 -7.897785116509802 6.9
      vertex 5.996446609406726 -7.973553390593274 6.9
      vertex 5.996446609406726 -7.973553390593274 0
    endloop
  endfacet
  facet normal 0.956940335732208 0.2902846772544653 0
    outer loop
      vertex 5.888060233744357 -7.811341716182545 6.9
      vertex 5.888060233744357 -7.811341716182545 0
      vertex 5.859607359798384 -7.717545161008064 6.9
    endloop
  endfacet
  facet normal 0.9951847266721969 0.09801714032956084 0
    outer loop
      vertex 5.859607359798384 -7.717545161008064 6.9
      vertex 5.859607359798384 -7.717545161008064 0
      vertex 5.85 -7.62 6.9
    endloop
  endfacet
  facet normal 0.9951847266721969 -0.09801714032956084 0
    outer loop
      vertex 5.85 -7.62 6.9
      vertex 5.85 -7.62 0
      vertex 5.859607359798384 -7.522454838991936 6.9
    endloop
  endfacet
  facet normal 0.956940335732208 -0.2902846772544653 0
    outer loop
      vertex 5.859607359798384 -7.522454838991936 6.9
      vertex 5.859607359798384 -7.522454838991936 0
      vertex 5.888060233744357 -7.428658283817455 6.9
    endloop
  endfacet
  facet normal 0.8819212643483569 -0.4713967368259941 0
    outer loop
      vertex 5.888060233744357 -7.428658283817455 6.9
      vertex 5.888060233744357 -7.428658283817455 0
      vertex 5.934265193848727 -7.342214883490199 6.9
    endloop
  endfacet
  facet normal 0.7730104533627378 -0.6343932841636445 0
    outer loop
      vertex 5.934265193848727 -7.342214883490199 6.9
      vertex 5.934265193848727 -7.342214883490199 0
      vertex 5.996446609406726 -7.266446609406726 6.9
    endloop
  endfacet
  facet normal 0.63439328416364 -0.7730104533627414 0
    outer loop
      vertex 5.996446609406726 -7.266446609406726 6.9
      vertex 5.996446609406726 -7.266446609406726 0
      vertex 6.072214883490199 -7.204265193848728 6.9
    endloop
  endfacet
  facet normal 0.47139673682599786 -0.8819212643483549 0
    outer loop
      vertex 6.072214883490199 -7.204265193848728 6.9
      vertex 6.072214883490199 -7.204265193848728 0
      vertex 6.158658283817455 -7.158060233744357 6.9
    endloop
  endfacet
  facet normal 0.2902846772544653 -0.956940335732208 0
    outer loop
      vertex 6.158658283817455 -7.158060233744357 6.9
      vertex 6.158658283817455 -7.158060233744357 0
      vertex 6.252454838991936 -7.129607359798385 6.9
    endloop
  endfacet
  facet normal 0.09801714032956084 -0.9951847266721969 0
    outer loop
      vertex 6.252454838991936 -7.129607359798385 6.9
      vertex 6.252454838991936 -7.129607359798385 0
      vertex 6.35 -7.12 6.9
    endloop
  endfacet
  facet normal -0.09801714032956084 -0.9951847266721969 0
    outer loop
      vertex 6.35 -7.12 6.9
      vertex 6.35 -7.12 0
      vertex 6.447545161008064 -7.129607359798385 6.9
    endloop
  endfacet
  facet normal -0.290284677254457 0.9569403357322105 2.820075345859177e-19
    outer loop
      vertex 6.447545161008064 -8.110392640201615 6.9
      vertex 6.5413417161825445 -8.081939766255644 6.9
      vertex 6.5413417161825445 -8.081939766255644 0
    endloop
  endfacet
  facet normal -0.47139673682599786 0.8819212643483549 -4.114971715727178e-19
    outer loop
      vertex 6.5413417161825445 -8.081939766255644 6.9
      vertex 6.6277851165098 -8.035734806151273 6.9
      vertex 6.6277851165098 -8.035734806151273 0
    endloop
  endfacet
  facet normal -0.6343932841636455 0.773010453362737 4.0824167741263573e-19
    outer loop
      vertex 6.6277851165098 -8.035734806151273 6.9
      vertex 6.703553390593274 -7.973553390593274 6.9
      vertex 6.703553390593274 -7.973553390593274 0
    endloop
  endfacet
  facet normal -0.7730104533627378 0.6343932841636445 7.417959729632666e-20
    outer loop
      vertex 6.703553390593274 -7.973553390593274 6.9
      vertex 6.765734806151272 -7.897785116509802 6.9
      vertex 6.765734806151272 -7.897785116509802 0
    endloop
  endfacet
  facet normal -0.8819212643483569 0.4713967368259941 -8.954796002950964e-21
    outer loop
      vertex 6.765734806151272 -7.897785116509802 6.9
      vertex 6.811939766255643 -7.811341716182545 6.9
      vertex 6.811939766255643 -7.811341716182545 0
    endloop
  endfacet
  facet normal -0.956940335732208 0.2902846772544653 -2.980914899402578e-19
    outer loop
      vertex 6.811939766255643 -7.811341716182545 6.9
      vertex 6.840392640201615 -7.717545161008064 6.9
      vertex 6.840392640201615 -7.717545161008064 0
    endloop
  endfacet
  facet normal -0.9951847266721969 0.09801714032956084 5.318535846983332e-20
    outer loop
      vertex 6.840392640201615 -7.717545161008064 6.9
      vertex 6.85 -7.62 6.9
      vertex 6.85 -7.62 0
    endloop
  endfacet
  facet normal -0.9951847266721969 -0.09801714032956084 -5.318535846983332e-20
    outer loop
      vertex 6.85 -7.62 6.9
      vertex 6.840392640201615 -7.522454838991936 6.9
      vertex 6.840392640201615 -7.522454838991936 0
    endloop
  endfacet
  facet normal -0.956940335732208 -0.2902846772544653 2.980914899402578e-19
    outer loop
      vertex 6.840392640201615 -7.522454838991936 6.9
      vertex 6.811939766255643 -7.428658283817455 6.9
      vertex 6.811939766255643 -7.428658283817455 0
    endloop
  endfacet
  facet normal -0.7730104533627378 -0.6343932841636445 0
    outer loop
      vertex 6.703553390593274 -7.266446609406726 6.9
      vertex 6.703553390593274 -7.266446609406726 0
      vertex 6.765734806151272 -7.342214883490199 6.9
    endloop
  endfacet
  facet normal -0.8819212643483569 -0.4713967368259941 0
    outer loop
      vertex 6.765734806151272 -7.342214883490199 6.9
      vertex 6.765734806151272 -7.342214883490199 0
      vertex 6.811939766255643 -7.428658283817455 6.9
    endloop
  endfacet
  facet normal -0.2902846772544653 -0.956940335732208 0
    outer loop
      vertex 6.447545161008064 -7.129607359798385 6.9
      vertex 6.447545161008064 -7.129607359798385 0
      vertex 6.5413417161825445 -7.158060233744357 6.9
    endloop
  endfacet
  facet normal -0.47139673682599786 -0.8819212643483549 4.114971715727178e-19
    outer loop
      vertex 6.6277851165098 -7.204265193848728 6.9
      vertex 6.5413417161825445 -7.158060233744357 6.9
      vertex 6.5413417161825445 -7.158060233744357 0
    endloop
  endfacet
  facet normal -0.63439328416364 -0.7730104533627414 0
    outer loop
      vertex 6.6277851165098 -7.204265193848728 6.9
      vertex 6.6277851165098 -7.204265193848728 0
      vertex 6.703553390593274 -7.266446609406726 6.9
    endloop
  endfacet
  facet normal 0.7501422910814822 0.6156258683941901 0.24143598177347989
    outer loop
      vertex 5.934265193848727 -7.897785116509802 6.9
      vertex 5.6016773489277085 -8.120013209717643 8.5
      vertex 5.996446609406726 -7.973553390593274 6.9
    endloop
  endfacet
  facet normal 0.6156258683941912 0.7501422910814817 0.24143598177347902
    outer loop
      vertex 6.072214883490199 -8.035734806151273 6.9
      vertex 5.996446609406726 -7.973553390593274 6.9
      vertex 5.849986790282358 -8.36832265107229 8.5
    endloop
  endfacet
  facet normal 0.45745128883147684 0.8558311662071537 0.2414359817734796
    outer loop
      vertex 6.072214883490199 -8.035734806151273 6.9
      vertex 6.005584910871419 -8.451491579260159 8.5
      vertex 6.158658283817455 -8.081939766255644 6.9
    endloop
  endfacet
  facet normal 0.28169711278060144 0.9286309295711344 0.24143598177348002
    outer loop
      vertex 6.158658283817455 -8.081939766255644 6.9
      vertex 6.174418710185484 -8.502706752362908 8.5
      vertex 6.252454838991936 -8.110392640201615 6.9
    endloop
  endfacet
  facet normal 0.09511747466314789 0.9657439270939175 0.2414359817734786
    outer loop
      vertex 6.252454838991936 -8.110392640201615 6.9
      vertex 6.35 -8.52 8.5
      vertex 6.35 -8.120000000000001 6.9
    endloop
  endfacet
  facet normal -0.09511747466314789 0.9657439270939175 0.2414359817734786
    outer loop
      vertex 6.35 -8.120000000000001 6.9
      vertex 6.35 -8.52 8.5
      vertex 6.447545161008064 -8.110392640201615 6.9
    endloop
  endfacet
  facet normal 0.8558311662071557 0.45745128883147324 0.24143598177347977
    outer loop
      vertex 5.934265193848727 -7.897785116509802 6.9
      vertex 5.888060233744357 -7.811341716182545 6.9
      vertex 5.518508420739842 -7.964415089128581 8.5
    endloop
  endfacet
  facet normal 0.9286309295711319 0.28169711278060955 0.24143598177347983
    outer loop
      vertex 5.888060233744357 -7.811341716182545 6.9
      vertex 5.859607359798384 -7.717545161008064 6.9
      vertex 5.467293247637092 -7.795581289814516 8.5
    endloop
  endfacet
  facet normal 0.9657439270939181 0.09511747466313915 0.24143598177347977
    outer loop
      vertex 5.859607359798384 -7.717545161008064 6.9
      vertex 5.85 -7.62 6.9
      vertex 5.449999999999999 -7.62 8.5
    endloop
  endfacet
  facet normal 0.9657439270939181 -0.09511747466313915 0.2414359817734798
    outer loop
      vertex 5.85 -7.62 6.9
      vertex 5.859607359798384 -7.522454838991936 6.9
      vertex 5.449999999999999 -7.62 8.5
    endloop
  endfacet
  facet normal 0.9286309295711319 -0.28169711278060955 0.2414359817734798
    outer loop
      vertex 5.859607359798384 -7.522454838991936 6.9
      vertex 5.888060233744357 -7.428658283817455 6.9
      vertex 5.467293247637092 -7.444418710185484 8.5
    endloop
  endfacet
  facet normal 0.8558311662071557 -0.45745128883147324 0.24143598177347977
    outer loop
      vertex 5.888060233744357 -7.428658283817455 6.9
      vertex 5.934265193848727 -7.342214883490199 6.9
      vertex 5.518508420739842 -7.2755849108714195 8.5
    endloop
  endfacet
  facet normal 0.7501422910814822 -0.6156258683941901 0.24143598177347989
    outer loop
      vertex 5.934265193848727 -7.342214883490199 6.9
      vertex 5.996446609406726 -7.266446609406726 6.9
      vertex 5.6016773489277085 -7.119986790282358 8.5
    endloop
  endfacet
  facet normal 0.6156258683941859 -0.7501422910814859 0.24143598177347964
    outer loop
      vertex 5.996446609406726 -7.266446609406726 6.9
      vertex 6.072214883490199 -7.204265193848728 6.9
      vertex 5.849986790282358 -6.87167734892771 8.5
    endloop
  endfacet
  facet normal 0.45745128883147684 -0.8558311662071537 0.2414359817734796
    outer loop
      vertex 6.072214883490199 -7.204265193848728 6.9
      vertex 6.158658283817455 -7.158060233744357 6.9
      vertex 6.005584910871419 -6.788508420739842 8.5
    endloop
  endfacet
  facet normal 0.28169711278060955 -0.9286309295711319 0.2414359817734798
    outer loop
      vertex 6.158658283817455 -7.158060233744357 6.9
      vertex 6.252454838991936 -7.129607359798385 6.9
      vertex 6.174418710185484 -6.737293247637092 8.5
    endloop
  endfacet
  facet normal 0.09511747466313915 -0.9657439270939181 0.2414359817734798
    outer loop
      vertex 6.252454838991936 -7.129607359798385 6.9
      vertex 6.35 -7.12 6.9
      vertex 6.35 -6.72 8.5
    endloop
  endfacet
  facet normal -0.09511747466313915 -0.9657439270939181 0.2414359817734798
    outer loop
      vertex 6.35 -7.12 6.9
      vertex 6.447545161008064 -7.129607359798385 6.9
      vertex 6.35 -6.72 8.5
    endloop
  endfacet
  facet normal 0.9286309295711317 0.2816971127806101 0.2414359817734797
    outer loop
      vertex 5.888060233744357 -7.811341716182545 6.9
      vertex 5.467293247637092 -7.795581289814516 8.5
      vertex 5.518508420739842 -7.964415089128581 8.5
    endloop
  endfacet
  facet normal 0.9657439270939181 0.095117474663139 0.24143598177347986
    outer loop
      vertex 5.859607359798384 -7.717545161008064 6.9
      vertex 5.449999999999999 -7.62 8.5
      vertex 5.467293247637092 -7.795581289814516 8.5
    endloop
  endfacet
  facet normal 0.9657439270939181 -0.0951174746631387 0.24143598177347983
    outer loop
      vertex 5.859607359798384 -7.522454838991936 6.9
      vertex 5.467293247637092 -7.444418710185484 8.5
      vertex 5.449999999999999 -7.62 8.5
    endloop
  endfacet
  facet normal 0.9286309295711317 -0.28169711278061016 0.24143598177347975
    outer loop
      vertex 5.888060233744357 -7.428658283817455 6.9
      vertex 5.518508420739842 -7.2755849108714195 8.5
      vertex 5.467293247637092 -7.444418710185484 8.5
    endloop
  endfacet
  facet normal 0.8558311662071559 0.4574512888314724 0.24143598177347977
    outer loop
      vertex 5.934265193848727 -7.897785116509802 6.9
      vertex 5.518508420739842 -7.964415089128581 8.5
      vertex 5.6016773489277085 -8.120013209717643 8.5
    endloop
  endfacet
  facet normal 0.75014229108148 0.6156258683941926 0.24143598177347958
    outer loop
      vertex 5.996446609406726 -7.973553390593274 6.9
      vertex 5.6016773489277085 -8.120013209717643 8.5
      vertex 5.713603896932106 -8.256396103067893 8.5
    endloop
  endfacet
  facet normal 0.6156258683941882 0.7501422910814839 0.2414359817734793
    outer loop
      vertex 5.996446609406726 -7.973553390593274 6.9
      vertex 5.713603896932106 -8.256396103067893 8.5
      vertex 5.849986790282358 -8.36832265107229 8.5
    endloop
  endfacet
  facet normal 0.45745128883148223 0.855831166207151 0.24143598177347914
    outer loop
      vertex 6.072214883490199 -8.035734806151273 6.9
      vertex 5.849986790282358 -8.36832265107229 8.5
      vertex 6.005584910871419 -8.451491579260159 8.5
    endloop
  endfacet
  facet normal 0.0951174746631341 0.9657439270939187 0.24143598177347977
    outer loop
      vertex 6.252454838991936 -8.110392640201615 6.9
      vertex 6.174418710185484 -8.502706752362908 8.5
      vertex 6.35 -8.52 8.5
    endloop
  endfacet
  facet normal -0.09511747466313386 0.9657439270939187 0.24143598177347972
    outer loop
      vertex 6.447545161008064 -8.110392640201615 6.9
      vertex 6.35 -8.52 8.5
      vertex 6.525581289814515 -8.502706752362908 8.5
    endloop
  endfacet
  facet normal 0.28169711278060594 0.9286309295711329 0.24143598177347958
    outer loop
      vertex 6.158658283817455 -8.081939766255644 6.9
      vertex 6.005584910871419 -8.451491579260159 8.5
      vertex 6.174418710185484 -8.502706752362908 8.5
    endloop
  endfacet
  facet normal 0.8558311662071559 -0.4574512888314724 0.24143598177347977
    outer loop
      vertex 5.934265193848727 -7.342214883490199 6.9
      vertex 5.6016773489277085 -7.119986790282358 8.5
      vertex 5.518508420739842 -7.2755849108714195 8.5
    endloop
  endfacet
  facet normal 0.75014229108148 -0.6156258683941926 0.24143598177347952
    outer loop
      vertex 5.996446609406726 -7.266446609406726 6.9
      vertex 5.713603896932106 -6.983603896932108 8.5
      vertex 5.6016773489277085 -7.119986790282358 8.5
    endloop
  endfacet
  facet normal 0.6156258683941881 -0.750142291081484 0.2414359817734794
    outer loop
      vertex 5.996446609406726 -7.266446609406726 6.9
      vertex 5.849986790282358 -6.87167734892771 8.5
      vertex 5.713603896932106 -6.983603896932108 8.5
    endloop
  endfacet
  facet normal 0.4574512888314784 -0.8558311662071529 0.2414359817734795
    outer loop
      vertex 6.072214883490199 -7.204265193848728 6.9
      vertex 6.005584910871419 -6.788508420739842 8.5
      vertex 5.849986790282358 -6.87167734892771 8.5
    endloop
  endfacet
  facet normal 0.28169711278061016 -0.9286309295711317 0.24143598177347975
    outer loop
      vertex 6.158658283817455 -7.158060233744357 6.9
      vertex 6.174418710185484 -6.737293247637092 8.5
      vertex 6.005584910871419 -6.788508420739842 8.5
    endloop
  endfacet
  facet normal 0.0951174746631387 -0.9657439270939181 0.24143598177347983
    outer loop
      vertex 6.252454838991936 -7.129607359798385 6.9
      vertex 6.35 -6.72 8.5
      vertex 6.174418710185484 -6.737293247637092 8.5
    endloop
  endfacet
  facet normal -0.095117474663139 -0.9657439270939181 0.24143598177347986
    outer loop
      vertex 6.447545161008064 -7.129607359798385 6.9
      vertex 6.525581289814515 -6.737293247637092 8.5
      vertex 6.35 -6.72 8.5
    endloop
  endfacet
  facet normal -0.28169711278060144 0.9286309295711344 0.24143598177348
    outer loop
      vertex 6.447545161008064 -8.110392640201615 6.9
      vertex 6.525581289814515 -8.502706752362908 8.5
      vertex 6.5413417161825445 -8.081939766255644 6.9
    endloop
  endfacet
  facet normal -0.45745128883147684 0.8558311662071537 0.2414359817734796
    outer loop
      vertex 6.5413417161825445 -8.081939766255644 6.9
      vertex 6.69441508912858 -8.451491579260159 8.5
      vertex 6.6277851165098 -8.035734806151273 6.9
    endloop
  endfacet
  facet normal -0.6156258683941912 0.7501422910814817 0.24143598177347902
    outer loop
      vertex 6.6277851165098 -8.035734806151273 6.9
      vertex 6.850013209717641 -8.36832265107229 8.5
      vertex 6.703553390593274 -7.973553390593274 6.9
    endloop
  endfacet
  facet normal -0.7501422910814822 0.6156258683941901 0.24143598177347989
    outer loop
      vertex 6.703553390593274 -7.973553390593274 6.9
      vertex 7.098322651072291 -8.120013209717643 8.5
      vertex 6.765734806151272 -7.897785116509802 6.9
    endloop
  endfacet
  facet normal -0.8558311662071557 0.45745128883147324 0.24143598177347972
    outer loop
      vertex 6.765734806151272 -7.897785116509802 6.9
      vertex 7.1814915792601575 -7.964415089128581 8.5
      vertex 6.811939766255643 -7.811341716182545 6.9
    endloop
  endfacet
  facet normal -0.9286309295711319 0.28169711278060955 0.2414359817734798
    outer loop
      vertex 6.811939766255643 -7.811341716182545 6.9
      vertex 7.232706752362907 -7.795581289814516 8.5
      vertex 6.840392640201615 -7.717545161008064 6.9
    endloop
  endfacet
  facet normal -0.9657439270939181 0.09511747466313915 0.2414359817734798
    outer loop
      vertex 6.840392640201615 -7.717545161008064 6.9
      vertex 7.25 -7.62 8.5
      vertex 6.85 -7.62 6.9
    endloop
  endfacet
  facet normal -0.9657439270939181 -0.09511747466313915 0.2414359817734798
    outer loop
      vertex 6.85 -7.62 6.9
      vertex 7.25 -7.62 8.5
      vertex 6.840392640201615 -7.522454838991936 6.9
    endloop
  endfacet
  facet normal -0.9286309295711319 -0.28169711278060955 0.2414359817734798
    outer loop
      vertex 6.840392640201615 -7.522454838991936 6.9
      vertex 7.232706752362907 -7.444418710185484 8.5
      vertex 6.811939766255643 -7.428658283817455 6.9
    endloop
  endfacet
  facet normal -0.8558311662071557 -0.45745128883147324 0.24143598177347977
    outer loop
      vertex 6.765734806151272 -7.342214883490199 6.9
      vertex 6.811939766255643 -7.428658283817455 6.9
      vertex 7.1814915792601575 -7.2755849108714195 8.5
    endloop
  endfacet
  facet normal -0.28169711278060955 -0.9286309295711319 0.2414359817734798
    outer loop
      vertex 6.447545161008064 -7.129607359798385 6.9
      vertex 6.5413417161825445 -7.158060233744357 6.9
      vertex 6.525581289814515 -6.737293247637092 8.5
    endloop
  endfacet
  facet normal -0.45745128883147684 -0.8558311662071537 0.2414359817734796
    outer loop
      vertex 6.6277851165098 -7.204265193848728 6.9
      vertex 6.69441508912858 -6.788508420739842 8.5
      vertex 6.5413417161825445 -7.158060233744357 6.9
    endloop
  endfacet
  facet normal -0.6156258683941859 -0.7501422910814859 0.24143598177347964
    outer loop
      vertex 6.6277851165098 -7.204265193848728 6.9
      vertex 6.703553390593274 -7.266446609406726 6.9
      vertex 6.850013209717641 -6.87167734892771 8.5
    endloop
  endfacet
  facet normal -0.7501422910814822 -0.6156258683941901 0.24143598177347989
    outer loop
      vertex 6.703553390593274 -7.266446609406726 6.9
      vertex 6.765734806151272 -7.342214883490199 6.9
      vertex 7.098322651072291 -7.119986790282358 8.5
    endloop
  endfacet
  facet normal -0.2816971127806057 0.928630929571133 0.24143598177347964
    outer loop
      vertex 6.5413417161825445 -8.081939766255644 6.9
      vertex 6.525581289814515 -8.502706752362908 8.5
      vertex 6.69441508912858 -8.451491579260159 8.5
    endloop
  endfacet
  facet normal -0.457451288831482 0.8558311662071512 0.2414359817734792
    outer loop
      vertex 6.6277851165098 -8.035734806151273 6.9
      vertex 6.69441508912858 -8.451491579260159 8.5
      vertex 6.850013209717641 -8.36832265107229 8.5
    endloop
  endfacet
  facet normal -0.6156258683941881 0.750142291081484 0.2414359817734794
    outer loop
      vertex 6.703553390593274 -7.973553390593274 6.9
      vertex 6.850013209717641 -8.36832265107229 8.5
      vertex 6.986396103067893 -8.256396103067893 8.5
    endloop
  endfacet
  facet normal -0.75014229108148 0.6156258683941926 0.24143598177347952
    outer loop
      vertex 6.703553390593274 -7.973553390593274 6.9
      vertex 6.986396103067893 -8.256396103067893 8.5
      vertex 7.098322651072291 -8.120013209717643 8.5
    endloop
  endfacet
  facet normal -0.8558311662071559 0.4574512888314724 0.24143598177347977
    outer loop
      vertex 6.765734806151272 -7.897785116509802 6.9
      vertex 7.098322651072291 -8.120013209717643 8.5
      vertex 7.1814915792601575 -7.964415089128581 8.5
    endloop
  endfacet
  facet normal -0.9286309295711317 0.28169711278061016 0.24143598177347975
    outer loop
      vertex 6.811939766255643 -7.811341716182545 6.9
      vertex 7.1814915792601575 -7.964415089128581 8.5
      vertex 7.232706752362907 -7.795581289814516 8.5
    endloop
  endfacet
  facet normal -0.9657439270939181 0.0951174746631387 0.24143598177347983
    outer loop
      vertex 6.840392640201615 -7.717545161008064 6.9
      vertex 7.232706752362907 -7.795581289814516 8.5
      vertex 7.25 -7.62 8.5
    endloop
  endfacet
  facet normal -0.9657439270939181 -0.095117474663139 0.24143598177347986
    outer loop
      vertex 6.840392640201615 -7.522454838991936 6.9
      vertex 7.25 -7.62 8.5
      vertex 7.232706752362907 -7.444418710185484 8.5
    endloop
  endfacet
  facet normal -0.9286309295711317 -0.2816971127806101 0.2414359817734797
    outer loop
      vertex 6.811939766255643 -7.428658283817455 6.9
      vertex 7.232706752362907 -7.444418710185484 8.5
      vertex 7.1814915792601575 -7.2755849108714195 8.5
    endloop
  endfacet
  facet normal -0.45745128883147834 -0.8558311662071529 0.24143598177347947
    outer loop
      vertex 6.6277851165098 -7.204265193848728 6.9
      vertex 6.850013209717641 -6.87167734892771 8.5
      vertex 6.69441508912858 -6.788508420739842 8.5
    endloop
  endfacet
  facet normal -0.6156258683941882 -0.7501422910814839 0.2414359817734793
    outer loop
      vertex 6.703553390593274 -7.266446609406726 6.9
      vertex 6.986396103067893 -6.983603896932108 8.5
      vertex 6.850013209717641 -6.87167734892771 8.5
    endloop
  endfacet
  facet normal -0.2816971127806101 -0.9286309295711317 0.2414359817734797
    outer loop
      vertex 6.5413417161825445 -7.158060233744357 6.9
      vertex 6.69441508912858 -6.788508420739842 8.5
      vertex 6.525581289814515 -6.737293247637092 8.5
    endloop
  endfacet
  facet normal -0.75014229108148 -0.6156258683941926 0.24143598177347958
    outer loop
      vertex 6.703553390593274 -7.266446609406726 6.9
      vertex 7.098322651072291 -7.119986790282358 8.5
      vertex 6.986396103067893 -6.983603896932108 8.5
    endloop
  endfacet
  facet normal -0.8558311662071559 -0.4574512888314724 0.24143598177347977
    outer loop
      vertex 6.765734806151272 -7.342214883490199 6.9
      vertex 7.1814915792601575 -7.2755849108714195 8.5
      vertex 7.098322651072291 -7.119986790282358 8.5
    endloop
  endfacet
  facet normal 0.6343932841636498 0.7730104533627333 0
    outer loop
      vertex 8.536446609406728 -7.973553390593274 6.9
      vertex 8.6122148834902 -8.035734806151273 0
      vertex 8.536446609406728 -7.973553390593274 0
    endloop
  endfacet
  facet normal 0.4713967368260017 0.8819212643483528 0
    outer loop
      vertex 8.6122148834902 -8.035734806151273 6.9
      vertex 8.698658283817455 -8.081939766255644 0
      vertex 8.6122148834902 -8.035734806151273 0
    endloop
  endfacet
  facet normal 0.29028467725445445 0.9569403357322112 0
    outer loop
      vertex 8.698658283817455 -8.081939766255644 6.9
      vertex 8.792454838991937 -8.110392640201615 0
      vertex 8.698658283817455 -8.081939766255644 0
    endloop
  endfacet
  facet normal 0.09801714032956982 0.9951847266721959 0
    outer loop
      vertex 8.792454838991937 -8.110392640201615 6.9
      vertex 8.89 -8.120000000000001 0
      vertex 8.792454838991937 -8.110392640201615 0
    endloop
  endfacet
  facet normal 0.8819212643483569 0.4713967368259941 0
    outer loop
      vertex 8.428060233744358 -7.811341716182545 6.9
      vertex 8.474265193848728 -7.897785116509802 0
      vertex 8.428060233744358 -7.811341716182545 0
    endloop
  endfacet
  facet normal 0.9569403357322055 0.29028467725447354 0
    outer loop
      vertex 8.399607359798384 -7.717545161008064 6.9
      vertex 8.428060233744358 -7.811341716182545 0
      vertex 8.399607359798384 -7.717545161008064 0
    endloop
  endfacet
  facet normal 0.9951847266721978 0.09801714032955187 0
    outer loop
      vertex 8.39 -7.62 6.9
      vertex 8.399607359798384 -7.717545161008064 0
      vertex 8.39 -7.62 0
    endloop
  endfacet
  facet normal 0.9951847266721978 -0.09801714032955187 0
    outer loop
      vertex 8.399607359798384 -7.522454838991936 6.9
      vertex 8.39 -7.62 0
      vertex 8.399607359798384 -7.522454838991936 0
    endloop
  endfacet
  facet normal 0.9569403357322055 -0.29028467725447354 0
    outer loop
      vertex 8.428060233744358 -7.428658283817455 6.9
      vertex 8.399607359798384 -7.522454838991936 0
      vertex 8.428060233744358 -7.428658283817455 0
    endloop
  endfacet
  facet normal 0.8819212643483569 -0.4713967368259941 0
    outer loop
      vertex 8.474265193848728 -7.342214883490199 6.9
      vertex 8.428060233744358 -7.428658283817455 0
      vertex 8.474265193848728 -7.342214883490199 0
    endloop
  endfacet
  facet normal 0.7730104533627333 0.6343932841636498 0
    outer loop
      vertex 8.474265193848728 -7.897785116509802 6.9
      vertex 8.536446609406728 -7.973553390593274 0
      vertex 8.474265193848728 -7.897785116509802 0
    endloop
  endfacet
  facet normal 0.7730104533627333 -0.6343932841636498 0
    outer loop
      vertex 8.536446609406728 -7.266446609406726 6.9
      vertex 8.474265193848728 -7.342214883490199 0
      vertex 8.536446609406728 -7.266446609406726 0
    endloop
  endfacet
  facet normal -0.09801714032956982 0.9951847266721959 0
    outer loop
      vertex 8.89 -8.120000000000001 6.9
      vertex 8.987545161008065 -8.110392640201615 0
      vertex 8.89 -8.120000000000001 0
    endloop
  endfacet
  facet normal -0.29028467725445445 0.9569403357322112 0
    outer loop
      vertex 8.987545161008065 -8.110392640201615 6.9
      vertex 9.081341716182546 -8.081939766255644 0
      vertex 8.987545161008065 -8.110392640201615 0
    endloop
  endfacet
  facet normal -0.4713967368260017 0.8819212643483528 0
    outer loop
      vertex 9.081341716182546 -8.081939766255644 6.9
      vertex 9.167785116509801 -8.035734806151273 0
      vertex 9.081341716182546 -8.081939766255644 0
    endloop
  endfacet
  facet normal -0.6343932841636498 0.7730104533627333 0
    outer loop
      vertex 9.167785116509801 -8.035734806151273 6.9
      vertex 9.243553390593274 -7.973553390593274 0
      vertex 9.167785116509801 -8.035734806151273 0
    endloop
  endfacet
  facet normal -0.7730104533627333 0.6343932841636498 0
    outer loop
      vertex 9.243553390593274 -7.973553390593274 6.9
      vertex 9.305734806151273 -7.897785116509802 0
      vertex 9.243553390593274 -7.973553390593274 0
    endloop
  endfacet
  facet normal -0.8819212643483569 0.4713967368259941 0
    outer loop
      vertex 9.305734806151273 -7.897785116509802 6.9
      vertex 9.351939766255644 -7.811341716182545 0
      vertex 9.305734806151273 -7.897785116509802 0
    endloop
  endfacet
  facet normal -0.9569403357322055 0.29028467725447354 0
    outer loop
      vertex 9.351939766255644 -7.811341716182545 6.9
      vertex 9.380392640201617 -7.717545161008064 0
      vertex 9.351939766255644 -7.811341716182545 0
    endloop
  endfacet
  facet normal -0.9951847266721978 0.09801714032955187 0
    outer loop
      vertex 9.380392640201617 -7.717545161008064 6.9
      vertex 9.39 -7.62 0
      vertex 9.380392640201617 -7.717545161008064 0
    endloop
  endfacet
  facet normal -0.9951847266721978 -0.09801714032955187 0
    outer loop
      vertex 9.39 -7.62 6.9
      vertex 9.380392640201617 -7.522454838991936 0
      vertex 9.39 -7.62 0
    endloop
  endfacet
  facet normal -0.9569403357322055 -0.29028467725447354 0
    outer loop
      vertex 9.380392640201617 -7.522454838991936 6.9
      vertex 9.351939766255644 -7.428658283817455 0
      vertex 9.380392640201617 -7.522454838991936 0
    endloop
  endfacet
  facet normal -0.8819212643483569 -0.4713967368259941 0
    outer loop
      vertex 9.351939766255644 -7.428658283817455 6.9
      vertex 9.305734806151273 -7.342214883490199 0
      vertex 9.351939766255644 -7.428658283817455 0
    endloop
  endfacet
  facet normal -0.7730104533627333 -0.6343932841636498 0
    outer loop
      vertex 9.305734806151273 -7.342214883490199 6.9
      vertex 9.243553390593274 -7.266446609406726 0
      vertex 9.305734806151273 -7.342214883490199 0
    endloop
  endfacet
  facet normal 0.6343932841636445 -0.7730104533627378 0
    outer loop
      vertex 8.6122148834902 -7.204265193848728 6.9
      vertex 8.536446609406728 -7.266446609406726 0
      vertex 8.6122148834902 -7.204265193848728 0
    endloop
  endfacet
  facet normal 0.4713967368260017 -0.8819212643483528 0
    outer loop
      vertex 8.698658283817455 -7.158060233744357 6.9
      vertex 8.6122148834902 -7.204265193848728 0
      vertex 8.698658283817455 -7.158060233744357 0
    endloop
  endfacet
  facet normal 0.2902846772544627 -0.9569403357322087 0
    outer loop
      vertex 8.792454838991937 -7.129607359798385 6.9
      vertex 8.698658283817455 -7.158060233744357 0
      vertex 8.792454838991937 -7.129607359798385 0
    endloop
  endfacet
  facet normal 0.09801714032956084 -0.9951847266721969 0
    outer loop
      vertex 8.89 -7.12 6.9
      vertex 8.792454838991937 -7.129607359798385 0
      vertex 8.89 -7.12 0
    endloop
  endfacet
  facet normal -0.09801714032956084 -0.9951847266721969 0
    outer loop
      vertex 8.987545161008065 -7.129607359798385 6.9
      vertex 8.89 -7.12 0
      vertex 8.987545161008065 -7.129607359798385 0
    endloop
  endfacet
  facet normal -0.2902846772544627 -0.9569403357322087 0
    outer loop
      vertex 9.081341716182546 -7.158060233744357 6.9
      vertex 8.987545161008065 -7.129607359798385 0
      vertex 9.081341716182546 -7.158060233744357 0
    endloop
  endfacet
  facet normal -0.4713967368260017 -0.8819212643483528 0
    outer loop
      vertex 9.167785116509801 -7.204265193848728 6.9
      vertex 9.081341716182546 -7.158060233744357 0
      vertex 9.167785116509801 -7.204265193848728 0
    endloop
  endfacet
  facet normal -0.6343932841636445 -0.7730104533627378 0
    outer loop
      vertex 9.243553390593274 -7.266446609406726 6.9
      vertex 9.167785116509801 -7.204265193848728 0
      vertex 9.243553390593274 -7.266446609406726 0
    endloop
  endfacet
  facet normal 0.6343932841636498 0.7730104533627333 4.558513674827826e-19
    outer loop
      vertex 8.536446609406728 -7.973553390593274 6.9
      vertex 8.6122148834902 -8.035734806151273 6.9
      vertex 8.6122148834902 -8.035734806151273 0
    endloop
  endfacet
  facet normal 0.4713967368260017 0.8819212643483528 -4.684361431889385e-19
    outer loop
      vertex 8.6122148834902 -8.035734806151273 6.9
      vertex 8.698658283817455 -8.081939766255644 6.9
      vertex 8.698658283817455 -8.081939766255644 0
    endloop
  endfacet
  facet normal 0.29028467725445445 0.9569403357322112 1.8514331468002554e-19
    outer loop
      vertex 8.698658283817455 -8.081939766255644 6.9
      vertex 8.792454838991937 -8.110392640201615 6.9
      vertex 8.792454838991937 -8.110392640201615 0
    endloop
  endfacet
  facet normal 0.09801714032956982 0.9951847266721959 -6.760663378098597e-20
    outer loop
      vertex 8.792454838991937 -8.110392640201615 6.9
      vertex 8.89 -8.120000000000001 6.9
      vertex 8.89 -8.120000000000001 0
    endloop
  endfacet
  facet normal 0.8819212643483569 0.4713967368259941 0
    outer loop
      vertex 8.474265193848728 -7.897785116509802 6.9
      vertex 8.474265193848728 -7.897785116509802 0
      vertex 8.428060233744358 -7.811341716182545 6.9
    endloop
  endfacet
  facet normal 0.9569403357322055 0.29028467725447354 0
    outer loop
      vertex 8.428060233744358 -7.811341716182545 6.9
      vertex 8.428060233744358 -7.811341716182545 0
      vertex 8.399607359798384 -7.717545161008064 6.9
    endloop
  endfacet
  facet normal 0.9951847266721978 0.09801714032955187 0
    outer loop
      vertex 8.399607359798384 -7.717545161008064 6.9
      vertex 8.399607359798384 -7.717545161008064 0
      vertex 8.39 -7.62 6.9
    endloop
  endfacet
  facet normal 0.9951847266721978 -0.09801714032955187 0
    outer loop
      vertex 8.39 -7.62 6.9
      vertex 8.39 -7.62 0
      vertex 8.399607359798384 -7.522454838991936 6.9
    endloop
  endfacet
  facet normal 0.9569403357322055 -0.29028467725447354 0
    outer loop
      vertex 8.399607359798384 -7.522454838991936 6.9
      vertex 8.399607359798384 -7.522454838991936 0
      vertex 8.428060233744358 -7.428658283817455 6.9
    endloop
  endfacet
  facet normal 0.8819212643483569 -0.4713967368259941 0
    outer loop
      vertex 8.428060233744358 -7.428658283817455 6.9
      vertex 8.428060233744358 -7.428658283817455 0
      vertex 8.474265193848728 -7.342214883490199 6.9
    endloop
  endfacet
  facet normal 0.7730104533627333 0.6343932841636498 4.558513674827826e-19
    outer loop
      vertex 8.474265193848728 -7.897785116509802 6.9
      vertex 8.536446609406728 -7.973553390593274 6.9
      vertex 8.536446609406728 -7.973553390593274 0
    endloop
  endfacet
  facet normal 0.7730104533627333 -0.6343932841636498 0
    outer loop
      vertex 8.474265193848728 -7.342214883490199 6.9
      vertex 8.474265193848728 -7.342214883490199 0
      vertex 8.536446609406728 -7.266446609406726 6.9
    endloop
  endfacet
  facet normal -0.09801714032956982 0.9951847266721959 6.760663378098597e-20
    outer loop
      vertex 8.89 -8.120000000000001 6.9
      vertex 8.987545161008065 -8.110392640201615 6.9
      vertex 8.987545161008065 -8.110392640201615 0
    endloop
  endfacet
  facet normal -0.29028467725445445 0.9569403357322112 -1.8514331468002554e-19
    outer loop
      vertex 8.987545161008065 -8.110392640201615 6.9
      vertex 9.081341716182546 -8.081939766255644 6.9
      vertex 9.081341716182546 -8.081939766255644 0
    endloop
  endfacet
  facet normal -0.4713967368260017 0.8819212643483528 4.684361431889385e-19
    outer loop
      vertex 9.081341716182546 -8.081939766255644 6.9
      vertex 9.167785116509801 -8.035734806151273 6.9
      vertex 9.167785116509801 -8.035734806151273 0
    endloop
  endfacet
  facet normal -0.6343932841636498 0.7730104533627333 -4.558513674827826e-19
    outer loop
      vertex 9.167785116509801 -8.035734806151273 6.9
      vertex 9.243553390593274 -7.973553390593274 6.9
      vertex 9.243553390593274 -7.973553390593274 0
    endloop
  endfacet
  facet normal -0.7730104533627333 -0.6343932841636498 4.558513674827826e-19
    outer loop
      vertex 9.305734806151273 -7.342214883490199 6.9
      vertex 9.243553390593274 -7.266446609406726 6.9
      vertex 9.243553390593274 -7.266446609406726 0
    endloop
  endfacet
  facet normal -0.7730104533627333 0.6343932841636498 -4.558513674827826e-19
    outer loop
      vertex 9.243553390593274 -7.973553390593274 6.9
      vertex 9.305734806151273 -7.897785116509802 6.9
      vertex 9.305734806151273 -7.897785116509802 0
    endloop
  endfacet
  facet normal -0.8819212643483569 0.4713967368259941 -8.954796002950964e-21
    outer loop
      vertex 9.305734806151273 -7.897785116509802 6.9
      vertex 9.351939766255644 -7.811341716182545 6.9
      vertex 9.351939766255644 -7.811341716182545 0
    endloop
  endfacet
  facet normal -0.9569403357322055 0.29028467725447354 -2.369526693007262e-19
    outer loop
      vertex 9.351939766255644 -7.811341716182545 6.9
      vertex 9.380392640201617 -7.717545161008064 6.9
      vertex 9.380392640201617 -7.717545161008064 0
    endloop
  endfacet
  facet normal -0.9951847266721978 0.09801714032955187 3.8764083158680635e-20
    outer loop
      vertex 9.380392640201617 -7.717545161008064 6.9
      vertex 9.39 -7.62 6.9
      vertex 9.39 -7.62 0
    endloop
  endfacet
  facet normal -0.9569403357322055 -0.29028467725447354 2.369526693007262e-19
    outer loop
      vertex 9.380392640201617 -7.522454838991936 6.9
      vertex 9.351939766255644 -7.428658283817455 6.9
      vertex 9.351939766255644 -7.428658283817455 0
    endloop
  endfacet
  facet normal -0.9951847266721978 -0.09801714032955187 -3.8764083158680635e-20
    outer loop
      vertex 9.39 -7.62 6.9
      vertex 9.380392640201617 -7.522454838991936 6.9
      vertex 9.380392640201617 -7.522454838991936 0
    endloop
  endfacet
  facet normal -0.8819212643483569 -0.4713967368259941 0
    outer loop
      vertex 9.305734806151273 -7.342214883490199 6.9
      vertex 9.305734806151273 -7.342214883490199 0
      vertex 9.351939766255644 -7.428658283817455 6.9
    endloop
  endfacet
  facet normal 0.6343932841636445 -0.7730104533627378 0
    outer loop
      vertex 8.536446609406728 -7.266446609406726 6.9
      vertex 8.536446609406728 -7.266446609406726 0
      vertex 8.6122148834902 -7.204265193848728 6.9
    endloop
  endfacet
  facet normal 0.4713967368260017 -0.8819212643483528 0
    outer loop
      vertex 8.6122148834902 -7.204265193848728 6.9
      vertex 8.6122148834902 -7.204265193848728 0
      vertex 8.698658283817455 -7.158060233744357 6.9
    endloop
  endfacet
  facet normal 0.2902846772544627 -0.9569403357322087 0
    outer loop
      vertex 8.698658283817455 -7.158060233744357 6.9
      vertex 8.698658283817455 -7.158060233744357 0
      vertex 8.792454838991937 -7.129607359798385 6.9
    endloop
  endfacet
  facet normal 0.09801714032956084 -0.9951847266721969 0
    outer loop
      vertex 8.792454838991937 -7.129607359798385 6.9
      vertex 8.792454838991937 -7.129607359798385 0
      vertex 8.89 -7.12 6.9
    endloop
  endfacet
  facet normal -0.09801714032956084 -0.9951847266721969 0
    outer loop
      vertex 8.89 -7.12 6.9
      vertex 8.89 -7.12 0
      vertex 8.987545161008065 -7.129607359798385 6.9
    endloop
  endfacet
  facet normal -0.2902846772544627 -0.9569403357322087 0
    outer loop
      vertex 8.987545161008065 -7.129607359798385 6.9
      vertex 8.987545161008065 -7.129607359798385 0
      vertex 9.081341716182546 -7.158060233744357 6.9
    endloop
  endfacet
  facet normal -0.4713967368260017 -0.8819212643483528 -4.684361431889385e-19
    outer loop
      vertex 9.167785116509801 -7.204265193848728 6.9
      vertex 9.081341716182546 -7.158060233744357 6.9
      vertex 9.081341716182546 -7.158060233744357 0
    endloop
  endfacet
  facet normal -0.6343932841636445 -0.7730104533627378 0
    outer loop
      vertex 9.167785116509801 -7.204265193848728 6.9
      vertex 9.167785116509801 -7.204265193848728 0
      vertex 9.243553390593274 -7.266446609406726 6.9
    endloop
  endfacet
  facet normal 0.7501422910814779 0.6156258683941954 0.24143598177347972
    outer loop
      vertex 8.474265193848728 -7.897785116509802 6.9
      vertex 8.14167734892771 -8.120013209717643 8.5
      vertex 8.536446609406728 -7.973553390593274 6.9
    endloop
  endfacet
  facet normal 0.45745128883148056 0.8558311662071518 0.24143598177347955
    outer loop
      vertex 8.6122148834902 -8.035734806151273 6.9
      vertex 8.545584910871419 -8.451491579260159 8.5
      vertex 8.698658283817455 -8.081939766255644 6.9
    endloop
  endfacet
  facet normal 0.6156258683941955 0.750142291081478 0.24143598177347894
    outer loop
      vertex 8.536446609406728 -7.973553390593274 6.9
      vertex 8.389986790282359 -8.36832265107229 8.5
      vertex 8.6122148834902 -8.035734806151273 6.9
    endloop
  endfacet
  facet normal 0.281697112780599 0.9286309295711351 0.24143598177347994
    outer loop
      vertex 8.698658283817455 -8.081939766255644 6.9
      vertex 8.714418710185486 -8.502706752362908 8.5
      vertex 8.792454838991937 -8.110392640201615 6.9
    endloop
  endfacet
  facet normal 0.09511747466314789 0.9657439270939175 0.2414359817734786
    outer loop
      vertex 8.792454838991937 -8.110392640201615 6.9
      vertex 8.89 -8.52 8.5
      vertex 8.89 -8.120000000000001 6.9
    endloop
  endfacet
  facet normal 0.8558311662071557 0.45745128883147324 0.24143598177347977
    outer loop
      vertex 8.474265193848728 -7.897785116509802 6.9
      vertex 8.428060233744358 -7.811341716182545 6.9
      vertex 8.058508420739843 -7.964415089128581 8.5
    endloop
  endfacet
  facet normal 0.9286309295711297 0.2816971127806176 0.24143598177347866
    outer loop
      vertex 8.428060233744358 -7.811341716182545 6.9
      vertex 8.399607359798384 -7.717545161008064 6.9
      vertex 8.007293247637094 -7.795581289814516 8.5
    endloop
  endfacet
  facet normal 0.9657439270939189 0.09511747466313045 0.24143598177348002
    outer loop
      vertex 8.399607359798384 -7.717545161008064 6.9
      vertex 8.39 -7.62 6.9
      vertex 7.99 -7.62 8.5
    endloop
  endfacet
  facet normal 0.9657439270939189 -0.09511747466313045 0.24143598177348002
    outer loop
      vertex 8.39 -7.62 6.9
      vertex 8.399607359798384 -7.522454838991936 6.9
      vertex 7.99 -7.62 8.5
    endloop
  endfacet
  facet normal 0.9286309295711297 -0.2816971127806176 0.2414359817734786
    outer loop
      vertex 8.399607359798384 -7.522454838991936 6.9
      vertex 8.428060233744358 -7.428658283817455 6.9
      vertex 8.007293247637094 -7.444418710185484 8.5
    endloop
  endfacet
  facet normal 0.8558311662071557 -0.45745128883147324 0.24143598177347977
    outer loop
      vertex 8.428060233744358 -7.428658283817455 6.9
      vertex 8.474265193848728 -7.342214883490199 6.9
      vertex 8.058508420739843 -7.2755849108714195 8.5
    endloop
  endfacet
  facet normal -0.09511747466314789 0.9657439270939175 0.2414359817734786
    outer loop
      vertex 8.89 -8.120000000000001 6.9
      vertex 8.89 -8.52 8.5
      vertex 8.987545161008065 -8.110392640201615 6.9
    endloop
  endfacet
  facet normal -0.281697112780599 0.9286309295711351 0.24143598177347989
    outer loop
      vertex 8.987545161008065 -8.110392640201615 6.9
      vertex 9.065581289814515 -8.502706752362908 8.5
      vertex 9.081341716182546 -8.081939766255644 6.9
    endloop
  endfacet
  facet normal -0.45745128883148056 0.8558311662071518 0.24143598177347955
    outer loop
      vertex 9.081341716182546 -8.081939766255644 6.9
      vertex 9.234415089128582 -8.451491579260159 8.5
      vertex 9.167785116509801 -8.035734806151273 6.9
    endloop
  endfacet
  facet normal -0.6156258683941955 0.750142291081478 0.24143598177347894
    outer loop
      vertex 9.167785116509801 -8.035734806151273 6.9
      vertex 9.390013209717642 -8.36832265107229 8.5
      vertex 9.243553390593274 -7.973553390593274 6.9
    endloop
  endfacet
  facet normal -0.7501422910814779 0.6156258683941954 0.24143598177347972
    outer loop
      vertex 9.243553390593274 -7.973553390593274 6.9
      vertex 9.638322651072292 -8.120013209717643 8.5
      vertex 9.305734806151273 -7.897785116509802 6.9
    endloop
  endfacet
  facet normal -0.8558311662071557 0.45745128883147324 0.24143598177347972
    outer loop
      vertex 9.305734806151273 -7.897785116509802 6.9
      vertex 9.721491579260158 -7.964415089128581 8.5
      vertex 9.351939766255644 -7.811341716182545 6.9
    endloop
  endfacet
  facet normal -0.9286309295711297 0.2816971127806176 0.2414359817734786
    outer loop
      vertex 9.351939766255644 -7.811341716182545 6.9
      vertex 9.772706752362907 -7.795581289814516 8.5
      vertex 9.380392640201617 -7.717545161008064 6.9
    endloop
  endfacet
  facet normal -0.9657439270939189 0.09511747466313045 0.24143598177348002
    outer loop
      vertex 9.380392640201617 -7.717545161008064 6.9
      vertex 9.790000000000001 -7.62 8.5
      vertex 9.39 -7.62 6.9
    endloop
  endfacet
  facet normal -0.8558311662071557 -0.45745128883147324 0.24143598177347977
    outer loop
      vertex 9.305734806151273 -7.342214883490199 6.9
      vertex 9.351939766255644 -7.428658283817455 6.9
      vertex 9.721491579260158 -7.2755849108714195 8.5
    endloop
  endfacet
  facet normal -0.9657439270939189 -0.09511747466313045 0.24143598177348002
    outer loop
      vertex 9.39 -7.62 6.9
      vertex 9.790000000000001 -7.62 8.5
      vertex 9.380392640201617 -7.522454838991936 6.9
    endloop
  endfacet
  facet normal -0.9286309295711297 -0.2816971127806176 0.2414359817734786
    outer loop
      vertex 9.380392640201617 -7.522454838991936 6.9
      vertex 9.772706752362907 -7.444418710185484 8.5
      vertex 9.351939766255644 -7.428658283817455 6.9
    endloop
  endfacet
  facet normal 0.7501422910814779 -0.6156258683941954 0.24143598177347972
    outer loop
      vertex 8.474265193848728 -7.342214883490199 6.9
      vertex 8.536446609406728 -7.266446609406726 6.9
      vertex 8.14167734892771 -7.119986790282358 8.5
    endloop
  endfacet
  facet normal 0.6156258683941902 -0.7501422910814823 0.2414359817734795
    outer loop
      vertex 8.536446609406728 -7.266446609406726 6.9
      vertex 8.6122148834902 -7.204265193848728 6.9
      vertex 8.389986790282359 -6.87167734892771 8.5
    endloop
  endfacet
  facet normal 0.45745128883148056 -0.8558311662071518 0.24143598177347955
    outer loop
      vertex 8.6122148834902 -7.204265193848728 6.9
      vertex 8.698658283817455 -7.158060233744357 6.9
      vertex 8.545584910871419 -6.788508420739842 8.5
    endloop
  endfacet
  facet normal 0.2816971127806071 -0.9286309295711327 0.24143598177347975
    outer loop
      vertex 8.698658283817455 -7.158060233744357 6.9
      vertex 8.792454838991937 -7.129607359798385 6.9
      vertex 8.714418710185486 -6.737293247637092 8.5
    endloop
  endfacet
  facet normal 0.09511747466313915 -0.9657439270939181 0.2414359817734798
    outer loop
      vertex 8.792454838991937 -7.129607359798385 6.9
      vertex 8.89 -7.12 6.9
      vertex 8.89 -6.72 8.5
    endloop
  endfacet
  facet normal -0.09511747466313915 -0.9657439270939181 0.2414359817734798
    outer loop
      vertex 8.89 -7.12 6.9
      vertex 8.987545161008065 -7.129607359798385 6.9
      vertex 8.89 -6.72 8.5
    endloop
  endfacet
  facet normal -0.2816971127806071 -0.9286309295711327 0.24143598177347975
    outer loop
      vertex 8.987545161008065 -7.129607359798385 6.9
      vertex 9.081341716182546 -7.158060233744357 6.9
      vertex 9.065581289814515 -6.737293247637092 8.5
    endloop
  endfacet
  facet normal -0.45745128883148056 -0.8558311662071518 0.24143598177347955
    outer loop
      vertex 9.167785116509801 -7.204265193848728 6.9
      vertex 9.234415089128582 -6.788508420739842 8.5
      vertex 9.081341716182546 -7.158060233744357 6.9
    endloop
  endfacet
  facet normal -0.6156258683941902 -0.7501422910814823 0.2414359817734795
    outer loop
      vertex 9.167785116509801 -7.204265193848728 6.9
      vertex 9.243553390593274 -7.266446609406726 6.9
      vertex 9.390013209717642 -6.87167734892771 8.5
    endloop
  endfacet
  facet normal -0.7501422910814779 -0.6156258683941954 0.24143598177347972
    outer loop
      vertex 9.305734806151273 -7.342214883490199 6.9
      vertex 9.638322651072292 -7.119986790282358 8.5
      vertex 9.243553390593274 -7.266446609406726 6.9
    endloop
  endfacet
  facet normal 0.8558311662071559 0.4574512888314724 0.24143598177347977
    outer loop
      vertex 8.474265193848728 -7.897785116509802 6.9
      vertex 8.058508420739843 -7.964415089128581 8.5
      vertex 8.14167734892771 -8.120013209717643 8.5
    endloop
  endfacet
  facet normal 0.6156258683941882 0.7501422910814839 0.24143598177347966
    outer loop
      vertex 8.536446609406728 -7.973553390593274 6.9
      vertex 8.253603896932107 -8.256396103067893 8.5
      vertex 8.389986790282359 -8.36832265107229 8.5
    endloop
  endfacet
  facet normal 0.75014229108148 0.6156258683941928 0.24143598177348002
    outer loop
      vertex 8.536446609406728 -7.973553390593274 6.9
      vertex 8.14167734892771 -8.120013209717643 8.5
      vertex 8.253603896932107 -8.256396103067893 8.5
    endloop
  endfacet
  facet normal 0.09511747466313454 0.9657439270939185 0.24143598177347964
    outer loop
      vertex 8.792454838991937 -8.110392640201615 6.9
      vertex 8.714418710185486 -8.502706752362908 8.5
      vertex 8.89 -8.52 8.5
    endloop
  endfacet
  facet normal 0.4574512888314842 0.8558311662071499 0.2414359817734792
    outer loop
      vertex 8.6122148834902 -8.035734806151273 6.9
      vertex 8.389986790282359 -8.36832265107229 8.5
      vertex 8.545584910871419 -8.451491579260159 8.5
    endloop
  endfacet
  facet normal 0.2816971127806033 0.9286309295711339 0.24143598177347958
    outer loop
      vertex 8.698658283817455 -8.081939766255644 6.9
      vertex 8.545584910871419 -8.451491579260159 8.5
      vertex 8.714418710185486 -8.502706752362908 8.5
    endloop
  endfacet
  facet normal 0.9286309295711329 0.28169711278060594 0.24143598177347958
    outer loop
      vertex 8.428060233744358 -7.811341716182545 6.9
      vertex 8.007293247637094 -7.795581289814516 8.5
      vertex 8.058508420739843 -7.964415089128581 8.5
    endloop
  endfacet
  facet normal 0.965743927093918 0.09511747466314378 0.24143598177347897
    outer loop
      vertex 8.399607359798384 -7.717545161008064 6.9
      vertex 7.99 -7.62 8.5
      vertex 8.007293247637094 -7.795581289814516 8.5
    endloop
  endfacet
  facet normal 0.965743927093918 -0.09511747466314371 0.24143598177347897
    outer loop
      vertex 8.399607359798384 -7.522454838991936 6.9
      vertex 8.007293247637094 -7.444418710185484 8.5
      vertex 7.99 -7.62 8.5
    endloop
  endfacet
  facet normal 0.928630929571133 -0.2816971127806057 0.24143598177347964
    outer loop
      vertex 8.428060233744358 -7.428658283817455 6.9
      vertex 8.058508420739843 -7.2755849108714195 8.5
      vertex 8.007293247637094 -7.444418710185484 8.5
    endloop
  endfacet
  facet normal -0.09511747466313433 0.9657439270939187 0.24143598177347966
    outer loop
      vertex 8.987545161008065 -8.110392640201615 6.9
      vertex 8.89 -8.52 8.5
      vertex 9.065581289814515 -8.502706752362908 8.5
    endloop
  endfacet
  facet normal -0.281697112780603 0.9286309295711339 0.24143598177347958
    outer loop
      vertex 9.081341716182546 -8.081939766255644 6.9
      vertex 9.065581289814515 -8.502706752362908 8.5
      vertex 9.234415089128582 -8.451491579260159 8.5
    endloop
  endfacet
  facet normal -0.45745128883148406 0.85583116620715 0.24143598177347925
    outer loop
      vertex 9.167785116509801 -8.035734806151273 6.9
      vertex 9.234415089128582 -8.451491579260159 8.5
      vertex 9.390013209717642 -8.36832265107229 8.5
    endloop
  endfacet
  facet normal -0.6156258683941881 0.750142291081484 0.24143598177347975
    outer loop
      vertex 9.243553390593274 -7.973553390593274 6.9
      vertex 9.390013209717642 -8.36832265107229 8.5
      vertex 9.526396103067894 -8.256396103067893 8.5
    endloop
  endfacet
  facet normal -0.75014229108148 0.6156258683941929 0.24143598177348002
    outer loop
      vertex 9.243553390593274 -7.973553390593274 6.9
      vertex 9.526396103067894 -8.256396103067893 8.5
      vertex 9.638322651072292 -8.120013209717643 8.5
    endloop
  endfacet
  facet normal -0.8558311662071559 0.4574512888314724 0.24143598177347977
    outer loop
      vertex 9.305734806151273 -7.897785116509802 6.9
      vertex 9.638322651072292 -8.120013209717643 8.5
      vertex 9.721491579260158 -7.964415089128581 8.5
    endloop
  endfacet
  facet normal -0.928630929571133 0.2816971127806057 0.24143598177347964
    outer loop
      vertex 9.351939766255644 -7.811341716182545 6.9
      vertex 9.721491579260158 -7.964415089128581 8.5
      vertex 9.772706752362907 -7.795581289814516 8.5
    endloop
  endfacet
  facet normal -0.965743927093918 0.09511747466314371 0.24143598177347897
    outer loop
      vertex 9.380392640201617 -7.717545161008064 6.9
      vertex 9.772706752362907 -7.795581289814516 8.5
      vertex 9.790000000000001 -7.62 8.5
    endloop
  endfacet
  facet normal -0.965743927093918 -0.09511747466314378 0.24143598177347897
    outer loop
      vertex 9.380392640201617 -7.522454838991936 6.9
      vertex 9.790000000000001 -7.62 8.5
      vertex 9.772706752362907 -7.444418710185484 8.5
    endloop
  endfacet
  facet normal -0.9286309295711329 -0.28169711278060594 0.24143598177347958
    outer loop
      vertex 9.351939766255644 -7.428658283817455 6.9
      vertex 9.772706752362907 -7.444418710185484 8.5
      vertex 9.721491579260158 -7.2755849108714195 8.5
    endloop
  endfacet
  facet normal 0.8558311662071559 -0.4574512888314724 0.24143598177347977
    outer loop
      vertex 8.474265193848728 -7.342214883490199 6.9
      vertex 8.14167734892771 -7.119986790282358 8.5
      vertex 8.058508420739843 -7.2755849108714195 8.5
    endloop
  endfacet
  facet normal 0.75014229108148 -0.6156258683941929 0.24143598177348002
    outer loop
      vertex 8.536446609406728 -7.266446609406726 6.9
      vertex 8.253603896932107 -6.983603896932108 8.5
      vertex 8.14167734892771 -7.119986790282358 8.5
    endloop
  endfacet
  facet normal 0.6156258683941881 -0.750142291081484 0.24143598177347975
    outer loop
      vertex 8.536446609406728 -7.266446609406726 6.9
      vertex 8.389986790282359 -6.87167734892771 8.5
      vertex 8.253603896932107 -6.983603896932108 8.5
    endloop
  endfacet
  facet normal 0.4574512888314804 -0.8558311662071518 0.24143598177347952
    outer loop
      vertex 8.6122148834902 -7.204265193848728 6.9
      vertex 8.545584910871419 -6.788508420739842 8.5
      vertex 8.389986790282359 -6.87167734892771 8.5
    endloop
  endfacet
  facet normal 0.2816971127806075 -0.9286309295711325 0.2414359817734797
    outer loop
      vertex 8.698658283817455 -7.158060233744357 6.9
      vertex 8.714418710185486 -6.737293247637092 8.5
      vertex 8.545584910871419 -6.788508420739842 8.5
    endloop
  endfacet
  facet normal 0.09511747466313918 -0.9657439270939181 0.24143598177347977
    outer loop
      vertex 8.792454838991937 -7.129607359798385 6.9
      vertex 8.89 -6.72 8.5
      vertex 8.714418710185486 -6.737293247637092 8.5
    endloop
  endfacet
  facet normal -0.4574512888314804 -0.8558311662071518 0.24143598177347952
    outer loop
      vertex 9.167785116509801 -7.204265193848728 6.9
      vertex 9.390013209717642 -6.87167734892771 8.5
      vertex 9.234415089128582 -6.788508420739842 8.5
    endloop
  endfacet
  facet normal -0.09511747466313945 -0.965743927093918 0.24143598177347972
    outer loop
      vertex 8.987545161008065 -7.129607359798385 6.9
      vertex 9.065581289814515 -6.737293247637092 8.5
      vertex 8.89 -6.72 8.5
    endloop
  endfacet
  facet normal -0.28169711278060744 -0.9286309295711325 0.2414359817734797
    outer loop
      vertex 9.081341716182546 -7.158060233744357 6.9
      vertex 9.234415089128582 -6.788508420739842 8.5
      vertex 9.065581289814515 -6.737293247637092 8.5
    endloop
  endfacet
  facet normal -0.6156258683941882 -0.7501422910814839 0.24143598177347966
    outer loop
      vertex 9.243553390593274 -7.266446609406726 6.9
      vertex 9.526396103067894 -6.983603896932108 8.5
      vertex 9.390013209717642 -6.87167734892771 8.5
    endloop
  endfacet
  facet normal -0.8558311662071559 -0.4574512888314724 0.24143598177347977
    outer loop
      vertex 9.305734806151273 -7.342214883490199 6.9
      vertex 9.721491579260158 -7.2755849108714195 8.5
      vertex 9.638322651072292 -7.119986790282358 8.5
    endloop
  endfacet
  facet normal -0.75014229108148 -0.6156258683941928 0.24143598177348002
    outer loop
      vertex 9.243553390593274 -7.266446609406726 6.9
      vertex 9.638322651072292 -7.119986790282358 8.5
      vertex 9.526396103067894 -6.983603896932108 8.5
    endloop
  endfacet
  facet normal 0.6343932841636445 0.7730104533627378 0
    outer loop
      vertex -9.243553390593274 7.266446609406726 6.9
      vertex -9.167785116509801 7.204265193848728 0
      vertex -9.243553390593274 7.266446609406726 0
    endloop
  endfacet
  facet normal 0.4713967368260017 0.8819212643483528 0
    outer loop
      vertex -9.167785116509801 7.204265193848728 6.9
      vertex -9.081341716182546 7.158060233744357 0
      vertex -9.167785116509801 7.204265193848728 0
    endloop
  endfacet
  facet normal 0.2902846772544627 0.9569403357322087 0
    outer loop
      vertex -9.081341716182546 7.158060233744357 6.9
      vertex -8.987545161008065 7.129607359798385 0
      vertex -9.081341716182546 7.158060233744357 0
    endloop
  endfacet
  facet normal 0.09801714032956084 0.9951847266721969 0
    outer loop
      vertex -8.987545161008065 7.129607359798385 6.9
      vertex -8.89 7.12 0
      vertex -8.987545161008065 7.129607359798385 0
    endloop
  endfacet
  facet normal -0.09801714032956084 0.9951847266721969 0
    outer loop
      vertex -8.89 7.12 6.9
      vertex -8.792454838991937 7.129607359798385 0
      vertex -8.89 7.12 0
    endloop
  endfacet
  facet normal -0.2902846772544627 0.9569403357322087 0
    outer loop
      vertex -8.792454838991937 7.129607359798385 6.9
      vertex -8.698658283817455 7.158060233744357 0
      vertex -8.792454838991937 7.129607359798385 0
    endloop
  endfacet
  facet normal -0.4713967368260017 0.8819212643483528 0
    outer loop
      vertex -8.698658283817455 7.158060233744357 6.9
      vertex -8.6122148834902 7.204265193848728 0
      vertex -8.698658283817455 7.158060233744357 0
    endloop
  endfacet
  facet normal -0.6343932841636445 0.7730104533627378 0
    outer loop
      vertex -8.6122148834902 7.204265193848728 6.9
      vertex -8.536446609406728 7.266446609406726 0
      vertex -8.6122148834902 7.204265193848728 0
    endloop
  endfacet
  facet normal 0.7730104533627333 0.6343932841636498 0
    outer loop
      vertex -9.305734806151273 7.342214883490199 6.9
      vertex -9.243553390593274 7.266446609406726 0
      vertex -9.305734806151273 7.342214883490199 0
    endloop
  endfacet
  facet normal 0.8819212643483569 0.4713967368259941 0
    outer loop
      vertex -9.351939766255644 7.428658283817455 6.9
      vertex -9.305734806151273 7.342214883490199 0
      vertex -9.351939766255644 7.428658283817455 0
    endloop
  endfacet
  facet normal 0.9569403357322055 0.29028467725447354 0
    outer loop
      vertex -9.380392640201617 7.522454838991936 6.9
      vertex -9.351939766255644 7.428658283817455 0
      vertex -9.380392640201617 7.522454838991936 0
    endloop
  endfacet
  facet normal 0.9951847266721978 0.09801714032955187 0
    outer loop
      vertex -9.39 7.62 6.9
      vertex -9.380392640201617 7.522454838991936 0
      vertex -9.39 7.62 0
    endloop
  endfacet
  facet normal 0.9951847266721978 -0.09801714032955187 0
    outer loop
      vertex -9.380392640201617 7.717545161008064 6.9
      vertex -9.39 7.62 0
      vertex -9.380392640201617 7.717545161008064 0
    endloop
  endfacet
  facet normal 0.9569403357322055 -0.29028467725447354 0
    outer loop
      vertex -9.351939766255644 7.811341716182545 6.9
      vertex -9.380392640201617 7.717545161008064 0
      vertex -9.351939766255644 7.811341716182545 0
    endloop
  endfacet
  facet normal 0.8819212643483569 -0.4713967368259941 0
    outer loop
      vertex -9.305734806151273 7.897785116509802 6.9
      vertex -9.351939766255644 7.811341716182545 0
      vertex -9.305734806151273 7.897785116509802 0
    endloop
  endfacet
  facet normal 0.7730104533627333 -0.6343932841636498 0
    outer loop
      vertex -9.243553390593274 7.973553390593274 6.9
      vertex -9.305734806151273 7.897785116509802 0
      vertex -9.243553390593274 7.973553390593274 0
    endloop
  endfacet
  facet normal 0.6343932841636498 -0.7730104533627333 0
    outer loop
      vertex -9.167785116509801 8.035734806151273 6.9
      vertex -9.243553390593274 7.973553390593274 0
      vertex -9.167785116509801 8.035734806151273 0
    endloop
  endfacet
  facet normal 0.4713967368260017 -0.8819212643483528 0
    outer loop
      vertex -9.081341716182546 8.081939766255644 6.9
      vertex -9.167785116509801 8.035734806151273 0
      vertex -9.081341716182546 8.081939766255644 0
    endloop
  endfacet
  facet normal 0.29028467725445445 -0.9569403357322112 0
    outer loop
      vertex -8.987545161008065 8.110392640201615 6.9
      vertex -9.081341716182546 8.081939766255644 0
      vertex -8.987545161008065 8.110392640201615 0
    endloop
  endfacet
  facet normal 0.09801714032956982 -0.9951847266721959 0
    outer loop
      vertex -8.89 8.120000000000001 6.9
      vertex -8.987545161008065 8.110392640201615 0
      vertex -8.89 8.120000000000001 0
    endloop
  endfacet
  facet normal -0.7730104533627333 0.6343932841636498 0
    outer loop
      vertex -8.536446609406728 7.266446609406726 6.9
      vertex -8.474265193848728 7.342214883490199 0
      vertex -8.536446609406728 7.266446609406726 0
    endloop
  endfacet
  facet normal -0.7730104533627333 -0.6343932841636498 0
    outer loop
      vertex -8.474265193848728 7.897785116509802 6.9
      vertex -8.536446609406728 7.973553390593274 0
      vertex -8.474265193848728 7.897785116509802 0
    endloop
  endfacet
  facet normal -0.8819212643483569 0.4713967368259941 0
    outer loop
      vertex -8.474265193848728 7.342214883490199 6.9
      vertex -8.428060233744358 7.428658283817455 0
      vertex -8.474265193848728 7.342214883490199 0
    endloop
  endfacet
  facet normal -0.9569403357322055 0.29028467725447354 0
    outer loop
      vertex -8.428060233744358 7.428658283817455 6.9
      vertex -8.399607359798384 7.522454838991936 0
      vertex -8.428060233744358 7.428658283817455 0
    endloop
  endfacet
  facet normal -0.9951847266721978 0.09801714032955187 0
    outer loop
      vertex -8.399607359798384 7.522454838991936 6.9
      vertex -8.39 7.62 0
      vertex -8.399607359798384 7.522454838991936 0
    endloop
  endfacet
  facet normal -0.9951847266721978 -0.09801714032955187 0
    outer loop
      vertex -8.39 7.62 6.9
      vertex -8.399607359798384 7.717545161008064 0
      vertex -8.39 7.62 0
    endloop
  endfacet
  facet normal -0.9569403357322055 -0.29028467725447354 0
    outer loop
      vertex -8.399607359798384 7.717545161008064 6.9
      vertex -8.428060233744358 7.811341716182545 0
      vertex -8.399607359798384 7.717545161008064 0
    endloop
  endfacet
  facet normal -0.8819212643483569 -0.4713967368259941 0
    outer loop
      vertex -8.428060233744358 7.811341716182545 6.9
      vertex -8.474265193848728 7.897785116509802 0
      vertex -8.428060233744358 7.811341716182545 0
    endloop
  endfacet
  facet normal -0.09801714032956982 -0.9951847266721959 0
    outer loop
      vertex -8.792454838991937 8.110392640201615 6.9
      vertex -8.89 8.120000000000001 0
      vertex -8.792454838991937 8.110392640201615 0
    endloop
  endfacet
  facet normal -0.29028467725445445 -0.9569403357322112 0
    outer loop
      vertex -8.698658283817455 8.081939766255644 6.9
      vertex -8.792454838991937 8.110392640201615 0
      vertex -8.698658283817455 8.081939766255644 0
    endloop
  endfacet
  facet normal -0.4713967368260017 -0.8819212643483528 0
    outer loop
      vertex -8.6122148834902 8.035734806151273 6.9
      vertex -8.698658283817455 8.081939766255644 0
      vertex -8.6122148834902 8.035734806151273 0
    endloop
  endfacet
  facet normal -0.6343932841636498 -0.7730104533627333 0
    outer loop
      vertex -8.536446609406728 7.973553390593274 6.9
      vertex -8.6122148834902 8.035734806151273 0
      vertex -8.536446609406728 7.973553390593274 0
    endloop
  endfacet
  facet normal 0.6343932841636445 0.7730104533627378 -7.417959729632666e-20
    outer loop
      vertex -9.243553390593274 7.266446609406726 6.9
      vertex -9.167785116509801 7.204265193848728 6.9
      vertex -9.167785116509801 7.204265193848728 0
    endloop
  endfacet
  facet normal 0.4713967368260017 0.8819212643483528 0
    outer loop
      vertex -9.081341716182546 7.158060233744357 6.9
      vertex -9.081341716182546 7.158060233744357 0
      vertex -9.167785116509801 7.204265193848728 6.9
    endloop
  endfacet
  facet normal 0.2902846772544627 0.9569403357322087 1.2400449403932819e-19
    outer loop
      vertex -9.081341716182546 7.158060233744357 6.9
      vertex -8.987545161008065 7.129607359798385 6.9
      vertex -8.987545161008065 7.129607359798385 0
    endloop
  endfacet
  facet normal 0.09801714032956084 0.9951847266721969 -5.318535846983332e-20
    outer loop
      vertex -8.987545161008065 7.129607359798385 6.9
      vertex -8.89 7.12 6.9
      vertex -8.89 7.12 0
    endloop
  endfacet
  facet normal -0.09801714032956084 0.9951847266721969 5.318535846983332e-20
    outer loop
      vertex -8.89 7.12 6.9
      vertex -8.792454838991937 7.129607359798385 6.9
      vertex -8.792454838991937 7.129607359798385 0
    endloop
  endfacet
  facet normal -0.2902846772544627 0.9569403357322087 -1.2400449403932819e-19
    outer loop
      vertex -8.792454838991937 7.129607359798385 6.9
      vertex -8.698658283817455 7.158060233744357 6.9
      vertex -8.698658283817455 7.158060233744357 0
    endloop
  endfacet
  facet normal -0.4713967368260017 0.8819212643483528 4.684361431889385e-19
    outer loop
      vertex -8.698658283817455 7.158060233744357 6.9
      vertex -8.6122148834902 7.204265193848728 6.9
      vertex -8.6122148834902 7.204265193848728 0
    endloop
  endfacet
  facet normal -0.6343932841636445 0.7730104533627378 7.417959729632666e-20
    outer loop
      vertex -8.6122148834902 7.204265193848728 6.9
      vertex -8.536446609406728 7.266446609406726 6.9
      vertex -8.536446609406728 7.266446609406726 0
    endloop
  endfacet
  facet normal 0.8819212643483569 0.4713967368259941 8.954796002950964e-21
    outer loop
      vertex -9.351939766255644 7.428658283817455 6.9
      vertex -9.305734806151273 7.342214883490199 6.9
      vertex -9.305734806151273 7.342214883490199 0
    endloop
  endfacet
  facet normal 0.9951847266721978 0.09801714032955187 0
    outer loop
      vertex -9.380392640201617 7.522454838991936 6.9
      vertex -9.380392640201617 7.522454838991936 0
      vertex -9.39 7.62 6.9
    endloop
  endfacet
  facet normal 0.9569403357322055 0.29028467725447354 0
    outer loop
      vertex -9.351939766255644 7.428658283817455 6.9
      vertex -9.351939766255644 7.428658283817455 0
      vertex -9.380392640201617 7.522454838991936 6.9
    endloop
  endfacet
  facet normal 0.9951847266721978 -0.09801714032955187 0
    outer loop
      vertex -9.39 7.62 6.9
      vertex -9.39 7.62 0
      vertex -9.380392640201617 7.717545161008064 6.9
    endloop
  endfacet
  facet normal 0.9569403357322055 -0.29028467725447354 0
    outer loop
      vertex -9.380392640201617 7.717545161008064 6.9
      vertex -9.380392640201617 7.717545161008064 0
      vertex -9.351939766255644 7.811341716182545 6.9
    endloop
  endfacet
  facet normal 0.8819212643483569 -0.4713967368259941 0
    outer loop
      vertex -9.351939766255644 7.811341716182545 6.9
      vertex -9.351939766255644 7.811341716182545 0
      vertex -9.305734806151273 7.897785116509802 6.9
    endloop
  endfacet
  facet normal 0.7730104533627333 -0.6343932841636498 0
    outer loop
      vertex -9.305734806151273 7.897785116509802 6.9
      vertex -9.305734806151273 7.897785116509802 0
      vertex -9.243553390593274 7.973553390593274 6.9
    endloop
  endfacet
  facet normal 0.7730104533627333 0.6343932841636498 0
    outer loop
      vertex -9.243553390593274 7.266446609406726 6.9
      vertex -9.243553390593274 7.266446609406726 0
      vertex -9.305734806151273 7.342214883490199 6.9
    endloop
  endfacet
  facet normal 0.6343932841636498 -0.7730104533627333 0
    outer loop
      vertex -9.243553390593274 7.973553390593274 6.9
      vertex -9.243553390593274 7.973553390593274 0
      vertex -9.167785116509801 8.035734806151273 6.9
    endloop
  endfacet
  facet normal 0.4713967368260017 -0.8819212643483528 0
    outer loop
      vertex -9.167785116509801 8.035734806151273 6.9
      vertex -9.167785116509801 8.035734806151273 0
      vertex -9.081341716182546 8.081939766255644 6.9
    endloop
  endfacet
  facet normal 0.29028467725445445 -0.9569403357322112 0
    outer loop
      vertex -9.081341716182546 8.081939766255644 6.9
      vertex -9.081341716182546 8.081939766255644 0
      vertex -8.987545161008065 8.110392640201615 6.9
    endloop
  endfacet
  facet normal 0.09801714032956982 -0.9951847266721959 0
    outer loop
      vertex -8.987545161008065 8.110392640201615 6.9
      vertex -8.987545161008065 8.110392640201615 0
      vertex -8.89 8.120000000000001 6.9
    endloop
  endfacet
  facet normal -0.7730104533627333 0.6343932841636498 -4.558513674827826e-19
    outer loop
      vertex -8.536446609406728 7.266446609406726 6.9
      vertex -8.474265193848728 7.342214883490199 6.9
      vertex -8.474265193848728 7.342214883490199 0
    endloop
  endfacet
  facet normal -0.7730104533627333 -0.6343932841636498 0
    outer loop
      vertex -8.536446609406728 7.973553390593274 6.9
      vertex -8.536446609406728 7.973553390593274 0
      vertex -8.474265193848728 7.897785116509802 6.9
    endloop
  endfacet
  facet normal -0.8819212643483569 0.4713967368259941 -8.954796002950964e-21
    outer loop
      vertex -8.474265193848728 7.342214883490199 6.9
      vertex -8.428060233744358 7.428658283817455 6.9
      vertex -8.428060233744358 7.428658283817455 0
    endloop
  endfacet
  facet normal -0.9569403357322055 0.29028467725447354 -2.369526693007262e-19
    outer loop
      vertex -8.428060233744358 7.428658283817455 6.9
      vertex -8.399607359798384 7.522454838991936 6.9
      vertex -8.399607359798384 7.522454838991936 0
    endloop
  endfacet
  facet normal -0.9951847266721978 0.09801714032955187 3.8764083158680635e-20
    outer loop
      vertex -8.399607359798384 7.522454838991936 6.9
      vertex -8.39 7.62 6.9
      vertex -8.39 7.62 0
    endloop
  endfacet
  facet normal -0.9951847266721978 -0.09801714032955187 -3.8764083158680635e-20
    outer loop
      vertex -8.39 7.62 6.9
      vertex -8.399607359798384 7.717545161008064 6.9
      vertex -8.399607359798384 7.717545161008064 0
    endloop
  endfacet
  facet normal -0.9569403357322055 -0.29028467725447354 2.369526693007262e-19
    outer loop
      vertex -8.399607359798384 7.717545161008064 6.9
      vertex -8.428060233744358 7.811341716182545 6.9
      vertex -8.428060233744358 7.811341716182545 0
    endloop
  endfacet
  facet normal -0.8819212643483569 -0.4713967368259941 8.954796002950964e-21
    outer loop
      vertex -8.428060233744358 7.811341716182545 6.9
      vertex -8.474265193848728 7.897785116509802 6.9
      vertex -8.474265193848728 7.897785116509802 0
    endloop
  endfacet
  facet normal -0.09801714032956982 -0.9951847266721959 0
    outer loop
      vertex -8.89 8.120000000000001 6.9
      vertex -8.89 8.120000000000001 0
      vertex -8.792454838991937 8.110392640201615 6.9
    endloop
  endfacet
  facet normal -0.29028467725445445 -0.9569403357322112 0
    outer loop
      vertex -8.792454838991937 8.110392640201615 6.9
      vertex -8.792454838991937 8.110392640201615 0
      vertex -8.698658283817455 8.081939766255644 6.9
    endloop
  endfacet
  facet normal -0.4713967368260017 -0.8819212643483528 0
    outer loop
      vertex -8.698658283817455 8.081939766255644 6.9
      vertex -8.698658283817455 8.081939766255644 0
      vertex -8.6122148834902 8.035734806151273 6.9
    endloop
  endfacet
  facet normal -0.6343932841636498 -0.7730104533627333 0
    outer loop
      vertex -8.6122148834902 8.035734806151273 6.9
      vertex -8.6122148834902 8.035734806151273 0
      vertex -8.536446609406728 7.973553390593274 6.9
    endloop
  endfacet
  facet normal 0.7501422910814779 0.6156258683941954 0.24143598177347972
    outer loop
      vertex -9.243553390593274 7.266446609406726 6.9
      vertex -9.305734806151273 7.342214883490199 6.9
      vertex -9.638322651072292 7.119986790282358 8.5
    endloop
  endfacet
  facet normal 0.6156258683941902 0.7501422910814823 0.2414359817734795
    outer loop
      vertex -9.243553390593274 7.266446609406726 6.9
      vertex -9.390013209717642 6.87167734892771 8.5
      vertex -9.167785116509801 7.204265193848728 6.9
    endloop
  endfacet
  facet normal 0.45745128883148056 0.8558311662071518 0.24143598177347955
    outer loop
      vertex -9.081341716182546 7.158060233744357 6.9
      vertex -9.167785116509801 7.204265193848728 6.9
      vertex -9.234415089128582 6.788508420739842 8.5
    endloop
  endfacet
  facet normal 0.2816971127806071 0.9286309295711327 0.24143598177347975
    outer loop
      vertex -9.081341716182546 7.158060233744357 6.9
      vertex -9.065581289814515 6.737293247637092 8.5
      vertex -8.987545161008065 7.129607359798385 6.9
    endloop
  endfacet
  facet normal 0.09511747466313915 0.9657439270939181 0.24143598177347977
    outer loop
      vertex -8.987545161008065 7.129607359798385 6.9
      vertex -8.89 6.72 8.5
      vertex -8.89 7.12 6.9
    endloop
  endfacet
  facet normal -0.09511747466313915 0.9657439270939181 0.2414359817734798
    outer loop
      vertex -8.89 7.12 6.9
      vertex -8.89 6.72 8.5
      vertex -8.792454838991937 7.129607359798385 6.9
    endloop
  endfacet
  facet normal -0.2816971127806071 0.9286309295711327 0.2414359817734797
    outer loop
      vertex -8.792454838991937 7.129607359798385 6.9
      vertex -8.714418710185486 6.737293247637092 8.5
      vertex -8.698658283817455 7.158060233744357 6.9
    endloop
  endfacet
  facet normal -0.45745128883148056 0.8558311662071518 0.24143598177347955
    outer loop
      vertex -8.698658283817455 7.158060233744357 6.9
      vertex -8.545584910871419 6.788508420739842 8.5
      vertex -8.6122148834902 7.204265193848728 6.9
    endloop
  endfacet
  facet normal -0.6156258683941902 0.7501422910814823 0.2414359817734795
    outer loop
      vertex -8.6122148834902 7.204265193848728 6.9
      vertex -8.389986790282359 6.87167734892771 8.5
      vertex -8.536446609406728 7.266446609406726 6.9
    endloop
  endfacet
  facet normal -0.7501422910814779 0.6156258683941954 0.24143598177347972
    outer loop
      vertex -8.536446609406728 7.266446609406726 6.9
      vertex -8.14167734892771 7.119986790282358 8.5
      vertex -8.474265193848728 7.342214883490199 6.9
    endloop
  endfacet
  facet normal 0.9286309295711297 0.2816971127806176 0.24143598177347866
    outer loop
      vertex -9.351939766255644 7.428658283817455 6.9
      vertex -9.380392640201617 7.522454838991936 6.9
      vertex -9.772706752362907 7.444418710185484 8.5
    endloop
  endfacet
  facet normal 0.9657439270939189 0.09511747466313045 0.24143598177348002
    outer loop
      vertex -9.380392640201617 7.522454838991936 6.9
      vertex -9.39 7.62 6.9
      vertex -9.790000000000001 7.62 8.5
    endloop
  endfacet
  facet normal 0.8558311662071557 0.45745128883147324 0.24143598177347977
    outer loop
      vertex -9.351939766255644 7.428658283817455 6.9
      vertex -9.721491579260158 7.2755849108714195 8.5
      vertex -9.305734806151273 7.342214883490199 6.9
    endloop
  endfacet
  facet normal 0.9657439270939189 -0.09511747466313045 0.24143598177348002
    outer loop
      vertex -9.39 7.62 6.9
      vertex -9.380392640201617 7.717545161008064 6.9
      vertex -9.790000000000001 7.62 8.5
    endloop
  endfacet
  facet normal 0.9286309295711297 -0.2816971127806176 0.2414359817734786
    outer loop
      vertex -9.380392640201617 7.717545161008064 6.9
      vertex -9.351939766255644 7.811341716182545 6.9
      vertex -9.772706752362907 7.795581289814516 8.5
    endloop
  endfacet
  facet normal 0.8558311662071557 -0.45745128883147324 0.24143598177347977
    outer loop
      vertex -9.351939766255644 7.811341716182545 6.9
      vertex -9.305734806151273 7.897785116509802 6.9
      vertex -9.721491579260158 7.964415089128581 8.5
    endloop
  endfacet
  facet normal 0.7501422910814779 -0.6156258683941954 0.24143598177347972
    outer loop
      vertex -9.305734806151273 7.897785116509802 6.9
      vertex -9.243553390593274 7.973553390593274 6.9
      vertex -9.638322651072292 8.120013209717643 8.5
    endloop
  endfacet
  facet normal 0.6156258683941955 -0.750142291081478 0.24143598177347894
    outer loop
      vertex -9.243553390593274 7.973553390593274 6.9
      vertex -9.167785116509801 8.035734806151273 6.9
      vertex -9.390013209717642 8.36832265107229 8.5
    endloop
  endfacet
  facet normal 0.45745128883148056 -0.8558311662071518 0.24143598177347955
    outer loop
      vertex -9.167785116509801 8.035734806151273 6.9
      vertex -9.081341716182546 8.081939766255644 6.9
      vertex -9.234415089128582 8.451491579260159 8.5
    endloop
  endfacet
  facet normal 0.281697112780599 -0.9286309295711351 0.24143598177347994
    outer loop
      vertex -9.081341716182546 8.081939766255644 6.9
      vertex -8.987545161008065 8.110392640201615 6.9
      vertex -9.065581289814515 8.502706752362908 8.5
    endloop
  endfacet
  facet normal 0.09511747466314789 -0.9657439270939175 0.2414359817734786
    outer loop
      vertex -8.987545161008065 8.110392640201615 6.9
      vertex -8.89 8.120000000000001 6.9
      vertex -8.89 8.52 8.5
    endloop
  endfacet
  facet normal -0.8558311662071557 0.45745128883147324 0.24143598177347972
    outer loop
      vertex -8.474265193848728 7.342214883490199 6.9
      vertex -8.058508420739843 7.2755849108714195 8.5
      vertex -8.428060233744358 7.428658283817455 6.9
    endloop
  endfacet
  facet normal -0.9286309295711297 0.2816971127806176 0.2414359817734786
    outer loop
      vertex -8.428060233744358 7.428658283817455 6.9
      vertex -8.007293247637094 7.444418710185484 8.5
      vertex -8.399607359798384 7.522454838991936 6.9
    endloop
  endfacet
  facet normal -0.9657439270939189 0.09511747466313045 0.24143598177348002
    outer loop
      vertex -8.399607359798384 7.522454838991936 6.9
      vertex -7.99 7.62 8.5
      vertex -8.39 7.62 6.9
    endloop
  endfacet
  facet normal -0.9657439270939189 -0.09511747466313045 0.24143598177348002
    outer loop
      vertex -8.39 7.62 6.9
      vertex -7.99 7.62 8.5
      vertex -8.399607359798384 7.717545161008064 6.9
    endloop
  endfacet
  facet normal -0.9286309295711297 -0.2816971127806176 0.2414359817734786
    outer loop
      vertex -8.399607359798384 7.717545161008064 6.9
      vertex -8.007293247637094 7.795581289814516 8.5
      vertex -8.428060233744358 7.811341716182545 6.9
    endloop
  endfacet
  facet normal -0.8558311662071557 -0.45745128883147324 0.24143598177347977
    outer loop
      vertex -8.428060233744358 7.811341716182545 6.9
      vertex -8.058508420739843 7.964415089128581 8.5
      vertex -8.474265193848728 7.897785116509802 6.9
    endloop
  endfacet
  facet normal -0.09511747466314789 -0.9657439270939175 0.2414359817734786
    outer loop
      vertex -8.89 8.120000000000001 6.9
      vertex -8.792454838991937 8.110392640201615 6.9
      vertex -8.89 8.52 8.5
    endloop
  endfacet
  facet normal -0.281697112780599 -0.9286309295711351 0.24143598177347994
    outer loop
      vertex -8.792454838991937 8.110392640201615 6.9
      vertex -8.698658283817455 8.081939766255644 6.9
      vertex -8.714418710185486 8.502706752362908 8.5
    endloop
  endfacet
  facet normal -0.6156258683941955 -0.750142291081478 0.24143598177347894
    outer loop
      vertex -8.6122148834902 8.035734806151273 6.9
      vertex -8.536446609406728 7.973553390593274 6.9
      vertex -8.389986790282359 8.36832265107229 8.5
    endloop
  endfacet
  facet normal -0.45745128883148056 -0.8558311662071518 0.24143598177347955
    outer loop
      vertex -8.698658283817455 8.081939766255644 6.9
      vertex -8.6122148834902 8.035734806151273 6.9
      vertex -8.545584910871419 8.451491579260159 8.5
    endloop
  endfacet
  facet normal -0.7501422910814779 -0.6156258683941954 0.24143598177347972
    outer loop
      vertex -8.536446609406728 7.973553390593274 6.9
      vertex -8.474265193848728 7.897785116509802 6.9
      vertex -8.14167734892771 8.120013209717643 8.5
    endloop
  endfacet
  facet normal 0.75014229108148 0.6156258683941928 0.24143598177348002
    outer loop
      vertex -9.243553390593274 7.266446609406726 6.9
      vertex -9.638322651072292 7.119986790282358 8.5
      vertex -9.526396103067894 6.983603896932108 8.5
    endloop
  endfacet
  facet normal 0.8558311662071559 0.4574512888314724 0.24143598177347977
    outer loop
      vertex -9.305734806151273 7.342214883490199 6.9
      vertex -9.721491579260158 7.2755849108714195 8.5
      vertex -9.638322651072292 7.119986790282358 8.5
    endloop
  endfacet
  facet normal 0.6156258683941882 0.7501422910814839 0.24143598177347966
    outer loop
      vertex -9.243553390593274 7.266446609406726 6.9
      vertex -9.526396103067894 6.983603896932108 8.5
      vertex -9.390013209717642 6.87167734892771 8.5
    endloop
  endfacet
  facet normal 0.28169711278060744 0.9286309295711325 0.2414359817734797
    outer loop
      vertex -9.081341716182546 7.158060233744357 6.9
      vertex -9.234415089128582 6.788508420739842 8.5
      vertex -9.065581289814515 6.737293247637092 8.5
    endloop
  endfacet
  facet normal 0.09511747466313945 0.965743927093918 0.24143598177347972
    outer loop
      vertex -8.987545161008065 7.129607359798385 6.9
      vertex -9.065581289814515 6.737293247637092 8.5
      vertex -8.89 6.72 8.5
    endloop
  endfacet
  facet normal 0.4574512888314804 0.8558311662071518 0.24143598177347952
    outer loop
      vertex -9.167785116509801 7.204265193848728 6.9
      vertex -9.390013209717642 6.87167734892771 8.5
      vertex -9.234415089128582 6.788508420739842 8.5
    endloop
  endfacet
  facet normal -0.09511747466313918 0.9657439270939181 0.24143598177347977
    outer loop
      vertex -8.792454838991937 7.129607359798385 6.9
      vertex -8.89 6.72 8.5
      vertex -8.714418710185486 6.737293247637092 8.5
    endloop
  endfacet
  facet normal -0.2816971127806075 0.9286309295711325 0.2414359817734797
    outer loop
      vertex -8.698658283817455 7.158060233744357 6.9
      vertex -8.714418710185486 6.737293247637092 8.5
      vertex -8.545584910871419 6.788508420739842 8.5
    endloop
  endfacet
  facet normal -0.4574512888314804 0.8558311662071518 0.24143598177347952
    outer loop
      vertex -8.6122148834902 7.204265193848728 6.9
      vertex -8.545584910871419 6.788508420739842 8.5
      vertex -8.389986790282359 6.87167734892771 8.5
    endloop
  endfacet
  facet normal -0.6156258683941881 0.750142291081484 0.24143598177347975
    outer loop
      vertex -8.536446609406728 7.266446609406726 6.9
      vertex -8.389986790282359 6.87167734892771 8.5
      vertex -8.253603896932107 6.983603896932108 8.5
    endloop
  endfacet
  facet normal -0.75014229108148 0.6156258683941929 0.24143598177348002
    outer loop
      vertex -8.536446609406728 7.266446609406726 6.9
      vertex -8.253603896932107 6.983603896932108 8.5
      vertex -8.14167734892771 7.119986790282358 8.5
    endloop
  endfacet
  facet normal -0.8558311662071559 0.4574512888314724 0.24143598177347977
    outer loop
      vertex -8.474265193848728 7.342214883490199 6.9
      vertex -8.14167734892771 7.119986790282358 8.5
      vertex -8.058508420739843 7.2755849108714195 8.5
    endloop
  endfacet
  facet normal 0.9286309295711329 0.28169711278060594 0.24143598177347958
    outer loop
      vertex -9.351939766255644 7.428658283817455 6.9
      vertex -9.772706752362907 7.444418710185484 8.5
      vertex -9.721491579260158 7.2755849108714195 8.5
    endloop
  endfacet
  facet normal 0.965743927093918 0.09511747466314378 0.24143598177347897
    outer loop
      vertex -9.380392640201617 7.522454838991936 6.9
      vertex -9.790000000000001 7.62 8.5
      vertex -9.772706752362907 7.444418710185484 8.5
    endloop
  endfacet
  facet normal 0.965743927093918 -0.09511747466314371 0.24143598177347897
    outer loop
      vertex -9.380392640201617 7.717545161008064 6.9
      vertex -9.772706752362907 7.795581289814516 8.5
      vertex -9.790000000000001 7.62 8.5
    endloop
  endfacet
  facet normal 0.928630929571133 -0.2816971127806057 0.24143598177347964
    outer loop
      vertex -9.351939766255644 7.811341716182545 6.9
      vertex -9.721491579260158 7.964415089128581 8.5
      vertex -9.772706752362907 7.795581289814516 8.5
    endloop
  endfacet
  facet normal 0.8558311662071559 -0.4574512888314724 0.24143598177347977
    outer loop
      vertex -9.305734806151273 7.897785116509802 6.9
      vertex -9.638322651072292 8.120013209717643 8.5
      vertex -9.721491579260158 7.964415089128581 8.5
    endloop
  endfacet
  facet normal 0.75014229108148 -0.6156258683941929 0.24143598177348002
    outer loop
      vertex -9.243553390593274 7.973553390593274 6.9
      vertex -9.526396103067894 8.256396103067893 8.5
      vertex -9.638322651072292 8.120013209717643 8.5
    endloop
  endfacet
  facet normal 0.6156258683941881 -0.750142291081484 0.24143598177347975
    outer loop
      vertex -9.243553390593274 7.973553390593274 6.9
      vertex -9.390013209717642 8.36832265107229 8.5
      vertex -9.526396103067894 8.256396103067893 8.5
    endloop
  endfacet
  facet normal 0.45745128883148406 -0.85583116620715 0.24143598177347925
    outer loop
      vertex -9.167785116509801 8.035734806151273 6.9
      vertex -9.234415089128582 8.451491579260159 8.5
      vertex -9.390013209717642 8.36832265107229 8.5
    endloop
  endfacet
  facet normal 0.281697112780603 -0.9286309295711339 0.24143598177347958
    outer loop
      vertex -9.081341716182546 8.081939766255644 6.9
      vertex -9.065581289814515 8.502706752362908 8.5
      vertex -9.234415089128582 8.451491579260159 8.5
    endloop
  endfacet
  facet normal 0.09511747466313433 -0.9657439270939187 0.24143598177347966
    outer loop
      vertex -8.987545161008065 8.110392640201615 6.9
      vertex -8.89 8.52 8.5
      vertex -9.065581289814515 8.502706752362908 8.5
    endloop
  endfacet
  facet normal -0.928630929571133 0.2816971127806057 0.24143598177347964
    outer loop
      vertex -8.428060233744358 7.428658283817455 6.9
      vertex -8.058508420739843 7.2755849108714195 8.5
      vertex -8.007293247637094 7.444418710185484 8.5
    endloop
  endfacet
  facet normal -0.965743927093918 0.09511747466314371 0.24143598177347897
    outer loop
      vertex -8.399607359798384 7.522454838991936 6.9
      vertex -8.007293247637094 7.444418710185484 8.5
      vertex -7.99 7.62 8.5
    endloop
  endfacet
  facet normal -0.965743927093918 -0.09511747466314378 0.24143598177347897
    outer loop
      vertex -8.399607359798384 7.717545161008064 6.9
      vertex -7.99 7.62 8.5
      vertex -8.007293247637094 7.795581289814516 8.5
    endloop
  endfacet
  facet normal -0.9286309295711329 -0.28169711278060594 0.24143598177347958
    outer loop
      vertex -8.428060233744358 7.811341716182545 6.9
      vertex -8.007293247637094 7.795581289814516 8.5
      vertex -8.058508420739843 7.964415089128581 8.5
    endloop
  endfacet
  facet normal -0.2816971127806033 -0.9286309295711339 0.24143598177347958
    outer loop
      vertex -8.698658283817455 8.081939766255644 6.9
      vertex -8.545584910871419 8.451491579260159 8.5
      vertex -8.714418710185486 8.502706752362908 8.5
    endloop
  endfacet
  facet normal -0.4574512888314842 -0.8558311662071499 0.2414359817734792
    outer loop
      vertex -8.6122148834902 8.035734806151273 6.9
      vertex -8.389986790282359 8.36832265107229 8.5
      vertex -8.545584910871419 8.451491579260159 8.5
    endloop
  endfacet
  facet normal -0.09511747466313454 -0.9657439270939185 0.24143598177347964
    outer loop
      vertex -8.792454838991937 8.110392640201615 6.9
      vertex -8.714418710185486 8.502706752362908 8.5
      vertex -8.89 8.52 8.5
    endloop
  endfacet
  facet normal -0.75014229108148 -0.6156258683941928 0.24143598177348002
    outer loop
      vertex -8.536446609406728 7.973553390593274 6.9
      vertex -8.14167734892771 8.120013209717643 8.5
      vertex -8.253603896932107 8.256396103067893 8.5
    endloop
  endfacet
  facet normal -0.6156258683941882 -0.7501422910814839 0.24143598177347966
    outer loop
      vertex -8.536446609406728 7.973553390593274 6.9
      vertex -8.253603896932107 8.256396103067893 8.5
      vertex -8.389986790282359 8.36832265107229 8.5
    endloop
  endfacet
  facet normal -0.8558311662071559 -0.4574512888314724 0.24143598177347977
    outer loop
      vertex -8.474265193848728 7.897785116509802 6.9
      vertex -8.058508420739843 7.964415089128581 8.5
      vertex -8.14167734892771 8.120013209717643 8.5
    endloop
  endfacet
  facet normal 0.6343932841636445 0.7730104533627378 0
    outer loop
      vertex -6.7035533905932745 7.266446609406726 6.9
      vertex -6.627785116509802 7.204265193848728 0
      vertex -6.7035533905932745 7.266446609406726 0
    endloop
  endfacet
  facet normal 0.4713967368259941 0.8819212643483569 0
    outer loop
      vertex -6.627785116509802 7.204265193848728 6.9
      vertex -6.541341716182545 7.158060233744357 0
      vertex -6.627785116509802 7.204265193848728 0
    endloop
  endfacet
  facet normal 0.2902846772544653 0.956940335732208 0
    outer loop
      vertex -6.541341716182545 7.158060233744357 6.9
      vertex -6.4475451610080645 7.129607359798385 0
      vertex -6.541341716182545 7.158060233744357 0
    endloop
  endfacet
  facet normal 0.8819212643483569 0.4713967368259941 0
    outer loop
      vertex -6.811939766255644 7.428658283817455 6.9
      vertex -6.765734806151273 7.342214883490199 0
      vertex -6.811939766255644 7.428658283817455 0
    endloop
  endfacet
  facet normal 0.7730104533627378 0.6343932841636445 0
    outer loop
      vertex -6.765734806151273 7.342214883490199 6.9
      vertex -6.7035533905932745 7.266446609406726 0
      vertex -6.765734806151273 7.342214883490199 0
    endloop
  endfacet
  facet normal 0.956940335732208 0.2902846772544653 0
    outer loop
      vertex -6.840392640201616 7.522454838991936 6.9
      vertex -6.811939766255644 7.428658283817455 0
      vertex -6.840392640201616 7.522454838991936 0
    endloop
  endfacet
  facet normal 0.9951847266721969 0.09801714032956084 0
    outer loop
      vertex -6.8500000000000005 7.62 6.9
      vertex -6.840392640201616 7.522454838991936 0
      vertex -6.8500000000000005 7.62 0
    endloop
  endfacet
  facet normal 0.9951847266721969 -0.09801714032956084 0
    outer loop
      vertex -6.840392640201616 7.717545161008064 6.9
      vertex -6.8500000000000005 7.62 0
      vertex -6.840392640201616 7.717545161008064 0
    endloop
  endfacet
  facet normal 0.956940335732208 -0.2902846772544653 0
    outer loop
      vertex -6.811939766255644 7.811341716182545 6.9
      vertex -6.840392640201616 7.717545161008064 0
      vertex -6.811939766255644 7.811341716182545 0
    endloop
  endfacet
  facet normal 0.8819212643483569 -0.4713967368259941 0
    outer loop
      vertex -6.765734806151273 7.897785116509802 6.9
      vertex -6.811939766255644 7.811341716182545 0
      vertex -6.765734806151273 7.897785116509802 0
    endloop
  endfacet
  facet normal 0.7730104533627378 -0.6343932841636445 0
    outer loop
      vertex -6.7035533905932745 7.973553390593274 6.9
      vertex -6.765734806151273 7.897785116509802 0
      vertex -6.7035533905932745 7.973553390593274 0
    endloop
  endfacet
  facet normal 0.6343932841636498 -0.7730104533627333 0
    outer loop
      vertex -6.627785116509802 8.035734806151273 6.9
      vertex -6.7035533905932745 7.973553390593274 0
      vertex -6.627785116509802 8.035734806151273 0
    endloop
  endfacet
  facet normal 0.4713967368259941 -0.8819212643483569 0
    outer loop
      vertex -6.541341716182545 8.081939766255644 6.9
      vertex -6.627785116509802 8.035734806151273 0
      vertex -6.541341716182545 8.081939766255644 0
    endloop
  endfacet
  facet normal 0.290284677254457 -0.9569403357322105 0
    outer loop
      vertex -6.4475451610080645 8.110392640201615 6.9
      vertex -6.541341716182545 8.081939766255644 0
      vertex -6.4475451610080645 8.110392640201615 0
    endloop
  endfacet
  facet normal 0.09801714032956084 0.9951847266721969 0
    outer loop
      vertex -6.4475451610080645 7.129607359798385 6.9
      vertex -6.3500000000000005 7.12 0
      vertex -6.4475451610080645 7.129607359798385 0
    endloop
  endfacet
  facet normal -0.09801714032956084 0.9951847266721969 0
    outer loop
      vertex -6.3500000000000005 7.12 6.9
      vertex -6.2524548389919365 7.129607359798385 0
      vertex -6.3500000000000005 7.12 0
    endloop
  endfacet
  facet normal -0.2902846772544653 0.956940335732208 0
    outer loop
      vertex -6.2524548389919365 7.129607359798385 6.9
      vertex -6.158658283817456 7.158060233744357 0
      vertex -6.2524548389919365 7.129607359798385 0
    endloop
  endfacet
  facet normal -0.4713967368259941 0.8819212643483569 0
    outer loop
      vertex -6.158658283817456 7.158060233744357 6.9
      vertex -6.072214883490199 7.204265193848728 0
      vertex -6.158658283817456 7.158060233744357 0
    endloop
  endfacet
  facet normal -0.6343932841636445 0.7730104533627378 0
    outer loop
      vertex -6.072214883490199 7.204265193848728 6.9
      vertex -5.996446609406727 7.266446609406726 0
      vertex -6.072214883490199 7.204265193848728 0
    endloop
  endfacet
  facet normal -0.7730104533627378 0.6343932841636445 0
    outer loop
      vertex -5.996446609406727 7.266446609406726 6.9
      vertex -5.934265193848728 7.342214883490199 0
      vertex -5.996446609406727 7.266446609406726 0
    endloop
  endfacet
  facet normal -0.8819212643483569 0.4713967368259941 0
    outer loop
      vertex -5.934265193848728 7.342214883490199 6.9
      vertex -5.8880602337443575 7.428658283817455 0
      vertex -5.934265193848728 7.342214883490199 0
    endloop
  endfacet
  facet normal -0.956940335732208 0.2902846772544653 0
    outer loop
      vertex -5.8880602337443575 7.428658283817455 6.9
      vertex -5.859607359798385 7.522454838991936 0
      vertex -5.8880602337443575 7.428658283817455 0
    endloop
  endfacet
  facet normal -0.9951847266721969 0.09801714032956084 0
    outer loop
      vertex -5.859607359798385 7.522454838991936 6.9
      vertex -5.8500000000000005 7.62 0
      vertex -5.859607359798385 7.522454838991936 0
    endloop
  endfacet
  facet normal -0.9951847266721969 -0.09801714032956084 0
    outer loop
      vertex -5.8500000000000005 7.62 6.9
      vertex -5.859607359798385 7.717545161008064 0
      vertex -5.8500000000000005 7.62 0
    endloop
  endfacet
  facet normal -0.956940335732208 -0.2902846772544653 0
    outer loop
      vertex -5.859607359798385 7.717545161008064 6.9
      vertex -5.8880602337443575 7.811341716182545 0
      vertex -5.859607359798385 7.717545161008064 0
    endloop
  endfacet
  facet normal -0.7730104533627378 -0.6343932841636445 0
    outer loop
      vertex -5.934265193848728 7.897785116509802 6.9
      vertex -5.996446609406727 7.973553390593274 0
      vertex -5.934265193848728 7.897785116509802 0
    endloop
  endfacet
  facet normal -0.8819212643483569 -0.4713967368259941 0
    outer loop
      vertex -5.8880602337443575 7.811341716182545 6.9
      vertex -5.934265193848728 7.897785116509802 0
      vertex -5.8880602337443575 7.811341716182545 0
    endloop
  endfacet
  facet normal 0.09801714032956982 -0.9951847266721959 0
    outer loop
      vertex -6.3500000000000005 8.120000000000001 6.9
      vertex -6.4475451610080645 8.110392640201615 0
      vertex -6.3500000000000005 8.120000000000001 0
    endloop
  endfacet
  facet normal -0.09801714032956982 -0.9951847266721959 0
    outer loop
      vertex -6.2524548389919365 8.110392640201615 6.9
      vertex -6.3500000000000005 8.120000000000001 0
      vertex -6.2524548389919365 8.110392640201615 0
    endloop
  endfacet
  facet normal -0.290284677254457 -0.9569403357322105 0
    outer loop
      vertex -6.158658283817456 8.081939766255644 6.9
      vertex -6.2524548389919365 8.110392640201615 0
      vertex -6.158658283817456 8.081939766255644 0
    endloop
  endfacet
  facet normal -0.4713967368259941 -0.8819212643483569 0
    outer loop
      vertex -6.072214883490199 8.035734806151273 6.9
      vertex -6.158658283817456 8.081939766255644 0
      vertex -6.072214883490199 8.035734806151273 0
    endloop
  endfacet
  facet normal -0.6343932841636498 -0.7730104533627333 0
    outer loop
      vertex -5.996446609406727 7.973553390593274 6.9
      vertex -6.072214883490199 8.035734806151273 0
      vertex -5.996446609406727 7.973553390593274 0
    endloop
  endfacet
  facet normal 0.6343932841636445 0.7730104533627378 -7.417959729632666e-20
    outer loop
      vertex -6.7035533905932745 7.266446609406726 6.9
      vertex -6.627785116509802 7.204265193848728 6.9
      vertex -6.627785116509802 7.204265193848728 0
    endloop
  endfacet
  facet normal 0.4713967368259941 0.8819212643483569 0
    outer loop
      vertex -6.541341716182545 7.158060233744357 6.9
      vertex -6.541341716182545 7.158060233744357 0
      vertex -6.627785116509802 7.204265193848728 6.9
    endloop
  endfacet
  facet normal 0.2902846772544653 0.956940335732208 2.980914899402578e-19
    outer loop
      vertex -6.541341716182545 7.158060233744357 6.9
      vertex -6.4475451610080645 7.129607359798385 6.9
      vertex -6.4475451610080645 7.129607359798385 0
    endloop
  endfacet
  facet normal 0.8819212643483569 0.4713967368259941 8.954796002950964e-21
    outer loop
      vertex -6.811939766255644 7.428658283817455 6.9
      vertex -6.765734806151273 7.342214883490199 6.9
      vertex -6.765734806151273 7.342214883490199 0
    endloop
  endfacet
  facet normal 0.7730104533627378 0.6343932841636445 -7.417959729632666e-20
    outer loop
      vertex -6.765734806151273 7.342214883490199 6.9
      vertex -6.7035533905932745 7.266446609406726 6.9
      vertex -6.7035533905932745 7.266446609406726 0
    endloop
  endfacet
  facet normal 0.956940335732208 0.2902846772544653 0
    outer loop
      vertex -6.811939766255644 7.428658283817455 6.9
      vertex -6.811939766255644 7.428658283817455 0
      vertex -6.840392640201616 7.522454838991936 6.9
    endloop
  endfacet
  facet normal 0.9951847266721969 0.09801714032956084 0
    outer loop
      vertex -6.840392640201616 7.522454838991936 6.9
      vertex -6.840392640201616 7.522454838991936 0
      vertex -6.8500000000000005 7.62 6.9
    endloop
  endfacet
  facet normal 0.9951847266721969 -0.09801714032956084 0
    outer loop
      vertex -6.8500000000000005 7.62 6.9
      vertex -6.8500000000000005 7.62 0
      vertex -6.840392640201616 7.717545161008064 6.9
    endloop
  endfacet
  facet normal 0.956940335732208 -0.2902846772544653 0
    outer loop
      vertex -6.840392640201616 7.717545161008064 6.9
      vertex -6.840392640201616 7.717545161008064 0
      vertex -6.811939766255644 7.811341716182545 6.9
    endloop
  endfacet
  facet normal 0.8819212643483569 -0.4713967368259941 0
    outer loop
      vertex -6.811939766255644 7.811341716182545 6.9
      vertex -6.811939766255644 7.811341716182545 0
      vertex -6.765734806151273 7.897785116509802 6.9
    endloop
  endfacet
  facet normal 0.7730104533627378 -0.6343932841636445 0
    outer loop
      vertex -6.765734806151273 7.897785116509802 6.9
      vertex -6.765734806151273 7.897785116509802 0
      vertex -6.7035533905932745 7.973553390593274 6.9
    endloop
  endfacet
  facet normal 0.6343932841636498 -0.7730104533627333 0
    outer loop
      vertex -6.7035533905932745 7.973553390593274 6.9
      vertex -6.7035533905932745 7.973553390593274 0
      vertex -6.627785116509802 8.035734806151273 6.9
    endloop
  endfacet
  facet normal 0.4713967368259941 -0.8819212643483569 0
    outer loop
      vertex -6.627785116509802 8.035734806151273 6.9
      vertex -6.627785116509802 8.035734806151273 0
      vertex -6.541341716182545 8.081939766255644 6.9
    endloop
  endfacet
  facet normal 0.290284677254457 -0.9569403357322105 0
    outer loop
      vertex -6.541341716182545 8.081939766255644 6.9
      vertex -6.541341716182545 8.081939766255644 0
      vertex -6.4475451610080645 8.110392640201615 6.9
    endloop
  endfacet
  facet normal 0.09801714032956084 0.9951847266721969 -5.318535846983332e-20
    outer loop
      vertex -6.4475451610080645 7.129607359798385 6.9
      vertex -6.3500000000000005 7.12 6.9
      vertex -6.3500000000000005 7.12 0
    endloop
  endfacet
  facet normal -0.09801714032956084 0.9951847266721969 5.318535846983332e-20
    outer loop
      vertex -6.3500000000000005 7.12 6.9
      vertex -6.2524548389919365 7.129607359798385 6.9
      vertex -6.2524548389919365 7.129607359798385 0
    endloop
  endfacet
  facet normal -0.2902846772544653 0.956940335732208 -2.980914899402578e-19
    outer loop
      vertex -6.2524548389919365 7.129607359798385 6.9
      vertex -6.158658283817456 7.158060233744357 6.9
      vertex -6.158658283817456 7.158060233744357 0
    endloop
  endfacet
  facet normal -0.4713967368259941 0.8819212643483569 -8.954796002950964e-21
    outer loop
      vertex -6.158658283817456 7.158060233744357 6.9
      vertex -6.072214883490199 7.204265193848728 6.9
      vertex -6.072214883490199 7.204265193848728 0
    endloop
  endfacet
  facet normal -0.6343932841636445 0.7730104533627378 7.417959729632666e-20
    outer loop
      vertex -6.072214883490199 7.204265193848728 6.9
      vertex -5.996446609406727 7.266446609406726 6.9
      vertex -5.996446609406727 7.266446609406726 0
    endloop
  endfacet
  facet normal -0.7730104533627378 0.6343932841636445 7.417959729632666e-20
    outer loop
      vertex -5.996446609406727 7.266446609406726 6.9
      vertex -5.934265193848728 7.342214883490199 6.9
      vertex -5.934265193848728 7.342214883490199 0
    endloop
  endfacet
  facet normal -0.8819212643483569 0.4713967368259941 -8.954796002950964e-21
    outer loop
      vertex -5.934265193848728 7.342214883490199 6.9
      vertex -5.8880602337443575 7.428658283817455 6.9
      vertex -5.8880602337443575 7.428658283817455 0
    endloop
  endfacet
  facet normal -0.956940335732208 0.2902846772544653 -2.980914899402578e-19
    outer loop
      vertex -5.8880602337443575 7.428658283817455 6.9
      vertex -5.859607359798385 7.522454838991936 6.9
      vertex -5.859607359798385 7.522454838991936 0
    endloop
  endfacet
  facet normal -0.9951847266721969 0.09801714032956084 5.318535846983332e-20
    outer loop
      vertex -5.859607359798385 7.522454838991936 6.9
      vertex -5.8500000000000005 7.62 6.9
      vertex -5.8500000000000005 7.62 0
    endloop
  endfacet
  facet normal -0.9951847266721969 -0.09801714032956084 -5.318535846983332e-20
    outer loop
      vertex -5.8500000000000005 7.62 6.9
      vertex -5.859607359798385 7.717545161008064 6.9
      vertex -5.859607359798385 7.717545161008064 0
    endloop
  endfacet
  facet normal -0.956940335732208 -0.2902846772544653 2.980914899402578e-19
    outer loop
      vertex -5.859607359798385 7.717545161008064 6.9
      vertex -5.8880602337443575 7.811341716182545 6.9
      vertex -5.8880602337443575 7.811341716182545 0
    endloop
  endfacet
  facet normal -0.7730104533627378 -0.6343932841636445 0
    outer loop
      vertex -5.996446609406727 7.973553390593274 6.9
      vertex -5.996446609406727 7.973553390593274 0
      vertex -5.934265193848728 7.897785116509802 6.9
    endloop
  endfacet
  facet normal -0.8819212643483569 -0.4713967368259941 8.954796002950964e-21
    outer loop
      vertex -5.8880602337443575 7.811341716182545 6.9
      vertex -5.934265193848728 7.897785116509802 6.9
      vertex -5.934265193848728 7.897785116509802 0
    endloop
  endfacet
  facet normal 0.09801714032956982 -0.9951847266721959 0
    outer loop
      vertex -6.4475451610080645 8.110392640201615 6.9
      vertex -6.4475451610080645 8.110392640201615 0
      vertex -6.3500000000000005 8.120000000000001 6.9
    endloop
  endfacet
  facet normal -0.09801714032956982 -0.9951847266721959 0
    outer loop
      vertex -6.3500000000000005 8.120000000000001 6.9
      vertex -6.3500000000000005 8.120000000000001 0
      vertex -6.2524548389919365 8.110392640201615 6.9
    endloop
  endfacet
  facet normal -0.290284677254457 -0.9569403357322105 0
    outer loop
      vertex -6.2524548389919365 8.110392640201615 6.9
      vertex -6.2524548389919365 8.110392640201615 0
      vertex -6.158658283817456 8.081939766255644 6.9
    endloop
  endfacet
  facet normal -0.4713967368259941 -0.8819212643483569 0
    outer loop
      vertex -6.158658283817456 8.081939766255644 6.9
      vertex -6.158658283817456 8.081939766255644 0
      vertex -6.072214883490199 8.035734806151273 6.9
    endloop
  endfacet
  facet normal -0.6343932841636498 -0.7730104533627333 4.558513674827826e-19
    outer loop
      vertex -5.996446609406727 7.973553390593274 6.9
      vertex -6.072214883490199 8.035734806151273 6.9
      vertex -6.072214883490199 8.035734806151273 0
    endloop
  endfacet
  facet normal 0.7501422910814823 0.6156258683941902 0.2414359817734795
    outer loop
      vertex -6.765734806151273 7.342214883490199 6.9
      vertex -7.098322651072291 7.119986790282358 8.5
      vertex -6.7035533905932745 7.266446609406726 6.9
    endloop
  endfacet
  facet normal 0.6156258683941902 0.7501422910814823 0.2414359817734795
    outer loop
      vertex -6.7035533905932745 7.266446609406726 6.9
      vertex -6.850013209717643 6.87167734892771 8.5
      vertex -6.627785116509802 7.204265193848728 6.9
    endloop
  endfacet
  facet normal 0.45745128883147324 0.8558311662071557 0.24143598177347977
    outer loop
      vertex -6.541341716182545 7.158060233744357 6.9
      vertex -6.627785116509802 7.204265193848728 6.9
      vertex -6.694415089128581 6.788508420739842 8.5
    endloop
  endfacet
  facet normal 0.28169711278060955 0.9286309295711319 0.24143598177347983
    outer loop
      vertex -6.541341716182545 7.158060233744357 6.9
      vertex -6.525581289814516 6.737293247637092 8.5
      vertex -6.4475451610080645 7.129607359798385 6.9
    endloop
  endfacet
  facet normal 0.8558311662071557 0.45745128883147324 0.24143598177347977
    outer loop
      vertex -6.811939766255644 7.428658283817455 6.9
      vertex -7.181491579260158 7.2755849108714195 8.5
      vertex -6.765734806151273 7.342214883490199 6.9
    endloop
  endfacet
  facet normal 0.9286309295711319 0.28169711278060955 0.24143598177347983
    outer loop
      vertex -6.811939766255644 7.428658283817455 6.9
      vertex -6.840392640201616 7.522454838991936 6.9
      vertex -7.232706752362908 7.444418710185484 8.5
    endloop
  endfacet
  facet normal 0.9657439270939181 0.09511747466313915 0.24143598177347977
    outer loop
      vertex -6.840392640201616 7.522454838991936 6.9
      vertex -6.8500000000000005 7.62 6.9
      vertex -7.250000000000001 7.62 8.5
    endloop
  endfacet
  facet normal 0.9657439270939181 -0.09511747466313915 0.2414359817734798
    outer loop
      vertex -6.8500000000000005 7.62 6.9
      vertex -6.840392640201616 7.717545161008064 6.9
      vertex -7.250000000000001 7.62 8.5
    endloop
  endfacet
  facet normal 0.9286309295711319 -0.28169711278060955 0.2414359817734798
    outer loop
      vertex -6.840392640201616 7.717545161008064 6.9
      vertex -6.811939766255644 7.811341716182545 6.9
      vertex -7.232706752362908 7.795581289814516 8.5
    endloop
  endfacet
  facet normal 0.8558311662071557 -0.45745128883147324 0.24143598177347977
    outer loop
      vertex -6.811939766255644 7.811341716182545 6.9
      vertex -6.765734806151273 7.897785116509802 6.9
      vertex -7.181491579260158 7.964415089128581 8.5
    endloop
  endfacet
  facet normal 0.7501422910814823 -0.6156258683941902 0.2414359817734795
    outer loop
      vertex -6.765734806151273 7.897785116509802 6.9
      vertex -6.7035533905932745 7.973553390593274 6.9
      vertex -7.098322651072291 8.120013209717643 8.5
    endloop
  endfacet
  facet normal 0.6156258683941955 -0.750142291081478 0.24143598177347894
    outer loop
      vertex -6.7035533905932745 7.973553390593274 6.9
      vertex -6.627785116509802 8.035734806151273 6.9
      vertex -6.850013209717643 8.36832265107229 8.5
    endloop
  endfacet
  facet normal 0.45745128883147324 -0.8558311662071557 0.24143598177347972
    outer loop
      vertex -6.627785116509802 8.035734806151273 6.9
      vertex -6.541341716182545 8.081939766255644 6.9
      vertex -6.694415089128581 8.451491579260159 8.5
    endloop
  endfacet
  facet normal 0.28169711278060144 -0.9286309295711344 0.24143598177348
    outer loop
      vertex -6.541341716182545 8.081939766255644 6.9
      vertex -6.4475451610080645 8.110392640201615 6.9
      vertex -6.525581289814516 8.502706752362908 8.5
    endloop
  endfacet
  facet normal 0.855831166207154 0.4574512888314763 0.2414359817734794
    outer loop
      vertex -6.765734806151273 7.342214883490199 6.9
      vertex -7.181491579260158 7.2755849108714195 8.5
      vertex -7.098322651072291 7.119986790282358 8.5
    endloop
  endfacet
  facet normal 0.75014229108148 0.615625868394193 0.24143598177347916
    outer loop
      vertex -6.7035533905932745 7.266446609406726 6.9
      vertex -7.098322651072291 7.119986790282358 8.5
      vertex -6.986396103067893 6.983603896932108 8.5
    endloop
  endfacet
  facet normal 0.2816971127806101 0.9286309295711317 0.2414359817734797
    outer loop
      vertex -6.541341716182545 7.158060233744357 6.9
      vertex -6.694415089128581 6.788508420739842 8.5
      vertex -6.525581289814516 6.737293247637092 8.5
    endloop
  endfacet
  facet normal 0.615625868394193 0.75014229108148 0.24143598177347916
    outer loop
      vertex -6.7035533905932745 7.266446609406726 6.9
      vertex -6.986396103067893 6.983603896932108 8.5
      vertex -6.850013209717643 6.87167734892771 8.5
    endloop
  endfacet
  facet normal 0.4574512888314763 0.855831166207154 0.2414359817734794
    outer loop
      vertex -6.627785116509802 7.204265193848728 6.9
      vertex -6.850013209717643 6.87167734892771 8.5
      vertex -6.694415089128581 6.788508420739842 8.5
    endloop
  endfacet
  facet normal 0.9286309295711317 0.2816971127806101 0.2414359817734797
    outer loop
      vertex -6.811939766255644 7.428658283817455 6.9
      vertex -7.232706752362908 7.444418710185484 8.5
      vertex -7.181491579260158 7.2755849108714195 8.5
    endloop
  endfacet
  facet normal 0.9657439270939181 0.095117474663139 0.24143598177347986
    outer loop
      vertex -6.840392640201616 7.522454838991936 6.9
      vertex -7.250000000000001 7.62 8.5
      vertex -7.232706752362908 7.444418710185484 8.5
    endloop
  endfacet
  facet normal 0.9657439270939181 -0.0951174746631387 0.24143598177347983
    outer loop
      vertex -6.840392640201616 7.717545161008064 6.9
      vertex -7.232706752362908 7.795581289814516 8.5
      vertex -7.250000000000001 7.62 8.5
    endloop
  endfacet
  facet normal 0.9286309295711317 -0.28169711278061016 0.24143598177347975
    outer loop
      vertex -6.811939766255644 7.811341716182545 6.9
      vertex -7.181491579260158 7.964415089128581 8.5
      vertex -7.232706752362908 7.795581289814516 8.5
    endloop
  endfacet
  facet normal 0.855831166207154 -0.4574512888314763 0.2414359817734794
    outer loop
      vertex -6.765734806151273 7.897785116509802 6.9
      vertex -7.098322651072291 8.120013209717643 8.5
      vertex -7.181491579260158 7.964415089128581 8.5
    endloop
  endfacet
  facet normal 0.7501422910814801 -0.6156258683941929 0.2414359817734792
    outer loop
      vertex -6.7035533905932745 7.973553390593274 6.9
      vertex -6.986396103067893 8.256396103067893 8.5
      vertex -7.098322651072291 8.120013209717643 8.5
    endloop
  endfacet
  facet normal 0.6156258683941929 -0.7501422910814801 0.2414359817734792
    outer loop
      vertex -6.7035533905932745 7.973553390593274 6.9
      vertex -6.850013209717643 8.36832265107229 8.5
      vertex -6.986396103067893 8.256396103067893 8.5
    endloop
  endfacet
  facet normal 0.45745128883147995 -0.8558311662071522 0.24143598177347908
    outer loop
      vertex -6.627785116509802 8.035734806151273 6.9
      vertex -6.694415089128581 8.451491579260159 8.5
      vertex -6.850013209717643 8.36832265107229 8.5
    endloop
  endfacet
  facet normal 0.2816971127806057 -0.928630929571133 0.24143598177347964
    outer loop
      vertex -6.541341716182545 8.081939766255644 6.9
      vertex -6.525581289814516 8.502706752362908 8.5
      vertex -6.694415089128581 8.451491579260159 8.5
    endloop
  endfacet
  facet normal 0.09511747466313915 0.9657439270939181 0.24143598177347977
    outer loop
      vertex -6.4475451610080645 7.129607359798385 6.9
      vertex -6.3500000000000005 6.72 8.5
      vertex -6.3500000000000005 7.12 6.9
    endloop
  endfacet
  facet normal -0.09511747466313915 0.9657439270939181 0.2414359817734798
    outer loop
      vertex -6.3500000000000005 7.12 6.9
      vertex -6.3500000000000005 6.72 8.5
      vertex -6.2524548389919365 7.129607359798385 6.9
    endloop
  endfacet
  facet normal -0.28169711278060955 0.9286309295711319 0.2414359817734798
    outer loop
      vertex -6.2524548389919365 7.129607359798385 6.9
      vertex -6.174418710185485 6.737293247637092 8.5
      vertex -6.158658283817456 7.158060233744357 6.9
    endloop
  endfacet
  facet normal -0.45745128883147324 0.8558311662071557 0.24143598177347977
    outer loop
      vertex -6.158658283817456 7.158060233744357 6.9
      vertex -6.00558491087142 6.788508420739842 8.5
      vertex -6.072214883490199 7.204265193848728 6.9
    endloop
  endfacet
  facet normal -0.6156258683941902 0.7501422910814823 0.2414359817734795
    outer loop
      vertex -6.072214883490199 7.204265193848728 6.9
      vertex -5.849986790282358 6.87167734892771 8.5
      vertex -5.996446609406727 7.266446609406726 6.9
    endloop
  endfacet
  facet normal -0.7501422910814823 0.6156258683941902 0.2414359817734795
    outer loop
      vertex -5.996446609406727 7.266446609406726 6.9
      vertex -5.60167734892771 7.119986790282358 8.5
      vertex -5.934265193848728 7.342214883490199 6.9
    endloop
  endfacet
  facet normal -0.8558311662071557 0.45745128883147324 0.24143598177347972
    outer loop
      vertex -5.934265193848728 7.342214883490199 6.9
      vertex -5.518508420739843 7.2755849108714195 8.5
      vertex -5.8880602337443575 7.428658283817455 6.9
    endloop
  endfacet
  facet normal -0.9286309295711319 0.28169711278060955 0.2414359817734798
    outer loop
      vertex -5.8880602337443575 7.428658283817455 6.9
      vertex -5.467293247637093 7.444418710185484 8.5
      vertex -5.859607359798385 7.522454838991936 6.9
    endloop
  endfacet
  facet normal -0.9657439270939181 0.09511747466313915 0.2414359817734798
    outer loop
      vertex -5.859607359798385 7.522454838991936 6.9
      vertex -5.45 7.62 8.5
      vertex -5.8500000000000005 7.62 6.9
    endloop
  endfacet
  facet normal -0.9657439270939181 -0.09511747466313915 0.2414359817734798
    outer loop
      vertex -5.8500000000000005 7.62 6.9
      vertex -5.45 7.62 8.5
      vertex -5.859607359798385 7.717545161008064 6.9
    endloop
  endfacet
  facet normal -0.9286309295711319 -0.28169711278060955 0.2414359817734798
    outer loop
      vertex -5.859607359798385 7.717545161008064 6.9
      vertex -5.467293247637093 7.795581289814516 8.5
      vertex -5.8880602337443575 7.811341716182545 6.9
    endloop
  endfacet
  facet normal -0.8558311662071557 -0.45745128883147324 0.24143598177347977
    outer loop
      vertex -5.8880602337443575 7.811341716182545 6.9
      vertex -5.518508420739843 7.964415089128581 8.5
      vertex -5.934265193848728 7.897785116509802 6.9
    endloop
  endfacet
  facet normal 0.09511747466314789 -0.9657439270939175 0.2414359817734786
    outer loop
      vertex -6.4475451610080645 8.110392640201615 6.9
      vertex -6.3500000000000005 8.120000000000001 6.9
      vertex -6.3500000000000005 8.52 8.5
    endloop
  endfacet
  facet normal -0.09511747466314789 -0.9657439270939175 0.2414359817734786
    outer loop
      vertex -6.3500000000000005 8.120000000000001 6.9
      vertex -6.2524548389919365 8.110392640201615 6.9
      vertex -6.3500000000000005 8.52 8.5
    endloop
  endfacet
  facet normal -0.28169711278060144 -0.9286309295711344 0.24143598177348
    outer loop
      vertex -6.2524548389919365 8.110392640201615 6.9
      vertex -6.158658283817456 8.081939766255644 6.9
      vertex -6.174418710185485 8.502706752362908 8.5
    endloop
  endfacet
  facet normal -0.45745128883147324 -0.8558311662071557 0.24143598177347977
    outer loop
      vertex -6.158658283817456 8.081939766255644 6.9
      vertex -6.072214883490199 8.035734806151273 6.9
      vertex -6.00558491087142 8.451491579260159 8.5
    endloop
  endfacet
  facet normal -0.6156258683941955 -0.750142291081478 0.24143598177347894
    outer loop
      vertex -5.996446609406727 7.973553390593274 6.9
      vertex -5.849986790282358 8.36832265107229 8.5
      vertex -6.072214883490199 8.035734806151273 6.9
    endloop
  endfacet
  facet normal -0.7501422910814823 -0.6156258683941902 0.2414359817734795
    outer loop
      vertex -5.996446609406727 7.973553390593274 6.9
      vertex -5.934265193848728 7.897785116509802 6.9
      vertex -5.60167734892771 8.120013209717643 8.5
    endloop
  endfacet
  facet normal 0.095117474663139 0.9657439270939181 0.24143598177347986
    outer loop
      vertex -6.4475451610080645 7.129607359798385 6.9
      vertex -6.525581289814516 6.737293247637092 8.5
      vertex -6.3500000000000005 6.72 8.5
    endloop
  endfacet
  facet normal -0.0951174746631387 0.9657439270939181 0.24143598177347983
    outer loop
      vertex -6.2524548389919365 7.129607359798385 6.9
      vertex -6.3500000000000005 6.72 8.5
      vertex -6.174418710185485 6.737293247637092 8.5
    endloop
  endfacet
  facet normal -0.28169711278061016 0.9286309295711317 0.24143598177347975
    outer loop
      vertex -6.158658283817456 7.158060233744357 6.9
      vertex -6.174418710185485 6.737293247637092 8.5
      vertex -6.00558491087142 6.788508420739842 8.5
    endloop
  endfacet
  facet normal -0.4574512888314763 0.855831166207154 0.2414359817734794
    outer loop
      vertex -6.072214883490199 7.204265193848728 6.9
      vertex -6.00558491087142 6.788508420739842 8.5
      vertex -5.849986790282358 6.87167734892771 8.5
    endloop
  endfacet
  facet normal -0.6156258683941929 0.7501422910814801 0.2414359817734792
    outer loop
      vertex -5.996446609406727 7.266446609406726 6.9
      vertex -5.849986790282358 6.87167734892771 8.5
      vertex -5.713603896932108 6.983603896932108 8.5
    endloop
  endfacet
  facet normal -0.7501422910814801 0.6156258683941929 0.2414359817734792
    outer loop
      vertex -5.996446609406727 7.266446609406726 6.9
      vertex -5.713603896932108 6.983603896932108 8.5
      vertex -5.60167734892771 7.119986790282358 8.5
    endloop
  endfacet
  facet normal -0.855831166207154 0.4574512888314763 0.2414359817734794
    outer loop
      vertex -5.934265193848728 7.342214883490199 6.9
      vertex -5.60167734892771 7.119986790282358 8.5
      vertex -5.518508420739843 7.2755849108714195 8.5
    endloop
  endfacet
  facet normal -0.28169711278060594 -0.9286309295711329 0.24143598177347958
    outer loop
      vertex -6.158658283817456 8.081939766255644 6.9
      vertex -6.00558491087142 8.451491579260159 8.5
      vertex -6.174418710185485 8.502706752362908 8.5
    endloop
  endfacet
  facet normal 0.09511747466313386 -0.9657439270939187 0.24143598177347972
    outer loop
      vertex -6.4475451610080645 8.110392640201615 6.9
      vertex -6.3500000000000005 8.52 8.5
      vertex -6.525581289814516 8.502706752362908 8.5
    endloop
  endfacet
  facet normal -0.0951174746631341 -0.9657439270939187 0.24143598177347977
    outer loop
      vertex -6.2524548389919365 8.110392640201615 6.9
      vertex -6.174418710185485 8.502706752362908 8.5
      vertex -6.3500000000000005 8.52 8.5
    endloop
  endfacet
  facet normal -0.4574512888314801 -0.855831166207152 0.24143598177347905
    outer loop
      vertex -6.072214883490199 8.035734806151273 6.9
      vertex -5.849986790282358 8.36832265107229 8.5
      vertex -6.00558491087142 8.451491579260159 8.5
    endloop
  endfacet
  facet normal -0.615625868394193 -0.75014229108148 0.24143598177347916
    outer loop
      vertex -5.996446609406727 7.973553390593274 6.9
      vertex -5.713603896932108 8.256396103067893 8.5
      vertex -5.849986790282358 8.36832265107229 8.5
    endloop
  endfacet
  facet normal -0.75014229108148 -0.615625868394193 0.24143598177347916
    outer loop
      vertex -5.996446609406727 7.973553390593274 6.9
      vertex -5.60167734892771 8.120013209717643 8.5
      vertex -5.713603896932108 8.256396103067893 8.5
    endloop
  endfacet
  facet normal -0.855831166207154 -0.4574512888314763 0.2414359817734794
    outer loop
      vertex -5.934265193848728 7.897785116509802 6.9
      vertex -5.518508420739843 7.964415089128581 8.5
      vertex -5.60167734892771 8.120013209717643 8.5
    endloop
  endfacet
  facet normal -0.9286309295711317 0.28169711278061016 0.24143598177347975
    outer loop
      vertex -5.8880602337443575 7.428658283817455 6.9
      vertex -5.518508420739843 7.2755849108714195 8.5
      vertex -5.467293247637093 7.444418710185484 8.5
    endloop
  endfacet
  facet normal -0.9657439270939181 0.0951174746631387 0.24143598177347983
    outer loop
      vertex -5.859607359798385 7.522454838991936 6.9
      vertex -5.467293247637093 7.444418710185484 8.5
      vertex -5.45 7.62 8.5
    endloop
  endfacet
  facet normal -0.9657439270939181 -0.095117474663139 0.24143598177347986
    outer loop
      vertex -5.859607359798385 7.717545161008064 6.9
      vertex -5.45 7.62 8.5
      vertex -5.467293247637093 7.795581289814516 8.5
    endloop
  endfacet
  facet normal -0.9286309295711317 -0.2816971127806101 0.2414359817734797
    outer loop
      vertex -5.8880602337443575 7.811341716182545 6.9
      vertex -5.467293247637093 7.795581289814516 8.5
      vertex -5.518508420739843 7.964415089128581 8.5
    endloop
  endfacet
  facet normal 0.63439328416364 0.7730104533627414 0
    outer loop
      vertex -4.1635533905932745 7.266446609406726 6.9
      vertex -4.087785116509801 7.204265193848728 0
      vertex -4.1635533905932745 7.266446609406726 0
    endloop
  endfacet
  facet normal 0.47139673682599786 0.8819212643483549 0
    outer loop
      vertex -4.087785116509801 7.204265193848728 6.9
      vertex -4.001341716182545 7.158060233744357 0
      vertex -4.087785116509801 7.204265193848728 0
    endloop
  endfacet
  facet normal 0.2902846772544653 0.956940335732208 0
    outer loop
      vertex -4.001341716182545 7.158060233744357 6.9
      vertex -3.9075451610080645 7.129607359798385 0
      vertex -4.001341716182545 7.158060233744357 0
    endloop
  endfacet
  facet normal 0.09801714032956084 0.9951847266721969 0
    outer loop
      vertex -3.9075451610080645 7.129607359798385 6.9
      vertex -3.8100000000000005 7.12 0
      vertex -3.9075451610080645 7.129607359798385 0
    endloop
  endfacet
  facet normal -0.09801714032956084 0.9951847266721969 0
    outer loop
      vertex -3.8100000000000005 7.12 6.9
      vertex -3.7124548389919365 7.129607359798385 0
      vertex -3.8100000000000005 7.12 0
    endloop
  endfacet
  facet normal -0.2902846772544653 0.956940335732208 0
    outer loop
      vertex -3.7124548389919365 7.129607359798385 6.9
      vertex -3.6186582838174557 7.158060233744357 0
      vertex -3.7124548389919365 7.129607359798385 0
    endloop
  endfacet
  facet normal -0.47139673682599603 0.8819212643483559 0
    outer loop
      vertex -3.6186582838174557 7.158060233744357 6.9
      vertex -3.5322148834901994 7.204265193848728 0
      vertex -3.6186582838174557 7.158060233744357 0
    endloop
  endfacet
  facet normal -0.6343932841636424 0.7730104533627397 0
    outer loop
      vertex -3.5322148834901994 7.204265193848728 6.9
      vertex -3.4564466094067265 7.266446609406726 0
      vertex -3.5322148834901994 7.204265193848728 0
    endloop
  endfacet
  facet normal 0.8819212643483569 0.4713967368259941 0
    outer loop
      vertex -4.2719397662556435 7.428658283817455 6.9
      vertex -4.225734806151273 7.342214883490199 0
      vertex -4.2719397662556435 7.428658283817455 0
    endloop
  endfacet
  facet normal 0.956940335732208 0.2902846772544653 0
    outer loop
      vertex -4.300392640201616 7.522454838991936 6.9
      vertex -4.2719397662556435 7.428658283817455 0
      vertex -4.300392640201616 7.522454838991936 0
    endloop
  endfacet
  facet normal 0.9951847266721969 0.09801714032956084 0
    outer loop
      vertex -4.3100000000000005 7.62 6.9
      vertex -4.300392640201616 7.522454838991936 0
      vertex -4.3100000000000005 7.62 0
    endloop
  endfacet
  facet normal 0.7730104533627378 0.6343932841636445 0
    outer loop
      vertex -4.225734806151273 7.342214883490199 6.9
      vertex -4.1635533905932745 7.266446609406726 0
      vertex -4.225734806151273 7.342214883490199 0
    endloop
  endfacet
  facet normal 0.9951847266721969 -0.09801714032956084 0
    outer loop
      vertex -4.300392640201616 7.717545161008064 6.9
      vertex -4.3100000000000005 7.62 0
      vertex -4.300392640201616 7.717545161008064 0
    endloop
  endfacet
  facet normal 0.956940335732208 -0.2902846772544653 0
    outer loop
      vertex -4.2719397662556435 7.811341716182545 6.9
      vertex -4.300392640201616 7.717545161008064 0
      vertex -4.2719397662556435 7.811341716182545 0
    endloop
  endfacet
  facet normal 0.8819212643483569 -0.4713967368259941 0
    outer loop
      vertex -4.225734806151273 7.897785116509802 6.9
      vertex -4.2719397662556435 7.811341716182545 0
      vertex -4.225734806151273 7.897785116509802 0
    endloop
  endfacet
  facet normal 0.7730104533627378 -0.6343932841636445 0
    outer loop
      vertex -4.1635533905932745 7.973553390593274 6.9
      vertex -4.225734806151273 7.897785116509802 0
      vertex -4.1635533905932745 7.973553390593274 0
    endloop
  endfacet
  facet normal 0.6343932841636455 -0.773010453362737 0
    outer loop
      vertex -4.087785116509801 8.035734806151273 6.9
      vertex -4.1635533905932745 7.973553390593274 0
      vertex -4.087785116509801 8.035734806151273 0
    endloop
  endfacet
  facet normal 0.47139673682599786 -0.8819212643483549 0
    outer loop
      vertex -4.001341716182545 8.081939766255644 6.9
      vertex -4.087785116509801 8.035734806151273 0
      vertex -4.001341716182545 8.081939766255644 0
    endloop
  endfacet
  facet normal -0.7730104533627378 0.6343932841636445 0
    outer loop
      vertex -3.4564466094067265 7.266446609406726 6.9
      vertex -3.394265193848728 7.342214883490199 0
      vertex -3.4564466094067265 7.266446609406726 0
    endloop
  endfacet
  facet normal -0.881921264348355 0.4713967368259977 0
    outer loop
      vertex -3.394265193848728 7.342214883490199 6.9
      vertex -3.348060233744357 7.428658283817455 0
      vertex -3.394265193848728 7.342214883490199 0
    endloop
  endfacet
  facet normal -0.9569403357322093 0.2902846772544611 0
    outer loop
      vertex -3.348060233744357 7.428658283817455 6.9
      vertex -3.3196073597983853 7.522454838991936 0
      vertex -3.348060233744357 7.428658283817455 0
    endloop
  endfacet
  facet normal -0.9951847266721969 0.09801714032956084 0
    outer loop
      vertex -3.3196073597983853 7.522454838991936 6.9
      vertex -3.3100000000000005 7.62 0
      vertex -3.3196073597983853 7.522454838991936 0
    endloop
  endfacet
  facet normal -0.9569403357322093 -0.2902846772544611 0
    outer loop
      vertex -3.3196073597983853 7.717545161008064 6.9
      vertex -3.348060233744357 7.811341716182545 0
      vertex -3.3196073597983853 7.717545161008064 0
    endloop
  endfacet
  facet normal -0.9951847266721969 -0.09801714032956084 0
    outer loop
      vertex -3.3100000000000005 7.62 6.9
      vertex -3.3196073597983853 7.717545161008064 0
      vertex -3.3100000000000005 7.62 0
    endloop
  endfacet
  facet normal -0.881921264348355 -0.4713967368259977 0
    outer loop
      vertex -3.348060233744357 7.811341716182545 6.9
      vertex -3.394265193848728 7.897785116509802 0
      vertex -3.348060233744357 7.811341716182545 0
    endloop
  endfacet
  facet normal -0.7730104533627378 -0.6343932841636445 0
    outer loop
      vertex -3.394265193848728 7.897785116509802 6.9
      vertex -3.4564466094067265 7.973553390593274 0
      vertex -3.394265193848728 7.897785116509802 0
    endloop
  endfacet
  facet normal 0.290284677254457 -0.9569403357322105 0
    outer loop
      vertex -3.9075451610080645 8.110392640201615 6.9
      vertex -4.001341716182545 8.081939766255644 0
      vertex -3.9075451610080645 8.110392640201615 0
    endloop
  endfacet
  facet normal 0.09801714032956982 -0.9951847266721959 0
    outer loop
      vertex -3.8100000000000005 8.120000000000001 6.9
      vertex -3.9075451610080645 8.110392640201615 0
      vertex -3.8100000000000005 8.120000000000001 0
    endloop
  endfacet
  facet normal -0.09801714032956982 -0.9951847266721959 0
    outer loop
      vertex -3.7124548389919365 8.110392640201615 6.9
      vertex -3.8100000000000005 8.120000000000001 0
      vertex -3.7124548389919365 8.110392640201615 0
    endloop
  endfacet
  facet normal -0.290284677254457 -0.9569403357322105 0
    outer loop
      vertex -3.6186582838174557 8.081939766255644 6.9
      vertex -3.7124548389919365 8.110392640201615 0
      vertex -3.6186582838174557 8.081939766255644 0
    endloop
  endfacet
  facet normal -0.47139673682599603 -0.8819212643483559 0
    outer loop
      vertex -3.5322148834901994 8.035734806151273 6.9
      vertex -3.6186582838174557 8.081939766255644 0
      vertex -3.5322148834901994 8.035734806151273 0
    endloop
  endfacet
  facet normal -0.6343932841636477 -0.7730104533627352 0
    outer loop
      vertex -3.4564466094067265 7.973553390593274 6.9
      vertex -3.5322148834901994 8.035734806151273 0
      vertex -3.4564466094067265 7.973553390593274 0
    endloop
  endfacet
  facet normal 0.63439328416364 0.7730104533627414 3.4420304814083e-19
    outer loop
      vertex -4.1635533905932745 7.266446609406726 6.9
      vertex -4.087785116509801 7.204265193848728 6.9
      vertex -4.087785116509801 7.204265193848728 0
    endloop
  endfacet
  facet normal 0.47139673682599786 0.8819212643483549 0
    outer loop
      vertex -4.001341716182545 7.158060233744357 6.9
      vertex -4.001341716182545 7.158060233744357 0
      vertex -4.087785116509801 7.204265193848728 6.9
    endloop
  endfacet
  facet normal 0.2902846772544653 0.956940335732208 2.980914899402578e-19
    outer loop
      vertex -4.001341716182545 7.158060233744357 6.9
      vertex -3.9075451610080645 7.129607359798385 6.9
      vertex -3.9075451610080645 7.129607359798385 0
    endloop
  endfacet
  facet normal 0.09801714032956084 0.9951847266721969 -5.318535846983332e-20
    outer loop
      vertex -3.9075451610080645 7.129607359798385 6.9
      vertex -3.8100000000000005 7.12 6.9
      vertex -3.8100000000000005 7.12 0
    endloop
  endfacet
  facet normal -0.09801714032956084 0.9951847266721969 5.318535846983332e-20
    outer loop
      vertex -3.8100000000000005 7.12 6.9
      vertex -3.7124548389919365 7.129607359798385 6.9
      vertex -3.7124548389919365 7.129607359798385 0
    endloop
  endfacet
  facet normal -0.2902846772544653 0.956940335732208 -2.980914899402578e-19
    outer loop
      vertex -3.7124548389919365 7.129607359798385 6.9
      vertex -3.6186582838174557 7.158060233744357 6.9
      vertex -3.6186582838174557 7.158060233744357 0
    endloop
  endfacet
  facet normal -0.47139673682599603 0.8819212643483559 4.310118613778735e-19
    outer loop
      vertex -3.6186582838174557 7.158060233744357 6.9
      vertex -3.5322148834901994 7.204265193848728 6.9
      vertex -3.5322148834901994 7.204265193848728 0
    endloop
  endfacet
  facet normal -0.6343932841636424 0.7730104533627397 -1.350117254222524e-19
    outer loop
      vertex -3.5322148834901994 7.204265193848728 6.9
      vertex -3.4564466094067265 7.266446609406726 6.9
      vertex -3.4564466094067265 7.266446609406726 0
    endloop
  endfacet
  facet normal 0.8819212643483569 0.4713967368259941 0
    outer loop
      vertex -4.225734806151273 7.342214883490199 6.9
      vertex -4.225734806151273 7.342214883490199 0
      vertex -4.2719397662556435 7.428658283817455 6.9
    endloop
  endfacet
  facet normal 0.956940335732208 0.2902846772544653 0
    outer loop
      vertex -4.2719397662556435 7.428658283817455 6.9
      vertex -4.2719397662556435 7.428658283817455 0
      vertex -4.300392640201616 7.522454838991936 6.9
    endloop
  endfacet
  facet normal 0.9951847266721969 0.09801714032956084 0
    outer loop
      vertex -4.300392640201616 7.522454838991936 6.9
      vertex -4.300392640201616 7.522454838991936 0
      vertex -4.3100000000000005 7.62 6.9
    endloop
  endfacet
  facet normal 0.7730104533627378 0.6343932841636445 0
    outer loop
      vertex -4.1635533905932745 7.266446609406726 6.9
      vertex -4.1635533905932745 7.266446609406726 0
      vertex -4.225734806151273 7.342214883490199 6.9
    endloop
  endfacet
  facet normal 0.9951847266721969 -0.09801714032956084 0
    outer loop
      vertex -4.3100000000000005 7.62 6.9
      vertex -4.3100000000000005 7.62 0
      vertex -4.300392640201616 7.717545161008064 6.9
    endloop
  endfacet
  facet normal 0.956940335732208 -0.2902846772544653 0
    outer loop
      vertex -4.300392640201616 7.717545161008064 6.9
      vertex -4.300392640201616 7.717545161008064 0
      vertex -4.2719397662556435 7.811341716182545 6.9
    endloop
  endfacet
  facet normal 0.8819212643483569 -0.4713967368259941 0
    outer loop
      vertex -4.2719397662556435 7.811341716182545 6.9
      vertex -4.2719397662556435 7.811341716182545 0
      vertex -4.225734806151273 7.897785116509802 6.9
    endloop
  endfacet
  facet normal 0.7730104533627378 -0.6343932841636445 0
    outer loop
      vertex -4.225734806151273 7.897785116509802 6.9
      vertex -4.225734806151273 7.897785116509802 0
      vertex -4.1635533905932745 7.973553390593274 6.9
    endloop
  endfacet
  facet normal 0.6343932841636455 -0.773010453362737 0
    outer loop
      vertex -4.1635533905932745 7.973553390593274 6.9
      vertex -4.1635533905932745 7.973553390593274 0
      vertex -4.087785116509801 8.035734806151273 6.9
    endloop
  endfacet
  facet normal 0.47139673682599786 -0.8819212643483549 0
    outer loop
      vertex -4.087785116509801 8.035734806151273 6.9
      vertex -4.087785116509801 8.035734806151273 0
      vertex -4.001341716182545 8.081939766255644 6.9
    endloop
  endfacet
  facet normal -0.7730104533627378 0.6343932841636445 7.417959729632666e-20
    outer loop
      vertex -3.4564466094067265 7.266446609406726 6.9
      vertex -3.394265193848728 7.342214883490199 6.9
      vertex -3.394265193848728 7.342214883490199 0
    endloop
  endfacet
  facet normal -0.881921264348355 0.4713967368259977 3.23233298173025e-19
    outer loop
      vertex -3.394265193848728 7.342214883490199 6.9
      vertex -3.348060233744357 7.428658283817455 6.9
      vertex -3.348060233744357 7.428658283817455 0
    endloop
  endfacet
  facet normal -0.9569403357322093 0.2902846772544611 3.1257694490568286e-19
    outer loop
      vertex -3.348060233744357 7.428658283817455 6.9
      vertex -3.3196073597983853 7.522454838991936 6.9
      vertex -3.3196073597983853 7.522454838991936 0
    endloop
  endfacet
  facet normal -0.9951847266721969 0.09801714032956084 5.318535846983332e-20
    outer loop
      vertex -3.3196073597983853 7.522454838991936 6.9
      vertex -3.3100000000000005 7.62 6.9
      vertex -3.3100000000000005 7.62 0
    endloop
  endfacet
  facet normal -0.7730104533627378 -0.6343932841636445 0
    outer loop
      vertex -3.4564466094067265 7.973553390593274 6.9
      vertex -3.4564466094067265 7.973553390593274 0
      vertex -3.394265193848728 7.897785116509802 6.9
    endloop
  endfacet
  facet normal -0.9569403357322093 -0.2902846772544611 -3.1257694490568286e-19
    outer loop
      vertex -3.3196073597983853 7.717545161008064 6.9
      vertex -3.348060233744357 7.811341716182545 6.9
      vertex -3.348060233744357 7.811341716182545 0
    endloop
  endfacet
  facet normal -0.9951847266721969 -0.09801714032956084 -5.318535846983332e-20
    outer loop
      vertex -3.3100000000000005 7.62 6.9
      vertex -3.3196073597983853 7.717545161008064 6.9
      vertex -3.3196073597983853 7.717545161008064 0
    endloop
  endfacet
  facet normal -0.881921264348355 -0.4713967368259977 0
    outer loop
      vertex -3.394265193848728 7.897785116509802 6.9
      vertex -3.394265193848728 7.897785116509802 0
      vertex -3.348060233744357 7.811341716182545 6.9
    endloop
  endfacet
  facet normal 0.290284677254457 -0.9569403357322105 0
    outer loop
      vertex -4.001341716182545 8.081939766255644 6.9
      vertex -4.001341716182545 8.081939766255644 0
      vertex -3.9075451610080645 8.110392640201615 6.9
    endloop
  endfacet
  facet normal 0.09801714032956982 -0.9951847266721959 0
    outer loop
      vertex -3.9075451610080645 8.110392640201615 6.9
      vertex -3.9075451610080645 8.110392640201615 0
      vertex -3.8100000000000005 8.120000000000001 6.9
    endloop
  endfacet
  facet normal -0.09801714032956982 -0.9951847266721959 0
    outer loop
      vertex -3.8100000000000005 8.120000000000001 6.9
      vertex -3.8100000000000005 8.120000000000001 0
      vertex -3.7124548389919365 8.110392640201615 6.9
    endloop
  endfacet
  facet normal -0.290284677254457 -0.9569403357322105 0
    outer loop
      vertex -3.7124548389919365 8.110392640201615 6.9
      vertex -3.7124548389919365 8.110392640201615 0
      vertex -3.6186582838174557 8.081939766255644 6.9
    endloop
  endfacet
  facet normal -0.47139673682599603 -0.8819212643483559 0
    outer loop
      vertex -3.6186582838174557 8.081939766255644 6.9
      vertex -3.6186582838174557 8.081939766255644 0
      vertex -3.5322148834901994 8.035734806151273 6.9
    endloop
  endfacet
  facet normal -0.6343932841636477 -0.7730104533627352 -6.174330001306316e-19
    outer loop
      vertex -3.4564466094067265 7.973553390593274 6.9
      vertex -3.5322148834901994 8.035734806151273 6.9
      vertex -3.5322148834901994 8.035734806151273 0
    endloop
  endfacet
  facet normal 0.7501422910814822 0.6156258683941901 0.24143598177347989
    outer loop
      vertex -4.1635533905932745 7.266446609406726 6.9
      vertex -4.225734806151273 7.342214883490199 6.9
      vertex -4.558322651072292 7.119986790282358 8.5
    endloop
  endfacet
  facet normal 0.45745128883147684 0.8558311662071537 0.2414359817734796
    outer loop
      vertex -4.001341716182545 7.158060233744357 6.9
      vertex -4.087785116509801 7.204265193848728 6.9
      vertex -4.154415089128581 6.788508420739842 8.5
    endloop
  endfacet
  facet normal 0.6156258683941859 0.7501422910814859 0.24143598177347964
    outer loop
      vertex -4.1635533905932745 7.266446609406726 6.9
      vertex -4.310013209717642 6.87167734892771 8.5
      vertex -4.087785116509801 7.204265193848728 6.9
    endloop
  endfacet
  facet normal 0.28169711278060955 0.9286309295711319 0.24143598177347975
    outer loop
      vertex -4.001341716182545 7.158060233744357 6.9
      vertex -3.9855812898145158 6.737293247637092 8.5
      vertex -3.9075451610080645 7.129607359798385 6.9
    endloop
  endfacet
  facet normal 0.09511747466313915 0.9657439270939181 0.24143598177347977
    outer loop
      vertex -3.9075451610080645 7.129607359798385 6.9
      vertex -3.8100000000000005 6.72 8.5
      vertex -3.8100000000000005 7.12 6.9
    endloop
  endfacet
  facet normal -0.09511747466313915 0.9657439270939181 0.2414359817734798
    outer loop
      vertex -3.8100000000000005 7.12 6.9
      vertex -3.8100000000000005 6.72 8.5
      vertex -3.7124548389919365 7.129607359798385 6.9
    endloop
  endfacet
  facet normal -0.28169711278060955 0.9286309295711319 0.24143598177347972
    outer loop
      vertex -3.7124548389919365 7.129607359798385 6.9
      vertex -3.6344187101854852 6.737293247637092 8.5
      vertex -3.6186582838174557 7.158060233744357 6.9
    endloop
  endfacet
  facet normal -0.457451288831475 0.8558311662071548 0.2414359817734797
    outer loop
      vertex -3.6186582838174557 7.158060233744357 6.9
      vertex -3.46558491087142 6.788508420739842 8.5
      vertex -3.5322148834901994 7.204265193848728 6.9
    endloop
  endfacet
  facet normal -0.615625868394188 0.750142291081484 0.24143598177347955
    outer loop
      vertex -3.5322148834901994 7.204265193848728 6.9
      vertex -3.3099867902823585 6.87167734892771 8.5
      vertex -3.4564466094067265 7.266446609406726 6.9
    endloop
  endfacet
  facet normal -0.7501422910814823 0.6156258683941902 0.2414359817734797
    outer loop
      vertex -3.4564466094067265 7.266446609406726 6.9
      vertex -3.06167734892771 7.119986790282358 8.5
      vertex -3.394265193848728 7.342214883490199 6.9
    endloop
  endfacet
  facet normal 0.9657439270939181 0.09511747466313915 0.24143598177347977
    outer loop
      vertex -4.300392640201616 7.522454838991936 6.9
      vertex -4.3100000000000005 7.62 6.9
      vertex -4.710000000000001 7.62 8.5
    endloop
  endfacet
  facet normal 0.9657439270939181 -0.09511747466313915 0.2414359817734798
    outer loop
      vertex -4.3100000000000005 7.62 6.9
      vertex -4.300392640201616 7.717545161008064 6.9
      vertex -4.710000000000001 7.62 8.5
    endloop
  endfacet
  facet normal 0.8558311662071557 0.45745128883147324 0.24143598177347977
    outer loop
      vertex -4.225734806151273 7.342214883490199 6.9
      vertex -4.2719397662556435 7.428658283817455 6.9
      vertex -4.641491579260158 7.2755849108714195 8.5
    endloop
  endfacet
  facet normal 0.9286309295711319 0.28169711278060955 0.24143598177347983
    outer loop
      vertex -4.2719397662556435 7.428658283817455 6.9
      vertex -4.300392640201616 7.522454838991936 6.9
      vertex -4.692706752362908 7.444418710185484 8.5
    endloop
  endfacet
  facet normal 0.9286309295711319 -0.28169711278060955 0.2414359817734798
    outer loop
      vertex -4.300392640201616 7.717545161008064 6.9
      vertex -4.2719397662556435 7.811341716182545 6.9
      vertex -4.692706752362908 7.795581289814516 8.5
    endloop
  endfacet
  facet normal 0.8558311662071557 -0.45745128883147324 0.24143598177347977
    outer loop
      vertex -4.2719397662556435 7.811341716182545 6.9
      vertex -4.225734806151273 7.897785116509802 6.9
      vertex -4.641491579260158 7.964415089128581 8.5
    endloop
  endfacet
  facet normal 0.7501422910814822 -0.6156258683941901 0.24143598177347989
    outer loop
      vertex -4.225734806151273 7.897785116509802 6.9
      vertex -4.1635533905932745 7.973553390593274 6.9
      vertex -4.558322651072292 8.120013209717643 8.5
    endloop
  endfacet
  facet normal 0.6156258683941912 -0.7501422910814817 0.24143598177347902
    outer loop
      vertex -4.1635533905932745 7.973553390593274 6.9
      vertex -4.087785116509801 8.035734806151273 6.9
      vertex -4.310013209717642 8.36832265107229 8.5
    endloop
  endfacet
  facet normal 0.45745128883147684 -0.8558311662071537 0.2414359817734796
    outer loop
      vertex -4.087785116509801 8.035734806151273 6.9
      vertex -4.001341716182545 8.081939766255644 6.9
      vertex -4.154415089128581 8.451491579260159 8.5
    endloop
  endfacet
  facet normal -0.8558311662071538 0.45745128883147657 0.2414359817734794
    outer loop
      vertex -3.394265193848728 7.342214883490199 6.9
      vertex -2.9785084207398427 7.2755849108714195 8.5
      vertex -3.348060233744357 7.428658283817455 6.9
    endloop
  endfacet
  facet normal -0.8558311662071538 -0.45745128883147657 0.2414359817734794
    outer loop
      vertex -3.394265193848728 7.897785116509802 6.9
      vertex -3.348060233744357 7.811341716182545 6.9
      vertex -2.9785084207398427 7.964415089128581 8.5
    endloop
  endfacet
  facet normal 0.28169711278060144 -0.9286309295711344 0.2414359817734799
    outer loop
      vertex -4.001341716182545 8.081939766255644 6.9
      vertex -3.9075451610080645 8.110392640201615 6.9
      vertex -3.9855812898145158 8.502706752362908 8.5
    endloop
  endfacet
  facet normal 0.09511747466314789 -0.9657439270939175 0.2414359817734786
    outer loop
      vertex -3.9075451610080645 8.110392640201615 6.9
      vertex -3.8100000000000005 8.120000000000001 6.9
      vertex -3.8100000000000005 8.52 8.5
    endloop
  endfacet
  facet normal -0.09511747466314789 -0.9657439270939175 0.2414359817734786
    outer loop
      vertex -3.8100000000000005 8.120000000000001 6.9
      vertex -3.7124548389919365 8.110392640201615 6.9
      vertex -3.8100000000000005 8.52 8.5
    endloop
  endfacet
  facet normal -0.28169711278060144 -0.9286309295711344 0.24143598177347994
    outer loop
      vertex -3.7124548389919365 8.110392640201615 6.9
      vertex -3.6186582838174557 8.081939766255644 6.9
      vertex -3.6344187101854852 8.502706752362908 8.5
    endloop
  endfacet
  facet normal -0.6156258683941934 -0.7501422910814799 0.241435981773479
    outer loop
      vertex -3.4564466094067265 7.973553390593274 6.9
      vertex -3.3099867902823585 8.36832265107229 8.5
      vertex -3.5322148834901994 8.035734806151273 6.9
    endloop
  endfacet
  facet normal -0.457451288831475 -0.8558311662071548 0.2414359817734797
    outer loop
      vertex -3.6186582838174557 8.081939766255644 6.9
      vertex -3.5322148834901994 8.035734806151273 6.9
      vertex -3.46558491087142 8.451491579260159 8.5
    endloop
  endfacet
  facet normal -0.7501422910814823 -0.6156258683941902 0.2414359817734797
    outer loop
      vertex -3.4564466094067265 7.973553390593274 6.9
      vertex -3.394265193848728 7.897785116509802 6.9
      vertex -3.06167734892771 8.120013209717643 8.5
    endloop
  endfacet
  facet normal 0.8558311662071559 0.4574512888314724 0.24143598177347977
    outer loop
      vertex -4.225734806151273 7.342214883490199 6.9
      vertex -4.641491579260158 7.2755849108714195 8.5
      vertex -4.558322651072292 7.119986790282358 8.5
    endloop
  endfacet
  facet normal 0.28169711278060944 0.9286309295711318 0.24143598177347966
    outer loop
      vertex -4.001341716182545 7.158060233744357 6.9
      vertex -4.154415089128581 6.788508420739842 8.5
      vertex -3.9855812898145158 6.737293247637092 8.5
    endloop
  endfacet
  facet normal 0.6156258683941882 0.7501422910814839 0.2414359817734793
    outer loop
      vertex -4.1635533905932745 7.266446609406726 6.9
      vertex -4.446396103067894 6.983603896932108 8.5
      vertex -4.310013209717642 6.87167734892771 8.5
    endloop
  endfacet
  facet normal 0.75014229108148 0.6156258683941926 0.24143598177347958
    outer loop
      vertex -4.1635533905932745 7.266446609406726 6.9
      vertex -4.558322651072292 7.119986790282358 8.5
      vertex -4.446396103067894 6.983603896932108 8.5
    endloop
  endfacet
  facet normal 0.45745128883147834 0.8558311662071529 0.24143598177347947
    outer loop
      vertex -4.087785116509801 7.204265193848728 6.9
      vertex -4.310013209717642 6.87167734892771 8.5
      vertex -4.154415089128581 6.788508420739842 8.5
    endloop
  endfacet
  facet normal 0.09511747466313923 0.9657439270939182 0.2414359817734798
    outer loop
      vertex -3.9075451610080645 7.129607359798385 6.9
      vertex -3.9855812898145158 6.737293247637092 8.5
      vertex -3.8100000000000005 6.72 8.5
    endloop
  endfacet
  facet normal -0.09511747466313894 0.9657439270939182 0.2414359817734798
    outer loop
      vertex -3.7124548389919365 7.129607359798385 6.9
      vertex -3.8100000000000005 6.72 8.5
      vertex -3.6344187101854852 6.737293247637092 8.5
    endloop
  endfacet
  facet normal -0.2816971127806095 0.9286309295711318 0.24143598177347972
    outer loop
      vertex -3.6186582838174557 7.158060233744357 6.9
      vertex -3.6344187101854852 6.737293247637092 8.5
      vertex -3.46558491087142 6.788508420739842 8.5
    endloop
  endfacet
  facet normal -0.45745128883147734 0.8558311662071535 0.24143598177347944
    outer loop
      vertex -3.5322148834901994 7.204265193848728 6.9
      vertex -3.46558491087142 6.788508420739842 8.5
      vertex -3.3099867902823585 6.87167734892771 8.5
    endloop
  endfacet
  facet normal -0.6156258683941904 0.7501422910814821 0.24143598177347927
    outer loop
      vertex -3.4564466094067265 7.266446609406726 6.9
      vertex -3.3099867902823585 6.87167734892771 8.5
      vertex -3.1736038969321076 6.983603896932108 8.5
    endloop
  endfacet
  facet normal -0.7501422910814801 0.6156258683941929 0.24143598177347939
    outer loop
      vertex -3.4564466094067265 7.266446609406726 6.9
      vertex -3.1736038969321076 6.983603896932108 8.5
      vertex -3.06167734892771 7.119986790282358 8.5
    endloop
  endfacet
  facet normal 0.9286309295711317 0.2816971127806101 0.2414359817734797
    outer loop
      vertex -4.2719397662556435 7.428658283817455 6.9
      vertex -4.692706752362908 7.444418710185484 8.5
      vertex -4.641491579260158 7.2755849108714195 8.5
    endloop
  endfacet
  facet normal 0.9657439270939181 0.095117474663139 0.24143598177347986
    outer loop
      vertex -4.300392640201616 7.522454838991936 6.9
      vertex -4.710000000000001 7.62 8.5
      vertex -4.692706752362908 7.444418710185484 8.5
    endloop
  endfacet
  facet normal 0.9657439270939181 -0.0951174746631387 0.24143598177347983
    outer loop
      vertex -4.300392640201616 7.717545161008064 6.9
      vertex -4.692706752362908 7.795581289814516 8.5
      vertex -4.710000000000001 7.62 8.5
    endloop
  endfacet
  facet normal 0.9286309295711317 -0.28169711278061016 0.24143598177347975
    outer loop
      vertex -4.2719397662556435 7.811341716182545 6.9
      vertex -4.641491579260158 7.964415089128581 8.5
      vertex -4.692706752362908 7.795581289814516 8.5
    endloop
  endfacet
  facet normal 0.8558311662071559 -0.4574512888314724 0.24143598177347977
    outer loop
      vertex -4.225734806151273 7.897785116509802 6.9
      vertex -4.558322651072292 8.120013209717643 8.5
      vertex -4.641491579260158 7.964415089128581 8.5
    endloop
  endfacet
  facet normal 0.75014229108148 -0.6156258683941926 0.24143598177347952
    outer loop
      vertex -4.1635533905932745 7.973553390593274 6.9
      vertex -4.446396103067894 8.256396103067893 8.5
      vertex -4.558322651072292 8.120013209717643 8.5
    endloop
  endfacet
  facet normal 0.6156258683941881 -0.750142291081484 0.2414359817734794
    outer loop
      vertex -4.1635533905932745 7.973553390593274 6.9
      vertex -4.310013209717642 8.36832265107229 8.5
      vertex -4.446396103067894 8.256396103067893 8.5
    endloop
  endfacet
  facet normal 0.457451288831482 -0.8558311662071512 0.2414359817734792
    outer loop
      vertex -4.087785116509801 8.035734806151273 6.9
      vertex -4.154415089128581 8.451491579260159 8.5
      vertex -4.310013209717642 8.36832265107229 8.5
    endloop
  endfacet
  facet normal 0.281697112780605 -0.9286309295711332 0.2414359817734796
    outer loop
      vertex -4.001341716182545 8.081939766255644 6.9
      vertex -3.9855812898145158 8.502706752362908 8.5
      vertex -4.154415089128581 8.451491579260159 8.5
    endloop
  endfacet
  facet normal 0.09511747466313408 -0.9657439270939187 0.24143598177347966
    outer loop
      vertex -3.9075451610080645 8.110392640201615 6.9
      vertex -3.8100000000000005 8.52 8.5
      vertex -3.9855812898145158 8.502706752362908 8.5
    endloop
  endfacet
  facet normal -0.0951174746631343 -0.9657439270939187 0.24143598177347966
    outer loop
      vertex -3.7124548389919365 8.110392640201615 6.9
      vertex -3.6344187101854852 8.502706752362908 8.5
      vertex -3.8100000000000005 8.52 8.5
    endloop
  endfacet
  facet normal -0.2816971127806053 -0.9286309295711332 0.2414359817734796
    outer loop
      vertex -3.6186582838174557 8.081939766255644 6.9
      vertex -3.46558491087142 8.451491579260159 8.5
      vertex -3.6344187101854852 8.502706752362908 8.5
    endloop
  endfacet
  facet normal -0.4574512888314812 -0.8558311662071515 0.24143598177347908
    outer loop
      vertex -3.5322148834901994 8.035734806151273 6.9
      vertex -3.3099867902823585 8.36832265107229 8.5
      vertex -3.46558491087142 8.451491579260159 8.5
    endloop
  endfacet
  facet normal -0.7501422910814801 -0.6156258683941929 0.24143598177347939
    outer loop
      vertex -3.4564466094067265 7.973553390593274 6.9
      vertex -3.06167734892771 8.120013209717643 8.5
      vertex -3.1736038969321076 8.256396103067893 8.5
    endloop
  endfacet
  facet normal -0.6156258683941906 -0.7501422910814821 0.24143598177347927
    outer loop
      vertex -3.4564466094067265 7.973553390593274 6.9
      vertex -3.1736038969321076 8.256396103067893 8.5
      vertex -3.3099867902823585 8.36832265107229 8.5
    endloop
  endfacet
  facet normal -0.928630929571133 0.28169711278060544 0.2414359817734796
    outer loop
      vertex -3.348060233744357 7.428658283817455 6.9
      vertex -2.927293247637093 7.444418710185484 8.5
      vertex -3.3196073597983853 7.522454838991936 6.9
    endloop
  endfacet
  facet normal -0.9657439270939181 0.09511747466313915 0.24143598177347952
    outer loop
      vertex -3.3196073597983853 7.522454838991936 6.9
      vertex -2.9100000000000006 7.62 8.5
      vertex -3.3100000000000005 7.62 6.9
    endloop
  endfacet
  facet normal -0.9657439270939181 -0.09511747466313915 0.24143598177347952
    outer loop
      vertex -3.3100000000000005 7.62 6.9
      vertex -2.9100000000000006 7.62 8.5
      vertex -3.3196073597983853 7.717545161008064 6.9
    endloop
  endfacet
  facet normal -0.928630929571133 -0.28169711278060544 0.2414359817734796
    outer loop
      vertex -3.3196073597983853 7.717545161008064 6.9
      vertex -2.927293247637093 7.795581289814516 8.5
      vertex -3.348060233744357 7.811341716182545 6.9
    endloop
  endfacet
  facet normal -0.8558311662071552 0.45745128883147423 0.24143598177347964
    outer loop
      vertex -3.394265193848728 7.342214883490199 6.9
      vertex -3.06167734892771 7.119986790282358 8.5
      vertex -2.9785084207398427 7.2755849108714195 8.5
    endloop
  endfacet
  facet normal -0.9286309295711324 0.28169711278060816 0.2414359817734794
    outer loop
      vertex -3.348060233744357 7.428658283817455 6.9
      vertex -2.9785084207398427 7.2755849108714195 8.5
      vertex -2.927293247637093 7.444418710185484 8.5
    endloop
  endfacet
  facet normal -0.9657439270939181 0.09511747466313893 0.24143598177347958
    outer loop
      vertex -3.3196073597983853 7.522454838991936 6.9
      vertex -2.927293247637093 7.444418710185484 8.5
      vertex -2.9100000000000006 7.62 8.5
    endloop
  endfacet
  facet normal -0.9657439270939181 -0.09511747466313876 0.24143598177347958
    outer loop
      vertex -3.3196073597983853 7.717545161008064 6.9
      vertex -2.9100000000000006 7.62 8.5
      vertex -2.927293247637093 7.795581289814516 8.5
    endloop
  endfacet
  facet normal -0.9286309295711324 -0.2816971127806082 0.2414359817734794
    outer loop
      vertex -3.348060233744357 7.811341716182545 6.9
      vertex -2.927293247637093 7.795581289814516 8.5
      vertex -2.9785084207398427 7.964415089128581 8.5
    endloop
  endfacet
  facet normal -0.8558311662071552 -0.45745128883147446 0.24143598177347964
    outer loop
      vertex -3.394265193848728 7.897785116509802 6.9
      vertex -2.9785084207398427 7.964415089128581 8.5
      vertex -3.06167734892771 8.120013209717643 8.5
    endloop
  endfacet
  facet normal 0.8819212643483558 0.47139673682599587 0
    outer loop
      vertex -1.731939766255644 7.428658283817455 6.9
      vertex -1.6857348061512731 7.342214883490199 0
      vertex -1.731939766255644 7.428658283817455 0
    endloop
  endfacet
  facet normal 0.7730104533627356 0.6343932841636472 0
    outer loop
      vertex -1.6857348061512731 7.342214883490199 6.9
      vertex -1.6235533905932742 7.266446609406726 0
      vertex -1.6857348061512731 7.342214883490199 0
    endloop
  endfacet
  facet normal 0.9569403357322093 0.2902846772544611 0
    outer loop
      vertex -1.7603926402016157 7.522454838991936 6.9
      vertex -1.731939766255644 7.428658283817455 0
      vertex -1.7603926402016157 7.522454838991936 0
    endloop
  endfacet
  facet normal 0.9951847266721969 0.09801714032956084 0
    outer loop
      vertex -1.7700000000000005 7.62 6.9
      vertex -1.7603926402016157 7.522454838991936 0
      vertex -1.7700000000000005 7.62 0
    endloop
  endfacet
  facet normal 0.9951847266721969 -0.09801714032956084 0
    outer loop
      vertex -1.7603926402016157 7.717545161008064 6.9
      vertex -1.7700000000000005 7.62 0
      vertex -1.7603926402016157 7.717545161008064 0
    endloop
  endfacet
  facet normal 0.9569403357322093 -0.2902846772544611 0
    outer loop
      vertex -1.731939766255644 7.811341716182545 6.9
      vertex -1.7603926402016157 7.717545161008064 0
      vertex -1.731939766255644 7.811341716182545 0
    endloop
  endfacet
  facet normal 0.8819212643483558 -0.47139673682599587 0
    outer loop
      vertex -1.6857348061512731 7.897785116509802 6.9
      vertex -1.731939766255644 7.811341716182545 0
      vertex -1.6857348061512731 7.897785116509802 0
    endloop
  endfacet
  facet normal 0.7730104533627356 -0.6343932841636472 0
    outer loop
      vertex -1.6235533905932742 7.973553390593274 6.9
      vertex -1.6857348061512731 7.897785116509802 0
      vertex -1.6235533905932742 7.973553390593274 0
    endloop
  endfacet
  facet normal 0.6343932841636433 0.7730104533627387 0
    outer loop
      vertex -1.6235533905932742 7.266446609406726 6.9
      vertex -1.5477851165098016 7.204265193848728 0
      vertex -1.6235533905932742 7.266446609406726 0
    endloop
  endfacet
  facet normal 0.47139673682599603 0.8819212643483559 0
    outer loop
      vertex -1.5477851165098016 7.204265193848728 6.9
      vertex -1.4613417161825453 7.158060233744357 0
      vertex -1.5477851165098016 7.204265193848728 0
    endloop
  endfacet
  facet normal 0.2902846772544659 0.9569403357322077 0
    outer loop
      vertex -1.4613417161825453 7.158060233744357 6.9
      vertex -1.3675451610080647 7.129607359798385 0
      vertex -1.4613417161825453 7.158060233744357 0
    endloop
  endfacet
  facet normal 0.09801714032956062 0.9951847266721969 0
    outer loop
      vertex -1.3675451610080647 7.129607359798385 6.9
      vertex -1.2700000000000005 7.12 0
      vertex -1.3675451610080647 7.129607359798385 0
    endloop
  endfacet
  facet normal -0.09801714032956062 0.9951847266721969 0
    outer loop
      vertex -1.2700000000000005 7.12 6.9
      vertex -1.1724548389919363 7.129607359798385 0
      vertex -1.2700000000000005 7.12 0
    endloop
  endfacet
  facet normal -0.2902846772544659 0.9569403357322077 0
    outer loop
      vertex -1.1724548389919363 7.129607359798385 6.9
      vertex -1.0786582838174557 7.158060233744357 0
      vertex -1.1724548389919363 7.129607359798385 0
    endloop
  endfacet
  facet normal -0.47139673682599603 0.8819212643483559 0
    outer loop
      vertex -1.0786582838174557 7.158060233744357 6.9
      vertex -0.9922148834901994 7.204265193848728 0
      vertex -1.0786582838174557 7.158060233744357 0
    endloop
  endfacet
  facet normal -0.6343932841636433 0.7730104533627387 0
    outer loop
      vertex -0.9922148834901994 7.204265193848728 6.9
      vertex -0.9164466094067267 7.266446609406726 0
      vertex -0.9922148834901994 7.204265193848728 0
    endloop
  endfacet
  facet normal -0.7730104533627356 0.6343932841636472 0
    outer loop
      vertex -0.9164466094067267 7.266446609406726 6.9
      vertex -0.8542651938487278 7.342214883490199 0
      vertex -0.9164466094067267 7.266446609406726 0
    endloop
  endfacet
  facet normal -0.8819212643483565 0.47139673682599503 0
    outer loop
      vertex -0.8542651938487278 7.342214883490199 6.9
      vertex -0.8080602337443571 7.428658283817455 0
      vertex -0.8542651938487278 7.342214883490199 0
    endloop
  endfacet
  facet normal -0.8819212643483565 -0.47139673682599503 0
    outer loop
      vertex -0.8080602337443571 7.811341716182545 6.9
      vertex -0.8542651938487278 7.897785116509802 0
      vertex -0.8080602337443571 7.811341716182545 0
    endloop
  endfacet
  facet normal -0.7730104533627356 -0.6343932841636472 0
    outer loop
      vertex -0.8542651938487278 7.897785116509802 6.9
      vertex -0.9164466094067267 7.973553390593274 0
      vertex -0.8542651938487278 7.897785116509802 0
    endloop
  endfacet
  facet normal 0.6343932841636488 -0.7730104533627343 0
    outer loop
      vertex -1.5477851165098016 8.035734806151273 6.9
      vertex -1.6235533905932742 7.973553390593274 0
      vertex -1.5477851165098016 8.035734806151273 0
    endloop
  endfacet
  facet normal 0.47139673682599603 -0.8819212643483559 0
    outer loop
      vertex -1.4613417161825453 8.081939766255644 6.9
      vertex -1.5477851165098016 8.035734806151273 0
      vertex -1.4613417161825453 8.081939766255644 0
    endloop
  endfacet
  facet normal 0.2902846772544576 -0.9569403357322103 0
    outer loop
      vertex -1.3675451610080647 8.110392640201615 6.9
      vertex -1.4613417161825453 8.081939766255644 0
      vertex -1.3675451610080647 8.110392640201615 0
    endloop
  endfacet
  facet normal 0.0980171403295696 -0.9951847266721959 0
    outer loop
      vertex -1.2700000000000005 8.120000000000001 6.9
      vertex -1.3675451610080647 8.110392640201615 0
      vertex -1.2700000000000005 8.120000000000001 0
    endloop
  endfacet
  facet normal -0.0980171403295696 -0.9951847266721959 0
    outer loop
      vertex -1.1724548389919363 8.110392640201615 6.9
      vertex -1.2700000000000005 8.120000000000001 0
      vertex -1.1724548389919363 8.110392640201615 0
    endloop
  endfacet
  facet normal -0.2902846772544576 -0.9569403357322103 0
    outer loop
      vertex -1.0786582838174557 8.081939766255644 6.9
      vertex -1.1724548389919363 8.110392640201615 0
      vertex -1.0786582838174557 8.081939766255644 0
    endloop
  endfacet
  facet normal -0.47139673682599603 -0.8819212643483559 0
    outer loop
      vertex -0.9922148834901994 8.035734806151273 6.9
      vertex -1.0786582838174557 8.081939766255644 0
      vertex -0.9922148834901994 8.035734806151273 0
    endloop
  endfacet
  facet normal -0.6343932841636488 -0.7730104533627343 0
    outer loop
      vertex -0.9164466094067267 7.973553390593274 6.9
      vertex -0.9922148834901994 8.035734806151273 0
      vertex -0.9164466094067267 7.973553390593274 0
    endloop
  endfacet
  facet normal -0.9569403357322089 0.29028467725446216 0
    outer loop
      vertex -0.8080602337443571 7.428658283817455 6.9
      vertex -0.7796073597983852 7.522454838991936 0
      vertex -0.8080602337443571 7.428658283817455 0
    endloop
  endfacet
  facet normal -0.9951847266721969 0.09801714032956084 0
    outer loop
      vertex -0.7796073597983852 7.522454838991936 6.9
      vertex -0.7700000000000005 7.62 0
      vertex -0.7796073597983852 7.522454838991936 0
    endloop
  endfacet
  facet normal -0.9951847266721969 -0.09801714032956084 0
    outer loop
      vertex -0.7700000000000005 7.62 6.9
      vertex -0.7796073597983852 7.717545161008064 0
      vertex -0.7700000000000005 7.62 0
    endloop
  endfacet
  facet normal -0.9569403357322089 -0.29028467725446216 0
    outer loop
      vertex -0.7796073597983852 7.717545161008064 6.9
      vertex -0.8080602337443571 7.811341716182545 0
      vertex -0.7796073597983852 7.717545161008064 0
    endloop
  endfacet
  facet normal 0.7730104533627356 0.6343932841636472 1.9083588509322878e-19
    outer loop
      vertex -1.6857348061512731 7.342214883490199 6.9
      vertex -1.6235533905932742 7.266446609406726 6.9
      vertex -1.6235533905932742 7.266446609406726 0
    endloop
  endfacet
  facet normal 0.8819212643483558 0.47139673682599587 0
    outer loop
      vertex -1.6857348061512731 7.342214883490199 6.9
      vertex -1.6857348061512731 7.342214883490199 0
      vertex -1.731939766255644 7.428658283817455 6.9
    endloop
  endfacet
  facet normal 0.9569403357322093 0.2902846772544611 0
    outer loop
      vertex -1.731939766255644 7.428658283817455 6.9
      vertex -1.731939766255644 7.428658283817455 0
      vertex -1.7603926402016157 7.522454838991936 6.9
    endloop
  endfacet
  facet normal 0.9951847266721969 0.09801714032956084 0
    outer loop
      vertex -1.7603926402016157 7.522454838991936 6.9
      vertex -1.7603926402016157 7.522454838991936 0
      vertex -1.7700000000000005 7.62 6.9
    endloop
  endfacet
  facet normal 0.9951847266721969 -0.09801714032956084 0
    outer loop
      vertex -1.7700000000000005 7.62 6.9
      vertex -1.7700000000000005 7.62 0
      vertex -1.7603926402016157 7.717545161008064 6.9
    endloop
  endfacet
  facet normal 0.9569403357322093 -0.2902846772544611 0
    outer loop
      vertex -1.7603926402016157 7.717545161008064 6.9
      vertex -1.7603926402016157 7.717545161008064 0
      vertex -1.731939766255644 7.811341716182545 6.9
    endloop
  endfacet
  facet normal 0.8819212643483558 -0.47139673682599587 0
    outer loop
      vertex -1.731939766255644 7.811341716182545 6.9
      vertex -1.731939766255644 7.811341716182545 0
      vertex -1.6857348061512731 7.897785116509802 6.9
    endloop
  endfacet
  facet normal 0.7730104533627356 -0.6343932841636472 0
    outer loop
      vertex -1.6857348061512731 7.897785116509802 6.9
      vertex -1.6857348061512731 7.897785116509802 0
      vertex -1.6235533905932742 7.973553390593274 6.9
    endloop
  endfacet
  facet normal 0.6343932841636433 0.7730104533627387 3.041606406296304e-20
    outer loop
      vertex -1.6235533905932742 7.266446609406726 6.9
      vertex -1.5477851165098016 7.204265193848728 6.9
      vertex -1.5477851165098016 7.204265193848728 0
    endloop
  endfacet
  facet normal 0.47139673682599603 0.8819212643483559 -4.310118613778735e-19
    outer loop
      vertex -1.5477851165098016 7.204265193848728 6.9
      vertex -1.4613417161825453 7.158060233744357 6.9
      vertex -1.4613417161825453 7.158060233744357 0
    endloop
  endfacet
  facet normal 0.2902846772544659 0.9569403357322077 2.0994316332637114e-20
    outer loop
      vertex -1.4613417161825453 7.158060233744357 6.9
      vertex -1.3675451610080647 7.129607359798385 6.9
      vertex -1.3675451610080647 7.129607359798385 0
    endloop
  endfacet
  facet normal 0.09801714032956062 0.9951847266721969 -1.2247124034233546e-21
    outer loop
      vertex -1.3675451610080647 7.129607359798385 6.9
      vertex -1.2700000000000005 7.12 6.9
      vertex -1.2700000000000005 7.12 0
    endloop
  endfacet
  facet normal -0.09801714032956062 0.9951847266721969 1.2247124034233546e-21
    outer loop
      vertex -1.2700000000000005 7.12 6.9
      vertex -1.1724548389919363 7.129607359798385 6.9
      vertex -1.1724548389919363 7.129607359798385 0
    endloop
  endfacet
  facet normal -0.2902846772544659 0.9569403357322077 -2.0994316332637114e-20
    outer loop
      vertex -1.1724548389919363 7.129607359798385 6.9
      vertex -1.0786582838174557 7.158060233744357 6.9
      vertex -1.0786582838174557 7.158060233744357 0
    endloop
  endfacet
  facet normal -0.47139673682599603 0.8819212643483559 4.310118613778735e-19
    outer loop
      vertex -1.0786582838174557 7.158060233744357 6.9
      vertex -0.9922148834901994 7.204265193848728 6.9
      vertex -0.9922148834901994 7.204265193848728 0
    endloop
  endfacet
  facet normal -0.6343932841636433 0.7730104533627387 -3.041606406296304e-20
    outer loop
      vertex -0.9922148834901994 7.204265193848728 6.9
      vertex -0.9164466094067267 7.266446609406726 6.9
      vertex -0.9164466094067267 7.266446609406726 0
    endloop
  endfacet
  facet normal -0.7730104533627356 0.6343932841636472 -1.9083588509322878e-19
    outer loop
      vertex -0.9164466094067267 7.266446609406726 6.9
      vertex -0.8542651938487278 7.342214883490199 6.9
      vertex -0.8542651938487278 7.342214883490199 0
    endloop
  endfacet
  facet normal -0.8819212643483565 0.47139673682599503 7.409222754104317e-20
    outer loop
      vertex -0.8542651938487278 7.342214883490199 6.9
      vertex -0.8080602337443571 7.428658283817455 6.9
      vertex -0.8080602337443571 7.428658283817455 0
    endloop
  endfacet
  facet normal -0.8819212643483565 -0.47139673682599503 -7.409222754104317e-20
    outer loop
      vertex -0.8080602337443571 7.811341716182545 6.9
      vertex -0.8542651938487278 7.897785116509802 6.9
      vertex -0.8542651938487278 7.897785116509802 0
    endloop
  endfacet
  facet normal -0.7730104533627356 -0.6343932841636472 1.9083588509322878e-19
    outer loop
      vertex -0.8542651938487278 7.897785116509802 6.9
      vertex -0.9164466094067267 7.973553390593274 6.9
      vertex -0.9164466094067267 7.973553390593274 0
    endloop
  endfacet
  facet normal 0.6343932841636488 -0.7730104533627343 0
    outer loop
      vertex -1.6235533905932742 7.973553390593274 6.9
      vertex -1.6235533905932742 7.973553390593274 0
      vertex -1.5477851165098016 8.035734806151273 6.9
    endloop
  endfacet
  facet normal 0.47139673682599603 -0.8819212643483559 0
    outer loop
      vertex -1.5477851165098016 8.035734806151273 6.9
      vertex -1.5477851165098016 8.035734806151273 0
      vertex -1.4613417161825453 8.081939766255644 6.9
    endloop
  endfacet
  facet normal 0.2902846772544576 -0.9569403357322103 0
    outer loop
      vertex -1.4613417161825453 8.081939766255644 6.9
      vertex -1.4613417161825453 8.081939766255644 0
      vertex -1.3675451610080647 8.110392640201615 6.9
    endloop
  endfacet
  facet normal 0.0980171403295696 -0.9951847266721959 0
    outer loop
      vertex -1.3675451610080647 8.110392640201615 6.9
      vertex -1.3675451610080647 8.110392640201615 0
      vertex -1.2700000000000005 8.120000000000001 6.9
    endloop
  endfacet
  facet normal -0.0980171403295696 -0.9951847266721959 0
    outer loop
      vertex -1.2700000000000005 8.120000000000001 6.9
      vertex -1.2700000000000005 8.120000000000001 0
      vertex -1.1724548389919363 8.110392640201615 6.9
    endloop
  endfacet
  facet normal -0.2902846772544576 -0.9569403357322103 0
    outer loop
      vertex -1.1724548389919363 8.110392640201615 6.9
      vertex -1.1724548389919363 8.110392640201615 0
      vertex -1.0786582838174557 8.081939766255644 6.9
    endloop
  endfacet
  facet normal -0.47139673682599603 -0.8819212643483559 0
    outer loop
      vertex -1.0786582838174557 8.081939766255644 6.9
      vertex -1.0786582838174557 8.081939766255644 0
      vertex -0.9922148834901994 8.035734806151273 6.9
    endloop
  endfacet
  facet normal -0.6343932841636488 -0.7730104533627343 5.604470288417793e-19
    outer loop
      vertex -0.9164466094067267 7.973553390593274 6.9
      vertex -0.9922148834901994 8.035734806151273 6.9
      vertex -0.9922148834901994 8.035734806151273 0
    endloop
  endfacet
  facet normal -0.9569403357322089 0.29028467725446216 3.202192974856241e-19
    outer loop
      vertex -0.8080602337443571 7.428658283817455 6.9
      vertex -0.7796073597983852 7.522454838991936 6.9
      vertex -0.7796073597983852 7.522454838991936 0
    endloop
  endfacet
  facet normal -0.9951847266721969 0.09801714032956084 5.318535846983332e-20
    outer loop
      vertex -0.7796073597983852 7.522454838991936 6.9
      vertex -0.7700000000000005 7.62 6.9
      vertex -0.7700000000000005 7.62 0
    endloop
  endfacet
  facet normal -0.9951847266721969 -0.09801714032956084 -5.318535846983332e-20
    outer loop
      vertex -0.7700000000000005 7.62 6.9
      vertex -0.7796073597983852 7.717545161008064 6.9
      vertex -0.7796073597983852 7.717545161008064 0
    endloop
  endfacet
  facet normal -0.9569403357322089 -0.29028467725446216 -3.202192974856241e-19
    outer loop
      vertex -0.7796073597983852 7.717545161008064 6.9
      vertex -0.8080602337443571 7.811341716182545 6.9
      vertex -0.8080602337443571 7.811341716182545 0
    endloop
  endfacet
  facet normal 0.7501422910814801 0.6156258683941928 0.24143598177347952
    outer loop
      vertex -1.6857348061512731 7.342214883490199 6.9
      vertex -2.018322651072291 7.119986790282358 8.5
      vertex -1.6235533905932742 7.266446609406726 6.9
    endloop
  endfacet
  facet normal 0.6156258683941891 0.7501422910814831 0.2414359817734795
    outer loop
      vertex -1.6235533905932742 7.266446609406726 6.9
      vertex -1.7700132097176424 6.87167734892771 8.5
      vertex -1.5477851165098016 7.204265193848728 6.9
    endloop
  endfacet
  facet normal 0.8558311662071548 0.457451288831475 0.24143598177347947
    outer loop
      vertex -1.6857348061512731 7.342214883490199 6.9
      vertex -1.731939766255644 7.428658283817455 6.9
      vertex -2.1014915792601583 7.2755849108714195 8.5
    endloop
  endfacet
  facet normal 0.928630929571133 0.28169711278060544 0.24143598177347966
    outer loop
      vertex -1.731939766255644 7.428658283817455 6.9
      vertex -1.7603926402016157 7.522454838991936 6.9
      vertex -2.1527067523629078 7.444418710185484 8.5
    endloop
  endfacet
  facet normal 0.9657439270939181 0.09511747466313915 0.24143598177347952
    outer loop
      vertex -1.7603926402016157 7.522454838991936 6.9
      vertex -1.7700000000000005 7.62 6.9
      vertex -2.1700000000000004 7.62 8.5
    endloop
  endfacet
  facet normal 0.9657439270939181 -0.09511747466313915 0.24143598177347952
    outer loop
      vertex -1.7700000000000005 7.62 6.9
      vertex -1.7603926402016157 7.717545161008064 6.9
      vertex -2.1700000000000004 7.62 8.5
    endloop
  endfacet
  facet normal 0.928630929571133 -0.28169711278060544 0.2414359817734796
    outer loop
      vertex -1.7603926402016157 7.717545161008064 6.9
      vertex -1.731939766255644 7.811341716182545 6.9
      vertex -2.1527067523629078 7.795581289814516 8.5
    endloop
  endfacet
  facet normal 0.8558311662071548 -0.457451288831475 0.24143598177347947
    outer loop
      vertex -1.731939766255644 7.811341716182545 6.9
      vertex -1.6857348061512731 7.897785116509802 6.9
      vertex -2.1014915792601583 7.964415089128581 8.5
    endloop
  endfacet
  facet normal 0.7501422910814801 -0.6156258683941928 0.24143598177347952
    outer loop
      vertex -1.6857348061512731 7.897785116509802 6.9
      vertex -1.6235533905932742 7.973553390593274 6.9
      vertex -2.018322651072291 8.120013209717643 8.5
    endloop
  endfacet
  facet normal 0.6156258683941944 -0.750142291081479 0.241435981773479
    outer loop
      vertex -1.6235533905932742 7.973553390593274 6.9
      vertex -1.5477851165098016 8.035734806151273 6.9
      vertex -1.7700132097176424 8.36832265107229 8.5
    endloop
  endfacet
  facet normal 0.457451288831475 0.8558311662071548 0.24143598177347975
    outer loop
      vertex -1.5477851165098016 7.204265193848728 6.9
      vertex -1.6144150891285813 6.788508420739842 8.5
      vertex -1.4613417161825453 7.158060233744357 6.9
    endloop
  endfacet
  facet normal 0.28169711278061016 0.9286309295711318 0.24143598177347975
    outer loop
      vertex -1.4613417161825453 7.158060233744357 6.9
      vertex -1.445581289814516 6.737293247637092 8.5
      vertex -1.3675451610080647 7.129607359798385 6.9
    endloop
  endfacet
  facet normal 0.09511747466313894 0.9657439270939181 0.24143598177347983
    outer loop
      vertex -1.3675451610080647 7.129607359798385 6.9
      vertex -1.2700000000000005 6.72 8.5
      vertex -1.2700000000000005 7.12 6.9
    endloop
  endfacet
  facet normal -0.09511747466313894 0.9657439270939181 0.24143598177347977
    outer loop
      vertex -1.2700000000000005 7.12 6.9
      vertex -1.2700000000000005 6.72 8.5
      vertex -1.1724548389919363 7.129607359798385 6.9
    endloop
  endfacet
  facet normal -0.28169711278061016 0.9286309295711318 0.24143598177347975
    outer loop
      vertex -1.1724548389919363 7.129607359798385 6.9
      vertex -1.094418710185485 6.737293247637092 8.5
      vertex -1.0786582838174557 7.158060233744357 6.9
    endloop
  endfacet
  facet normal -0.457451288831475 0.8558311662071548 0.24143598177347975
    outer loop
      vertex -1.0786582838174557 7.158060233744357 6.9
      vertex -0.9255849108714196 6.788508420739842 8.5
      vertex -0.9922148834901994 7.204265193848728 6.9
    endloop
  endfacet
  facet normal -0.6156258683941891 0.7501422910814831 0.2414359817734795
    outer loop
      vertex -0.9922148834901994 7.204265193848728 6.9
      vertex -0.7699867902823585 6.87167734892771 8.5
      vertex -0.9164466094067267 7.266446609406726 6.9
    endloop
  endfacet
  facet normal -0.7501422910814801 0.6156258683941928 0.24143598177347952
    outer loop
      vertex -0.9164466094067267 7.266446609406726 6.9
      vertex -0.5216773489277098 7.119986790282358 8.5
      vertex -0.8542651938487278 7.342214883490199 6.9
    endloop
  endfacet
  facet normal 0.457451288831475 -0.8558311662071548 0.24143598177347975
    outer loop
      vertex -1.5477851165098016 8.035734806151273 6.9
      vertex -1.4613417161825453 8.081939766255644 6.9
      vertex -1.6144150891285813 8.451491579260159 8.5
    endloop
  endfacet
  facet normal 0.28169711278060205 -0.928630929571134 0.24143598177347989
    outer loop
      vertex -1.4613417161825453 8.081939766255644 6.9
      vertex -1.3675451610080647 8.110392640201615 6.9
      vertex -1.445581289814516 8.502706752362908 8.5
    endloop
  endfacet
  facet normal 0.09511747466314767 -0.9657439270939174 0.24143598177347855
    outer loop
      vertex -1.3675451610080647 8.110392640201615 6.9
      vertex -1.2700000000000005 8.120000000000001 6.9
      vertex -1.2700000000000005 8.52 8.5
    endloop
  endfacet
  facet normal -0.09511747466314767 -0.9657439270939174 0.24143598177347855
    outer loop
      vertex -1.2700000000000005 8.120000000000001 6.9
      vertex -1.1724548389919363 8.110392640201615 6.9
      vertex -1.2700000000000005 8.52 8.5
    endloop
  endfacet
  facet normal -0.28169711278060205 -0.928630929571134 0.24143598177347989
    outer loop
      vertex -1.1724548389919363 8.110392640201615 6.9
      vertex -1.0786582838174557 8.081939766255644 6.9
      vertex -1.094418710185485 8.502706752362908 8.5
    endloop
  endfacet
  facet normal -0.6156258683941944 -0.750142291081479 0.24143598177347894
    outer loop
      vertex -0.9164466094067267 7.973553390593274 6.9
      vertex -0.7699867902823585 8.36832265107229 8.5
      vertex -0.9922148834901994 8.035734806151273 6.9
    endloop
  endfacet
  facet normal -0.457451288831475 -0.8558311662071548 0.24143598177347975
    outer loop
      vertex -1.0786582838174557 8.081939766255644 6.9
      vertex -0.9922148834901994 8.035734806151273 6.9
      vertex -0.9255849108714196 8.451491579260159 8.5
    endloop
  endfacet
  facet normal -0.8558311662071553 0.4574512888314741 0.2414359817734797
    outer loop
      vertex -0.8542651938487278 7.342214883490199 6.9
      vertex -0.4385084207398424 7.2755849108714195 8.5
      vertex -0.8080602337443571 7.428658283817455 6.9
    endloop
  endfacet
  facet normal -0.9286309295711329 0.2816971127806065 0.2414359817734797
    outer loop
      vertex -0.8080602337443571 7.428658283817455 6.9
      vertex -0.38729324763709305 7.444418710185484 8.5
      vertex -0.7796073597983852 7.522454838991936 6.9
    endloop
  endfacet
  facet normal -0.9657439270939181 0.09511747466313915 0.2414359817734796
    outer loop
      vertex -0.7796073597983852 7.522454838991936 6.9
      vertex -0.37000000000000044 7.62 8.5
      vertex -0.7700000000000005 7.62 6.9
    endloop
  endfacet
  facet normal -0.9657439270939181 -0.09511747466313915 0.2414359817734796
    outer loop
      vertex -0.7700000000000005 7.62 6.9
      vertex -0.37000000000000044 7.62 8.5
      vertex -0.7796073597983852 7.717545161008064 6.9
    endloop
  endfacet
  facet normal -0.9286309295711329 -0.2816971127806065 0.2414359817734797
    outer loop
      vertex -0.7796073597983852 7.717545161008064 6.9
      vertex -0.38729324763709305 7.795581289814516 8.5
      vertex -0.8080602337443571 7.811341716182545 6.9
    endloop
  endfacet
  facet normal -0.8558311662071553 -0.4574512888314741 0.2414359817734797
    outer loop
      vertex -0.8080602337443571 7.811341716182545 6.9
      vertex -0.4385084207398424 7.964415089128581 8.5
      vertex -0.8542651938487278 7.897785116509802 6.9
    endloop
  endfacet
  facet normal -0.7501422910814801 -0.6156258683941928 0.24143598177347952
    outer loop
      vertex -0.8542651938487278 7.897785116509802 6.9
      vertex -0.5216773489277098 8.120013209717643 8.5
      vertex -0.9164466094067267 7.973553390593274 6.9
    endloop
  endfacet
  facet normal 0.8558311662071549 0.45745128883147446 0.24143598177347944
    outer loop
      vertex -1.6857348061512731 7.342214883490199 6.9
      vertex -2.1014915792601583 7.2755849108714195 8.5
      vertex -2.018322651072291 7.119986790282358 8.5
    endloop
  endfacet
  facet normal 0.75014229108148 0.6156258683941928 0.24143598177347944
    outer loop
      vertex -1.6235533905932742 7.266446609406726 6.9
      vertex -2.018322651072291 7.119986790282358 8.5
      vertex -1.9063961030678933 6.983603896932108 8.5
    endloop
  endfacet
  facet normal 0.6156258683941906 0.750142291081482 0.24143598177347933
    outer loop
      vertex -1.6235533905932742 7.266446609406726 6.9
      vertex -1.9063961030678933 6.983603896932108 8.5
      vertex -1.7700132097176424 6.87167734892771 8.5
    endloop
  endfacet
  facet normal 0.4574512888314779 0.8558311662071533 0.24143598177347947
    outer loop
      vertex -1.5477851165098016 7.204265193848728 6.9
      vertex -1.7700132097176424 6.87167734892771 8.5
      vertex -1.6144150891285813 6.788508420739842 8.5
    endloop
  endfacet
  facet normal 0.9657439270939181 0.09511747466313876 0.24143598177347958
    outer loop
      vertex -1.7603926402016157 7.522454838991936 6.9
      vertex -2.1700000000000004 7.62 8.5
      vertex -2.1527067523629078 7.444418710185484 8.5
    endloop
  endfacet
  facet normal 0.9657439270939181 -0.09511747466313893 0.24143598177347958
    outer loop
      vertex -1.7603926402016157 7.717545161008064 6.9
      vertex -2.1527067523629078 7.795581289814516 8.5
      vertex -2.1700000000000004 7.62 8.5
    endloop
  endfacet
  facet normal 0.9286309295711324 0.2816971127806082 0.2414359817734794
    outer loop
      vertex -1.731939766255644 7.428658283817455 6.9
      vertex -2.1527067523629078 7.444418710185484 8.5
      vertex -2.1014915792601583 7.2755849108714195 8.5
    endloop
  endfacet
  facet normal 0.9286309295711324 -0.28169711278060816 0.2414359817734794
    outer loop
      vertex -1.731939766255644 7.811341716182545 6.9
      vertex -2.1014915792601583 7.964415089128581 8.5
      vertex -2.1527067523629078 7.795581289814516 8.5
    endloop
  endfacet
  facet normal 0.8558311662071552 -0.45745128883147423 0.2414359817734795
    outer loop
      vertex -1.6857348061512731 7.897785116509802 6.9
      vertex -2.018322651072291 8.120013209717643 8.5
      vertex -2.1014915792601583 7.964415089128581 8.5
    endloop
  endfacet
  facet normal 0.75014229108148 -0.6156258683941929 0.2414359817734795
    outer loop
      vertex -1.6235533905932742 7.973553390593274 6.9
      vertex -1.9063961030678933 8.256396103067893 8.5
      vertex -2.018322651072291 8.120013209717643 8.5
    endloop
  endfacet
  facet normal 0.6156258683941905 -0.7501422910814821 0.24143598177347939
    outer loop
      vertex -1.6235533905932742 7.973553390593274 6.9
      vertex -1.7700132097176424 8.36832265107229 8.5
      vertex -1.9063961030678933 8.256396103067893 8.5
    endloop
  endfacet
  facet normal 0.4574512888314815 -0.8558311662071514 0.24143598177347916
    outer loop
      vertex -1.5477851165098016 8.035734806151273 6.9
      vertex -1.6144150891285813 8.451491579260159 8.5
      vertex -1.7700132097176424 8.36832265107229 8.5
    endloop
  endfacet
  facet normal 0.28169711278060944 0.9286309295711318 0.24143598177347972
    outer loop
      vertex -1.4613417161825453 7.158060233744357 6.9
      vertex -1.6144150891285813 6.788508420739842 8.5
      vertex -1.445581289814516 6.737293247637092 8.5
    endloop
  endfacet
  facet normal 0.0951174746631391 0.9657439270939181 0.24143598177347975
    outer loop
      vertex -1.3675451610080647 7.129607359798385 6.9
      vertex -1.445581289814516 6.737293247637092 8.5
      vertex -1.2700000000000005 6.72 8.5
    endloop
  endfacet
  facet normal -0.09511747466313882 0.9657439270939181 0.2414359817734798
    outer loop
      vertex -1.1724548389919363 7.129607359798385 6.9
      vertex -1.2700000000000005 6.72 8.5
      vertex -1.094418710185485 6.737293247637092 8.5
    endloop
  endfacet
  facet normal -0.2816971127806095 0.9286309295711318 0.24143598177347972
    outer loop
      vertex -1.0786582838174557 7.158060233744357 6.9
      vertex -1.094418710185485 6.737293247637092 8.5
      vertex -0.9255849108714196 6.788508420739842 8.5
    endloop
  endfacet
  facet normal -0.4574512888314779 0.8558311662071533 0.24143598177347947
    outer loop
      vertex -0.9922148834901994 7.204265193848728 6.9
      vertex -0.9255849108714196 6.788508420739842 8.5
      vertex -0.7699867902823585 6.87167734892771 8.5
    endloop
  endfacet
  facet normal -0.6156258683941905 0.7501422910814821 0.24143598177347939
    outer loop
      vertex -0.9164466094067267 7.266446609406726 6.9
      vertex -0.7699867902823585 6.87167734892771 8.5
      vertex -0.6336038969321076 6.983603896932108 8.5
    endloop
  endfacet
  facet normal -0.75014229108148 0.6156258683941929 0.2414359817734795
    outer loop
      vertex -0.9164466094067267 7.266446609406726 6.9
      vertex -0.6336038969321076 6.983603896932108 8.5
      vertex -0.5216773489277098 7.119986790282358 8.5
    endloop
  endfacet
  facet normal -0.8558311662071547 0.4574512888314751 0.24143598177347955
    outer loop
      vertex -0.8542651938487278 7.342214883490199 6.9
      vertex -0.5216773489277098 7.119986790282358 8.5
      vertex -0.4385084207398424 7.2755849108714195 8.5
    endloop
  endfacet
  facet normal 0.281697112780605 -0.9286309295711332 0.24143598177347966
    outer loop
      vertex -1.4613417161825453 8.081939766255644 6.9
      vertex -1.445581289814516 8.502706752362908 8.5
      vertex -1.6144150891285813 8.451491579260159 8.5
    endloop
  endfacet
  facet normal 0.09511747466313397 -0.9657439270939187 0.24143598177347972
    outer loop
      vertex -1.3675451610080647 8.110392640201615 6.9
      vertex -1.2700000000000005 8.52 8.5
      vertex -1.445581289814516 8.502706752362908 8.5
    endloop
  endfacet
  facet normal -0.2816971127806053 -0.9286309295711332 0.2414359817734796
    outer loop
      vertex -1.0786582838174557 8.081939766255644 6.9
      vertex -0.9255849108714196 8.451491579260159 8.5
      vertex -1.094418710185485 8.502706752362908 8.5
    endloop
  endfacet
  facet normal -0.45745128883148173 -0.8558311662071513 0.2414359817734791
    outer loop
      vertex -0.9922148834901994 8.035734806151273 6.9
      vertex -0.7699867902823585 8.36832265107229 8.5
      vertex -0.9255849108714196 8.451491579260159 8.5
    endloop
  endfacet
  facet normal -0.0951174746631342 -0.9657439270939187 0.24143598177347966
    outer loop
      vertex -1.1724548389919363 8.110392640201615 6.9
      vertex -1.094418710185485 8.502706752362908 8.5
      vertex -1.2700000000000005 8.52 8.5
    endloop
  endfacet
  facet normal -0.9286309295711326 0.28169711278060755 0.2414359817734796
    outer loop
      vertex -0.8080602337443571 7.428658283817455 6.9
      vertex -0.4385084207398424 7.2755849108714195 8.5
      vertex -0.38729324763709305 7.444418710185484 8.5
    endloop
  endfacet
  facet normal -0.9657439270939181 0.09511747466313877 0.24143598177347964
    outer loop
      vertex -0.7796073597983852 7.522454838991936 6.9
      vertex -0.38729324763709305 7.444418710185484 8.5
      vertex -0.37000000000000044 7.62 8.5
    endloop
  endfacet
  facet normal -0.9657439270939181 -0.09511747466313891 0.24143598177347964
    outer loop
      vertex -0.7796073597983852 7.717545161008064 6.9
      vertex -0.37000000000000044 7.62 8.5
      vertex -0.38729324763709305 7.795581289814516 8.5
    endloop
  endfacet
  facet normal -0.9286309295711326 -0.2816971127806076 0.2414359817734796
    outer loop
      vertex -0.8080602337443571 7.811341716182545 6.9
      vertex -0.38729324763709305 7.795581289814516 8.5
      vertex -0.4385084207398424 7.964415089128581 8.5
    endloop
  endfacet
  facet normal -0.8558311662071545 -0.45745128883147534 0.2414359817734795
    outer loop
      vertex -0.8542651938487278 7.897785116509802 6.9
      vertex -0.4385084207398424 7.964415089128581 8.5
      vertex -0.5216773489277098 8.120013209717643 8.5
    endloop
  endfacet
  facet normal -0.75014229108148 -0.6156258683941928 0.24143598177347944
    outer loop
      vertex -0.9164466094067267 7.973553390593274 6.9
      vertex -0.5216773489277098 8.120013209717643 8.5
      vertex -0.6336038969321076 8.256396103067893 8.5
    endloop
  endfacet
  facet normal -0.6156258683941906 -0.750142291081482 0.24143598177347933
    outer loop
      vertex -0.9164466094067267 7.973553390593274 6.9
      vertex -0.6336038969321076 8.256396103067893 8.5
      vertex -0.7699867902823585 8.36832265107229 8.5
    endloop
  endfacet
  facet normal 0.6343932841636433 0.7730104533627387 0
    outer loop
      vertex 0.9164466094067258 7.266446609406726 6.9
      vertex 0.9922148834901985 7.204265193848728 0
      vertex 0.9164466094067258 7.266446609406726 0
    endloop
  endfacet
  facet normal 0.47139673682599603 0.8819212643483559 0
    outer loop
      vertex 0.9922148834901985 7.204265193848728 6.9
      vertex 1.0786582838174548 7.158060233744357 0
      vertex 0.9922148834901985 7.204265193848728 0
    endloop
  endfacet
  facet normal 0.2902846772544659 0.9569403357322077 0
    outer loop
      vertex 1.0786582838174548 7.158060233744357 6.9
      vertex 1.1724548389919354 7.129607359798385 0
      vertex 1.0786582838174548 7.158060233744357 0
    endloop
  endfacet
  facet normal 0.09801714032956062 0.9951847266721969 0
    outer loop
      vertex 1.1724548389919354 7.129607359798385 6.9
      vertex 1.2699999999999996 7.12 0
      vertex 1.1724548389919354 7.129607359798385 0
    endloop
  endfacet
  facet normal -0.09801714032956062 0.9951847266721969 0
    outer loop
      vertex 1.2699999999999996 7.12 6.9
      vertex 1.3675451610080638 7.129607359798385 0
      vertex 1.2699999999999996 7.12 0
    endloop
  endfacet
  facet normal -0.2902846772544659 0.9569403357322077 0
    outer loop
      vertex 1.3675451610080638 7.129607359798385 6.9
      vertex 1.4613417161825444 7.158060233744357 0
      vertex 1.3675451610080638 7.129607359798385 0
    endloop
  endfacet
  facet normal -0.47139673682599603 0.8819212643483559 0
    outer loop
      vertex 1.4613417161825444 7.158060233744357 6.9
      vertex 1.5477851165098007 7.204265193848728 0
      vertex 1.4613417161825444 7.158060233744357 0
    endloop
  endfacet
  facet normal -0.6343932841636433 0.7730104533627387 0
    outer loop
      vertex 1.5477851165098007 7.204265193848728 6.9
      vertex 1.6235533905932733 7.266446609406726 0
      vertex 1.5477851165098007 7.204265193848728 0
    endloop
  endfacet
  facet normal 0.9569403357322089 0.29028467725446216 0
    outer loop
      vertex 0.7796073597983844 7.522454838991936 6.9
      vertex 0.8080602337443562 7.428658283817455 0
      vertex 0.7796073597983844 7.522454838991936 0
    endloop
  endfacet
  facet normal 0.9951847266721969 0.09801714032956084 0
    outer loop
      vertex 0.7699999999999996 7.62 6.9
      vertex 0.7796073597983844 7.522454838991936 0
      vertex 0.7699999999999996 7.62 0
    endloop
  endfacet
  facet normal 0.9951847266721969 -0.09801714032956084 0
    outer loop
      vertex 0.7796073597983844 7.717545161008064 6.9
      vertex 0.7699999999999996 7.62 0
      vertex 0.7796073597983844 7.717545161008064 0
    endloop
  endfacet
  facet normal 0.9569403357322089 -0.29028467725446216 0
    outer loop
      vertex 0.8080602337443562 7.811341716182545 6.9
      vertex 0.7796073597983844 7.717545161008064 0
      vertex 0.8080602337443562 7.811341716182545 0
    endloop
  endfacet
  facet normal 0.7730104533627356 0.6343932841636472 0
    outer loop
      vertex 0.8542651938487269 7.342214883490199 6.9
      vertex 0.9164466094067258 7.266446609406726 0
      vertex 0.8542651938487269 7.342214883490199 0
    endloop
  endfacet
  facet normal 0.8819212643483565 0.47139673682599503 0
    outer loop
      vertex 0.8080602337443562 7.428658283817455 6.9
      vertex 0.8542651938487269 7.342214883490199 0
      vertex 0.8080602337443562 7.428658283817455 0
    endloop
  endfacet
  facet normal 0.8819212643483565 -0.47139673682599503 0
    outer loop
      vertex 0.8542651938487269 7.897785116509802 6.9
      vertex 0.8080602337443562 7.811341716182545 0
      vertex 0.8542651938487269 7.897785116509802 0
    endloop
  endfacet
  facet normal 0.7730104533627356 -0.6343932841636472 0
    outer loop
      vertex 0.9164466094067258 7.973553390593274 6.9
      vertex 0.8542651938487269 7.897785116509802 0
      vertex 0.9164466094067258 7.973553390593274 0
    endloop
  endfacet
  facet normal 0.6343932841636488 -0.7730104533627343 0
    outer loop
      vertex 0.9922148834901985 8.035734806151273 6.9
      vertex 0.9164466094067258 7.973553390593274 0
      vertex 0.9922148834901985 8.035734806151273 0
    endloop
  endfacet
  facet normal 0.47139673682599603 -0.8819212643483559 0
    outer loop
      vertex 1.0786582838174548 8.081939766255644 6.9
      vertex 0.9922148834901985 8.035734806151273 0
      vertex 1.0786582838174548 8.081939766255644 0
    endloop
  endfacet
  facet normal 0.2902846772544576 -0.9569403357322103 0
    outer loop
      vertex 1.1724548389919354 8.110392640201615 6.9
      vertex 1.0786582838174548 8.081939766255644 0
      vertex 1.1724548389919354 8.110392640201615 0
    endloop
  endfacet
  facet normal 0.0980171403295696 -0.9951847266721959 0
    outer loop
      vertex 1.2699999999999996 8.120000000000001 6.9
      vertex 1.1724548389919354 8.110392640201615 0
      vertex 1.2699999999999996 8.120000000000001 0
    endloop
  endfacet
  facet normal -0.0980171403295696 -0.9951847266721959 0
    outer loop
      vertex 1.3675451610080638 8.110392640201615 6.9
      vertex 1.2699999999999996 8.120000000000001 0
      vertex 1.3675451610080638 8.110392640201615 0
    endloop
  endfacet
  facet normal -0.2902846772544576 -0.9569403357322103 0
    outer loop
      vertex 1.4613417161825444 8.081939766255644 6.9
      vertex 1.3675451610080638 8.110392640201615 0
      vertex 1.4613417161825444 8.081939766255644 0
    endloop
  endfacet
  facet normal -0.47139673682599603 -0.8819212643483559 0
    outer loop
      vertex 1.5477851165098007 8.035734806151273 6.9
      vertex 1.4613417161825444 8.081939766255644 0
      vertex 1.5477851165098007 8.035734806151273 0
    endloop
  endfacet
  facet normal -0.6343932841636488 -0.7730104533627343 0
    outer loop
      vertex 1.6235533905932733 7.973553390593274 6.9
      vertex 1.5477851165098007 8.035734806151273 0
      vertex 1.6235533905932733 7.973553390593274 0
    endloop
  endfacet
  facet normal -0.7730104533627356 0.6343932841636472 0
    outer loop
      vertex 1.6235533905932733 7.266446609406726 6.9
      vertex 1.6857348061512722 7.342214883490199 0
      vertex 1.6235533905932733 7.266446609406726 0
    endloop
  endfacet
  facet normal -0.8819212643483558 0.47139673682599587 0
    outer loop
      vertex 1.6857348061512722 7.342214883490199 6.9
      vertex 1.731939766255643 7.428658283817455 0
      vertex 1.6857348061512722 7.342214883490199 0
    endloop
  endfacet
  facet normal -0.9569403357322093 0.2902846772544611 0
    outer loop
      vertex 1.731939766255643 7.428658283817455 6.9
      vertex 1.7603926402016148 7.522454838991936 0
      vertex 1.731939766255643 7.428658283817455 0
    endloop
  endfacet
  facet normal -0.9951847266721969 0.09801714032956084 0
    outer loop
      vertex 1.7603926402016148 7.522454838991936 6.9
      vertex 1.7699999999999996 7.62 0
      vertex 1.7603926402016148 7.522454838991936 0
    endloop
  endfacet
  facet normal -0.9951847266721969 -0.09801714032956084 0
    outer loop
      vertex 1.7699999999999996 7.62 6.9
      vertex 1.7603926402016148 7.717545161008064 0
      vertex 1.7699999999999996 7.62 0
    endloop
  endfacet
  facet normal -0.9569403357322093 -0.2902846772544611 0
    outer loop
      vertex 1.7603926402016148 7.717545161008064 6.9
      vertex 1.731939766255643 7.811341716182545 0
      vertex 1.7603926402016148 7.717545161008064 0
    endloop
  endfacet
  facet normal -0.7730104533627356 -0.6343932841636472 0
    outer loop
      vertex 1.6857348061512722 7.897785116509802 6.9
      vertex 1.6235533905932733 7.973553390593274 0
      vertex 1.6857348061512722 7.897785116509802 0
    endloop
  endfacet
  facet normal -0.8819212643483558 -0.47139673682599587 0
    outer loop
      vertex 1.731939766255643 7.811341716182545 6.9
      vertex 1.6857348061512722 7.897785116509802 0
      vertex 1.731939766255643 7.811341716182545 0
    endloop
  endfacet
  facet normal 0.6343932841636433 0.7730104533627387 3.041606406296304e-20
    outer loop
      vertex 0.9164466094067258 7.266446609406726 6.9
      vertex 0.9922148834901985 7.204265193848728 6.9
      vertex 0.9922148834901985 7.204265193848728 0
    endloop
  endfacet
  facet normal 0.47139673682599603 0.8819212643483559 0
    outer loop
      vertex 1.0786582838174548 7.158060233744357 6.9
      vertex 1.0786582838174548 7.158060233744357 0
      vertex 0.9922148834901985 7.204265193848728 6.9
    endloop
  endfacet
  facet normal 0.2902846772544659 0.9569403357322077 2.0994316332637114e-20
    outer loop
      vertex 1.0786582838174548 7.158060233744357 6.9
      vertex 1.1724548389919354 7.129607359798385 6.9
      vertex 1.1724548389919354 7.129607359798385 0
    endloop
  endfacet
  facet normal 0.09801714032956062 0.9951847266721969 -1.2247124034233546e-21
    outer loop
      vertex 1.1724548389919354 7.129607359798385 6.9
      vertex 1.2699999999999996 7.12 6.9
      vertex 1.2699999999999996 7.12 0
    endloop
  endfacet
  facet normal -0.09801714032956062 0.9951847266721969 1.2247124034233546e-21
    outer loop
      vertex 1.2699999999999996 7.12 6.9
      vertex 1.3675451610080638 7.129607359798385 6.9
      vertex 1.3675451610080638 7.129607359798385 0
    endloop
  endfacet
  facet normal -0.2902846772544659 0.9569403357322077 -2.0994316332637114e-20
    outer loop
      vertex 1.3675451610080638 7.129607359798385 6.9
      vertex 1.4613417161825444 7.158060233744357 6.9
      vertex 1.4613417161825444 7.158060233744357 0
    endloop
  endfacet
  facet normal -0.47139673682599603 0.8819212643483559 4.310118613778735e-19
    outer loop
      vertex 1.4613417161825444 7.158060233744357 6.9
      vertex 1.5477851165098007 7.204265193848728 6.9
      vertex 1.5477851165098007 7.204265193848728 0
    endloop
  endfacet
  facet normal -0.6343932841636433 0.7730104533627387 -3.041606406296304e-20
    outer loop
      vertex 1.5477851165098007 7.204265193848728 6.9
      vertex 1.6235533905932733 7.266446609406726 6.9
      vertex 1.6235533905932733 7.266446609406726 0
    endloop
  endfacet
  facet normal 0.9569403357322089 0.29028467725446216 0
    outer loop
      vertex 0.8080602337443562 7.428658283817455 6.9
      vertex 0.8080602337443562 7.428658283817455 0
      vertex 0.7796073597983844 7.522454838991936 6.9
    endloop
  endfacet
  facet normal 0.9951847266721969 0.09801714032956084 0
    outer loop
      vertex 0.7796073597983844 7.522454838991936 6.9
      vertex 0.7796073597983844 7.522454838991936 0
      vertex 0.7699999999999996 7.62 6.9
    endloop
  endfacet
  facet normal 0.9951847266721969 -0.09801714032956084 0
    outer loop
      vertex 0.7699999999999996 7.62 6.9
      vertex 0.7699999999999996 7.62 0
      vertex 0.7796073597983844 7.717545161008064 6.9
    endloop
  endfacet
  facet normal 0.9569403357322089 -0.29028467725446216 0
    outer loop
      vertex 0.7796073597983844 7.717545161008064 6.9
      vertex 0.7796073597983844 7.717545161008064 0
      vertex 0.8080602337443562 7.811341716182545 6.9
    endloop
  endfacet
  facet normal 0.7730104533627356 0.6343932841636472 0
    outer loop
      vertex 0.9164466094067258 7.266446609406726 6.9
      vertex 0.9164466094067258 7.266446609406726 0
      vertex 0.8542651938487269 7.342214883490199 6.9
    endloop
  endfacet
  facet normal 0.8819212643483565 0.47139673682599503 -7.409222754104317e-20
    outer loop
      vertex 0.8080602337443562 7.428658283817455 6.9
      vertex 0.8542651938487269 7.342214883490199 6.9
      vertex 0.8542651938487269 7.342214883490199 0
    endloop
  endfacet
  facet normal 0.8819212643483565 -0.47139673682599503 0
    outer loop
      vertex 0.8080602337443562 7.811341716182545 6.9
      vertex 0.8080602337443562 7.811341716182545 0
      vertex 0.8542651938487269 7.897785116509802 6.9
    endloop
  endfacet
  facet normal 0.7730104533627356 -0.6343932841636472 0
    outer loop
      vertex 0.8542651938487269 7.897785116509802 6.9
      vertex 0.8542651938487269 7.897785116509802 0
      vertex 0.9164466094067258 7.973553390593274 6.9
    endloop
  endfacet
  facet normal 0.6343932841636488 -0.7730104533627343 0
    outer loop
      vertex 0.9164466094067258 7.973553390593274 6.9
      vertex 0.9164466094067258 7.973553390593274 0
      vertex 0.9922148834901985 8.035734806151273 6.9
    endloop
  endfacet
  facet normal 0.47139673682599603 -0.8819212643483559 0
    outer loop
      vertex 0.9922148834901985 8.035734806151273 6.9
      vertex 0.9922148834901985 8.035734806151273 0
      vertex 1.0786582838174548 8.081939766255644 6.9
    endloop
  endfacet
  facet normal 0.2902846772544576 -0.9569403357322103 0
    outer loop
      vertex 1.0786582838174548 8.081939766255644 6.9
      vertex 1.0786582838174548 8.081939766255644 0
      vertex 1.1724548389919354 8.110392640201615 6.9
    endloop
  endfacet
  facet normal 0.0980171403295696 -0.9951847266721959 0
    outer loop
      vertex 1.1724548389919354 8.110392640201615 6.9
      vertex 1.1724548389919354 8.110392640201615 0
      vertex 1.2699999999999996 8.120000000000001 6.9
    endloop
  endfacet
  facet normal -0.0980171403295696 -0.9951847266721959 0
    outer loop
      vertex 1.2699999999999996 8.120000000000001 6.9
      vertex 1.2699999999999996 8.120000000000001 0
      vertex 1.3675451610080638 8.110392640201615 6.9
    endloop
  endfacet
  facet normal -0.2902846772544576 -0.9569403357322103 0
    outer loop
      vertex 1.3675451610080638 8.110392640201615 6.9
      vertex 1.3675451610080638 8.110392640201615 0
      vertex 1.4613417161825444 8.081939766255644 6.9
    endloop
  endfacet
  facet normal -0.47139673682599603 -0.8819212643483559 0
    outer loop
      vertex 1.4613417161825444 8.081939766255644 6.9
      vertex 1.4613417161825444 8.081939766255644 0
      vertex 1.5477851165098007 8.035734806151273 6.9
    endloop
  endfacet
  facet normal -0.6343932841636488 -0.7730104533627343 5.604470288417793e-19
    outer loop
      vertex 1.6235533905932733 7.973553390593274 6.9
      vertex 1.5477851165098007 8.035734806151273 6.9
      vertex 1.5477851165098007 8.035734806151273 0
    endloop
  endfacet
  facet normal -0.7730104533627356 0.6343932841636472 -1.9083588509322878e-19
    outer loop
      vertex 1.6235533905932733 7.266446609406726 6.9
      vertex 1.6857348061512722 7.342214883490199 6.9
      vertex 1.6857348061512722 7.342214883490199 0
    endloop
  endfacet
  facet normal -0.8819212643483558 0.47139673682599587 1.571392510850372e-19
    outer loop
      vertex 1.6857348061512722 7.342214883490199 6.9
      vertex 1.731939766255643 7.428658283817455 6.9
      vertex 1.731939766255643 7.428658283817455 0
    endloop
  endfacet
  facet normal -0.9569403357322093 0.2902846772544611 3.1257694490568286e-19
    outer loop
      vertex 1.731939766255643 7.428658283817455 6.9
      vertex 1.7603926402016148 7.522454838991936 6.9
      vertex 1.7603926402016148 7.522454838991936 0
    endloop
  endfacet
  facet normal -0.9951847266721969 0.09801714032956084 5.318535846983332e-20
    outer loop
      vertex 1.7603926402016148 7.522454838991936 6.9
      vertex 1.7699999999999996 7.62 6.9
      vertex 1.7699999999999996 7.62 0
    endloop
  endfacet
  facet normal -0.9951847266721969 -0.09801714032956084 -5.318535846983332e-20
    outer loop
      vertex 1.7699999999999996 7.62 6.9
      vertex 1.7603926402016148 7.717545161008064 6.9
      vertex 1.7603926402016148 7.717545161008064 0
    endloop
  endfacet
  facet normal -0.9569403357322093 -0.2902846772544611 -3.1257694490568286e-19
    outer loop
      vertex 1.7603926402016148 7.717545161008064 6.9
      vertex 1.731939766255643 7.811341716182545 6.9
      vertex 1.731939766255643 7.811341716182545 0
    endloop
  endfacet
  facet normal -0.8819212643483558 -0.47139673682599587 -1.571392510850372e-19
    outer loop
      vertex 1.731939766255643 7.811341716182545 6.9
      vertex 1.6857348061512722 7.897785116509802 6.9
      vertex 1.6857348061512722 7.897785116509802 0
    endloop
  endfacet
  facet normal -0.7730104533627356 -0.6343932841636472 0
    outer loop
      vertex 1.6235533905932733 7.973553390593274 6.9
      vertex 1.6235533905932733 7.973553390593274 0
      vertex 1.6857348061512722 7.897785116509802 6.9
    endloop
  endfacet
  facet normal 0.7501422910814801 0.6156258683941928 0.24143598177347952
    outer loop
      vertex 0.9164466094067258 7.266446609406726 6.9
      vertex 0.8542651938487269 7.342214883490199 6.9
      vertex 0.5216773489277089 7.119986790282358 8.5
    endloop
  endfacet
  facet normal 0.457451288831475 0.8558311662071548 0.24143598177347975
    outer loop
      vertex 1.0786582838174548 7.158060233744357 6.9
      vertex 0.9922148834901985 7.204265193848728 6.9
      vertex 0.9255849108714187 6.788508420739842 8.5
    endloop
  endfacet
  facet normal 0.6156258683941891 0.7501422910814831 0.2414359817734795
    outer loop
      vertex 0.9164466094067258 7.266446609406726 6.9
      vertex 0.7699867902823576 6.87167734892771 8.5
      vertex 0.9922148834901985 7.204265193848728 6.9
    endloop
  endfacet
  facet normal 0.28169711278061016 0.9286309295711318 0.24143598177347975
    outer loop
      vertex 1.0786582838174548 7.158060233744357 6.9
      vertex 1.094418710185484 6.737293247637092 8.5
      vertex 1.1724548389919354 7.129607359798385 6.9
    endloop
  endfacet
  facet normal 0.09511747466313894 0.9657439270939181 0.24143598177347983
    outer loop
      vertex 1.1724548389919354 7.129607359798385 6.9
      vertex 1.2699999999999996 6.72 8.5
      vertex 1.2699999999999996 7.12 6.9
    endloop
  endfacet
  facet normal -0.09511747466313894 0.9657439270939181 0.24143598177347977
    outer loop
      vertex 1.2699999999999996 7.12 6.9
      vertex 1.2699999999999996 6.72 8.5
      vertex 1.3675451610080638 7.129607359798385 6.9
    endloop
  endfacet
  facet normal -0.28169711278061016 0.9286309295711318 0.24143598177347975
    outer loop
      vertex 1.3675451610080638 7.129607359798385 6.9
      vertex 1.445581289814515 6.737293247637092 8.5
      vertex 1.4613417161825444 7.158060233744357 6.9
    endloop
  endfacet
  facet normal -0.457451288831475 0.8558311662071548 0.24143598177347975
    outer loop
      vertex 1.4613417161825444 7.158060233744357 6.9
      vertex 1.6144150891285804 6.788508420739842 8.5
      vertex 1.5477851165098007 7.204265193848728 6.9
    endloop
  endfacet
  facet normal 0.8558311662071553 0.4574512888314741 0.2414359817734797
    outer loop
      vertex 0.8080602337443562 7.428658283817455 6.9
      vertex 0.43850842073984153 7.2755849108714195 8.5
      vertex 0.8542651938487269 7.342214883490199 6.9
    endloop
  endfacet
  facet normal 0.9286309295711329 0.2816971127806065 0.2414359817734797
    outer loop
      vertex 0.8080602337443562 7.428658283817455 6.9
      vertex 0.7796073597983844 7.522454838991936 6.9
      vertex 0.38729324763709216 7.444418710185484 8.5
    endloop
  endfacet
  facet normal 0.9657439270939181 0.09511747466313915 0.2414359817734796
    outer loop
      vertex 0.7796073597983844 7.522454838991936 6.9
      vertex 0.7699999999999996 7.62 6.9
      vertex 0.36999999999999955 7.62 8.5
    endloop
  endfacet
  facet normal 0.9657439270939181 -0.09511747466313915 0.2414359817734796
    outer loop
      vertex 0.7699999999999996 7.62 6.9
      vertex 0.7796073597983844 7.717545161008064 6.9
      vertex 0.36999999999999955 7.62 8.5
    endloop
  endfacet
  facet normal 0.9286309295711329 -0.2816971127806065 0.2414359817734797
    outer loop
      vertex 0.7796073597983844 7.717545161008064 6.9
      vertex 0.8080602337443562 7.811341716182545 6.9
      vertex 0.38729324763709216 7.795581289814516 8.5
    endloop
  endfacet
  facet normal 0.8558311662071553 -0.4574512888314741 0.24143598177347964
    outer loop
      vertex 0.8080602337443562 7.811341716182545 6.9
      vertex 0.8542651938487269 7.897785116509802 6.9
      vertex 0.43850842073984153 7.964415089128581 8.5
    endloop
  endfacet
  facet normal 0.7501422910814801 -0.6156258683941928 0.24143598177347952
    outer loop
      vertex 0.8542651938487269 7.897785116509802 6.9
      vertex 0.9164466094067258 7.973553390593274 6.9
      vertex 0.5216773489277089 8.120013209717643 8.5
    endloop
  endfacet
  facet normal 0.6156258683941944 -0.750142291081479 0.241435981773479
    outer loop
      vertex 0.9164466094067258 7.973553390593274 6.9
      vertex 0.9922148834901985 8.035734806151273 6.9
      vertex 0.7699867902823576 8.36832265107229 8.5
    endloop
  endfacet
  facet normal 0.457451288831475 -0.8558311662071548 0.24143598177347975
    outer loop
      vertex 0.9922148834901985 8.035734806151273 6.9
      vertex 1.0786582838174548 8.081939766255644 6.9
      vertex 0.9255849108714187 8.451491579260159 8.5
    endloop
  endfacet
  facet normal 0.28169711278060205 -0.928630929571134 0.24143598177347989
    outer loop
      vertex 1.0786582838174548 8.081939766255644 6.9
      vertex 1.1724548389919354 8.110392640201615 6.9
      vertex 1.094418710185484 8.502706752362908 8.5
    endloop
  endfacet
  facet normal 0.09511747466314767 -0.9657439270939174 0.24143598177347855
    outer loop
      vertex 1.1724548389919354 8.110392640201615 6.9
      vertex 1.2699999999999996 8.120000000000001 6.9
      vertex 1.2699999999999996 8.52 8.5
    endloop
  endfacet
  facet normal -0.09511747466314767 -0.9657439270939174 0.24143598177347855
    outer loop
      vertex 1.2699999999999996 8.120000000000001 6.9
      vertex 1.3675451610080638 8.110392640201615 6.9
      vertex 1.2699999999999996 8.52 8.5
    endloop
  endfacet
  facet normal -0.28169711278060205 -0.928630929571134 0.24143598177347989
    outer loop
      vertex 1.3675451610080638 8.110392640201615 6.9
      vertex 1.4613417161825444 8.081939766255644 6.9
      vertex 1.445581289814515 8.502706752362908 8.5
    endloop
  endfacet
  facet normal -0.457451288831475 -0.8558311662071548 0.24143598177347975
    outer loop
      vertex 1.4613417161825444 8.081939766255644 6.9
      vertex 1.5477851165098007 8.035734806151273 6.9
      vertex 1.6144150891285804 8.451491579260159 8.5
    endloop
  endfacet
  facet normal -0.6156258683941891 0.7501422910814831 0.2414359817734795
    outer loop
      vertex 1.5477851165098007 7.204265193848728 6.9
      vertex 1.7700132097176415 6.87167734892771 8.5
      vertex 1.6235533905932733 7.266446609406726 6.9
    endloop
  endfacet
  facet normal -0.7501422910814801 0.6156258683941928 0.24143598177347952
    outer loop
      vertex 1.6235533905932733 7.266446609406726 6.9
      vertex 2.0183226510722903 7.119986790282358 8.5
      vertex 1.6857348061512722 7.342214883490199 6.9
    endloop
  endfacet
  facet normal -0.8558311662071548 0.457451288831475 0.24143598177347947
    outer loop
      vertex 1.6857348061512722 7.342214883490199 6.9
      vertex 2.1014915792601574 7.2755849108714195 8.5
      vertex 1.731939766255643 7.428658283817455 6.9
    endloop
  endfacet
  facet normal -0.928630929571133 0.28169711278060544 0.2414359817734796
    outer loop
      vertex 1.731939766255643 7.428658283817455 6.9
      vertex 2.152706752362907 7.444418710185484 8.5
      vertex 1.7603926402016148 7.522454838991936 6.9
    endloop
  endfacet
  facet normal -0.9657439270939181 0.09511747466313915 0.24143598177347952
    outer loop
      vertex 1.7603926402016148 7.522454838991936 6.9
      vertex 2.1699999999999995 7.62 8.5
      vertex 1.7699999999999996 7.62 6.9
    endloop
  endfacet
  facet normal -0.9657439270939181 -0.09511747466313915 0.24143598177347952
    outer loop
      vertex 1.7699999999999996 7.62 6.9
      vertex 2.1699999999999995 7.62 8.5
      vertex 1.7603926402016148 7.717545161008064 6.9
    endloop
  endfacet
  facet normal -0.928630929571133 -0.28169711278060544 0.2414359817734796
    outer loop
      vertex 1.7603926402016148 7.717545161008064 6.9
      vertex 2.152706752362907 7.795581289814516 8.5
      vertex 1.731939766255643 7.811341716182545 6.9
    endloop
  endfacet
  facet normal -0.8558311662071548 -0.457451288831475 0.24143598177347947
    outer loop
      vertex 1.731939766255643 7.811341716182545 6.9
      vertex 2.1014915792601574 7.964415089128581 8.5
      vertex 1.6857348061512722 7.897785116509802 6.9
    endloop
  endfacet
  facet normal -0.6156258683941944 -0.750142291081479 0.24143598177347894
    outer loop
      vertex 1.6235533905932733 7.973553390593274 6.9
      vertex 1.7700132097176415 8.36832265107229 8.5
      vertex 1.5477851165098007 8.035734806151273 6.9
    endloop
  endfacet
  facet normal -0.7501422910814801 -0.6156258683941928 0.24143598177347952
    outer loop
      vertex 1.6235533905932733 7.973553390593274 6.9
      vertex 1.6857348061512722 7.897785116509802 6.9
      vertex 2.0183226510722903 8.120013209717643 8.5
    endloop
  endfacet
  facet normal 0.6156258683941906 0.750142291081482 0.24143598177347933
    outer loop
      vertex 0.9164466094067258 7.266446609406726 6.9
      vertex 0.6336038969321067 6.983603896932108 8.5
      vertex 0.7699867902823576 6.87167734892771 8.5
    endloop
  endfacet
  facet normal 0.75014229108148 0.6156258683941928 0.24143598177347944
    outer loop
      vertex 0.9164466094067258 7.266446609406726 6.9
      vertex 0.5216773489277089 7.119986790282358 8.5
      vertex 0.6336038969321067 6.983603896932108 8.5
    endloop
  endfacet
  facet normal 0.8558311662071545 0.45745128883147534 0.2414359817734795
    outer loop
      vertex 0.8542651938487269 7.342214883490199 6.9
      vertex 0.43850842073984153 7.2755849108714195 8.5
      vertex 0.5216773489277089 7.119986790282358 8.5
    endloop
  endfacet
  facet normal 0.28169711278060944 0.9286309295711318 0.24143598177347972
    outer loop
      vertex 1.0786582838174548 7.158060233744357 6.9
      vertex 0.9255849108714187 6.788508420739842 8.5
      vertex 1.094418710185484 6.737293247637092 8.5
    endloop
  endfacet
  facet normal 0.0951174746631391 0.9657439270939181 0.24143598177347975
    outer loop
      vertex 1.1724548389919354 7.129607359798385 6.9
      vertex 1.094418710185484 6.737293247637092 8.5
      vertex 1.2699999999999996 6.72 8.5
    endloop
  endfacet
  facet normal 0.4574512888314779 0.8558311662071533 0.24143598177347947
    outer loop
      vertex 0.9922148834901985 7.204265193848728 6.9
      vertex 0.7699867902823576 6.87167734892771 8.5
      vertex 0.9255849108714187 6.788508420739842 8.5
    endloop
  endfacet
  facet normal -0.09511747466313882 0.9657439270939181 0.2414359817734798
    outer loop
      vertex 1.3675451610080638 7.129607359798385 6.9
      vertex 1.2699999999999996 6.72 8.5
      vertex 1.445581289814515 6.737293247637092 8.5
    endloop
  endfacet
  facet normal -0.2816971127806095 0.9286309295711318 0.24143598177347972
    outer loop
      vertex 1.4613417161825444 7.158060233744357 6.9
      vertex 1.445581289814515 6.737293247637092 8.5
      vertex 1.6144150891285804 6.788508420739842 8.5
    endloop
  endfacet
  facet normal 0.9286309295711326 0.2816971127806076 0.2414359817734796
    outer loop
      vertex 0.8080602337443562 7.428658283817455 6.9
      vertex 0.38729324763709216 7.444418710185484 8.5
      vertex 0.43850842073984153 7.2755849108714195 8.5
    endloop
  endfacet
  facet normal 0.9657439270939181 0.09511747466313891 0.24143598177347964
    outer loop
      vertex 0.7796073597983844 7.522454838991936 6.9
      vertex 0.36999999999999955 7.62 8.5
      vertex 0.38729324763709216 7.444418710185484 8.5
    endloop
  endfacet
  facet normal 0.9657439270939181 -0.09511747466313877 0.24143598177347964
    outer loop
      vertex 0.7796073597983844 7.717545161008064 6.9
      vertex 0.38729324763709216 7.795581289814516 8.5
      vertex 0.36999999999999955 7.62 8.5
    endloop
  endfacet
  facet normal 0.9286309295711326 -0.28169711278060755 0.2414359817734796
    outer loop
      vertex 0.8080602337443562 7.811341716182545 6.9
      vertex 0.43850842073984153 7.964415089128581 8.5
      vertex 0.38729324763709216 7.795581289814516 8.5
    endloop
  endfacet
  facet normal 0.8558311662071547 -0.4574512888314751 0.24143598177347955
    outer loop
      vertex 0.8542651938487269 7.897785116509802 6.9
      vertex 0.5216773489277089 8.120013209717643 8.5
      vertex 0.43850842073984153 7.964415089128581 8.5
    endloop
  endfacet
  facet normal 0.75014229108148 -0.6156258683941929 0.2414359817734795
    outer loop
      vertex 0.9164466094067258 7.973553390593274 6.9
      vertex 0.6336038969321067 8.256396103067893 8.5
      vertex 0.5216773489277089 8.120013209717643 8.5
    endloop
  endfacet
  facet normal 0.6156258683941905 -0.7501422910814821 0.24143598177347939
    outer loop
      vertex 0.9164466094067258 7.973553390593274 6.9
      vertex 0.7699867902823576 8.36832265107229 8.5
      vertex 0.6336038969321067 8.256396103067893 8.5
    endloop
  endfacet
  facet normal 0.4574512888314815 -0.8558311662071514 0.24143598177347916
    outer loop
      vertex 0.9922148834901985 8.035734806151273 6.9
      vertex 0.9255849108714187 8.451491579260159 8.5
      vertex 0.7699867902823576 8.36832265107229 8.5
    endloop
  endfacet
  facet normal 0.281697112780605 -0.9286309295711332 0.24143598177347966
    outer loop
      vertex 1.0786582838174548 8.081939766255644 6.9
      vertex 1.094418710185484 8.502706752362908 8.5
      vertex 0.9255849108714187 8.451491579260159 8.5
    endloop
  endfacet
  facet normal 0.09511747466313397 -0.9657439270939187 0.24143598177347972
    outer loop
      vertex 1.1724548389919354 8.110392640201615 6.9
      vertex 1.2699999999999996 8.52 8.5
      vertex 1.094418710185484 8.502706752362908 8.5
    endloop
  endfacet
  facet normal -0.2816971127806053 -0.9286309295711332 0.2414359817734796
    outer loop
      vertex 1.4613417161825444 8.081939766255644 6.9
      vertex 1.6144150891285804 8.451491579260159 8.5
      vertex 1.445581289814515 8.502706752362908 8.5
    endloop
  endfacet
  facet normal -0.0951174746631342 -0.9657439270939187 0.24143598177347966
    outer loop
      vertex 1.3675451610080638 8.110392640201615 6.9
      vertex 1.445581289814515 8.502706752362908 8.5
      vertex 1.2699999999999996 8.52 8.5
    endloop
  endfacet
  facet normal -0.4574512888314779 0.8558311662071533 0.24143598177347947
    outer loop
      vertex 1.5477851165098007 7.204265193848728 6.9
      vertex 1.6144150891285804 6.788508420739842 8.5
      vertex 1.7700132097176415 6.87167734892771 8.5
    endloop
  endfacet
  facet normal -0.6156258683941905 0.7501422910814821 0.24143598177347939
    outer loop
      vertex 1.6235533905932733 7.266446609406726 6.9
      vertex 1.7700132097176415 6.87167734892771 8.5
      vertex 1.9063961030678924 6.983603896932108 8.5
    endloop
  endfacet
  facet normal -0.75014229108148 0.6156258683941929 0.2414359817734795
    outer loop
      vertex 1.6235533905932733 7.266446609406726 6.9
      vertex 1.9063961030678924 6.983603896932108 8.5
      vertex 2.0183226510722903 7.119986790282358 8.5
    endloop
  endfacet
  facet normal -0.8558311662071552 0.45745128883147423 0.2414359817734795
    outer loop
      vertex 1.6857348061512722 7.342214883490199 6.9
      vertex 2.0183226510722903 7.119986790282358 8.5
      vertex 2.1014915792601574 7.2755849108714195 8.5
    endloop
  endfacet
  facet normal -0.9286309295711324 0.28169711278060816 0.2414359817734794
    outer loop
      vertex 1.731939766255643 7.428658283817455 6.9
      vertex 2.1014915792601574 7.2755849108714195 8.5
      vertex 2.152706752362907 7.444418710185484 8.5
    endloop
  endfacet
  facet normal -0.9286309295711324 -0.2816971127806082 0.2414359817734794
    outer loop
      vertex 1.731939766255643 7.811341716182545 6.9
      vertex 2.152706752362907 7.795581289814516 8.5
      vertex 2.1014915792601574 7.964415089128581 8.5
    endloop
  endfacet
  facet normal -0.9657439270939181 0.09511747466313893 0.24143598177347958
    outer loop
      vertex 1.7603926402016148 7.522454838991936 6.9
      vertex 2.152706752362907 7.444418710185484 8.5
      vertex 2.1699999999999995 7.62 8.5
    endloop
  endfacet
  facet normal -0.9657439270939181 -0.09511747466313876 0.24143598177347958
    outer loop
      vertex 1.7603926402016148 7.717545161008064 6.9
      vertex 2.1699999999999995 7.62 8.5
      vertex 2.152706752362907 7.795581289814516 8.5
    endloop
  endfacet
  facet normal -0.45745128883148173 -0.8558311662071513 0.2414359817734791
    outer loop
      vertex 1.5477851165098007 8.035734806151273 6.9
      vertex 1.7700132097176415 8.36832265107229 8.5
      vertex 1.6144150891285804 8.451491579260159 8.5
    endloop
  endfacet
  facet normal -0.6156258683941906 -0.750142291081482 0.24143598177347933
    outer loop
      vertex 1.6235533905932733 7.973553390593274 6.9
      vertex 1.9063961030678924 8.256396103067893 8.5
      vertex 1.7700132097176415 8.36832265107229 8.5
    endloop
  endfacet
  facet normal -0.75014229108148 -0.6156258683941928 0.24143598177347944
    outer loop
      vertex 1.6235533905932733 7.973553390593274 6.9
      vertex 2.0183226510722903 8.120013209717643 8.5
      vertex 1.9063961030678924 8.256396103067893 8.5
    endloop
  endfacet
  facet normal -0.8558311662071549 -0.45745128883147446 0.24143598177347944
    outer loop
      vertex 1.6857348061512722 7.897785116509802 6.9
      vertex 2.1014915792601574 7.964415089128581 8.5
      vertex 2.0183226510722903 8.120013209717643 8.5
    endloop
  endfacet
  facet normal 0.6343932841636424 0.7730104533627397 0
    outer loop
      vertex 3.4564466094067248 7.266446609406726 6.9
      vertex 3.5322148834901976 7.204265193848728 0
      vertex 3.4564466094067248 7.266446609406726 0
    endloop
  endfacet
  facet normal 0.47139673682599603 0.8819212643483559 0
    outer loop
      vertex 3.5322148834901976 7.204265193848728 6.9
      vertex 3.618658283817454 7.158060233744357 0
      vertex 3.5322148834901976 7.204265193848728 0
    endloop
  endfacet
  facet normal 0.2902846772544653 0.956940335732208 0
    outer loop
      vertex 3.618658283817454 7.158060233744357 6.9
      vertex 3.7124548389919347 7.129607359798385 0
      vertex 3.618658283817454 7.158060233744357 0
    endloop
  endfacet
  facet normal 0.09801714032956084 0.9951847266721969 0
    outer loop
      vertex 3.7124548389919347 7.129607359798385 6.9
      vertex 3.8099999999999987 7.12 0
      vertex 3.7124548389919347 7.129607359798385 0
    endloop
  endfacet
  facet normal -0.09801714032956084 0.9951847266721969 0
    outer loop
      vertex 3.8099999999999987 7.12 6.9
      vertex 3.9075451610080627 7.129607359798385 0
      vertex 3.8099999999999987 7.12 0
    endloop
  endfacet
  facet normal -0.2902846772544653 0.956940335732208 0
    outer loop
      vertex 3.9075451610080627 7.129607359798385 6.9
      vertex 4.0013417161825435 7.158060233744357 0
      vertex 3.9075451610080627 7.129607359798385 0
    endloop
  endfacet
  facet normal -0.47139673682599786 0.8819212643483549 0
    outer loop
      vertex 4.0013417161825435 7.158060233744357 6.9
      vertex 4.087785116509799 7.204265193848728 0
      vertex 4.0013417161825435 7.158060233744357 0
    endloop
  endfacet
  facet normal -0.63439328416364 0.7730104533627414 0
    outer loop
      vertex 4.087785116509799 7.204265193848728 6.9
      vertex 4.163553390593273 7.266446609406726 0
      vertex 4.087785116509799 7.204265193848728 0
    endloop
  endfacet
  facet normal 0.7730104533627378 0.6343932841636445 0
    outer loop
      vertex 3.3942651938487263 7.342214883490199 6.9
      vertex 3.4564466094067248 7.266446609406726 0
      vertex 3.3942651938487263 7.342214883490199 0
    endloop
  endfacet
  facet normal 0.881921264348355 0.4713967368259977 0
    outer loop
      vertex 3.3480602337443552 7.428658283817455 6.9
      vertex 3.3942651938487263 7.342214883490199 0
      vertex 3.3480602337443552 7.428658283817455 0
    endloop
  endfacet
  facet normal 0.9951847266721969 0.09801714032956084 0
    outer loop
      vertex 3.3099999999999987 7.62 6.9
      vertex 3.3196073597983835 7.522454838991936 0
      vertex 3.3099999999999987 7.62 0
    endloop
  endfacet
  facet normal 0.9569403357322093 0.2902846772544611 0
    outer loop
      vertex 3.3196073597983835 7.522454838991936 6.9
      vertex 3.3480602337443552 7.428658283817455 0
      vertex 3.3196073597983835 7.522454838991936 0
    endloop
  endfacet
  facet normal 0.9951847266721969 -0.09801714032956084 0
    outer loop
      vertex 3.3196073597983835 7.717545161008064 6.9
      vertex 3.3099999999999987 7.62 0
      vertex 3.3196073597983835 7.717545161008064 0
    endloop
  endfacet
  facet normal 0.9569403357322093 -0.2902846772544611 0
    outer loop
      vertex 3.3480602337443552 7.811341716182545 6.9
      vertex 3.3196073597983835 7.717545161008064 0
      vertex 3.3480602337443552 7.811341716182545 0
    endloop
  endfacet
  facet normal 0.881921264348355 -0.4713967368259977 0
    outer loop
      vertex 3.3942651938487263 7.897785116509802 6.9
      vertex 3.3480602337443552 7.811341716182545 0
      vertex 3.3942651938487263 7.897785116509802 0
    endloop
  endfacet
  facet normal 0.7730104533627378 -0.6343932841636445 0
    outer loop
      vertex 3.4564466094067248 7.973553390593274 6.9
      vertex 3.3942651938487263 7.897785116509802 0
      vertex 3.4564466094067248 7.973553390593274 0
    endloop
  endfacet
  facet normal 0.6343932841636477 -0.7730104533627352 0
    outer loop
      vertex 3.5322148834901976 8.035734806151273 6.9
      vertex 3.4564466094067248 7.973553390593274 0
      vertex 3.5322148834901976 8.035734806151273 0
    endloop
  endfacet
  facet normal 0.47139673682599603 -0.8819212643483559 0
    outer loop
      vertex 3.618658283817454 8.081939766255644 6.9
      vertex 3.5322148834901976 8.035734806151273 0
      vertex 3.618658283817454 8.081939766255644 0
    endloop
  endfacet
  facet normal 0.290284677254457 -0.9569403357322105 0
    outer loop
      vertex 3.7124548389919347 8.110392640201615 6.9
      vertex 3.618658283817454 8.081939766255644 0
      vertex 3.7124548389919347 8.110392640201615 0
    endloop
  endfacet
  facet normal 0.09801714032956982 -0.9951847266721959 0
    outer loop
      vertex 3.8099999999999987 8.120000000000001 6.9
      vertex 3.7124548389919347 8.110392640201615 0
      vertex 3.8099999999999987 8.120000000000001 0
    endloop
  endfacet
  facet normal -0.09801714032956982 -0.9951847266721959 0
    outer loop
      vertex 3.9075451610080627 8.110392640201615 6.9
      vertex 3.8099999999999987 8.120000000000001 0
      vertex 3.9075451610080627 8.110392640201615 0
    endloop
  endfacet
  facet normal -0.290284677254457 -0.9569403357322105 0
    outer loop
      vertex 4.0013417161825435 8.081939766255644 6.9
      vertex 3.9075451610080627 8.110392640201615 0
      vertex 4.0013417161825435 8.081939766255644 0
    endloop
  endfacet
  facet normal -0.7730104533627378 0.6343932841636445 0
    outer loop
      vertex 4.163553390593273 7.266446609406726 6.9
      vertex 4.225734806151271 7.342214883490199 0
      vertex 4.163553390593273 7.266446609406726 0
    endloop
  endfacet
  facet normal -0.8819212643483569 0.4713967368259941 0
    outer loop
      vertex 4.225734806151271 7.342214883490199 6.9
      vertex 4.271939766255642 7.428658283817455 0
      vertex 4.225734806151271 7.342214883490199 0
    endloop
  endfacet
  facet normal -0.956940335732208 0.2902846772544653 0
    outer loop
      vertex 4.271939766255642 7.428658283817455 6.9
      vertex 4.300392640201614 7.522454838991936 0
      vertex 4.271939766255642 7.428658283817455 0
    endloop
  endfacet
  facet normal -0.9951847266721969 0.09801714032956084 0
    outer loop
      vertex 4.300392640201614 7.522454838991936 6.9
      vertex 4.309999999999999 7.62 0
      vertex 4.300392640201614 7.522454838991936 0
    endloop
  endfacet
  facet normal -0.7730104533627378 -0.6343932841636445 0
    outer loop
      vertex 4.225734806151271 7.897785116509802 6.9
      vertex 4.163553390593273 7.973553390593274 0
      vertex 4.225734806151271 7.897785116509802 0
    endloop
  endfacet
  facet normal -0.9951847266721969 -0.09801714032956084 0
    outer loop
      vertex 4.309999999999999 7.62 6.9
      vertex 4.300392640201614 7.717545161008064 0
      vertex 4.309999999999999 7.62 0
    endloop
  endfacet
  facet normal -0.956940335732208 -0.2902846772544653 0
    outer loop
      vertex 4.300392640201614 7.717545161008064 6.9
      vertex 4.271939766255642 7.811341716182545 0
      vertex 4.300392640201614 7.717545161008064 0
    endloop
  endfacet
  facet normal -0.8819212643483569 -0.4713967368259941 0
    outer loop
      vertex 4.271939766255642 7.811341716182545 6.9
      vertex 4.225734806151271 7.897785116509802 0
      vertex 4.271939766255642 7.811341716182545 0
    endloop
  endfacet
  facet normal -0.47139673682599786 -0.8819212643483549 0
    outer loop
      vertex 4.087785116509799 8.035734806151273 6.9
      vertex 4.0013417161825435 8.081939766255644 0
      vertex 4.087785116509799 8.035734806151273 0
    endloop
  endfacet
  facet normal -0.6343932841636455 -0.773010453362737 0
    outer loop
      vertex 4.163553390593273 7.973553390593274 6.9
      vertex 4.087785116509799 8.035734806151273 0
      vertex 4.163553390593273 7.973553390593274 0
    endloop
  endfacet
  facet normal 0.6343932841636424 0.7730104533627397 1.350117254222524e-19
    outer loop
      vertex 3.4564466094067248 7.266446609406726 6.9
      vertex 3.5322148834901976 7.204265193848728 6.9
      vertex 3.5322148834901976 7.204265193848728 0
    endloop
  endfacet
  facet normal 0.47139673682599603 0.8819212643483559 0
    outer loop
      vertex 3.618658283817454 7.158060233744357 6.9
      vertex 3.618658283817454 7.158060233744357 0
      vertex 3.5322148834901976 7.204265193848728 6.9
    endloop
  endfacet
  facet normal 0.2902846772544653 0.956940335732208 2.980914899402578e-19
    outer loop
      vertex 3.618658283817454 7.158060233744357 6.9
      vertex 3.7124548389919347 7.129607359798385 6.9
      vertex 3.7124548389919347 7.129607359798385 0
    endloop
  endfacet
  facet normal 0.09801714032956084 0.9951847266721969 -5.318535846983332e-20
    outer loop
      vertex 3.7124548389919347 7.129607359798385 6.9
      vertex 3.8099999999999987 7.12 6.9
      vertex 3.8099999999999987 7.12 0
    endloop
  endfacet
  facet normal -0.09801714032956084 0.9951847266721969 5.318535846983332e-20
    outer loop
      vertex 3.8099999999999987 7.12 6.9
      vertex 3.9075451610080627 7.129607359798385 6.9
      vertex 3.9075451610080627 7.129607359798385 0
    endloop
  endfacet
  facet normal -0.2902846772544653 0.956940335732208 -2.980914899402578e-19
    outer loop
      vertex 3.9075451610080627 7.129607359798385 6.9
      vertex 4.0013417161825435 7.158060233744357 6.9
      vertex 4.0013417161825435 7.158060233744357 0
    endloop
  endfacet
  facet normal -0.47139673682599786 0.8819212643483549 -4.114971715727178e-19
    outer loop
      vertex 4.0013417161825435 7.158060233744357 6.9
      vertex 4.087785116509799 7.204265193848728 6.9
      vertex 4.087785116509799 7.204265193848728 0
    endloop
  endfacet
  facet normal -0.63439328416364 0.7730104533627414 -3.4420304814083e-19
    outer loop
      vertex 4.087785116509799 7.204265193848728 6.9
      vertex 4.163553390593273 7.266446609406726 6.9
      vertex 4.163553390593273 7.266446609406726 0
    endloop
  endfacet
  facet normal 0.881921264348355 0.4713967368259977 -3.23233298173025e-19
    outer loop
      vertex 3.3480602337443552 7.428658283817455 6.9
      vertex 3.3942651938487263 7.342214883490199 6.9
      vertex 3.3942651938487263 7.342214883490199 0
    endloop
  endfacet
  facet normal 0.9951847266721969 0.09801714032956084 0
    outer loop
      vertex 3.3196073597983835 7.522454838991936 6.9
      vertex 3.3196073597983835 7.522454838991936 0
      vertex 3.3099999999999987 7.62 6.9
    endloop
  endfacet
  facet normal 0.9569403357322093 0.2902846772544611 0
    outer loop
      vertex 3.3480602337443552 7.428658283817455 6.9
      vertex 3.3480602337443552 7.428658283817455 0
      vertex 3.3196073597983835 7.522454838991936 6.9
    endloop
  endfacet
  facet normal 0.7730104533627378 0.6343932841636445 0
    outer loop
      vertex 3.4564466094067248 7.266446609406726 6.9
      vertex 3.4564466094067248 7.266446609406726 0
      vertex 3.3942651938487263 7.342214883490199 6.9
    endloop
  endfacet
  facet normal 0.9951847266721969 -0.09801714032956084 0
    outer loop
      vertex 3.3099999999999987 7.62 6.9
      vertex 3.3099999999999987 7.62 0
      vertex 3.3196073597983835 7.717545161008064 6.9
    endloop
  endfacet
  facet normal 0.9569403357322093 -0.2902846772544611 0
    outer loop
      vertex 3.3196073597983835 7.717545161008064 6.9
      vertex 3.3196073597983835 7.717545161008064 0
      vertex 3.3480602337443552 7.811341716182545 6.9
    endloop
  endfacet
  facet normal 0.881921264348355 -0.4713967368259977 0
    outer loop
      vertex 3.3480602337443552 7.811341716182545 6.9
      vertex 3.3480602337443552 7.811341716182545 0
      vertex 3.3942651938487263 7.897785116509802 6.9
    endloop
  endfacet
  facet normal 0.7730104533627378 -0.6343932841636445 0
    outer loop
      vertex 3.3942651938487263 7.897785116509802 6.9
      vertex 3.3942651938487263 7.897785116509802 0
      vertex 3.4564466094067248 7.973553390593274 6.9
    endloop
  endfacet
  facet normal 0.6343932841636477 -0.7730104533627352 0
    outer loop
      vertex 3.4564466094067248 7.973553390593274 6.9
      vertex 3.4564466094067248 7.973553390593274 0
      vertex 3.5322148834901976 8.035734806151273 6.9
    endloop
  endfacet
  facet normal 0.47139673682599603 -0.8819212643483559 0
    outer loop
      vertex 3.5322148834901976 8.035734806151273 6.9
      vertex 3.5322148834901976 8.035734806151273 0
      vertex 3.618658283817454 8.081939766255644 6.9
    endloop
  endfacet
  facet normal 0.290284677254457 -0.9569403357322105 0
    outer loop
      vertex 3.618658283817454 8.081939766255644 6.9
      vertex 3.618658283817454 8.081939766255644 0
      vertex 3.7124548389919347 8.110392640201615 6.9
    endloop
  endfacet
  facet normal 0.09801714032956982 -0.9951847266721959 0
    outer loop
      vertex 3.7124548389919347 8.110392640201615 6.9
      vertex 3.7124548389919347 8.110392640201615 0
      vertex 3.8099999999999987 8.120000000000001 6.9
    endloop
  endfacet
  facet normal -0.09801714032956982 -0.9951847266721959 0
    outer loop
      vertex 3.8099999999999987 8.120000000000001 6.9
      vertex 3.8099999999999987 8.120000000000001 0
      vertex 3.9075451610080627 8.110392640201615 6.9
    endloop
  endfacet
  facet normal -0.290284677254457 -0.9569403357322105 0
    outer loop
      vertex 3.9075451610080627 8.110392640201615 6.9
      vertex 3.9075451610080627 8.110392640201615 0
      vertex 4.0013417161825435 8.081939766255644 6.9
    endloop
  endfacet
  facet normal -0.7730104533627378 0.6343932841636445 7.417959729632666e-20
    outer loop
      vertex 4.163553390593273 7.266446609406726 6.9
      vertex 4.225734806151271 7.342214883490199 6.9
      vertex 4.225734806151271 7.342214883490199 0
    endloop
  endfacet
  facet normal -0.8819212643483569 0.4713967368259941 -8.954796002950964e-21
    outer loop
      vertex 4.225734806151271 7.342214883490199 6.9
      vertex 4.271939766255642 7.428658283817455 6.9
      vertex 4.271939766255642 7.428658283817455 0
    endloop
  endfacet
  facet normal -0.956940335732208 0.2902846772544653 -2.980914899402578e-19
    outer loop
      vertex 4.271939766255642 7.428658283817455 6.9
      vertex 4.300392640201614 7.522454838991936 6.9
      vertex 4.300392640201614 7.522454838991936 0
    endloop
  endfacet
  facet normal -0.9951847266721969 0.09801714032956084 5.318535846983332e-20
    outer loop
      vertex 4.300392640201614 7.522454838991936 6.9
      vertex 4.309999999999999 7.62 6.9
      vertex 4.309999999999999 7.62 0
    endloop
  endfacet
  facet normal -0.7730104533627378 -0.6343932841636445 0
    outer loop
      vertex 4.163553390593273 7.973553390593274 6.9
      vertex 4.163553390593273 7.973553390593274 0
      vertex 4.225734806151271 7.897785116509802 6.9
    endloop
  endfacet
  facet normal -0.9951847266721969 -0.09801714032956084 -5.318535846983332e-20
    outer loop
      vertex 4.309999999999999 7.62 6.9
      vertex 4.300392640201614 7.717545161008064 6.9
      vertex 4.300392640201614 7.717545161008064 0
    endloop
  endfacet
  facet normal -0.956940335732208 -0.2902846772544653 0
    outer loop
      vertex 4.271939766255642 7.811341716182545 6.9
      vertex 4.271939766255642 7.811341716182545 0
      vertex 4.300392640201614 7.717545161008064 6.9
    endloop
  endfacet
  facet normal -0.8819212643483569 -0.4713967368259941 8.954796002950964e-21
    outer loop
      vertex 4.271939766255642 7.811341716182545 6.9
      vertex 4.225734806151271 7.897785116509802 6.9
      vertex 4.225734806151271 7.897785116509802 0
    endloop
  endfacet
  facet normal -0.47139673682599786 -0.8819212643483549 0
    outer loop
      vertex 4.0013417161825435 8.081939766255644 6.9
      vertex 4.0013417161825435 8.081939766255644 0
      vertex 4.087785116509799 8.035734806151273 6.9
    endloop
  endfacet
  facet normal -0.6343932841636455 -0.773010453362737 -4.0824167741263573e-19
    outer loop
      vertex 4.163553390593273 7.973553390593274 6.9
      vertex 4.087785116509799 8.035734806151273 6.9
      vertex 4.087785116509799 8.035734806151273 0
    endloop
  endfacet
  facet normal 0.928630929571133 0.28169711278060544 0.24143598177347966
    outer loop
      vertex 3.3480602337443552 7.428658283817455 6.9
      vertex 3.3196073597983835 7.522454838991936 6.9
      vertex 2.9272932476370914 7.444418710185484 8.5
    endloop
  endfacet
  facet normal 0.9657439270939181 0.09511747466313915 0.24143598177347952
    outer loop
      vertex 3.3196073597983835 7.522454838991936 6.9
      vertex 3.3099999999999987 7.62 6.9
      vertex 2.909999999999999 7.62 8.5
    endloop
  endfacet
  facet normal 0.9657439270939181 -0.09511747466313915 0.24143598177347952
    outer loop
      vertex 3.3099999999999987 7.62 6.9
      vertex 3.3196073597983835 7.717545161008064 6.9
      vertex 2.909999999999999 7.62 8.5
    endloop
  endfacet
  facet normal 0.928630929571133 -0.28169711278060544 0.2414359817734796
    outer loop
      vertex 3.3196073597983835 7.717545161008064 6.9
      vertex 3.3480602337443552 7.811341716182545 6.9
      vertex 2.9272932476370914 7.795581289814516 8.5
    endloop
  endfacet
  facet normal 0.8558311662071552 0.45745128883147446 0.24143598177347964
    outer loop
      vertex 3.3942651938487263 7.342214883490199 6.9
      vertex 2.978508420739841 7.2755849108714195 8.5
      vertex 3.061677348927708 7.119986790282358 8.5
    endloop
  endfacet
  facet normal 0.9286309295711324 0.2816971127806082 0.2414359817734794
    outer loop
      vertex 3.3480602337443552 7.428658283817455 6.9
      vertex 2.9272932476370914 7.444418710185484 8.5
      vertex 2.978508420739841 7.2755849108714195 8.5
    endloop
  endfacet
  facet normal 0.9657439270939181 0.09511747466313876 0.24143598177347958
    outer loop
      vertex 3.3196073597983835 7.522454838991936 6.9
      vertex 2.909999999999999 7.62 8.5
      vertex 2.9272932476370914 7.444418710185484 8.5
    endloop
  endfacet
  facet normal 0.9657439270939181 -0.09511747466313893 0.24143598177347958
    outer loop
      vertex 3.3196073597983835 7.717545161008064 6.9
      vertex 2.9272932476370914 7.795581289814516 8.5
      vertex 2.909999999999999 7.62 8.5
    endloop
  endfacet
  facet normal 0.9286309295711324 -0.28169711278060816 0.2414359817734794
    outer loop
      vertex 3.3480602337443552 7.811341716182545 6.9
      vertex 2.978508420739841 7.964415089128581 8.5
      vertex 2.9272932476370914 7.795581289814516 8.5
    endloop
  endfacet
  facet normal 0.8558311662071552 -0.45745128883147423 0.24143598177347964
    outer loop
      vertex 3.3942651938487263 7.897785116509802 6.9
      vertex 3.061677348927708 8.120013209717643 8.5
      vertex 2.978508420739841 7.964415089128581 8.5
    endloop
  endfacet
  facet normal 0.7501422910814823 0.6156258683941902 0.2414359817734797
    outer loop
      vertex 3.4564466094067248 7.266446609406726 6.9
      vertex 3.3942651938487263 7.342214883490199 6.9
      vertex 3.061677348927708 7.119986790282358 8.5
    endloop
  endfacet
  facet normal 0.457451288831475 0.8558311662071548 0.2414359817734797
    outer loop
      vertex 3.618658283817454 7.158060233744357 6.9
      vertex 3.5322148834901976 7.204265193848728 6.9
      vertex 3.465584910871418 6.788508420739842 8.5
    endloop
  endfacet
  facet normal 0.615625868394188 0.750142291081484 0.24143598177347952
    outer loop
      vertex 3.4564466094067248 7.266446609406726 6.9
      vertex 3.3099867902823568 6.87167734892771 8.5
      vertex 3.5322148834901976 7.204265193848728 6.9
    endloop
  endfacet
  facet normal 0.28169711278060955 0.9286309295711319 0.24143598177347975
    outer loop
      vertex 3.618658283817454 7.158060233744357 6.9
      vertex 3.6344187101854835 6.737293247637092 8.5
      vertex 3.7124548389919347 7.129607359798385 6.9
    endloop
  endfacet
  facet normal 0.09511747466313915 0.9657439270939181 0.24143598177347977
    outer loop
      vertex 3.7124548389919347 7.129607359798385 6.9
      vertex 3.8099999999999987 6.72 8.5
      vertex 3.8099999999999987 7.12 6.9
    endloop
  endfacet
  facet normal -0.09511747466313915 0.9657439270939181 0.2414359817734798
    outer loop
      vertex 3.8099999999999987 7.12 6.9
      vertex 3.8099999999999987 6.72 8.5
      vertex 3.9075451610080627 7.129607359798385 6.9
    endloop
  endfacet
  facet normal -0.28169711278060955 0.9286309295711319 0.24143598177347972
    outer loop
      vertex 3.9075451610080627 7.129607359798385 6.9
      vertex 3.985581289814514 6.737293247637092 8.5
      vertex 4.0013417161825435 7.158060233744357 6.9
    endloop
  endfacet
  facet normal -0.45745128883147684 0.8558311662071537 0.2414359817734796
    outer loop
      vertex 4.0013417161825435 7.158060233744357 6.9
      vertex 4.154415089128579 6.788508420739842 8.5
      vertex 4.087785116509799 7.204265193848728 6.9
    endloop
  endfacet
  facet normal -0.6156258683941859 0.7501422910814859 0.24143598177347964
    outer loop
      vertex 4.087785116509799 7.204265193848728 6.9
      vertex 4.31001320971764 6.87167734892771 8.5
      vertex 4.163553390593273 7.266446609406726 6.9
    endloop
  endfacet
  facet normal -0.7501422910814822 0.6156258683941901 0.24143598177347989
    outer loop
      vertex 4.163553390593273 7.266446609406726 6.9
      vertex 4.55832265107229 7.119986790282358 8.5
      vertex 4.225734806151271 7.342214883490199 6.9
    endloop
  endfacet
  facet normal 0.8558311662071538 0.45745128883147657 0.2414359817734794
    outer loop
      vertex 3.3480602337443552 7.428658283817455 6.9
      vertex 2.978508420739841 7.2755849108714195 8.5
      vertex 3.3942651938487263 7.342214883490199 6.9
    endloop
  endfacet
  facet normal 0.8558311662071539 -0.4574512888314767 0.2414359817734794
    outer loop
      vertex 3.3480602337443552 7.811341716182545 6.9
      vertex 3.3942651938487263 7.897785116509802 6.9
      vertex 2.978508420739841 7.964415089128581 8.5
    endloop
  endfacet
  facet normal 0.7501422910814823 -0.6156258683941902 0.2414359817734797
    outer loop
      vertex 3.3942651938487263 7.897785116509802 6.9
      vertex 3.4564466094067248 7.973553390593274 6.9
      vertex 3.061677348927708 8.120013209717643 8.5
    endloop
  endfacet
  facet normal 0.6156258683941934 -0.7501422910814799 0.241435981773479
    outer loop
      vertex 3.4564466094067248 7.973553390593274 6.9
      vertex 3.5322148834901976 8.035734806151273 6.9
      vertex 3.3099867902823568 8.36832265107229 8.5
    endloop
  endfacet
  facet normal 0.457451288831475 -0.8558311662071548 0.2414359817734797
    outer loop
      vertex 3.5322148834901976 8.035734806151273 6.9
      vertex 3.618658283817454 8.081939766255644 6.9
      vertex 3.465584910871418 8.451491579260159 8.5
    endloop
  endfacet
  facet normal 0.28169711278060144 -0.9286309295711344 0.2414359817734799
    outer loop
      vertex 3.618658283817454 8.081939766255644 6.9
      vertex 3.7124548389919347 8.110392640201615 6.9
      vertex 3.6344187101854835 8.502706752362908 8.5
    endloop
  endfacet
  facet normal 0.09511747466314789 -0.9657439270939175 0.2414359817734786
    outer loop
      vertex 3.7124548389919347 8.110392640201615 6.9
      vertex 3.8099999999999987 8.120000000000001 6.9
      vertex 3.8099999999999987 8.52 8.5
    endloop
  endfacet
  facet normal -0.09511747466314789 -0.9657439270939175 0.2414359817734786
    outer loop
      vertex 3.8099999999999987 8.120000000000001 6.9
      vertex 3.9075451610080627 8.110392640201615 6.9
      vertex 3.8099999999999987 8.52 8.5
    endloop
  endfacet
  facet normal -0.28169711278060144 -0.9286309295711344 0.24143598177347994
    outer loop
      vertex 3.9075451610080627 8.110392640201615 6.9
      vertex 4.0013417161825435 8.081939766255644 6.9
      vertex 3.985581289814514 8.502706752362908 8.5
    endloop
  endfacet
  facet normal -0.8558311662071557 0.45745128883147324 0.24143598177347972
    outer loop
      vertex 4.225734806151271 7.342214883490199 6.9
      vertex 4.6414915792601565 7.2755849108714195 8.5
      vertex 4.271939766255642 7.428658283817455 6.9
    endloop
  endfacet
  facet normal -0.9286309295711319 0.28169711278060955 0.2414359817734798
    outer loop
      vertex 4.271939766255642 7.428658283817455 6.9
      vertex 4.6927067523629065 7.444418710185484 8.5
      vertex 4.300392640201614 7.522454838991936 6.9
    endloop
  endfacet
  facet normal -0.9286309295711319 -0.28169711278060955 0.24143598177347983
    outer loop
      vertex 4.271939766255642 7.811341716182545 6.9
      vertex 4.300392640201614 7.717545161008064 6.9
      vertex 4.6927067523629065 7.795581289814516 8.5
    endloop
  endfacet
  facet normal -0.8558311662071557 -0.45745128883147324 0.24143598177347977
    outer loop
      vertex 4.271939766255642 7.811341716182545 6.9
      vertex 4.6414915792601565 7.964415089128581 8.5
      vertex 4.225734806151271 7.897785116509802 6.9
    endloop
  endfacet
  facet normal -0.9657439270939181 0.09511747466313915 0.2414359817734798
    outer loop
      vertex 4.300392640201614 7.522454838991936 6.9
      vertex 4.709999999999999 7.62 8.5
      vertex 4.309999999999999 7.62 6.9
    endloop
  endfacet
  facet normal -0.9657439270939181 -0.09511747466313915 0.2414359817734798
    outer loop
      vertex 4.309999999999999 7.62 6.9
      vertex 4.709999999999999 7.62 8.5
      vertex 4.300392640201614 7.717545161008064 6.9
    endloop
  endfacet
  facet normal -0.6156258683941912 -0.7501422910814817 0.24143598177347902
    outer loop
      vertex 4.163553390593273 7.973553390593274 6.9
      vertex 4.31001320971764 8.36832265107229 8.5
      vertex 4.087785116509799 8.035734806151273 6.9
    endloop
  endfacet
  facet normal -0.45745128883147684 -0.8558311662071537 0.2414359817734796
    outer loop
      vertex 4.0013417161825435 8.081939766255644 6.9
      vertex 4.087785116509799 8.035734806151273 6.9
      vertex 4.154415089128579 8.451491579260159 8.5
    endloop
  endfacet
  facet normal -0.7501422910814822 -0.6156258683941901 0.24143598177347989
    outer loop
      vertex 4.163553390593273 7.973553390593274 6.9
      vertex 4.225734806151271 7.897785116509802 6.9
      vertex 4.55832265107229 8.120013209717643 8.5
    endloop
  endfacet
  facet normal 0.28169711278060944 0.9286309295711318 0.24143598177347966
    outer loop
      vertex 3.618658283817454 7.158060233744357 6.9
      vertex 3.465584910871418 6.788508420739842 8.5
      vertex 3.6344187101854835 6.737293247637092 8.5
    endloop
  endfacet
  facet normal 0.6156258683941906 0.7501422910814821 0.24143598177347927
    outer loop
      vertex 3.4564466094067248 7.266446609406726 6.9
      vertex 3.173603896932106 6.983603896932108 8.5
      vertex 3.3099867902823568 6.87167734892771 8.5
    endloop
  endfacet
  facet normal 0.7501422910814801 0.6156258683941929 0.24143598177347939
    outer loop
      vertex 3.4564466094067248 7.266446609406726 6.9
      vertex 3.061677348927708 7.119986790282358 8.5
      vertex 3.173603896932106 6.983603896932108 8.5
    endloop
  endfacet
  facet normal 0.45745128883147734 0.8558311662071535 0.24143598177347944
    outer loop
      vertex 3.5322148834901976 7.204265193848728 6.9
      vertex 3.3099867902823568 6.87167734892771 8.5
      vertex 3.465584910871418 6.788508420739842 8.5
    endloop
  endfacet
  facet normal 0.09511747466313923 0.9657439270939182 0.2414359817734798
    outer loop
      vertex 3.7124548389919347 7.129607359798385 6.9
      vertex 3.6344187101854835 6.737293247637092 8.5
      vertex 3.8099999999999987 6.72 8.5
    endloop
  endfacet
  facet normal -0.09511747466313894 0.9657439270939182 0.2414359817734798
    outer loop
      vertex 3.9075451610080627 7.129607359798385 6.9
      vertex 3.8099999999999987 6.72 8.5
      vertex 3.985581289814514 6.737293247637092 8.5
    endloop
  endfacet
  facet normal -0.2816971127806095 0.9286309295711318 0.24143598177347972
    outer loop
      vertex 4.0013417161825435 7.158060233744357 6.9
      vertex 3.985581289814514 6.737293247637092 8.5
      vertex 4.154415089128579 6.788508420739842 8.5
    endloop
  endfacet
  facet normal -0.4574512888314784 0.8558311662071529 0.2414359817734795
    outer loop
      vertex 4.087785116509799 7.204265193848728 6.9
      vertex 4.154415089128579 6.788508420739842 8.5
      vertex 4.31001320971764 6.87167734892771 8.5
    endloop
  endfacet
  facet normal -0.6156258683941881 0.750142291081484 0.2414359817734794
    outer loop
      vertex 4.163553390593273 7.266446609406726 6.9
      vertex 4.31001320971764 6.87167734892771 8.5
      vertex 4.446396103067892 6.983603896932108 8.5
    endloop
  endfacet
  facet normal -0.75014229108148 0.6156258683941926 0.24143598177347952
    outer loop
      vertex 4.163553390593273 7.266446609406726 6.9
      vertex 4.446396103067892 6.983603896932108 8.5
      vertex 4.55832265107229 7.119986790282358 8.5
    endloop
  endfacet
  facet normal -0.8558311662071559 0.4574512888314724 0.24143598177347977
    outer loop
      vertex 4.225734806151271 7.342214883490199 6.9
      vertex 4.55832265107229 7.119986790282358 8.5
      vertex 4.6414915792601565 7.2755849108714195 8.5
    endloop
  endfacet
  facet normal 0.7501422910814801 -0.6156258683941929 0.24143598177347939
    outer loop
      vertex 3.4564466094067248 7.973553390593274 6.9
      vertex 3.173603896932106 8.256396103067893 8.5
      vertex 3.061677348927708 8.120013209717643 8.5
    endloop
  endfacet
  facet normal 0.6156258683941904 -0.7501422910814821 0.24143598177347927
    outer loop
      vertex 3.4564466094067248 7.973553390593274 6.9
      vertex 3.3099867902823568 8.36832265107229 8.5
      vertex 3.173603896932106 8.256396103067893 8.5
    endloop
  endfacet
  facet normal 0.4574512888314809 -0.8558311662071515 0.2414359817734791
    outer loop
      vertex 3.5322148834901976 8.035734806151273 6.9
      vertex 3.465584910871418 8.451491579260159 8.5
      vertex 3.3099867902823568 8.36832265107229 8.5
    endloop
  endfacet
  facet normal 0.281697112780605 -0.9286309295711332 0.2414359817734796
    outer loop
      vertex 3.618658283817454 8.081939766255644 6.9
      vertex 3.6344187101854835 8.502706752362908 8.5
      vertex 3.465584910871418 8.451491579260159 8.5
    endloop
  endfacet
  facet normal 0.09511747466313408 -0.9657439270939187 0.24143598177347966
    outer loop
      vertex 3.7124548389919347 8.110392640201615 6.9
      vertex 3.8099999999999987 8.52 8.5
      vertex 3.6344187101854835 8.502706752362908 8.5
    endloop
  endfacet
  facet normal -0.0951174746631343 -0.9657439270939187 0.24143598177347966
    outer loop
      vertex 3.9075451610080627 8.110392640201615 6.9
      vertex 3.985581289814514 8.502706752362908 8.5
      vertex 3.8099999999999987 8.52 8.5
    endloop
  endfacet
  facet normal -0.9286309295711317 0.28169711278061016 0.24143598177347975
    outer loop
      vertex 4.271939766255642 7.428658283817455 6.9
      vertex 4.6414915792601565 7.2755849108714195 8.5
      vertex 4.6927067523629065 7.444418710185484 8.5
    endloop
  endfacet
  facet normal -0.9657439270939181 0.0951174746631387 0.24143598177347983
    outer loop
      vertex 4.300392640201614 7.522454838991936 6.9
      vertex 4.6927067523629065 7.444418710185484 8.5
      vertex 4.709999999999999 7.62 8.5
    endloop
  endfacet
  facet normal -0.9657439270939181 -0.095117474663139 0.24143598177347986
    outer loop
      vertex 4.300392640201614 7.717545161008064 6.9
      vertex 4.709999999999999 7.62 8.5
      vertex 4.6927067523629065 7.795581289814516 8.5
    endloop
  endfacet
  facet normal -0.9286309295711317 -0.2816971127806101 0.2414359817734797
    outer loop
      vertex 4.271939766255642 7.811341716182545 6.9
      vertex 4.6927067523629065 7.795581289814516 8.5
      vertex 4.6414915792601565 7.964415089128581 8.5
    endloop
  endfacet
  facet normal -0.2816971127806053 -0.9286309295711332 0.2414359817734796
    outer loop
      vertex 4.0013417161825435 8.081939766255644 6.9
      vertex 4.154415089128579 8.451491579260159 8.5
      vertex 3.985581289814514 8.502706752362908 8.5
    endloop
  endfacet
  facet normal -0.45745128883148223 -0.855831166207151 0.24143598177347914
    outer loop
      vertex 4.087785116509799 8.035734806151273 6.9
      vertex 4.31001320971764 8.36832265107229 8.5
      vertex 4.154415089128579 8.451491579260159 8.5
    endloop
  endfacet
  facet normal -0.75014229108148 -0.6156258683941926 0.24143598177347958
    outer loop
      vertex 4.163553390593273 7.973553390593274 6.9
      vertex 4.55832265107229 8.120013209717643 8.5
      vertex 4.446396103067892 8.256396103067893 8.5
    endloop
  endfacet
  facet normal -0.6156258683941882 -0.7501422910814839 0.2414359817734793
    outer loop
      vertex 4.163553390593273 7.973553390593274 6.9
      vertex 4.446396103067892 8.256396103067893 8.5
      vertex 4.31001320971764 8.36832265107229 8.5
    endloop
  endfacet
  facet normal -0.8558311662071559 -0.4574512888314724 0.24143598177347977
    outer loop
      vertex 4.225734806151271 7.897785116509802 6.9
      vertex 4.6414915792601565 7.964415089128581 8.5
      vertex 4.55832265107229 8.120013209717643 8.5
    endloop
  endfacet
  facet normal 0.63439328416364 0.7730104533627414 0
    outer loop
      vertex 5.996446609406726 7.266446609406726 6.9
      vertex 6.072214883490199 7.204265193848728 0
      vertex 5.996446609406726 7.266446609406726 0
    endloop
  endfacet
  facet normal 0.47139673682599786 0.8819212643483549 0
    outer loop
      vertex 6.072214883490199 7.204265193848728 6.9
      vertex 6.158658283817455 7.158060233744357 0
      vertex 6.072214883490199 7.204265193848728 0
    endloop
  endfacet
  facet normal 0.2902846772544653 0.956940335732208 0
    outer loop
      vertex 6.158658283817455 7.158060233744357 6.9
      vertex 6.252454838991936 7.129607359798385 0
      vertex 6.158658283817455 7.158060233744357 0
    endloop
  endfacet
  facet normal 0.09801714032956084 0.9951847266721969 0
    outer loop
      vertex 6.252454838991936 7.129607359798385 6.9
      vertex 6.35 7.12 0
      vertex 6.252454838991936 7.129607359798385 0
    endloop
  endfacet
  facet normal -0.09801714032956084 0.9951847266721969 0
    outer loop
      vertex 6.35 7.12 6.9
      vertex 6.447545161008064 7.129607359798385 0
      vertex 6.35 7.12 0
    endloop
  endfacet
  facet normal 0.8819212643483569 0.4713967368259941 0
    outer loop
      vertex 5.888060233744357 7.428658283817455 6.9
      vertex 5.934265193848727 7.342214883490199 0
      vertex 5.888060233744357 7.428658283817455 0
    endloop
  endfacet
  facet normal 0.7730104533627378 0.6343932841636445 0
    outer loop
      vertex 5.934265193848727 7.342214883490199 6.9
      vertex 5.996446609406726 7.266446609406726 0
      vertex 5.934265193848727 7.342214883490199 0
    endloop
  endfacet
  facet normal 0.956940335732208 0.2902846772544653 0
    outer loop
      vertex 5.859607359798384 7.522454838991936 6.9
      vertex 5.888060233744357 7.428658283817455 0
      vertex 5.859607359798384 7.522454838991936 0
    endloop
  endfacet
  facet normal 0.9951847266721969 0.09801714032956084 0
    outer loop
      vertex 5.85 7.62 6.9
      vertex 5.859607359798384 7.522454838991936 0
      vertex 5.85 7.62 0
    endloop
  endfacet
  facet normal 0.9951847266721969 -0.09801714032956084 0
    outer loop
      vertex 5.859607359798384 7.717545161008064 6.9
      vertex 5.85 7.62 0
      vertex 5.859607359798384 7.717545161008064 0
    endloop
  endfacet
  facet normal 0.956940335732208 -0.2902846772544653 0
    outer loop
      vertex 5.888060233744357 7.811341716182545 6.9
      vertex 5.859607359798384 7.717545161008064 0
      vertex 5.888060233744357 7.811341716182545 0
    endloop
  endfacet
  facet normal 0.8819212643483569 -0.4713967368259941 0
    outer loop
      vertex 5.934265193848727 7.897785116509802 6.9
      vertex 5.888060233744357 7.811341716182545 0
      vertex 5.934265193848727 7.897785116509802 0
    endloop
  endfacet
  facet normal 0.7730104533627378 -0.6343932841636445 0
    outer loop
      vertex 5.996446609406726 7.973553390593274 6.9
      vertex 5.934265193848727 7.897785116509802 0
      vertex 5.996446609406726 7.973553390593274 0
    endloop
  endfacet
  facet normal 0.6343932841636455 -0.773010453362737 0
    outer loop
      vertex 6.072214883490199 8.035734806151273 6.9
      vertex 5.996446609406726 7.973553390593274 0
      vertex 6.072214883490199 8.035734806151273 0
    endloop
  endfacet
  facet normal 0.47139673682599786 -0.8819212643483549 0
    outer loop
      vertex 6.158658283817455 8.081939766255644 6.9
      vertex 6.072214883490199 8.035734806151273 0
      vertex 6.158658283817455 8.081939766255644 0
    endloop
  endfacet
  facet normal 0.290284677254457 -0.9569403357322105 0
    outer loop
      vertex 6.252454838991936 8.110392640201615 6.9
      vertex 6.158658283817455 8.081939766255644 0
      vertex 6.252454838991936 8.110392640201615 0
    endloop
  endfacet
  facet normal 0.09801714032956982 -0.9951847266721959 0
    outer loop
      vertex 6.35 8.120000000000001 6.9
      vertex 6.252454838991936 8.110392640201615 0
      vertex 6.35 8.120000000000001 0
    endloop
  endfacet
  facet normal -0.09801714032956982 -0.9951847266721959 0
    outer loop
      vertex 6.447545161008064 8.110392640201615 6.9
      vertex 6.35 8.120000000000001 0
      vertex 6.447545161008064 8.110392640201615 0
    endloop
  endfacet
  facet normal -0.2902846772544653 0.956940335732208 0
    outer loop
      vertex 6.447545161008064 7.129607359798385 6.9
      vertex 6.5413417161825445 7.158060233744357 0
      vertex 6.447545161008064 7.129607359798385 0
    endloop
  endfacet
  facet normal -0.47139673682599786 0.8819212643483549 0
    outer loop
      vertex 6.5413417161825445 7.158060233744357 6.9
      vertex 6.6277851165098 7.204265193848728 0
      vertex 6.5413417161825445 7.158060233744357 0
    endloop
  endfacet
  facet normal -0.63439328416364 0.7730104533627414 0
    outer loop
      vertex 6.6277851165098 7.204265193848728 6.9
      vertex 6.703553390593274 7.266446609406726 0
      vertex 6.6277851165098 7.204265193848728 0
    endloop
  endfacet
  facet normal -0.7730104533627378 0.6343932841636445 0
    outer loop
      vertex 6.703553390593274 7.266446609406726 6.9
      vertex 6.765734806151272 7.342214883490199 0
      vertex 6.703553390593274 7.266446609406726 0
    endloop
  endfacet
  facet normal -0.8819212643483569 0.4713967368259941 0
    outer loop
      vertex 6.765734806151272 7.342214883490199 6.9
      vertex 6.811939766255643 7.428658283817455 0
      vertex 6.765734806151272 7.342214883490199 0
    endloop
  endfacet
  facet normal -0.956940335732208 0.2902846772544653 0
    outer loop
      vertex 6.811939766255643 7.428658283817455 6.9
      vertex 6.840392640201615 7.522454838991936 0
      vertex 6.811939766255643 7.428658283817455 0
    endloop
  endfacet
  facet normal -0.9951847266721969 0.09801714032956084 0
    outer loop
      vertex 6.840392640201615 7.522454838991936 6.9
      vertex 6.85 7.62 0
      vertex 6.840392640201615 7.522454838991936 0
    endloop
  endfacet
  facet normal -0.9951847266721969 -0.09801714032956084 0
    outer loop
      vertex 6.85 7.62 6.9
      vertex 6.840392640201615 7.717545161008064 0
      vertex 6.85 7.62 0
    endloop
  endfacet
  facet normal -0.956940335732208 -0.2902846772544653 0
    outer loop
      vertex 6.840392640201615 7.717545161008064 6.9
      vertex 6.811939766255643 7.811341716182545 0
      vertex 6.840392640201615 7.717545161008064 0
    endloop
  endfacet
  facet normal -0.7730104533627378 -0.6343932841636445 0
    outer loop
      vertex 6.765734806151272 7.897785116509802 6.9
      vertex 6.703553390593274 7.973553390593274 0
      vertex 6.765734806151272 7.897785116509802 0
    endloop
  endfacet
  facet normal -0.8819212643483569 -0.4713967368259941 0
    outer loop
      vertex 6.811939766255643 7.811341716182545 6.9
      vertex 6.765734806151272 7.897785116509802 0
      vertex 6.811939766255643 7.811341716182545 0
    endloop
  endfacet
  facet normal -0.290284677254457 -0.9569403357322105 0
    outer loop
      vertex 6.5413417161825445 8.081939766255644 6.9
      vertex 6.447545161008064 8.110392640201615 0
      vertex 6.5413417161825445 8.081939766255644 0
    endloop
  endfacet
  facet normal -0.47139673682599786 -0.8819212643483549 0
    outer loop
      vertex 6.6277851165098 8.035734806151273 6.9
      vertex 6.5413417161825445 8.081939766255644 0
      vertex 6.6277851165098 8.035734806151273 0
    endloop
  endfacet
  facet normal -0.6343932841636455 -0.773010453362737 0
    outer loop
      vertex 6.703553390593274 7.973553390593274 6.9
      vertex 6.6277851165098 8.035734806151273 0
      vertex 6.703553390593274 7.973553390593274 0
    endloop
  endfacet
  facet normal 0.63439328416364 0.7730104533627414 3.4420304814083e-19
    outer loop
      vertex 5.996446609406726 7.266446609406726 6.9
      vertex 6.072214883490199 7.204265193848728 6.9
      vertex 6.072214883490199 7.204265193848728 0
    endloop
  endfacet
  facet normal 0.47139673682599786 0.8819212643483549 4.114971715727178e-19
    outer loop
      vertex 6.072214883490199 7.204265193848728 6.9
      vertex 6.158658283817455 7.158060233744357 6.9
      vertex 6.158658283817455 7.158060233744357 0
    endloop
  endfacet
  facet normal 0.2902846772544653 0.956940335732208 2.980914899402578e-19
    outer loop
      vertex 6.158658283817455 7.158060233744357 6.9
      vertex 6.252454838991936 7.129607359798385 6.9
      vertex 6.252454838991936 7.129607359798385 0
    endloop
  endfacet
  facet normal 0.09801714032956084 0.9951847266721969 -5.318535846983332e-20
    outer loop
      vertex 6.252454838991936 7.129607359798385 6.9
      vertex 6.35 7.12 6.9
      vertex 6.35 7.12 0
    endloop
  endfacet
  facet normal -0.09801714032956084 0.9951847266721969 5.318535846983332e-20
    outer loop
      vertex 6.35 7.12 6.9
      vertex 6.447545161008064 7.129607359798385 6.9
      vertex 6.447545161008064 7.129607359798385 0
    endloop
  endfacet
  facet normal 0.8819212643483569 0.4713967368259941 8.954796002950964e-21
    outer loop
      vertex 5.888060233744357 7.428658283817455 6.9
      vertex 5.934265193848727 7.342214883490199 6.9
      vertex 5.934265193848727 7.342214883490199 0
    endloop
  endfacet
  facet normal 0.7730104533627378 0.6343932841636445 -7.417959729632666e-20
    outer loop
      vertex 5.934265193848727 7.342214883490199 6.9
      vertex 5.996446609406726 7.266446609406726 6.9
      vertex 5.996446609406726 7.266446609406726 0
    endloop
  endfacet
  facet normal 0.956940335732208 0.2902846772544653 0
    outer loop
      vertex 5.888060233744357 7.428658283817455 6.9
      vertex 5.888060233744357 7.428658283817455 0
      vertex 5.859607359798384 7.522454838991936 6.9
    endloop
  endfacet
  facet normal 0.9951847266721969 0.09801714032956084 0
    outer loop
      vertex 5.859607359798384 7.522454838991936 6.9
      vertex 5.859607359798384 7.522454838991936 0
      vertex 5.85 7.62 6.9
    endloop
  endfacet
  facet normal 0.9951847266721969 -0.09801714032956084 0
    outer loop
      vertex 5.85 7.62 6.9
      vertex 5.85 7.62 0
      vertex 5.859607359798384 7.717545161008064 6.9
    endloop
  endfacet
  facet normal 0.956940335732208 -0.2902846772544653 0
    outer loop
      vertex 5.859607359798384 7.717545161008064 6.9
      vertex 5.859607359798384 7.717545161008064 0
      vertex 5.888060233744357 7.811341716182545 6.9
    endloop
  endfacet
  facet normal 0.8819212643483569 -0.4713967368259941 0
    outer loop
      vertex 5.888060233744357 7.811341716182545 6.9
      vertex 5.888060233744357 7.811341716182545 0
      vertex 5.934265193848727 7.897785116509802 6.9
    endloop
  endfacet
  facet normal 0.7730104533627378 -0.6343932841636445 0
    outer loop
      vertex 5.934265193848727 7.897785116509802 6.9
      vertex 5.934265193848727 7.897785116509802 0
      vertex 5.996446609406726 7.973553390593274 6.9
    endloop
  endfacet
  facet normal 0.6343932841636455 -0.773010453362737 0
    outer loop
      vertex 5.996446609406726 7.973553390593274 6.9
      vertex 5.996446609406726 7.973553390593274 0
      vertex 6.072214883490199 8.035734806151273 6.9
    endloop
  endfacet
  facet normal 0.47139673682599786 -0.8819212643483549 0
    outer loop
      vertex 6.072214883490199 8.035734806151273 6.9
      vertex 6.072214883490199 8.035734806151273 0
      vertex 6.158658283817455 8.081939766255644 6.9
    endloop
  endfacet
  facet normal 0.290284677254457 -0.9569403357322105 0
    outer loop
      vertex 6.158658283817455 8.081939766255644 6.9
      vertex 6.158658283817455 8.081939766255644 0
      vertex 6.252454838991936 8.110392640201615 6.9
    endloop
  endfacet
  facet normal 0.09801714032956982 -0.9951847266721959 0
    outer loop
      vertex 6.252454838991936 8.110392640201615 6.9
      vertex 6.252454838991936 8.110392640201615 0
      vertex 6.35 8.120000000000001 6.9
    endloop
  endfacet
  facet normal -0.09801714032956982 -0.9951847266721959 0
    outer loop
      vertex 6.35 8.120000000000001 6.9
      vertex 6.35 8.120000000000001 0
      vertex 6.447545161008064 8.110392640201615 6.9
    endloop
  endfacet
  facet normal -0.2902846772544653 0.956940335732208 -2.980914899402578e-19
    outer loop
      vertex 6.447545161008064 7.129607359798385 6.9
      vertex 6.5413417161825445 7.158060233744357 6.9
      vertex 6.5413417161825445 7.158060233744357 0
    endloop
  endfacet
  facet normal -0.47139673682599786 0.8819212643483549 -4.114971715727178e-19
    outer loop
      vertex 6.5413417161825445 7.158060233744357 6.9
      vertex 6.6277851165098 7.204265193848728 6.9
      vertex 6.6277851165098 7.204265193848728 0
    endloop
  endfacet
  facet normal -0.63439328416364 0.7730104533627414 -3.4420304814083e-19
    outer loop
      vertex 6.6277851165098 7.204265193848728 6.9
      vertex 6.703553390593274 7.266446609406726 6.9
      vertex 6.703553390593274 7.266446609406726 0
    endloop
  endfacet
  facet normal -0.7730104533627378 0.6343932841636445 7.417959729632666e-20
    outer loop
      vertex 6.703553390593274 7.266446609406726 6.9
      vertex 6.765734806151272 7.342214883490199 6.9
      vertex 6.765734806151272 7.342214883490199 0
    endloop
  endfacet
  facet normal -0.8819212643483569 0.4713967368259941 -8.954796002950964e-21
    outer loop
      vertex 6.765734806151272 7.342214883490199 6.9
      vertex 6.811939766255643 7.428658283817455 6.9
      vertex 6.811939766255643 7.428658283817455 0
    endloop
  endfacet
  facet normal -0.956940335732208 0.2902846772544653 -2.980914899402578e-19
    outer loop
      vertex 6.811939766255643 7.428658283817455 6.9
      vertex 6.840392640201615 7.522454838991936 6.9
      vertex 6.840392640201615 7.522454838991936 0
    endloop
  endfacet
  facet normal -0.9951847266721969 0.09801714032956084 5.318535846983332e-20
    outer loop
      vertex 6.840392640201615 7.522454838991936 6.9
      vertex 6.85 7.62 6.9
      vertex 6.85 7.62 0
    endloop
  endfacet
  facet normal -0.9951847266721969 -0.09801714032956084 -5.318535846983332e-20
    outer loop
      vertex 6.85 7.62 6.9
      vertex 6.840392640201615 7.717545161008064 6.9
      vertex 6.840392640201615 7.717545161008064 0
    endloop
  endfacet
  facet normal -0.956940335732208 -0.2902846772544653 2.980914899402578e-19
    outer loop
      vertex 6.840392640201615 7.717545161008064 6.9
      vertex 6.811939766255643 7.811341716182545 6.9
      vertex 6.811939766255643 7.811341716182545 0
    endloop
  endfacet
  facet normal -0.7730104533627378 -0.6343932841636445 0
    outer loop
      vertex 6.703553390593274 7.973553390593274 6.9
      vertex 6.703553390593274 7.973553390593274 0
      vertex 6.765734806151272 7.897785116509802 6.9
    endloop
  endfacet
  facet normal -0.8819212643483569 -0.4713967368259941 8.954796002950964e-21
    outer loop
      vertex 6.811939766255643 7.811341716182545 6.9
      vertex 6.765734806151272 7.897785116509802 6.9
      vertex 6.765734806151272 7.897785116509802 0
    endloop
  endfacet
  facet normal -0.290284677254457 -0.9569403357322105 0
    outer loop
      vertex 6.447545161008064 8.110392640201615 6.9
      vertex 6.447545161008064 8.110392640201615 0
      vertex 6.5413417161825445 8.081939766255644 6.9
    endloop
  endfacet
  facet normal -0.47139673682599786 -0.8819212643483549 0
    outer loop
      vertex 6.5413417161825445 8.081939766255644 6.9
      vertex 6.5413417161825445 8.081939766255644 0
      vertex 6.6277851165098 8.035734806151273 6.9
    endloop
  endfacet
  facet normal -0.6343932841636455 -0.773010453362737 -4.0824167741263573e-19
    outer loop
      vertex 6.703553390593274 7.973553390593274 6.9
      vertex 6.6277851165098 8.035734806151273 6.9
      vertex 6.6277851165098 8.035734806151273 0
    endloop
  endfacet
  facet normal 0.7501422910814822 0.6156258683941901 0.24143598177347989
    outer loop
      vertex 5.934265193848727 7.342214883490199 6.9
      vertex 5.6016773489277085 7.119986790282358 8.5
      vertex 5.996446609406726 7.266446609406726 6.9
    endloop
  endfacet
  facet normal 0.6156258683941859 0.7501422910814859 0.24143598177347964
    outer loop
      vertex 5.996446609406726 7.266446609406726 6.9
      vertex 5.849986790282358 6.87167734892771 8.5
      vertex 6.072214883490199 7.204265193848728 6.9
    endloop
  endfacet
  facet normal 0.45745128883147684 0.8558311662071537 0.2414359817734796
    outer loop
      vertex 6.072214883490199 7.204265193848728 6.9
      vertex 6.005584910871419 6.788508420739842 8.5
      vertex 6.158658283817455 7.158060233744357 6.9
    endloop
  endfacet
  facet normal 0.28169711278060955 0.9286309295711319 0.24143598177347983
    outer loop
      vertex 6.158658283817455 7.158060233744357 6.9
      vertex 6.174418710185484 6.737293247637092 8.5
      vertex 6.252454838991936 7.129607359798385 6.9
    endloop
  endfacet
  facet normal 0.09511747466313915 0.9657439270939181 0.24143598177347977
    outer loop
      vertex 6.252454838991936 7.129607359798385 6.9
      vertex 6.35 6.72 8.5
      vertex 6.35 7.12 6.9
    endloop
  endfacet
  facet normal -0.09511747466313915 0.9657439270939181 0.2414359817734798
    outer loop
      vertex 6.35 7.12 6.9
      vertex 6.35 6.72 8.5
      vertex 6.447545161008064 7.129607359798385 6.9
    endloop
  endfacet
  facet normal 0.8558311662071557 0.45745128883147324 0.24143598177347977
    outer loop
      vertex 5.888060233744357 7.428658283817455 6.9
      vertex 5.518508420739842 7.2755849108714195 8.5
      vertex 5.934265193848727 7.342214883490199 6.9
    endloop
  endfacet
  facet normal 0.9286309295711319 0.28169711278060955 0.24143598177347983
    outer loop
      vertex 5.888060233744357 7.428658283817455 6.9
      vertex 5.859607359798384 7.522454838991936 6.9
      vertex 5.467293247637092 7.444418710185484 8.5
    endloop
  endfacet
  facet normal 0.9657439270939181 0.09511747466313915 0.24143598177347977
    outer loop
      vertex 5.859607359798384 7.522454838991936 6.9
      vertex 5.85 7.62 6.9
      vertex 5.449999999999999 7.62 8.5
    endloop
  endfacet
  facet normal 0.9657439270939181 -0.09511747466313915 0.2414359817734798
    outer loop
      vertex 5.85 7.62 6.9
      vertex 5.859607359798384 7.717545161008064 6.9
      vertex 5.449999999999999 7.62 8.5
    endloop
  endfacet
  facet normal 0.9286309295711319 -0.28169711278060955 0.2414359817734798
    outer loop
      vertex 5.859607359798384 7.717545161008064 6.9
      vertex 5.888060233744357 7.811341716182545 6.9
      vertex 5.467293247637092 7.795581289814516 8.5
    endloop
  endfacet
  facet normal 0.8558311662071557 -0.45745128883147324 0.24143598177347977
    outer loop
      vertex 5.888060233744357 7.811341716182545 6.9
      vertex 5.934265193848727 7.897785116509802 6.9
      vertex 5.518508420739842 7.964415089128581 8.5
    endloop
  endfacet
  facet normal 0.7501422910814822 -0.6156258683941901 0.24143598177347989
    outer loop
      vertex 5.934265193848727 7.897785116509802 6.9
      vertex 5.996446609406726 7.973553390593274 6.9
      vertex 5.6016773489277085 8.120013209717643 8.5
    endloop
  endfacet
  facet normal 0.6156258683941912 -0.7501422910814817 0.24143598177347902
    outer loop
      vertex 5.996446609406726 7.973553390593274 6.9
      vertex 6.072214883490199 8.035734806151273 6.9
      vertex 5.849986790282358 8.36832265107229 8.5
    endloop
  endfacet
  facet normal 0.45745128883147684 -0.8558311662071537 0.2414359817734796
    outer loop
      vertex 6.072214883490199 8.035734806151273 6.9
      vertex 6.158658283817455 8.081939766255644 6.9
      vertex 6.005584910871419 8.451491579260159 8.5
    endloop
  endfacet
  facet normal 0.28169711278060144 -0.9286309295711344 0.24143598177348
    outer loop
      vertex 6.158658283817455 8.081939766255644 6.9
      vertex 6.252454838991936 8.110392640201615 6.9
      vertex 6.174418710185484 8.502706752362908 8.5
    endloop
  endfacet
  facet normal 0.09511747466314789 -0.9657439270939175 0.2414359817734786
    outer loop
      vertex 6.252454838991936 8.110392640201615 6.9
      vertex 6.35 8.120000000000001 6.9
      vertex 6.35 8.52 8.5
    endloop
  endfacet
  facet normal -0.09511747466314789 -0.9657439270939175 0.2414359817734786
    outer loop
      vertex 6.35 8.120000000000001 6.9
      vertex 6.447545161008064 8.110392640201615 6.9
      vertex 6.35 8.52 8.5
    endloop
  endfacet
  facet normal 0.8558311662071559 0.4574512888314724 0.24143598177347977
    outer loop
      vertex 5.934265193848727 7.342214883490199 6.9
      vertex 5.518508420739842 7.2755849108714195 8.5
      vertex 5.6016773489277085 7.119986790282358 8.5
    endloop
  endfacet
  facet normal 0.75014229108148 0.6156258683941926 0.24143598177347958
    outer loop
      vertex 5.996446609406726 7.266446609406726 6.9
      vertex 5.6016773489277085 7.119986790282358 8.5
      vertex 5.713603896932106 6.983603896932108 8.5
    endloop
  endfacet
  facet normal 0.6156258683941882 0.7501422910814839 0.2414359817734793
    outer loop
      vertex 5.996446609406726 7.266446609406726 6.9
      vertex 5.713603896932106 6.983603896932108 8.5
      vertex 5.849986790282358 6.87167734892771 8.5
    endloop
  endfacet
  facet normal 0.45745128883147834 0.8558311662071529 0.24143598177347947
    outer loop
      vertex 6.072214883490199 7.204265193848728 6.9
      vertex 5.849986790282358 6.87167734892771 8.5
      vertex 6.005584910871419 6.788508420739842 8.5
    endloop
  endfacet
  facet normal 0.2816971127806101 0.9286309295711317 0.2414359817734797
    outer loop
      vertex 6.158658283817455 7.158060233744357 6.9
      vertex 6.005584910871419 6.788508420739842 8.5
      vertex 6.174418710185484 6.737293247637092 8.5
    endloop
  endfacet
  facet normal 0.095117474663139 0.9657439270939181 0.24143598177347986
    outer loop
      vertex 6.252454838991936 7.129607359798385 6.9
      vertex 6.174418710185484 6.737293247637092 8.5
      vertex 6.35 6.72 8.5
    endloop
  endfacet
  facet normal -0.0951174746631387 0.9657439270939181 0.24143598177347983
    outer loop
      vertex 6.447545161008064 7.129607359798385 6.9
      vertex 6.35 6.72 8.5
      vertex 6.525581289814515 6.737293247637092 8.5
    endloop
  endfacet
  facet normal 0.9286309295711317 0.2816971127806101 0.2414359817734797
    outer loop
      vertex 5.888060233744357 7.428658283817455 6.9
      vertex 5.467293247637092 7.444418710185484 8.5
      vertex 5.518508420739842 7.2755849108714195 8.5
    endloop
  endfacet
  facet normal 0.9657439270939181 0.095117474663139 0.24143598177347986
    outer loop
      vertex 5.859607359798384 7.522454838991936 6.9
      vertex 5.449999999999999 7.62 8.5
      vertex 5.467293247637092 7.444418710185484 8.5
    endloop
  endfacet
  facet normal 0.9657439270939181 -0.0951174746631387 0.24143598177347983
    outer loop
      vertex 5.859607359798384 7.717545161008064 6.9
      vertex 5.467293247637092 7.795581289814516 8.5
      vertex 5.449999999999999 7.62 8.5
    endloop
  endfacet
  facet normal 0.9286309295711317 -0.28169711278061016 0.24143598177347975
    outer loop
      vertex 5.888060233744357 7.811341716182545 6.9
      vertex 5.518508420739842 7.964415089128581 8.5
      vertex 5.467293247637092 7.795581289814516 8.5
    endloop
  endfacet
  facet normal 0.8558311662071559 -0.4574512888314724 0.24143598177347977
    outer loop
      vertex 5.934265193848727 7.897785116509802 6.9
      vertex 5.6016773489277085 8.120013209717643 8.5
      vertex 5.518508420739842 7.964415089128581 8.5
    endloop
  endfacet
  facet normal 0.75014229108148 -0.6156258683941926 0.24143598177347952
    outer loop
      vertex 5.996446609406726 7.973553390593274 6.9
      vertex 5.713603896932106 8.256396103067893 8.5
      vertex 5.6016773489277085 8.120013209717643 8.5
    endloop
  endfacet
  facet normal 0.6156258683941881 -0.750142291081484 0.2414359817734794
    outer loop
      vertex 5.996446609406726 7.973553390593274 6.9
      vertex 5.849986790282358 8.36832265107229 8.5
      vertex 5.713603896932106 8.256396103067893 8.5
    endloop
  endfacet
  facet normal 0.457451288831482 -0.8558311662071512 0.2414359817734792
    outer loop
      vertex 6.072214883490199 8.035734806151273 6.9
      vertex 6.005584910871419 8.451491579260159 8.5
      vertex 5.849986790282358 8.36832265107229 8.5
    endloop
  endfacet
  facet normal 0.2816971127806057 -0.928630929571133 0.24143598177347964
    outer loop
      vertex 6.158658283817455 8.081939766255644 6.9
      vertex 6.174418710185484 8.502706752362908 8.5
      vertex 6.005584910871419 8.451491579260159 8.5
    endloop
  endfacet
  facet normal 0.09511747466313386 -0.9657439270939187 0.24143598177347972
    outer loop
      vertex 6.252454838991936 8.110392640201615 6.9
      vertex 6.35 8.52 8.5
      vertex 6.174418710185484 8.502706752362908 8.5
    endloop
  endfacet
  facet normal -0.0951174746631341 -0.9657439270939187 0.24143598177347977
    outer loop
      vertex 6.447545161008064 8.110392640201615 6.9
      vertex 6.525581289814515 8.502706752362908 8.5
      vertex 6.35 8.52 8.5
    endloop
  endfacet
  facet normal -0.28169711278060955 0.9286309295711319 0.2414359817734798
    outer loop
      vertex 6.447545161008064 7.129607359798385 6.9
      vertex 6.525581289814515 6.737293247637092 8.5
      vertex 6.5413417161825445 7.158060233744357 6.9
    endloop
  endfacet
  facet normal -0.45745128883147684 0.8558311662071537 0.2414359817734796
    outer loop
      vertex 6.5413417161825445 7.158060233744357 6.9
      vertex 6.69441508912858 6.788508420739842 8.5
      vertex 6.6277851165098 7.204265193848728 6.9
    endloop
  endfacet
  facet normal -0.6156258683941859 0.7501422910814859 0.24143598177347964
    outer loop
      vertex 6.6277851165098 7.204265193848728 6.9
      vertex 6.850013209717641 6.87167734892771 8.5
      vertex 6.703553390593274 7.266446609406726 6.9
    endloop
  endfacet
  facet normal -0.7501422910814822 0.6156258683941901 0.24143598177347989
    outer loop
      vertex 6.703553390593274 7.266446609406726 6.9
      vertex 7.098322651072291 7.119986790282358 8.5
      vertex 6.765734806151272 7.342214883490199 6.9
    endloop
  endfacet
  facet normal -0.8558311662071557 0.45745128883147324 0.24143598177347972
    outer loop
      vertex 6.765734806151272 7.342214883490199 6.9
      vertex 7.1814915792601575 7.2755849108714195 8.5
      vertex 6.811939766255643 7.428658283817455 6.9
    endloop
  endfacet
  facet normal -0.9286309295711319 0.28169711278060955 0.2414359817734798
    outer loop
      vertex 6.811939766255643 7.428658283817455 6.9
      vertex 7.232706752362907 7.444418710185484 8.5
      vertex 6.840392640201615 7.522454838991936 6.9
    endloop
  endfacet
  facet normal -0.9657439270939181 0.09511747466313915 0.2414359817734798
    outer loop
      vertex 6.840392640201615 7.522454838991936 6.9
      vertex 7.25 7.62 8.5
      vertex 6.85 7.62 6.9
    endloop
  endfacet
  facet normal -0.9657439270939181 -0.09511747466313915 0.2414359817734798
    outer loop
      vertex 6.85 7.62 6.9
      vertex 7.25 7.62 8.5
      vertex 6.840392640201615 7.717545161008064 6.9
    endloop
  endfacet
  facet normal -0.9286309295711319 -0.28169711278060955 0.2414359817734798
    outer loop
      vertex 6.840392640201615 7.717545161008064 6.9
      vertex 7.232706752362907 7.795581289814516 8.5
      vertex 6.811939766255643 7.811341716182545 6.9
    endloop
  endfacet
  facet normal -0.8558311662071557 -0.45745128883147324 0.24143598177347977
    outer loop
      vertex 6.811939766255643 7.811341716182545 6.9
      vertex 7.1814915792601575 7.964415089128581 8.5
      vertex 6.765734806151272 7.897785116509802 6.9
    endloop
  endfacet
  facet normal -0.28169711278060144 -0.9286309295711344 0.24143598177348
    outer loop
      vertex 6.447545161008064 8.110392640201615 6.9
      vertex 6.5413417161825445 8.081939766255644 6.9
      vertex 6.525581289814515 8.502706752362908 8.5
    endloop
  endfacet
  facet normal -0.45745128883147684 -0.8558311662071537 0.2414359817734796
    outer loop
      vertex 6.5413417161825445 8.081939766255644 6.9
      vertex 6.6277851165098 8.035734806151273 6.9
      vertex 6.69441508912858 8.451491579260159 8.5
    endloop
  endfacet
  facet normal -0.6156258683941912 -0.7501422910814817 0.24143598177347902
    outer loop
      vertex 6.703553390593274 7.973553390593274 6.9
      vertex 6.850013209717641 8.36832265107229 8.5
      vertex 6.6277851165098 8.035734806151273 6.9
    endloop
  endfacet
  facet normal -0.7501422910814822 -0.6156258683941901 0.24143598177347989
    outer loop
      vertex 6.703553390593274 7.973553390593274 6.9
      vertex 6.765734806151272 7.897785116509802 6.9
      vertex 7.098322651072291 8.120013209717643 8.5
    endloop
  endfacet
  facet normal -0.28169711278061016 0.9286309295711317 0.24143598177347975
    outer loop
      vertex 6.5413417161825445 7.158060233744357 6.9
      vertex 6.525581289814515 6.737293247637092 8.5
      vertex 6.69441508912858 6.788508420739842 8.5
    endloop
  endfacet
  facet normal -0.4574512888314784 0.8558311662071529 0.2414359817734795
    outer loop
      vertex 6.6277851165098 7.204265193848728 6.9
      vertex 6.69441508912858 6.788508420739842 8.5
      vertex 6.850013209717641 6.87167734892771 8.5
    endloop
  endfacet
  facet normal -0.6156258683941881 0.750142291081484 0.2414359817734794
    outer loop
      vertex 6.703553390593274 7.266446609406726 6.9
      vertex 6.850013209717641 6.87167734892771 8.5
      vertex 6.986396103067893 6.983603896932108 8.5
    endloop
  endfacet
  facet normal -0.75014229108148 0.6156258683941926 0.24143598177347952
    outer loop
      vertex 6.703553390593274 7.266446609406726 6.9
      vertex 6.986396103067893 6.983603896932108 8.5
      vertex 7.098322651072291 7.119986790282358 8.5
    endloop
  endfacet
  facet normal -0.8558311662071559 0.4574512888314724 0.24143598177347977
    outer loop
      vertex 6.765734806151272 7.342214883490199 6.9
      vertex 7.098322651072291 7.119986790282358 8.5
      vertex 7.1814915792601575 7.2755849108714195 8.5
    endloop
  endfacet
  facet normal -0.9286309295711317 0.28169711278061016 0.24143598177347975
    outer loop
      vertex 6.811939766255643 7.428658283817455 6.9
      vertex 7.1814915792601575 7.2755849108714195 8.5
      vertex 7.232706752362907 7.444418710185484 8.5
    endloop
  endfacet
  facet normal -0.9657439270939181 0.0951174746631387 0.24143598177347983
    outer loop
      vertex 6.840392640201615 7.522454838991936 6.9
      vertex 7.232706752362907 7.444418710185484 8.5
      vertex 7.25 7.62 8.5
    endloop
  endfacet
  facet normal -0.9657439270939181 -0.095117474663139 0.24143598177347986
    outer loop
      vertex 6.840392640201615 7.717545161008064 6.9
      vertex 7.25 7.62 8.5
      vertex 7.232706752362907 7.795581289814516 8.5
    endloop
  endfacet
  facet normal -0.9286309295711317 -0.2816971127806101 0.2414359817734797
    outer loop
      vertex 6.811939766255643 7.811341716182545 6.9
      vertex 7.232706752362907 7.795581289814516 8.5
      vertex 7.1814915792601575 7.964415089128581 8.5
    endloop
  endfacet
  facet normal -0.28169711278060594 -0.9286309295711329 0.24143598177347958
    outer loop
      vertex 6.5413417161825445 8.081939766255644 6.9
      vertex 6.69441508912858 8.451491579260159 8.5
      vertex 6.525581289814515 8.502706752362908 8.5
    endloop
  endfacet
  facet normal -0.45745128883148223 -0.855831166207151 0.24143598177347914
    outer loop
      vertex 6.6277851165098 8.035734806151273 6.9
      vertex 6.850013209717641 8.36832265107229 8.5
      vertex 6.69441508912858 8.451491579260159 8.5
    endloop
  endfacet
  facet normal -0.6156258683941882 -0.7501422910814839 0.2414359817734793
    outer loop
      vertex 6.703553390593274 7.973553390593274 6.9
      vertex 6.986396103067893 8.256396103067893 8.5
      vertex 6.850013209717641 8.36832265107229 8.5
    endloop
  endfacet
  facet normal -0.75014229108148 -0.6156258683941926 0.24143598177347958
    outer loop
      vertex 6.703553390593274 7.973553390593274 6.9
      vertex 7.098322651072291 8.120013209717643 8.5
      vertex 6.986396103067893 8.256396103067893 8.5
    endloop
  endfacet
  facet normal -0.8558311662071559 -0.4574512888314724 0.24143598177347977
    outer loop
      vertex 6.765734806151272 7.897785116509802 6.9
      vertex 7.1814915792601575 7.964415089128581 8.5
      vertex 7.098322651072291 8.120013209717643 8.5
    endloop
  endfacet
  facet normal 0.6343932841636445 0.7730104533627378 0
    outer loop
      vertex 8.536446609406728 7.266446609406726 6.9
      vertex 8.6122148834902 7.204265193848728 0
      vertex 8.536446609406728 7.266446609406726 0
    endloop
  endfacet
  facet normal 0.4713967368260017 0.8819212643483528 0
    outer loop
      vertex 8.6122148834902 7.204265193848728 6.9
      vertex 8.698658283817455 7.158060233744357 0
      vertex 8.6122148834902 7.204265193848728 0
    endloop
  endfacet
  facet normal 0.2902846772544627 0.9569403357322087 0
    outer loop
      vertex 8.698658283817455 7.158060233744357 6.9
      vertex 8.792454838991937 7.129607359798385 0
      vertex 8.698658283817455 7.158060233744357 0
    endloop
  endfacet
  facet normal 0.09801714032956084 0.9951847266721969 0
    outer loop
      vertex 8.792454838991937 7.129607359798385 6.9
      vertex 8.89 7.12 0
      vertex 8.792454838991937 7.129607359798385 0
    endloop
  endfacet
  facet normal -0.09801714032956084 0.9951847266721969 0
    outer loop
      vertex 8.89 7.12 6.9
      vertex 8.987545161008065 7.129607359798385 0
      vertex 8.89 7.12 0
    endloop
  endfacet
  facet normal -0.2902846772544627 0.9569403357322087 0
    outer loop
      vertex 8.987545161008065 7.129607359798385 6.9
      vertex 9.081341716182546 7.158060233744357 0
      vertex 8.987545161008065 7.129607359798385 0
    endloop
  endfacet
  facet normal -0.4713967368260017 0.8819212643483528 0
    outer loop
      vertex 9.081341716182546 7.158060233744357 6.9
      vertex 9.167785116509801 7.204265193848728 0
      vertex 9.081341716182546 7.158060233744357 0
    endloop
  endfacet
  facet normal -0.6343932841636445 0.7730104533627378 0
    outer loop
      vertex 9.167785116509801 7.204265193848728 6.9
      vertex 9.243553390593274 7.266446609406726 0
      vertex 9.167785116509801 7.204265193848728 0
    endloop
  endfacet
  facet normal 0.8819212643483569 0.4713967368259941 0
    outer loop
      vertex 8.428060233744358 7.428658283817455 6.9
      vertex 8.474265193848728 7.342214883490199 0
      vertex 8.428060233744358 7.428658283817455 0
    endloop
  endfacet
  facet normal 0.9569403357322055 0.29028467725447354 0
    outer loop
      vertex 8.399607359798384 7.522454838991936 6.9
      vertex 8.428060233744358 7.428658283817455 0
      vertex 8.399607359798384 7.522454838991936 0
    endloop
  endfacet
  facet normal 0.9951847266721978 0.09801714032955187 0
    outer loop
      vertex 8.39 7.62 6.9
      vertex 8.399607359798384 7.522454838991936 0
      vertex 8.39 7.62 0
    endloop
  endfacet
  facet normal 0.9951847266721978 -0.09801714032955187 0
    outer loop
      vertex 8.399607359798384 7.717545161008064 6.9
      vertex 8.39 7.62 0
      vertex 8.399607359798384 7.717545161008064 0
    endloop
  endfacet
  facet normal 0.9569403357322055 -0.29028467725447354 0
    outer loop
      vertex 8.428060233744358 7.811341716182545 6.9
      vertex 8.399607359798384 7.717545161008064 0
      vertex 8.428060233744358 7.811341716182545 0
    endloop
  endfacet
  facet normal 0.8819212643483569 -0.4713967368259941 0
    outer loop
      vertex 8.474265193848728 7.897785116509802 6.9
      vertex 8.428060233744358 7.811341716182545 0
      vertex 8.474265193848728 7.897785116509802 0
    endloop
  endfacet
  facet normal 0.7730104533627333 0.6343932841636498 0
    outer loop
      vertex 8.474265193848728 7.342214883490199 6.9
      vertex 8.536446609406728 7.266446609406726 0
      vertex 8.474265193848728 7.342214883490199 0
    endloop
  endfacet
  facet normal 0.7730104533627333 -0.6343932841636498 0
    outer loop
      vertex 8.536446609406728 7.973553390593274 6.9
      vertex 8.474265193848728 7.897785116509802 0
      vertex 8.536446609406728 7.973553390593274 0
    endloop
  endfacet
  facet normal 0.6343932841636498 -0.7730104533627333 0
    outer loop
      vertex 8.6122148834902 8.035734806151273 6.9
      vertex 8.536446609406728 7.973553390593274 0
      vertex 8.6122148834902 8.035734806151273 0
    endloop
  endfacet
  facet normal 0.4713967368260017 -0.8819212643483528 0
    outer loop
      vertex 8.698658283817455 8.081939766255644 6.9
      vertex 8.6122148834902 8.035734806151273 0
      vertex 8.698658283817455 8.081939766255644 0
    endloop
  endfacet
  facet normal 0.29028467725445445 -0.9569403357322112 0
    outer loop
      vertex 8.792454838991937 8.110392640201615 6.9
      vertex 8.698658283817455 8.081939766255644 0
      vertex 8.792454838991937 8.110392640201615 0
    endloop
  endfacet
  facet normal 0.09801714032956982 -0.9951847266721959 0
    outer loop
      vertex 8.89 8.120000000000001 6.9
      vertex 8.792454838991937 8.110392640201615 0
      vertex 8.89 8.120000000000001 0
    endloop
  endfacet
  facet normal -0.7730104533627333 0.6343932841636498 0
    outer loop
      vertex 9.243553390593274 7.266446609406726 6.9
      vertex 9.305734806151273 7.342214883490199 0
      vertex 9.243553390593274 7.266446609406726 0
    endloop
  endfacet
  facet normal -0.8819212643483569 0.4713967368259941 0
    outer loop
      vertex 9.305734806151273 7.342214883490199 6.9
      vertex 9.351939766255644 7.428658283817455 0
      vertex 9.305734806151273 7.342214883490199 0
    endloop
  endfacet
  facet normal -0.9569403357322055 0.29028467725447354 0
    outer loop
      vertex 9.351939766255644 7.428658283817455 6.9
      vertex 9.380392640201617 7.522454838991936 0
      vertex 9.351939766255644 7.428658283817455 0
    endloop
  endfacet
  facet normal -0.9951847266721978 0.09801714032955187 0
    outer loop
      vertex 9.380392640201617 7.522454838991936 6.9
      vertex 9.39 7.62 0
      vertex 9.380392640201617 7.522454838991936 0
    endloop
  endfacet
  facet normal -0.9951847266721978 -0.09801714032955187 0
    outer loop
      vertex 9.39 7.62 6.9
      vertex 9.380392640201617 7.717545161008064 0
      vertex 9.39 7.62 0
    endloop
  endfacet
  facet normal -0.9569403357322055 -0.29028467725447354 0
    outer loop
      vertex 9.380392640201617 7.717545161008064 6.9
      vertex 9.351939766255644 7.811341716182545 0
      vertex 9.380392640201617 7.717545161008064 0
    endloop
  endfacet
  facet normal -0.8819212643483569 -0.4713967368259941 0
    outer loop
      vertex 9.351939766255644 7.811341716182545 6.9
      vertex 9.305734806151273 7.897785116509802 0
      vertex 9.351939766255644 7.811341716182545 0
    endloop
  endfacet
  facet normal -0.7730104533627333 -0.6343932841636498 0
    outer loop
      vertex 9.305734806151273 7.897785116509802 6.9
      vertex 9.243553390593274 7.973553390593274 0
      vertex 9.305734806151273 7.897785116509802 0
    endloop
  endfacet
  facet normal -0.09801714032956982 -0.9951847266721959 0
    outer loop
      vertex 8.987545161008065 8.110392640201615 6.9
      vertex 8.89 8.120000000000001 0
      vertex 8.987545161008065 8.110392640201615 0
    endloop
  endfacet
  facet normal -0.29028467725445445 -0.9569403357322112 0
    outer loop
      vertex 9.081341716182546 8.081939766255644 6.9
      vertex 8.987545161008065 8.110392640201615 0
      vertex 9.081341716182546 8.081939766255644 0
    endloop
  endfacet
  facet normal -0.4713967368260017 -0.8819212643483528 0
    outer loop
      vertex 9.167785116509801 8.035734806151273 6.9
      vertex 9.081341716182546 8.081939766255644 0
      vertex 9.167785116509801 8.035734806151273 0
    endloop
  endfacet
  facet normal -0.6343932841636498 -0.7730104533627333 0
    outer loop
      vertex 9.243553390593274 7.973553390593274 6.9
      vertex 9.167785116509801 8.035734806151273 0
      vertex 9.243553390593274 7.973553390593274 0
    endloop
  endfacet
  facet normal 0.6343932841636445 0.7730104533627378 -7.417959729632666e-20
    outer loop
      vertex 8.536446609406728 7.266446609406726 6.9
      vertex 8.6122148834902 7.204265193848728 6.9
      vertex 8.6122148834902 7.204265193848728 0
    endloop
  endfacet
  facet normal 0.4713967368260017 0.8819212643483528 0
    outer loop
      vertex 8.698658283817455 7.158060233744357 6.9
      vertex 8.698658283817455 7.158060233744357 0
      vertex 8.6122148834902 7.204265193848728 6.9
    endloop
  endfacet
  facet normal 0.2902846772544627 0.9569403357322087 1.2400449403932819e-19
    outer loop
      vertex 8.698658283817455 7.158060233744357 6.9
      vertex 8.792454838991937 7.129607359798385 6.9
      vertex 8.792454838991937 7.129607359798385 0
    endloop
  endfacet
  facet normal 0.09801714032956084 0.9951847266721969 -5.318535846983332e-20
    outer loop
      vertex 8.792454838991937 7.129607359798385 6.9
      vertex 8.89 7.12 6.9
      vertex 8.89 7.12 0
    endloop
  endfacet
  facet normal -0.09801714032956084 0.9951847266721969 5.318535846983332e-20
    outer loop
      vertex 8.89 7.12 6.9
      vertex 8.987545161008065 7.129607359798385 6.9
      vertex 8.987545161008065 7.129607359798385 0
    endloop
  endfacet
  facet normal -0.2902846772544627 0.9569403357322087 -1.2400449403932819e-19
    outer loop
      vertex 8.987545161008065 7.129607359798385 6.9
      vertex 9.081341716182546 7.158060233744357 6.9
      vertex 9.081341716182546 7.158060233744357 0
    endloop
  endfacet
  facet normal -0.4713967368260017 0.8819212643483528 4.684361431889385e-19
    outer loop
      vertex 9.081341716182546 7.158060233744357 6.9
      vertex 9.167785116509801 7.204265193848728 6.9
      vertex 9.167785116509801 7.204265193848728 0
    endloop
  endfacet
  facet normal -0.6343932841636445 0.7730104533627378 7.417959729632666e-20
    outer loop
      vertex 9.167785116509801 7.204265193848728 6.9
      vertex 9.243553390593274 7.266446609406726 6.9
      vertex 9.243553390593274 7.266446609406726 0
    endloop
  endfacet
  facet normal 0.8819212643483569 0.4713967368259941 0
    outer loop
      vertex 8.474265193848728 7.342214883490199 6.9
      vertex 8.474265193848728 7.342214883490199 0
      vertex 8.428060233744358 7.428658283817455 6.9
    endloop
  endfacet
  facet normal 0.9569403357322055 0.29028467725447354 0
    outer loop
      vertex 8.428060233744358 7.428658283817455 6.9
      vertex 8.428060233744358 7.428658283817455 0
      vertex 8.399607359798384 7.522454838991936 6.9
    endloop
  endfacet
  facet normal 0.9951847266721978 0.09801714032955187 0
    outer loop
      vertex 8.399607359798384 7.522454838991936 6.9
      vertex 8.399607359798384 7.522454838991936 0
      vertex 8.39 7.62 6.9
    endloop
  endfacet
  facet normal 0.9951847266721978 -0.09801714032955187 0
    outer loop
      vertex 8.39 7.62 6.9
      vertex 8.39 7.62 0
      vertex 8.399607359798384 7.717545161008064 6.9
    endloop
  endfacet
  facet normal 0.9569403357322055 -0.29028467725447354 0
    outer loop
      vertex 8.399607359798384 7.717545161008064 6.9
      vertex 8.399607359798384 7.717545161008064 0
      vertex 8.428060233744358 7.811341716182545 6.9
    endloop
  endfacet
  facet normal 0.8819212643483569 -0.4713967368259941 0
    outer loop
      vertex 8.428060233744358 7.811341716182545 6.9
      vertex 8.428060233744358 7.811341716182545 0
      vertex 8.474265193848728 7.897785116509802 6.9
    endloop
  endfacet
  facet normal 0.7730104533627333 0.6343932841636498 0
    outer loop
      vertex 8.536446609406728 7.266446609406726 6.9
      vertex 8.536446609406728 7.266446609406726 0
      vertex 8.474265193848728 7.342214883490199 6.9
    endloop
  endfacet
  facet normal 0.7730104533627333 -0.6343932841636498 0
    outer loop
      vertex 8.474265193848728 7.897785116509802 6.9
      vertex 8.474265193848728 7.897785116509802 0
      vertex 8.536446609406728 7.973553390593274 6.9
    endloop
  endfacet
  facet normal 0.6343932841636498 -0.7730104533627333 0
    outer loop
      vertex 8.536446609406728 7.973553390593274 6.9
      vertex 8.536446609406728 7.973553390593274 0
      vertex 8.6122148834902 8.035734806151273 6.9
    endloop
  endfacet
  facet normal 0.4713967368260017 -0.8819212643483528 0
    outer loop
      vertex 8.6122148834902 8.035734806151273 6.9
      vertex 8.6122148834902 8.035734806151273 0
      vertex 8.698658283817455 8.081939766255644 6.9
    endloop
  endfacet
  facet normal 0.29028467725445445 -0.9569403357322112 0
    outer loop
      vertex 8.698658283817455 8.081939766255644 6.9
      vertex 8.698658283817455 8.081939766255644 0
      vertex 8.792454838991937 8.110392640201615 6.9
    endloop
  endfacet
  facet normal 0.09801714032956982 -0.9951847266721959 0
    outer loop
      vertex 8.792454838991937 8.110392640201615 6.9
      vertex 8.792454838991937 8.110392640201615 0
      vertex 8.89 8.120000000000001 6.9
    endloop
  endfacet
  facet normal -0.7730104533627333 -0.6343932841636498 0
    outer loop
      vertex 9.243553390593274 7.973553390593274 6.9
      vertex 9.243553390593274 7.973553390593274 0
      vertex 9.305734806151273 7.897785116509802 6.9
    endloop
  endfacet
  facet normal -0.7730104533627333 0.6343932841636498 -4.558513674827826e-19
    outer loop
      vertex 9.243553390593274 7.266446609406726 6.9
      vertex 9.305734806151273 7.342214883490199 6.9
      vertex 9.305734806151273 7.342214883490199 0
    endloop
  endfacet
  facet normal -0.8819212643483569 0.4713967368259941 -8.954796002950964e-21
    outer loop
      vertex 9.305734806151273 7.342214883490199 6.9
      vertex 9.351939766255644 7.428658283817455 6.9
      vertex 9.351939766255644 7.428658283817455 0
    endloop
  endfacet
  facet normal -0.9569403357322055 0.29028467725447354 -2.369526693007262e-19
    outer loop
      vertex 9.351939766255644 7.428658283817455 6.9
      vertex 9.380392640201617 7.522454838991936 6.9
      vertex 9.380392640201617 7.522454838991936 0
    endloop
  endfacet
  facet normal -0.9951847266721978 0.09801714032955187 3.8764083158680635e-20
    outer loop
      vertex 9.380392640201617 7.522454838991936 6.9
      vertex 9.39 7.62 6.9
      vertex 9.39 7.62 0
    endloop
  endfacet
  facet normal -0.9569403357322055 -0.29028467725447354 2.369526693007262e-19
    outer loop
      vertex 9.380392640201617 7.717545161008064 6.9
      vertex 9.351939766255644 7.811341716182545 6.9
      vertex 9.351939766255644 7.811341716182545 0
    endloop
  endfacet
  facet normal -0.9951847266721978 -0.09801714032955187 -3.8764083158680635e-20
    outer loop
      vertex 9.39 7.62 6.9
      vertex 9.380392640201617 7.717545161008064 6.9
      vertex 9.380392640201617 7.717545161008064 0
    endloop
  endfacet
  facet normal -0.8819212643483569 -0.4713967368259941 0
    outer loop
      vertex 9.305734806151273 7.897785116509802 6.9
      vertex 9.305734806151273 7.897785116509802 0
      vertex 9.351939766255644 7.811341716182545 6.9
    endloop
  endfacet
  facet normal -0.09801714032956982 -0.9951847266721959 0
    outer loop
      vertex 8.89 8.120000000000001 6.9
      vertex 8.89 8.120000000000001 0
      vertex 8.987545161008065 8.110392640201615 6.9
    endloop
  endfacet
  facet normal -0.29028467725445445 -0.9569403357322112 0
    outer loop
      vertex 8.987545161008065 8.110392640201615 6.9
      vertex 8.987545161008065 8.110392640201615 0
      vertex 9.081341716182546 8.081939766255644 6.9
    endloop
  endfacet
  facet normal -0.4713967368260017 -0.8819212643483528 0
    outer loop
      vertex 9.081341716182546 8.081939766255644 6.9
      vertex 9.081341716182546 8.081939766255644 0
      vertex 9.167785116509801 8.035734806151273 6.9
    endloop
  endfacet
  facet normal -0.6343932841636498 -0.7730104533627333 0
    outer loop
      vertex 9.167785116509801 8.035734806151273 6.9
      vertex 9.167785116509801 8.035734806151273 0
      vertex 9.243553390593274 7.973553390593274 6.9
    endloop
  endfacet
  facet normal 0.7501422910814779 0.6156258683941954 0.24143598177347972
    outer loop
      vertex 8.536446609406728 7.266446609406726 6.9
      vertex 8.474265193848728 7.342214883490199 6.9
      vertex 8.14167734892771 7.119986790282358 8.5
    endloop
  endfacet
  facet normal 0.45745128883148056 0.8558311662071518 0.24143598177347955
    outer loop
      vertex 8.698658283817455 7.158060233744357 6.9
      vertex 8.6122148834902 7.204265193848728 6.9
      vertex 8.545584910871419 6.788508420739842 8.5
    endloop
  endfacet
  facet normal 0.6156258683941902 0.7501422910814823 0.2414359817734795
    outer loop
      vertex 8.536446609406728 7.266446609406726 6.9
      vertex 8.389986790282359 6.87167734892771 8.5
      vertex 8.6122148834902 7.204265193848728 6.9
    endloop
  endfacet
  facet normal 0.2816971127806071 0.9286309295711327 0.24143598177347975
    outer loop
      vertex 8.698658283817455 7.158060233744357 6.9
      vertex 8.714418710185486 6.737293247637092 8.5
      vertex 8.792454838991937 7.129607359798385 6.9
    endloop
  endfacet
  facet normal 0.09511747466313915 0.9657439270939181 0.24143598177347977
    outer loop
      vertex 8.792454838991937 7.129607359798385 6.9
      vertex 8.89 6.72 8.5
      vertex 8.89 7.12 6.9
    endloop
  endfacet
  facet normal -0.09511747466313915 0.9657439270939181 0.2414359817734798
    outer loop
      vertex 8.89 7.12 6.9
      vertex 8.89 6.72 8.5
      vertex 8.987545161008065 7.129607359798385 6.9
    endloop
  endfacet
  facet normal -0.2816971127806071 0.9286309295711327 0.2414359817734797
    outer loop
      vertex 8.987545161008065 7.129607359798385 6.9
      vertex 9.065581289814515 6.737293247637092 8.5
      vertex 9.081341716182546 7.158060233744357 6.9
    endloop
  endfacet
  facet normal -0.45745128883148056 0.8558311662071518 0.24143598177347955
    outer loop
      vertex 9.081341716182546 7.158060233744357 6.9
      vertex 9.234415089128582 6.788508420739842 8.5
      vertex 9.167785116509801 7.204265193848728 6.9
    endloop
  endfacet
  facet normal -0.6156258683941902 0.7501422910814823 0.2414359817734795
    outer loop
      vertex 9.167785116509801 7.204265193848728 6.9
      vertex 9.390013209717642 6.87167734892771 8.5
      vertex 9.243553390593274 7.266446609406726 6.9
    endloop
  endfacet
  facet normal -0.7501422910814779 0.6156258683941954 0.24143598177347972
    outer loop
      vertex 9.243553390593274 7.266446609406726 6.9
      vertex 9.638322651072292 7.119986790282358 8.5
      vertex 9.305734806151273 7.342214883490199 6.9
    endloop
  endfacet
  facet normal 0.8558311662071557 0.45745128883147324 0.24143598177347977
    outer loop
      vertex 8.474265193848728 7.342214883490199 6.9
      vertex 8.428060233744358 7.428658283817455 6.9
      vertex 8.058508420739843 7.2755849108714195 8.5
    endloop
  endfacet
  facet normal 0.9286309295711297 0.2816971127806176 0.24143598177347866
    outer loop
      vertex 8.428060233744358 7.428658283817455 6.9
      vertex 8.399607359798384 7.522454838991936 6.9
      vertex 8.007293247637094 7.444418710185484 8.5
    endloop
  endfacet
  facet normal 0.9657439270939189 0.09511747466313045 0.24143598177348002
    outer loop
      vertex 8.399607359798384 7.522454838991936 6.9
      vertex 8.39 7.62 6.9
      vertex 7.99 7.62 8.5
    endloop
  endfacet
  facet normal 0.9657439270939189 -0.09511747466313045 0.24143598177348002
    outer loop
      vertex 8.39 7.62 6.9
      vertex 8.399607359798384 7.717545161008064 6.9
      vertex 7.99 7.62 8.5
    endloop
  endfacet
  facet normal 0.9286309295711297 -0.2816971127806176 0.2414359817734786
    outer loop
      vertex 8.399607359798384 7.717545161008064 6.9
      vertex 8.428060233744358 7.811341716182545 6.9
      vertex 8.007293247637094 7.795581289814516 8.5
    endloop
  endfacet
  facet normal 0.8558311662071557 -0.45745128883147324 0.24143598177347977
    outer loop
      vertex 8.428060233744358 7.811341716182545 6.9
      vertex 8.474265193848728 7.897785116509802 6.9
      vertex 8.058508420739843 7.964415089128581 8.5
    endloop
  endfacet
  facet normal 0.7501422910814779 -0.6156258683941954 0.24143598177347972
    outer loop
      vertex 8.474265193848728 7.897785116509802 6.9
      vertex 8.536446609406728 7.973553390593274 6.9
      vertex 8.14167734892771 8.120013209717643 8.5
    endloop
  endfacet
  facet normal 0.6156258683941955 -0.750142291081478 0.24143598177347894
    outer loop
      vertex 8.536446609406728 7.973553390593274 6.9
      vertex 8.6122148834902 8.035734806151273 6.9
      vertex 8.389986790282359 8.36832265107229 8.5
    endloop
  endfacet
  facet normal 0.45745128883148056 -0.8558311662071518 0.24143598177347955
    outer loop
      vertex 8.6122148834902 8.035734806151273 6.9
      vertex 8.698658283817455 8.081939766255644 6.9
      vertex 8.545584910871419 8.451491579260159 8.5
    endloop
  endfacet
  facet normal 0.281697112780599 -0.9286309295711351 0.24143598177347994
    outer loop
      vertex 8.698658283817455 8.081939766255644 6.9
      vertex 8.792454838991937 8.110392640201615 6.9
      vertex 8.714418710185486 8.502706752362908 8.5
    endloop
  endfacet
  facet normal 0.09511747466314789 -0.9657439270939175 0.2414359817734786
    outer loop
      vertex 8.792454838991937 8.110392640201615 6.9
      vertex 8.89 8.120000000000001 6.9
      vertex 8.89 8.52 8.5
    endloop
  endfacet
  facet normal -0.8558311662071557 0.45745128883147324 0.24143598177347972
    outer loop
      vertex 9.305734806151273 7.342214883490199 6.9
      vertex 9.721491579260158 7.2755849108714195 8.5
      vertex 9.351939766255644 7.428658283817455 6.9
    endloop
  endfacet
  facet normal -0.9286309295711297 0.2816971127806176 0.2414359817734786
    outer loop
      vertex 9.351939766255644 7.428658283817455 6.9
      vertex 9.772706752362907 7.444418710185484 8.5
      vertex 9.380392640201617 7.522454838991936 6.9
    endloop
  endfacet
  facet normal -0.9657439270939189 0.09511747466313045 0.24143598177348002
    outer loop
      vertex 9.380392640201617 7.522454838991936 6.9
      vertex 9.790000000000001 7.62 8.5
      vertex 9.39 7.62 6.9
    endloop
  endfacet
  facet normal -0.8558311662071557 -0.45745128883147324 0.24143598177347977
    outer loop
      vertex 9.305734806151273 7.897785116509802 6.9
      vertex 9.351939766255644 7.811341716182545 6.9
      vertex 9.721491579260158 7.964415089128581 8.5
    endloop
  endfacet
  facet normal -0.9657439270939189 -0.09511747466313045 0.24143598177348002
    outer loop
      vertex 9.39 7.62 6.9
      vertex 9.790000000000001 7.62 8.5
      vertex 9.380392640201617 7.717545161008064 6.9
    endloop
  endfacet
  facet normal -0.9286309295711297 -0.2816971127806176 0.2414359817734786
    outer loop
      vertex 9.380392640201617 7.717545161008064 6.9
      vertex 9.772706752362907 7.795581289814516 8.5
      vertex 9.351939766255644 7.811341716182545 6.9
    endloop
  endfacet
  facet normal -0.09511747466314789 -0.9657439270939175 0.2414359817734786
    outer loop
      vertex 8.89 8.120000000000001 6.9
      vertex 8.987545161008065 8.110392640201615 6.9
      vertex 8.89 8.52 8.5
    endloop
  endfacet
  facet normal -0.281697112780599 -0.9286309295711351 0.24143598177347994
    outer loop
      vertex 8.987545161008065 8.110392640201615 6.9
      vertex 9.081341716182546 8.081939766255644 6.9
      vertex 9.065581289814515 8.502706752362908 8.5
    endloop
  endfacet
  facet normal -0.45745128883148056 -0.8558311662071518 0.24143598177347955
    outer loop
      vertex 9.081341716182546 8.081939766255644 6.9
      vertex 9.167785116509801 8.035734806151273 6.9
      vertex 9.234415089128582 8.451491579260159 8.5
    endloop
  endfacet
  facet normal -0.6156258683941955 -0.750142291081478 0.24143598177347894
    outer loop
      vertex 9.167785116509801 8.035734806151273 6.9
      vertex 9.243553390593274 7.973553390593274 6.9
      vertex 9.390013209717642 8.36832265107229 8.5
    endloop
  endfacet
  facet normal -0.7501422910814779 -0.6156258683941954 0.24143598177347972
    outer loop
      vertex 9.243553390593274 7.973553390593274 6.9
      vertex 9.305734806151273 7.897785116509802 6.9
      vertex 9.638322651072292 8.120013209717643 8.5
    endloop
  endfacet
  facet normal 0.8558311662071559 0.4574512888314724 0.24143598177347977
    outer loop
      vertex 8.474265193848728 7.342214883490199 6.9
      vertex 8.058508420739843 7.2755849108714195 8.5
      vertex 8.14167734892771 7.119986790282358 8.5
    endloop
  endfacet
  facet normal 0.6156258683941882 0.7501422910814839 0.24143598177347966
    outer loop
      vertex 8.536446609406728 7.266446609406726 6.9
      vertex 8.253603896932107 6.983603896932108 8.5
      vertex 8.389986790282359 6.87167734892771 8.5
    endloop
  endfacet
  facet normal 0.75014229108148 0.6156258683941928 0.24143598177348002
    outer loop
      vertex 8.536446609406728 7.266446609406726 6.9
      vertex 8.14167734892771 7.119986790282358 8.5
      vertex 8.253603896932107 6.983603896932108 8.5
    endloop
  endfacet
  facet normal 0.28169711278060744 0.9286309295711325 0.2414359817734797
    outer loop
      vertex 8.698658283817455 7.158060233744357 6.9
      vertex 8.545584910871419 6.788508420739842 8.5
      vertex 8.714418710185486 6.737293247637092 8.5
    endloop
  endfacet
  facet normal 0.09511747466313945 0.965743927093918 0.24143598177347972
    outer loop
      vertex 8.792454838991937 7.129607359798385 6.9
      vertex 8.714418710185486 6.737293247637092 8.5
      vertex 8.89 6.72 8.5
    endloop
  endfacet
  facet normal 0.4574512888314804 0.8558311662071518 0.24143598177347952
    outer loop
      vertex 8.6122148834902 7.204265193848728 6.9
      vertex 8.389986790282359 6.87167734892771 8.5
      vertex 8.545584910871419 6.788508420739842 8.5
    endloop
  endfacet
  facet normal -0.09511747466313918 0.9657439270939181 0.24143598177347977
    outer loop
      vertex 8.987545161008065 7.129607359798385 6.9
      vertex 8.89 6.72 8.5
      vertex 9.065581289814515 6.737293247637092 8.5
    endloop
  endfacet
  facet normal -0.2816971127806075 0.9286309295711325 0.2414359817734797
    outer loop
      vertex 9.081341716182546 7.158060233744357 6.9
      vertex 9.065581289814515 6.737293247637092 8.5
      vertex 9.234415089128582 6.788508420739842 8.5
    endloop
  endfacet
  facet normal -0.4574512888314804 0.8558311662071518 0.24143598177347952
    outer loop
      vertex 9.167785116509801 7.204265193848728 6.9
      vertex 9.234415089128582 6.788508420739842 8.5
      vertex 9.390013209717642 6.87167734892771 8.5
    endloop
  endfacet
  facet normal -0.6156258683941881 0.750142291081484 0.24143598177347975
    outer loop
      vertex 9.243553390593274 7.266446609406726 6.9
      vertex 9.390013209717642 6.87167734892771 8.5
      vertex 9.526396103067894 6.983603896932108 8.5
    endloop
  endfacet
  facet normal -0.75014229108148 0.6156258683941929 0.24143598177348002
    outer loop
      vertex 9.243553390593274 7.266446609406726 6.9
      vertex 9.526396103067894 6.983603896932108 8.5
      vertex 9.638322651072292 7.119986790282358 8.5
    endloop
  endfacet
  facet normal -0.8558311662071559 0.4574512888314724 0.24143598177347977
    outer loop
      vertex 9.305734806151273 7.342214883490199 6.9
      vertex 9.638322651072292 7.119986790282358 8.5
      vertex 9.721491579260158 7.2755849108714195 8.5
    endloop
  endfacet
  facet normal 0.9286309295711329 0.28169711278060594 0.24143598177347958
    outer loop
      vertex 8.428060233744358 7.428658283817455 6.9
      vertex 8.007293247637094 7.444418710185484 8.5
      vertex 8.058508420739843 7.2755849108714195 8.5
    endloop
  endfacet
  facet normal 0.965743927093918 0.09511747466314378 0.24143598177347897
    outer loop
      vertex 8.399607359798384 7.522454838991936 6.9
      vertex 7.99 7.62 8.5
      vertex 8.007293247637094 7.444418710185484 8.5
    endloop
  endfacet
  facet normal 0.965743927093918 -0.09511747466314371 0.24143598177347897
    outer loop
      vertex 8.399607359798384 7.717545161008064 6.9
      vertex 8.007293247637094 7.795581289814516 8.5
      vertex 7.99 7.62 8.5
    endloop
  endfacet
  facet normal 0.928630929571133 -0.2816971127806057 0.24143598177347964
    outer loop
      vertex 8.428060233744358 7.811341716182545 6.9
      vertex 8.058508420739843 7.964415089128581 8.5
      vertex 8.007293247637094 7.795581289814516 8.5
    endloop
  endfacet
  facet normal 0.8558311662071559 -0.4574512888314724 0.24143598177347977
    outer loop
      vertex 8.474265193848728 7.897785116509802 6.9
      vertex 8.14167734892771 8.120013209717643 8.5
      vertex 8.058508420739843 7.964415089128581 8.5
    endloop
  endfacet
  facet normal 0.75014229108148 -0.6156258683941929 0.24143598177348002
    outer loop
      vertex 8.536446609406728 7.973553390593274 6.9
      vertex 8.253603896932107 8.256396103067893 8.5
      vertex 8.14167734892771 8.120013209717643 8.5
    endloop
  endfacet
  facet normal 0.6156258683941881 -0.750142291081484 0.24143598177347975
    outer loop
      vertex 8.536446609406728 7.973553390593274 6.9
      vertex 8.389986790282359 8.36832265107229 8.5
      vertex 8.253603896932107 8.256396103067893 8.5
    endloop
  endfacet
  facet normal 0.45745128883148406 -0.85583116620715 0.24143598177347925
    outer loop
      vertex 8.6122148834902 8.035734806151273 6.9
      vertex 8.545584910871419 8.451491579260159 8.5
      vertex 8.389986790282359 8.36832265107229 8.5
    endloop
  endfacet
  facet normal 0.281697112780603 -0.9286309295711339 0.24143598177347958
    outer loop
      vertex 8.698658283817455 8.081939766255644 6.9
      vertex 8.714418710185486 8.502706752362908 8.5
      vertex 8.545584910871419 8.451491579260159 8.5
    endloop
  endfacet
  facet normal 0.09511747466313433 -0.9657439270939187 0.24143598177347966
    outer loop
      vertex 8.792454838991937 8.110392640201615 6.9
      vertex 8.89 8.52 8.5
      vertex 8.714418710185486 8.502706752362908 8.5
    endloop
  endfacet
  facet normal -0.928630929571133 0.2816971127806057 0.24143598177347964
    outer loop
      vertex 9.351939766255644 7.428658283817455 6.9
      vertex 9.721491579260158 7.2755849108714195 8.5
      vertex 9.772706752362907 7.444418710185484 8.5
    endloop
  endfacet
  facet normal -0.965743927093918 0.09511747466314371 0.24143598177347897
    outer loop
      vertex 9.380392640201617 7.522454838991936 6.9
      vertex 9.772706752362907 7.444418710185484 8.5
      vertex 9.790000000000001 7.62 8.5
    endloop
  endfacet
  facet normal -0.965743927093918 -0.09511747466314378 0.24143598177347897
    outer loop
      vertex 9.380392640201617 7.717545161008064 6.9
      vertex 9.790000000000001 7.62 8.5
      vertex 9.772706752362907 7.795581289814516 8.5
    endloop
  endfacet
  facet normal -0.9286309295711329 -0.28169711278060594 0.24143598177347958
    outer loop
      vertex 9.351939766255644 7.811341716182545 6.9
      vertex 9.772706752362907 7.795581289814516 8.5
      vertex 9.721491579260158 7.964415089128581 8.5
    endloop
  endfacet
  facet normal -0.2816971127806033 -0.9286309295711339 0.24143598177347958
    outer loop
      vertex 9.081341716182546 8.081939766255644 6.9
      vertex 9.234415089128582 8.451491579260159 8.5
      vertex 9.065581289814515 8.502706752362908 8.5
    endloop
  endfacet
  facet normal -0.4574512888314842 -0.8558311662071499 0.2414359817734792
    outer loop
      vertex 9.167785116509801 8.035734806151273 6.9
      vertex 9.390013209717642 8.36832265107229 8.5
      vertex 9.234415089128582 8.451491579260159 8.5
    endloop
  endfacet
  facet normal -0.09511747466313454 -0.9657439270939185 0.24143598177347964
    outer loop
      vertex 8.987545161008065 8.110392640201615 6.9
      vertex 9.065581289814515 8.502706752362908 8.5
      vertex 8.89 8.52 8.5
    endloop
  endfacet
  facet normal -0.6156258683941882 -0.7501422910814839 0.24143598177347966
    outer loop
      vertex 9.243553390593274 7.973553390593274 6.9
      vertex 9.526396103067894 8.256396103067893 8.5
      vertex 9.390013209717642 8.36832265107229 8.5
    endloop
  endfacet
  facet normal -0.8558311662071559 -0.4574512888314724 0.24143598177347977
    outer loop
      vertex 9.305734806151273 7.897785116509802 6.9
      vertex 9.721491579260158 7.964415089128581 8.5
      vertex 9.638322651072292 8.120013209717643 8.5
    endloop
  endfacet
  facet normal -0.75014229108148 -0.6156258683941928 0.24143598177348002
    outer loop
      vertex 9.243553390593274 7.973553390593274 6.9
      vertex 9.638322651072292 8.120013209717643 8.5
      vertex 9.526396103067894 8.256396103067893 8.5
    endloop
  endfacet
endsolid OpenSCAD_Model
