solid OpenSCAD_Model
  facet normal 0 0 -1
    outer loop
      vertex -22.575146273309166 -6.184083626901896 0
      vertex -23.15685424949238 -5.656854249492381 0
      vertex -21.944561864156817 -6.651756898420362 0
    endloop
  endfacet
  facet normal 0 0 -1
    outer loop
      vertex -23.15685424949238 -5.656854249492381 0
      vertex -20.561467458920717 -7.391036260090294 0
      vertex -21.944561864156817 -6.651756898420362 0
    endloop
  endfacet
  facet normal 0 0 -1
    outer loop
      vertex -21.944561864156817 -6.651756898420362 0
      vertex -20.561467458920717 -7.391036260090294 0
      vertex -21.27117389460798 -7.05537011478684 0
    endloop
  endfacet
  facet normal 0 0 -1
    outer loop
      vertex -20.561467458920717 -7.391036260090294 0
      vertex -19.060722576129027 -7.8462822432258434 0
      vertex -19.8222774180357 -7.655522685857671 0
    endloop
  endfacet
  facet normal 0 0 -1
    outer loop
      vertex -23.15685424949238 -5.656854249492381 0
      vertex -17.5 -8 0
      vertex -20.561467458920717 -7.391036260090294 0
    endloop
  endfacet
  facet normal -0.5956993044924319 -0.803207531480646 0
    outer loop
      vertex -22.575146273309166 -6.184083626901896 0
      vertex -21.944561864156817 -6.651756898420362 0
      vertex -22.575146273309166 -6.184083626901896 8
    endloop
  endfacet
  facet normal -0.6715589548470197 -0.7409511253549579 0
    outer loop
      vertex -22.575146273309166 -6.184083626901896 0
      vertex -22.575146273309166 -6.184083626901896 8
      vertex -23.15685424949238 -5.656854249492381 0
    endloop
  endfacet
  facet normal -0.7409511253549594 -0.671558954847018 -4.125212895312606e-18
    outer loop
      vertex -23.15685424949238 -5.656854249492381 0
      vertex -23.684083626901895 -5.075146273309164 8
      vertex -23.684083626901895 -5.075146273309164 0
    endloop
  endfacet
  facet normal -0.42755509343028186 -0.9039892931234436 0
    outer loop
      vertex -21.27117389460798 -7.05537011478684 0
      vertex -20.561467458920717 -7.391036260090294 0
      vertex -21.27117389460798 -7.05537011478684 8
    endloop
  endfacet
  facet normal -0.5141027441932213 -0.8577286100002722 4.171315493022157e-18
    outer loop
      vertex -21.944561864156817 -6.651756898420362 0
      vertex -21.27117389460798 -7.05537011478684 0
      vertex -21.27117389460798 -7.05537011478684 8
    endloop
  endfacet
  facet normal -0.3368898533922208 -0.9415440651830205 1.1279230809550301e-18
    outer loop
      vertex -20.561467458920717 -7.391036260090294 0
      vertex -19.8222774180357 -7.655522685857671 0
      vertex -19.8222774180357 -7.655522685857671 8
    endloop
  endfacet
  facet normal -0.24298017990326415 -0.970031253194544 0
    outer loop
      vertex -19.8222774180357 -7.655522685857671 0
      vertex -19.060722576129027 -7.8462822432258434 0
      vertex -19.8222774180357 -7.655522685857671 8
    endloop
  endfacet
  facet normal 0 0 -1
    outer loop
      vertex -23.15685424949238 -5.656854249492381 0
      vertex -24.151756898420363 -4.444561864156817 0
      vertex -24.891036260090296 -3.0614674589207183 0
    endloop
  endfacet
  facet normal 0 0 -1
    outer loop
      vertex -24.151756898420363 -4.444561864156817 0
      vertex -24.55537011478684 -3.771173894607981 0
      vertex -24.891036260090296 -3.0614674589207183 0
    endloop
  endfacet
  facet normal 0 0 -1
    outer loop
      vertex -23.15685424949238 -5.656854249492381 0
      vertex -23.684083626901895 -5.075146273309164 0
      vertex -24.151756898420363 -4.444561864156817 0
    endloop
  endfacet
  facet normal 0 0 -1
    outer loop
      vertex -24.891036260090296 -3.0614674589207183 0
      vertex -25.15552268585767 -2.3222774180356986 0
      vertex -25.346282243225843 -1.560722576129026 0
    endloop
  endfacet
  facet normal 0 0 -1
    outer loop
      vertex -23.15685424949238 -5.656854249492381 0
      vertex -24.891036260090296 -3.0614674589207183 0
      vertex -25.5 0 0
    endloop
  endfacet
  facet normal 0 0 -1
    outer loop
      vertex -23.15685424949238 -5.656854249492381 0
      vertex -25.5 0 0
      vertex -17.5 -8 0
    endloop
  endfacet
  facet normal -0.8577286100002729 -0.5141027441932204 0
    outer loop
      vertex -24.151756898420363 -4.444561864156817 0
      vertex -24.151756898420363 -4.444561864156817 8
      vertex -24.55537011478684 -3.771173894607981 0
    endloop
  endfacet
  facet normal -0.8032075314806442 -0.5956993044924344 -4.023398715442953e-18
    outer loop
      vertex -24.151756898420363 -4.444561864156817 0
      vertex -23.684083626901895 -5.075146273309164 0
      vertex -23.684083626901895 -5.075146273309164 8
    endloop
  endfacet
  facet normal -0.9039892931234421 -0.42755509343028464 0
    outer loop
      vertex -24.55537011478684 -3.771173894607981 0
      vertex -24.55537011478684 -3.771173894607981 8
      vertex -24.891036260090296 -3.0614674589207183 0
    endloop
  endfacet
  facet normal -0.9415440651830224 -0.33688985339221567 2.125022540105568e-18
    outer loop
      vertex -24.891036260090296 -3.0614674589207183 0
      vertex -25.15552268585767 -2.3222774180356986 8
      vertex -25.15552268585767 -2.3222774180356986 0
    endloop
  endfacet
  facet normal 0 0 -1
    outer loop
      vertex -20.561467458920717 -7.391036260090294 0
      vertex -17.5 -8 0
      vertex -19.060722576129027 -7.8462822432258434 0
    endloop
  endfacet
  facet normal 0 0 -1
    outer loop
      vertex -19.060722576129027 -7.8462822432258434 0
      vertex -17.5 -8 0
      vertex -18.284137122636483 -7.961477813377575 0
    endloop
  endfacet
  facet normal -0.1467304744553619 -0.9891765099647809 -7.322623656908063e-19
    outer loop
      vertex -19.060722576129027 -7.8462822432258434 0
      vertex -18.284137122636483 -7.961477813377575 0
      vertex -18.284137122636483 -7.961477813377575 8
    endloop
  endfacet
  facet normal -0.04906767432741766 -0.9987954562051724 0
    outer loop
      vertex -18.284137122636483 -7.961477813377575 0
      vertex -17.5 -8 0
      vertex -18.284137122636483 -7.961477813377575 8
    endloop
  endfacet
  facet normal -0.7409511253549594 -0.671558954847018 0
    outer loop
      vertex -23.15685424949238 -5.656854249492381 0
      vertex -23.15685424949238 -5.656854249492381 8
      vertex -23.684083626901895 -5.075146273309164 8
    endloop
  endfacet
  facet normal -0.6715589548470197 -0.7409511253549579 0
    outer loop
      vertex -23.15685424949238 -5.656854249492381 0
      vertex -22.575146273309166 -6.184083626901896 8
      vertex -23.15685424949238 -5.656854249492381 8
    endloop
  endfacet
  facet normal -0.5141027441932213 -0.8577286100002722 0
    outer loop
      vertex -21.944561864156817 -6.651756898420362 0
      vertex -21.27117389460798 -7.05537011478684 8
      vertex -21.944561864156817 -6.651756898420362 8
    endloop
  endfacet
  facet normal -0.42755509343028186 -0.9039892931234436 0
    outer loop
      vertex -20.561467458920717 -7.391036260090294 0
      vertex -20.561467458920717 -7.391036260090294 8
      vertex -21.27117389460798 -7.05537011478684 8
    endloop
  endfacet
  facet normal -0.3368898533922208 -0.9415440651830205 0
    outer loop
      vertex -20.561467458920717 -7.391036260090294 0
      vertex -19.8222774180357 -7.655522685857671 8
      vertex -20.561467458920717 -7.391036260090294 8
    endloop
  endfacet
  facet normal -0.24298017990326415 -0.970031253194544 0
    outer loop
      vertex -19.060722576129027 -7.8462822432258434 0
      vertex -19.060722576129027 -7.8462822432258434 8
      vertex -19.8222774180357 -7.655522685857671 8
    endloop
  endfacet
  facet normal -0.5956993044924319 -0.803207531480646 0
    outer loop
      vertex -21.944561864156817 -6.651756898420362 0
      vertex -21.944561864156817 -6.651756898420362 8
      vertex -22.575146273309166 -6.184083626901896 8
    endloop
  endfacet
  facet normal -0.8032075314806442 -0.5956993044924344 0
    outer loop
      vertex -24.151756898420363 -4.444561864156817 0
      vertex -23.684083626901895 -5.075146273309164 8
      vertex -24.151756898420363 -4.444561864156817 8
    endloop
  endfacet
  facet normal -0.8577286100002729 -0.5141027441932204 0
    outer loop
      vertex -24.55537011478684 -3.771173894607981 0
      vertex -24.151756898420363 -4.444561864156817 8
      vertex -24.55537011478684 -3.771173894607981 8
    endloop
  endfacet
  facet normal -0.9039892931234421 -0.42755509343028464 0
    outer loop
      vertex -24.891036260090296 -3.0614674589207183 0
      vertex -24.55537011478684 -3.771173894607981 8
      vertex -24.891036260090296 -3.0614674589207183 8
    endloop
  endfacet
  facet normal -0.9415440651830224 -0.33688985339221567 0
    outer loop
      vertex -24.891036260090296 -3.0614674589207183 0
      vertex -24.891036260090296 -3.0614674589207183 8
      vertex -25.15552268585767 -2.3222774180356986 8
    endloop
  endfacet
  facet normal -0.1467304744553619 -0.9891765099647809 0
    outer loop
      vertex -19.060722576129027 -7.8462822432258434 0
      vertex -18.284137122636483 -7.961477813377575 8
      vertex -19.060722576129027 -7.8462822432258434 8
    endloop
  endfacet
  facet normal -0.04906767432741766 -0.9987954562051724 0
    outer loop
      vertex -17.5 -8 0
      vertex -17.5 -8 8
      vertex -18.284137122636483 -7.961477813377575 8
    endloop
  endfacet
  facet normal 0 0 -1
    outer loop
      vertex -24.891036260090296 -3.0614674589207183 0
      vertex -25.346282243225843 -1.560722576129026 0
      vertex -25.5 0 0
    endloop
  endfacet
  facet normal 0 0 -1
    outer loop
      vertex -25.346282243225843 -1.560722576129026 0
      vertex -25.461477813377577 -0.7841371226364848 0
      vertex -25.5 0 0
    endloop
  endfacet
  facet normal -0.9700312531945434 -0.24298017990326626 0
    outer loop
      vertex -25.15552268585767 -2.3222774180356986 0
      vertex -25.15552268585767 -2.3222774180356986 8
      vertex -25.346282243225843 -1.560722576129026 0
    endloop
  endfacet
  facet normal -0.9891765099647806 -0.1467304744553646 8.467471694667285e-19
    outer loop
      vertex -25.346282243225843 -1.560722576129026 0
      vertex -25.461477813377577 -0.7841371226364848 8
      vertex -25.461477813377577 -0.7841371226364848 0
    endloop
  endfacet
  facet normal -0.9987954562051725 -0.04906767432741532 0
    outer loop
      vertex -25.461477813377577 -0.7841371226364848 0
      vertex -25.461477813377577 -0.7841371226364848 8
      vertex -25.5 0 0
    endloop
  endfacet
  facet normal 0 0 -1
    outer loop
      vertex -25.5 0 0
      vertex -18.560642657858494 5.015677155216201 0
      vertex -18.36103772282145 4.921271051849605 0
    endloop
  endfacet
  facet normal 0 0 -1
    outer loop
      vertex -25.5 0 0
      vertex -18.750033024294105 5.129193372319273 0
      vertex -18.560642657858494 5.015677155216201 0
    endloop
  endfacet
  facet normal 0 0 -1
    outer loop
      vertex -25.5 0 0
      vertex -18.927384889368202 5.260726479933842 0
      vertex -18.750033024294105 5.129193372319273 0
    endloop
  endfacet
  facet normal 0 0 -1
    outer loop
      vertex -25.5 0 0
      vertex -18.15314052382254 4.8468842446025295 0
      vertex -17.938953224536288 4.793233119092731 0
    endloop
  endfacet
  facet normal 0 0 -1
    outer loop
      vertex -25.5 0 0
      vertex -18.36103772282145 4.921271051849605 0
      vertex -18.15314052382254 4.8468842446025295 0
    endloop
  endfacet
  facet normal 0 0 -1
    outer loop
      vertex -25.5 0 0
      vertex -17.938953224536288 4.793233119092731 0
      vertex -17.72053856574151 4.7608343649875575 0
    endloop
  endfacet
  facet normal -1 0 0
    outer loop
      vertex -25.5 0 0
      vertex -25.5 0 8
      vertex -25.5 7 0
    endloop
  endfacet
  facet normal -0.9700312531945434 -0.24298017990326626 0
    outer loop
      vertex -25.346282243225843 -1.560722576129026 0
      vertex -25.15552268585767 -2.3222774180356986 8
      vertex -25.346282243225843 -1.560722576129026 8
    endloop
  endfacet
  facet normal -0.9891765099647806 -0.1467304744553646 0
    outer loop
      vertex -25.346282243225843 -1.560722576129026 0
      vertex -25.346282243225843 -1.560722576129026 8
      vertex -25.461477813377577 -0.7841371226364848 8
    endloop
  endfacet
  facet normal -0.9987954562051725 -0.04906767432741532 0
    outer loop
      vertex -25.5 0 0
      vertex -25.461477813377577 -0.7841371226364848 8
      vertex -25.5 0 8
    endloop
  endfacet
  facet normal 0 -1 0
    outer loop
      vertex -17.5 -8 0
      vertex 17.5 -8 0
      vertex -17.5 -8 8
    endloop
  endfacet
  facet normal 0 0 -1
    outer loop
      vertex -17.5 -8 0
      vertex -25.5 0 0
      vertex 25.5 0 0
    endloop
  endfacet
  facet normal 0 0 -1
    outer loop
      vertex -25.5 0 0
      vertex -17.72053856574151 4.7608343649875575 0
      vertex 25.5 0 0
    endloop
  endfacet
  facet normal 0 0 -1
    outer loop
      vertex -17.72053856574151 4.7608343649875575 0
      vertex -17.5 4.75 0
      vertex 25.5 0 0
    endloop
  endfacet
  facet normal 0 0 -1
    outer loop
      vertex -17.5 4.75 0
      vertex -17.27946143425849 4.7608343649875575 0
      vertex 25.5 0 0
    endloop
  endfacet
  facet normal 0 0 -1
    outer loop
      vertex -17.27946143425849 4.7608343649875575 0
      vertex -17.061046775463712 4.793233119092731 0
      vertex 25.5 0 0
    endloop
  endfacet
  facet normal 0 0 -1
    outer loop
      vertex -17.061046775463712 4.793233119092731 0
      vertex -16.84685947617746 4.8468842446025295 0
      vertex 25.5 0 0
    endloop
  endfacet
  facet normal 0 0 -1
    outer loop
      vertex -16.84685947617746 4.8468842446025295 0
      vertex -16.63896227717855 4.921271051849605 0
      vertex 25.5 0 0
    endloop
  endfacet
  facet normal 0 0 -1
    outer loop
      vertex -16.63896227717855 4.921271051849605 0
      vertex -16.439357342141506 5.015677155216201 0
      vertex 25.5 0 0
    endloop
  endfacet
  facet normal 0 0 -1
    outer loop
      vertex -16.439357342141506 5.015677155216201 0
      vertex -16.249966975705895 5.129193372319273 0
      vertex 25.5 0 0
    endloop
  endfacet
  facet normal 0 0 -1
    outer loop
      vertex -16.249966975705895 5.129193372319273 0
      vertex -16.072615110631798 5.260726479933842 0
      vertex 25.5 0 0
    endloop
  endfacet
  facet normal 0 0 1
    outer loop
      vertex -22.575146273309166 -6.184083626901896 8
      vertex -21.944561864156817 -6.651756898420362 8
      vertex -23.15685424949238 -5.656854249492381 8
    endloop
  endfacet
  facet normal 0 0 1
    outer loop
      vertex -23.15685424949238 -5.656854249492381 8
      vertex -21.944561864156817 -6.651756898420362 8
      vertex -20.561467458920717 -7.391036260090294 8
    endloop
  endfacet
  facet normal 0 0 1
    outer loop
      vertex -21.944561864156817 -6.651756898420362 8
      vertex -21.27117389460798 -7.05537011478684 8
      vertex -20.561467458920717 -7.391036260090294 8
    endloop
  endfacet
  facet normal 0 0 1
    outer loop
      vertex -20.561467458920717 -7.391036260090294 8
      vertex -19.8222774180357 -7.655522685857671 8
      vertex -19.060722576129027 -7.8462822432258434 8
    endloop
  endfacet
  facet normal 0 0 1
    outer loop
      vertex -23.15685424949238 -5.656854249492381 8
      vertex -20.561467458920717 -7.391036260090294 8
      vertex -17.5 -8 8
    endloop
  endfacet
  facet normal 0 0 1
    outer loop
      vertex -23.15685424949238 -5.656854249492381 8
      vertex -24.891036260090296 -3.0614674589207183 8
      vertex -24.151756898420363 -4.444561864156817 8
    endloop
  endfacet
  facet normal 0 0 1
    outer loop
      vertex -24.151756898420363 -4.444561864156817 8
      vertex -24.891036260090296 -3.0614674589207183 8
      vertex -24.55537011478684 -3.771173894607981 8
    endloop
  endfacet
  facet normal 0 0 1
    outer loop
      vertex -23.15685424949238 -5.656854249492381 8
      vertex -24.151756898420363 -4.444561864156817 8
      vertex -23.684083626901895 -5.075146273309164 8
    endloop
  endfacet
  facet normal 0 0 1
    outer loop
      vertex -24.891036260090296 -3.0614674589207183 8
      vertex -25.346282243225843 -1.560722576129026 8
      vertex -25.15552268585767 -2.3222774180356986 8
    endloop
  endfacet
  facet normal 0 0 1
    outer loop
      vertex -23.15685424949238 -5.656854249492381 8
      vertex -25.5 0 8
      vertex -24.891036260090296 -3.0614674589207183 8
    endloop
  endfacet
  facet normal 0 0 1
    outer loop
      vertex -23.15685424949238 -5.656854249492381 8
      vertex -17.5 -8 8
      vertex -25.5 0 8
    endloop
  endfacet
  facet normal 0 0 1
    outer loop
      vertex -20.561467458920717 -7.391036260090294 8
      vertex -19.060722576129027 -7.8462822432258434 8
      vertex -17.5 -8 8
    endloop
  endfacet
  facet normal 0 0 1
    outer loop
      vertex -19.060722576129027 -7.8462822432258434 8
      vertex -18.284137122636483 -7.961477813377575 8
      vertex -17.5 -8 8
    endloop
  endfacet
  facet normal 0 0 1
    outer loop
      vertex -24.891036260090296 -3.0614674589207183 8
      vertex -25.5 0 8
      vertex -25.346282243225843 -1.560722576129026 8
    endloop
  endfacet
  facet normal 0 0 1
    outer loop
      vertex -25.346282243225843 -1.560722576129026 8
      vertex -25.5 0 8
      vertex -25.461477813377577 -0.7841371226364848 8
    endloop
  endfacet
  facet normal 0 0 1
    outer loop
      vertex -17.5 -8 8
      vertex -17.938953224536288 4.793233119092731 8
      vertex -25.5 0 8
    endloop
  endfacet
  facet normal 0 0 1
    outer loop
      vertex -25.5 0 8
      vertex -18.36103772282145 4.921271051849605 8
      vertex -18.560642657858494 5.015677155216201 8
    endloop
  endfacet
  facet normal 0 0 1
    outer loop
      vertex -25.5 0 8
      vertex -18.560642657858494 5.015677155216201 8
      vertex -18.750033024294105 5.129193372319273 8
    endloop
  endfacet
  facet normal 0 0 1
    outer loop
      vertex -25.5 0 8
      vertex -18.750033024294105 5.129193372319273 8
      vertex -18.927384889368202 5.260726479933842 8
    endloop
  endfacet
  facet normal 0 0 1
    outer loop
      vertex -25.5 0 8
      vertex -17.938953224536288 4.793233119092731 8
      vertex -18.15314052382254 4.8468842446025295 8
    endloop
  endfacet
  facet normal 0 0 1
    outer loop
      vertex -25.5 0 8
      vertex -18.15314052382254 4.8468842446025295 8
      vertex -18.36103772282145 4.921271051849605 8
    endloop
  endfacet
  facet normal 0 0 1
    outer loop
      vertex -17.5 -8 8
      vertex -17.72053856574151 4.7608343649875575 8
      vertex -17.938953224536288 4.793233119092731 8
    endloop
  endfacet
  facet normal 0 0 1
    outer loop
      vertex -17.5 -8 8
      vertex -17.5 4.75 8
      vertex -17.72053856574151 4.7608343649875575 8
    endloop
  endfacet
  facet normal 0 0 1
    outer loop
      vertex -17.5 -8 8
      vertex -17.27946143425849 4.7608343649875575 8
      vertex -17.5 4.75 8
    endloop
  endfacet
  facet normal 0 0 1
    outer loop
      vertex -17.5 -8 8
      vertex -5.821830651032352 0.5734002709279294 8
      vertex -17.27946143425849 4.7608343649875575 8
    endloop
  endfacet
  facet normal 0 0 1
    outer loop
      vertex -17.5 -8 8
      vertex -3.711200712357326 -4.522111152172011 8
      vertex -4.136574669941303 -4.136574669941303 8
    endloop
  endfacet
  facet normal 0 0 1
    outer loop
      vertex -17.5 -8 8
      vertex -3.2500858631646725 -4.86409723196989 8
      vertex -3.711200712357326 -4.522111152172011 8
    endloop
  endfacet
  facet normal 0 0 1
    outer loop
      vertex -17.5 -8 8
      vertex -4.136574669941303 -4.136574669941303 8
      vertex -4.522111152172011 -3.711200712357326 8
    endloop
  endfacet
  facet normal 0 0 1
    outer loop
      vertex -17.5 -8 8
      vertex -2.7576709104320862 -5.159239396437877 8
      vertex -3.2500858631646725 -4.86409723196989 8
    endloop
  endfacet
  facet normal 0 0 1
    outer loop
      vertex -17.5 -8 8
      vertex -2.238698079335775 -5.404695265191027 8
      vertex -2.7576709104320862 -5.159239396437877 8
    endloop
  endfacet
  facet normal 0 0 1
    outer loop
      vertex -17.5 -8 8
      vertex -1.14127838379435 -5.737593890358898 8
      vertex -1.6981653619386046 -5.598100964033422 8
    endloop
  endfacet
  facet normal 0 0 1
    outer loop
      vertex -17.5 -8 8
      vertex -1.6981653619386046 -5.598100964033422 8
      vertex -2.238698079335775 -5.404695265191027 8
    endloop
  endfacet
  facet normal 0 0 1
    outer loop
      vertex -17.5 -8 8
      vertex -0.5734002709279294 -5.821830651032352 8
      vertex -1.14127838379435 -5.737593890358898 8
    endloop
  endfacet
  facet normal 0 0 1
    outer loop
      vertex -17.5 -8 8
      vertex -5.598100964033422 -1.6981653619386046 8
      vertex -5.737593890358898 -1.14127838379435 8
    endloop
  endfacet
  facet normal 0 0 1
    outer loop
      vertex -17.5 -8 8
      vertex -5.737593890358898 -1.14127838379435 8
      vertex -5.821830651032352 -0.5734002709279294 8
    endloop
  endfacet
  facet normal 0 0 1
    outer loop
      vertex -17.5 -8 8
      vertex -5.821830651032352 -0.5734002709279294 8
      vertex -5.85 0 8
    endloop
  endfacet
  facet normal 0 0 1
    outer loop
      vertex -17.5 -8 8
      vertex -5.85 0 8
      vertex -5.821830651032352 0.5734002709279294 8
    endloop
  endfacet
  facet normal 0 0 1
    outer loop
      vertex -17.5 -8 8
      vertex -4.522111152172011 -3.711200712357326 8
      vertex -4.86409723196989 -3.2500858631646725 8
    endloop
  endfacet
  facet normal 0 0 1
    outer loop
      vertex -17.5 -8 8
      vertex -4.86409723196989 -3.2500858631646725 8
      vertex -5.159239396437877 -2.7576709104320862 8
    endloop
  endfacet
  facet normal 0 0 1
    outer loop
      vertex -17.5 -8 8
      vertex -5.159239396437877 -2.7576709104320862 8
      vertex -5.404695265191027 -2.238698079335775 8
    endloop
  endfacet
  facet normal 0 0 1
    outer loop
      vertex -17.5 -8 8
      vertex -5.404695265191027 -2.238698079335775 8
      vertex -5.598100964033422 -1.6981653619386046 8
    endloop
  endfacet
  facet normal 0 0 1
    outer loop
      vertex -17.27946143425849 4.7608343649875575 8
      vertex -5.821830651032352 0.5734002709279294 8
      vertex -5.737593890358898 1.14127838379435 8
    endloop
  endfacet
  facet normal 0 0 1
    outer loop
      vertex -17.27946143425849 4.7608343649875575 8
      vertex -5.737593890358898 1.14127838379435 8
      vertex -5.598100964033422 1.6981653619386046 8
    endloop
  endfacet
  facet normal 0 0 1
    outer loop
      vertex -17.27946143425849 4.7608343649875575 8
      vertex -5.598100964033422 1.6981653619386046 8
      vertex -5.404695265191027 2.238698079335775 8
    endloop
  endfacet
  facet normal 0 0 1
    outer loop
      vertex -17.27946143425849 4.7608343649875575 8
      vertex -5.404695265191027 2.238698079335775 8
      vertex -5.159239396437877 2.7576709104320862 8
    endloop
  endfacet
  facet normal 0 0 -1
    outer loop
      vertex -25.5 0 0
      vertex -25.5 7 0
      vertex -25.461477813377577 7.784137122636485 0
    endloop
  endfacet
  facet normal 0 0 -1
    outer loop
      vertex -25.5 0 0
      vertex -25.461477813377577 7.784137122636485 0
      vertex -24.55537011478684 10.771173894607982 0
    endloop
  endfacet
  facet normal 0 0 -1
    outer loop
      vertex -25.5 0 0
      vertex -19.578728948150395 6.138962277178548 0
      vertex -19.484322844783797 5.939357342141506 0
    endloop
  endfacet
  facet normal 0 0 -1
    outer loop
      vertex -25.5 0 0
      vertex -19.65311575539747 6.3468594761774595 0
      vertex -19.578728948150395 6.138962277178548 0
    endloop
  endfacet
  facet normal 0 0 -1
    outer loop
      vertex -25.5 0 0
      vertex -19.09099025766973 5.409009742330268 0
      vertex -18.927384889368202 5.260726479933842 0
    endloop
  endfacet
  facet normal 0 0 -1
    outer loop
      vertex -25.5 0 0
      vertex -19.23927352006616 5.572615110631798 0
      vertex -19.09099025766973 5.409009742330268 0
    endloop
  endfacet
  facet normal 0 0 -1
    outer loop
      vertex -25.5 0 0
      vertex -19.370806627680725 5.749966975705895 0
      vertex -19.23927352006616 5.572615110631798 0
    endloop
  endfacet
  facet normal 0 0 -1
    outer loop
      vertex -25.5 0 0
      vertex -19.484322844783797 5.939357342141506 0
      vertex -19.370806627680725 5.749966975705895 0
    endloop
  endfacet
  facet normal 0 0 -1
    outer loop
      vertex -25.5 0 0
      vertex -19.706766880907267 6.561046775463711 0
      vertex -19.65311575539747 6.3468594761774595 0
    endloop
  endfacet
  facet normal 0 0 -1
    outer loop
      vertex -25.5 0 0
      vertex -19.739165635012444 6.779461434258488 0
      vertex -19.706766880907267 6.561046775463711 0
    endloop
  endfacet
  facet normal 0 0 -1
    outer loop
      vertex -25.5 0 0
      vertex -19.75 7 0
      vertex -19.739165635012444 6.779461434258488 0
    endloop
  endfacet
  facet normal 0 0 -1
    outer loop
      vertex -25.5 0 0
      vertex -19.739165635012444 7.220538565741512 0
      vertex -19.75 7 0
    endloop
  endfacet
  facet normal 0 0 -1
    outer loop
      vertex -25.5 0 0
      vertex -19.706766880907267 7.438953224536289 0
      vertex -19.739165635012444 7.220538565741512 0
    endloop
  endfacet
  facet normal 0 0 -1
    outer loop
      vertex -25.5 0 0
      vertex -19.65311575539747 7.6531405238225405 0
      vertex -19.706766880907267 7.438953224536289 0
    endloop
  endfacet
  facet normal 0 0 -1
    outer loop
      vertex -25.5 0 0
      vertex -19.578728948150395 7.861037722821452 0
      vertex -19.65311575539747 7.6531405238225405 0
    endloop
  endfacet
  facet normal 0 0 -1
    outer loop
      vertex -25.5 0 0
      vertex -19.484322844783797 8.060642657858494 0
      vertex -19.578728948150395 7.861037722821452 0
    endloop
  endfacet
  facet normal 0 0 -1
    outer loop
      vertex -25.5 0 0
      vertex -19.370806627680725 8.250033024294105 0
      vertex -19.484322844783797 8.060642657858494 0
    endloop
  endfacet
  facet normal 0 0 -1
    outer loop
      vertex -25.5 0 0
      vertex -19.23927352006616 8.427384889368202 0
      vertex -19.370806627680725 8.250033024294105 0
    endloop
  endfacet
  facet normal 0 0 -1
    outer loop
      vertex -25.461477813377577 7.784137122636485 0
      vertex -25.346282243225843 8.560722576129026 0
      vertex -25.15552268585767 9.322277418035698 0
    endloop
  endfacet
  facet normal 0 0 -1
    outer loop
      vertex -25.5 0 0
      vertex -24.55537011478684 10.771173894607982 0
      vertex -17.5 15 0
    endloop
  endfacet
  facet normal 0 0 -1
    outer loop
      vertex -25.5 0 0
      vertex -17.5 15 0
      vertex -19.23927352006616 8.427384889368202 0
    endloop
  endfacet
  facet normal -0.9987954562051725 0.049067674327415295 1.8192452470249422e-19
    outer loop
      vertex -25.5 7 0
      vertex -25.461477813377577 7.784137122636485 8
      vertex -25.461477813377577 7.784137122636485 0
    endloop
  endfacet
  facet normal -0.9891765099647805 0.14673047445536475 0
    outer loop
      vertex -25.461477813377577 7.784137122636485 0
      vertex -25.461477813377577 7.784137122636485 8
      vertex -25.346282243225843 8.560722576129026 0
    endloop
  endfacet
  facet normal -0.9700312531945434 0.24298017990326626 -1.60226080629803e-19
    outer loop
      vertex -25.346282243225843 8.560722576129026 0
      vertex -25.15552268585767 9.322277418035698 8
      vertex -25.15552268585767 9.322277418035698 0
    endloop
  endfacet
  facet normal -1 0 0
    outer loop
      vertex -25.5 0 8
      vertex -25.5 7 8
      vertex -25.5 7 0
    endloop
  endfacet
  facet normal -0.9987954562051725 0.049067674327415295 0
    outer loop
      vertex -25.5 7 0
      vertex -25.5 7 8
      vertex -25.461477813377577 7.784137122636485 8
    endloop
  endfacet
  facet normal -0.9891765099647805 0.14673047445536475 0
    outer loop
      vertex -25.346282243225843 8.560722576129026 0
      vertex -25.461477813377577 7.784137122636485 8
      vertex -25.346282243225843 8.560722576129026 8
    endloop
  endfacet
  facet normal -0.9700312531945434 0.24298017990326626 0
    outer loop
      vertex -25.346282243225843 8.560722576129026 0
      vertex -25.346282243225843 8.560722576129026 8
      vertex -25.15552268585767 9.322277418035698 8
    endloop
  endfacet
  facet normal 0 0 -1
    outer loop
      vertex -25.461477813377577 7.784137122636485 0
      vertex -25.15552268585767 9.322277418035698 0
      vertex -24.55537011478684 10.771173894607982 0
    endloop
  endfacet
  facet normal 0 0 -1
    outer loop
      vertex -25.15552268585767 9.322277418035698 0
      vertex -24.891036260090296 10.061467458920719 0
      vertex -24.55537011478684 10.771173894607982 0
    endloop
  endfacet
  facet normal 0 0 -1
    outer loop
      vertex -24.55537011478684 10.771173894607982 0
      vertex -24.151756898420363 11.444561864156817 0
      vertex -23.684083626901895 12.075146273309164 0
    endloop
  endfacet
  facet normal -0.9415440651830225 0.33688985339221533 -7.642796486885728e-20
    outer loop
      vertex -25.15552268585767 9.322277418035698 0
      vertex -24.891036260090296 10.061467458920719 8
      vertex -24.891036260090296 10.061467458920719 0
    endloop
  endfacet
  facet normal -0.9039892931234421 0.42755509343028464 -5.566371058989817e-19
    outer loop
      vertex -24.891036260090296 10.061467458920719 0
      vertex -24.55537011478684 10.771173894607982 8
      vertex -24.55537011478684 10.771173894607982 0
    endloop
  endfacet
  facet normal -0.8577286100002727 0.5141027441932207 0
    outer loop
      vertex -24.55537011478684 10.771173894607982 0
      vertex -24.55537011478684 10.771173894607982 8
      vertex -24.151756898420363 11.444561864156817 0
    endloop
  endfacet
  facet normal -0.8032075314806442 0.5956993044924344 4.023398715442953e-18
    outer loop
      vertex -24.151756898420363 11.444561864156817 0
      vertex -23.684083626901895 12.075146273309164 8
      vertex -23.684083626901895 12.075146273309164 0
    endloop
  endfacet
  facet normal 0 0 -1
    outer loop
      vertex -24.55537011478684 10.771173894607982 0
      vertex -23.684083626901895 12.075146273309164 0
      vertex -21.944561864156817 13.651756898420363 0
    endloop
  endfacet
  facet normal 0 0 -1
    outer loop
      vertex -23.684083626901895 12.075146273309164 0
      vertex -23.15685424949238 12.65685424949238 0
      vertex -21.944561864156817 13.651756898420363 0
    endloop
  endfacet
  facet normal 0 0 -1
    outer loop
      vertex -23.15685424949238 12.65685424949238 0
      vertex -22.575146273309166 13.184083626901895 0
      vertex -21.944561864156817 13.651756898420363 0
    endloop
  endfacet
  facet normal 0 0 -1
    outer loop
      vertex -24.55537011478684 10.771173894607982 0
      vertex -21.944561864156817 13.651756898420363 0
      vertex -17.5 15 0
    endloop
  endfacet
  facet normal 0 0 -1
    outer loop
      vertex -21.944561864156817 13.651756898420363 0
      vertex -21.27117389460798 14.05537011478684 0
      vertex -19.8222774180357 14.65552268585767 0
    endloop
  endfacet
  facet normal 0 0 -1
    outer loop
      vertex -21.27117389460798 14.05537011478684 0
      vertex -20.561467458920717 14.391036260090294 0
      vertex -19.8222774180357 14.65552268585767 0
    endloop
  endfacet
  facet normal 0 0 -1
    outer loop
      vertex -21.944561864156817 13.651756898420363 0
      vertex -19.8222774180357 14.65552268585767 0
      vertex -17.5 15 0
    endloop
  endfacet
  facet normal -0.7409511253549589 0.6715589548470186 0
    outer loop
      vertex -23.684083626901895 12.075146273309164 0
      vertex -23.684083626901895 12.075146273309164 8
      vertex -23.15685424949238 12.65685424949238 0
    endloop
  endfacet
  facet normal -0.6715589548470197 0.7409511253549579 0
    outer loop
      vertex -23.15685424949238 12.65685424949238 0
      vertex -23.15685424949238 12.65685424949238 8
      vertex -22.575146273309166 13.184083626901895 0
    endloop
  endfacet
  facet normal -0.5956993044924334 0.8032075314806449 3.7188680932327615e-18
    outer loop
      vertex -22.575146273309166 13.184083626901895 0
      vertex -21.944561864156817 13.651756898420363 8
      vertex -21.944561864156817 13.651756898420363 0
    endloop
  endfacet
  facet normal -0.5141027441932196 0.8577286100002732 0
    outer loop
      vertex -21.944561864156817 13.651756898420363 0
      vertex -21.944561864156817 13.651756898420363 8
      vertex -21.27117389460798 14.05537011478684 0
    endloop
  endfacet
  facet normal -0.42755509343028275 0.903989293123443 0
    outer loop
      vertex -21.27117389460798 14.05537011478684 0
      vertex -21.27117389460798 14.05537011478684 8
      vertex -20.561467458920717 14.391036260090294 0
    endloop
  endfacet
  facet normal -0.3368898533922208 0.9415440651830205 -1.1279230809550301e-18
    outer loop
      vertex -20.561467458920717 14.391036260090294 0
      vertex -19.8222774180357 14.65552268585767 8
      vertex -19.8222774180357 14.65552268585767 0
    endloop
  endfacet
  facet normal -0.24298017990326415 0.970031253194544 0
    outer loop
      vertex -19.8222774180357 14.65552268585767 0
      vertex -19.8222774180357 14.65552268585767 8
      vertex -19.060722576129027 14.846282243225843 0
    endloop
  endfacet
  facet normal 0 0 -1
    outer loop
      vertex -19.23927352006616 8.427384889368202 0
      vertex -17.5 15 0
      vertex -19.09099025766973 8.590990257669732 0
    endloop
  endfacet
  facet normal 0 0 -1
    outer loop
      vertex -15.760726479933842 8.427384889368202 0
      vertex -15.909009742330268 8.590990257669732 0
      vertex -17.5 15 0
    endloop
  endfacet
  facet normal 0 0 -1
    outer loop
      vertex -15.515677155216201 8.060642657858494 0
      vertex -15.629193372319273 8.250033024294105 0
      vertex -17.5 15 0
    endloop
  endfacet
  facet normal 0 0 -1
    outer loop
      vertex -15.629193372319273 8.250033024294105 0
      vertex -15.760726479933842 8.427384889368202 0
      vertex -17.5 15 0
    endloop
  endfacet
  facet normal 0 0 -1
    outer loop
      vertex -19.09099025766973 8.590990257669732 0
      vertex -17.5 15 0
      vertex -18.927384889368202 8.739273520066158 0
    endloop
  endfacet
  facet normal 0 0 -1
    outer loop
      vertex -18.927384889368202 8.739273520066158 0
      vertex -17.5 15 0
      vertex -18.750033024294105 8.870806627680727 0
    endloop
  endfacet
  facet normal 0 0 -1
    outer loop
      vertex -18.750033024294105 8.870806627680727 0
      vertex -17.5 15 0
      vertex -18.560642657858494 8.984322844783799 0
    endloop
  endfacet
  facet normal 0 0 -1
    outer loop
      vertex -18.560642657858494 8.984322844783799 0
      vertex -17.5 15 0
      vertex -18.36103772282145 9.078728948150395 0
    endloop
  endfacet
  facet normal 0 0 -1
    outer loop
      vertex -18.36103772282145 9.078728948150395 0
      vertex -17.5 15 0
      vertex -18.15314052382254 9.15311575539747 0
    endloop
  endfacet
  facet normal 0 0 -1
    outer loop
      vertex -18.15314052382254 9.15311575539747 0
      vertex -17.5 15 0
      vertex -17.938953224536288 9.206766880907269 0
    endloop
  endfacet
  facet normal 0 0 -1
    outer loop
      vertex -17.938953224536288 9.206766880907269 0
      vertex -17.5 15 0
      vertex -17.72053856574151 9.239165635012442 0
    endloop
  endfacet
  facet normal 0 0 -1
    outer loop
      vertex -17.72053856574151 9.239165635012442 0
      vertex -17.5 15 0
      vertex -17.5 9.25 0
    endloop
  endfacet
  facet normal 0 0 -1
    outer loop
      vertex -16.439357342141506 8.984322844783799 0
      vertex -16.63896227717855 9.078728948150395 0
      vertex -17.5 15 0
    endloop
  endfacet
  facet normal 0 0 -1
    outer loop
      vertex -17.27946143425849 9.239165635012442 0
      vertex -17.5 9.25 0
      vertex -17.5 15 0
    endloop
  endfacet
  facet normal 0 0 -1
    outer loop
      vertex -17.061046775463712 9.206766880907269 0
      vertex -17.5 15 0
      vertex -16.84685947617746 9.15311575539747 0
    endloop
  endfacet
  facet normal 0 0 -1
    outer loop
      vertex -17.27946143425849 9.239165635012442 0
      vertex -17.5 15 0
      vertex -17.061046775463712 9.206766880907269 0
    endloop
  endfacet
  facet normal 0 0 -1
    outer loop
      vertex -16.84685947617746 9.15311575539747 0
      vertex -17.5 15 0
      vertex -16.63896227717855 9.078728948150395 0
    endloop
  endfacet
  facet normal 0 0 -1
    outer loop
      vertex -16.072615110631798 8.739273520066158 0
      vertex -17.5 15 0
      vertex -15.909009742330268 8.590990257669732 0
    endloop
  endfacet
  facet normal 0 0 -1
    outer loop
      vertex -16.249966975705895 8.870806627680727 0
      vertex -16.439357342141506 8.984322844783799 0
      vertex -17.5 15 0
    endloop
  endfacet
  facet normal 0 0 -1
    outer loop
      vertex -16.249966975705895 8.870806627680727 0
      vertex -17.5 15 0
      vertex -16.072615110631798 8.739273520066158 0
    endloop
  endfacet
  facet normal 0 0 -1
    outer loop
      vertex -19.8222774180357 14.65552268585767 0
      vertex -19.060722576129027 14.846282243225843 0
      vertex -17.5 15 0
    endloop
  endfacet
  facet normal 0 0 -1
    outer loop
      vertex -19.060722576129027 14.846282243225843 0
      vertex -18.284137122636483 14.961477813377575 0
      vertex -17.5 15 0
    endloop
  endfacet
  facet normal -0.1467304744553619 0.9891765099647809 7.322623656908063e-19
    outer loop
      vertex -19.060722576129027 14.846282243225843 0
      vertex -18.284137122636483 14.961477813377575 8
      vertex -18.284137122636483 14.961477813377575 0
    endloop
  endfacet
  facet normal -0.04906767432741766 0.9987954562051724 0
    outer loop
      vertex -18.284137122636483 14.961477813377575 0
      vertex -18.284137122636483 14.961477813377575 8
      vertex -17.5 15 0
    endloop
  endfacet
  facet normal -0.9415440651830225 0.33688985339221533 0
    outer loop
      vertex -25.15552268585767 9.322277418035698 0
      vertex -25.15552268585767 9.322277418035698 8
      vertex -24.891036260090296 10.061467458920719 8
    endloop
  endfacet
  facet normal -0.9039892931234421 0.42755509343028464 0
    outer loop
      vertex -24.891036260090296 10.061467458920719 0
      vertex -24.891036260090296 10.061467458920719 8
      vertex -24.55537011478684 10.771173894607982 8
    endloop
  endfacet
  facet normal -0.8577286100002727 0.5141027441932207 0
    outer loop
      vertex -24.151756898420363 11.444561864156817 0
      vertex -24.55537011478684 10.771173894607982 8
      vertex -24.151756898420363 11.444561864156817 8
    endloop
  endfacet
  facet normal -0.8032075314806442 0.5956993044924344 0
    outer loop
      vertex -24.151756898420363 11.444561864156817 0
      vertex -24.151756898420363 11.444561864156817 8
      vertex -23.684083626901895 12.075146273309164 8
    endloop
  endfacet
  facet normal -0.7409511253549589 0.6715589548470186 0
    outer loop
      vertex -23.15685424949238 12.65685424949238 0
      vertex -23.684083626901895 12.075146273309164 8
      vertex -23.15685424949238 12.65685424949238 8
    endloop
  endfacet
  facet normal -0.6715589548470197 0.7409511253549579 0
    outer loop
      vertex -22.575146273309166 13.184083626901895 0
      vertex -23.15685424949238 12.65685424949238 8
      vertex -22.575146273309166 13.184083626901895 8
    endloop
  endfacet
  facet normal -0.5956993044924334 0.8032075314806449 0
    outer loop
      vertex -22.575146273309166 13.184083626901895 0
      vertex -22.575146273309166 13.184083626901895 8
      vertex -21.944561864156817 13.651756898420363 8
    endloop
  endfacet
  facet normal -0.5141027441932196 0.8577286100002732 0
    outer loop
      vertex -21.27117389460798 14.05537011478684 0
      vertex -21.944561864156817 13.651756898420363 8
      vertex -21.27117389460798 14.05537011478684 8
    endloop
  endfacet
  facet normal -0.42755509343028275 0.903989293123443 0
    outer loop
      vertex -20.561467458920717 14.391036260090294 0
      vertex -21.27117389460798 14.05537011478684 8
      vertex -20.561467458920717 14.391036260090294 8
    endloop
  endfacet
  facet normal -0.3368898533922208 0.9415440651830205 0
    outer loop
      vertex -20.561467458920717 14.391036260090294 0
      vertex -20.561467458920717 14.391036260090294 8
      vertex -19.8222774180357 14.65552268585767 8
    endloop
  endfacet
  facet normal -0.24298017990326415 0.970031253194544 0
    outer loop
      vertex -19.060722576129027 14.846282243225843 0
      vertex -19.8222774180357 14.65552268585767 8
      vertex -19.060722576129027 14.846282243225843 8
    endloop
  endfacet
  facet normal -0.1467304744553619 0.9891765099647809 0
    outer loop
      vertex -19.060722576129027 14.846282243225843 0
      vertex -19.060722576129027 14.846282243225843 8
      vertex -18.284137122636483 14.961477813377575 8
    endloop
  endfacet
  facet normal -0.04906767432741766 0.9987954562051724 0
    outer loop
      vertex -17.5 15 0
      vertex -18.284137122636483 14.961477813377575 8
      vertex -17.5 15 8
    endloop
  endfacet
  facet normal 0 0 -1
    outer loop
      vertex -16.072615110631798 5.260726479933842 0
      vertex -15.909009742330268 5.409009742330268 0
      vertex 25.5 0 0
    endloop
  endfacet
  facet normal 0 0 -1
    outer loop
      vertex -15.909009742330268 5.409009742330268 0
      vertex -15.760726479933842 5.572615110631798 0
      vertex 25.5 0 0
    endloop
  endfacet
  facet normal 0 0 -1
    outer loop
      vertex -15.760726479933842 5.572615110631798 0
      vertex -15.629193372319273 5.749966975705895 0
      vertex 25.5 0 0
    endloop
  endfacet
  facet normal 0 0 -1
    outer loop
      vertex -15.629193372319273 5.749966975705895 0
      vertex -15.515677155216201 5.939357342141506 0
      vertex 25.5 0 0
    endloop
  endfacet
  facet normal 0 0 -1
    outer loop
      vertex -15.515677155216201 5.939357342141506 0
      vertex -15.421271051849605 6.138962277178548 0
      vertex 25.5 0 0
    endloop
  endfacet
  facet normal 0 0 -1
    outer loop
      vertex -15.421271051849605 6.138962277178548 0
      vertex -15.34688424460253 6.3468594761774595 0
      vertex 25.5 0 0
    endloop
  endfacet
  facet normal 0 0 -1
    outer loop
      vertex -15.34688424460253 6.3468594761774595 0
      vertex -15.293233119092731 6.561046775463711 0
      vertex 25.5 0 0
    endloop
  endfacet
  facet normal 0 0 -1
    outer loop
      vertex -15.293233119092731 6.561046775463711 0
      vertex -15.260834364987558 6.779461434258488 0
      vertex 25.5 0 0
    endloop
  endfacet
  facet normal 0 0 -1
    outer loop
      vertex -15.260834364987558 6.779461434258488 0
      vertex -15.25 7 0
      vertex 25.5 0 0
    endloop
  endfacet
  facet normal 0 0 -1
    outer loop
      vertex -15.25 7 0
      vertex -15.260834364987558 7.220538565741512 0
      vertex 25.5 0 0
    endloop
  endfacet
  facet normal 0 0 -1
    outer loop
      vertex -15.260834364987558 7.220538565741512 0
      vertex -15.293233119092731 7.438953224536289 0
      vertex 25.5 0 0
    endloop
  endfacet
  facet normal 0 0 -1
    outer loop
      vertex -15.293233119092731 7.438953224536289 0
      vertex -15.34688424460253 7.6531405238225405 0
      vertex 25.5 0 0
    endloop
  endfacet
  facet normal 0 0 -1
    outer loop
      vertex -15.34688424460253 7.6531405238225405 0
      vertex -15.421271051849605 7.861037722821452 0
      vertex 25.5 0 0
    endloop
  endfacet
  facet normal 0 0 -1
    outer loop
      vertex -15.421271051849605 7.861037722821452 0
      vertex -15.515677155216201 8.060642657858494 0
      vertex 25.5 0 0
    endloop
  endfacet
  facet normal 0 0 -1
    outer loop
      vertex -15.515677155216201 8.060642657858494 0
      vertex -17.5 15 0
      vertex 25.5 0 0
    endloop
  endfacet
  facet normal 0 1 0
    outer loop
      vertex -17.5 15 0
      vertex -17.5 15 8
      vertex 17.5 15 0
    endloop
  endfacet
  facet normal 0 0 1
    outer loop
      vertex -25.5 0 8
      vertex -25.461477813377577 7.784137122636485 8
      vertex -25.5 7 8
    endloop
  endfacet
  facet normal 0 0 1
    outer loop
      vertex -25.5 0 8
      vertex -24.55537011478684 10.771173894607982 8
      vertex -25.461477813377577 7.784137122636485 8
    endloop
  endfacet
  facet normal 0 0 1
    outer loop
      vertex -25.5 0 8
      vertex -19.484322844783797 5.939357342141506 8
      vertex -19.578728948150395 6.138962277178548 8
    endloop
  endfacet
  facet normal 0 0 1
    outer loop
      vertex -25.5 0 8
      vertex -19.578728948150395 6.138962277178548 8
      vertex -19.65311575539747 6.3468594761774595 8
    endloop
  endfacet
  facet normal 0 0 1
    outer loop
      vertex -25.5 0 8
      vertex -18.927384889368202 5.260726479933842 8
      vertex -19.09099025766973 5.409009742330268 8
    endloop
  endfacet
  facet normal 0 0 1
    outer loop
      vertex -25.5 0 8
      vertex -19.09099025766973 5.409009742330268 8
      vertex -19.23927352006616 5.572615110631798 8
    endloop
  endfacet
  facet normal 0 0 1
    outer loop
      vertex -25.5 0 8
      vertex -19.23927352006616 5.572615110631798 8
      vertex -19.370806627680725 5.749966975705895 8
    endloop
  endfacet
  facet normal 0 0 1
    outer loop
      vertex -25.5 0 8
      vertex -19.370806627680725 5.749966975705895 8
      vertex -19.484322844783797 5.939357342141506 8
    endloop
  endfacet
  facet normal 0 0 1
    outer loop
      vertex -25.5 0 8
      vertex -19.65311575539747 6.3468594761774595 8
      vertex -19.706766880907267 6.561046775463711 8
    endloop
  endfacet
  facet normal 0 0 1
    outer loop
      vertex -25.5 0 8
      vertex -19.706766880907267 6.561046775463711 8
      vertex -19.739165635012444 6.779461434258488 8
    endloop
  endfacet
  facet normal 0 0 1
    outer loop
      vertex -25.5 0 8
      vertex -19.739165635012444 6.779461434258488 8
      vertex -19.75 7 8
    endloop
  endfacet
  facet normal 0 0 1
    outer loop
      vertex -25.5 0 8
      vertex -19.75 7 8
      vertex -19.739165635012444 7.220538565741512 8
    endloop
  endfacet
  facet normal 0 0 1
    outer loop
      vertex -25.5 0 8
      vertex -19.739165635012444 7.220538565741512 8
      vertex -19.706766880907267 7.438953224536289 8
    endloop
  endfacet
  facet normal 0 0 1
    outer loop
      vertex -25.5 0 8
      vertex -19.706766880907267 7.438953224536289 8
      vertex -19.65311575539747 7.6531405238225405 8
    endloop
  endfacet
  facet normal 0 0 1
    outer loop
      vertex -25.5 0 8
      vertex -19.65311575539747 7.6531405238225405 8
      vertex -19.578728948150395 7.861037722821452 8
    endloop
  endfacet
  facet normal 0 0 1
    outer loop
      vertex -25.5 0 8
      vertex -19.578728948150395 7.861037722821452 8
      vertex -19.484322844783797 8.060642657858494 8
    endloop
  endfacet
  facet normal 0 0 1
    outer loop
      vertex -25.5 0 8
      vertex -19.484322844783797 8.060642657858494 8
      vertex -19.370806627680725 8.250033024294105 8
    endloop
  endfacet
  facet normal 0 0 1
    outer loop
      vertex -25.5 0 8
      vertex -19.370806627680725 8.250033024294105 8
      vertex -19.23927352006616 8.427384889368202 8
    endloop
  endfacet
  facet normal 0 0 1
    outer loop
      vertex -25.461477813377577 7.784137122636485 8
      vertex -25.15552268585767 9.322277418035698 8
      vertex -25.346282243225843 8.560722576129026 8
    endloop
  endfacet
  facet normal 0 0 1
    outer loop
      vertex -25.5 0 8
      vertex -17.5 15 8
      vertex -24.55537011478684 10.771173894607982 8
    endloop
  endfacet
  facet normal 0 0 1
    outer loop
      vertex -25.5 0 8
      vertex -19.23927352006616 8.427384889368202 8
      vertex -17.5 15 8
    endloop
  endfacet
  facet normal 0 0 1
    outer loop
      vertex -17.27946143425849 4.7608343649875575 8
      vertex -4.86409723196989 3.2500858631646725 8
      vertex -17.061046775463712 4.793233119092731 8
    endloop
  endfacet
  facet normal 0 0 1
    outer loop
      vertex -17.061046775463712 4.793233119092731 8
      vertex -4.86409723196989 3.2500858631646725 8
      vertex -16.84685947617746 4.8468842446025295 8
    endloop
  endfacet
  facet normal 0 0 1
    outer loop
      vertex -16.84685947617746 4.8468842446025295 8
      vertex -4.86409723196989 3.2500858631646725 8
      vertex -16.63896227717855 4.921271051849605 8
    endloop
  endfacet
  facet normal 0 0 1
    outer loop
      vertex -25.461477813377577 7.784137122636485 8
      vertex -24.55537011478684 10.771173894607982 8
      vertex -25.15552268585767 9.322277418035698 8
    endloop
  endfacet
  facet normal 0 0 1
    outer loop
      vertex -25.15552268585767 9.322277418035698 8
      vertex -24.55537011478684 10.771173894607982 8
      vertex -24.891036260090296 10.061467458920719 8
    endloop
  endfacet
  facet normal 0 0 1
    outer loop
      vertex -24.55537011478684 10.771173894607982 8
      vertex -23.684083626901895 12.075146273309164 8
      vertex -24.151756898420363 11.444561864156817 8
    endloop
  endfacet
  facet normal 0 0 1
    outer loop
      vertex -24.55537011478684 10.771173894607982 8
      vertex -21.944561864156817 13.651756898420363 8
      vertex -23.684083626901895 12.075146273309164 8
    endloop
  endfacet
  facet normal 0 0 1
    outer loop
      vertex -23.684083626901895 12.075146273309164 8
      vertex -21.944561864156817 13.651756898420363 8
      vertex -23.15685424949238 12.65685424949238 8
    endloop
  endfacet
  facet normal 0 0 1
    outer loop
      vertex -23.15685424949238 12.65685424949238 8
      vertex -21.944561864156817 13.651756898420363 8
      vertex -22.575146273309166 13.184083626901895 8
    endloop
  endfacet
  facet normal 0 0 1
    outer loop
      vertex -24.55537011478684 10.771173894607982 8
      vertex -17.5 15 8
      vertex -21.944561864156817 13.651756898420363 8
    endloop
  endfacet
  facet normal 0 0 1
    outer loop
      vertex -21.944561864156817 13.651756898420363 8
      vertex -19.8222774180357 14.65552268585767 8
      vertex -21.27117389460798 14.05537011478684 8
    endloop
  endfacet
  facet normal 0 0 1
    outer loop
      vertex -21.27117389460798 14.05537011478684 8
      vertex -19.8222774180357 14.65552268585767 8
      vertex -20.561467458920717 14.391036260090294 8
    endloop
  endfacet
  facet normal 0 0 1
    outer loop
      vertex -21.944561864156817 13.651756898420363 8
      vertex -17.5 15 8
      vertex -19.8222774180357 14.65552268585767 8
    endloop
  endfacet
  facet normal 0 0 1
    outer loop
      vertex -19.23927352006616 8.427384889368202 8
      vertex -19.09099025766973 8.590990257669732 8
      vertex -17.5 15 8
    endloop
  endfacet
  facet normal 0 0 1
    outer loop
      vertex -19.09099025766973 8.590990257669732 8
      vertex -18.927384889368202 8.739273520066158 8
      vertex -17.5 15 8
    endloop
  endfacet
  facet normal 0 0 1
    outer loop
      vertex -18.927384889368202 8.739273520066158 8
      vertex -18.750033024294105 8.870806627680727 8
      vertex -17.5 15 8
    endloop
  endfacet
  facet normal 0 0 1
    outer loop
      vertex -18.750033024294105 8.870806627680727 8
      vertex -18.560642657858494 8.984322844783799 8
      vertex -17.5 15 8
    endloop
  endfacet
  facet normal 0 0 1
    outer loop
      vertex -18.560642657858494 8.984322844783799 8
      vertex -18.36103772282145 9.078728948150395 8
      vertex -17.5 15 8
    endloop
  endfacet
  facet normal 0 0 1
    outer loop
      vertex -18.36103772282145 9.078728948150395 8
      vertex -18.15314052382254 9.15311575539747 8
      vertex -17.5 15 8
    endloop
  endfacet
  facet normal 0 0 1
    outer loop
      vertex -18.15314052382254 9.15311575539747 8
      vertex -17.938953224536288 9.206766880907269 8
      vertex -17.5 15 8
    endloop
  endfacet
  facet normal 0 0 1
    outer loop
      vertex -17.938953224536288 9.206766880907269 8
      vertex -17.72053856574151 9.239165635012442 8
      vertex -17.5 15 8
    endloop
  endfacet
  facet normal 0 0 1
    outer loop
      vertex -17.72053856574151 9.239165635012442 8
      vertex -17.5 9.25 8
      vertex -17.5 15 8
    endloop
  endfacet
  facet normal 0 0 1
    outer loop
      vertex -17.27946143425849 9.239165635012442 8
      vertex -17.5 15 8
      vertex -17.5 9.25 8
    endloop
  endfacet
  facet normal 0 0 1
    outer loop
      vertex -17.27946143425849 9.239165635012442 8
      vertex -17.061046775463712 9.206766880907269 8
      vertex -17.5 15 8
    endloop
  endfacet
  facet normal 0 0 1
    outer loop
      vertex -19.8222774180357 14.65552268585767 8
      vertex -18.284137122636483 14.961477813377575 8
      vertex -19.060722576129027 14.846282243225843 8
    endloop
  endfacet
  facet normal 0 0 1
    outer loop
      vertex -19.8222774180357 14.65552268585767 8
      vertex -17.5 15 8
      vertex -18.284137122636483 14.961477813377575 8
    endloop
  endfacet
  facet normal 0 0 1
    outer loop
      vertex -16.63896227717855 4.921271051849605 8
      vertex -4.86409723196989 3.2500858631646725 8
      vertex -16.439357342141506 5.015677155216201 8
    endloop
  endfacet
  facet normal 0 0 1
    outer loop
      vertex -16.439357342141506 5.015677155216201 8
      vertex -4.86409723196989 3.2500858631646725 8
      vertex -16.249966975705895 5.129193372319273 8
    endloop
  endfacet
  facet normal 0 0 1
    outer loop
      vertex -16.249966975705895 5.129193372319273 8
      vertex -4.86409723196989 3.2500858631646725 8
      vertex -16.072615110631798 5.260726479933842 8
    endloop
  endfacet
  facet normal 0 0 1
    outer loop
      vertex -16.072615110631798 5.260726479933842 8
      vertex -4.522111152172011 3.711200712357326 8
      vertex -15.909009742330268 5.409009742330268 8
    endloop
  endfacet
  facet normal 0 0 1
    outer loop
      vertex -15.909009742330268 5.409009742330268 8
      vertex -4.522111152172011 3.711200712357326 8
      vertex -15.760726479933842 5.572615110631798 8
    endloop
  endfacet
  facet normal 0 0 1
    outer loop
      vertex -15.760726479933842 5.572615110631798 8
      vertex -4.522111152172011 3.711200712357326 8
      vertex -15.629193372319273 5.749966975705895 8
    endloop
  endfacet
  facet normal 0 0 1
    outer loop
      vertex -15.629193372319273 5.749966975705895 8
      vertex -4.136574669941303 4.136574669941303 8
      vertex -15.515677155216201 5.939357342141506 8
    endloop
  endfacet
  facet normal 0 0 1
    outer loop
      vertex -15.515677155216201 5.939357342141506 8
      vertex -4.136574669941303 4.136574669941303 8
      vertex -15.421271051849605 6.138962277178548 8
    endloop
  endfacet
  facet normal 0 0 1
    outer loop
      vertex -15.421271051849605 6.138962277178548 8
      vertex -4.136574669941303 4.136574669941303 8
      vertex -15.34688424460253 6.3468594761774595 8
    endloop
  endfacet
  facet normal 0 0 1
    outer loop
      vertex -15.34688424460253 6.3468594761774595 8
      vertex -3.711200712357326 4.522111152172011 8
      vertex -15.293233119092731 6.561046775463711 8
    endloop
  endfacet
  facet normal 0 0 1
    outer loop
      vertex -15.293233119092731 6.561046775463711 8
      vertex -3.711200712357326 4.522111152172011 8
      vertex -15.260834364987558 6.779461434258488 8
    endloop
  endfacet
  facet normal 0 0 1
    outer loop
      vertex -15.260834364987558 6.779461434258488 8
      vertex -3.711200712357326 4.522111152172011 8
      vertex -15.25 7 8
    endloop
  endfacet
  facet normal 0 0 1
    outer loop
      vertex -15.25 7 8
      vertex -3.2500858631646725 4.86409723196989 8
      vertex -15.260834364987558 7.220538565741512 8
    endloop
  endfacet
  facet normal 0 0 1
    outer loop
      vertex -17.27946143425849 4.7608343649875575 8
      vertex -5.159239396437877 2.7576709104320862 8
      vertex -4.86409723196989 3.2500858631646725 8
    endloop
  endfacet
  facet normal 0 0 1
    outer loop
      vertex -16.072615110631798 5.260726479933842 8
      vertex -4.86409723196989 3.2500858631646725 8
      vertex -4.522111152172011 3.711200712357326 8
    endloop
  endfacet
  facet normal 0 0 1
    outer loop
      vertex -15.629193372319273 5.749966975705895 8
      vertex -4.522111152172011 3.711200712357326 8
      vertex -4.136574669941303 4.136574669941303 8
    endloop
  endfacet
  facet normal 0 0 1
    outer loop
      vertex -15.34688424460253 6.3468594761774595 8
      vertex -4.136574669941303 4.136574669941303 8
      vertex -3.711200712357326 4.522111152172011 8
    endloop
  endfacet
  facet normal 0 0 1
    outer loop
      vertex -15.25 7 8
      vertex -3.711200712357326 4.522111152172011 8
      vertex -3.2500858631646725 4.86409723196989 8
    endloop
  endfacet
  facet normal 0 0 1
    outer loop
      vertex -15.293233119092731 7.438953224536289 8
      vertex -3.2500858631646725 4.86409723196989 8
      vertex -2.7576709104320862 5.159239396437877 8
    endloop
  endfacet
  facet normal 0 0 1
    outer loop
      vertex -15.421271051849605 7.861037722821452 8
      vertex -2.7576709104320862 5.159239396437877 8
      vertex -2.238698079335775 5.404695265191027 8
    endloop
  endfacet
  facet normal 0 0 1
    outer loop
      vertex -15.260834364987558 7.220538565741512 8
      vertex -3.2500858631646725 4.86409723196989 8
      vertex -15.293233119092731 7.438953224536289 8
    endloop
  endfacet
  facet normal 0 0 1
    outer loop
      vertex -15.34688424460253 7.6531405238225405 8
      vertex -2.7576709104320862 5.159239396437877 8
      vertex -15.421271051849605 7.861037722821452 8
    endloop
  endfacet
  facet normal 0 0 1
    outer loop
      vertex -15.629193372319273 8.250033024294105 8
      vertex -2.238698079335775 5.404695265191027 8
      vertex -15.760726479933842 8.427384889368202 8
    endloop
  endfacet
  facet normal 0 0 1
    outer loop
      vertex -16.072615110631798 8.739273520066158 8
      vertex -15.909009742330268 8.590990257669732 8
      vertex -1.6981653619386046 5.598100964033422 8
    endloop
  endfacet
  facet normal 0 0 1
    outer loop
      vertex -16.249966975705895 8.870806627680727 8
      vertex -16.072615110631798 8.739273520066158 8
      vertex -1.6981653619386046 5.598100964033422 8
    endloop
  endfacet
  facet normal 0 0 1
    outer loop
      vertex -15.293233119092731 7.438953224536289 8
      vertex -2.7576709104320862 5.159239396437877 8
      vertex -15.34688424460253 7.6531405238225405 8
    endloop
  endfacet
  facet normal 0 0 1
    outer loop
      vertex -15.421271051849605 7.861037722821452 8
      vertex -2.238698079335775 5.404695265191027 8
      vertex -15.515677155216201 8.060642657858494 8
    endloop
  endfacet
  facet normal 0 0 1
    outer loop
      vertex -15.515677155216201 8.060642657858494 8
      vertex -2.238698079335775 5.404695265191027 8
      vertex -15.629193372319273 8.250033024294105 8
    endloop
  endfacet
  facet normal 0 0 1
    outer loop
      vertex -15.760726479933842 8.427384889368202 8
      vertex -1.6981653619386046 5.598100964033422 8
      vertex -15.909009742330268 8.590990257669732 8
    endloop
  endfacet
  facet normal 0 0 1
    outer loop
      vertex -17.061046775463712 9.206766880907269 8
      vertex -16.84685947617746 9.15311575539747 8
      vertex -1.14127838379435 5.737593890358898 8
    endloop
  endfacet
  facet normal 0 0 1
    outer loop
      vertex -16.249966975705895 8.870806627680727 8
      vertex -1.6981653619386046 5.598100964033422 8
      vertex -16.439357342141506 8.984322844783799 8
    endloop
  endfacet
  facet normal 0 0 1
    outer loop
      vertex -16.84685947617746 9.15311575539747 8
      vertex -16.63896227717855 9.078728948150395 8
      vertex -1.14127838379435 5.737593890358898 8
    endloop
  endfacet
  facet normal 0 0 1
    outer loop
      vertex -16.439357342141506 8.984322844783799 8
      vertex -1.14127838379435 5.737593890358898 8
      vertex -16.63896227717855 9.078728948150395 8
    endloop
  endfacet
  facet normal 0 0 1
    outer loop
      vertex -15.760726479933842 8.427384889368202 8
      vertex -2.238698079335775 5.404695265191027 8
      vertex -1.6981653619386046 5.598100964033422 8
    endloop
  endfacet
  facet normal 0 0 1
    outer loop
      vertex -16.439357342141506 8.984322844783799 8
      vertex -1.6981653619386046 5.598100964033422 8
      vertex -1.14127838379435 5.737593890358898 8
    endloop
  endfacet
  facet normal 0 0 1
    outer loop
      vertex -17.5 15 8
      vertex -1.14127838379435 5.737593890358898 8
      vertex -0.5734002709279294 5.821830651032352 8
    endloop
  endfacet
  facet normal 0 0 1
    outer loop
      vertex -17.5 15 8
      vertex -0.5734002709279294 5.821830651032352 8
      vertex 0 5.85 8
    endloop
  endfacet
  facet normal 0 0 1
    outer loop
      vertex -17.5 15 8
      vertex 0 5.85 8
      vertex 0.5734002709279294 5.821830651032352 8
    endloop
  endfacet
  facet normal 0 0 1
    outer loop
      vertex -17.5 15 8
      vertex 0.5734002709279294 5.821830651032352 8
      vertex 1.14127838379435 5.737593890358898 8
    endloop
  endfacet
  facet normal 0 0 1
    outer loop
      vertex -17.061046775463712 9.206766880907269 8
      vertex -1.14127838379435 5.737593890358898 8
      vertex -17.5 15 8
    endloop
  endfacet
  facet normal 0 0 -1
    outer loop
      vertex -17.5 -8 0
      vertex 19.060722576129027 -7.8462822432258434 0
      vertex 17.5 -8 0
    endloop
  endfacet
  facet normal 0 0 -1
    outer loop
      vertex -17.5 -8 0
      vertex 25.5 0 0
      vertex 19.060722576129027 -7.8462822432258434 0
    endloop
  endfacet
  facet normal 0 -1 0
    outer loop
      vertex -17.5 -8 8
      vertex 17.5 -8 0
      vertex 17.5 -8 8
    endloop
  endfacet
  facet normal 0 0 -1
    outer loop
      vertex 17.5 -8 0
      vertex 19.060722576129027 -7.8462822432258434 0
      vertex 18.284137122636483 -7.961477813377575 0
    endloop
  endfacet
  facet normal 0.04906767432741766 -0.9987954562051724 0
    outer loop
      vertex 17.5 -8 0
      vertex 18.284137122636483 -7.961477813377575 0
      vertex 17.5 -8 8
    endloop
  endfacet
  facet normal 0.1467304744553619 -0.9891765099647809 7.322623656908063e-19
    outer loop
      vertex 18.284137122636483 -7.961477813377575 0
      vertex 19.060722576129027 -7.8462822432258434 0
      vertex 19.060722576129027 -7.8462822432258434 8
    endloop
  endfacet
  facet normal 0 0 -1
    outer loop
      vertex 19.060722576129027 -7.8462822432258434 0
      vertex 21.27117389460798 -7.05537011478684 0
      vertex 19.8222774180357 -7.655522685857671 0
    endloop
  endfacet
  facet normal 0 0 -1
    outer loop
      vertex 19.8222774180357 -7.655522685857671 0
      vertex 21.27117389460798 -7.05537011478684 0
      vertex 20.561467458920717 -7.391036260090294 0
    endloop
  endfacet
  facet normal 0 0 -1
    outer loop
      vertex 19.060722576129027 -7.8462822432258434 0
      vertex 23.684083626901895 -5.075146273309164 0
      vertex 21.27117389460798 -7.05537011478684 0
    endloop
  endfacet
  facet normal 0 0 -1
    outer loop
      vertex 21.27117389460798 -7.05537011478684 0
      vertex 22.575146273309166 -6.184083626901896 0
      vertex 21.944561864156817 -6.651756898420362 0
    endloop
  endfacet
  facet normal 0 0 -1
    outer loop
      vertex 21.27117389460798 -7.05537011478684 0
      vertex 23.684083626901895 -5.075146273309164 0
      vertex 22.575146273309166 -6.184083626901896 0
    endloop
  endfacet
  facet normal 0 0 -1
    outer loop
      vertex 22.575146273309166 -6.184083626901896 0
      vertex 23.684083626901895 -5.075146273309164 0
      vertex 23.15685424949238 -5.656854249492381 0
    endloop
  endfacet
  facet normal 0.24298017990326415 -0.970031253194544 0
    outer loop
      vertex 19.060722576129027 -7.8462822432258434 0
      vertex 19.8222774180357 -7.655522685857671 0
      vertex 19.060722576129027 -7.8462822432258434 8
    endloop
  endfacet
  facet normal 0.3368898533922208 -0.9415440651830205 0
    outer loop
      vertex 19.8222774180357 -7.655522685857671 0
      vertex 20.561467458920717 -7.391036260090294 0
      vertex 19.8222774180357 -7.655522685857671 8
    endloop
  endfacet
  facet normal 0.42755509343028186 -0.9039892931234436 -1.1391679686546973e-18
    outer loop
      vertex 20.561467458920717 -7.391036260090294 0
      vertex 21.27117389460798 -7.05537011478684 0
      vertex 21.27117389460798 -7.05537011478684 8
    endloop
  endfacet
  facet normal 0.5141027441932213 -0.8577286100002722 0
    outer loop
      vertex 21.27117389460798 -7.05537011478684 0
      vertex 21.944561864156817 -6.651756898420362 0
      vertex 21.27117389460798 -7.05537011478684 8
    endloop
  endfacet
  facet normal 0.5956993044924319 -0.803207531480646 2.1394322159346045e-18
    outer loop
      vertex 21.944561864156817 -6.651756898420362 0
      vertex 22.575146273309166 -6.184083626901896 0
      vertex 22.575146273309166 -6.184083626901896 8
    endloop
  endfacet
  facet normal 0.6715589548470197 -0.7409511253549579 0
    outer loop
      vertex 22.575146273309166 -6.184083626901896 0
      vertex 23.15685424949238 -5.656854249492381 0
      vertex 22.575146273309166 -6.184083626901896 8
    endloop
  endfacet
  facet normal 0.7409511253549594 -0.671558954847018 4.125212895312606e-18
    outer loop
      vertex 23.15685424949238 -5.656854249492381 0
      vertex 23.684083626901895 -5.075146273309164 0
      vertex 23.684083626901895 -5.075146273309164 8
    endloop
  endfacet
  facet normal 0 0 -1
    outer loop
      vertex 19.060722576129027 -7.8462822432258434 0
      vertex 25.5 0 0
      vertex 23.684083626901895 -5.075146273309164 0
    endloop
  endfacet
  facet normal 0 0 -1
    outer loop
      vertex 23.684083626901895 -5.075146273309164 0
      vertex 24.891036260090296 -3.0614674589207183 0
      vertex 24.151756898420363 -4.444561864156817 0
    endloop
  endfacet
  facet normal 0 0 -1
    outer loop
      vertex 24.151756898420363 -4.444561864156817 0
      vertex 24.891036260090296 -3.0614674589207183 0
      vertex 24.55537011478684 -3.771173894607981 0
    endloop
  endfacet
  facet normal 0 0 -1
    outer loop
      vertex 23.684083626901895 -5.075146273309164 0
      vertex 25.5 0 0
      vertex 24.891036260090296 -3.0614674589207183 0
    endloop
  endfacet
  facet normal 0 0 -1
    outer loop
      vertex 24.891036260090296 -3.0614674589207183 0
      vertex 25.346282243225843 -1.560722576129026 0
      vertex 25.15552268585767 -2.3222774180356986 0
    endloop
  endfacet
  facet normal 0.8032075314806442 -0.5956993044924344 0
    outer loop
      vertex 23.684083626901895 -5.075146273309164 0
      vertex 24.151756898420363 -4.444561864156817 0
      vertex 23.684083626901895 -5.075146273309164 8
    endloop
  endfacet
  facet normal 0.8577286100002729 -0.5141027441932204 2.58890961963845e-18
    outer loop
      vertex 24.151756898420363 -4.444561864156817 0
      vertex 24.55537011478684 -3.771173894607981 0
      vertex 24.55537011478684 -3.771173894607981 8
    endloop
  endfacet
  facet normal 0.9039892931234421 -0.42755509343028464 -5.566371058989817e-19
    outer loop
      vertex 24.55537011478684 -3.771173894607981 0
      vertex 24.891036260090296 -3.0614674589207183 0
      vertex 24.891036260090296 -3.0614674589207183 8
    endloop
  endfacet
  facet normal 0.9415440651830224 -0.33688985339221567 0
    outer loop
      vertex 24.891036260090296 -3.0614674589207183 0
      vertex 25.15552268585767 -2.3222774180356986 0
      vertex 24.891036260090296 -3.0614674589207183 8
    endloop
  endfacet
  facet normal 0.04906767432741766 -0.9987954562051724 0
    outer loop
      vertex 18.284137122636483 -7.961477813377575 0
      vertex 18.284137122636483 -7.961477813377575 8
      vertex 17.5 -8 8
    endloop
  endfacet
  facet normal 0.1467304744553619 -0.9891765099647809 0
    outer loop
      vertex 18.284137122636483 -7.961477813377575 0
      vertex 19.060722576129027 -7.8462822432258434 8
      vertex 18.284137122636483 -7.961477813377575 8
    endloop
  endfacet
  facet normal 0.24298017990326415 -0.970031253194544 0
    outer loop
      vertex 19.8222774180357 -7.655522685857671 0
      vertex 19.8222774180357 -7.655522685857671 8
      vertex 19.060722576129027 -7.8462822432258434 8
    endloop
  endfacet
  facet normal 0.3368898533922208 -0.9415440651830205 0
    outer loop
      vertex 20.561467458920717 -7.391036260090294 0
      vertex 20.561467458920717 -7.391036260090294 8
      vertex 19.8222774180357 -7.655522685857671 8
    endloop
  endfacet
  facet normal 0.42755509343028186 -0.9039892931234436 0
    outer loop
      vertex 20.561467458920717 -7.391036260090294 0
      vertex 21.27117389460798 -7.05537011478684 8
      vertex 20.561467458920717 -7.391036260090294 8
    endloop
  endfacet
  facet normal 0.5141027441932213 -0.8577286100002722 0
    outer loop
      vertex 21.944561864156817 -6.651756898420362 0
      vertex 21.944561864156817 -6.651756898420362 8
      vertex 21.27117389460798 -7.05537011478684 8
    endloop
  endfacet
  facet normal 0.5956993044924319 -0.803207531480646 0
    outer loop
      vertex 21.944561864156817 -6.651756898420362 0
      vertex 22.575146273309166 -6.184083626901896 8
      vertex 21.944561864156817 -6.651756898420362 8
    endloop
  endfacet
  facet normal 0.6715589548470197 -0.7409511253549579 0
    outer loop
      vertex 23.15685424949238 -5.656854249492381 0
      vertex 23.15685424949238 -5.656854249492381 8
      vertex 22.575146273309166 -6.184083626901896 8
    endloop
  endfacet
  facet normal 0.7409511253549594 -0.671558954847018 0
    outer loop
      vertex 23.15685424949238 -5.656854249492381 0
      vertex 23.684083626901895 -5.075146273309164 8
      vertex 23.15685424949238 -5.656854249492381 8
    endloop
  endfacet
  facet normal 0.8032075314806442 -0.5956993044924344 0
    outer loop
      vertex 24.151756898420363 -4.444561864156817 0
      vertex 24.151756898420363 -4.444561864156817 8
      vertex 23.684083626901895 -5.075146273309164 8
    endloop
  endfacet
  facet normal 0.8577286100002729 -0.5141027441932204 0
    outer loop
      vertex 24.151756898420363 -4.444561864156817 0
      vertex 24.55537011478684 -3.771173894607981 8
      vertex 24.151756898420363 -4.444561864156817 8
    endloop
  endfacet
  facet normal 0.9039892931234421 -0.42755509343028464 0
    outer loop
      vertex 24.55537011478684 -3.771173894607981 0
      vertex 24.891036260090296 -3.0614674589207183 8
      vertex 24.55537011478684 -3.771173894607981 8
    endloop
  endfacet
  facet normal 0.9415440651830224 -0.33688985339221567 0
    outer loop
      vertex 25.15552268585767 -2.3222774180356986 0
      vertex 25.15552268585767 -2.3222774180356986 8
      vertex 24.891036260090296 -3.0614674589207183 8
    endloop
  endfacet
  facet normal 0 0 -1
    outer loop
      vertex 24.891036260090296 -3.0614674589207183 0
      vertex 25.5 0 0
      vertex 25.346282243225843 -1.560722576129026 0
    endloop
  endfacet
  facet normal 0 0 -1
    outer loop
      vertex 25.346282243225843 -1.560722576129026 0
      vertex 25.5 0 0
      vertex 25.461477813377577 -0.7841371226364848 0
    endloop
  endfacet
  facet normal 0.9700312531945434 -0.24298017990326626 -1.60226080629803e-19
    outer loop
      vertex 25.15552268585767 -2.3222774180356986 0
      vertex 25.346282243225843 -1.560722576129026 0
      vertex 25.346282243225843 -1.560722576129026 8
    endloop
  endfacet
  facet normal 0.9891765099647806 -0.1467304744553646 0
    outer loop
      vertex 25.346282243225843 -1.560722576129026 0
      vertex 25.461477813377577 -0.7841371226364848 0
      vertex 25.346282243225843 -1.560722576129026 8
    endloop
  endfacet
  facet normal 0.9987954562051725 -0.04906767432741532 2.201286708461708e-19
    outer loop
      vertex 25.461477813377577 -0.7841371226364848 0
      vertex 25.5 0 0
      vertex 25.5 0 8
    endloop
  endfacet
  facet normal 0 0 -1
    outer loop
      vertex 25.5 0 0
      vertex 16.84685947617746 4.8468842446025295 0
      vertex 17.061046775463712 4.793233119092731 0
    endloop
  endfacet
  facet normal 0 0 -1
    outer loop
      vertex 25.5 0 0
      vertex 17.061046775463712 4.793233119092731 0
      vertex 17.27946143425849 4.7608343649875575 0
    endloop
  endfacet
  facet normal 0 0 -1
    outer loop
      vertex 25.5 0 0
      vertex 17.27946143425849 4.7608343649875575 0
      vertex 17.5 4.75 0
    endloop
  endfacet
  facet normal 0 0 -1
    outer loop
      vertex 25.5 0 0
      vertex 17.5 4.75 0
      vertex 17.72053856574151 4.7608343649875575 0
    endloop
  endfacet
  facet normal 0 0 -1
    outer loop
      vertex 25.5 0 0
      vertex 17.72053856574151 4.7608343649875575 0
      vertex 17.938953224536288 4.793233119092731 0
    endloop
  endfacet
  facet normal 0 0 -1
    outer loop
      vertex 25.5 0 0
      vertex 17.938953224536288 4.793233119092731 0
      vertex 18.15314052382254 4.8468842446025295 0
    endloop
  endfacet
  facet normal 0 0 -1
    outer loop
      vertex 25.5 0 0
      vertex 18.15314052382254 4.8468842446025295 0
      vertex 18.36103772282145 4.921271051849605 0
    endloop
  endfacet
  facet normal 0 0 -1
    outer loop
      vertex 25.5 0 0
      vertex 18.36103772282145 4.921271051849605 0
      vertex 18.560642657858494 5.015677155216201 0
    endloop
  endfacet
  facet normal 0 0 -1
    outer loop
      vertex 25.5 0 0
      vertex 18.560642657858494 5.015677155216201 0
      vertex 18.750033024294105 5.129193372319273 0
    endloop
  endfacet
  facet normal 0 0 -1
    outer loop
      vertex 25.5 0 0
      vertex 18.750033024294105 5.129193372319273 0
      vertex 18.927384889368202 5.260726479933842 0
    endloop
  endfacet
  facet normal 1 0 0
    outer loop
      vertex 25.5 0 0
      vertex 25.5 7 0
      vertex 25.5 0 8
    endloop
  endfacet
  facet normal 0.9700312531945434 -0.24298017990326626 0
    outer loop
      vertex 25.15552268585767 -2.3222774180356986 0
      vertex 25.346282243225843 -1.560722576129026 8
      vertex 25.15552268585767 -2.3222774180356986 8
    endloop
  endfacet
  facet normal 0.9891765099647806 -0.1467304744553646 0
    outer loop
      vertex 25.461477813377577 -0.7841371226364848 0
      vertex 25.461477813377577 -0.7841371226364848 8
      vertex 25.346282243225843 -1.560722576129026 8
    endloop
  endfacet
  facet normal 0.9987954562051725 -0.04906767432741532 0
    outer loop
      vertex 25.461477813377577 -0.7841371226364848 0
      vertex 25.5 0 8
      vertex 25.461477813377577 -0.7841371226364848 8
    endloop
  endfacet
  facet normal 0 0 1
    outer loop
      vertex -17.5 -8 8
      vertex 19.060722576129027 -7.8462822432258434 8
      vertex -0.5734002709279294 -5.821830651032352 8
    endloop
  endfacet
  facet normal 0 0 1
    outer loop
      vertex -17.5 -8 8
      vertex 17.5 -8 8
      vertex 19.060722576129027 -7.8462822432258434 8
    endloop
  endfacet
  facet normal 0 0 1
    outer loop
      vertex 19.060722576129027 -7.8462822432258434 8
      vertex 0 -5.85 8
      vertex -0.5734002709279294 -5.821830651032352 8
    endloop
  endfacet
  facet normal 0 0 1
    outer loop
      vertex 19.060722576129027 -7.8462822432258434 8
      vertex 0.5734002709279294 -5.821830651032352 8
      vertex 0 -5.85 8
    endloop
  endfacet
  facet normal 0 0 1
    outer loop
      vertex 19.060722576129027 -7.8462822432258434 8
      vertex 1.14127838379435 -5.737593890358898 8
      vertex 0.5734002709279294 -5.821830651032352 8
    endloop
  endfacet
  facet normal 0 0 1
    outer loop
      vertex 19.060722576129027 -7.8462822432258434 8
      vertex 1.6981653619386046 -5.598100964033422 8
      vertex 1.14127838379435 -5.737593890358898 8
    endloop
  endfacet
  facet normal 0 0 1
    outer loop
      vertex 19.060722576129027 -7.8462822432258434 8
      vertex 2.238698079335775 -5.404695265191027 8
      vertex 1.6981653619386046 -5.598100964033422 8
    endloop
  endfacet
  facet normal 0 0 1
    outer loop
      vertex 19.060722576129027 -7.8462822432258434 8
      vertex 2.7576709104320862 -5.159239396437877 8
      vertex 2.238698079335775 -5.404695265191027 8
    endloop
  endfacet
  facet normal 0 0 1
    outer loop
      vertex 19.060722576129027 -7.8462822432258434 8
      vertex 3.2500858631646725 -4.86409723196989 8
      vertex 2.7576709104320862 -5.159239396437877 8
    endloop
  endfacet
  facet normal 0 0 1
    outer loop
      vertex 19.060722576129027 -7.8462822432258434 8
      vertex 3.711200712357326 -4.522111152172011 8
      vertex 3.2500858631646725 -4.86409723196989 8
    endloop
  endfacet
  facet normal 0 0 1
    outer loop
      vertex 19.060722576129027 -7.8462822432258434 8
      vertex 4.136574669941303 -4.136574669941303 8
      vertex 3.711200712357326 -4.522111152172011 8
    endloop
  endfacet
  facet normal 0 0 1
    outer loop
      vertex 19.060722576129027 -7.8462822432258434 8
      vertex 4.522111152172011 -3.711200712357326 8
      vertex 4.136574669941303 -4.136574669941303 8
    endloop
  endfacet
  facet normal 0 0 1
    outer loop
      vertex 4.522111152172011 -3.711200712357326 8
      vertex 16.811169821742837 -1.662983158520316 8
      vertex 4.86409723196989 -3.2500858631646725 8
    endloop
  endfacet
  facet normal 0 0 1
    outer loop
      vertex 4.86409723196989 -3.2500858631646725 8
      vertex 16.811169821742837 -1.662983158520316 8
      vertex 5.159239396437877 -2.7576709104320862 8
    endloop
  endfacet
  facet normal 0 0 1
    outer loop
      vertex 5.159239396437877 -2.7576709104320862 8
      vertex 16.358092088505437 -1.3914188160529266 8
      vertex 5.404695265191027 -2.238698079335775 8
    endloop
  endfacet
  facet normal 0 0 1
    outer loop
      vertex 5.404695265191027 -2.238698079335775 8
      vertex 16.108581183947074 -1.1419079114945618 8
      vertex 5.598100964033422 -1.6981653619386046 8
    endloop
  endfacet
  facet normal 0 0 1
    outer loop
      vertex 5.598100964033422 -1.6981653619386046 8
      vertex 15.837016841479684 -0.6888301782571616 8
      vertex 5.737593890358898 -1.14127838379435 8
    endloop
  endfacet
  facet normal 0 0 1
    outer loop
      vertex 5.737593890358898 -1.14127838379435 8
      vertex 15.734586495274185 -0.35116257962903086 8
      vertex 5.821830651032352 -0.5734002709279294 8
    endloop
  endfacet
  facet normal 0 0 1
    outer loop
      vertex 5.821830651032352 -0.5734002709279294 8
      vertex 15.7 0 8
      vertex 5.85 0 8
    endloop
  endfacet
  facet normal 0 0 1
    outer loop
      vertex 5.85 0 8
      vertex 15.708667491990045 0.1764308525932091 8
      vertex 5.821830651032352 0.5734002709279294 8
    endloop
  endfacet
  facet normal 0 0 1
    outer loop
      vertex 5.159239396437877 -2.7576709104320862 8
      vertex 16.499973580564717 -1.4966453021445814 8
      vertex 16.358092088505437 -1.3914188160529266 8
    endloop
  endfacet
  facet normal 0 0 1
    outer loop
      vertex 5.404695265191027 -2.238698079335775 8
      vertex 16.358092088505437 -1.3914188160529266 8
      vertex 16.227207793864213 -1.2727922061357857 8
    endloop
  endfacet
  facet normal 0 0 1
    outer loop
      vertex 5.404695265191027 -2.238698079335775 8
      vertex 16.227207793864213 -1.2727922061357857 8
      vertex 16.108581183947074 -1.1419079114945618 8
    endloop
  endfacet
  facet normal 0 0 1
    outer loop
      vertex 5.598100964033422 -1.6981653619386046 8
      vertex 16.003354697855418 -1.000026419435284 8
      vertex 15.91254172417296 -0.8485141262867958 8
    endloop
  endfacet
  facet normal 0 0 1
    outer loop
      vertex 5.598100964033422 -1.6981653619386046 8
      vertex 16.108581183947074 -1.1419079114945618 8
      vertex 16.003354697855418 -1.000026419435284 8
    endloop
  endfacet
  facet normal 0 0 1
    outer loop
      vertex 5.598100964033422 -1.6981653619386046 8
      vertex 15.91254172417296 -0.8485141262867958 8
      vertex 15.837016841479684 -0.6888301782571616 8
    endloop
  endfacet
  facet normal 0 0 1
    outer loop
      vertex 5.737593890358898 -1.14127838379435 8
      vertex 15.837016841479684 -0.6888301782571616 8
      vertex 15.777507395682024 -0.5225124190580323 8
    endloop
  endfacet
  facet normal 0 0 1
    outer loop
      vertex 5.737593890358898 -1.14127838379435 8
      vertex 15.777507395682024 -0.5225124190580323 8
      vertex 15.734586495274185 -0.35116257962903086 8
    endloop
  endfacet
  facet normal 0 0 1
    outer loop
      vertex 5.821830651032352 -0.5734002709279294 8
      vertex 15.734586495274185 -0.35116257962903086 8
      vertex 15.708667491990045 -0.1764308525932091 8
    endloop
  endfacet
  facet normal 0 0 1
    outer loop
      vertex 5.821830651032352 -0.5734002709279294 8
      vertex 15.708667491990045 -0.1764308525932091 8
      vertex 15.7 0 8
    endloop
  endfacet
  facet normal 0 0 1
    outer loop
      vertex 5.85 0 8
      vertex 15.7 0 8
      vertex 15.708667491990045 0.1764308525932091 8
    endloop
  endfacet
  facet normal 0 0 1
    outer loop
      vertex 5.821830651032352 0.5734002709279294 8
      vertex 15.708667491990045 0.1764308525932091 8
      vertex 15.734586495274185 0.35116257962903086 8
    endloop
  endfacet
  facet normal 0 0 1
    outer loop
      vertex 5.821830651032352 0.5734002709279294 8
      vertex 15.734586495274185 0.35116257962903086 8
      vertex 15.777507395682024 0.5225124190580323 8
    endloop
  endfacet
  facet normal 0 0 1
    outer loop
      vertex 5.821830651032352 0.5734002709279294 8
      vertex 15.777507395682024 0.5225124190580323 8
      vertex 5.737593890358898 1.14127838379435 8
    endloop
  endfacet
  facet normal 0 0 1
    outer loop
      vertex 5.737593890358898 1.14127838379435 8
      vertex 15.91254172417296 0.8485141262867958 8
      vertex 5.598100964033422 1.6981653619386046 8
    endloop
  endfacet
  facet normal 0 0 1
    outer loop
      vertex 5.598100964033422 1.6981653619386046 8
      vertex 16.003354697855418 1.000026419435284 8
      vertex 5.404695265191027 2.238698079335775 8
    endloop
  endfacet
  facet normal 0 0 1
    outer loop
      vertex 5.404695265191027 2.238698079335775 8
      vertex 16.003354697855418 1.000026419435284 8
      vertex 5.159239396437877 2.7576709104320862 8
    endloop
  endfacet
  facet normal 0 0 1
    outer loop
      vertex 5.159239396437877 2.7576709104320862 8
      vertex 16.227207793864213 1.2727922061357857 8
      vertex 4.86409723196989 3.2500858631646725 8
    endloop
  endfacet
  facet normal 0 0 1
    outer loop
      vertex 4.86409723196989 3.2500858631646725 8
      vertex 16.358092088505437 1.3914188160529266 8
      vertex 4.522111152172011 3.711200712357326 8
    endloop
  endfacet
  facet normal 0 0 1
    outer loop
      vertex 4.522111152172011 3.711200712357326 8
      vertex 16.499973580564717 1.4966453021445814 8
      vertex 4.136574669941303 4.136574669941303 8
    endloop
  endfacet
  facet normal 0 0 1
    outer loop
      vertex 4.136574669941303 4.136574669941303 8
      vertex 16.811169821742837 1.662983158520316 8
      vertex 3.711200712357326 4.522111152172011 8
    endloop
  endfacet
  facet normal 0 0 1
    outer loop
      vertex 5.737593890358898 1.14127838379435 8
      vertex 15.777507395682024 0.5225124190580323 8
      vertex 15.837016841479684 0.6888301782571616 8
    endloop
  endfacet
  facet normal 0 0 1
    outer loop
      vertex 5.737593890358898 1.14127838379435 8
      vertex 15.837016841479684 0.6888301782571616 8
      vertex 15.91254172417296 0.8485141262867958 8
    endloop
  endfacet
  facet normal 0 0 1
    outer loop
      vertex 5.598100964033422 1.6981653619386046 8
      vertex 15.91254172417296 0.8485141262867958 8
      vertex 16.003354697855418 1.000026419435284 8
    endloop
  endfacet
  facet normal 0 0 1
    outer loop
      vertex 16.108581183947074 1.1419079114945618 8
      vertex 5.159239396437877 2.7576709104320862 8
      vertex 16.003354697855418 1.000026419435284 8
    endloop
  endfacet
  facet normal 0 0 1
    outer loop
      vertex 5.159239396437877 2.7576709104320862 8
      vertex 16.108581183947074 1.1419079114945618 8
      vertex 16.227207793864213 1.2727922061357857 8
    endloop
  endfacet
  facet normal 0 0 1
    outer loop
      vertex 16.358092088505437 1.3914188160529266 8
      vertex 4.86409723196989 3.2500858631646725 8
      vertex 16.227207793864213 1.2727922061357857 8
    endloop
  endfacet
  facet normal 0 0 1
    outer loop
      vertex 16.499973580564717 1.4966453021445814 8
      vertex 4.522111152172011 3.711200712357326 8
      vertex 16.358092088505437 1.3914188160529266 8
    endloop
  endfacet
  facet normal 0 0 1
    outer loop
      vertex 16.651485873713206 1.587458275827039 8
      vertex 4.136574669941303 4.136574669941303 8
      vertex 16.499973580564717 1.4966453021445814 8
    endloop
  endfacet
  facet normal 0 0 1
    outer loop
      vertex 16.811169821742837 1.662983158520316 8
      vertex 4.136574669941303 4.136574669941303 8
      vertex 16.651485873713206 1.587458275827039 8
    endloop
  endfacet
  facet normal 0 0 1
    outer loop
      vertex 16.97748758094197 1.722492604317976 8
      vertex 3.711200712357326 4.522111152172011 8
      vertex 16.811169821742837 1.662983158520316 8
    endloop
  endfacet
  facet normal 0 0 1
    outer loop
      vertex 17.14883742037097 1.7654135047258148 8
      vertex 3.2500858631646725 4.86409723196989 8
      vertex 16.97748758094197 1.722492604317976 8
    endloop
  endfacet
  facet normal 0 0 1
    outer loop
      vertex 2.7576709104320862 5.159239396437877 8
      vertex 17.32356914740679 1.7913325080099545 8
      vertex 17.5 1.8 8
    endloop
  endfacet
  facet normal 0 0 1
    outer loop
      vertex 3.2500858631646725 4.86409723196989 8
      vertex 17.14883742037097 1.7654135047258148 8
      vertex 17.32356914740679 1.7913325080099545 8
    endloop
  endfacet
  facet normal 0 0 1
    outer loop
      vertex 2.238698079335775 5.404695265191027 8
      vertex 17.5 1.8 8
      vertex 17.67643085259321 1.7913325080099545 8
    endloop
  endfacet
  facet normal 0 0 1
    outer loop
      vertex 2.238698079335775 5.404695265191027 8
      vertex 17.67643085259321 1.7913325080099545 8
      vertex 17.85116257962903 1.7654135047258148 8
    endloop
  endfacet
  facet normal 0 0 1
    outer loop
      vertex 17.5 -8 8
      vertex 18.284137122636483 -7.961477813377575 8
      vertex 19.060722576129027 -7.8462822432258434 8
    endloop
  endfacet
  facet normal 0 0 1
    outer loop
      vertex 19.060722576129027 -7.8462822432258434 8
      vertex 16.811169821742837 -1.662983158520316 8
      vertex 4.522111152172011 -3.711200712357326 8
    endloop
  endfacet
  facet normal 0 0 1
    outer loop
      vertex 19.060722576129027 -7.8462822432258434 8
      vertex 17.14883742037097 -1.7654135047258148 8
      vertex 16.97748758094197 -1.722492604317976 8
    endloop
  endfacet
  facet normal 0 0 1
    outer loop
      vertex 19.060722576129027 -7.8462822432258434 8
      vertex 16.97748758094197 -1.722492604317976 8
      vertex 16.811169821742837 -1.662983158520316 8
    endloop
  endfacet
  facet normal 0 0 1
    outer loop
      vertex 19.060722576129027 -7.8462822432258434 8
      vertex 17.32356914740679 -1.7913325080099545 8
      vertex 17.14883742037097 -1.7654135047258148 8
    endloop
  endfacet
  facet normal 0 0 1
    outer loop
      vertex 19.060722576129027 -7.8462822432258434 8
      vertex 17.5 -1.8 8
      vertex 17.32356914740679 -1.7913325080099545 8
    endloop
  endfacet
  facet normal 0 0 1
    outer loop
      vertex 19.060722576129027 -7.8462822432258434 8
      vertex 17.67643085259321 -1.7913325080099545 8
      vertex 17.5 -1.8 8
    endloop
  endfacet
  facet normal 0 0 1
    outer loop
      vertex 19.060722576129027 -7.8462822432258434 8
      vertex 17.85116257962903 -1.7654135047258148 8
      vertex 17.67643085259321 -1.7913325080099545 8
    endloop
  endfacet
  facet normal 0 0 1
    outer loop
      vertex 19.060722576129027 -7.8462822432258434 8
      vertex 18.02251241905803 -1.722492604317976 8
      vertex 17.85116257962903 -1.7654135047258148 8
    endloop
  endfacet
  facet normal 0 0 1
    outer loop
      vertex 19.060722576129027 -7.8462822432258434 8
      vertex 18.188830178257163 -1.662983158520316 8
      vertex 18.02251241905803 -1.722492604317976 8
    endloop
  endfacet
  facet normal 0 0 1
    outer loop
      vertex 19.060722576129027 -7.8462822432258434 8
      vertex 18.348514126286794 -1.587458275827039 8
      vertex 18.188830178257163 -1.662983158520316 8
    endloop
  endfacet
  facet normal 0 0 1
    outer loop
      vertex 19.060722576129027 -7.8462822432258434 8
      vertex 18.500026419435283 -1.4966453021445814 8
      vertex 18.348514126286794 -1.587458275827039 8
    endloop
  endfacet
  facet normal 0 0 1
    outer loop
      vertex 19.060722576129027 -7.8462822432258434 8
      vertex 18.641907911494563 -1.3914188160529266 8
      vertex 18.500026419435283 -1.4966453021445814 8
    endloop
  endfacet
  facet normal 0 0 1
    outer loop
      vertex 19.060722576129027 -7.8462822432258434 8
      vertex 18.772792206135787 -1.2727922061357857 8
      vertex 18.641907911494563 -1.3914188160529266 8
    endloop
  endfacet
  facet normal 0 0 1
    outer loop
      vertex 19.060722576129027 -7.8462822432258434 8
      vertex 18.891418816052926 -1.1419079114945618 8
      vertex 18.772792206135787 -1.2727922061357857 8
    endloop
  endfacet
  facet normal 0 0 1
    outer loop
      vertex 19.060722576129027 -7.8462822432258434 8
      vertex 19.8222774180357 -7.655522685857671 8
      vertex 21.27117389460798 -7.05537011478684 8
    endloop
  endfacet
  facet normal 0 0 1
    outer loop
      vertex 19.8222774180357 -7.655522685857671 8
      vertex 20.561467458920717 -7.391036260090294 8
      vertex 21.27117389460798 -7.05537011478684 8
    endloop
  endfacet
  facet normal 0 0 1
    outer loop
      vertex 19.060722576129027 -7.8462822432258434 8
      vertex 21.27117389460798 -7.05537011478684 8
      vertex 23.684083626901895 -5.075146273309164 8
    endloop
  endfacet
  facet normal 0 0 1
    outer loop
      vertex 21.27117389460798 -7.05537011478684 8
      vertex 21.944561864156817 -6.651756898420362 8
      vertex 22.575146273309166 -6.184083626901896 8
    endloop
  endfacet
  facet normal 0 0 1
    outer loop
      vertex 21.27117389460798 -7.05537011478684 8
      vertex 22.575146273309166 -6.184083626901896 8
      vertex 23.684083626901895 -5.075146273309164 8
    endloop
  endfacet
  facet normal 0 0 1
    outer loop
      vertex 22.575146273309166 -6.184083626901896 8
      vertex 23.15685424949238 -5.656854249492381 8
      vertex 23.684083626901895 -5.075146273309164 8
    endloop
  endfacet
  facet normal 0 0 1
    outer loop
      vertex 19.060722576129027 -7.8462822432258434 8
      vertex 25.5 0 8
      vertex 18.891418816052926 -1.1419079114945618 8
    endloop
  endfacet
  facet normal 0 0 1
    outer loop
      vertex 19.060722576129027 -7.8462822432258434 8
      vertex 23.684083626901895 -5.075146273309164 8
      vertex 25.5 0 8
    endloop
  endfacet
  facet normal 0 0 1
    outer loop
      vertex 23.684083626901895 -5.075146273309164 8
      vertex 24.151756898420363 -4.444561864156817 8
      vertex 24.891036260090296 -3.0614674589207183 8
    endloop
  endfacet
  facet normal 0 0 1
    outer loop
      vertex 24.151756898420363 -4.444561864156817 8
      vertex 24.55537011478684 -3.771173894607981 8
      vertex 24.891036260090296 -3.0614674589207183 8
    endloop
  endfacet
  facet normal 0 0 1
    outer loop
      vertex 23.684083626901895 -5.075146273309164 8
      vertex 24.891036260090296 -3.0614674589207183 8
      vertex 25.5 0 8
    endloop
  endfacet
  facet normal 0 0 1
    outer loop
      vertex 24.891036260090296 -3.0614674589207183 8
      vertex 25.15552268585767 -2.3222774180356986 8
      vertex 25.346282243225843 -1.560722576129026 8
    endloop
  endfacet
  facet normal 0 0 1
    outer loop
      vertex 5.159239396437877 -2.7576709104320862 8
      vertex 16.811169821742837 -1.662983158520316 8
      vertex 16.651485873713206 -1.587458275827039 8
    endloop
  endfacet
  facet normal 0 0 1
    outer loop
      vertex 5.159239396437877 -2.7576709104320862 8
      vertex 16.651485873713206 -1.587458275827039 8
      vertex 16.499973580564717 -1.4966453021445814 8
    endloop
  endfacet
  facet normal 0 0 1
    outer loop
      vertex 25.5 0 8
      vertex 2.238698079335775 5.404695265191027 8
      vertex 17.85116257962903 1.7654135047258148 8
    endloop
  endfacet
  facet normal 0 0 1
    outer loop
      vertex 25.5 0 8
      vertex 18.996645302144582 -1.000026419435284 8
      vertex 18.891418816052926 -1.1419079114945618 8
    endloop
  endfacet
  facet normal 0 0 1
    outer loop
      vertex 25.5 0 8
      vertex 19.08745827582704 -0.8485141262867958 8
      vertex 18.996645302144582 -1.000026419435284 8
    endloop
  endfacet
  facet normal 0 0 1
    outer loop
      vertex 25.5 0 8
      vertex 19.162983158520316 -0.6888301782571616 8
      vertex 19.08745827582704 -0.8485141262867958 8
    endloop
  endfacet
  facet normal 0 0 1
    outer loop
      vertex 25.5 0 8
      vertex 19.222492604317978 -0.5225124190580323 8
      vertex 19.162983158520316 -0.6888301782571616 8
    endloop
  endfacet
  facet normal 0 0 1
    outer loop
      vertex 25.5 0 8
      vertex 19.265413504725814 -0.35116257962903086 8
      vertex 19.222492604317978 -0.5225124190580323 8
    endloop
  endfacet
  facet normal 0 0 1
    outer loop
      vertex 25.5 0 8
      vertex 19.291332508009955 -0.1764308525932091 8
      vertex 19.265413504725814 -0.35116257962903086 8
    endloop
  endfacet
  facet normal 0 0 1
    outer loop
      vertex 25.5 0 8
      vertex 19.3 0 8
      vertex 19.291332508009955 -0.1764308525932091 8
    endloop
  endfacet
  facet normal 0 0 1
    outer loop
      vertex 25.5 0 8
      vertex 19.291332508009955 0.1764308525932091 8
      vertex 19.3 0 8
    endloop
  endfacet
  facet normal 0 0 1
    outer loop
      vertex 25.5 0 8
      vertex 19.265413504725814 0.35116257962903086 8
      vertex 19.291332508009955 0.1764308525932091 8
    endloop
  endfacet
  facet normal 0 0 1
    outer loop
      vertex 25.5 0 8
      vertex 19.162983158520316 0.6888301782571616 8
      vertex 19.222492604317978 0.5225124190580323 8
    endloop
  endfacet
  facet normal 0 0 1
    outer loop
      vertex 25.5 0 8
      vertex 19.222492604317978 0.5225124190580323 8
      vertex 19.265413504725814 0.35116257962903086 8
    endloop
  endfacet
  facet normal 0 0 1
    outer loop
      vertex 25.5 0 8
      vertex 19.08745827582704 0.8485141262867958 8
      vertex 19.162983158520316 0.6888301782571616 8
    endloop
  endfacet
  facet normal 0 0 1
    outer loop
      vertex 25.5 0 8
      vertex 18.996645302144582 1.000026419435284 8
      vertex 19.08745827582704 0.8485141262867958 8
    endloop
  endfacet
  facet normal 0 0 1
    outer loop
      vertex 24.891036260090296 -3.0614674589207183 8
      vertex 25.346282243225843 -1.560722576129026 8
      vertex 25.5 0 8
    endloop
  endfacet
  facet normal 0 0 1
    outer loop
      vertex 25.346282243225843 -1.560722576129026 8
      vertex 25.461477813377577 -0.7841371226364848 8
      vertex 25.5 0 8
    endloop
  endfacet
  facet normal 0 0 1
    outer loop
      vertex 25.5 0 8
      vertex 17.85116257962903 1.7654135047258148 8
      vertex 18.02251241905803 1.722492604317976 8
    endloop
  endfacet
  facet normal 0 0 1
    outer loop
      vertex 25.5 0 8
      vertex 18.02251241905803 1.722492604317976 8
      vertex 18.188830178257163 1.662983158520316 8
    endloop
  endfacet
  facet normal 0 0 1
    outer loop
      vertex 25.5 0 8
      vertex 18.188830178257163 1.662983158520316 8
      vertex 18.348514126286794 1.587458275827039 8
    endloop
  endfacet
  facet normal 0 0 1
    outer loop
      vertex 25.5 0 8
      vertex 18.500026419435283 1.4966453021445814 8
      vertex 18.641907911494563 1.3914188160529266 8
    endloop
  endfacet
  facet normal 0 0 1
    outer loop
      vertex 25.5 0 8
      vertex 18.641907911494563 1.3914188160529266 8
      vertex 18.772792206135787 1.2727922061357857 8
    endloop
  endfacet
  facet normal 0 0 1
    outer loop
      vertex 25.5 0 8
      vertex 18.772792206135787 1.2727922061357857 8
      vertex 18.891418816052926 1.1419079114945618 8
    endloop
  endfacet
  facet normal 0 0 1
    outer loop
      vertex 25.5 0 8
      vertex 18.891418816052926 1.1419079114945618 8
      vertex 18.996645302144582 1.000026419435284 8
    endloop
  endfacet
  facet normal 0 0 1
    outer loop
      vertex 25.5 0 8
      vertex 18.348514126286794 1.587458275827039 8
      vertex 18.500026419435283 1.4966453021445814 8
    endloop
  endfacet
  facet normal 0 0 1
    outer loop
      vertex 25.5 0 8
      vertex 17.061046775463712 4.793233119092731 8
      vertex 16.84685947617746 4.8468842446025295 8
    endloop
  endfacet
  facet normal 0 0 1
    outer loop
      vertex 25.5 0 8
      vertex 17.27946143425849 4.7608343649875575 8
      vertex 17.061046775463712 4.793233119092731 8
    endloop
  endfacet
  facet normal 0 0 1
    outer loop
      vertex 25.5 0 8
      vertex 17.5 4.75 8
      vertex 17.27946143425849 4.7608343649875575 8
    endloop
  endfacet
  facet normal 0 0 1
    outer loop
      vertex 25.5 0 8
      vertex 17.72053856574151 4.7608343649875575 8
      vertex 17.5 4.75 8
    endloop
  endfacet
  facet normal 0 0 1
    outer loop
      vertex 25.5 0 8
      vertex 17.938953224536288 4.793233119092731 8
      vertex 17.72053856574151 4.7608343649875575 8
    endloop
  endfacet
  facet normal 0 0 1
    outer loop
      vertex 25.5 0 8
      vertex 18.15314052382254 4.8468842446025295 8
      vertex 17.938953224536288 4.793233119092731 8
    endloop
  endfacet
  facet normal 0 0 1
    outer loop
      vertex 25.5 0 8
      vertex 18.36103772282145 4.921271051849605 8
      vertex 18.15314052382254 4.8468842446025295 8
    endloop
  endfacet
  facet normal 0 0 1
    outer loop
      vertex 25.5 0 8
      vertex 18.560642657858494 5.015677155216201 8
      vertex 18.36103772282145 4.921271051849605 8
    endloop
  endfacet
  facet normal 0 0 1
    outer loop
      vertex 25.5 0 8
      vertex 18.750033024294105 5.129193372319273 8
      vertex 18.560642657858494 5.015677155216201 8
    endloop
  endfacet
  facet normal 0 0 1
    outer loop
      vertex 25.5 0 8
      vertex 18.927384889368202 5.260726479933842 8
      vertex 18.750033024294105 5.129193372319273 8
    endloop
  endfacet
  facet normal 0 0 -1
    outer loop
      vertex -17.5 15 0
      vertex 15.760726479933842 5.572615110631798 0
      vertex 15.909009742330268 5.409009742330268 0
    endloop
  endfacet
  facet normal 0 0 -1
    outer loop
      vertex -17.5 15 0
      vertex 15.629193372319273 5.749966975705895 0
      vertex 15.760726479933842 5.572615110631798 0
    endloop
  endfacet
  facet normal 0 0 -1
    outer loop
      vertex -17.5 15 0
      vertex 15.515677155216201 5.939357342141506 0
      vertex 15.629193372319273 5.749966975705895 0
    endloop
  endfacet
  facet normal 0 0 -1
    outer loop
      vertex -17.5 15 0
      vertex 15.421271051849605 6.138962277178548 0
      vertex 15.515677155216201 5.939357342141506 0
    endloop
  endfacet
  facet normal 0 0 -1
    outer loop
      vertex -17.5 15 0
      vertex 15.34688424460253 6.3468594761774595 0
      vertex 15.421271051849605 6.138962277178548 0
    endloop
  endfacet
  facet normal 0 0 -1
    outer loop
      vertex -17.5 15 0
      vertex 16.072615110631798 5.260726479933842 0
      vertex 16.249966975705895 5.129193372319273 0
    endloop
  endfacet
  facet normal 0 0 -1
    outer loop
      vertex -17.5 15 0
      vertex 16.249966975705895 5.129193372319273 0
      vertex 16.439357342141506 5.015677155216201 0
    endloop
  endfacet
  facet normal 0 0 -1
    outer loop
      vertex -17.5 15 0
      vertex 16.63896227717855 4.921271051849605 0
      vertex 16.84685947617746 4.8468842446025295 0
    endloop
  endfacet
  facet normal 0 0 -1
    outer loop
      vertex -17.5 15 0
      vertex 16.439357342141506 5.015677155216201 0
      vertex 16.63896227717855 4.921271051849605 0
    endloop
  endfacet
  facet normal 0 0 -1
    outer loop
      vertex -17.5 15 0
      vertex 15.909009742330268 5.409009742330268 0
      vertex 16.072615110631798 5.260726479933842 0
    endloop
  endfacet
  facet normal 0 0 -1
    outer loop
      vertex -17.5 15 0
      vertex 16.84685947617746 4.8468842446025295 0
      vertex 25.5 0 0
    endloop
  endfacet
  facet normal 0 0 -1
    outer loop
      vertex -17.5 15 0
      vertex 15.293233119092731 6.561046775463711 0
      vertex 15.34688424460253 6.3468594761774595 0
    endloop
  endfacet
  facet normal 0 0 -1
    outer loop
      vertex -17.5 15 0
      vertex 15.260834364987558 6.779461434258488 0
      vertex 15.293233119092731 6.561046775463711 0
    endloop
  endfacet
  facet normal 0 0 -1
    outer loop
      vertex -17.5 15 0
      vertex 15.25 7 0
      vertex 15.260834364987558 6.779461434258488 0
    endloop
  endfacet
  facet normal 0 0 -1
    outer loop
      vertex -17.5 15 0
      vertex 15.260834364987558 7.220538565741512 0
      vertex 15.25 7 0
    endloop
  endfacet
  facet normal 0 0 -1
    outer loop
      vertex -17.5 15 0
      vertex 15.293233119092731 7.438953224536289 0
      vertex 15.260834364987558 7.220538565741512 0
    endloop
  endfacet
  facet normal 0 0 -1
    outer loop
      vertex -17.5 15 0
      vertex 15.34688424460253 7.6531405238225405 0
      vertex 15.293233119092731 7.438953224536289 0
    endloop
  endfacet
  facet normal 0 0 -1
    outer loop
      vertex -17.5 15 0
      vertex 15.421271051849605 7.861037722821452 0
      vertex 15.34688424460253 7.6531405238225405 0
    endloop
  endfacet
  facet normal 0 0 -1
    outer loop
      vertex -17.5 15 0
      vertex 15.515677155216201 8.060642657858494 0
      vertex 15.421271051849605 7.861037722821452 0
    endloop
  endfacet
  facet normal 0 0 -1
    outer loop
      vertex -17.5 15 0
      vertex 15.629193372319273 8.250033024294105 0
      vertex 15.515677155216201 8.060642657858494 0
    endloop
  endfacet
  facet normal 0 0 -1
    outer loop
      vertex -17.5 15 0
      vertex 15.760726479933842 8.427384889368202 0
      vertex 15.629193372319273 8.250033024294105 0
    endloop
  endfacet
  facet normal 0 0 -1
    outer loop
      vertex -17.5 15 0
      vertex 15.909009742330268 8.590990257669732 0
      vertex 15.760726479933842 8.427384889368202 0
    endloop
  endfacet
  facet normal 0 0 -1
    outer loop
      vertex -17.5 15 0
      vertex 19.8222774180357 14.65552268585767 0
      vertex 15.909009742330268 8.590990257669732 0
    endloop
  endfacet
  facet normal 0 0 -1
    outer loop
      vertex -17.5 15 0
      vertex 17.5 15 0
      vertex 19.8222774180357 14.65552268585767 0
    endloop
  endfacet
  facet normal 0 1 0
    outer loop
      vertex -17.5 15 8
      vertex 17.5 15 8
      vertex 17.5 15 0
    endloop
  endfacet
  facet normal 0 0 -1
    outer loop
      vertex 25.5 0 0
      vertex 18.927384889368202 5.260726479933842 0
      vertex 19.09099025766973 5.409009742330268 0
    endloop
  endfacet
  facet normal 0 0 -1
    outer loop
      vertex 25.5 0 0
      vertex 19.09099025766973 5.409009742330268 0
      vertex 19.23927352006616 5.572615110631798 0
    endloop
  endfacet
  facet normal 0 0 -1
    outer loop
      vertex 25.5 0 0
      vertex 19.23927352006616 5.572615110631798 0
      vertex 19.370806627680725 5.749966975705895 0
    endloop
  endfacet
  facet normal 0 0 -1
    outer loop
      vertex 25.5 0 0
      vertex 19.370806627680725 5.749966975705895 0
      vertex 19.484322844783797 5.939357342141506 0
    endloop
  endfacet
  facet normal 0 0 -1
    outer loop
      vertex 25.5 0 0
      vertex 19.484322844783797 5.939357342141506 0
      vertex 19.578728948150395 6.138962277178548 0
    endloop
  endfacet
  facet normal 0 0 -1
    outer loop
      vertex 25.5 0 0
      vertex 19.578728948150395 6.138962277178548 0
      vertex 19.65311575539747 6.3468594761774595 0
    endloop
  endfacet
  facet normal 0 0 -1
    outer loop
      vertex 25.5 0 0
      vertex 19.65311575539747 6.3468594761774595 0
      vertex 19.706766880907267 6.561046775463711 0
    endloop
  endfacet
  facet normal 0 0 -1
    outer loop
      vertex 25.5 0 0
      vertex 19.706766880907267 6.561046775463711 0
      vertex 19.739165635012444 6.779461434258488 0
    endloop
  endfacet
  facet normal 0 0 -1
    outer loop
      vertex 25.5 0 0
      vertex 19.739165635012444 6.779461434258488 0
      vertex 19.75 7 0
    endloop
  endfacet
  facet normal 0 0 -1
    outer loop
      vertex 25.5 0 0
      vertex 19.75 7 0
      vertex 19.739165635012444 7.220538565741512 0
    endloop
  endfacet
  facet normal 0 0 -1
    outer loop
      vertex 25.5 0 0
      vertex 19.739165635012444 7.220538565741512 0
      vertex 19.706766880907267 7.438953224536289 0
    endloop
  endfacet
  facet normal 0 0 -1
    outer loop
      vertex 25.5 0 0
      vertex 19.484322844783797 8.060642657858494 0
      vertex 19.370806627680725 8.250033024294105 0
    endloop
  endfacet
  facet normal 0 0 -1
    outer loop
      vertex 25.5 0 0
      vertex 19.370806627680725 8.250033024294105 0
      vertex 19.23927352006616 8.427384889368202 0
    endloop
  endfacet
  facet normal 0 0 -1
    outer loop
      vertex 25.5 0 0
      vertex 19.706766880907267 7.438953224536289 0
      vertex 19.65311575539747 7.6531405238225405 0
    endloop
  endfacet
  facet normal 0 0 -1
    outer loop
      vertex 25.5 0 0
      vertex 19.65311575539747 7.6531405238225405 0
      vertex 19.578728948150395 7.861037722821452 0
    endloop
  endfacet
  facet normal 0 0 -1
    outer loop
      vertex 25.5 0 0
      vertex 19.578728948150395 7.861037722821452 0
      vertex 19.484322844783797 8.060642657858494 0
    endloop
  endfacet
  facet normal 0 0 -1
    outer loop
      vertex 25.5 0 0
      vertex 25.461477813377577 7.784137122636485 0
      vertex 25.5 7 0
    endloop
  endfacet
  facet normal 0 0 -1
    outer loop
      vertex 25.5 0 0
      vertex 24.891036260090296 10.061467458920719 0
      vertex 25.461477813377577 7.784137122636485 0
    endloop
  endfacet
  facet normal 0 0 -1
    outer loop
      vertex 25.5 0 0
      vertex 19.23927352006616 8.427384889368202 0
      vertex 19.8222774180357 14.65552268585767 0
    endloop
  endfacet
  facet normal 0 0 -1
    outer loop
      vertex 25.5 0 0
      vertex 19.8222774180357 14.65552268585767 0
      vertex 24.891036260090296 10.061467458920719 0
    endloop
  endfacet
  facet normal 0 0 -1
    outer loop
      vertex 25.461477813377577 7.784137122636485 0
      vertex 24.891036260090296 10.061467458920719 0
      vertex 25.346282243225843 8.560722576129026 0
    endloop
  endfacet
  facet normal 0.9987954562051725 0.049067674327415295 -1.8192452470249422e-19
    outer loop
      vertex 25.5 7 0
      vertex 25.461477813377577 7.784137122636485 0
      vertex 25.461477813377577 7.784137122636485 8
    endloop
  endfacet
  facet normal 0.9891765099647805 0.14673047445536475 0
    outer loop
      vertex 25.461477813377577 7.784137122636485 0
      vertex 25.346282243225843 8.560722576129026 0
      vertex 25.461477813377577 7.784137122636485 8
    endloop
  endfacet
  facet normal 0.9700312531945434 0.24298017990326626 0
    outer loop
      vertex 25.346282243225843 8.560722576129026 0
      vertex 25.15552268585767 9.322277418035698 0
      vertex 25.346282243225843 8.560722576129026 8
    endloop
  endfacet
  facet normal 1 0 0
    outer loop
      vertex 25.5 0 8
      vertex 25.5 7 0
      vertex 25.5 7 8
    endloop
  endfacet
  facet normal 0.9987954562051725 0.049067674327415295 0
    outer loop
      vertex 25.5 7 0
      vertex 25.461477813377577 7.784137122636485 8
      vertex 25.5 7 8
    endloop
  endfacet
  facet normal 0.9891765099647805 0.14673047445536475 0
    outer loop
      vertex 25.346282243225843 8.560722576129026 0
      vertex 25.346282243225843 8.560722576129026 8
      vertex 25.461477813377577 7.784137122636485 8
    endloop
  endfacet
  facet normal 0.9700312531945434 0.24298017990326626 0
    outer loop
      vertex 25.15552268585767 9.322277418035698 0
      vertex 25.15552268585767 9.322277418035698 8
      vertex 25.346282243225843 8.560722576129026 8
    endloop
  endfacet
  facet normal 0 0 -1
    outer loop
      vertex 15.909009742330268 8.590990257669732 0
      vertex 19.8222774180357 14.65552268585767 0
      vertex 16.072615110631798 8.739273520066158 0
    endloop
  endfacet
  facet normal 0 0 -1
    outer loop
      vertex 16.072615110631798 8.739273520066158 0
      vertex 19.8222774180357 14.65552268585767 0
      vertex 16.249966975705895 8.870806627680727 0
    endloop
  endfacet
  facet normal 0 0 -1
    outer loop
      vertex 16.249966975705895 8.870806627680727 0
      vertex 19.8222774180357 14.65552268585767 0
      vertex 16.439357342141506 8.984322844783799 0
    endloop
  endfacet
  facet normal 0 0 -1
    outer loop
      vertex 16.439357342141506 8.984322844783799 0
      vertex 19.8222774180357 14.65552268585767 0
      vertex 16.63896227717855 9.078728948150395 0
    endloop
  endfacet
  facet normal 0 0 -1
    outer loop
      vertex 16.63896227717855 9.078728948150395 0
      vertex 19.8222774180357 14.65552268585767 0
      vertex 16.84685947617746 9.15311575539747 0
    endloop
  endfacet
  facet normal 0 0 -1
    outer loop
      vertex 16.84685947617746 9.15311575539747 0
      vertex 19.8222774180357 14.65552268585767 0
      vertex 17.061046775463712 9.206766880907269 0
    endloop
  endfacet
  facet normal 0 0 -1
    outer loop
      vertex 17.061046775463712 9.206766880907269 0
      vertex 19.8222774180357 14.65552268585767 0
      vertex 17.27946143425849 9.239165635012442 0
    endloop
  endfacet
  facet normal 0 0 -1
    outer loop
      vertex 17.27946143425849 9.239165635012442 0
      vertex 19.8222774180357 14.65552268585767 0
      vertex 17.5 9.25 0
    endloop
  endfacet
  facet normal 0 0 -1
    outer loop
      vertex 17.72053856574151 9.239165635012442 0
      vertex 19.8222774180357 14.65552268585767 0
      vertex 17.938953224536288 9.206766880907269 0
    endloop
  endfacet
  facet normal 0 0 -1
    outer loop
      vertex 17.938953224536288 9.206766880907269 0
      vertex 19.8222774180357 14.65552268585767 0
      vertex 18.15314052382254 9.15311575539747 0
    endloop
  endfacet
  facet normal 0 0 -1
    outer loop
      vertex 18.750033024294105 8.870806627680727 0
      vertex 18.560642657858494 8.984322844783799 0
      vertex 19.8222774180357 14.65552268585767 0
    endloop
  endfacet
  facet normal 0 0 -1
    outer loop
      vertex 18.560642657858494 8.984322844783799 0
      vertex 18.36103772282145 9.078728948150395 0
      vertex 19.8222774180357 14.65552268585767 0
    endloop
  endfacet
  facet normal 0 0 -1
    outer loop
      vertex 18.15314052382254 9.15311575539747 0
      vertex 19.8222774180357 14.65552268585767 0
      vertex 18.36103772282145 9.078728948150395 0
    endloop
  endfacet
  facet normal 0 0 -1
    outer loop
      vertex 17.72053856574151 9.239165635012442 0
      vertex 17.5 9.25 0
      vertex 19.8222774180357 14.65552268585767 0
    endloop
  endfacet
  facet normal 0 0 -1
    outer loop
      vertex 17.5 15 0
      vertex 18.284137122636483 14.961477813377575 0
      vertex 19.8222774180357 14.65552268585767 0
    endloop
  endfacet
  facet normal 0 0 -1
    outer loop
      vertex 18.284137122636483 14.961477813377575 0
      vertex 19.060722576129027 14.846282243225843 0
      vertex 19.8222774180357 14.65552268585767 0
    endloop
  endfacet
  facet normal 0.04906767432741766 0.9987954562051724 0
    outer loop
      vertex 17.5 15 0
      vertex 17.5 15 8
      vertex 18.284137122636483 14.961477813377575 0
    endloop
  endfacet
  facet normal 0.1467304744553619 0.9891765099647809 0
    outer loop
      vertex 18.284137122636483 14.961477813377575 0
      vertex 18.284137122636483 14.961477813377575 8
      vertex 19.060722576129027 14.846282243225843 0
    endloop
  endfacet
  facet normal 0 0 -1
    outer loop
      vertex 19.09099025766973 8.590990257669732 0
      vertex 18.927384889368202 8.739273520066158 0
      vertex 19.8222774180357 14.65552268585767 0
    endloop
  endfacet
  facet normal 0 0 -1
    outer loop
      vertex 19.09099025766973 8.590990257669732 0
      vertex 19.8222774180357 14.65552268585767 0
      vertex 19.23927352006616 8.427384889368202 0
    endloop
  endfacet
  facet normal 0 0 -1
    outer loop
      vertex 18.750033024294105 8.870806627680727 0
      vertex 19.8222774180357 14.65552268585767 0
      vertex 18.927384889368202 8.739273520066158 0
    endloop
  endfacet
  facet normal 0 0 -1
    outer loop
      vertex 25.346282243225843 8.560722576129026 0
      vertex 24.891036260090296 10.061467458920719 0
      vertex 25.15552268585767 9.322277418035698 0
    endloop
  endfacet
  facet normal 0 0 -1
    outer loop
      vertex 23.684083626901895 12.075146273309164 0
      vertex 24.151756898420363 11.444561864156817 0
      vertex 23.15685424949238 12.65685424949238 0
    endloop
  endfacet
  facet normal 0 0 -1
    outer loop
      vertex 24.891036260090296 10.061467458920719 0
      vertex 24.151756898420363 11.444561864156817 0
      vertex 24.55537011478684 10.771173894607982 0
    endloop
  endfacet
  facet normal 0 0 -1
    outer loop
      vertex 24.891036260090296 10.061467458920719 0
      vertex 23.15685424949238 12.65685424949238 0
      vertex 24.151756898420363 11.444561864156817 0
    endloop
  endfacet
  facet normal 0.9415440651830225 0.33688985339221533 7.642796486885728e-20
    outer loop
      vertex 25.15552268585767 9.322277418035698 0
      vertex 24.891036260090296 10.061467458920719 0
      vertex 24.891036260090296 10.061467458920719 8
    endloop
  endfacet
  facet normal 0.9039892931234421 0.42755509343028464 0
    outer loop
      vertex 24.891036260090296 10.061467458920719 0
      vertex 24.55537011478684 10.771173894607982 0
      vertex 24.891036260090296 10.061467458920719 8
    endloop
  endfacet
  facet normal 0.8577286100002727 0.5141027441932207 -5.657439067937533e-19
    outer loop
      vertex 24.55537011478684 10.771173894607982 0
      vertex 24.151756898420363 11.444561864156817 0
      vertex 24.151756898420363 11.444561864156817 8
    endloop
  endfacet
  facet normal 0.8032075314806442 0.5956993044924344 -4.023398715442953e-18
    outer loop
      vertex 23.684083626901895 12.075146273309164 0
      vertex 24.151756898420363 11.444561864156817 8
      vertex 24.151756898420363 11.444561864156817 0
    endloop
  endfacet
  facet normal 0 0 -1
    outer loop
      vertex 19.8222774180357 14.65552268585767 0
      vertex 20.561467458920717 14.391036260090294 0
      vertex 21.944561864156817 13.651756898420363 0
    endloop
  endfacet
  facet normal 0 0 -1
    outer loop
      vertex 20.561467458920717 14.391036260090294 0
      vertex 21.27117389460798 14.05537011478684 0
      vertex 21.944561864156817 13.651756898420363 0
    endloop
  endfacet
  facet normal 0 0 -1
    outer loop
      vertex 19.8222774180357 14.65552268585767 0
      vertex 21.944561864156817 13.651756898420363 0
      vertex 23.15685424949238 12.65685424949238 0
    endloop
  endfacet
  facet normal 0 0 -1
    outer loop
      vertex 24.891036260090296 10.061467458920719 0
      vertex 19.8222774180357 14.65552268585767 0
      vertex 23.15685424949238 12.65685424949238 0
    endloop
  endfacet
  facet normal 0 0 -1
    outer loop
      vertex 21.944561864156817 13.651756898420363 0
      vertex 22.575146273309166 13.184083626901895 0
      vertex 23.15685424949238 12.65685424949238 0
    endloop
  endfacet
  facet normal 0.5956993044924334 0.8032075314806449 0
    outer loop
      vertex 21.944561864156817 13.651756898420363 0
      vertex 21.944561864156817 13.651756898420363 8
      vertex 22.575146273309166 13.184083626901895 0
    endloop
  endfacet
  facet normal 0.24298017990326415 0.970031253194544 -9.90934864691237e-19
    outer loop
      vertex 19.060722576129027 14.846282243225843 0
      vertex 19.8222774180357 14.65552268585767 8
      vertex 19.8222774180357 14.65552268585767 0
    endloop
  endfacet
  facet normal 0.3368898533922208 0.9415440651830205 0
    outer loop
      vertex 19.8222774180357 14.65552268585767 0
      vertex 19.8222774180357 14.65552268585767 8
      vertex 20.561467458920717 14.391036260090294 0
    endloop
  endfacet
  facet normal 0.42755509343028275 0.903989293123443 0
    outer loop
      vertex 20.561467458920717 14.391036260090294 0
      vertex 20.561467458920717 14.391036260090294 8
      vertex 21.27117389460798 14.05537011478684 0
    endloop
  endfacet
  facet normal 0.5141027441932196 0.8577286100002732 1.8001639798406366e-19
    outer loop
      vertex 21.27117389460798 14.05537011478684 0
      vertex 21.944561864156817 13.651756898420363 8
      vertex 21.944561864156817 13.651756898420363 0
    endloop
  endfacet
  facet normal 0.6715589548470197 0.7409511253549579 0
    outer loop
      vertex 23.15685424949238 12.65685424949238 0
      vertex 22.575146273309166 13.184083626901895 0
      vertex 23.15685424949238 12.65685424949238 8
    endloop
  endfacet
  facet normal 0.7409511253549589 0.6715589548470186 -2.7457673812880154e-19
    outer loop
      vertex 23.684083626901895 12.075146273309164 0
      vertex 23.15685424949238 12.65685424949238 0
      vertex 23.15685424949238 12.65685424949238 8
    endloop
  endfacet
  facet normal 0.04906767432741766 0.9987954562051724 0
    outer loop
      vertex 18.284137122636483 14.961477813377575 0
      vertex 17.5 15 8
      vertex 18.284137122636483 14.961477813377575 8
    endloop
  endfacet
  facet normal 0.1467304744553619 0.9891765099647809 0
    outer loop
      vertex 19.060722576129027 14.846282243225843 0
      vertex 18.284137122636483 14.961477813377575 8
      vertex 19.060722576129027 14.846282243225843 8
    endloop
  endfacet
  facet normal 0.9415440651830225 0.33688985339221533 0
    outer loop
      vertex 25.15552268585767 9.322277418035698 0
      vertex 24.891036260090296 10.061467458920719 8
      vertex 25.15552268585767 9.322277418035698 8
    endloop
  endfacet
  facet normal 0.9039892931234421 0.42755509343028464 0
    outer loop
      vertex 24.55537011478684 10.771173894607982 0
      vertex 24.55537011478684 10.771173894607982 8
      vertex 24.891036260090296 10.061467458920719 8
    endloop
  endfacet
  facet normal 0.8032075314806442 0.5956993044924344 0
    outer loop
      vertex 23.684083626901895 12.075146273309164 0
      vertex 23.684083626901895 12.075146273309164 8
      vertex 24.151756898420363 11.444561864156817 8
    endloop
  endfacet
  facet normal 0.8577286100002727 0.5141027441932207 0
    outer loop
      vertex 24.55537011478684 10.771173894607982 0
      vertex 24.151756898420363 11.444561864156817 8
      vertex 24.55537011478684 10.771173894607982 8
    endloop
  endfacet
  facet normal 0.24298017990326415 0.970031253194544 0
    outer loop
      vertex 19.060722576129027 14.846282243225843 0
      vertex 19.060722576129027 14.846282243225843 8
      vertex 19.8222774180357 14.65552268585767 8
    endloop
  endfacet
  facet normal 0.3368898533922208 0.9415440651830205 0
    outer loop
      vertex 20.561467458920717 14.391036260090294 0
      vertex 19.8222774180357 14.65552268585767 8
      vertex 20.561467458920717 14.391036260090294 8
    endloop
  endfacet
  facet normal 0.5141027441932196 0.8577286100002732 0
    outer loop
      vertex 21.27117389460798 14.05537011478684 0
      vertex 21.27117389460798 14.05537011478684 8
      vertex 21.944561864156817 13.651756898420363 8
    endloop
  endfacet
  facet normal 0.42755509343028275 0.903989293123443 0
    outer loop
      vertex 21.27117389460798 14.05537011478684 0
      vertex 20.561467458920717 14.391036260090294 8
      vertex 21.27117389460798 14.05537011478684 8
    endloop
  endfacet
  facet normal 0.7409511253549589 0.6715589548470186 0
    outer loop
      vertex 23.684083626901895 12.075146273309164 0
      vertex 23.15685424949238 12.65685424949238 8
      vertex 23.684083626901895 12.075146273309164 8
    endloop
  endfacet
  facet normal 0.6715589548470197 0.7409511253549579 0
    outer loop
      vertex 22.575146273309166 13.184083626901895 0
      vertex 22.575146273309166 13.184083626901895 8
      vertex 23.15685424949238 12.65685424949238 8
    endloop
  endfacet
  facet normal 0.5956993044924334 0.8032075314806449 0
    outer loop
      vertex 22.575146273309166 13.184083626901895 0
      vertex 21.944561864156817 13.651756898420363 8
      vertex 22.575146273309166 13.184083626901895 8
    endloop
  endfacet
  facet normal 0 0 1
    outer loop
      vertex -17.5 15 8
      vertex 1.14127838379435 5.737593890358898 8
      vertex 25.5 0 8
    endloop
  endfacet
  facet normal 0 0 1
    outer loop
      vertex -17.5 15 8
      vertex 15.909009742330268 5.409009742330268 8
      vertex 15.760726479933842 5.572615110631798 8
    endloop
  endfacet
  facet normal 0 0 1
    outer loop
      vertex -17.5 15 8
      vertex 15.760726479933842 5.572615110631798 8
      vertex 15.629193372319273 5.749966975705895 8
    endloop
  endfacet
  facet normal 0 0 1
    outer loop
      vertex -17.5 15 8
      vertex 15.629193372319273 5.749966975705895 8
      vertex 15.515677155216201 5.939357342141506 8
    endloop
  endfacet
  facet normal 0 0 1
    outer loop
      vertex -17.5 15 8
      vertex 15.515677155216201 5.939357342141506 8
      vertex 15.421271051849605 6.138962277178548 8
    endloop
  endfacet
  facet normal 0 0 1
    outer loop
      vertex -17.5 15 8
      vertex 15.421271051849605 6.138962277178548 8
      vertex 15.34688424460253 6.3468594761774595 8
    endloop
  endfacet
  facet normal 0 0 1
    outer loop
      vertex -17.5 15 8
      vertex 16.249966975705895 5.129193372319273 8
      vertex 16.072615110631798 5.260726479933842 8
    endloop
  endfacet
  facet normal 0 0 1
    outer loop
      vertex -17.5 15 8
      vertex 16.439357342141506 5.015677155216201 8
      vertex 16.249966975705895 5.129193372319273 8
    endloop
  endfacet
  facet normal 0 0 1
    outer loop
      vertex -17.5 15 8
      vertex 16.84685947617746 4.8468842446025295 8
      vertex 16.63896227717855 4.921271051849605 8
    endloop
  endfacet
  facet normal 0 0 1
    outer loop
      vertex -17.5 15 8
      vertex 16.63896227717855 4.921271051849605 8
      vertex 16.439357342141506 5.015677155216201 8
    endloop
  endfacet
  facet normal 0 0 1
    outer loop
      vertex -17.5 15 8
      vertex 16.072615110631798 5.260726479933842 8
      vertex 15.909009742330268 5.409009742330268 8
    endloop
  endfacet
  facet normal 0 0 1
    outer loop
      vertex 2.7576709104320862 5.159239396437877 8
      vertex 17.5 1.8 8
      vertex 2.238698079335775 5.404695265191027 8
    endloop
  endfacet
  facet normal 0 0 1
    outer loop
      vertex 3.2500858631646725 4.86409723196989 8
      vertex 17.32356914740679 1.7913325080099545 8
      vertex 2.7576709104320862 5.159239396437877 8
    endloop
  endfacet
  facet normal 0 0 1
    outer loop
      vertex 3.711200712357326 4.522111152172011 8
      vertex 16.97748758094197 1.722492604317976 8
      vertex 3.2500858631646725 4.86409723196989 8
    endloop
  endfacet
  facet normal 0 0 1
    outer loop
      vertex 25.5 0 8
      vertex 1.14127838379435 5.737593890358898 8
      vertex 1.6981653619386046 5.598100964033422 8
    endloop
  endfacet
  facet normal 0 0 1
    outer loop
      vertex 25.5 0 8
      vertex 1.6981653619386046 5.598100964033422 8
      vertex 2.238698079335775 5.404695265191027 8
    endloop
  endfacet
  facet normal 0 0 1
    outer loop
      vertex -17.5 15 8
      vertex 25.5 0 8
      vertex 16.84685947617746 4.8468842446025295 8
    endloop
  endfacet
  facet normal 0 0 1
    outer loop
      vertex -17.5 15 8
      vertex 15.34688424460253 6.3468594761774595 8
      vertex 15.293233119092731 6.561046775463711 8
    endloop
  endfacet
  facet normal 0 0 1
    outer loop
      vertex -17.5 15 8
      vertex 15.293233119092731 6.561046775463711 8
      vertex 15.260834364987558 6.779461434258488 8
    endloop
  endfacet
  facet normal 0 0 1
    outer loop
      vertex -17.5 15 8
      vertex 15.260834364987558 6.779461434258488 8
      vertex 15.25 7 8
    endloop
  endfacet
  facet normal 0 0 1
    outer loop
      vertex -17.5 15 8
      vertex 15.25 7 8
      vertex 15.260834364987558 7.220538565741512 8
    endloop
  endfacet
  facet normal 0 0 1
    outer loop
      vertex -17.5 15 8
      vertex 15.260834364987558 7.220538565741512 8
      vertex 15.293233119092731 7.438953224536289 8
    endloop
  endfacet
  facet normal 0 0 1
    outer loop
      vertex -17.5 15 8
      vertex 15.293233119092731 7.438953224536289 8
      vertex 15.34688424460253 7.6531405238225405 8
    endloop
  endfacet
  facet normal 0 0 1
    outer loop
      vertex -17.5 15 8
      vertex 15.34688424460253 7.6531405238225405 8
      vertex 15.421271051849605 7.861037722821452 8
    endloop
  endfacet
  facet normal 0 0 1
    outer loop
      vertex -17.5 15 8
      vertex 15.421271051849605 7.861037722821452 8
      vertex 15.515677155216201 8.060642657858494 8
    endloop
  endfacet
  facet normal 0 0 1
    outer loop
      vertex -17.5 15 8
      vertex 15.515677155216201 8.060642657858494 8
      vertex 15.629193372319273 8.250033024294105 8
    endloop
  endfacet
  facet normal 0 0 1
    outer loop
      vertex -17.5 15 8
      vertex 15.629193372319273 8.250033024294105 8
      vertex 15.760726479933842 8.427384889368202 8
    endloop
  endfacet
  facet normal 0 0 1
    outer loop
      vertex -17.5 15 8
      vertex 15.760726479933842 8.427384889368202 8
      vertex 15.909009742330268 8.590990257669732 8
    endloop
  endfacet
  facet normal 0 0 1
    outer loop
      vertex -17.5 15 8
      vertex 15.909009742330268 8.590990257669732 8
      vertex 16.072615110631798 8.739273520066158 8
    endloop
  endfacet
  facet normal 0 0 1
    outer loop
      vertex -17.5 15 8
      vertex 16.072615110631798 8.739273520066158 8
      vertex 16.249966975705895 8.870806627680727 8
    endloop
  endfacet
  facet normal 0 0 1
    outer loop
      vertex -17.5 15 8
      vertex 16.249966975705895 8.870806627680727 8
      vertex 16.439357342141506 8.984322844783799 8
    endloop
  endfacet
  facet normal 0 0 1
    outer loop
      vertex -17.5 15 8
      vertex 16.439357342141506 8.984322844783799 8
      vertex 16.63896227717855 9.078728948150395 8
    endloop
  endfacet
  facet normal 0 0 1
    outer loop
      vertex -17.5 15 8
      vertex 16.63896227717855 9.078728948150395 8
      vertex 16.84685947617746 9.15311575539747 8
    endloop
  endfacet
  facet normal 0 0 1
    outer loop
      vertex -17.5 15 8
      vertex 16.84685947617746 9.15311575539747 8
      vertex 17.061046775463712 9.206766880907269 8
    endloop
  endfacet
  facet normal 0 0 1
    outer loop
      vertex -17.5 15 8
      vertex 17.061046775463712 9.206766880907269 8
      vertex 17.27946143425849 9.239165635012442 8
    endloop
  endfacet
  facet normal 0 0 1
    outer loop
      vertex -17.5 15 8
      vertex 17.27946143425849 9.239165635012442 8
      vertex 17.5 9.25 8
    endloop
  endfacet
  facet normal 0 0 1
    outer loop
      vertex -17.5 15 8
      vertex 17.5 9.25 8
      vertex 17.72053856574151 9.239165635012442 8
    endloop
  endfacet
  facet normal 0 0 1
    outer loop
      vertex -17.5 15 8
      vertex 17.72053856574151 9.239165635012442 8
      vertex 17.938953224536288 9.206766880907269 8
    endloop
  endfacet
  facet normal 0 0 1
    outer loop
      vertex -17.5 15 8
      vertex 17.938953224536288 9.206766880907269 8
      vertex 19.8222774180357 14.65552268585767 8
    endloop
  endfacet
  facet normal 0 0 1
    outer loop
      vertex -17.5 15 8
      vertex 19.8222774180357 14.65552268585767 8
      vertex 17.5 15 8
    endloop
  endfacet
  facet normal 0 0 1
    outer loop
      vertex 25.5 0 8
      vertex 19.09099025766973 5.409009742330268 8
      vertex 18.927384889368202 5.260726479933842 8
    endloop
  endfacet
  facet normal 0 0 1
    outer loop
      vertex 25.5 0 8
      vertex 19.23927352006616 5.572615110631798 8
      vertex 19.09099025766973 5.409009742330268 8
    endloop
  endfacet
  facet normal 0 0 1
    outer loop
      vertex 25.5 0 8
      vertex 19.370806627680725 5.749966975705895 8
      vertex 19.23927352006616 5.572615110631798 8
    endloop
  endfacet
  facet normal 0 0 1
    outer loop
      vertex 25.5 0 8
      vertex 19.484322844783797 5.939357342141506 8
      vertex 19.370806627680725 5.749966975705895 8
    endloop
  endfacet
  facet normal 0 0 1
    outer loop
      vertex 25.5 0 8
      vertex 19.578728948150395 6.138962277178548 8
      vertex 19.484322844783797 5.939357342141506 8
    endloop
  endfacet
  facet normal 0 0 1
    outer loop
      vertex 25.5 0 8
      vertex 19.65311575539747 6.3468594761774595 8
      vertex 19.578728948150395 6.138962277178548 8
    endloop
  endfacet
  facet normal 0 0 1
    outer loop
      vertex 25.5 0 8
      vertex 19.706766880907267 6.561046775463711 8
      vertex 19.65311575539747 6.3468594761774595 8
    endloop
  endfacet
  facet normal 0 0 1
    outer loop
      vertex 25.5 0 8
      vertex 19.739165635012444 6.779461434258488 8
      vertex 19.706766880907267 6.561046775463711 8
    endloop
  endfacet
  facet normal 0 0 1
    outer loop
      vertex 25.5 0 8
      vertex 19.75 7 8
      vertex 19.739165635012444 6.779461434258488 8
    endloop
  endfacet
  facet normal 0 0 1
    outer loop
      vertex 25.5 0 8
      vertex 25.5 7 8
      vertex 25.461477813377577 7.784137122636485 8
    endloop
  endfacet
  facet normal 0 0 1
    outer loop
      vertex 25.5 0 8
      vertex 25.461477813377577 7.784137122636485 8
      vertex 24.891036260090296 10.061467458920719 8
    endloop
  endfacet
  facet normal 0 0 1
    outer loop
      vertex 25.5 0 8
      vertex 19.8222774180357 14.65552268585767 8
      vertex 19.75 7 8
    endloop
  endfacet
  facet normal 0 0 1
    outer loop
      vertex 25.5 0 8
      vertex 24.891036260090296 10.061467458920719 8
      vertex 19.8222774180357 14.65552268585767 8
    endloop
  endfacet
  facet normal 0 0 1
    outer loop
      vertex 25.461477813377577 7.784137122636485 8
      vertex 25.346282243225843 8.560722576129026 8
      vertex 24.891036260090296 10.061467458920719 8
    endloop
  endfacet
  facet normal 0 0 1
    outer loop
      vertex 17.938953224536288 9.206766880907269 8
      vertex 18.15314052382254 9.15311575539747 8
      vertex 19.8222774180357 14.65552268585767 8
    endloop
  endfacet
  facet normal 0 0 1
    outer loop
      vertex 18.750033024294105 8.870806627680727 8
      vertex 19.8222774180357 14.65552268585767 8
      vertex 18.560642657858494 8.984322844783799 8
    endloop
  endfacet
  facet normal 0 0 1
    outer loop
      vertex 18.560642657858494 8.984322844783799 8
      vertex 19.8222774180357 14.65552268585767 8
      vertex 18.36103772282145 9.078728948150395 8
    endloop
  endfacet
  facet normal 0 0 1
    outer loop
      vertex 18.15314052382254 9.15311575539747 8
      vertex 18.36103772282145 9.078728948150395 8
      vertex 19.8222774180357 14.65552268585767 8
    endloop
  endfacet
  facet normal 0 0 1
    outer loop
      vertex 17.5 15 8
      vertex 19.8222774180357 14.65552268585767 8
      vertex 18.284137122636483 14.961477813377575 8
    endloop
  endfacet
  facet normal 0 0 1
    outer loop
      vertex 18.284137122636483 14.961477813377575 8
      vertex 19.8222774180357 14.65552268585767 8
      vertex 19.060722576129027 14.846282243225843 8
    endloop
  endfacet
  facet normal 0 0 1
    outer loop
      vertex 19.75 7 8
      vertex 19.8222774180357 14.65552268585767 8
      vertex 19.739165635012444 7.220538565741512 8
    endloop
  endfacet
  facet normal 0 0 1
    outer loop
      vertex 19.739165635012444 7.220538565741512 8
      vertex 19.8222774180357 14.65552268585767 8
      vertex 19.706766880907267 7.438953224536289 8
    endloop
  endfacet
  facet normal 0 0 1
    outer loop
      vertex 19.706766880907267 7.438953224536289 8
      vertex 19.8222774180357 14.65552268585767 8
      vertex 19.65311575539747 7.6531405238225405 8
    endloop
  endfacet
  facet normal 0 0 1
    outer loop
      vertex 19.65311575539747 7.6531405238225405 8
      vertex 19.8222774180357 14.65552268585767 8
      vertex 19.578728948150395 7.861037722821452 8
    endloop
  endfacet
  facet normal 0 0 1
    outer loop
      vertex 19.484322844783797 8.060642657858494 8
      vertex 19.578728948150395 7.861037722821452 8
      vertex 19.8222774180357 14.65552268585767 8
    endloop
  endfacet
  facet normal 0 0 1
    outer loop
      vertex 19.484322844783797 8.060642657858494 8
      vertex 19.8222774180357 14.65552268585767 8
      vertex 19.370806627680725 8.250033024294105 8
    endloop
  endfacet
  facet normal 0 0 1
    outer loop
      vertex 19.370806627680725 8.250033024294105 8
      vertex 19.8222774180357 14.65552268585767 8
      vertex 19.23927352006616 8.427384889368202 8
    endloop
  endfacet
  facet normal 0 0 1
    outer loop
      vertex 19.09099025766973 8.590990257669732 8
      vertex 19.8222774180357 14.65552268585767 8
      vertex 18.927384889368202 8.739273520066158 8
    endloop
  endfacet
  facet normal 0 0 1
    outer loop
      vertex 19.09099025766973 8.590990257669732 8
      vertex 19.23927352006616 8.427384889368202 8
      vertex 19.8222774180357 14.65552268585767 8
    endloop
  endfacet
  facet normal 0 0 1
    outer loop
      vertex 18.750033024294105 8.870806627680727 8
      vertex 18.927384889368202 8.739273520066158 8
      vertex 19.8222774180357 14.65552268585767 8
    endloop
  endfacet
  facet normal 0 0 1
    outer loop
      vertex 25.346282243225843 8.560722576129026 8
      vertex 25.15552268585767 9.322277418035698 8
      vertex 24.891036260090296 10.061467458920719 8
    endloop
  endfacet
  facet normal 0 0 1
    outer loop
      vertex 23.684083626901895 12.075146273309164 8
      vertex 23.15685424949238 12.65685424949238 8
      vertex 24.151756898420363 11.444561864156817 8
    endloop
  endfacet
  facet normal 0 0 1
    outer loop
      vertex 24.891036260090296 10.061467458920719 8
      vertex 24.55537011478684 10.771173894607982 8
      vertex 24.151756898420363 11.444561864156817 8
    endloop
  endfacet
  facet normal 0 0 1
    outer loop
      vertex 24.891036260090296 10.061467458920719 8
      vertex 24.151756898420363 11.444561864156817 8
      vertex 23.15685424949238 12.65685424949238 8
    endloop
  endfacet
  facet normal 0 0 1
    outer loop
      vertex 19.8222774180357 14.65552268585767 8
      vertex 21.944561864156817 13.651756898420363 8
      vertex 20.561467458920717 14.391036260090294 8
    endloop
  endfacet
  facet normal 0 0 1
    outer loop
      vertex 20.561467458920717 14.391036260090294 8
      vertex 21.944561864156817 13.651756898420363 8
      vertex 21.27117389460798 14.05537011478684 8
    endloop
  endfacet
  facet normal 0 0 1
    outer loop
      vertex 19.8222774180357 14.65552268585767 8
      vertex 23.15685424949238 12.65685424949238 8
      vertex 21.944561864156817 13.651756898420363 8
    endloop
  endfacet
  facet normal 0 0 1
    outer loop
      vertex 24.891036260090296 10.061467458920719 8
      vertex 23.15685424949238 12.65685424949238 8
      vertex 19.8222774180357 14.65552268585767 8
    endloop
  endfacet
  facet normal 0 0 1
    outer loop
      vertex 21.944561864156817 13.651756898420363 8
      vertex 23.15685424949238 12.65685424949238 8
      vertex 22.575146273309166 13.184083626901895 8
    endloop
  endfacet
  facet normal 0.7409511253549536 0.6715589548470243 0
    outer loop
      vertex -19.23927352006616 5.572615110631798 0
      vertex -19.23927352006616 5.572615110631798 8
      vertex -19.09099025766973 5.409009742330268 0
    endloop
  endfacet
  facet normal 0.8032075314806522 0.5956993044924236 -6.878629847310816e-19
    outer loop
      vertex -19.23927352006616 5.572615110631798 0
      vertex -19.370806627680725 5.749966975705895 0
      vertex -19.370806627680725 5.749966975705895 8
    endloop
  endfacet
  facet normal 0.8577286100002719 0.5141027441932222 -3.14990004039411e-19
    outer loop
      vertex -19.370806627680725 5.749966975705895 0
      vertex -19.484322844783797 5.939357342141506 0
      vertex -19.484322844783797 5.939357342141506 8
    endloop
  endfacet
  facet normal 0.9039892931234399 0.4275550934302893 4.364998700323095e-19
    outer loop
      vertex -19.484322844783797 5.939357342141506 0
      vertex -19.578728948150395 6.138962277178548 0
      vertex -19.578728948150395 6.138962277178548 8
    endloop
  endfacet
  facet normal 0.9415440651830229 0.33688985339221417 -2.40263768901496e-19
    outer loop
      vertex -19.578728948150395 6.138962277178548 0
      vertex -19.65311575539747 6.3468594761774595 0
      vertex -19.65311575539747 6.3468594761774595 8
    endloop
  endfacet
  facet normal 0.9700312531945441 0.24298017990326343 -3.405883153799424e-19
    outer loop
      vertex -19.65311575539747 6.3468594761774595 0
      vertex -19.706766880907267 6.561046775463711 0
      vertex -19.706766880907267 6.561046775463711 8
    endloop
  endfacet
  facet normal 0.9891765099647791 0.14673047445537354 9.399629558319333e-20
    outer loop
      vertex -19.706766880907267 6.561046775463711 0
      vertex -19.739165635012444 6.779461434258488 0
      vertex -19.739165635012444 6.779461434258488 8
    endloop
  endfacet
  facet normal 0.9987954562051726 0.04906767432741222 -7.016436815186342e-20
    outer loop
      vertex -19.739165635012444 6.779461434258488 0
      vertex -19.75 7 0
      vertex -19.75 7 8
    endloop
  endfacet
  facet normal 0.9987954562051726 -0.04906767432741222 7.016436815186342e-20
    outer loop
      vertex -19.75 7 0
      vertex -19.739165635012444 7.220538565741512 0
      vertex -19.739165635012444 7.220538565741512 8
    endloop
  endfacet
  facet normal 0.9891765099647791 -0.14673047445537354 -9.399629558319333e-20
    outer loop
      vertex -19.739165635012444 7.220538565741512 0
      vertex -19.706766880907267 7.438953224536289 0
      vertex -19.706766880907267 7.438953224536289 8
    endloop
  endfacet
  facet normal 0.9700312531945441 -0.24298017990326343 3.405883153799424e-19
    outer loop
      vertex -19.706766880907267 7.438953224536289 0
      vertex -19.65311575539747 7.6531405238225405 0
      vertex -19.65311575539747 7.6531405238225405 8
    endloop
  endfacet
  facet normal 0.9415440651830229 -0.33688985339221417 2.40263768901496e-19
    outer loop
      vertex -19.65311575539747 7.6531405238225405 0
      vertex -19.578728948150395 7.861037722821452 0
      vertex -19.578728948150395 7.861037722821452 8
    endloop
  endfacet
  facet normal 0.9039892931234399 -0.4275550934302893 -4.364998700323095e-19
    outer loop
      vertex -19.578728948150395 7.861037722821452 0
      vertex -19.484322844783797 8.060642657858494 0
      vertex -19.484322844783797 8.060642657858494 8
    endloop
  endfacet
  facet normal 0.8577286100002719 -0.5141027441932222 3.14990004039411e-19
    outer loop
      vertex -19.484322844783797 8.060642657858494 0
      vertex -19.370806627680725 8.250033024294105 0
      vertex -19.370806627680725 8.250033024294105 8
    endloop
  endfacet
  facet normal 0.8032075314806522 -0.5956993044924236 6.878629847310816e-19
    outer loop
      vertex -19.370806627680725 8.250033024294105 0
      vertex -19.23927352006616 8.427384889368202 0
      vertex -19.23927352006616 8.427384889368202 8
    endloop
  endfacet
  facet normal 0.7409511253549536 -0.6715589548470243 -5.568201807892221e-20
    outer loop
      vertex -19.23927352006616 8.427384889368202 0
      vertex -19.09099025766973 8.590990257669732 0
      vertex -19.09099025766973 8.590990257669732 8
    endloop
  endfacet
  facet normal 0.33688985339222255 0.9415440651830198 0
    outer loop
      vertex -18.36103772282145 4.921271051849605 0
      vertex -18.36103772282145 4.921271051849605 8
      vertex -18.15314052382254 4.8468842446025295 0
    endloop
  endfacet
  facet normal 0.24298017990326343 0.9700312531945441 0
    outer loop
      vertex -18.15314052382254 4.8468842446025295 0
      vertex -18.15314052382254 4.8468842446025295 8
      vertex -17.938953224536288 4.793233119092731 0
    endloop
  endfacet
  facet normal 0.049067674327420645 0.9987954562051723 0
    outer loop
      vertex -17.72053856574151 4.7608343649875575 0
      vertex -17.72053856574151 4.7608343649875575 8
      vertex -17.5 4.75 0
    endloop
  endfacet
  facet normal 0.14673047445535722 0.9891765099647816 0
    outer loop
      vertex -17.938953224536288 4.793233119092731 0
      vertex -17.938953224536288 4.793233119092731 8
      vertex -17.72053856574151 4.7608343649875575 0
    endloop
  endfacet
  facet normal -0.049067674327420645 0.9987954562051723 0
    outer loop
      vertex -17.5 4.75 0
      vertex -17.5 4.75 8
      vertex -17.27946143425849 4.7608343649875575 0
    endloop
  endfacet
  facet normal -0.14673047445535722 0.9891765099647816 0
    outer loop
      vertex -17.27946143425849 4.7608343649875575 0
      vertex -17.27946143425849 4.7608343649875575 8
      vertex -17.061046775463712 4.793233119092731 0
    endloop
  endfacet
  facet normal -0.24298017990326343 0.9700312531945441 0
    outer loop
      vertex -17.061046775463712 4.793233119092731 0
      vertex -17.061046775463712 4.793233119092731 8
      vertex -16.84685947617746 4.8468842446025295 0
    endloop
  endfacet
  facet normal -0.33688985339222255 0.9415440651830198 0
    outer loop
      vertex -16.84685947617746 4.8468842446025295 0
      vertex -16.84685947617746 4.8468842446025295 8
      vertex -16.63896227717855 4.921271051849605 0
    endloop
  endfacet
  facet normal 0.5956993044924339 0.8032075314806445 0
    outer loop
      vertex -18.927384889368202 5.260726479933842 0
      vertex -18.927384889368202 5.260726479933842 8
      vertex -18.750033024294105 5.129193372319273 0
    endloop
  endfacet
  facet normal 0.5141027441932222 0.8577286100002719 0
    outer loop
      vertex -18.750033024294105 5.129193372319273 0
      vertex -18.750033024294105 5.129193372319273 8
      vertex -18.560642657858494 5.015677155216201 0
    endloop
  endfacet
  facet normal 0.42755509343027964 0.9039892931234446 1.6506563979427745e-19
    outer loop
      vertex -18.36103772282145 4.921271051849605 0
      vertex -18.560642657858494 5.015677155216201 0
      vertex -18.560642657858494 5.015677155216201 8
    endloop
  endfacet
  facet normal 0.6715589548470196 0.740951125354958 9.45274194895128e-19
    outer loop
      vertex -18.927384889368202 5.260726479933842 0
      vertex -19.09099025766973 5.409009742330268 0
      vertex -19.09099025766973 5.409009742330268 8
    endloop
  endfacet
  facet normal -0.42755509343027964 0.9039892931234446 0
    outer loop
      vertex -16.63896227717855 4.921271051849605 0
      vertex -16.63896227717855 4.921271051849605 8
      vertex -16.439357342141506 5.015677155216201 0
    endloop
  endfacet
  facet normal -0.5141027441932222 0.8577286100002719 0
    outer loop
      vertex -16.439357342141506 5.015677155216201 0
      vertex -16.439357342141506 5.015677155216201 8
      vertex -16.249966975705895 5.129193372319273 0
    endloop
  endfacet
  facet normal -0.5956993044924339 0.8032075314806445 0
    outer loop
      vertex -16.249966975705895 5.129193372319273 0
      vertex -16.249966975705895 5.129193372319273 8
      vertex -16.072615110631798 5.260726479933842 0
    endloop
  endfacet
  facet normal -0.6715589548470156 0.7409511253549615 0
    outer loop
      vertex -16.072615110631798 5.260726479933842 0
      vertex -16.072615110631798 5.260726479933842 8
      vertex -15.909009742330268 5.409009742330268 0
    endloop
  endfacet
  facet normal -0.7409511253549615 0.6715589548470156 0
    outer loop
      vertex -15.909009742330268 5.409009742330268 0
      vertex -15.909009742330268 5.409009742330268 8
      vertex -15.760726479933842 5.572615110631798 0
    endloop
  endfacet
  facet normal -0.8032075314806445 0.5956993044924339 0
    outer loop
      vertex -15.760726479933842 5.572615110631798 0
      vertex -15.760726479933842 5.572615110631798 8
      vertex -15.629193372319273 5.749966975705895 0
    endloop
  endfacet
  facet normal -0.8577286100002719 0.5141027441932222 0
    outer loop
      vertex -15.629193372319273 5.749966975705895 0
      vertex -15.629193372319273 5.749966975705895 8
      vertex -15.515677155216201 5.939357342141506 0
    endloop
  endfacet
  facet normal -0.9039892931234431 0.42755509343028275 0
    outer loop
      vertex -15.515677155216201 5.939357342141506 0
      vertex -15.515677155216201 5.939357342141506 8
      vertex -15.421271051849605 6.138962277178548 0
    endloop
  endfacet
  facet normal -0.9415440651830203 0.3368898533922213 0
    outer loop
      vertex -15.421271051849605 6.138962277178548 0
      vertex -15.421271051849605 6.138962277178548 8
      vertex -15.34688424460253 6.3468594761774595 0
    endloop
  endfacet
  facet normal 0.6715589548470196 -0.740951125354958 -9.45274194895128e-19
    outer loop
      vertex -19.09099025766973 8.590990257669732 0
      vertex -18.927384889368202 8.739273520066158 0
      vertex -18.927384889368202 8.739273520066158 8
    endloop
  endfacet
  facet normal 0.5956993044924339 -0.8032075314806445 -8.145333007641771e-20
    outer loop
      vertex -18.927384889368202 8.739273520066158 0
      vertex -18.750033024294105 8.870806627680727 0
      vertex -18.750033024294105 8.870806627680727 8
    endloop
  endfacet
  facet normal 0.5141027441932222 -0.8577286100002719 3.14990004039411e-19
    outer loop
      vertex -18.750033024294105 8.870806627680727 0
      vertex -18.560642657858494 8.984322844783799 0
      vertex -18.560642657858494 8.984322844783799 8
    endloop
  endfacet
  facet normal 0.42755509343027964 -0.9039892931234446 -1.6506563979427745e-19
    outer loop
      vertex -18.560642657858494 8.984322844783799 0
      vertex -18.36103772282145 9.078728948150395 0
      vertex -18.36103772282145 9.078728948150395 8
    endloop
  endfacet
  facet normal 0.33688985339222255 -0.9415440651830198 4.452850573122509e-20
    outer loop
      vertex -18.36103772282145 9.078728948150395 0
      vertex -18.15314052382254 9.15311575539747 0
      vertex -18.15314052382254 9.15311575539747 8
    endloop
  endfacet
  facet normal 0.24298017990326343 -0.9700312531945441 3.405883153799424e-19
    outer loop
      vertex -18.15314052382254 9.15311575539747 0
      vertex -17.938953224536288 9.206766880907269 0
      vertex -17.938953224536288 9.206766880907269 8
    endloop
  endfacet
  facet normal 0.14673047445535722 -0.9891765099647816 1.7600858553189526e-19
    outer loop
      vertex -17.938953224536288 9.206766880907269 0
      vertex -17.72053856574151 9.239165635012442 0
      vertex -17.72053856574151 9.239165635012442 8
    endloop
  endfacet
  facet normal 0.049067674327420645 -0.9987954562051723 5.749750545420987e-20
    outer loop
      vertex -17.72053856574151 9.239165635012442 0
      vertex -17.5 9.25 0
      vertex -17.5 9.25 8
    endloop
  endfacet
  facet normal -0.049067674327420645 -0.9987954562051723 0
    outer loop
      vertex -17.27946143425849 9.239165635012442 0
      vertex -17.27946143425849 9.239165635012442 8
      vertex -17.5 9.25 0
    endloop
  endfacet
  facet normal -0.14673047445535722 -0.9891765099647816 -1.7600858553189526e-19
    outer loop
      vertex -17.27946143425849 9.239165635012442 0
      vertex -17.061046775463712 9.206766880907269 0
      vertex -17.061046775463712 9.206766880907269 8
    endloop
  endfacet
  facet normal -0.24298017990326343 -0.9700312531945441 -3.405883153799424e-19
    outer loop
      vertex -17.061046775463712 9.206766880907269 0
      vertex -16.84685947617746 9.15311575539747 0
      vertex -16.84685947617746 9.15311575539747 8
    endloop
  endfacet
  facet normal -0.6715589548470156 -0.7409511253549615 -8.637160153675341e-19
    outer loop
      vertex -16.072615110631798 8.739273520066158 0
      vertex -15.909009742330268 8.590990257669732 0
      vertex -15.909009742330268 8.590990257669732 8
    endloop
  endfacet
  facet normal -0.5956993044924339 -0.8032075314806445 8.145333007641771e-20
    outer loop
      vertex -16.249966975705895 8.870806627680727 0
      vertex -16.072615110631798 8.739273520066158 0
      vertex -16.072615110631798 8.739273520066158 8
    endloop
  endfacet
  facet normal -0.42755509343027964 -0.9039892931234446 0
    outer loop
      vertex -16.439357342141506 8.984322844783799 0
      vertex -16.439357342141506 8.984322844783799 8
      vertex -16.63896227717855 9.078728948150395 0
    endloop
  endfacet
  facet normal -0.33688985339222255 -0.9415440651830198 -4.452850573122509e-20
    outer loop
      vertex -16.84685947617746 9.15311575539747 0
      vertex -16.63896227717855 9.078728948150395 0
      vertex -16.63896227717855 9.078728948150395 8
    endloop
  endfacet
  facet normal -0.5141027441932222 -0.8577286100002719 0
    outer loop
      vertex -16.249966975705895 8.870806627680727 0
      vertex -16.249966975705895 8.870806627680727 8
      vertex -16.439357342141506 8.984322844783799 0
    endloop
  endfacet
  facet normal -0.9700312531945441 0.24298017990326343 0
    outer loop
      vertex -15.34688424460253 6.3468594761774595 0
      vertex -15.34688424460253 6.3468594761774595 8
      vertex -15.293233119092731 6.561046775463711 0
    endloop
  endfacet
  facet normal -0.9891765099647816 0.1467304744553578 0
    outer loop
      vertex -15.293233119092731 6.561046775463711 0
      vertex -15.293233119092731 6.561046775463711 8
      vertex -15.260834364987558 6.779461434258488 0
    endloop
  endfacet
  facet normal -0.9987954562051723 0.04906767432742025 0
    outer loop
      vertex -15.260834364987558 6.779461434258488 0
      vertex -15.260834364987558 6.779461434258488 8
      vertex -15.25 7 0
    endloop
  endfacet
  facet normal -0.9987954562051723 -0.04906767432742025 0
    outer loop
      vertex -15.25 7 0
      vertex -15.25 7 8
      vertex -15.260834364987558 7.220538565741512 0
    endloop
  endfacet
  facet normal -0.9891765099647816 -0.1467304744553578 0
    outer loop
      vertex -15.260834364987558 7.220538565741512 0
      vertex -15.260834364987558 7.220538565741512 8
      vertex -15.293233119092731 7.438953224536289 0
    endloop
  endfacet
  facet normal -0.9700312531945441 -0.24298017990326343 0
    outer loop
      vertex -15.293233119092731 7.438953224536289 0
      vertex -15.293233119092731 7.438953224536289 8
      vertex -15.34688424460253 7.6531405238225405 0
    endloop
  endfacet
  facet normal -0.9415440651830203 -0.3368898533922213 0
    outer loop
      vertex -15.34688424460253 7.6531405238225405 0
      vertex -15.34688424460253 7.6531405238225405 8
      vertex -15.421271051849605 7.861037722821452 0
    endloop
  endfacet
  facet normal -0.8577286100002719 -0.5141027441932222 0
    outer loop
      vertex -15.515677155216201 8.060642657858494 0
      vertex -15.515677155216201 8.060642657858494 8
      vertex -15.629193372319273 8.250033024294105 0
    endloop
  endfacet
  facet normal -0.9039892931234431 -0.42755509343028275 0
    outer loop
      vertex -15.421271051849605 7.861037722821452 0
      vertex -15.421271051849605 7.861037722821452 8
      vertex -15.515677155216201 8.060642657858494 0
    endloop
  endfacet
  facet normal -0.8032075314806445 -0.5956993044924339 0
    outer loop
      vertex -15.629193372319273 8.250033024294105 0
      vertex -15.629193372319273 8.250033024294105 8
      vertex -15.760726479933842 8.427384889368202 0
    endloop
  endfacet
  facet normal -0.7409511253549615 -0.6715589548470156 0
    outer loop
      vertex -15.760726479933842 8.427384889368202 0
      vertex -15.760726479933842 8.427384889368202 8
      vertex -15.909009742330268 8.590990257669732 0
    endloop
  endfacet
  facet normal 0.7409511253549536 0.6715589548470243 0
    outer loop
      vertex -19.09099025766973 5.409009742330268 0
      vertex -19.23927352006616 5.572615110631798 8
      vertex -19.09099025766973 5.409009742330268 8
    endloop
  endfacet
  facet normal 0.8032075314806522 0.5956993044924236 0
    outer loop
      vertex -19.23927352006616 5.572615110631798 0
      vertex -19.370806627680725 5.749966975705895 8
      vertex -19.23927352006616 5.572615110631798 8
    endloop
  endfacet
  facet normal 0.8577286100002719 0.5141027441932222 0
    outer loop
      vertex -19.370806627680725 5.749966975705895 0
      vertex -19.484322844783797 5.939357342141506 8
      vertex -19.370806627680725 5.749966975705895 8
    endloop
  endfacet
  facet normal 0.9039892931234399 0.4275550934302893 0
    outer loop
      vertex -19.484322844783797 5.939357342141506 0
      vertex -19.578728948150395 6.138962277178548 8
      vertex -19.484322844783797 5.939357342141506 8
    endloop
  endfacet
  facet normal 0.9415440651830229 0.33688985339221417 0
    outer loop
      vertex -19.578728948150395 6.138962277178548 0
      vertex -19.65311575539747 6.3468594761774595 8
      vertex -19.578728948150395 6.138962277178548 8
    endloop
  endfacet
  facet normal 0.9700312531945441 0.24298017990326343 0
    outer loop
      vertex -19.65311575539747 6.3468594761774595 0
      vertex -19.706766880907267 6.561046775463711 8
      vertex -19.65311575539747 6.3468594761774595 8
    endloop
  endfacet
  facet normal 0.9891765099647791 0.14673047445537354 0
    outer loop
      vertex -19.706766880907267 6.561046775463711 0
      vertex -19.739165635012444 6.779461434258488 8
      vertex -19.706766880907267 6.561046775463711 8
    endloop
  endfacet
  facet normal 0.9987954562051726 0.04906767432741222 0
    outer loop
      vertex -19.739165635012444 6.779461434258488 0
      vertex -19.75 7 8
      vertex -19.739165635012444 6.779461434258488 8
    endloop
  endfacet
  facet normal 0.9987954562051726 -0.04906767432741222 0
    outer loop
      vertex -19.75 7 0
      vertex -19.739165635012444 7.220538565741512 8
      vertex -19.75 7 8
    endloop
  endfacet
  facet normal 0.9891765099647791 -0.14673047445537354 0
    outer loop
      vertex -19.739165635012444 7.220538565741512 0
      vertex -19.706766880907267 7.438953224536289 8
      vertex -19.739165635012444 7.220538565741512 8
    endloop
  endfacet
  facet normal 0.9700312531945441 -0.24298017990326343 0
    outer loop
      vertex -19.706766880907267 7.438953224536289 0
      vertex -19.65311575539747 7.6531405238225405 8
      vertex -19.706766880907267 7.438953224536289 8
    endloop
  endfacet
  facet normal 0.9415440651830229 -0.33688985339221417 0
    outer loop
      vertex -19.65311575539747 7.6531405238225405 0
      vertex -19.578728948150395 7.861037722821452 8
      vertex -19.65311575539747 7.6531405238225405 8
    endloop
  endfacet
  facet normal 0.9039892931234399 -0.4275550934302893 0
    outer loop
      vertex -19.578728948150395 7.861037722821452 0
      vertex -19.484322844783797 8.060642657858494 8
      vertex -19.578728948150395 7.861037722821452 8
    endloop
  endfacet
  facet normal 0.8577286100002719 -0.5141027441932222 0
    outer loop
      vertex -19.484322844783797 8.060642657858494 0
      vertex -19.370806627680725 8.250033024294105 8
      vertex -19.484322844783797 8.060642657858494 8
    endloop
  endfacet
  facet normal 0.8032075314806522 -0.5956993044924236 0
    outer loop
      vertex -19.370806627680725 8.250033024294105 0
      vertex -19.23927352006616 8.427384889368202 8
      vertex -19.370806627680725 8.250033024294105 8
    endloop
  endfacet
  facet normal 0.7409511253549536 -0.6715589548470243 0
    outer loop
      vertex -19.23927352006616 8.427384889368202 0
      vertex -19.09099025766973 8.590990257669732 8
      vertex -19.23927352006616 8.427384889368202 8
    endloop
  endfacet
  facet normal 0.33688985339222255 0.9415440651830198 0
    outer loop
      vertex -18.15314052382254 4.8468842446025295 0
      vertex -18.36103772282145 4.921271051849605 8
      vertex -18.15314052382254 4.8468842446025295 8
    endloop
  endfacet
  facet normal 0.24298017990326343 0.9700312531945441 0
    outer loop
      vertex -17.938953224536288 4.793233119092731 0
      vertex -18.15314052382254 4.8468842446025295 8
      vertex -17.938953224536288 4.793233119092731 8
    endloop
  endfacet
  facet normal 0.049067674327420645 0.9987954562051723 0
    outer loop
      vertex -17.5 4.75 0
      vertex -17.72053856574151 4.7608343649875575 8
      vertex -17.5 4.75 8
    endloop
  endfacet
  facet normal 0.14673047445535722 0.9891765099647816 0
    outer loop
      vertex -17.72053856574151 4.7608343649875575 0
      vertex -17.938953224536288 4.793233119092731 8
      vertex -17.72053856574151 4.7608343649875575 8
    endloop
  endfacet
  facet normal -0.049067674327420645 0.9987954562051723 0
    outer loop
      vertex -17.27946143425849 4.7608343649875575 0
      vertex -17.5 4.75 8
      vertex -17.27946143425849 4.7608343649875575 8
    endloop
  endfacet
  facet normal -0.14673047445535722 0.9891765099647816 0
    outer loop
      vertex -17.061046775463712 4.793233119092731 0
      vertex -17.27946143425849 4.7608343649875575 8
      vertex -17.061046775463712 4.793233119092731 8
    endloop
  endfacet
  facet normal -0.24298017990326343 0.9700312531945441 0
    outer loop
      vertex -16.84685947617746 4.8468842446025295 0
      vertex -17.061046775463712 4.793233119092731 8
      vertex -16.84685947617746 4.8468842446025295 8
    endloop
  endfacet
  facet normal -0.33688985339222255 0.9415440651830198 0
    outer loop
      vertex -16.63896227717855 4.921271051849605 0
      vertex -16.84685947617746 4.8468842446025295 8
      vertex -16.63896227717855 4.921271051849605 8
    endloop
  endfacet
  facet normal 0.5956993044924339 0.8032075314806445 0
    outer loop
      vertex -18.750033024294105 5.129193372319273 0
      vertex -18.927384889368202 5.260726479933842 8
      vertex -18.750033024294105 5.129193372319273 8
    endloop
  endfacet
  facet normal 0.5141027441932222 0.8577286100002719 0
    outer loop
      vertex -18.560642657858494 5.015677155216201 0
      vertex -18.750033024294105 5.129193372319273 8
      vertex -18.560642657858494 5.015677155216201 8
    endloop
  endfacet
  facet normal 0.42755509343027964 0.9039892931234446 0
    outer loop
      vertex -18.36103772282145 4.921271051849605 0
      vertex -18.560642657858494 5.015677155216201 8
      vertex -18.36103772282145 4.921271051849605 8
    endloop
  endfacet
  facet normal 0.6715589548470196 0.740951125354958 0
    outer loop
      vertex -18.927384889368202 5.260726479933842 0
      vertex -19.09099025766973 5.409009742330268 8
      vertex -18.927384889368202 5.260726479933842 8
    endloop
  endfacet
  facet normal -0.42755509343027964 0.9039892931234446 0
    outer loop
      vertex -16.439357342141506 5.015677155216201 0
      vertex -16.63896227717855 4.921271051849605 8
      vertex -16.439357342141506 5.015677155216201 8
    endloop
  endfacet
  facet normal -0.5141027441932222 0.8577286100002719 0
    outer loop
      vertex -16.249966975705895 5.129193372319273 0
      vertex -16.439357342141506 5.015677155216201 8
      vertex -16.249966975705895 5.129193372319273 8
    endloop
  endfacet
  facet normal -0.5956993044924339 0.8032075314806445 0
    outer loop
      vertex -16.072615110631798 5.260726479933842 0
      vertex -16.249966975705895 5.129193372319273 8
      vertex -16.072615110631798 5.260726479933842 8
    endloop
  endfacet
  facet normal -0.6715589548470156 0.7409511253549615 0
    outer loop
      vertex -15.909009742330268 5.409009742330268 0
      vertex -16.072615110631798 5.260726479933842 8
      vertex -15.909009742330268 5.409009742330268 8
    endloop
  endfacet
  facet normal -0.7409511253549615 0.6715589548470156 0
    outer loop
      vertex -15.760726479933842 5.572615110631798 0
      vertex -15.909009742330268 5.409009742330268 8
      vertex -15.760726479933842 5.572615110631798 8
    endloop
  endfacet
  facet normal -0.8032075314806445 0.5956993044924339 0
    outer loop
      vertex -15.629193372319273 5.749966975705895 0
      vertex -15.760726479933842 5.572615110631798 8
      vertex -15.629193372319273 5.749966975705895 8
    endloop
  endfacet
  facet normal -0.8577286100002719 0.5141027441932222 0
    outer loop
      vertex -15.515677155216201 5.939357342141506 0
      vertex -15.629193372319273 5.749966975705895 8
      vertex -15.515677155216201 5.939357342141506 8
    endloop
  endfacet
  facet normal -0.9039892931234431 0.42755509343028275 0
    outer loop
      vertex -15.421271051849605 6.138962277178548 0
      vertex -15.515677155216201 5.939357342141506 8
      vertex -15.421271051849605 6.138962277178548 8
    endloop
  endfacet
  facet normal -0.9415440651830203 0.3368898533922213 0
    outer loop
      vertex -15.34688424460253 6.3468594761774595 0
      vertex -15.421271051849605 6.138962277178548 8
      vertex -15.34688424460253 6.3468594761774595 8
    endloop
  endfacet
  facet normal 0.6715589548470196 -0.740951125354958 0
    outer loop
      vertex -19.09099025766973 8.590990257669732 0
      vertex -18.927384889368202 8.739273520066158 8
      vertex -19.09099025766973 8.590990257669732 8
    endloop
  endfacet
  facet normal 0.5956993044924339 -0.8032075314806445 0
    outer loop
      vertex -18.927384889368202 8.739273520066158 0
      vertex -18.750033024294105 8.870806627680727 8
      vertex -18.927384889368202 8.739273520066158 8
    endloop
  endfacet
  facet normal 0.5141027441932222 -0.8577286100002719 0
    outer loop
      vertex -18.750033024294105 8.870806627680727 0
      vertex -18.560642657858494 8.984322844783799 8
      vertex -18.750033024294105 8.870806627680727 8
    endloop
  endfacet
  facet normal 0.42755509343027964 -0.9039892931234446 0
    outer loop
      vertex -18.560642657858494 8.984322844783799 0
      vertex -18.36103772282145 9.078728948150395 8
      vertex -18.560642657858494 8.984322844783799 8
    endloop
  endfacet
  facet normal 0.33688985339222255 -0.9415440651830198 0
    outer loop
      vertex -18.36103772282145 9.078728948150395 0
      vertex -18.15314052382254 9.15311575539747 8
      vertex -18.36103772282145 9.078728948150395 8
    endloop
  endfacet
  facet normal 0.24298017990326343 -0.9700312531945441 0
    outer loop
      vertex -18.15314052382254 9.15311575539747 0
      vertex -17.938953224536288 9.206766880907269 8
      vertex -18.15314052382254 9.15311575539747 8
    endloop
  endfacet
  facet normal 0.14673047445535722 -0.9891765099647816 0
    outer loop
      vertex -17.938953224536288 9.206766880907269 0
      vertex -17.72053856574151 9.239165635012442 8
      vertex -17.938953224536288 9.206766880907269 8
    endloop
  endfacet
  facet normal 0.049067674327420645 -0.9987954562051723 0
    outer loop
      vertex -17.72053856574151 9.239165635012442 0
      vertex -17.5 9.25 8
      vertex -17.72053856574151 9.239165635012442 8
    endloop
  endfacet
  facet normal -0.049067674327420645 -0.9987954562051723 0
    outer loop
      vertex -17.5 9.25 0
      vertex -17.27946143425849 9.239165635012442 8
      vertex -17.5 9.25 8
    endloop
  endfacet
  facet normal -0.14673047445535722 -0.9891765099647816 0
    outer loop
      vertex -17.27946143425849 9.239165635012442 0
      vertex -17.061046775463712 9.206766880907269 8
      vertex -17.27946143425849 9.239165635012442 8
    endloop
  endfacet
  facet normal -0.24298017990326343 -0.9700312531945441 0
    outer loop
      vertex -17.061046775463712 9.206766880907269 0
      vertex -16.84685947617746 9.15311575539747 8
      vertex -17.061046775463712 9.206766880907269 8
    endloop
  endfacet
  facet normal -0.33688985339222255 -0.9415440651830198 0
    outer loop
      vertex -16.84685947617746 9.15311575539747 0
      vertex -16.63896227717855 9.078728948150395 8
      vertex -16.84685947617746 9.15311575539747 8
    endloop
  endfacet
  facet normal -0.6715589548470156 -0.7409511253549615 0
    outer loop
      vertex -16.072615110631798 8.739273520066158 0
      vertex -15.909009742330268 8.590990257669732 8
      vertex -16.072615110631798 8.739273520066158 8
    endloop
  endfacet
  facet normal -0.5956993044924339 -0.8032075314806445 0
    outer loop
      vertex -16.249966975705895 8.870806627680727 0
      vertex -16.072615110631798 8.739273520066158 8
      vertex -16.249966975705895 8.870806627680727 8
    endloop
  endfacet
  facet normal -0.42755509343027964 -0.9039892931234446 0
    outer loop
      vertex -16.63896227717855 9.078728948150395 0
      vertex -16.439357342141506 8.984322844783799 8
      vertex -16.63896227717855 9.078728948150395 8
    endloop
  endfacet
  facet normal -0.5141027441932222 -0.8577286100002719 0
    outer loop
      vertex -16.439357342141506 8.984322844783799 0
      vertex -16.249966975705895 8.870806627680727 8
      vertex -16.439357342141506 8.984322844783799 8
    endloop
  endfacet
  facet normal -0.9700312531945441 0.24298017990326343 0
    outer loop
      vertex -15.293233119092731 6.561046775463711 0
      vertex -15.34688424460253 6.3468594761774595 8
      vertex -15.293233119092731 6.561046775463711 8
    endloop
  endfacet
  facet normal -0.9891765099647816 0.1467304744553578 0
    outer loop
      vertex -15.260834364987558 6.779461434258488 0
      vertex -15.293233119092731 6.561046775463711 8
      vertex -15.260834364987558 6.779461434258488 8
    endloop
  endfacet
  facet normal -0.9987954562051723 0.04906767432742025 0
    outer loop
      vertex -15.25 7 0
      vertex -15.260834364987558 6.779461434258488 8
      vertex -15.25 7 8
    endloop
  endfacet
  facet normal -0.9987954562051723 -0.04906767432742025 0
    outer loop
      vertex -15.260834364987558 7.220538565741512 0
      vertex -15.25 7 8
      vertex -15.260834364987558 7.220538565741512 8
    endloop
  endfacet
  facet normal -0.9891765099647816 -0.1467304744553578 0
    outer loop
      vertex -15.293233119092731 7.438953224536289 0
      vertex -15.260834364987558 7.220538565741512 8
      vertex -15.293233119092731 7.438953224536289 8
    endloop
  endfacet
  facet normal -0.9700312531945441 -0.24298017990326343 0
    outer loop
      vertex -15.34688424460253 7.6531405238225405 0
      vertex -15.293233119092731 7.438953224536289 8
      vertex -15.34688424460253 7.6531405238225405 8
    endloop
  endfacet
  facet normal -0.9415440651830203 -0.3368898533922213 0
    outer loop
      vertex -15.421271051849605 7.861037722821452 0
      vertex -15.34688424460253 7.6531405238225405 8
      vertex -15.421271051849605 7.861037722821452 8
    endloop
  endfacet
  facet normal -0.9039892931234431 -0.42755509343028275 0
    outer loop
      vertex -15.515677155216201 8.060642657858494 0
      vertex -15.421271051849605 7.861037722821452 8
      vertex -15.515677155216201 8.060642657858494 8
    endloop
  endfacet
  facet normal -0.8577286100002719 -0.5141027441932222 0
    outer loop
      vertex -15.629193372319273 8.250033024294105 0
      vertex -15.515677155216201 8.060642657858494 8
      vertex -15.629193372319273 8.250033024294105 8
    endloop
  endfacet
  facet normal -0.8032075314806445 -0.5956993044924339 0
    outer loop
      vertex -15.760726479933842 8.427384889368202 0
      vertex -15.629193372319273 8.250033024294105 8
      vertex -15.760726479933842 8.427384889368202 8
    endloop
  endfacet
  facet normal -0.7409511253549615 -0.6715589548470156 0
    outer loop
      vertex -15.909009742330268 8.590990257669732 0
      vertex -15.760726479933842 8.427384889368202 8
      vertex -15.909009742330268 8.590990257669732 8
    endloop
  endfacet
  facet normal 0.7409511253549615 0.6715589548470156 -8.637160153675341e-19
    outer loop
      vertex 15.909009742330268 5.409009742330268 0
      vertex 15.760726479933842 5.572615110631798 0
      vertex 15.760726479933842 5.572615110631798 8
    endloop
  endfacet
  facet normal 0.8032075314806445 0.5956993044924339 8.145333007641771e-20
    outer loop
      vertex 15.760726479933842 5.572615110631798 0
      vertex 15.629193372319273 5.749966975705895 0
      vertex 15.629193372319273 5.749966975705895 8
    endloop
  endfacet
  facet normal 0.8577286100002719 0.5141027441932222 0
    outer loop
      vertex 15.515677155216201 5.939357342141506 0
      vertex 15.515677155216201 5.939357342141506 8
      vertex 15.629193372319273 5.749966975705895 0
    endloop
  endfacet
  facet normal 0.9039892931234431 0.42755509343028275 8.248537785357863e-19
    outer loop
      vertex 15.515677155216201 5.939357342141506 0
      vertex 15.421271051849605 6.138962277178548 0
      vertex 15.421271051849605 6.138962277178548 8
    endloop
  endfacet
  facet normal 0.9415440651830203 0.3368898533922213 -1.2902904626713775e-19
    outer loop
      vertex 15.421271051849605 6.138962277178548 0
      vertex 15.34688424460253 6.3468594761774595 0
      vertex 15.34688424460253 6.3468594761774595 8
    endloop
  endfacet
  facet normal 0.33688985339222255 0.9415440651830198 0
    outer loop
      vertex 16.63896227717855 4.921271051849605 0
      vertex 16.63896227717855 4.921271051849605 8
      vertex 16.84685947617746 4.8468842446025295 0
    endloop
  endfacet
  facet normal 0.24298017990326343 0.9700312531945441 0
    outer loop
      vertex 16.84685947617746 4.8468842446025295 0
      vertex 16.84685947617746 4.8468842446025295 8
      vertex 17.061046775463712 4.793233119092731 0
    endloop
  endfacet
  facet normal 0.049067674327420645 0.9987954562051723 -5.749750545420987e-20
    outer loop
      vertex 17.5 4.75 0
      vertex 17.27946143425849 4.7608343649875575 0
      vertex 17.27946143425849 4.7608343649875575 8
    endloop
  endfacet
  facet normal 0.14673047445535722 0.9891765099647816 0
    outer loop
      vertex 17.061046775463712 4.793233119092731 0
      vertex 17.061046775463712 4.793233119092731 8
      vertex 17.27946143425849 4.7608343649875575 0
    endloop
  endfacet
  facet normal -0.049067674327420645 0.9987954562051723 0
    outer loop
      vertex 17.5 4.75 0
      vertex 17.5 4.75 8
      vertex 17.72053856574151 4.7608343649875575 0
    endloop
  endfacet
  facet normal -0.14673047445535722 0.9891765099647816 0
    outer loop
      vertex 17.72053856574151 4.7608343649875575 0
      vertex 17.72053856574151 4.7608343649875575 8
      vertex 17.938953224536288 4.793233119092731 0
    endloop
  endfacet
  facet normal -0.24298017990326343 0.9700312531945441 0
    outer loop
      vertex 17.938953224536288 4.793233119092731 0
      vertex 17.938953224536288 4.793233119092731 8
      vertex 18.15314052382254 4.8468842446025295 0
    endloop
  endfacet
  facet normal -0.33688985339222255 0.9415440651830198 0
    outer loop
      vertex 18.15314052382254 4.8468842446025295 0
      vertex 18.15314052382254 4.8468842446025295 8
      vertex 18.36103772282145 4.921271051849605 0
    endloop
  endfacet
  facet normal 0.5141027441932222 0.8577286100002719 0
    outer loop
      vertex 16.249966975705895 5.129193372319273 0
      vertex 16.249966975705895 5.129193372319273 8
      vertex 16.439357342141506 5.015677155216201 0
    endloop
  endfacet
  facet normal 0.5956993044924339 0.8032075314806445 0
    outer loop
      vertex 16.072615110631798 5.260726479933842 0
      vertex 16.072615110631798 5.260726479933842 8
      vertex 16.249966975705895 5.129193372319273 0
    endloop
  endfacet
  facet normal 0.42755509343027964 0.9039892931234446 1.6506563979427745e-19
    outer loop
      vertex 16.63896227717855 4.921271051849605 0
      vertex 16.439357342141506 5.015677155216201 0
      vertex 16.439357342141506 5.015677155216201 8
    endloop
  endfacet
  facet normal 0.6715589548470156 0.7409511253549615 0
    outer loop
      vertex 15.909009742330268 5.409009742330268 0
      vertex 15.909009742330268 5.409009742330268 8
      vertex 16.072615110631798 5.260726479933842 0
    endloop
  endfacet
  facet normal -0.42755509343027964 0.9039892931234446 0
    outer loop
      vertex 18.36103772282145 4.921271051849605 0
      vertex 18.36103772282145 4.921271051849605 8
      vertex 18.560642657858494 5.015677155216201 0
    endloop
  endfacet
  facet normal -0.5141027441932222 0.8577286100002719 0
    outer loop
      vertex 18.560642657858494 5.015677155216201 0
      vertex 18.560642657858494 5.015677155216201 8
      vertex 18.750033024294105 5.129193372319273 0
    endloop
  endfacet
  facet normal -0.5956993044924339 0.8032075314806445 0
    outer loop
      vertex 18.750033024294105 5.129193372319273 0
      vertex 18.750033024294105 5.129193372319273 8
      vertex 18.927384889368202 5.260726479933842 0
    endloop
  endfacet
  facet normal -0.6715589548470196 0.740951125354958 0
    outer loop
      vertex 18.927384889368202 5.260726479933842 0
      vertex 18.927384889368202 5.260726479933842 8
      vertex 19.09099025766973 5.409009742330268 0
    endloop
  endfacet
  facet normal 0.9700312531945441 0.24298017990326343 -3.405883153799424e-19
    outer loop
      vertex 15.34688424460253 6.3468594761774595 0
      vertex 15.293233119092731 6.561046775463711 0
      vertex 15.293233119092731 6.561046775463711 8
    endloop
  endfacet
  facet normal 0.9891765099647816 0.1467304744553578 -8.942925636784561e-20
    outer loop
      vertex 15.293233119092731 6.561046775463711 0
      vertex 15.260834364987558 6.779461434258488 0
      vertex 15.260834364987558 6.779461434258488 8
    endloop
  endfacet
  facet normal 0.9987954562051723 0.04906767432742025 9.531907911937976e-20
    outer loop
      vertex 15.260834364987558 6.779461434258488 0
      vertex 15.25 7 0
      vertex 15.25 7 8
    endloop
  endfacet
  facet normal 0.9987954562051723 -0.04906767432742025 -9.531907911937976e-20
    outer loop
      vertex 15.25 7 0
      vertex 15.260834364987558 7.220538565741512 0
      vertex 15.260834364987558 7.220538565741512 8
    endloop
  endfacet
  facet normal 0.9891765099647816 -0.1467304744553578 8.942925636784561e-20
    outer loop
      vertex 15.260834364987558 7.220538565741512 0
      vertex 15.293233119092731 7.438953224536289 0
      vertex 15.293233119092731 7.438953224536289 8
    endloop
  endfacet
  facet normal 0.9700312531945441 -0.24298017990326343 3.405883153799424e-19
    outer loop
      vertex 15.293233119092731 7.438953224536289 0
      vertex 15.34688424460253 7.6531405238225405 0
      vertex 15.34688424460253 7.6531405238225405 8
    endloop
  endfacet
  facet normal 0.9415440651830203 -0.3368898533922213 1.2902904626713775e-19
    outer loop
      vertex 15.34688424460253 7.6531405238225405 0
      vertex 15.421271051849605 7.861037722821452 0
      vertex 15.421271051849605 7.861037722821452 8
    endloop
  endfacet
  facet normal 0.9039892931234431 -0.42755509343028275 -8.248537785357863e-19
    outer loop
      vertex 15.421271051849605 7.861037722821452 0
      vertex 15.515677155216201 8.060642657858494 0
      vertex 15.515677155216201 8.060642657858494 8
    endloop
  endfacet
  facet normal 0.8577286100002719 -0.5141027441932222 3.14990004039411e-19
    outer loop
      vertex 15.515677155216201 8.060642657858494 0
      vertex 15.629193372319273 8.250033024294105 0
      vertex 15.629193372319273 8.250033024294105 8
    endloop
  endfacet
  facet normal 0.8032075314806445 -0.5956993044924339 -8.145333007641771e-20
    outer loop
      vertex 15.629193372319273 8.250033024294105 0
      vertex 15.760726479933842 8.427384889368202 0
      vertex 15.760726479933842 8.427384889368202 8
    endloop
  endfacet
  facet normal 0.7409511253549615 -0.6715589548470156 8.637160153675341e-19
    outer loop
      vertex 15.760726479933842 8.427384889368202 0
      vertex 15.909009742330268 8.590990257669732 0
      vertex 15.909009742330268 8.590990257669732 8
    endloop
  endfacet
  facet normal 0.6715589548470156 -0.7409511253549615 8.637160153675341e-19
    outer loop
      vertex 15.909009742330268 8.590990257669732 0
      vertex 16.072615110631798 8.739273520066158 0
      vertex 16.072615110631798 8.739273520066158 8
    endloop
  endfacet
  facet normal 0.5956993044924339 -0.8032075314806445 -8.145333007641771e-20
    outer loop
      vertex 16.072615110631798 8.739273520066158 0
      vertex 16.249966975705895 8.870806627680727 0
      vertex 16.249966975705895 8.870806627680727 8
    endloop
  endfacet
  facet normal 0.5141027441932222 -0.8577286100002719 3.14990004039411e-19
    outer loop
      vertex 16.249966975705895 8.870806627680727 0
      vertex 16.439357342141506 8.984322844783799 0
      vertex 16.439357342141506 8.984322844783799 8
    endloop
  endfacet
  facet normal 0.42755509343027964 -0.9039892931234446 -1.6506563979427745e-19
    outer loop
      vertex 16.439357342141506 8.984322844783799 0
      vertex 16.63896227717855 9.078728948150395 0
      vertex 16.63896227717855 9.078728948150395 8
    endloop
  endfacet
  facet normal 0.33688985339222255 -0.9415440651830198 4.452850573122509e-20
    outer loop
      vertex 16.63896227717855 9.078728948150395 0
      vertex 16.84685947617746 9.15311575539747 0
      vertex 16.84685947617746 9.15311575539747 8
    endloop
  endfacet
  facet normal 0.24298017990326343 -0.9700312531945441 3.405883153799424e-19
    outer loop
      vertex 16.84685947617746 9.15311575539747 0
      vertex 17.061046775463712 9.206766880907269 0
      vertex 17.061046775463712 9.206766880907269 8
    endloop
  endfacet
  facet normal 0.14673047445535722 -0.9891765099647816 1.7600858553189526e-19
    outer loop
      vertex 17.061046775463712 9.206766880907269 0
      vertex 17.27946143425849 9.239165635012442 0
      vertex 17.27946143425849 9.239165635012442 8
    endloop
  endfacet
  facet normal 0.049067674327420645 -0.9987954562051723 5.749750545420987e-20
    outer loop
      vertex 17.27946143425849 9.239165635012442 0
      vertex 17.5 9.25 0
      vertex 17.5 9.25 8
    endloop
  endfacet
  facet normal -0.049067674327420645 -0.9987954562051723 0
    outer loop
      vertex 17.72053856574151 9.239165635012442 0
      vertex 17.72053856574151 9.239165635012442 8
      vertex 17.5 9.25 0
    endloop
  endfacet
  facet normal -0.14673047445535722 -0.9891765099647816 -1.7600858553189526e-19
    outer loop
      vertex 17.72053856574151 9.239165635012442 0
      vertex 17.938953224536288 9.206766880907269 0
      vertex 17.938953224536288 9.206766880907269 8
    endloop
  endfacet
  facet normal -0.24298017990326343 -0.9700312531945441 -3.405883153799424e-19
    outer loop
      vertex 17.938953224536288 9.206766880907269 0
      vertex 18.15314052382254 9.15311575539747 0
      vertex 18.15314052382254 9.15311575539747 8
    endloop
  endfacet
  facet normal -0.33688985339222255 -0.9415440651830198 -4.452850573122509e-20
    outer loop
      vertex 18.15314052382254 9.15311575539747 0
      vertex 18.36103772282145 9.078728948150395 0
      vertex 18.36103772282145 9.078728948150395 8
    endloop
  endfacet
  facet normal -0.6715589548470196 -0.740951125354958 0
    outer loop
      vertex 19.09099025766973 8.590990257669732 0
      vertex 19.09099025766973 8.590990257669732 8
      vertex 18.927384889368202 8.739273520066158 0
    endloop
  endfacet
  facet normal -0.5956993044924339 -0.8032075314806445 8.145333007641771e-20
    outer loop
      vertex 18.750033024294105 8.870806627680727 0
      vertex 18.927384889368202 8.739273520066158 0
      vertex 18.927384889368202 8.739273520066158 8
    endloop
  endfacet
  facet normal -0.42755509343027964 -0.9039892931234446 0
    outer loop
      vertex 18.560642657858494 8.984322844783799 0
      vertex 18.560642657858494 8.984322844783799 8
      vertex 18.36103772282145 9.078728948150395 0
    endloop
  endfacet
  facet normal -0.5141027441932222 -0.8577286100002719 0
    outer loop
      vertex 18.750033024294105 8.870806627680727 0
      vertex 18.750033024294105 8.870806627680727 8
      vertex 18.560642657858494 8.984322844783799 0
    endloop
  endfacet
  facet normal -0.7409511253549536 0.6715589548470243 0
    outer loop
      vertex 19.09099025766973 5.409009742330268 0
      vertex 19.09099025766973 5.409009742330268 8
      vertex 19.23927352006616 5.572615110631798 0
    endloop
  endfacet
  facet normal -0.8032075314806522 0.5956993044924236 0
    outer loop
      vertex 19.23927352006616 5.572615110631798 0
      vertex 19.23927352006616 5.572615110631798 8
      vertex 19.370806627680725 5.749966975705895 0
    endloop
  endfacet
  facet normal -0.8577286100002719 0.5141027441932222 0
    outer loop
      vertex 19.370806627680725 5.749966975705895 0
      vertex 19.370806627680725 5.749966975705895 8
      vertex 19.484322844783797 5.939357342141506 0
    endloop
  endfacet
  facet normal -0.9039892931234399 0.4275550934302893 0
    outer loop
      vertex 19.484322844783797 5.939357342141506 0
      vertex 19.484322844783797 5.939357342141506 8
      vertex 19.578728948150395 6.138962277178548 0
    endloop
  endfacet
  facet normal -0.9415440651830229 0.33688985339221417 0
    outer loop
      vertex 19.578728948150395 6.138962277178548 0
      vertex 19.578728948150395 6.138962277178548 8
      vertex 19.65311575539747 6.3468594761774595 0
    endloop
  endfacet
  facet normal -0.9700312531945441 0.24298017990326343 0
    outer loop
      vertex 19.65311575539747 6.3468594761774595 0
      vertex 19.65311575539747 6.3468594761774595 8
      vertex 19.706766880907267 6.561046775463711 0
    endloop
  endfacet
  facet normal -0.9891765099647791 0.14673047445537354 0
    outer loop
      vertex 19.706766880907267 6.561046775463711 0
      vertex 19.706766880907267 6.561046775463711 8
      vertex 19.739165635012444 6.779461434258488 0
    endloop
  endfacet
  facet normal -0.9987954562051726 0.04906767432741222 0
    outer loop
      vertex 19.739165635012444 6.779461434258488 0
      vertex 19.739165635012444 6.779461434258488 8
      vertex 19.75 7 0
    endloop
  endfacet
  facet normal -0.9987954562051726 -0.04906767432741222 0
    outer loop
      vertex 19.75 7 0
      vertex 19.75 7 8
      vertex 19.739165635012444 7.220538565741512 0
    endloop
  endfacet
  facet normal -0.9891765099647791 -0.14673047445537354 0
    outer loop
      vertex 19.739165635012444 7.220538565741512 0
      vertex 19.739165635012444 7.220538565741512 8
      vertex 19.706766880907267 7.438953224536289 0
    endloop
  endfacet
  facet normal -0.9700312531945441 -0.24298017990326343 0
    outer loop
      vertex 19.706766880907267 7.438953224536289 0
      vertex 19.706766880907267 7.438953224536289 8
      vertex 19.65311575539747 7.6531405238225405 0
    endloop
  endfacet
  facet normal -0.9415440651830229 -0.33688985339221417 0
    outer loop
      vertex 19.65311575539747 7.6531405238225405 0
      vertex 19.65311575539747 7.6531405238225405 8
      vertex 19.578728948150395 7.861037722821452 0
    endloop
  endfacet
  facet normal -0.8577286100002719 -0.5141027441932222 0
    outer loop
      vertex 19.484322844783797 8.060642657858494 0
      vertex 19.484322844783797 8.060642657858494 8
      vertex 19.370806627680725 8.250033024294105 0
    endloop
  endfacet
  facet normal -0.9039892931234399 -0.4275550934302893 4.364998700323095e-19
    outer loop
      vertex 19.484322844783797 8.060642657858494 0
      vertex 19.578728948150395 7.861037722821452 0
      vertex 19.578728948150395 7.861037722821452 8
    endloop
  endfacet
  facet normal -0.8032075314806522 -0.5956993044924236 0
    outer loop
      vertex 19.370806627680725 8.250033024294105 0
      vertex 19.370806627680725 8.250033024294105 8
      vertex 19.23927352006616 8.427384889368202 0
    endloop
  endfacet
  facet normal -0.7409511253549536 -0.6715589548470243 5.568201807892221e-20
    outer loop
      vertex 19.09099025766973 8.590990257669732 0
      vertex 19.23927352006616 8.427384889368202 0
      vertex 19.23927352006616 8.427384889368202 8
    endloop
  endfacet
  facet normal 0.7409511253549615 0.6715589548470156 0
    outer loop
      vertex 15.909009742330268 5.409009742330268 0
      vertex 15.760726479933842 5.572615110631798 8
      vertex 15.909009742330268 5.409009742330268 8
    endloop
  endfacet
  facet normal 0.8032075314806445 0.5956993044924339 0
    outer loop
      vertex 15.760726479933842 5.572615110631798 0
      vertex 15.629193372319273 5.749966975705895 8
      vertex 15.760726479933842 5.572615110631798 8
    endloop
  endfacet
  facet normal 0.9039892931234431 0.42755509343028275 0
    outer loop
      vertex 15.515677155216201 5.939357342141506 0
      vertex 15.421271051849605 6.138962277178548 8
      vertex 15.515677155216201 5.939357342141506 8
    endloop
  endfacet
  facet normal 0.8577286100002719 0.5141027441932222 0
    outer loop
      vertex 15.629193372319273 5.749966975705895 0
      vertex 15.515677155216201 5.939357342141506 8
      vertex 15.629193372319273 5.749966975705895 8
    endloop
  endfacet
  facet normal 0.9415440651830203 0.3368898533922213 0
    outer loop
      vertex 15.421271051849605 6.138962277178548 0
      vertex 15.34688424460253 6.3468594761774595 8
      vertex 15.421271051849605 6.138962277178548 8
    endloop
  endfacet
  facet normal 0.33688985339222255 0.9415440651830198 0
    outer loop
      vertex 16.84685947617746 4.8468842446025295 0
      vertex 16.63896227717855 4.921271051849605 8
      vertex 16.84685947617746 4.8468842446025295 8
    endloop
  endfacet
  facet normal 0.24298017990326343 0.9700312531945441 0
    outer loop
      vertex 17.061046775463712 4.793233119092731 0
      vertex 16.84685947617746 4.8468842446025295 8
      vertex 17.061046775463712 4.793233119092731 8
    endloop
  endfacet
  facet normal 0.049067674327420645 0.9987954562051723 0
    outer loop
      vertex 17.5 4.75 0
      vertex 17.27946143425849 4.7608343649875575 8
      vertex 17.5 4.75 8
    endloop
  endfacet
  facet normal 0.14673047445535722 0.9891765099647816 0
    outer loop
      vertex 17.27946143425849 4.7608343649875575 0
      vertex 17.061046775463712 4.793233119092731 8
      vertex 17.27946143425849 4.7608343649875575 8
    endloop
  endfacet
  facet normal -0.049067674327420645 0.9987954562051723 0
    outer loop
      vertex 17.72053856574151 4.7608343649875575 0
      vertex 17.5 4.75 8
      vertex 17.72053856574151 4.7608343649875575 8
    endloop
  endfacet
  facet normal -0.14673047445535722 0.9891765099647816 0
    outer loop
      vertex 17.938953224536288 4.793233119092731 0
      vertex 17.72053856574151 4.7608343649875575 8
      vertex 17.938953224536288 4.793233119092731 8
    endloop
  endfacet
  facet normal -0.24298017990326343 0.9700312531945441 0
    outer loop
      vertex 18.15314052382254 4.8468842446025295 0
      vertex 17.938953224536288 4.793233119092731 8
      vertex 18.15314052382254 4.8468842446025295 8
    endloop
  endfacet
  facet normal -0.33688985339222255 0.9415440651830198 0
    outer loop
      vertex 18.36103772282145 4.921271051849605 0
      vertex 18.15314052382254 4.8468842446025295 8
      vertex 18.36103772282145 4.921271051849605 8
    endloop
  endfacet
  facet normal 0.5956993044924339 0.8032075314806445 0
    outer loop
      vertex 16.249966975705895 5.129193372319273 0
      vertex 16.072615110631798 5.260726479933842 8
      vertex 16.249966975705895 5.129193372319273 8
    endloop
  endfacet
  facet normal 0.5141027441932222 0.8577286100002719 0
    outer loop
      vertex 16.439357342141506 5.015677155216201 0
      vertex 16.249966975705895 5.129193372319273 8
      vertex 16.439357342141506 5.015677155216201 8
    endloop
  endfacet
  facet normal 0.42755509343027964 0.9039892931234446 0
    outer loop
      vertex 16.63896227717855 4.921271051849605 0
      vertex 16.439357342141506 5.015677155216201 8
      vertex 16.63896227717855 4.921271051849605 8
    endloop
  endfacet
  facet normal 0.6715589548470156 0.7409511253549615 0
    outer loop
      vertex 16.072615110631798 5.260726479933842 0
      vertex 15.909009742330268 5.409009742330268 8
      vertex 16.072615110631798 5.260726479933842 8
    endloop
  endfacet
  facet normal -0.42755509343027964 0.9039892931234446 0
    outer loop
      vertex 18.560642657858494 5.015677155216201 0
      vertex 18.36103772282145 4.921271051849605 8
      vertex 18.560642657858494 5.015677155216201 8
    endloop
  endfacet
  facet normal -0.5141027441932222 0.8577286100002719 0
    outer loop
      vertex 18.750033024294105 5.129193372319273 0
      vertex 18.560642657858494 5.015677155216201 8
      vertex 18.750033024294105 5.129193372319273 8
    endloop
  endfacet
  facet normal -0.5956993044924339 0.8032075314806445 0
    outer loop
      vertex 18.927384889368202 5.260726479933842 0
      vertex 18.750033024294105 5.129193372319273 8
      vertex 18.927384889368202 5.260726479933842 8
    endloop
  endfacet
  facet normal -0.6715589548470196 0.740951125354958 0
    outer loop
      vertex 19.09099025766973 5.409009742330268 0
      vertex 18.927384889368202 5.260726479933842 8
      vertex 19.09099025766973 5.409009742330268 8
    endloop
  endfacet
  facet normal 0.9700312531945441 0.24298017990326343 0
    outer loop
      vertex 15.34688424460253 6.3468594761774595 0
      vertex 15.293233119092731 6.561046775463711 8
      vertex 15.34688424460253 6.3468594761774595 8
    endloop
  endfacet
  facet normal 0.9891765099647816 0.1467304744553578 0
    outer loop
      vertex 15.293233119092731 6.561046775463711 0
      vertex 15.260834364987558 6.779461434258488 8
      vertex 15.293233119092731 6.561046775463711 8
    endloop
  endfacet
  facet normal 0.9987954562051723 0.04906767432742025 0
    outer loop
      vertex 15.260834364987558 6.779461434258488 0
      vertex 15.25 7 8
      vertex 15.260834364987558 6.779461434258488 8
    endloop
  endfacet
  facet normal 0.9987954562051723 -0.04906767432742025 0
    outer loop
      vertex 15.25 7 0
      vertex 15.260834364987558 7.220538565741512 8
      vertex 15.25 7 8
    endloop
  endfacet
  facet normal 0.9891765099647816 -0.1467304744553578 0
    outer loop
      vertex 15.260834364987558 7.220538565741512 0
      vertex 15.293233119092731 7.438953224536289 8
      vertex 15.260834364987558 7.220538565741512 8
    endloop
  endfacet
  facet normal 0.9700312531945441 -0.24298017990326343 0
    outer loop
      vertex 15.293233119092731 7.438953224536289 0
      vertex 15.34688424460253 7.6531405238225405 8
      vertex 15.293233119092731 7.438953224536289 8
    endloop
  endfacet
  facet normal 0.9415440651830203 -0.3368898533922213 0
    outer loop
      vertex 15.34688424460253 7.6531405238225405 0
      vertex 15.421271051849605 7.861037722821452 8
      vertex 15.34688424460253 7.6531405238225405 8
    endloop
  endfacet
  facet normal 0.9039892931234431 -0.42755509343028275 0
    outer loop
      vertex 15.421271051849605 7.861037722821452 0
      vertex 15.515677155216201 8.060642657858494 8
      vertex 15.421271051849605 7.861037722821452 8
    endloop
  endfacet
  facet normal 0.8577286100002719 -0.5141027441932222 0
    outer loop
      vertex 15.515677155216201 8.060642657858494 0
      vertex 15.629193372319273 8.250033024294105 8
      vertex 15.515677155216201 8.060642657858494 8
    endloop
  endfacet
  facet normal 0.8032075314806445 -0.5956993044924339 0
    outer loop
      vertex 15.629193372319273 8.250033024294105 0
      vertex 15.760726479933842 8.427384889368202 8
      vertex 15.629193372319273 8.250033024294105 8
    endloop
  endfacet
  facet normal 0.7409511253549615 -0.6715589548470156 0
    outer loop
      vertex 15.760726479933842 8.427384889368202 0
      vertex 15.909009742330268 8.590990257669732 8
      vertex 15.760726479933842 8.427384889368202 8
    endloop
  endfacet
  facet normal 0.6715589548470156 -0.7409511253549615 0
    outer loop
      vertex 15.909009742330268 8.590990257669732 0
      vertex 16.072615110631798 8.739273520066158 8
      vertex 15.909009742330268 8.590990257669732 8
    endloop
  endfacet
  facet normal 0.5956993044924339 -0.8032075314806445 0
    outer loop
      vertex 16.072615110631798 8.739273520066158 0
      vertex 16.249966975705895 8.870806627680727 8
      vertex 16.072615110631798 8.739273520066158 8
    endloop
  endfacet
  facet normal 0.5141027441932222 -0.8577286100002719 0
    outer loop
      vertex 16.249966975705895 8.870806627680727 0
      vertex 16.439357342141506 8.984322844783799 8
      vertex 16.249966975705895 8.870806627680727 8
    endloop
  endfacet
  facet normal 0.42755509343027964 -0.9039892931234446 0
    outer loop
      vertex 16.439357342141506 8.984322844783799 0
      vertex 16.63896227717855 9.078728948150395 8
      vertex 16.439357342141506 8.984322844783799 8
    endloop
  endfacet
  facet normal 0.33688985339222255 -0.9415440651830198 0
    outer loop
      vertex 16.63896227717855 9.078728948150395 0
      vertex 16.84685947617746 9.15311575539747 8
      vertex 16.63896227717855 9.078728948150395 8
    endloop
  endfacet
  facet normal 0.24298017990326343 -0.9700312531945441 0
    outer loop
      vertex 16.84685947617746 9.15311575539747 0
      vertex 17.061046775463712 9.206766880907269 8
      vertex 16.84685947617746 9.15311575539747 8
    endloop
  endfacet
  facet normal 0.14673047445535722 -0.9891765099647816 0
    outer loop
      vertex 17.061046775463712 9.206766880907269 0
      vertex 17.27946143425849 9.239165635012442 8
      vertex 17.061046775463712 9.206766880907269 8
    endloop
  endfacet
  facet normal 0.049067674327420645 -0.9987954562051723 0
    outer loop
      vertex 17.27946143425849 9.239165635012442 0
      vertex 17.5 9.25 8
      vertex 17.27946143425849 9.239165635012442 8
    endloop
  endfacet
  facet normal -0.049067674327420645 -0.9987954562051723 0
    outer loop
      vertex 17.5 9.25 0
      vertex 17.72053856574151 9.239165635012442 8
      vertex 17.5 9.25 8
    endloop
  endfacet
  facet normal -0.14673047445535722 -0.9891765099647816 0
    outer loop
      vertex 17.72053856574151 9.239165635012442 0
      vertex 17.938953224536288 9.206766880907269 8
      vertex 17.72053856574151 9.239165635012442 8
    endloop
  endfacet
  facet normal -0.24298017990326343 -0.9700312531945441 0
    outer loop
      vertex 17.938953224536288 9.206766880907269 0
      vertex 18.15314052382254 9.15311575539747 8
      vertex 17.938953224536288 9.206766880907269 8
    endloop
  endfacet
  facet normal -0.33688985339222255 -0.9415440651830198 0
    outer loop
      vertex 18.15314052382254 9.15311575539747 0
      vertex 18.36103772282145 9.078728948150395 8
      vertex 18.15314052382254 9.15311575539747 8
    endloop
  endfacet
  facet normal -0.6715589548470196 -0.740951125354958 0
    outer loop
      vertex 18.927384889368202 8.739273520066158 0
      vertex 19.09099025766973 8.590990257669732 8
      vertex 18.927384889368202 8.739273520066158 8
    endloop
  endfacet
  facet normal -0.5956993044924339 -0.8032075314806445 0
    outer loop
      vertex 18.750033024294105 8.870806627680727 0
      vertex 18.927384889368202 8.739273520066158 8
      vertex 18.750033024294105 8.870806627680727 8
    endloop
  endfacet
  facet normal -0.42755509343027964 -0.9039892931234446 0
    outer loop
      vertex 18.36103772282145 9.078728948150395 0
      vertex 18.560642657858494 8.984322844783799 8
      vertex 18.36103772282145 9.078728948150395 8
    endloop
  endfacet
  facet normal -0.5141027441932222 -0.8577286100002719 0
    outer loop
      vertex 18.560642657858494 8.984322844783799 0
      vertex 18.750033024294105 8.870806627680727 8
      vertex 18.560642657858494 8.984322844783799 8
    endloop
  endfacet
  facet normal -0.7409511253549536 0.6715589548470243 0
    outer loop
      vertex 19.23927352006616 5.572615110631798 0
      vertex 19.09099025766973 5.409009742330268 8
      vertex 19.23927352006616 5.572615110631798 8
    endloop
  endfacet
  facet normal -0.8032075314806522 0.5956993044924236 0
    outer loop
      vertex 19.370806627680725 5.749966975705895 0
      vertex 19.23927352006616 5.572615110631798 8
      vertex 19.370806627680725 5.749966975705895 8
    endloop
  endfacet
  facet normal -0.8577286100002719 0.5141027441932222 0
    outer loop
      vertex 19.484322844783797 5.939357342141506 0
      vertex 19.370806627680725 5.749966975705895 8
      vertex 19.484322844783797 5.939357342141506 8
    endloop
  endfacet
  facet normal -0.9039892931234399 0.4275550934302893 0
    outer loop
      vertex 19.578728948150395 6.138962277178548 0
      vertex 19.484322844783797 5.939357342141506 8
      vertex 19.578728948150395 6.138962277178548 8
    endloop
  endfacet
  facet normal -0.9415440651830229 0.33688985339221417 0
    outer loop
      vertex 19.65311575539747 6.3468594761774595 0
      vertex 19.578728948150395 6.138962277178548 8
      vertex 19.65311575539747 6.3468594761774595 8
    endloop
  endfacet
  facet normal -0.9700312531945441 0.24298017990326343 0
    outer loop
      vertex 19.706766880907267 6.561046775463711 0
      vertex 19.65311575539747 6.3468594761774595 8
      vertex 19.706766880907267 6.561046775463711 8
    endloop
  endfacet
  facet normal -0.9891765099647791 0.14673047445537354 0
    outer loop
      vertex 19.739165635012444 6.779461434258488 0
      vertex 19.706766880907267 6.561046775463711 8
      vertex 19.739165635012444 6.779461434258488 8
    endloop
  endfacet
  facet normal -0.9987954562051726 0.04906767432741222 0
    outer loop
      vertex 19.75 7 0
      vertex 19.739165635012444 6.779461434258488 8
      vertex 19.75 7 8
    endloop
  endfacet
  facet normal -0.9987954562051726 -0.04906767432741222 0
    outer loop
      vertex 19.739165635012444 7.220538565741512 0
      vertex 19.75 7 8
      vertex 19.739165635012444 7.220538565741512 8
    endloop
  endfacet
  facet normal -0.9891765099647791 -0.14673047445537354 0
    outer loop
      vertex 19.706766880907267 7.438953224536289 0
      vertex 19.739165635012444 7.220538565741512 8
      vertex 19.706766880907267 7.438953224536289 8
    endloop
  endfacet
  facet normal -0.9700312531945441 -0.24298017990326343 0
    outer loop
      vertex 19.65311575539747 7.6531405238225405 0
      vertex 19.706766880907267 7.438953224536289 8
      vertex 19.65311575539747 7.6531405238225405 8
    endloop
  endfacet
  facet normal -0.9415440651830229 -0.33688985339221417 0
    outer loop
      vertex 19.578728948150395 7.861037722821452 0
      vertex 19.65311575539747 7.6531405238225405 8
      vertex 19.578728948150395 7.861037722821452 8
    endloop
  endfacet
  facet normal -0.9039892931234399 -0.4275550934302893 0
    outer loop
      vertex 19.484322844783797 8.060642657858494 0
      vertex 19.578728948150395 7.861037722821452 8
      vertex 19.484322844783797 8.060642657858494 8
    endloop
  endfacet
  facet normal -0.8577286100002719 -0.5141027441932222 0
    outer loop
      vertex 19.370806627680725 8.250033024294105 0
      vertex 19.484322844783797 8.060642657858494 8
      vertex 19.370806627680725 8.250033024294105 8
    endloop
  endfacet
  facet normal -0.8032075314806522 -0.5956993044924236 0
    outer loop
      vertex 19.23927352006616 8.427384889368202 0
      vertex 19.370806627680725 8.250033024294105 8
      vertex 19.23927352006616 8.427384889368202 8
    endloop
  endfacet
  facet normal -0.7409511253549536 -0.6715589548470243 0
    outer loop
      vertex 19.09099025766973 8.590990257669732 0
      vertex 19.23927352006616 8.427384889368202 8
      vertex 19.09099025766973 8.590990257669732 8
    endloop
  endfacet
  facet normal -0.4275550934302813 -0.9039892931234437 0
    outer loop
      vertex -2.238698079335775 -5.404695265191027 13
      vertex -2.7576709104320862 -5.159239396437877 8
      vertex -2.238698079335775 -5.404695265191027 8
    endloop
  endfacet
  facet normal -0.3368898533922207 -0.9415440651830205 0
    outer loop
      vertex -1.6981653619386046 -5.598100964033422 13
      vertex -2.238698079335775 -5.404695265191027 8
      vertex -1.6981653619386046 -5.598100964033422 8
    endloop
  endfacet
  facet normal -0.24298017990326426 -0.9700312531945439 0
    outer loop
      vertex -1.14127838379435 -5.737593890358898 13
      vertex -1.6981653619386046 -5.598100964033422 8
      vertex -1.14127838379435 -5.737593890358898 8
    endloop
  endfacet
  facet normal -0.14673047445536197 -0.9891765099647809 0
    outer loop
      vertex -0.5734002709279294 -5.821830651032352 13
      vertex -1.14127838379435 -5.737593890358898 8
      vertex -0.5734002709279294 -5.821830651032352 8
    endloop
  endfacet
  facet normal -0.04906767432741726 -0.9987954562051724 0
    outer loop
      vertex 0 -5.85 13
      vertex -0.5734002709279294 -5.821830651032352 8
      vertex 0 -5.85 8
    endloop
  endfacet
  facet normal -0.5956993044924337 -0.8032075314806446 0
    outer loop
      vertex -3.2500858631646725 -4.86409723196989 13
      vertex -3.711200712357326 -4.522111152172011 8
      vertex -3.2500858631646725 -4.86409723196989 8
    endloop
  endfacet
  facet normal -0.7409511253549594 -0.671558954847018 0
    outer loop
      vertex -4.522111152172011 -3.711200712357326 13
      vertex -4.522111152172011 -3.711200712357326 8
      vertex -4.136574669941303 -4.136574669941303 8
    endloop
  endfacet
  facet normal -0.671558954847018 -0.7409511253549594 0
    outer loop
      vertex -3.711200712357326 -4.522111152172011 13
      vertex -4.136574669941303 -4.136574669941303 8
      vertex -3.711200712357326 -4.522111152172011 8
    endloop
  endfacet
  facet normal -0.857728610000272 -0.5141027441932218 0
    outer loop
      vertex -5.159239396437877 -2.7576709104320862 13
      vertex -5.159239396437877 -2.7576709104320862 8
      vertex -4.86409723196989 -3.2500858631646725 8
    endloop
  endfacet
  facet normal -0.9039892931234437 -0.4275550934302813 0
    outer loop
      vertex -5.404695265191027 -2.238698079335775 13
      vertex -5.404695265191027 -2.238698079335775 8
      vertex -5.159239396437877 -2.7576709104320862 8
    endloop
  endfacet
  facet normal -0.8032075314806446 -0.5956993044924337 0
    outer loop
      vertex -4.86409723196989 -3.2500858631646725 13
      vertex -4.86409723196989 -3.2500858631646725 8
      vertex -4.522111152172011 -3.711200712357326 8
    endloop
  endfacet
  facet normal -0.5141027441932218 -0.857728610000272 0
    outer loop
      vertex -2.7576709104320862 -5.159239396437877 13
      vertex -3.2500858631646725 -4.86409723196989 8
      vertex -2.7576709104320862 -5.159239396437877 8
    endloop
  endfacet
  facet normal -0.4275550934302813 -0.9039892931234437 0
    outer loop
      vertex -2.7576709104320862 -5.159239396437877 13
      vertex -2.7576709104320862 -5.159239396437877 8
      vertex -2.238698079335775 -5.404695265191027 13
    endloop
  endfacet
  facet normal -0.3368898533922207 -0.9415440651830205 0
    outer loop
      vertex -2.238698079335775 -5.404695265191027 13
      vertex -2.238698079335775 -5.404695265191027 8
      vertex -1.6981653619386046 -5.598100964033422 13
    endloop
  endfacet
  facet normal -0.24298017990326426 -0.9700312531945439 0
    outer loop
      vertex -1.6981653619386046 -5.598100964033422 13
      vertex -1.6981653619386046 -5.598100964033422 8
      vertex -1.14127838379435 -5.737593890358898 13
    endloop
  endfacet
  facet normal -0.14673047445536197 -0.9891765099647809 0
    outer loop
      vertex -1.14127838379435 -5.737593890358898 13
      vertex -1.14127838379435 -5.737593890358898 8
      vertex -0.5734002709279294 -5.821830651032352 13
    endloop
  endfacet
  facet normal -0.04906767432741726 -0.9987954562051724 0
    outer loop
      vertex -0.5734002709279294 -5.821830651032352 13
      vertex -0.5734002709279294 -5.821830651032352 8
      vertex 0 -5.85 13
    endloop
  endfacet
  facet normal -0.5956993044924337 -0.8032075314806446 0
    outer loop
      vertex -3.711200712357326 -4.522111152172011 13
      vertex -3.711200712357326 -4.522111152172011 8
      vertex -3.2500858631646725 -4.86409723196989 13
    endloop
  endfacet
  facet normal -0.671558954847018 -0.7409511253549594 -1.92301457810113e-18
    outer loop
      vertex -3.711200712357326 -4.522111152172011 13
      vertex -4.136574669941303 -4.136574669941303 13
      vertex -4.136574669941303 -4.136574669941303 8
    endloop
  endfacet
  facet normal -0.7409511253549594 -0.671558954847018 -1.92301457810113e-18
    outer loop
      vertex -4.522111152172011 -3.711200712357326 13
      vertex -4.136574669941303 -4.136574669941303 8
      vertex -4.136574669941303 -4.136574669941303 13
    endloop
  endfacet
  facet normal -0.857728610000272 -0.5141027441932218 0
    outer loop
      vertex -4.86409723196989 -3.2500858631646725 13
      vertex -5.159239396437877 -2.7576709104320862 13
      vertex -4.86409723196989 -3.2500858631646725 8
    endloop
  endfacet
  facet normal -0.9039892931234437 -0.4275550934302813 0
    outer loop
      vertex -5.159239396437877 -2.7576709104320862 13
      vertex -5.404695265191027 -2.238698079335775 13
      vertex -5.159239396437877 -2.7576709104320862 8
    endloop
  endfacet
  facet normal -0.8032075314806446 -0.5956993044924337 0
    outer loop
      vertex -4.522111152172011 -3.711200712357326 13
      vertex -4.86409723196989 -3.2500858631646725 13
      vertex -4.522111152172011 -3.711200712357326 8
    endloop
  endfacet
  facet normal -0.5141027441932218 -0.857728610000272 4.31903046372724e-18
    outer loop
      vertex -2.7576709104320862 -5.159239396437877 13
      vertex -3.2500858631646725 -4.86409723196989 13
      vertex -3.2500858631646725 -4.86409723196989 8
    endloop
  endfacet
  facet normal -0.9415440651830205 -0.3368898533922207 0
    outer loop
      vertex -5.598100964033422 -1.6981653619386046 13
      vertex -5.598100964033422 -1.6981653619386046 8
      vertex -5.404695265191027 -2.238698079335775 8
    endloop
  endfacet
  facet normal -0.9700312531945439 -0.24298017990326426 0
    outer loop
      vertex -5.737593890358898 -1.14127838379435 13
      vertex -5.737593890358898 -1.14127838379435 8
      vertex -5.598100964033422 -1.6981653619386046 8
    endloop
  endfacet
  facet normal -0.9891765099647809 -0.14673047445536197 0
    outer loop
      vertex -5.821830651032352 -0.5734002709279294 13
      vertex -5.821830651032352 -0.5734002709279294 8
      vertex -5.737593890358898 -1.14127838379435 8
    endloop
  endfacet
  facet normal -0.9987954562051724 -0.04906767432741726 0
    outer loop
      vertex -5.85 0 13
      vertex -5.85 0 8
      vertex -5.821830651032352 -0.5734002709279294 8
    endloop
  endfacet
  facet normal -0.9987954562051724 0.04906767432741726 0
    outer loop
      vertex -5.821830651032352 0.5734002709279294 13
      vertex -5.821830651032352 0.5734002709279294 8
      vertex -5.85 0 8
    endloop
  endfacet
  facet normal -0.9891765099647809 0.14673047445536197 0
    outer loop
      vertex -5.737593890358898 1.14127838379435 13
      vertex -5.737593890358898 1.14127838379435 8
      vertex -5.821830651032352 0.5734002709279294 8
    endloop
  endfacet
  facet normal -0.9700312531945439 0.24298017990326426 0
    outer loop
      vertex -5.598100964033422 1.6981653619386046 13
      vertex -5.598100964033422 1.6981653619386046 8
      vertex -5.737593890358898 1.14127838379435 8
    endloop
  endfacet
  facet normal -0.9415440651830205 0.3368898533922207 0
    outer loop
      vertex -5.404695265191027 2.238698079335775 13
      vertex -5.404695265191027 2.238698079335775 8
      vertex -5.598100964033422 1.6981653619386046 8
    endloop
  endfacet
  facet normal -0.9039892931234437 0.4275550934302813 0
    outer loop
      vertex -5.159239396437877 2.7576709104320862 13
      vertex -5.159239396437877 2.7576709104320862 8
      vertex -5.404695265191027 2.238698079335775 8
    endloop
  endfacet
  facet normal -0.857728610000272 0.5141027441932218 0
    outer loop
      vertex -4.86409723196989 3.2500858631646725 13
      vertex -4.86409723196989 3.2500858631646725 8
      vertex -5.159239396437877 2.7576709104320862 8
    endloop
  endfacet
  facet normal -0.9415440651830205 -0.3368898533922207 0
    outer loop
      vertex -5.404695265191027 -2.238698079335775 13
      vertex -5.598100964033422 -1.6981653619386046 13
      vertex -5.404695265191027 -2.238698079335775 8
    endloop
  endfacet
  facet normal -0.9700312531945439 -0.24298017990326426 0
    outer loop
      vertex -5.598100964033422 -1.6981653619386046 13
      vertex -5.737593890358898 -1.14127838379435 13
      vertex -5.598100964033422 -1.6981653619386046 8
    endloop
  endfacet
  facet normal -0.9891765099647809 -0.14673047445536197 0
    outer loop
      vertex -5.737593890358898 -1.14127838379435 13
      vertex -5.821830651032352 -0.5734002709279294 13
      vertex -5.737593890358898 -1.14127838379435 8
    endloop
  endfacet
  facet normal -0.9987954562051724 -0.04906767432741726 0
    outer loop
      vertex -5.821830651032352 -0.5734002709279294 13
      vertex -5.85 0 13
      vertex -5.821830651032352 -0.5734002709279294 8
    endloop
  endfacet
  facet normal -0.9987954562051724 0.04906767432741726 0
    outer loop
      vertex -5.85 0 13
      vertex -5.821830651032352 0.5734002709279294 13
      vertex -5.85 0 8
    endloop
  endfacet
  facet normal 0 0 1
    outer loop
      vertex -5.159239396437877 -2.7576709104320862 13
      vertex -5.404695265191027 2.238698079335775 13
      vertex -5.404695265191027 -2.238698079335775 13
    endloop
  endfacet
  facet normal 0 0 1
    outer loop
      vertex -4.86409723196989 -3.2500858631646725 13
      vertex -5.159239396437877 2.7576709104320862 13
      vertex -5.159239396437877 -2.7576709104320862 13
    endloop
  endfacet
  facet normal 0 0 1
    outer loop
      vertex -3.711200712357326 -4.522111152172011 13
      vertex -3.2500858631646725 -4.86409723196989 13
      vertex -3.711200712357326 4.522111152172011 13
    endloop
  endfacet
  facet normal 0 0 1
    outer loop
      vertex -4.522111152172011 -3.711200712357326 13
      vertex -4.136574669941303 -4.136574669941303 13
      vertex -4.522111152172011 3.711200712357326 13
    endloop
  endfacet
  facet normal 0 0 1
    outer loop
      vertex -4.522111152172011 -3.711200712357326 13
      vertex -4.86409723196989 3.2500858631646725 13
      vertex -4.86409723196989 -3.2500858631646725 13
    endloop
  endfacet
  facet normal 0 0 1
    outer loop
      vertex -3.711200712357326 -4.522111152172011 13
      vertex -4.136574669941303 4.136574669941303 13
      vertex -4.136574669941303 -4.136574669941303 13
    endloop
  endfacet
  facet normal 0 0 1
    outer loop
      vertex -5.598100964033422 -1.6981653619386046 13
      vertex -5.737593890358898 1.14127838379435 13
      vertex -5.737593890358898 -1.14127838379435 13
    endloop
  endfacet
  facet normal 0 0 1
    outer loop
      vertex -5.737593890358898 -1.14127838379435 13
      vertex -5.821830651032352 0.5734002709279294 13
      vertex -5.821830651032352 -0.5734002709279294 13
    endloop
  endfacet
  facet normal 0 0 1
    outer loop
      vertex -5.404695265191027 -2.238698079335775 13
      vertex -5.598100964033422 1.6981653619386046 13
      vertex -5.598100964033422 -1.6981653619386046 13
    endloop
  endfacet
  facet normal 0 0 1
    outer loop
      vertex -5.821830651032352 -0.5734002709279294 13
      vertex -5.821830651032352 0.5734002709279294 13
      vertex -5.85 0 13
    endloop
  endfacet
  facet normal 0 0 1
    outer loop
      vertex -5.737593890358898 -1.14127838379435 13
      vertex -5.737593890358898 1.14127838379435 13
      vertex -5.821830651032352 0.5734002709279294 13
    endloop
  endfacet
  facet normal 0 0 1
    outer loop
      vertex -5.598100964033422 -1.6981653619386046 13
      vertex -5.598100964033422 1.6981653619386046 13
      vertex -5.737593890358898 1.14127838379435 13
    endloop
  endfacet
  facet normal 0 0 1
    outer loop
      vertex -5.404695265191027 -2.238698079335775 13
      vertex -5.404695265191027 2.238698079335775 13
      vertex -5.598100964033422 1.6981653619386046 13
    endloop
  endfacet
  facet normal 0 0 1
    outer loop
      vertex -2.7576709104320862 -5.159239396437877 13
      vertex -3.2500858631646725 4.86409723196989 13
      vertex -3.2500858631646725 -4.86409723196989 13
    endloop
  endfacet
  facet normal 0 0 1
    outer loop
      vertex -2.7576709104320862 -5.159239396437877 13
      vertex -2.238698079335775 -5.404695265191027 13
      vertex -2.7576709104320862 5.159239396437877 13
    endloop
  endfacet
  facet normal 0 0 1
    outer loop
      vertex -2.238698079335775 -5.404695265191027 13
      vertex -1.6981653619386046 -5.598100964033422 13
      vertex -2.238698079335775 5.404695265191027 13
    endloop
  endfacet
  facet normal 0 0 1
    outer loop
      vertex -1.6981653619386046 -5.598100964033422 13
      vertex -1.14127838379435 -5.737593890358898 13
      vertex -1.6981653619386046 5.598100964033422 13
    endloop
  endfacet
  facet normal 0 0 1
    outer loop
      vertex -1.14127838379435 -5.737593890358898 13
      vertex -0.5734002709279294 -5.821830651032352 13
      vertex -1.14127838379435 5.737593890358898 13
    endloop
  endfacet
  facet normal 0 0 1
    outer loop
      vertex -0.5734002709279294 -5.821830651032352 13
      vertex 0 -5.85 13
      vertex -0.5734002709279294 5.821830651032352 13
    endloop
  endfacet
  facet normal -0.9891765099647809 0.14673047445536197 0
    outer loop
      vertex -5.821830651032352 0.5734002709279294 13
      vertex -5.737593890358898 1.14127838379435 13
      vertex -5.821830651032352 0.5734002709279294 8
    endloop
  endfacet
  facet normal -0.9700312531945439 0.24298017990326426 0
    outer loop
      vertex -5.737593890358898 1.14127838379435 13
      vertex -5.598100964033422 1.6981653619386046 13
      vertex -5.737593890358898 1.14127838379435 8
    endloop
  endfacet
  facet normal -0.9415440651830205 0.3368898533922207 0
    outer loop
      vertex -5.598100964033422 1.6981653619386046 13
      vertex -5.404695265191027 2.238698079335775 13
      vertex -5.598100964033422 1.6981653619386046 8
    endloop
  endfacet
  facet normal -0.9039892931234437 0.4275550934302813 0
    outer loop
      vertex -5.404695265191027 2.238698079335775 13
      vertex -5.159239396437877 2.7576709104320862 13
      vertex -5.404695265191027 2.238698079335775 8
    endloop
  endfacet
  facet normal -0.857728610000272 0.5141027441932218 0
    outer loop
      vertex -5.159239396437877 2.7576709104320862 13
      vertex -4.86409723196989 3.2500858631646725 13
      vertex -5.159239396437877 2.7576709104320862 8
    endloop
  endfacet
  facet normal -0.8032075314806446 0.5956993044924337 0
    outer loop
      vertex -4.86409723196989 3.2500858631646725 13
      vertex -4.522111152172011 3.711200712357326 13
      vertex -4.86409723196989 3.2500858631646725 8
    endloop
  endfacet
  facet normal 0 0 1
    outer loop
      vertex -5.159239396437877 -2.7576709104320862 13
      vertex -5.159239396437877 2.7576709104320862 13
      vertex -5.404695265191027 2.238698079335775 13
    endloop
  endfacet
  facet normal 0 0 1
    outer loop
      vertex -4.86409723196989 -3.2500858631646725 13
      vertex -4.86409723196989 3.2500858631646725 13
      vertex -5.159239396437877 2.7576709104320862 13
    endloop
  endfacet
  facet normal 0 0 1
    outer loop
      vertex -4.522111152172011 -3.711200712357326 13
      vertex -4.522111152172011 3.711200712357326 13
      vertex -4.86409723196989 3.2500858631646725 13
    endloop
  endfacet
  facet normal 0 0 1
    outer loop
      vertex -4.136574669941303 -4.136574669941303 13
      vertex -4.136574669941303 4.136574669941303 13
      vertex -4.522111152172011 3.711200712357326 13
    endloop
  endfacet
  facet normal 0 0 1
    outer loop
      vertex -3.711200712357326 -4.522111152172011 13
      vertex -3.711200712357326 4.522111152172011 13
      vertex -4.136574669941303 4.136574669941303 13
    endloop
  endfacet
  facet normal 0 0 1
    outer loop
      vertex -3.2500858631646725 -4.86409723196989 13
      vertex -3.2500858631646725 4.86409723196989 13
      vertex -3.711200712357326 4.522111152172011 13
    endloop
  endfacet
  facet normal 0 0 1
    outer loop
      vertex -2.7576709104320862 -5.159239396437877 13
      vertex -2.7576709104320862 5.159239396437877 13
      vertex -3.2500858631646725 4.86409723196989 13
    endloop
  endfacet
  facet normal 0 0 1
    outer loop
      vertex -2.238698079335775 -5.404695265191027 13
      vertex -2.238698079335775 5.404695265191027 13
      vertex -2.7576709104320862 5.159239396437877 13
    endloop
  endfacet
  facet normal 0 0 1
    outer loop
      vertex -1.6981653619386046 -5.598100964033422 13
      vertex -1.6981653619386046 5.598100964033422 13
      vertex -2.238698079335775 5.404695265191027 13
    endloop
  endfacet
  facet normal 0 0 1
    outer loop
      vertex -1.14127838379435 -5.737593890358898 13
      vertex -1.14127838379435 5.737593890358898 13
      vertex -1.6981653619386046 5.598100964033422 13
    endloop
  endfacet
  facet normal 0 0 1
    outer loop
      vertex -0.5734002709279294 -5.821830651032352 13
      vertex -0.5734002709279294 5.821830651032352 13
      vertex -1.14127838379435 5.737593890358898 13
    endloop
  endfacet
  facet normal 0 0 1
    outer loop
      vertex 0 -5.85 13
      vertex 0 5.85 13
      vertex -0.5734002709279294 5.821830651032352 13
    endloop
  endfacet
  facet normal -0.8032075314806446 0.5956993044924337 0
    outer loop
      vertex -4.522111152172011 3.711200712357326 13
      vertex -4.522111152172011 3.711200712357326 8
      vertex -4.86409723196989 3.2500858631646725 8
    endloop
  endfacet
  facet normal -0.7409511253549594 0.671558954847018 0
    outer loop
      vertex -4.136574669941303 4.136574669941303 13
      vertex -4.136574669941303 4.136574669941303 8
      vertex -4.522111152172011 3.711200712357326 8
    endloop
  endfacet
  facet normal -0.671558954847018 0.7409511253549594 0
    outer loop
      vertex -4.136574669941303 4.136574669941303 13
      vertex -3.711200712357326 4.522111152172011 8
      vertex -4.136574669941303 4.136574669941303 8
    endloop
  endfacet
  facet normal -0.5956993044924337 0.8032075314806446 0
    outer loop
      vertex -3.711200712357326 4.522111152172011 13
      vertex -3.2500858631646725 4.86409723196989 8
      vertex -3.711200712357326 4.522111152172011 8
    endloop
  endfacet
  facet normal -0.5141027441932218 0.857728610000272 0
    outer loop
      vertex -3.2500858631646725 4.86409723196989 13
      vertex -2.7576709104320862 5.159239396437877 8
      vertex -3.2500858631646725 4.86409723196989 8
    endloop
  endfacet
  facet normal -0.4275550934302813 0.9039892931234437 0
    outer loop
      vertex -2.7576709104320862 5.159239396437877 13
      vertex -2.238698079335775 5.404695265191027 8
      vertex -2.7576709104320862 5.159239396437877 8
    endloop
  endfacet
  facet normal -0.3368898533922207 0.9415440651830205 0
    outer loop
      vertex -2.238698079335775 5.404695265191027 13
      vertex -1.6981653619386046 5.598100964033422 8
      vertex -2.238698079335775 5.404695265191027 8
    endloop
  endfacet
  facet normal -0.24298017990326426 0.9700312531945439 0
    outer loop
      vertex -1.6981653619386046 5.598100964033422 13
      vertex -1.14127838379435 5.737593890358898 8
      vertex -1.6981653619386046 5.598100964033422 8
    endloop
  endfacet
  facet normal -0.14673047445536197 0.9891765099647809 0
    outer loop
      vertex -1.14127838379435 5.737593890358898 13
      vertex -0.5734002709279294 5.821830651032352 8
      vertex -1.14127838379435 5.737593890358898 8
    endloop
  endfacet
  facet normal -0.04906767432741726 0.9987954562051724 0
    outer loop
      vertex -0.5734002709279294 5.821830651032352 13
      vertex 0 5.85 8
      vertex -0.5734002709279294 5.821830651032352 8
    endloop
  endfacet
  facet normal -0.7409511253549594 0.671558954847018 0
    outer loop
      vertex -4.522111152172011 3.711200712357326 13
      vertex -4.136574669941303 4.136574669941303 13
      vertex -4.522111152172011 3.711200712357326 8
    endloop
  endfacet
  facet normal -0.671558954847018 0.7409511253549594 1.92301457810113e-18
    outer loop
      vertex -4.136574669941303 4.136574669941303 13
      vertex -3.711200712357326 4.522111152172011 13
      vertex -3.711200712357326 4.522111152172011 8
    endloop
  endfacet
  facet normal -0.5956993044924337 0.8032075314806446 9.086888511953107e-19
    outer loop
      vertex -3.711200712357326 4.522111152172011 13
      vertex -3.2500858631646725 4.86409723196989 13
      vertex -3.2500858631646725 4.86409723196989 8
    endloop
  endfacet
  facet normal -0.5141027441932218 0.857728610000272 -4.31903046372724e-18
    outer loop
      vertex -3.2500858631646725 4.86409723196989 13
      vertex -2.7576709104320862 5.159239396437877 13
      vertex -2.7576709104320862 5.159239396437877 8
    endloop
  endfacet
  facet normal -0.4275550934302813 0.9039892931234437 -4.100820494567292e-18
    outer loop
      vertex -2.7576709104320862 5.159239396437877 13
      vertex -2.238698079335775 5.404695265191027 13
      vertex -2.238698079335775 5.404695265191027 8
    endloop
  endfacet
  facet normal -0.3368898533922207 0.9415440651830205 -1.643386850228715e-18
    outer loop
      vertex -2.238698079335775 5.404695265191027 13
      vertex -1.6981653619386046 5.598100964033422 13
      vertex -1.6981653619386046 5.598100964033422 8
    endloop
  endfacet
  facet normal -0.24298017990326426 0.9700312531945439 -1.884209976339526e-18
    outer loop
      vertex -1.6981653619386046 5.598100964033422 13
      vertex -1.14127838379435 5.737593890358898 13
      vertex -1.14127838379435 5.737593890358898 8
    endloop
  endfacet
  facet normal -0.14673047445536197 0.9891765099647809 3.4003187250880265e-19
    outer loop
      vertex -1.14127838379435 5.737593890358898 13
      vertex -0.5734002709279294 5.821830651032352 13
      vertex -0.5734002709279294 5.821830651032352 8
    endloop
  endfacet
  facet normal -0.04906767432741726 0.9987954562051724 -4.755917849118764e-19
    outer loop
      vertex -0.5734002709279294 5.821830651032352 13
      vertex 0 5.85 13
      vertex 0 5.85 8
    endloop
  endfacet
  facet normal 0.04906767432741726 -0.9987954562051724 0
    outer loop
      vertex 0.5734002709279294 -5.821830651032352 13
      vertex 0 -5.85 8
      vertex 0.5734002709279294 -5.821830651032352 8
    endloop
  endfacet
  facet normal 0.14673047445536197 -0.9891765099647809 0
    outer loop
      vertex 1.14127838379435 -5.737593890358898 13
      vertex 0.5734002709279294 -5.821830651032352 8
      vertex 1.14127838379435 -5.737593890358898 8
    endloop
  endfacet
  facet normal 0.24298017990326426 -0.9700312531945439 0
    outer loop
      vertex 1.6981653619386046 -5.598100964033422 13
      vertex 1.14127838379435 -5.737593890358898 8
      vertex 1.6981653619386046 -5.598100964033422 8
    endloop
  endfacet
  facet normal 0.3368898533922207 -0.9415440651830205 0
    outer loop
      vertex 2.238698079335775 -5.404695265191027 13
      vertex 1.6981653619386046 -5.598100964033422 8
      vertex 2.238698079335775 -5.404695265191027 8
    endloop
  endfacet
  facet normal 0.4275550934302813 -0.9039892931234437 0
    outer loop
      vertex 2.7576709104320862 -5.159239396437877 13
      vertex 2.238698079335775 -5.404695265191027 8
      vertex 2.7576709104320862 -5.159239396437877 8
    endloop
  endfacet
  facet normal 0.5141027441932218 -0.857728610000272 0
    outer loop
      vertex 3.2500858631646725 -4.86409723196989 13
      vertex 2.7576709104320862 -5.159239396437877 8
      vertex 3.2500858631646725 -4.86409723196989 8
    endloop
  endfacet
  facet normal 0.5956993044924337 -0.8032075314806446 0
    outer loop
      vertex 3.711200712357326 -4.522111152172011 13
      vertex 3.2500858631646725 -4.86409723196989 8
      vertex 3.711200712357326 -4.522111152172011 8
    endloop
  endfacet
  facet normal 0.671558954847018 -0.7409511253549594 0
    outer loop
      vertex 4.136574669941303 -4.136574669941303 13
      vertex 3.711200712357326 -4.522111152172011 8
      vertex 4.136574669941303 -4.136574669941303 8
    endloop
  endfacet
  facet normal 0.7409511253549594 -0.671558954847018 0
    outer loop
      vertex 4.136574669941303 -4.136574669941303 13
      vertex 4.136574669941303 -4.136574669941303 8
      vertex 4.522111152172011 -3.711200712357326 8
    endloop
  endfacet
  facet normal 0.8032075314806446 -0.5956993044924337 0
    outer loop
      vertex 4.522111152172011 -3.711200712357326 13
      vertex 4.522111152172011 -3.711200712357326 8
      vertex 4.86409723196989 -3.2500858631646725 8
    endloop
  endfacet
  facet normal 0.857728610000272 -0.5141027441932218 0
    outer loop
      vertex 4.86409723196989 -3.2500858631646725 13
      vertex 4.86409723196989 -3.2500858631646725 8
      vertex 5.159239396437877 -2.7576709104320862 8
    endloop
  endfacet
  facet normal 0.9039892931234437 -0.4275550934302813 0
    outer loop
      vertex 5.159239396437877 -2.7576709104320862 13
      vertex 5.159239396437877 -2.7576709104320862 8
      vertex 5.404695265191027 -2.238698079335775 8
    endloop
  endfacet
  facet normal 0.04906767432741726 -0.9987954562051724 0
    outer loop
      vertex 0 -5.85 13
      vertex 0 -5.85 8
      vertex 0.5734002709279294 -5.821830651032352 13
    endloop
  endfacet
  facet normal 0.14673047445536197 -0.9891765099647809 0
    outer loop
      vertex 0.5734002709279294 -5.821830651032352 13
      vertex 0.5734002709279294 -5.821830651032352 8
      vertex 1.14127838379435 -5.737593890358898 13
    endloop
  endfacet
  facet normal 0.24298017990326426 -0.9700312531945439 0
    outer loop
      vertex 1.14127838379435 -5.737593890358898 13
      vertex 1.14127838379435 -5.737593890358898 8
      vertex 1.6981653619386046 -5.598100964033422 13
    endloop
  endfacet
  facet normal 0.3368898533922207 -0.9415440651830205 0
    outer loop
      vertex 1.6981653619386046 -5.598100964033422 13
      vertex 1.6981653619386046 -5.598100964033422 8
      vertex 2.238698079335775 -5.404695265191027 13
    endloop
  endfacet
  facet normal 0.4275550934302813 -0.9039892931234437 0
    outer loop
      vertex 2.238698079335775 -5.404695265191027 13
      vertex 2.238698079335775 -5.404695265191027 8
      vertex 2.7576709104320862 -5.159239396437877 13
    endloop
  endfacet
  facet normal 0.5141027441932218 -0.857728610000272 0
    outer loop
      vertex 2.7576709104320862 -5.159239396437877 13
      vertex 2.7576709104320862 -5.159239396437877 8
      vertex 3.2500858631646725 -4.86409723196989 13
    endloop
  endfacet
  facet normal 0.5956993044924337 -0.8032075314806446 0
    outer loop
      vertex 3.2500858631646725 -4.86409723196989 13
      vertex 3.2500858631646725 -4.86409723196989 8
      vertex 3.711200712357326 -4.522111152172011 13
    endloop
  endfacet
  facet normal 0.671558954847018 -0.7409511253549594 0
    outer loop
      vertex 3.711200712357326 -4.522111152172011 13
      vertex 3.711200712357326 -4.522111152172011 8
      vertex 4.136574669941303 -4.136574669941303 13
    endloop
  endfacet
  facet normal 0.7409511253549594 -0.671558954847018 1.92301457810113e-18
    outer loop
      vertex 4.136574669941303 -4.136574669941303 13
      vertex 4.522111152172011 -3.711200712357326 8
      vertex 4.522111152172011 -3.711200712357326 13
    endloop
  endfacet
  facet normal 0.8032075314806446 -0.5956993044924337 9.086888511953107e-19
    outer loop
      vertex 4.522111152172011 -3.711200712357326 13
      vertex 4.86409723196989 -3.2500858631646725 8
      vertex 4.86409723196989 -3.2500858631646725 13
    endloop
  endfacet
  facet normal 0.857728610000272 -0.5141027441932218 -4.31903046372724e-18
    outer loop
      vertex 4.86409723196989 -3.2500858631646725 13
      vertex 5.159239396437877 -2.7576709104320862 8
      vertex 5.159239396437877 -2.7576709104320862 13
    endloop
  endfacet
  facet normal 0.9039892931234437 -0.4275550934302813 -4.100820494567292e-18
    outer loop
      vertex 5.159239396437877 -2.7576709104320862 13
      vertex 5.404695265191027 -2.238698079335775 8
      vertex 5.404695265191027 -2.238698079335775 13
    endloop
  endfacet
  facet normal 0.9415440651830205 -0.3368898533922207 0
    outer loop
      vertex 5.404695265191027 -2.238698079335775 13
      vertex 5.404695265191027 -2.238698079335775 8
      vertex 5.598100964033422 -1.6981653619386046 8
    endloop
  endfacet
  facet normal 0.9700312531945439 -0.24298017990326426 0
    outer loop
      vertex 5.598100964033422 -1.6981653619386046 13
      vertex 5.598100964033422 -1.6981653619386046 8
      vertex 5.737593890358898 -1.14127838379435 8
    endloop
  endfacet
  facet normal 0.9891765099647809 -0.14673047445536197 0
    outer loop
      vertex 5.737593890358898 -1.14127838379435 13
      vertex 5.737593890358898 -1.14127838379435 8
      vertex 5.821830651032352 -0.5734002709279294 8
    endloop
  endfacet
  facet normal 0.9987954562051724 -0.04906767432741726 0
    outer loop
      vertex 5.821830651032352 -0.5734002709279294 13
      vertex 5.821830651032352 -0.5734002709279294 8
      vertex 5.85 0 8
    endloop
  endfacet
  facet normal 0.9987954562051724 0.04906767432741726 0
    outer loop
      vertex 5.85 0 13
      vertex 5.85 0 8
      vertex 5.821830651032352 0.5734002709279294 8
    endloop
  endfacet
  facet normal 0.9891765099647809 0.14673047445536197 0
    outer loop
      vertex 5.821830651032352 0.5734002709279294 13
      vertex 5.821830651032352 0.5734002709279294 8
      vertex 5.737593890358898 1.14127838379435 8
    endloop
  endfacet
  facet normal 0.9700312531945439 0.24298017990326426 0
    outer loop
      vertex 5.737593890358898 1.14127838379435 13
      vertex 5.737593890358898 1.14127838379435 8
      vertex 5.598100964033422 1.6981653619386046 8
    endloop
  endfacet
  facet normal 0.9415440651830205 0.3368898533922207 0
    outer loop
      vertex 5.598100964033422 1.6981653619386046 13
      vertex 5.598100964033422 1.6981653619386046 8
      vertex 5.404695265191027 2.238698079335775 8
    endloop
  endfacet
  facet normal 0.8032075314806446 0.5956993044924337 0
    outer loop
      vertex 4.86409723196989 3.2500858631646725 13
      vertex 4.86409723196989 3.2500858631646725 8
      vertex 4.522111152172011 3.711200712357326 8
    endloop
  endfacet
  facet normal 0.9039892931234437 0.4275550934302813 0
    outer loop
      vertex 5.404695265191027 2.238698079335775 13
      vertex 5.404695265191027 2.238698079335775 8
      vertex 5.159239396437877 2.7576709104320862 8
    endloop
  endfacet
  facet normal 0.857728610000272 0.5141027441932218 0
    outer loop
      vertex 5.159239396437877 2.7576709104320862 13
      vertex 5.159239396437877 2.7576709104320862 8
      vertex 4.86409723196989 3.2500858631646725 8
    endloop
  endfacet
  facet normal 0.9415440651830205 -0.3368898533922207 -1.643386850228715e-18
    outer loop
      vertex 5.404695265191027 -2.238698079335775 13
      vertex 5.598100964033422 -1.6981653619386046 8
      vertex 5.598100964033422 -1.6981653619386046 13
    endloop
  endfacet
  facet normal 0.9700312531945439 -0.24298017990326426 -1.884209976339526e-18
    outer loop
      vertex 5.598100964033422 -1.6981653619386046 13
      vertex 5.737593890358898 -1.14127838379435 8
      vertex 5.737593890358898 -1.14127838379435 13
    endloop
  endfacet
  facet normal 0.9891765099647809 -0.14673047445536197 3.4003187250880265e-19
    outer loop
      vertex 5.737593890358898 -1.14127838379435 13
      vertex 5.821830651032352 -0.5734002709279294 8
      vertex 5.821830651032352 -0.5734002709279294 13
    endloop
  endfacet
  facet normal 0.9987954562051724 -0.04906767432741726 -4.755917849118764e-19
    outer loop
      vertex 5.821830651032352 -0.5734002709279294 13
      vertex 5.85 0 8
      vertex 5.85 0 13
    endloop
  endfacet
  facet normal 0.9987954562051724 0.04906767432741726 4.755917849118764e-19
    outer loop
      vertex 5.85 0 13
      vertex 5.821830651032352 0.5734002709279294 8
      vertex 5.821830651032352 0.5734002709279294 13
    endloop
  endfacet
  facet normal 0 0 1
    outer loop
      vertex 0 -5.85 13
      vertex 0.5734002709279294 -5.821830651032352 13
      vertex 0 5.85 13
    endloop
  endfacet
  facet normal 0 0 1
    outer loop
      vertex 0.5734002709279294 -5.821830651032352 13
      vertex 1.14127838379435 -5.737593890358898 13
      vertex 0.5734002709279294 5.821830651032352 13
    endloop
  endfacet
  facet normal 0 0 1
    outer loop
      vertex 1.14127838379435 -5.737593890358898 13
      vertex 1.6981653619386046 -5.598100964033422 13
      vertex 1.14127838379435 5.737593890358898 13
    endloop
  endfacet
  facet normal 0 0 1
    outer loop
      vertex 1.6981653619386046 -5.598100964033422 13
      vertex 2.238698079335775 -5.404695265191027 13
      vertex 1.6981653619386046 5.598100964033422 13
    endloop
  endfacet
  facet normal 0 0 1
    outer loop
      vertex 2.238698079335775 -5.404695265191027 13
      vertex 2.7576709104320862 -5.159239396437877 13
      vertex 2.238698079335775 5.404695265191027 13
    endloop
  endfacet
  facet normal 0 0 1
    outer loop
      vertex 2.7576709104320862 -5.159239396437877 13
      vertex 3.2500858631646725 -4.86409723196989 13
      vertex 2.7576709104320862 5.159239396437877 13
    endloop
  endfacet
  facet normal 0 0 1
    outer loop
      vertex 3.2500858631646725 -4.86409723196989 13
      vertex 3.711200712357326 -4.522111152172011 13
      vertex 3.2500858631646725 4.86409723196989 13
    endloop
  endfacet
  facet normal 0 0 1
    outer loop
      vertex 3.711200712357326 -4.522111152172011 13
      vertex 4.136574669941303 -4.136574669941303 13
      vertex 3.711200712357326 4.522111152172011 13
    endloop
  endfacet
  facet normal 0 0 1
    outer loop
      vertex 4.136574669941303 -4.136574669941303 13
      vertex 4.522111152172011 -3.711200712357326 13
      vertex 4.136574669941303 4.136574669941303 13
    endloop
  endfacet
  facet normal 0 0 1
    outer loop
      vertex 4.522111152172011 -3.711200712357326 13
      vertex 4.86409723196989 -3.2500858631646725 13
      vertex 4.522111152172011 3.711200712357326 13
    endloop
  endfacet
  facet normal 0 0 1
    outer loop
      vertex 4.86409723196989 -3.2500858631646725 13
      vertex 5.159239396437877 -2.7576709104320862 13
      vertex 4.86409723196989 3.2500858631646725 13
    endloop
  endfacet
  facet normal 0 0 1
    outer loop
      vertex 5.159239396437877 -2.7576709104320862 13
      vertex 5.404695265191027 -2.238698079335775 13
      vertex 5.159239396437877 2.7576709104320862 13
    endloop
  endfacet
  facet normal 0 0 1
    outer loop
      vertex 5.404695265191027 -2.238698079335775 13
      vertex 5.598100964033422 -1.6981653619386046 13
      vertex 5.404695265191027 2.238698079335775 13
    endloop
  endfacet
  facet normal 0 0 1
    outer loop
      vertex 5.598100964033422 -1.6981653619386046 13
      vertex 5.737593890358898 -1.14127838379435 13
      vertex 5.598100964033422 1.6981653619386046 13
    endloop
  endfacet
  facet normal 0 0 1
    outer loop
      vertex 5.737593890358898 -1.14127838379435 13
      vertex 5.821830651032352 -0.5734002709279294 13
      vertex 5.737593890358898 1.14127838379435 13
    endloop
  endfacet
  facet normal 0 0 1
    outer loop
      vertex 5.821830651032352 -0.5734002709279294 13
      vertex 5.85 0 13
      vertex 5.821830651032352 0.5734002709279294 13
    endloop
  endfacet
  facet normal 0 0 1
    outer loop
      vertex 5.821830651032352 -0.5734002709279294 13
      vertex 5.821830651032352 0.5734002709279294 13
      vertex 5.737593890358898 1.14127838379435 13
    endloop
  endfacet
  facet normal 0 0 1
    outer loop
      vertex 5.737593890358898 -1.14127838379435 13
      vertex 5.737593890358898 1.14127838379435 13
      vertex 5.598100964033422 1.6981653619386046 13
    endloop
  endfacet
  facet normal 0.9891765099647809 0.14673047445536197 -3.4003187250880265e-19
    outer loop
      vertex 5.821830651032352 0.5734002709279294 13
      vertex 5.737593890358898 1.14127838379435 8
      vertex 5.737593890358898 1.14127838379435 13
    endloop
  endfacet
  facet normal 0.9415440651830205 0.3368898533922207 1.643386850228715e-18
    outer loop
      vertex 5.598100964033422 1.6981653619386046 13
      vertex 5.404695265191027 2.238698079335775 8
      vertex 5.404695265191027 2.238698079335775 13
    endloop
  endfacet
  facet normal 0.9700312531945439 0.24298017990326426 1.884209976339526e-18
    outer loop
      vertex 5.737593890358898 1.14127838379435 13
      vertex 5.598100964033422 1.6981653619386046 8
      vertex 5.598100964033422 1.6981653619386046 13
    endloop
  endfacet
  facet normal 0.9039892931234437 0.4275550934302813 4.100820494567292e-18
    outer loop
      vertex 5.404695265191027 2.238698079335775 13
      vertex 5.159239396437877 2.7576709104320862 8
      vertex 5.159239396437877 2.7576709104320862 13
    endloop
  endfacet
  facet normal 0.857728610000272 0.5141027441932218 4.31903046372724e-18
    outer loop
      vertex 5.159239396437877 2.7576709104320862 13
      vertex 4.86409723196989 3.2500858631646725 8
      vertex 4.86409723196989 3.2500858631646725 13
    endloop
  endfacet
  facet normal 0 0 1
    outer loop
      vertex 0.5734002709279294 -5.821830651032352 13
      vertex 0.5734002709279294 5.821830651032352 13
      vertex 0 5.85 13
    endloop
  endfacet
  facet normal 0 0 1
    outer loop
      vertex 1.14127838379435 -5.737593890358898 13
      vertex 1.14127838379435 5.737593890358898 13
      vertex 0.5734002709279294 5.821830651032352 13
    endloop
  endfacet
  facet normal 0 0 1
    outer loop
      vertex 1.6981653619386046 -5.598100964033422 13
      vertex 1.6981653619386046 5.598100964033422 13
      vertex 1.14127838379435 5.737593890358898 13
    endloop
  endfacet
  facet normal 0 0 1
    outer loop
      vertex 2.238698079335775 -5.404695265191027 13
      vertex 2.238698079335775 5.404695265191027 13
      vertex 1.6981653619386046 5.598100964033422 13
    endloop
  endfacet
  facet normal 0 0 1
    outer loop
      vertex 2.7576709104320862 -5.159239396437877 13
      vertex 2.7576709104320862 5.159239396437877 13
      vertex 2.238698079335775 5.404695265191027 13
    endloop
  endfacet
  facet normal 0 0 1
    outer loop
      vertex 3.2500858631646725 -4.86409723196989 13
      vertex 3.2500858631646725 4.86409723196989 13
      vertex 2.7576709104320862 5.159239396437877 13
    endloop
  endfacet
  facet normal 0 0 1
    outer loop
      vertex 4.86409723196989 -3.2500858631646725 13
      vertex 4.86409723196989 3.2500858631646725 13
      vertex 4.522111152172011 3.711200712357326 13
    endloop
  endfacet
  facet normal 0 0 1
    outer loop
      vertex 3.711200712357326 -4.522111152172011 13
      vertex 3.711200712357326 4.522111152172011 13
      vertex 3.2500858631646725 4.86409723196989 13
    endloop
  endfacet
  facet normal 0 0 1
    outer loop
      vertex 4.136574669941303 -4.136574669941303 13
      vertex 4.136574669941303 4.136574669941303 13
      vertex 3.711200712357326 4.522111152172011 13
    endloop
  endfacet
  facet normal 0 0 1
    outer loop
      vertex 4.522111152172011 -3.711200712357326 13
      vertex 4.522111152172011 3.711200712357326 13
      vertex 4.136574669941303 4.136574669941303 13
    endloop
  endfacet
  facet normal 0 0 1
    outer loop
      vertex 5.598100964033422 -1.6981653619386046 13
      vertex 5.598100964033422 1.6981653619386046 13
      vertex 5.404695265191027 2.238698079335775 13
    endloop
  endfacet
  facet normal 0 0 1
    outer loop
      vertex 5.404695265191027 -2.238698079335775 13
      vertex 5.404695265191027 2.238698079335775 13
      vertex 5.159239396437877 2.7576709104320862 13
    endloop
  endfacet
  facet normal 0 0 1
    outer loop
      vertex 5.159239396437877 -2.7576709104320862 13
      vertex 5.159239396437877 2.7576709104320862 13
      vertex 4.86409723196989 3.2500858631646725 13
    endloop
  endfacet
  facet normal 0.04906767432741726 0.9987954562051724 0
    outer loop
      vertex 0 5.85 13
      vertex 0.5734002709279294 5.821830651032352 8
      vertex 0 5.85 8
    endloop
  endfacet
  facet normal 0.14673047445536197 0.9891765099647809 0
    outer loop
      vertex 0.5734002709279294 5.821830651032352 13
      vertex 1.14127838379435 5.737593890358898 8
      vertex 0.5734002709279294 5.821830651032352 8
    endloop
  endfacet
  facet normal 0.24298017990326426 0.9700312531945439 0
    outer loop
      vertex 1.14127838379435 5.737593890358898 13
      vertex 1.6981653619386046 5.598100964033422 8
      vertex 1.14127838379435 5.737593890358898 8
    endloop
  endfacet
  facet normal 0.3368898533922207 0.9415440651830205 0
    outer loop
      vertex 1.6981653619386046 5.598100964033422 13
      vertex 2.238698079335775 5.404695265191027 8
      vertex 1.6981653619386046 5.598100964033422 8
    endloop
  endfacet
  facet normal 0.5141027441932218 0.857728610000272 0
    outer loop
      vertex 2.7576709104320862 5.159239396437877 13
      vertex 3.2500858631646725 4.86409723196989 8
      vertex 2.7576709104320862 5.159239396437877 8
    endloop
  endfacet
  facet normal 0.4275550934302813 0.9039892931234437 0
    outer loop
      vertex 2.238698079335775 5.404695265191027 13
      vertex 2.7576709104320862 5.159239396437877 8
      vertex 2.238698079335775 5.404695265191027 8
    endloop
  endfacet
  facet normal 0.7409511253549594 0.671558954847018 0
    outer loop
      vertex 4.522111152172011 3.711200712357326 13
      vertex 4.522111152172011 3.711200712357326 8
      vertex 4.136574669941303 4.136574669941303 8
    endloop
  endfacet
  facet normal 0.671558954847018 0.7409511253549594 0
    outer loop
      vertex 3.711200712357326 4.522111152172011 13
      vertex 4.136574669941303 4.136574669941303 8
      vertex 3.711200712357326 4.522111152172011 8
    endloop
  endfacet
  facet normal 0.5956993044924337 0.8032075314806446 0
    outer loop
      vertex 3.2500858631646725 4.86409723196989 13
      vertex 3.711200712357326 4.522111152172011 8
      vertex 3.2500858631646725 4.86409723196989 8
    endloop
  endfacet
  facet normal 0.24298017990326426 0.9700312531945439 1.884209976339526e-18
    outer loop
      vertex 1.14127838379435 5.737593890358898 13
      vertex 1.6981653619386046 5.598100964033422 13
      vertex 1.6981653619386046 5.598100964033422 8
    endloop
  endfacet
  facet normal 0.04906767432741726 0.9987954562051724 4.755917849118764e-19
    outer loop
      vertex 0 5.85 13
      vertex 0.5734002709279294 5.821830651032352 13
      vertex 0.5734002709279294 5.821830651032352 8
    endloop
  endfacet
  facet normal 0.14673047445536197 0.9891765099647809 -3.4003187250880265e-19
    outer loop
      vertex 0.5734002709279294 5.821830651032352 13
      vertex 1.14127838379435 5.737593890358898 13
      vertex 1.14127838379435 5.737593890358898 8
    endloop
  endfacet
  facet normal 0.3368898533922207 0.9415440651830205 1.643386850228715e-18
    outer loop
      vertex 1.6981653619386046 5.598100964033422 13
      vertex 2.238698079335775 5.404695265191027 13
      vertex 2.238698079335775 5.404695265191027 8
    endloop
  endfacet
  facet normal 0.4275550934302813 0.9039892931234437 4.100820494567292e-18
    outer loop
      vertex 2.238698079335775 5.404695265191027 13
      vertex 2.7576709104320862 5.159239396437877 13
      vertex 2.7576709104320862 5.159239396437877 8
    endloop
  endfacet
  facet normal 0.5141027441932218 0.857728610000272 0
    outer loop
      vertex 3.2500858631646725 4.86409723196989 13
      vertex 3.2500858631646725 4.86409723196989 8
      vertex 2.7576709104320862 5.159239396437877 13
    endloop
  endfacet
  facet normal 0.8032075314806446 0.5956993044924337 -9.086888511953107e-19
    outer loop
      vertex 4.86409723196989 3.2500858631646725 13
      vertex 4.522111152172011 3.711200712357326 8
      vertex 4.522111152172011 3.711200712357326 13
    endloop
  endfacet
  facet normal 0.7409511253549594 0.671558954847018 0
    outer loop
      vertex 4.136574669941303 4.136574669941303 13
      vertex 4.522111152172011 3.711200712357326 13
      vertex 4.136574669941303 4.136574669941303 8
    endloop
  endfacet
  facet normal 0.5956993044924337 0.8032075314806446 -9.086888511953107e-19
    outer loop
      vertex 3.2500858631646725 4.86409723196989 13
      vertex 3.711200712357326 4.522111152172011 13
      vertex 3.711200712357326 4.522111152172011 8
    endloop
  endfacet
  facet normal 0.671558954847018 0.7409511253549594 0
    outer loop
      vertex 4.136574669941303 4.136574669941303 13
      vertex 4.136574669941303 4.136574669941303 8
      vertex 3.711200712357326 4.522111152172011 13
    endloop
  endfacet
  facet normal -0.9039892931234448 -0.42755509343027887 0
    outer loop
      vertex 15.837016841479684 -0.6888301782571616 12
      vertex 15.837016841479684 -0.6888301782571616 8
      vertex 15.91254172417296 -0.8485141262867958 8
    endloop
  endfacet
  facet normal -0.9415440651830198 -0.3368898533922228 0
    outer loop
      vertex 15.777507395682024 -0.5225124190580323 12
      vertex 15.777507395682024 -0.5225124190580323 8
      vertex 15.837016841479684 -0.6888301782571616 8
    endloop
  endfacet
  facet normal -0.9700312531945431 -0.24298017990326715 0
    outer loop
      vertex 15.734586495274185 -0.35116257962903086 12
      vertex 15.734586495274185 -0.35116257962903086 8
      vertex 15.777507395682024 -0.5225124190580323 8
    endloop
  endfacet
  facet normal -0.9891765099647812 -0.14673047445535967 0
    outer loop
      vertex 15.708667491990045 -0.1764308525932091 12
      vertex 15.708667491990045 -0.1764308525932091 8
      vertex 15.734586495274185 -0.35116257962903086 8
    endloop
  endfacet
  facet normal -0.9987954562051723 -0.04906767432742034 0
    outer loop
      vertex 15.7 0 12
      vertex 15.7 0 8
      vertex 15.708667491990045 -0.1764308525932091 8
    endloop
  endfacet
  facet normal -0.9987954562051723 0.04906767432742034 0
    outer loop
      vertex 15.708667491990045 0.1764308525932091 12
      vertex 15.708667491990045 0.1764308525932091 8
      vertex 15.7 0 8
    endloop
  endfacet
  facet normal -0.9891765099647812 0.14673047445535967 0
    outer loop
      vertex 15.734586495274185 0.35116257962903086 12
      vertex 15.734586495274185 0.35116257962903086 8
      vertex 15.708667491990045 0.1764308525932091 8
    endloop
  endfacet
  facet normal -0.9700312531945431 0.24298017990326715 0
    outer loop
      vertex 15.777507395682024 0.5225124190580323 12
      vertex 15.777507395682024 0.5225124190580323 8
      vertex 15.734586495274185 0.35116257962903086 8
    endloop
  endfacet
  facet normal -0.5141027441932202 -0.857728610000273 0
    outer loop
      vertex 16.651485873713206 -1.587458275827039 12
      vertex 16.499973580564717 -1.4966453021445814 8
      vertex 16.651485873713206 -1.587458275827039 8
    endloop
  endfacet
  facet normal -0.24298017990326273 -0.9700312531945443 0
    outer loop
      vertex 17.14883742037097 -1.7654135047258148 12
      vertex 16.97748758094197 -1.722492604317976 8
      vertex 17.14883742037097 -1.7654135047258148 8
    endloop
  endfacet
  facet normal -0.42755509343028875 -0.9039892931234401 0
    outer loop
      vertex 16.811169821742837 -1.662983158520316 12
      vertex 16.651485873713206 -1.587458275827039 8
      vertex 16.811169821742837 -1.662983158520316 8
    endloop
  endfacet
  facet normal -0.33688985339221705 -0.9415440651830219 0
    outer loop
      vertex 16.97748758094197 -1.722492604317976 12
      vertex 16.811169821742837 -1.662983158520316 8
      vertex 16.97748758094197 -1.722492604317976 8
    endloop
  endfacet
  facet normal -0.146730474455364 -0.9891765099647806 0
    outer loop
      vertex 17.32356914740679 -1.7913325080099545 12
      vertex 17.14883742037097 -1.7654135047258148 8
      vertex 17.32356914740679 -1.7913325080099545 8
    endloop
  endfacet
  facet normal -0.04906767432741754 -0.9987954562051724 0
    outer loop
      vertex 17.5 -1.8 12
      vertex 17.32356914740679 -1.7913325080099545 8
      vertex 17.5 -1.8 8
    endloop
  endfacet
  facet normal -0.6715589548470188 -0.7409511253549587 0
    outer loop
      vertex 16.358092088505437 -1.3914188160529266 12
      vertex 16.227207793864213 -1.2727922061357857 8
      vertex 16.358092088505437 -1.3914188160529266 8
    endloop
  endfacet
  facet normal -0.740951125354963 -0.6715589548470141 0
    outer loop
      vertex 16.108581183947074 -1.1419079114945618 12
      vertex 16.108581183947074 -1.1419079114945618 8
      vertex 16.227207793864213 -1.2727922061357857 8
    endloop
  endfacet
  facet normal -0.5956993044924268 -0.8032075314806498 0
    outer loop
      vertex 16.499973580564717 -1.4966453021445814 12
      vertex 16.358092088505437 -1.3914188160529266 8
      vertex 16.499973580564717 -1.4966453021445814 8
    endloop
  endfacet
  facet normal -0.8032075314806424 -0.5956993044924368 0
    outer loop
      vertex 16.003354697855418 -1.000026419435284 12
      vertex 16.003354697855418 -1.000026419435284 8
      vertex 16.108581183947074 -1.1419079114945618 8
    endloop
  endfacet
  facet normal -0.8577286100002735 -0.5141027441932193 0
    outer loop
      vertex 15.91254172417296 -0.8485141262867958 12
      vertex 15.91254172417296 -0.8485141262867958 8
      vertex 16.003354697855418 -1.000026419435284 8
    endloop
  endfacet
  facet normal 0.04906767432741754 -0.9987954562051724 0
    outer loop
      vertex 17.67643085259321 -1.7913325080099545 12
      vertex 17.5 -1.8 8
      vertex 17.67643085259321 -1.7913325080099545 8
    endloop
  endfacet
  facet normal 0.146730474455364 -0.9891765099647806 0
    outer loop
      vertex 17.85116257962903 -1.7654135047258148 12
      vertex 17.67643085259321 -1.7913325080099545 8
      vertex 17.85116257962903 -1.7654135047258148 8
    endloop
  endfacet
  facet normal 0.24298017990326273 -0.9700312531945443 0
    outer loop
      vertex 18.02251241905803 -1.722492604317976 12
      vertex 17.85116257962903 -1.7654135047258148 8
      vertex 18.02251241905803 -1.722492604317976 8
    endloop
  endfacet
  facet normal 0.33688985339221705 -0.9415440651830219 0
    outer loop
      vertex 18.188830178257163 -1.662983158520316 12
      vertex 18.02251241905803 -1.722492604317976 8
      vertex 18.188830178257163 -1.662983158520316 8
    endloop
  endfacet
  facet normal 0.42755509343028875 -0.9039892931234401 0
    outer loop
      vertex 18.348514126286794 -1.587458275827039 12
      vertex 18.188830178257163 -1.662983158520316 8
      vertex 18.348514126286794 -1.587458275827039 8
    endloop
  endfacet
  facet normal 0.5141027441932202 -0.857728610000273 0
    outer loop
      vertex 18.500026419435283 -1.4966453021445814 12
      vertex 18.348514126286794 -1.587458275827039 8
      vertex 18.500026419435283 -1.4966453021445814 8
    endloop
  endfacet
  facet normal 0.5956993044924268 -0.8032075314806498 0
    outer loop
      vertex 18.641907911494563 -1.3914188160529266 12
      vertex 18.500026419435283 -1.4966453021445814 8
      vertex 18.641907911494563 -1.3914188160529266 8
    endloop
  endfacet
  facet normal 0.6715589548470188 -0.7409511253549587 0
    outer loop
      vertex 18.772792206135787 -1.2727922061357857 12
      vertex 18.641907911494563 -1.3914188160529266 8
      vertex 18.772792206135787 -1.2727922061357857 8
    endloop
  endfacet
  facet normal 0.740951125354963 -0.6715589548470141 0
    outer loop
      vertex 18.772792206135787 -1.2727922061357857 12
      vertex 18.772792206135787 -1.2727922061357857 8
      vertex 18.891418816052926 -1.1419079114945618 8
    endloop
  endfacet
  facet normal 0.8032075314806424 -0.5956993044924368 0
    outer loop
      vertex 18.891418816052926 -1.1419079114945618 12
      vertex 18.891418816052926 -1.1419079114945618 8
      vertex 18.996645302144582 -1.000026419435284 8
    endloop
  endfacet
  facet normal 0.8577286100002735 -0.5141027441932193 0
    outer loop
      vertex 18.996645302144582 -1.000026419435284 12
      vertex 18.996645302144582 -1.000026419435284 8
      vertex 19.08745827582704 -0.8485141262867958 8
    endloop
  endfacet
  facet normal 0.9039892931234448 -0.42755509343027887 0
    outer loop
      vertex 19.08745827582704 -0.8485141262867958 12
      vertex 19.08745827582704 -0.8485141262867958 8
      vertex 19.162983158520316 -0.6888301782571616 8
    endloop
  endfacet
  facet normal -0.9415440651830198 0.3368898533922228 0
    outer loop
      vertex 15.837016841479684 0.6888301782571616 12
      vertex 15.837016841479684 0.6888301782571616 8
      vertex 15.777507395682024 0.5225124190580323 8
    endloop
  endfacet
  facet normal -0.9039892931234448 0.42755509343027887 0
    outer loop
      vertex 15.91254172417296 0.8485141262867958 12
      vertex 15.91254172417296 0.8485141262867958 8
      vertex 15.837016841479684 0.6888301782571616 8
    endloop
  endfacet
  facet normal -0.8577286100002735 0.5141027441932193 0
    outer loop
      vertex 16.003354697855418 1.000026419435284 12
      vertex 16.003354697855418 1.000026419435284 8
      vertex 15.91254172417296 0.8485141262867958 8
    endloop
  endfacet
  facet normal -0.8032075314806424 0.5956993044924368 0
    outer loop
      vertex 16.108581183947074 1.1419079114945618 12
      vertex 16.108581183947074 1.1419079114945618 8
      vertex 16.003354697855418 1.000026419435284 8
    endloop
  endfacet
  facet normal -0.740951125354963 0.6715589548470141 0
    outer loop
      vertex 16.227207793864213 1.2727922061357857 12
      vertex 16.227207793864213 1.2727922061357857 8
      vertex 16.108581183947074 1.1419079114945618 8
    endloop
  endfacet
  facet normal -0.6715589548470188 0.7409511253549587 0
    outer loop
      vertex 16.227207793864213 1.2727922061357857 12
      vertex 16.358092088505437 1.3914188160529266 8
      vertex 16.227207793864213 1.2727922061357857 8
    endloop
  endfacet
  facet normal -0.5956993044924268 0.8032075314806498 0
    outer loop
      vertex 16.358092088505437 1.3914188160529266 12
      vertex 16.499973580564717 1.4966453021445814 8
      vertex 16.358092088505437 1.3914188160529266 8
    endloop
  endfacet
  facet normal -0.5141027441932202 0.857728610000273 0
    outer loop
      vertex 16.499973580564717 1.4966453021445814 12
      vertex 16.651485873713206 1.587458275827039 8
      vertex 16.499973580564717 1.4966453021445814 8
    endloop
  endfacet
  facet normal -0.42755509343028875 0.9039892931234401 0
    outer loop
      vertex 16.651485873713206 1.587458275827039 12
      vertex 16.811169821742837 1.662983158520316 8
      vertex 16.651485873713206 1.587458275827039 8
    endloop
  endfacet
  facet normal -0.33688985339221705 0.9415440651830219 0
    outer loop
      vertex 16.811169821742837 1.662983158520316 12
      vertex 16.97748758094197 1.722492604317976 8
      vertex 16.811169821742837 1.662983158520316 8
    endloop
  endfacet
  facet normal -0.24298017990326273 0.9700312531945443 0
    outer loop
      vertex 16.97748758094197 1.722492604317976 12
      vertex 17.14883742037097 1.7654135047258148 8
      vertex 16.97748758094197 1.722492604317976 8
    endloop
  endfacet
  facet normal -0.146730474455364 0.9891765099647806 0
    outer loop
      vertex 17.14883742037097 1.7654135047258148 12
      vertex 17.32356914740679 1.7913325080099545 8
      vertex 17.14883742037097 1.7654135047258148 8
    endloop
  endfacet
  facet normal -0.04906767432741754 0.9987954562051724 0
    outer loop
      vertex 17.32356914740679 1.7913325080099545 12
      vertex 17.5 1.8 8
      vertex 17.32356914740679 1.7913325080099545 8
    endloop
  endfacet
  facet normal 0.8577286100002735 0.5141027441932193 0
    outer loop
      vertex 19.08745827582704 0.8485141262867958 12
      vertex 19.08745827582704 0.8485141262867958 8
      vertex 18.996645302144582 1.000026419435284 8
    endloop
  endfacet
  facet normal 0.8032075314806424 0.5956993044924368 0
    outer loop
      vertex 18.996645302144582 1.000026419435284 12
      vertex 18.996645302144582 1.000026419435284 8
      vertex 18.891418816052926 1.1419079114945618 8
    endloop
  endfacet
  facet normal 0.740951125354963 0.6715589548470141 0
    outer loop
      vertex 18.891418816052926 1.1419079114945618 12
      vertex 18.891418816052926 1.1419079114945618 8
      vertex 18.772792206135787 1.2727922061357857 8
    endloop
  endfacet
  facet normal 0.33688985339221705 0.9415440651830219 0
    outer loop
      vertex 18.02251241905803 1.722492604317976 12
      vertex 18.188830178257163 1.662983158520316 8
      vertex 18.02251241905803 1.722492604317976 8
    endloop
  endfacet
  facet normal 0.42755509343028875 0.9039892931234401 0
    outer loop
      vertex 18.188830178257163 1.662983158520316 12
      vertex 18.348514126286794 1.587458275827039 8
      vertex 18.188830178257163 1.662983158520316 8
    endloop
  endfacet
  facet normal 0.04906767432741754 0.9987954562051724 0
    outer loop
      vertex 17.5 1.8 12
      vertex 17.67643085259321 1.7913325080099545 8
      vertex 17.5 1.8 8
    endloop
  endfacet
  facet normal 0.146730474455364 0.9891765099647806 0
    outer loop
      vertex 17.67643085259321 1.7913325080099545 12
      vertex 17.85116257962903 1.7654135047258148 8
      vertex 17.67643085259321 1.7913325080099545 8
    endloop
  endfacet
  facet normal 0.24298017990326273 0.9700312531945443 0
    outer loop
      vertex 17.85116257962903 1.7654135047258148 12
      vertex 18.02251241905803 1.722492604317976 8
      vertex 17.85116257962903 1.7654135047258148 8
    endloop
  endfacet
  facet normal 0.6715589548470188 0.7409511253549587 0
    outer loop
      vertex 18.641907911494563 1.3914188160529266 12
      vertex 18.772792206135787 1.2727922061357857 8
      vertex 18.641907911494563 1.3914188160529266 8
    endloop
  endfacet
  facet normal 0.5956993044924268 0.8032075314806498 0
    outer loop
      vertex 18.500026419435283 1.4966453021445814 12
      vertex 18.641907911494563 1.3914188160529266 8
      vertex 18.500026419435283 1.4966453021445814 8
    endloop
  endfacet
  facet normal 0.5141027441932202 0.857728610000273 0
    outer loop
      vertex 18.348514126286794 1.587458275827039 12
      vertex 18.500026419435283 1.4966453021445814 8
      vertex 18.348514126286794 1.587458275827039 8
    endloop
  endfacet
  facet normal 0.9415440651830165 -0.33688985339223176 0
    outer loop
      vertex 19.162983158520316 -0.6888301782571616 12
      vertex 19.162983158520316 -0.6888301782571616 8
      vertex 19.222492604317978 -0.5225124190580323 8
    endloop
  endfacet
  facet normal 0.9700312531945479 -0.24298017990324822 0
    outer loop
      vertex 19.222492604317978 -0.5225124190580323 12
      vertex 19.222492604317978 -0.5225124190580323 8
      vertex 19.265413504725814 -0.35116257962903086 8
    endloop
  endfacet
  facet normal 0.9891765099647798 -0.14673047445536952 0
    outer loop
      vertex 19.265413504725814 -0.35116257962903086 12
      vertex 19.265413504725814 -0.35116257962903086 8
      vertex 19.291332508009955 -0.1764308525932091 8
    endloop
  endfacet
  facet normal 0.9987954562051723 -0.04906767432742034 0
    outer loop
      vertex 19.291332508009955 -0.1764308525932091 12
      vertex 19.291332508009955 -0.1764308525932091 8
      vertex 19.3 0 8
    endloop
  endfacet
  facet normal 0.9987954562051723 0.04906767432742034 0
    outer loop
      vertex 19.3 0 12
      vertex 19.3 0 8
      vertex 19.291332508009955 0.1764308525932091 8
    endloop
  endfacet
  facet normal 0.9891765099647798 0.14673047445536952 0
    outer loop
      vertex 19.291332508009955 0.1764308525932091 12
      vertex 19.291332508009955 0.1764308525932091 8
      vertex 19.265413504725814 0.35116257962903086 8
    endloop
  endfacet
  facet normal 0.9700312531945479 0.24298017990324822 0
    outer loop
      vertex 19.265413504725814 0.35116257962903086 12
      vertex 19.265413504725814 0.35116257962903086 8
      vertex 19.222492604317978 0.5225124190580323 8
    endloop
  endfacet
  facet normal 0.9415440651830165 0.33688985339223176 0
    outer loop
      vertex 19.222492604317978 0.5225124190580323 12
      vertex 19.222492604317978 0.5225124190580323 8
      vertex 19.162983158520316 0.6888301782571616 8
    endloop
  endfacet
  facet normal 0.9039892931234448 0.42755509343027887 0
    outer loop
      vertex 19.162983158520316 0.6888301782571616 12
      vertex 19.162983158520316 0.6888301782571616 8
      vertex 19.08745827582704 0.8485141262867958 8
    endloop
  endfacet
  facet normal -0.9039892931234448 -0.42755509343027887 0
    outer loop
      vertex 15.91254172417296 -0.8485141262867958 12
      vertex 15.837016841479684 -0.6888301782571616 12
      vertex 15.91254172417296 -0.8485141262867958 8
    endloop
  endfacet
  facet normal -0.9415440651830198 -0.3368898533922228 0
    outer loop
      vertex 15.837016841479684 -0.6888301782571616 12
      vertex 15.777507395682024 -0.5225124190580323 12
      vertex 15.837016841479684 -0.6888301782571616 8
    endloop
  endfacet
  facet normal -0.9700312531945431 -0.24298017990326715 0
    outer loop
      vertex 15.777507395682024 -0.5225124190580323 12
      vertex 15.734586495274185 -0.35116257962903086 12
      vertex 15.777507395682024 -0.5225124190580323 8
    endloop
  endfacet
  facet normal -0.9891765099647812 -0.14673047445535967 0
    outer loop
      vertex 15.734586495274185 -0.35116257962903086 12
      vertex 15.708667491990045 -0.1764308525932091 12
      vertex 15.734586495274185 -0.35116257962903086 8
    endloop
  endfacet
  facet normal -0.9987954562051723 -0.04906767432742034 0
    outer loop
      vertex 15.708667491990045 -0.1764308525932091 12
      vertex 15.7 0 12
      vertex 15.708667491990045 -0.1764308525932091 8
    endloop
  endfacet
  facet normal -0.9987954562051723 0.04906767432742034 0
    outer loop
      vertex 15.7 0 12
      vertex 15.708667491990045 0.1764308525932091 12
      vertex 15.7 0 8
    endloop
  endfacet
  facet normal -0.9891765099647812 0.14673047445535967 0
    outer loop
      vertex 15.708667491990045 0.1764308525932091 12
      vertex 15.734586495274185 0.35116257962903086 12
      vertex 15.708667491990045 0.1764308525932091 8
    endloop
  endfacet
  facet normal -0.9700312531945431 0.24298017990326715 0
    outer loop
      vertex 15.734586495274185 0.35116257962903086 12
      vertex 15.777507395682024 0.5225124190580323 12
      vertex 15.734586495274185 0.35116257962903086 8
    endloop
  endfacet
  facet normal -0.9415440651830198 0.3368898533922228 0
    outer loop
      vertex 15.777507395682024 0.5225124190580323 12
      vertex 15.837016841479684 0.6888301782571616 12
      vertex 15.777507395682024 0.5225124190580323 8
    endloop
  endfacet
  facet normal -0.42755509343028875 -0.9039892931234401 6.025694347379575e-19
    outer loop
      vertex 16.811169821742837 -1.662983158520316 12
      vertex 16.651485873713206 -1.587458275827039 12
      vertex 16.651485873713206 -1.587458275827039 8
    endloop
  endfacet
  facet normal -0.24298017990326273 -0.9700312531945443 0
    outer loop
      vertex 16.97748758094197 -1.722492604317976 12
      vertex 16.97748758094197 -1.722492604317976 8
      vertex 17.14883742037097 -1.7654135047258148 12
    endloop
  endfacet
  facet normal -0.33688985339221705 -0.9415440651830219 0
    outer loop
      vertex 16.811169821742837 -1.662983158520316 12
      vertex 16.811169821742837 -1.662983158520316 8
      vertex 16.97748758094197 -1.722492604317976 12
    endloop
  endfacet
  facet normal -0.146730474455364 -0.9891765099647806 0
    outer loop
      vertex 17.14883742037097 -1.7654135047258148 12
      vertex 17.14883742037097 -1.7654135047258148 8
      vertex 17.32356914740679 -1.7913325080099545 12
    endloop
  endfacet
  facet normal -0.04906767432741754 -0.9987954562051724 0
    outer loop
      vertex 17.32356914740679 -1.7913325080099545 12
      vertex 17.32356914740679 -1.7913325080099545 8
      vertex 17.5 -1.8 12
    endloop
  endfacet
  facet normal -0.6715589548470188 -0.7409511253549587 -9.063453196729547e-19
    outer loop
      vertex 16.358092088505437 -1.3914188160529266 12
      vertex 16.227207793864213 -1.2727922061357857 12
      vertex 16.227207793864213 -1.2727922061357857 8
    endloop
  endfacet
  facet normal -0.740951125354963 -0.6715589548470141 6.965334766784396e-20
    outer loop
      vertex 16.108581183947074 -1.1419079114945618 12
      vertex 16.227207793864213 -1.2727922061357857 8
      vertex 16.227207793864213 -1.2727922061357857 12
    endloop
  endfacet
  facet normal -0.5956993044924268 -0.8032075314806498 3.9348854539127623e-19
    outer loop
      vertex 16.499973580564717 -1.4966453021445814 12
      vertex 16.358092088505437 -1.3914188160529266 12
      vertex 16.358092088505437 -1.3914188160529266 8
    endloop
  endfacet
  facet normal -0.5141027441932202 -0.857728610000273 0
    outer loop
      vertex 16.499973580564717 -1.4966453021445814 12
      vertex 16.499973580564717 -1.4966453021445814 8
      vertex 16.651485873713206 -1.587458275827039 12
    endloop
  endfacet
  facet normal -0.8032075314806424 -0.5956993044924368 0
    outer loop
      vertex 16.108581183947074 -1.1419079114945618 12
      vertex 16.003354697855418 -1.000026419435284 12
      vertex 16.108581183947074 -1.1419079114945618 8
    endloop
  endfacet
  facet normal -0.8577286100002735 -0.5141027441932193 0
    outer loop
      vertex 16.003354697855418 -1.000026419435284 12
      vertex 15.91254172417296 -0.8485141262867958 12
      vertex 16.003354697855418 -1.000026419435284 8
    endloop
  endfacet
  facet normal 0.04906767432741754 -0.9987954562051724 0
    outer loop
      vertex 17.5 -1.8 12
      vertex 17.5 -1.8 8
      vertex 17.67643085259321 -1.7913325080099545 12
    endloop
  endfacet
  facet normal 0.146730474455364 -0.9891765099647806 0
    outer loop
      vertex 17.67643085259321 -1.7913325080099545 12
      vertex 17.67643085259321 -1.7913325080099545 8
      vertex 17.85116257962903 -1.7654135047258148 12
    endloop
  endfacet
  facet normal 0.24298017990326273 -0.9700312531945443 0
    outer loop
      vertex 17.85116257962903 -1.7654135047258148 12
      vertex 17.85116257962903 -1.7654135047258148 8
      vertex 18.02251241905803 -1.722492604317976 12
    endloop
  endfacet
  facet normal 0.33688985339221705 -0.9415440651830219 0
    outer loop
      vertex 18.02251241905803 -1.722492604317976 12
      vertex 18.02251241905803 -1.722492604317976 8
      vertex 18.188830178257163 -1.662983158520316 12
    endloop
  endfacet
  facet normal 0.42755509343028875 -0.9039892931234401 0
    outer loop
      vertex 18.188830178257163 -1.662983158520316 12
      vertex 18.188830178257163 -1.662983158520316 8
      vertex 18.348514126286794 -1.587458275827039 12
    endloop
  endfacet
  facet normal 0.5141027441932202 -0.857728610000273 0
    outer loop
      vertex 18.348514126286794 -1.587458275827039 12
      vertex 18.348514126286794 -1.587458275827039 8
      vertex 18.500026419435283 -1.4966453021445814 12
    endloop
  endfacet
  facet normal 0.5956993044924268 -0.8032075314806498 0
    outer loop
      vertex 18.500026419435283 -1.4966453021445814 12
      vertex 18.500026419435283 -1.4966453021445814 8
      vertex 18.641907911494563 -1.3914188160529266 12
    endloop
  endfacet
  facet normal 0.6715589548470188 -0.7409511253549587 0
    outer loop
      vertex 18.641907911494563 -1.3914188160529266 12
      vertex 18.641907911494563 -1.3914188160529266 8
      vertex 18.772792206135787 -1.2727922061357857 12
    endloop
  endfacet
  facet normal 0.740951125354963 -0.6715589548470141 -6.965334766784396e-20
    outer loop
      vertex 18.772792206135787 -1.2727922061357857 12
      vertex 18.891418816052926 -1.1419079114945618 8
      vertex 18.891418816052926 -1.1419079114945618 12
    endloop
  endfacet
  facet normal 0.8032075314806424 -0.5956993044924368 -1.1298468661910553e-19
    outer loop
      vertex 18.891418816052926 -1.1419079114945618 12
      vertex 18.996645302144582 -1.000026419435284 8
      vertex 18.996645302144582 -1.000026419435284 12
    endloop
  endfacet
  facet normal 0.8577286100002735 -0.5141027441932193 6.3495602526359125e-19
    outer loop
      vertex 18.996645302144582 -1.000026419435284 12
      vertex 19.08745827582704 -0.8485141262867958 8
      vertex 19.08745827582704 -0.8485141262867958 12
    endloop
  endfacet
  facet normal 0 0 1
    outer loop
      vertex 15.91254172417296 -0.8485141262867958 12
      vertex 15.837016841479684 0.6888301782571616 12
      vertex 15.837016841479684 -0.6888301782571616 12
    endloop
  endfacet
  facet normal 0 0 1
    outer loop
      vertex 15.734586495274185 -0.35116257962903086 12
      vertex 15.708667491990045 0.1764308525932091 12
      vertex 15.708667491990045 -0.1764308525932091 12
    endloop
  endfacet
  facet normal 0 0 1
    outer loop
      vertex 15.837016841479684 -0.6888301782571616 12
      vertex 15.777507395682024 0.5225124190580323 12
      vertex 15.777507395682024 -0.5225124190580323 12
    endloop
  endfacet
  facet normal 0 0 1
    outer loop
      vertex 15.777507395682024 -0.5225124190580323 12
      vertex 15.734586495274185 0.35116257962903086 12
      vertex 15.734586495274185 -0.35116257962903086 12
    endloop
  endfacet
  facet normal 0 0 1
    outer loop
      vertex 15.708667491990045 -0.1764308525932091 12
      vertex 15.708667491990045 0.1764308525932091 12
      vertex 15.7 0 12
    endloop
  endfacet
  facet normal 0 0 1
    outer loop
      vertex 15.734586495274185 -0.35116257962903086 12
      vertex 15.734586495274185 0.35116257962903086 12
      vertex 15.708667491990045 0.1764308525932091 12
    endloop
  endfacet
  facet normal 0 0 1
    outer loop
      vertex 15.777507395682024 -0.5225124190580323 12
      vertex 15.777507395682024 0.5225124190580323 12
      vertex 15.734586495274185 0.35116257962903086 12
    endloop
  endfacet
  facet normal 0 0 1
    outer loop
      vertex 15.837016841479684 -0.6888301782571616 12
      vertex 15.837016841479684 0.6888301782571616 12
      vertex 15.777507395682024 0.5225124190580323 12
    endloop
  endfacet
  facet normal 0 0 1
    outer loop
      vertex 15.91254172417296 -0.8485141262867958 12
      vertex 15.91254172417296 0.8485141262867958 12
      vertex 15.837016841479684 0.6888301782571616 12
    endloop
  endfacet
  facet normal 0 0 1
    outer loop
      vertex 16.358092088505437 -1.3914188160529266 12
      vertex 16.227207793864213 1.2727922061357857 12
      vertex 16.227207793864213 -1.2727922061357857 12
    endloop
  endfacet
  facet normal 0 0 1
    outer loop
      vertex 16.499973580564717 -1.4966453021445814 12
      vertex 16.358092088505437 1.3914188160529266 12
      vertex 16.358092088505437 -1.3914188160529266 12
    endloop
  endfacet
  facet normal 0 0 1
    outer loop
      vertex 16.811169821742837 -1.662983158520316 12
      vertex 16.651485873713206 1.587458275827039 12
      vertex 16.651485873713206 -1.587458275827039 12
    endloop
  endfacet
  facet normal 0 0 1
    outer loop
      vertex 16.499973580564717 -1.4966453021445814 12
      vertex 16.651485873713206 -1.587458275827039 12
      vertex 16.499973580564717 1.4966453021445814 12
    endloop
  endfacet
  facet normal 0 0 1
    outer loop
      vertex 16.108581183947074 -1.1419079114945618 12
      vertex 16.003354697855418 1.000026419435284 12
      vertex 16.003354697855418 -1.000026419435284 12
    endloop
  endfacet
  facet normal 0 0 1
    outer loop
      vertex 16.003354697855418 -1.000026419435284 12
      vertex 15.91254172417296 0.8485141262867958 12
      vertex 15.91254172417296 -0.8485141262867958 12
    endloop
  endfacet
  facet normal 0 0 1
    outer loop
      vertex 16.108581183947074 -1.1419079114945618 12
      vertex 16.227207793864213 -1.2727922061357857 12
      vertex 16.108581183947074 1.1419079114945618 12
    endloop
  endfacet
  facet normal 0 0 1
    outer loop
      vertex 16.811169821742837 -1.662983158520316 12
      vertex 16.97748758094197 -1.722492604317976 12
      vertex 16.811169821742837 1.662983158520316 12
    endloop
  endfacet
  facet normal 0 0 1
    outer loop
      vertex 16.97748758094197 -1.722492604317976 12
      vertex 17.14883742037097 -1.7654135047258148 12
      vertex 16.97748758094197 1.722492604317976 12
    endloop
  endfacet
  facet normal 0 0 1
    outer loop
      vertex 17.14883742037097 -1.7654135047258148 12
      vertex 17.32356914740679 -1.7913325080099545 12
      vertex 17.14883742037097 1.7654135047258148 12
    endloop
  endfacet
  facet normal 0 0 1
    outer loop
      vertex 17.32356914740679 -1.7913325080099545 12
      vertex 17.5 -1.8 12
      vertex 17.32356914740679 1.7913325080099545 12
    endloop
  endfacet
  facet normal 0 0 1
    outer loop
      vertex 16.003354697855418 -1.000026419435284 12
      vertex 16.003354697855418 1.000026419435284 12
      vertex 15.91254172417296 0.8485141262867958 12
    endloop
  endfacet
  facet normal 0 0 1
    outer loop
      vertex 16.108581183947074 -1.1419079114945618 12
      vertex 16.108581183947074 1.1419079114945618 12
      vertex 16.003354697855418 1.000026419435284 12
    endloop
  endfacet
  facet normal 0 0 1
    outer loop
      vertex 16.227207793864213 -1.2727922061357857 12
      vertex 16.227207793864213 1.2727922061357857 12
      vertex 16.108581183947074 1.1419079114945618 12
    endloop
  endfacet
  facet normal 0 0 1
    outer loop
      vertex 16.358092088505437 -1.3914188160529266 12
      vertex 16.358092088505437 1.3914188160529266 12
      vertex 16.227207793864213 1.2727922061357857 12
    endloop
  endfacet
  facet normal 0 0 1
    outer loop
      vertex 16.499973580564717 -1.4966453021445814 12
      vertex 16.499973580564717 1.4966453021445814 12
      vertex 16.358092088505437 1.3914188160529266 12
    endloop
  endfacet
  facet normal 0 0 1
    outer loop
      vertex 16.651485873713206 -1.587458275827039 12
      vertex 16.651485873713206 1.587458275827039 12
      vertex 16.499973580564717 1.4966453021445814 12
    endloop
  endfacet
  facet normal 0 0 1
    outer loop
      vertex 16.811169821742837 -1.662983158520316 12
      vertex 16.811169821742837 1.662983158520316 12
      vertex 16.651485873713206 1.587458275827039 12
    endloop
  endfacet
  facet normal 0 0 1
    outer loop
      vertex 16.97748758094197 -1.722492604317976 12
      vertex 16.97748758094197 1.722492604317976 12
      vertex 16.811169821742837 1.662983158520316 12
    endloop
  endfacet
  facet normal 0 0 1
    outer loop
      vertex 17.14883742037097 -1.7654135047258148 12
      vertex 17.14883742037097 1.7654135047258148 12
      vertex 16.97748758094197 1.722492604317976 12
    endloop
  endfacet
  facet normal 0 0 1
    outer loop
      vertex 17.32356914740679 -1.7913325080099545 12
      vertex 17.32356914740679 1.7913325080099545 12
      vertex 17.14883742037097 1.7654135047258148 12
    endloop
  endfacet
  facet normal 0 0 1
    outer loop
      vertex 17.5 -1.8 12
      vertex 17.5 1.8 12
      vertex 17.32356914740679 1.7913325080099545 12
    endloop
  endfacet
  facet normal 0 0 1
    outer loop
      vertex 17.5 -1.8 12
      vertex 17.67643085259321 -1.7913325080099545 12
      vertex 17.5 1.8 12
    endloop
  endfacet
  facet normal 0 0 1
    outer loop
      vertex 17.67643085259321 -1.7913325080099545 12
      vertex 17.85116257962903 -1.7654135047258148 12
      vertex 17.67643085259321 1.7913325080099545 12
    endloop
  endfacet
  facet normal 0 0 1
    outer loop
      vertex 17.85116257962903 -1.7654135047258148 12
      vertex 18.02251241905803 -1.722492604317976 12
      vertex 17.85116257962903 1.7654135047258148 12
    endloop
  endfacet
  facet normal 0 0 1
    outer loop
      vertex 18.02251241905803 -1.722492604317976 12
      vertex 18.188830178257163 -1.662983158520316 12
      vertex 18.02251241905803 1.722492604317976 12
    endloop
  endfacet
  facet normal 0 0 1
    outer loop
      vertex 18.188830178257163 -1.662983158520316 12
      vertex 18.348514126286794 -1.587458275827039 12
      vertex 18.188830178257163 1.662983158520316 12
    endloop
  endfacet
  facet normal 0 0 1
    outer loop
      vertex 18.348514126286794 -1.587458275827039 12
      vertex 18.500026419435283 -1.4966453021445814 12
      vertex 18.348514126286794 1.587458275827039 12
    endloop
  endfacet
  facet normal 0 0 1
    outer loop
      vertex 18.500026419435283 -1.4966453021445814 12
      vertex 18.641907911494563 -1.3914188160529266 12
      vertex 18.500026419435283 1.4966453021445814 12
    endloop
  endfacet
  facet normal 0 0 1
    outer loop
      vertex 18.641907911494563 -1.3914188160529266 12
      vertex 18.772792206135787 -1.2727922061357857 12
      vertex 18.641907911494563 1.3914188160529266 12
    endloop
  endfacet
  facet normal 0 0 1
    outer loop
      vertex 18.772792206135787 -1.2727922061357857 12
      vertex 18.891418816052926 -1.1419079114945618 12
      vertex 18.772792206135787 1.2727922061357857 12
    endloop
  endfacet
  facet normal 0 0 1
    outer loop
      vertex 18.891418816052926 -1.1419079114945618 12
      vertex 18.996645302144582 -1.000026419435284 12
      vertex 18.891418816052926 1.1419079114945618 12
    endloop
  endfacet
  facet normal 0 0 1
    outer loop
      vertex 18.996645302144582 -1.000026419435284 12
      vertex 19.08745827582704 -0.8485141262867958 12
      vertex 18.996645302144582 1.000026419435284 12
    endloop
  endfacet
  facet normal 0 0 1
    outer loop
      vertex 19.08745827582704 -0.8485141262867958 12
      vertex 19.162983158520316 -0.6888301782571616 12
      vertex 19.08745827582704 0.8485141262867958 12
    endloop
  endfacet
  facet normal 0 0 1
    outer loop
      vertex 17.67643085259321 -1.7913325080099545 12
      vertex 17.67643085259321 1.7913325080099545 12
      vertex 17.5 1.8 12
    endloop
  endfacet
  facet normal 0 0 1
    outer loop
      vertex 17.85116257962903 -1.7654135047258148 12
      vertex 17.85116257962903 1.7654135047258148 12
      vertex 17.67643085259321 1.7913325080099545 12
    endloop
  endfacet
  facet normal 0 0 1
    outer loop
      vertex 18.02251241905803 -1.722492604317976 12
      vertex 18.02251241905803 1.722492604317976 12
      vertex 17.85116257962903 1.7654135047258148 12
    endloop
  endfacet
  facet normal 0 0 1
    outer loop
      vertex 18.188830178257163 -1.662983158520316 12
      vertex 18.188830178257163 1.662983158520316 12
      vertex 18.02251241905803 1.722492604317976 12
    endloop
  endfacet
  facet normal 0 0 1
    outer loop
      vertex 18.348514126286794 -1.587458275827039 12
      vertex 18.348514126286794 1.587458275827039 12
      vertex 18.188830178257163 1.662983158520316 12
    endloop
  endfacet
  facet normal 0 0 1
    outer loop
      vertex 18.500026419435283 -1.4966453021445814 12
      vertex 18.500026419435283 1.4966453021445814 12
      vertex 18.348514126286794 1.587458275827039 12
    endloop
  endfacet
  facet normal 0 0 1
    outer loop
      vertex 18.641907911494563 -1.3914188160529266 12
      vertex 18.641907911494563 1.3914188160529266 12
      vertex 18.500026419435283 1.4966453021445814 12
    endloop
  endfacet
  facet normal 0 0 1
    outer loop
      vertex 18.891418816052926 -1.1419079114945618 12
      vertex 18.891418816052926 1.1419079114945618 12
      vertex 18.772792206135787 1.2727922061357857 12
    endloop
  endfacet
  facet normal 0 0 1
    outer loop
      vertex 19.08745827582704 -0.8485141262867958 12
      vertex 19.08745827582704 0.8485141262867958 12
      vertex 18.996645302144582 1.000026419435284 12
    endloop
  endfacet
  facet normal 0 0 1
    outer loop
      vertex 18.996645302144582 -1.000026419435284 12
      vertex 18.996645302144582 1.000026419435284 12
      vertex 18.891418816052926 1.1419079114945618 12
    endloop
  endfacet
  facet normal 0 0 1
    outer loop
      vertex 18.772792206135787 -1.2727922061357857 12
      vertex 18.772792206135787 1.2727922061357857 12
      vertex 18.641907911494563 1.3914188160529266 12
    endloop
  endfacet
  facet normal -0.9039892931234448 0.42755509343027887 0
    outer loop
      vertex 15.837016841479684 0.6888301782571616 12
      vertex 15.91254172417296 0.8485141262867958 12
      vertex 15.837016841479684 0.6888301782571616 8
    endloop
  endfacet
  facet normal -0.8577286100002735 0.5141027441932193 0
    outer loop
      vertex 15.91254172417296 0.8485141262867958 12
      vertex 16.003354697855418 1.000026419435284 12
      vertex 15.91254172417296 0.8485141262867958 8
    endloop
  endfacet
  facet normal -0.8032075314806424 0.5956993044924368 0
    outer loop
      vertex 16.003354697855418 1.000026419435284 12
      vertex 16.108581183947074 1.1419079114945618 12
      vertex 16.003354697855418 1.000026419435284 8
    endloop
  endfacet
  facet normal -0.740951125354963 0.6715589548470141 0
    outer loop
      vertex 16.108581183947074 1.1419079114945618 12
      vertex 16.227207793864213 1.2727922061357857 12
      vertex 16.108581183947074 1.1419079114945618 8
    endloop
  endfacet
  facet normal -0.6715589548470188 0.7409511253549587 9.063453196729547e-19
    outer loop
      vertex 16.227207793864213 1.2727922061357857 12
      vertex 16.358092088505437 1.3914188160529266 12
      vertex 16.358092088505437 1.3914188160529266 8
    endloop
  endfacet
  facet normal -0.5956993044924268 0.8032075314806498 -3.9348854539127623e-19
    outer loop
      vertex 16.358092088505437 1.3914188160529266 12
      vertex 16.499973580564717 1.4966453021445814 12
      vertex 16.499973580564717 1.4966453021445814 8
    endloop
  endfacet
  facet normal -0.5141027441932202 0.857728610000273 3.0335012086327393e-19
    outer loop
      vertex 16.499973580564717 1.4966453021445814 12
      vertex 16.651485873713206 1.587458275827039 12
      vertex 16.651485873713206 1.587458275827039 8
    endloop
  endfacet
  facet normal -0.42755509343028875 0.9039892931234401 -6.025694347379575e-19
    outer loop
      vertex 16.651485873713206 1.587458275827039 12
      vertex 16.811169821742837 1.662983158520316 12
      vertex 16.811169821742837 1.662983158520316 8
    endloop
  endfacet
  facet normal -0.33688985339221705 0.9415440651830219 -9.481026868981917e-19
    outer loop
      vertex 16.811169821742837 1.662983158520316 12
      vertex 16.97748758094197 1.722492604317976 12
      vertex 16.97748758094197 1.722492604317976 8
    endloop
  endfacet
  facet normal -0.24298017990326273 0.9700312531945443 4.1471375946241215e-19
    outer loop
      vertex 16.97748758094197 1.722492604317976 12
      vertex 17.14883742037097 1.7654135047258148 12
      vertex 17.14883742037097 1.7654135047258148 8
    endloop
  endfacet
  facet normal -0.146730474455364 0.9891765099647806 5.042556720026301e-19
    outer loop
      vertex 17.14883742037097 1.7654135047258148 12
      vertex 17.32356914740679 1.7913325080099545 12
      vertex 17.32356914740679 1.7913325080099545 8
    endloop
  endfacet
  facet normal -0.04906767432741754 0.9987954562051724 -1.1836854431339868e-19
    outer loop
      vertex 17.32356914740679 1.7913325080099545 12
      vertex 17.5 1.8 12
      vertex 17.5 1.8 8
    endloop
  endfacet
  facet normal 0.9039892931234448 0.42755509343027887 5.4867041522219335e-19
    outer loop
      vertex 19.162983158520316 0.6888301782571616 12
      vertex 19.08745827582704 0.8485141262867958 8
      vertex 19.08745827582704 0.8485141262867958 12
    endloop
  endfacet
  facet normal 0.8577286100002735 0.5141027441932193 -6.3495602526359125e-19
    outer loop
      vertex 19.08745827582704 0.8485141262867958 12
      vertex 18.996645302144582 1.000026419435284 8
      vertex 18.996645302144582 1.000026419435284 12
    endloop
  endfacet
  facet normal 0.8032075314806424 0.5956993044924368 1.1298468661910553e-19
    outer loop
      vertex 18.996645302144582 1.000026419435284 12
      vertex 18.891418816052926 1.1419079114945618 8
      vertex 18.891418816052926 1.1419079114945618 12
    endloop
  endfacet
  facet normal 0.740951125354963 0.6715589548470141 6.965334766784396e-20
    outer loop
      vertex 18.891418816052926 1.1419079114945618 12
      vertex 18.772792206135787 1.2727922061357857 8
      vertex 18.772792206135787 1.2727922061357857 12
    endloop
  endfacet
  facet normal 0.6715589548470188 0.7409511253549587 0
    outer loop
      vertex 18.772792206135787 1.2727922061357857 12
      vertex 18.772792206135787 1.2727922061357857 8
      vertex 18.641907911494563 1.3914188160529266 12
    endloop
  endfacet
  facet normal 0.42755509343028875 0.9039892931234401 0
    outer loop
      vertex 18.348514126286794 1.587458275827039 12
      vertex 18.348514126286794 1.587458275827039 8
      vertex 18.188830178257163 1.662983158520316 12
    endloop
  endfacet
  facet normal 0.33688985339221705 0.9415440651830219 9.481026868981917e-19
    outer loop
      vertex 18.02251241905803 1.722492604317976 12
      vertex 18.188830178257163 1.662983158520316 12
      vertex 18.188830178257163 1.662983158520316 8
    endloop
  endfacet
  facet normal 0.04906767432741754 0.9987954562051724 1.1836854431339868e-19
    outer loop
      vertex 17.5 1.8 12
      vertex 17.67643085259321 1.7913325080099545 12
      vertex 17.67643085259321 1.7913325080099545 8
    endloop
  endfacet
  facet normal 0.146730474455364 0.9891765099647806 -5.042556720026301e-19
    outer loop
      vertex 17.67643085259321 1.7913325080099545 12
      vertex 17.85116257962903 1.7654135047258148 12
      vertex 17.85116257962903 1.7654135047258148 8
    endloop
  endfacet
  facet normal 0.24298017990326273 0.9700312531945443 -4.1471375946241215e-19
    outer loop
      vertex 17.85116257962903 1.7654135047258148 12
      vertex 18.02251241905803 1.722492604317976 12
      vertex 18.02251241905803 1.722492604317976 8
    endloop
  endfacet
  facet normal 0.5956993044924268 0.8032075314806498 0
    outer loop
      vertex 18.641907911494563 1.3914188160529266 12
      vertex 18.641907911494563 1.3914188160529266 8
      vertex 18.500026419435283 1.4966453021445814 12
    endloop
  endfacet
  facet normal 0.5141027441932202 0.857728610000273 0
    outer loop
      vertex 18.500026419435283 1.4966453021445814 12
      vertex 18.500026419435283 1.4966453021445814 8
      vertex 18.348514126286794 1.587458275827039 12
    endloop
  endfacet
  facet normal 0.9039892931234448 -0.42755509343027887 -5.4867041522219335e-19
    outer loop
      vertex 19.08745827582704 -0.8485141262867958 12
      vertex 19.162983158520316 -0.6888301782571616 8
      vertex 19.162983158520316 -0.6888301782571616 12
    endloop
  endfacet
  facet normal 0.9415440651830165 -0.33688985339223176 -1.3337139986893466e-19
    outer loop
      vertex 19.162983158520316 -0.6888301782571616 12
      vertex 19.222492604317978 -0.5225124190580323 8
      vertex 19.222492604317978 -0.5225124190580323 12
    endloop
  endfacet
  facet normal 0.9700312531945479 -0.24298017990324822 1.5015381247665965e-19
    outer loop
      vertex 19.222492604317978 -0.5225124190580323 12
      vertex 19.265413504725814 -0.35116257962903086 8
      vertex 19.265413504725814 -0.35116257962903086 12
    endloop
  endfacet
  facet normal 0.9891765099647798 -0.14673047445536952 -2.360780895456863e-20
    outer loop
      vertex 19.265413504725814 -0.35116257962903086 12
      vertex 19.291332508009955 -0.1764308525932091 8
      vertex 19.291332508009955 -0.1764308525932091 12
    endloop
  endfacet
  facet normal 0.9987954562051723 -0.04906767432742034 -3.2088334358414313e-20
    outer loop
      vertex 19.291332508009955 -0.1764308525932091 12
      vertex 19.3 0 8
      vertex 19.3 0 12
    endloop
  endfacet
  facet normal 0.9987954562051723 0.04906767432742034 3.2088334358414313e-20
    outer loop
      vertex 19.3 0 12
      vertex 19.291332508009955 0.1764308525932091 8
      vertex 19.291332508009955 0.1764308525932091 12
    endloop
  endfacet
  facet normal 0.9891765099647798 0.14673047445536952 2.360780895456863e-20
    outer loop
      vertex 19.291332508009955 0.1764308525932091 12
      vertex 19.265413504725814 0.35116257962903086 8
      vertex 19.265413504725814 0.35116257962903086 12
    endloop
  endfacet
  facet normal 0.9700312531945479 0.24298017990324822 -1.5015381247665965e-19
    outer loop
      vertex 19.265413504725814 0.35116257962903086 12
      vertex 19.222492604317978 0.5225124190580323 8
      vertex 19.222492604317978 0.5225124190580323 12
    endloop
  endfacet
  facet normal 0 0 1
    outer loop
      vertex 19.162983158520316 -0.6888301782571616 12
      vertex 19.222492604317978 -0.5225124190580323 12
      vertex 19.162983158520316 0.6888301782571616 12
    endloop
  endfacet
  facet normal 0 0 1
    outer loop
      vertex 19.222492604317978 -0.5225124190580323 12
      vertex 19.265413504725814 -0.35116257962903086 12
      vertex 19.222492604317978 0.5225124190580323 12
    endloop
  endfacet
  facet normal 0 0 1
    outer loop
      vertex 19.265413504725814 -0.35116257962903086 12
      vertex 19.291332508009955 -0.1764308525932091 12
      vertex 19.265413504725814 0.35116257962903086 12
    endloop
  endfacet
  facet normal 0 0 1
    outer loop
      vertex 19.291332508009955 -0.1764308525932091 12
      vertex 19.3 0 12
      vertex 19.291332508009955 0.1764308525932091 12
    endloop
  endfacet
  facet normal 0 0 1
    outer loop
      vertex 19.291332508009955 -0.1764308525932091 12
      vertex 19.291332508009955 0.1764308525932091 12
      vertex 19.265413504725814 0.35116257962903086 12
    endloop
  endfacet
  facet normal 0 0 1
    outer loop
      vertex 19.265413504725814 -0.35116257962903086 12
      vertex 19.265413504725814 0.35116257962903086 12
      vertex 19.222492604317978 0.5225124190580323 12
    endloop
  endfacet
  facet normal 0 0 1
    outer loop
      vertex 19.222492604317978 -0.5225124190580323 12
      vertex 19.222492604317978 0.5225124190580323 12
      vertex 19.162983158520316 0.6888301782571616 12
    endloop
  endfacet
  facet normal 0 0 1
    outer loop
      vertex 19.162983158520316 -0.6888301782571616 12
      vertex 19.162983158520316 0.6888301782571616 12
      vertex 19.08745827582704 0.8485141262867958 12
    endloop
  endfacet
  facet normal 0.9415440651830165 0.33688985339223176 1.3337139986893466e-19
    outer loop
      vertex 19.222492604317978 0.5225124190580323 12
      vertex 19.162983158520316 0.6888301782571616 8
      vertex 19.162983158520316 0.6888301782571616 12
    endloop
  endfacet
endsolid OpenSCAD_Model
