solid OpenSCAD_Model
  facet normal -0.7604059656000329 -0.6494480483301813 0
    outer loop
      vertex -77.71459614569709 -62.93203910498374 26
      vertex -74.31448254773943 -66.91306063588583 26
      vertex -77.71459614569709 -62.93203910498374 32
    endloop
  endfacet
  facet normal -0.8526401643540926 -0.5224985647159481 -2.8485798461645324e-18
    outer loop
      vertex -83.8670567945424 -54.463903501502706 26
      vertex -86.60254037844386 -50 32
      vertex -86.60254037844386 -50 26
    endloop
  endfacet
  facet normal -0.8241261886220155 -0.566406236924833 0
    outer loop
      vertex -83.8670567945424 -54.463903501502706 26
      vertex -80.90169943749474 -58.778525229247315 26
      vertex -83.8670567945424 -54.463903501502706 32
    endloop
  endfacet
  facet normal -0.7933533402912344 -0.6087614290087217 -2.1866505510289652e-17
    outer loop
      vertex -77.71459614569709 -62.93203910498374 26
      vertex -80.90169943749474 -58.778525229247315 32
      vertex -80.90169943749474 -58.778525229247315 26
    endloop
  endfacet
  facet normal -0.7604059656000329 -0.6494480483301813 2.365576539955069e-17
    outer loop
      vertex -77.71459614569709 -62.93203910498374 32
      vertex -74.31448254773943 -66.91306063588583 26
      vertex -74.31448254773943 -66.91306063588583 32
    endloop
  endfacet
  facet normal -0.8241261886220155 -0.566406236924833 0
    outer loop
      vertex -80.90169943749474 -58.778525229247315 26
      vertex -80.90169943749474 -58.778525229247315 32
      vertex -83.8670567945424 -54.463903501502706 32
    endloop
  endfacet
  facet normal -0.8526401643540926 -0.5224985647159481 0
    outer loop
      vertex -83.8670567945424 -54.463903501502706 26
      vertex -83.8670567945424 -54.463903501502706 32
      vertex -86.60254037844386 -50 32
    endloop
  endfacet
  facet normal -0.7933533402912344 -0.6087614290087217 0
    outer loop
      vertex -77.71459614569709 -62.93203910498374 26
      vertex -77.71459614569709 -62.93203910498374 32
      vertex -80.90169943749474 -58.778525229247315 32
    endloop
  endfacet
  facet normal -0.6494480483301813 -0.7604059656000329 0
    outer loop
      vertex -62.93203910498374 -77.71459614569709 26
      vertex -62.93203910498374 -77.71459614569709 32
      vertex -66.91306063588583 -74.31448254773943 26
    endloop
  endfacet
  facet normal -0.6087614290087217 -0.7933533402912344 -2.1866505510289652e-17
    outer loop
      vertex -62.93203910498374 -77.71459614569709 26
      vertex -58.778525229247315 -80.90169943749474 26
      vertex -58.778525229247315 -80.90169943749474 32
    endloop
  endfacet
  facet normal -0.566406236924833 -0.8241261886220155 1.6930228199515432e-17
    outer loop
      vertex -58.778525229247315 -80.90169943749474 26
      vertex -54.463903501502706 -83.8670567945424 26
      vertex -54.463903501502706 -83.8670567945424 32
    endloop
  endfacet
  facet normal -0.5224985647159481 -0.8526401643540926 -2.8485798461645324e-18
    outer loop
      vertex -54.463903501502706 -83.8670567945424 26
      vertex -50 -86.60254037844386 26
      vertex -50 -86.60254037844386 32
    endloop
  endfacet
  facet normal -0.6494480483301813 -0.7604059656000329 2.365576539955069e-17
    outer loop
      vertex -62.93203910498374 -77.71459614569709 32
      vertex -66.91306063588583 -74.31448254773943 32
      vertex -66.91306063588583 -74.31448254773943 26
    endloop
  endfacet
  facet normal -0.566406236924833 -0.8241261886220155 0
    outer loop
      vertex -58.778525229247315 -80.90169943749474 26
      vertex -54.463903501502706 -83.8670567945424 32
      vertex -58.778525229247315 -80.90169943749474 32
    endloop
  endfacet
  facet normal -0.6087614290087217 -0.7933533402912344 0
    outer loop
      vertex -62.93203910498374 -77.71459614569709 26
      vertex -58.778525229247315 -80.90169943749474 32
      vertex -62.93203910498374 -77.71459614569709 32
    endloop
  endfacet
  facet normal -0.5224985647159481 -0.8526401643540926 0
    outer loop
      vertex -54.463903501502706 -83.8670567945424 26
      vertex -50 -86.60254037844386 32
      vertex -54.463903501502706 -83.8670567945424 32
    endloop
  endfacet
  facet normal -0.725374371012287 -0.6883545756937548 1.4288611146440264e-17
    outer loop
      vertex -70.71067811865476 -70.71067811865476 26
      vertex -74.31448254773943 -66.91306063588583 32
      vertex -74.31448254773943 -66.91306063588583 26
    endloop
  endfacet
  facet normal -0.6883545756937548 -0.725374371012287 1.4288611146440264e-17
    outer loop
      vertex -70.71067811865476 -70.71067811865476 26
      vertex -66.91306063588583 -74.31448254773943 26
      vertex -66.91306063588583 -74.31448254773943 32
    endloop
  endfacet
  facet normal -0.725374371012287 -0.6883545756937548 0
    outer loop
      vertex -70.71067811865476 -70.71067811865476 26
      vertex -70.71067811865476 -70.71067811865476 32
      vertex -74.31448254773943 -66.91306063588583 32
    endloop
  endfacet
  facet normal -0.6883545756937548 -0.725374371012287 0
    outer loop
      vertex -70.71067811865476 -70.71067811865476 26
      vertex -66.91306063588583 -74.31448254773943 32
      vertex -70.71067811865476 -70.71067811865476 32
    endloop
  endfacet
  facet normal -0.8788171126619649 -0.4771587602596092 0
    outer loop
      vertex -89.10065241883679 -45.39904997395468 26
      vertex -86.60254037844386 -50 26
      vertex -89.10065241883679 -45.39904997395468 32
    endloop
  endfacet
  facet normal -0.9025852843498615 -0.4305110968082932 2.6960033322110124e-17
    outer loop
      vertex -89.10065241883679 -45.39904997395468 26
      vertex -91.35454576426008 -40.67366430758002 32
      vertex -91.35454576426008 -40.67366430758002 26
    endloop
  endfacet
  facet normal -0.942641491092179 -0.3338068592337693 0
    outer loop
      vertex -95.10565162951535 -30.901699437494738 26
      vertex -93.35804264972018 -35.83679495453003 26
      vertex -95.10565162951535 -30.901699437494738 32
    endloop
  endfacet
  facet normal -0.9588197348681928 -0.2840153447039234 9.681865087328056e-18
    outer loop
      vertex -95.10565162951535 -30.901699437494738 26
      vertex -96.59258262890683 -25.881904510252074 32
      vertex -96.59258262890683 -25.881904510252074 26
    endloop
  endfacet
  facet normal -0.9238795325112861 -0.3826834323650915 -1.76272765309697e-17
    outer loop
      vertex -91.35454576426008 -40.67366430758002 26
      vertex -93.35804264972018 -35.83679495453003 32
      vertex -93.35804264972018 -35.83679495453003 26
    endloop
  endfacet
  facet normal -0.9025852843498615 -0.4305110968082932 0
    outer loop
      vertex -89.10065241883679 -45.39904997395468 26
      vertex -89.10065241883679 -45.39904997395468 32
      vertex -91.35454576426008 -40.67366430758002 32
    endloop
  endfacet
  facet normal -0.9238795325112861 -0.3826834323650915 0
    outer loop
      vertex -91.35454576426008 -40.67366430758002 26
      vertex -91.35454576426008 -40.67366430758002 32
      vertex -93.35804264972018 -35.83679495453003 32
    endloop
  endfacet
  facet normal -0.942641491092179 -0.3338068592337693 0
    outer loop
      vertex -93.35804264972018 -35.83679495453003 26
      vertex -93.35804264972018 -35.83679495453003 32
      vertex -95.10565162951535 -30.901699437494738 32
    endloop
  endfacet
  facet normal -0.9588197348681928 -0.2840153447039234 0
    outer loop
      vertex -95.10565162951535 -30.901699437494738 26
      vertex -95.10565162951535 -30.901699437494738 32
      vertex -96.59258262890683 -25.881904510252074 32
    endloop
  endfacet
  facet normal -0.8788171126619649 -0.4771587602596092 0
    outer loop
      vertex -86.60254037844386 -50 26
      vertex -86.60254037844386 -50 32
      vertex -89.10065241883679 -45.39904997395468 32
    endloop
  endfacet
  facet normal 0 0 -1
    outer loop
      vertex -89.10065241883679 -45.39904997395468 26
      vertex -91.35454576426008 -40.67366430758002 26
      vertex -89.10065241883679 45.39904997395468 26
    endloop
  endfacet
  facet normal -0.9723699203976762 -0.233445363855907 1.0831187617808337e-17
    outer loop
      vertex -96.59258262890683 -25.881904510252074 26
      vertex -97.81476007338057 -20.791169081775934 32
      vertex -97.81476007338057 -20.791169081775934 26
    endloop
  endfacet
  facet normal -0.9832549075639546 -0.1822355254921477 1.161687823165292e-18
    outer loop
      vertex -97.81476007338057 -20.791169081775934 26
      vertex -98.76883405951378 -15.643446504023087 32
      vertex -98.76883405951378 -15.643446504023087 26
    endloop
  endfacet
  facet normal 0 0 -1
    outer loop
      vertex -96.59258262890683 -25.881904510252074 26
      vertex -97.81476007338057 -20.791169081775934 26
      vertex -96.59258262890683 25.881904510252074 26
    endloop
  endfacet
  facet normal 0 0 -1
    outer loop
      vertex -95.10565162951535 -30.901699437494738 26
      vertex -93.35804264972018 35.83679495453003 26
      vertex -93.35804264972018 -35.83679495453003 26
    endloop
  endfacet
  facet normal 0 0 -1
    outer loop
      vertex -95.10565162951535 -30.901699437494738 26
      vertex -96.59258262890683 -25.881904510252074 26
      vertex -95.10565162951535 30.901699437494738 26
    endloop
  endfacet
  facet normal 0 0 -1
    outer loop
      vertex -98.76883405951378 -15.643446504023087 26
      vertex -99.45218953682733 -10.452846326765346 26
      vertex -98.76883405951378 15.643446504023087 26
    endloop
  endfacet
  facet normal 0 0 -1
    outer loop
      vertex -97.81476007338057 -20.791169081775934 26
      vertex -98.76883405951378 -15.643446504023087 26
      vertex -97.81476007338057 20.791169081775934 26
    endloop
  endfacet
  facet normal 0 0 -1
    outer loop
      vertex -99.45218953682733 -10.452846326765346 26
      vertex -99.86295347545739 -5.2335956242943835 26
      vertex -99.45218953682733 10.452846326765346 26
    endloop
  endfacet
  facet normal 0 0 -1
    outer loop
      vertex -91.35454576426008 -40.67366430758002 26
      vertex -93.35804264972018 -35.83679495453003 26
      vertex -91.35454576426008 40.67366430758002 26
    endloop
  endfacet
  facet normal -0.9914448613738106 -0.13052619222005035 5.518437010841923e-18
    outer loop
      vertex -98.76883405951378 -15.643446504023087 26
      vertex -99.45218953682733 -10.452846326765346 32
      vertex -99.45218953682733 -10.452846326765346 26
    endloop
  endfacet
  facet normal -0.996917333733128 -0.07845909572784517 6.7999819514731355e-18
    outer loop
      vertex -99.45218953682733 -10.452846326765346 26
      vertex -99.86295347545739 -5.2335956242943835 32
      vertex -99.86295347545739 -5.2335956242943835 26
    endloop
  endfacet
  facet normal -0.9996573249755573 -0.026176948307872993 8.023306130217548e-19
    outer loop
      vertex -99.86295347545739 -5.2335956242943835 26
      vertex -100 0 32
      vertex -100 0 26
    endloop
  endfacet
  facet normal 0 0 -1
    outer loop
      vertex -83.8670567945424 -54.463903501502706 26
      vertex -86.60254037844386 -50 26
      vertex -83.8670567945424 54.463903501502706 26
    endloop
  endfacet
  facet normal 0 0 -1
    outer loop
      vertex -89.10065241883679 -45.39904997395468 26
      vertex -86.60254037844386 50 26
      vertex -86.60254037844386 -50 26
    endloop
  endfacet
  facet normal 0 0 -1
    outer loop
      vertex -83.8670567945424 -54.463903501502706 26
      vertex -80.90169943749474 58.778525229247315 26
      vertex -80.90169943749474 -58.778525229247315 26
    endloop
  endfacet
  facet normal 0 0 -1
    outer loop
      vertex -77.71459614569709 -62.93203910498374 26
      vertex -80.90169943749474 -58.778525229247315 26
      vertex -77.71459614569709 62.93203910498374 26
    endloop
  endfacet
  facet normal 0 0 -1
    outer loop
      vertex -77.71459614569709 -62.93203910498374 26
      vertex -74.31448254773943 66.91306063588583 26
      vertex -74.31448254773943 -66.91306063588583 26
    endloop
  endfacet
  facet normal -0.9723699203976762 -0.233445363855907 0
    outer loop
      vertex -96.59258262890683 -25.881904510252074 26
      vertex -96.59258262890683 -25.881904510252074 32
      vertex -97.81476007338057 -20.791169081775934 32
    endloop
  endfacet
  facet normal -0.9832549075639546 -0.1822355254921477 0
    outer loop
      vertex -97.81476007338057 -20.791169081775934 26
      vertex -97.81476007338057 -20.791169081775934 32
      vertex -98.76883405951378 -15.643446504023087 32
    endloop
  endfacet
  facet normal -0.9914448613738106 -0.13052619222005035 0
    outer loop
      vertex -98.76883405951378 -15.643446504023087 26
      vertex -98.76883405951378 -15.643446504023087 32
      vertex -99.45218953682733 -10.452846326765346 32
    endloop
  endfacet
  facet normal 0 0 1
    outer loop
      vertex -91.35454576426008 -40.67366430758002 32
      vertex -93.35804264972018 35.83679495453003 32
      vertex -93.35804264972018 -35.83679495453003 32
    endloop
  endfacet
  facet normal 0 0 1
    outer loop
      vertex -89.10065241883679 -45.39904997395468 32
      vertex -86.60254037844386 -50 32
      vertex -89.10065241883679 45.39904997395468 32
    endloop
  endfacet
  facet normal 0 0 1
    outer loop
      vertex -89.10065241883679 -45.39904997395468 32
      vertex -91.35454576426008 40.67366430758002 32
      vertex -91.35454576426008 -40.67366430758002 32
    endloop
  endfacet
  facet normal -0.996917333733128 -0.07845909572784517 0
    outer loop
      vertex -99.45218953682733 -10.452846326765346 26
      vertex -99.45218953682733 -10.452846326765346 32
      vertex -99.86295347545739 -5.2335956242943835 32
    endloop
  endfacet
  facet normal -0.9996573249755573 -0.026176948307872993 0
    outer loop
      vertex -99.86295347545739 -5.2335956242943835 26
      vertex -99.86295347545739 -5.2335956242943835 32
      vertex -100 0 32
    endloop
  endfacet
  facet normal 0 0 1
    outer loop
      vertex -97.81476007338057 -20.791169081775934 32
      vertex -98.76883405951378 15.643446504023087 32
      vertex -98.76883405951378 -15.643446504023087 32
    endloop
  endfacet
  facet normal 0 0 1
    outer loop
      vertex -96.59258262890683 -25.881904510252074 32
      vertex -97.81476007338057 20.791169081775934 32
      vertex -97.81476007338057 -20.791169081775934 32
    endloop
  endfacet
  facet normal 0 0 1
    outer loop
      vertex -95.10565162951535 -30.901699437494738 32
      vertex -96.59258262890683 25.881904510252074 32
      vertex -96.59258262890683 -25.881904510252074 32
    endloop
  endfacet
  facet normal 0 0 1
    outer loop
      vertex -95.10565162951535 -30.901699437494738 32
      vertex -93.35804264972018 -35.83679495453003 32
      vertex -95.10565162951535 30.901699437494738 32
    endloop
  endfacet
  facet normal 0 0 1
    outer loop
      vertex -98.76883405951378 -15.643446504023087 32
      vertex -99.45218953682733 10.452846326765346 32
      vertex -99.45218953682733 -10.452846326765346 32
    endloop
  endfacet
  facet normal 0 0 1
    outer loop
      vertex -99.45218953682733 -10.452846326765346 32
      vertex -99.86295347545739 5.2335956242943835 32
      vertex -99.86295347545739 -5.2335956242943835 32
    endloop
  endfacet
  facet normal 0 0 1
    outer loop
      vertex -83.8670567945424 -54.463903501502706 32
      vertex -80.90169943749474 -58.778525229247315 32
      vertex -83.8670567945424 54.463903501502706 32
    endloop
  endfacet
  facet normal 0 0 1
    outer loop
      vertex -83.8670567945424 -54.463903501502706 32
      vertex -86.60254037844386 50 32
      vertex -86.60254037844386 -50 32
    endloop
  endfacet
  facet normal 0 0 1
    outer loop
      vertex -77.71459614569709 -62.93203910498374 32
      vertex -80.90169943749474 58.778525229247315 32
      vertex -80.90169943749474 -58.778525229247315 32
    endloop
  endfacet
  facet normal 0 0 1
    outer loop
      vertex -77.71459614569709 -62.93203910498374 32
      vertex -74.31448254773943 -66.91306063588583 32
      vertex -77.71459614569709 62.93203910498374 32
    endloop
  endfacet
  facet normal 0 0 -1
    outer loop
      vertex -62.93203910498374 -77.71459614569709 26
      vertex -58.778525229247315 80.90169943749474 26
      vertex -58.778525229247315 -80.90169943749474 26
    endloop
  endfacet
  facet normal 0 0 -1
    outer loop
      vertex -58.778525229247315 -80.90169943749474 26
      vertex -54.463903501502706 83.8670567945424 26
      vertex -54.463903501502706 -83.8670567945424 26
    endloop
  endfacet
  facet normal 0 0 -1
    outer loop
      vertex -54.463903501502706 -83.8670567945424 26
      vertex -50 86.60254037844386 26
      vertex -50 -86.60254037844386 26
    endloop
  endfacet
  facet normal 0 0 1
    outer loop
      vertex -62.93203910498374 -77.71459614569709 32
      vertex -66.91306063588583 74.31448254773943 32
      vertex -66.91306063588583 -74.31448254773943 32
    endloop
  endfacet
  facet normal 0 0 1
    outer loop
      vertex -62.93203910498374 -77.71459614569709 32
      vertex -58.778525229247315 -80.90169943749474 32
      vertex -62.93203910498374 77.71459614569709 32
    endloop
  endfacet
  facet normal 0 0 1
    outer loop
      vertex -58.778525229247315 -80.90169943749474 32
      vertex -54.463903501502706 -83.8670567945424 32
      vertex -58.778525229247315 80.90169943749474 32
    endloop
  endfacet
  facet normal 0 0 1
    outer loop
      vertex -54.463903501502706 -83.8670567945424 32
      vertex -50 -86.60254037844386 32
      vertex -54.463903501502706 83.8670567945424 32
    endloop
  endfacet
  facet normal 0 0 -1
    outer loop
      vertex -70.71067811865476 -70.71067811865476 26
      vertex -74.31448254773943 -66.91306063588583 26
      vertex -70.71067811865476 70.71067811865476 26
    endloop
  endfacet
  facet normal 0 0 -1
    outer loop
      vertex -70.71067811865476 -70.71067811865476 26
      vertex -66.91306063588583 74.31448254773943 26
      vertex -66.91306063588583 -74.31448254773943 26
    endloop
  endfacet
  facet normal 0 0 -1
    outer loop
      vertex -62.93203910498374 -77.71459614569709 26
      vertex -66.91306063588583 -74.31448254773943 26
      vertex -62.93203910498374 77.71459614569709 26
    endloop
  endfacet
  facet normal 0 0 1
    outer loop
      vertex -70.71067811865476 -70.71067811865476 32
      vertex -74.31448254773943 66.91306063588583 32
      vertex -74.31448254773943 -66.91306063588583 32
    endloop
  endfacet
  facet normal 0 0 1
    outer loop
      vertex -70.71067811865476 -70.71067811865476 32
      vertex -66.91306063588583 -74.31448254773943 32
      vertex -70.71067811865476 70.71067811865476 32
    endloop
  endfacet
  facet normal -0.4771587602596092 -0.8788171126619649 0
    outer loop
      vertex -45.39904997395468 -89.10065241883679 26
      vertex -45.39904997395468 -89.10065241883679 32
      vertex -50 -86.60254037844386 26
    endloop
  endfacet
  facet normal -0.4305110968082932 -0.9025852843498615 2.6960033322110124e-17
    outer loop
      vertex -45.39904997395468 -89.10065241883679 26
      vertex -40.67366430758002 -91.35454576426008 26
      vertex -40.67366430758002 -91.35454576426008 32
    endloop
  endfacet
  facet normal -0.3338068592337693 -0.942641491092179 -1.886948968724389e-17
    outer loop
      vertex -35.83679495453003 -93.35804264972018 26
      vertex -30.901699437494738 -95.10565162951535 26
      vertex -30.901699437494738 -95.10565162951535 32
    endloop
  endfacet
  facet normal -0.3826834323650915 -0.9238795325112861 -1.76272765309697e-17
    outer loop
      vertex -40.67366430758002 -91.35454576426008 26
      vertex -35.83679495453003 -93.35804264972018 26
      vertex -35.83679495453003 -93.35804264972018 32
    endloop
  endfacet
  facet normal -0.2840153447039234 -0.9588197348681928 9.681865087328056e-18
    outer loop
      vertex -30.901699437494738 -95.10565162951535 26
      vertex -25.881904510252074 -96.59258262890683 26
      vertex -25.881904510252074 -96.59258262890683 32
    endloop
  endfacet
  facet normal -0.4305110968082932 -0.9025852843498615 0
    outer loop
      vertex -45.39904997395468 -89.10065241883679 26
      vertex -40.67366430758002 -91.35454576426008 32
      vertex -45.39904997395468 -89.10065241883679 32
    endloop
  endfacet
  facet normal -0.3826834323650915 -0.9238795325112861 0
    outer loop
      vertex -40.67366430758002 -91.35454576426008 26
      vertex -35.83679495453003 -93.35804264972018 32
      vertex -40.67366430758002 -91.35454576426008 32
    endloop
  endfacet
  facet normal -0.4771587602596092 -0.8788171126619649 0
    outer loop
      vertex -50 -86.60254037844386 26
      vertex -45.39904997395468 -89.10065241883679 32
      vertex -50 -86.60254037844386 32
    endloop
  endfacet
  facet normal -0.3338068592337693 -0.942641491092179 0
    outer loop
      vertex -35.83679495453003 -93.35804264972018 26
      vertex -30.901699437494738 -95.10565162951535 32
      vertex -35.83679495453003 -93.35804264972018 32
    endloop
  endfacet
  facet normal -0.2840153447039234 -0.9588197348681928 0
    outer loop
      vertex -30.901699437494738 -95.10565162951535 26
      vertex -25.881904510252074 -96.59258262890683 32
      vertex -30.901699437494738 -95.10565162951535 32
    endloop
  endfacet
  facet normal -0.233445363855907 -0.9723699203976762 1.0831187617808337e-17
    outer loop
      vertex -25.881904510252074 -96.59258262890683 26
      vertex -20.791169081775934 -97.81476007338057 26
      vertex -20.791169081775934 -97.81476007338057 32
    endloop
  endfacet
  facet normal -0.1822355254921477 -0.9832549075639546 1.161687823165292e-18
    outer loop
      vertex -20.791169081775934 -97.81476007338057 26
      vertex -15.643446504023087 -98.76883405951378 26
      vertex -15.643446504023087 -98.76883405951378 32
    endloop
  endfacet
  facet normal -0.13052619222005035 -0.9914448613738106 5.518437010841923e-18
    outer loop
      vertex -15.643446504023087 -98.76883405951378 26
      vertex -10.452846326765346 -99.45218953682733 26
      vertex -10.452846326765346 -99.45218953682733 32
    endloop
  endfacet
  facet normal -0.07845909572784517 -0.996917333733128 6.7999819514731355e-18
    outer loop
      vertex -10.452846326765346 -99.45218953682733 26
      vertex -5.2335956242943835 -99.86295347545739 26
      vertex -5.2335956242943835 -99.86295347545739 32
    endloop
  endfacet
  facet normal -0.026176948307872993 -0.9996573249755573 8.023306130217548e-19
    outer loop
      vertex -5.2335956242943835 -99.86295347545739 26
      vertex 0 -100 26
      vertex 0 -100 32
    endloop
  endfacet
  facet normal -0.233445363855907 -0.9723699203976762 0
    outer loop
      vertex -25.881904510252074 -96.59258262890683 26
      vertex -20.791169081775934 -97.81476007338057 32
      vertex -25.881904510252074 -96.59258262890683 32
    endloop
  endfacet
  facet normal -0.1822355254921477 -0.9832549075639546 0
    outer loop
      vertex -20.791169081775934 -97.81476007338057 26
      vertex -15.643446504023087 -98.76883405951378 32
      vertex -20.791169081775934 -97.81476007338057 32
    endloop
  endfacet
  facet normal -0.13052619222005035 -0.9914448613738106 0
    outer loop
      vertex -15.643446504023087 -98.76883405951378 26
      vertex -10.452846326765346 -99.45218953682733 32
      vertex -15.643446504023087 -98.76883405951378 32
    endloop
  endfacet
  facet normal -0.07845909572784517 -0.996917333733128 0
    outer loop
      vertex -10.452846326765346 -99.45218953682733 26
      vertex -5.2335956242943835 -99.86295347545739 32
      vertex -10.452846326765346 -99.45218953682733 32
    endloop
  endfacet
  facet normal -0.026176948307872993 -0.9996573249755573 0
    outer loop
      vertex -5.2335956242943835 -99.86295347545739 26
      vertex 0 -100 32
      vertex -5.2335956242943835 -99.86295347545739 32
    endloop
  endfacet
  facet normal 0 0 -1
    outer loop
      vertex -10.452846326765346 -99.45218953682733 26
      vertex -4.901751315135244 -7.548035111508817 26
      vertex -5.2335956242943835 -99.86295347545739 26
    endloop
  endfacet
  facet normal 0 0 -1
    outer loop
      vertex -5.2335956242943835 -99.86295347545739 26
      vertex 0 -9 26
      vertex 0 -100 26
    endloop
  endfacet
  facet normal 0 0 -1
    outer loop
      vertex -45.39904997395468 -89.10065241883679 26
      vertex -50 -86.60254037844386 26
      vertex -45.39904997395468 89.10065241883679 26
    endloop
  endfacet
  facet normal 0 0 -1
    outer loop
      vertex -45.39904997395468 -89.10065241883679 26
      vertex -40.67366430758002 91.35454576426008 26
      vertex -40.67366430758002 -91.35454576426008 26
    endloop
  endfacet
  facet normal 0 0 -1
    outer loop
      vertex -40.67366430758002 -91.35454576426008 26
      vertex -35.83679495453003 93.35804264972018 26
      vertex -35.83679495453003 -93.35804264972018 26
    endloop
  endfacet
  facet normal 0 0 -1
    outer loop
      vertex -35.83679495453003 -93.35804264972018 26
      vertex -30.901699437494738 95.10565162951535 26
      vertex -30.901699437494738 -95.10565162951535 26
    endloop
  endfacet
  facet normal 0 0 -1
    outer loop
      vertex -30.901699437494738 -95.10565162951535 26
      vertex -25.881904510252074 96.59258262890683 26
      vertex -25.881904510252074 -96.59258262890683 26
    endloop
  endfacet
  facet normal 0 0 1
    outer loop
      vertex -45.39904997395468 -89.10065241883679 32
      vertex -50 86.60254037844386 32
      vertex -50 -86.60254037844386 32
    endloop
  endfacet
  facet normal 0 0 1
    outer loop
      vertex -45.39904997395468 -89.10065241883679 32
      vertex -40.67366430758002 -91.35454576426008 32
      vertex -45.39904997395468 89.10065241883679 32
    endloop
  endfacet
  facet normal 0 0 1
    outer loop
      vertex -40.67366430758002 -91.35454576426008 32
      vertex -35.83679495453003 -93.35804264972018 32
      vertex -40.67366430758002 91.35454576426008 32
    endloop
  endfacet
  facet normal 0 0 1
    outer loop
      vertex -35.83679495453003 -93.35804264972018 32
      vertex -30.901699437494738 -95.10565162951535 32
      vertex -35.83679495453003 93.35804264972018 32
    endloop
  endfacet
  facet normal 0 0 1
    outer loop
      vertex -30.901699437494738 -95.10565162951535 32
      vertex -25.881904510252074 -96.59258262890683 32
      vertex -30.901699437494738 95.10565162951535 32
    endloop
  endfacet
  facet normal 0 0 -1
    outer loop
      vertex -25.881904510252074 -96.59258262890683 26
      vertex -20.791169081775934 97.81476007338057 26
      vertex -20.791169081775934 -97.81476007338057 26
    endloop
  endfacet
  facet normal 0 0 -1
    outer loop
      vertex -20.791169081775934 -97.81476007338057 26
      vertex -15.643446504023087 98.76883405951378 26
      vertex -15.643446504023087 -98.76883405951378 26
    endloop
  endfacet
  facet normal 0 0 -1
    outer loop
      vertex -10.452846326765346 -99.45218953682733 26
      vertex -6.3639610306789285 -6.3639610306789285 26
      vertex -6.022175457229724 -6.688303429296548 26
    endloop
  endfacet
  facet normal 0 0 -1
    outer loop
      vertex -10.452846326765346 -99.45218953682733 26
      vertex -5.663883519448537 -6.994313653112738 26
      vertex -5.2900672706322585 -7.281152949374527 26
    endloop
  endfacet
  facet normal 0 0 -1
    outer loop
      vertex -10.452846326765346 -99.45218953682733 26
      vertex -6.022175457229724 -6.688303429296548 26
      vertex -5.663883519448537 -6.994313653112738 26
    endloop
  endfacet
  facet normal 0 0 -1
    outer loop
      vertex -10.452846326765346 -99.45218953682733 26
      vertex -5.2900672706322585 -7.281152949374527 26
      vertex -4.901751315135244 -7.548035111508817 26
    endloop
  endfacet
  facet normal 0 0 -1
    outer loop
      vertex -5.2335956242943835 -99.86295347545739 26
      vertex -4.901751315135244 -7.548035111508817 26
      vertex -4.5 -7.794228634059947 26
    endloop
  endfacet
  facet normal 0 0 -1
    outer loop
      vertex -5.2335956242943835 -99.86295347545739 26
      vertex -2.3293714059226867 -8.693332436601615 26
      vertex -1.8712052173598341 -8.803328406604251 26
    endloop
  endfacet
  facet normal 0 0 -1
    outer loop
      vertex -5.2335956242943835 -99.86295347545739 26
      vertex -4.085914497655922 -8.01905871769531 26
      vertex -3.660629787682202 -8.221909118783408 26
    endloop
  endfacet
  facet normal 0 0 -1
    outer loop
      vertex -5.2335956242943835 -99.86295347545739 26
      vertex -4.5 -7.794228634059947 26
      vertex -4.085914497655922 -8.01905871769531 26
    endloop
  endfacet
  facet normal 0 0 -1
    outer loop
      vertex -5.2335956242943835 -99.86295347545739 26
      vertex -3.660629787682202 -8.221909118783408 26
      vertex -3.2253115459077026 -8.402223838474816 26
    endloop
  endfacet
  facet normal 0 0 -1
    outer loop
      vertex -5.2335956242943835 -99.86295347545739 26
      vertex -3.2253115459077026 -8.402223838474816 26
      vertex -2.7811529493745266 -8.559508646656381 26
    endloop
  endfacet
  facet normal 0 0 -1
    outer loop
      vertex -5.2335956242943835 -99.86295347545739 26
      vertex -2.7811529493745266 -8.559508646656381 26
      vertex -2.3293714059226867 -8.693332436601615 26
    endloop
  endfacet
  facet normal 0 0 -1
    outer loop
      vertex -5.2335956242943835 -99.86295347545739 26
      vertex -1.8712052173598341 -8.803328406604251 26
      vertex -1.407910185362078 -8.88919506535624 26
    endloop
  endfacet
  facet normal 0 0 -1
    outer loop
      vertex -5.2335956242943835 -99.86295347545739 26
      vertex -1.407910185362078 -8.88919506535624 26
      vertex -0.9407561694088813 -8.950697058314459 26
    endloop
  endfacet
  facet normal 0 0 -1
    outer loop
      vertex -5.2335956242943835 -99.86295347545739 26
      vertex -0.9407561694088813 -8.950697058314459 26
      vertex -0.4710236061864945 -8.987665812791164 26
    endloop
  endfacet
  facet normal 0 0 -1
    outer loop
      vertex -5.2335956242943835 -99.86295347545739 26
      vertex -0.4710236061864945 -8.987665812791164 26
      vertex 0 -9 26
    endloop
  endfacet
  facet normal 0 0 -1
    outer loop
      vertex -15.643446504023087 -98.76883405951378 26
      vertex -10.452846326765346 99.45218953682733 26
      vertex -10.452846326765346 -99.45218953682733 26
    endloop
  endfacet
  facet normal 0 0 -1
    outer loop
      vertex -10.452846326765346 -99.45218953682733 26
      vertex -8.88919506535624 -1.407910185362078 26
      vertex -8.803328406604251 -1.8712052173598341 26
    endloop
  endfacet
  facet normal 0 0 -1
    outer loop
      vertex -10.452846326765346 -99.45218953682733 26
      vertex -8.950697058314459 -0.9407561694088813 26
      vertex -8.88919506535624 -1.407910185362078 26
    endloop
  endfacet
  facet normal 0 0 -1
    outer loop
      vertex -10.452846326765346 -99.45218953682733 26
      vertex -8.987665812791164 -0.4710236061864945 26
      vertex -8.950697058314459 -0.9407561694088813 26
    endloop
  endfacet
  facet normal 0 0 -1
    outer loop
      vertex -10.452846326765346 -99.45218953682733 26
      vertex -9 0 26
      vertex -8.987665812791164 -0.4710236061864945 26
    endloop
  endfacet
  facet normal 0 0 -1
    outer loop
      vertex -10.452846326765346 -99.45218953682733 26
      vertex -7.794228634059947 -4.5 26
      vertex -7.548035111508817 -4.901751315135244 26
    endloop
  endfacet
  facet normal 0 0 -1
    outer loop
      vertex -10.452846326765346 -99.45218953682733 26
      vertex -8.01905871769531 -4.085914497655922 26
      vertex -7.794228634059947 -4.5 26
    endloop
  endfacet
  facet normal 0 0 -1
    outer loop
      vertex -10.452846326765346 -99.45218953682733 26
      vertex -7.281152949374527 -5.2900672706322585 26
      vertex -6.994313653112738 -5.663883519448537 26
    endloop
  endfacet
  facet normal 0 0 -1
    outer loop
      vertex -10.452846326765346 -99.45218953682733 26
      vertex -6.688303429296548 -6.022175457229724 26
      vertex -6.3639610306789285 -6.3639610306789285 26
    endloop
  endfacet
  facet normal 0 0 -1
    outer loop
      vertex -10.452846326765346 -99.45218953682733 26
      vertex -6.994313653112738 -5.663883519448537 26
      vertex -6.688303429296548 -6.022175457229724 26
    endloop
  endfacet
  facet normal 0 0 -1
    outer loop
      vertex -10.452846326765346 -99.45218953682733 26
      vertex -7.548035111508817 -4.901751315135244 26
      vertex -7.281152949374527 -5.2900672706322585 26
    endloop
  endfacet
  facet normal 0 0 -1
    outer loop
      vertex -10.452846326765346 -99.45218953682733 26
      vertex -8.402223838474816 -3.2253115459077026 26
      vertex -8.221909118783408 -3.660629787682202 26
    endloop
  endfacet
  facet normal 0 0 -1
    outer loop
      vertex -10.452846326765346 -99.45218953682733 26
      vertex -8.221909118783408 -3.660629787682202 26
      vertex -8.01905871769531 -4.085914497655922 26
    endloop
  endfacet
  facet normal 0 0 -1
    outer loop
      vertex -10.452846326765346 -99.45218953682733 26
      vertex -8.693332436601615 -2.3293714059226867 26
      vertex -8.559508646656381 -2.7811529493745266 26
    endloop
  endfacet
  facet normal 0 0 -1
    outer loop
      vertex -10.452846326765346 -99.45218953682733 26
      vertex -8.559508646656381 -2.7811529493745266 26
      vertex -8.402223838474816 -3.2253115459077026 26
    endloop
  endfacet
  facet normal 0 0 -1
    outer loop
      vertex -10.452846326765346 -99.45218953682733 26
      vertex -8.803328406604251 -1.8712052173598341 26
      vertex -8.693332436601615 -2.3293714059226867 26
    endloop
  endfacet
  facet normal 0 0 1
    outer loop
      vertex -25.881904510252074 -96.59258262890683 32
      vertex -20.791169081775934 -97.81476007338057 32
      vertex -25.881904510252074 96.59258262890683 32
    endloop
  endfacet
  facet normal 0 0 1
    outer loop
      vertex -20.791169081775934 -97.81476007338057 32
      vertex -15.643446504023087 -98.76883405951378 32
      vertex -20.791169081775934 97.81476007338057 32
    endloop
  endfacet
  facet normal 0 0 1
    outer loop
      vertex -15.643446504023087 -98.76883405951378 32
      vertex -10.452846326765346 -99.45218953682733 32
      vertex -15.643446504023087 98.76883405951378 32
    endloop
  endfacet
  facet normal 0 0 1
    outer loop
      vertex -10.452846326765346 -99.45218953682733 32
      vertex -5.2335956242943835 -99.86295347545739 32
      vertex -10.452846326765346 99.45218953682733 32
    endloop
  endfacet
  facet normal 0 0 1
    outer loop
      vertex -5.2335956242943835 -99.86295347545739 32
      vertex 0 -100 32
      vertex -5.2335956242943835 99.86295347545739 32
    endloop
  endfacet
  facet normal 0 0 -1
    outer loop
      vertex -99.86295347545739 -5.2335956242943835 26
      vertex -100 0 26
      vertex -99.86295347545739 5.2335956242943835 26
    endloop
  endfacet
  facet normal 0 0 -1
    outer loop
      vertex -99.86295347545739 -5.2335956242943835 26
      vertex -99.86295347545739 5.2335956242943835 26
      vertex -99.45218953682733 10.452846326765346 26
    endloop
  endfacet
  facet normal 0 0 -1
    outer loop
      vertex -99.45218953682733 -10.452846326765346 26
      vertex -99.45218953682733 10.452846326765346 26
      vertex -98.76883405951378 15.643446504023087 26
    endloop
  endfacet
  facet normal 0 0 -1
    outer loop
      vertex -98.76883405951378 -15.643446504023087 26
      vertex -98.76883405951378 15.643446504023087 26
      vertex -97.81476007338057 20.791169081775934 26
    endloop
  endfacet
  facet normal 0 0 -1
    outer loop
      vertex -97.81476007338057 -20.791169081775934 26
      vertex -97.81476007338057 20.791169081775934 26
      vertex -96.59258262890683 25.881904510252074 26
    endloop
  endfacet
  facet normal 0 0 -1
    outer loop
      vertex -96.59258262890683 -25.881904510252074 26
      vertex -96.59258262890683 25.881904510252074 26
      vertex -95.10565162951535 30.901699437494738 26
    endloop
  endfacet
  facet normal 0 0 -1
    outer loop
      vertex -95.10565162951535 -30.901699437494738 26
      vertex -95.10565162951535 30.901699437494738 26
      vertex -93.35804264972018 35.83679495453003 26
    endloop
  endfacet
  facet normal -0.9996573249755573 0.026176948307872993 -8.023306130217548e-19
    outer loop
      vertex -100 0 26
      vertex -99.86295347545739 5.2335956242943835 32
      vertex -99.86295347545739 5.2335956242943835 26
    endloop
  endfacet
  facet normal -0.996917333733128 0.07845909572784517 -6.7999819514731355e-18
    outer loop
      vertex -99.86295347545739 5.2335956242943835 26
      vertex -99.45218953682733 10.452846326765346 32
      vertex -99.45218953682733 10.452846326765346 26
    endloop
  endfacet
  facet normal 0 0 -1
    outer loop
      vertex -93.35804264972018 -35.83679495453003 26
      vertex -93.35804264972018 35.83679495453003 26
      vertex -91.35454576426008 40.67366430758002 26
    endloop
  endfacet
  facet normal 0 0 -1
    outer loop
      vertex -91.35454576426008 -40.67366430758002 26
      vertex -91.35454576426008 40.67366430758002 26
      vertex -89.10065241883679 45.39904997395468 26
    endloop
  endfacet
  facet normal 0 0 -1
    outer loop
      vertex -89.10065241883679 -45.39904997395468 26
      vertex -89.10065241883679 45.39904997395468 26
      vertex -86.60254037844386 50 26
    endloop
  endfacet
  facet normal -0.9914448613738106 0.13052619222005035 -5.518437010841923e-18
    outer loop
      vertex -99.45218953682733 10.452846326765346 26
      vertex -98.76883405951378 15.643446504023087 32
      vertex -98.76883405951378 15.643446504023087 26
    endloop
  endfacet
  facet normal -0.9832549075639546 0.1822355254921477 -1.161687823165292e-18
    outer loop
      vertex -98.76883405951378 15.643446504023087 26
      vertex -97.81476007338057 20.791169081775934 32
      vertex -97.81476007338057 20.791169081775934 26
    endloop
  endfacet
  facet normal -0.9723699203976762 0.233445363855907 -1.0831187617808337e-17
    outer loop
      vertex -97.81476007338057 20.791169081775934 26
      vertex -96.59258262890683 25.881904510252074 32
      vertex -96.59258262890683 25.881904510252074 26
    endloop
  endfacet
  facet normal 0 0 -1
    outer loop
      vertex -86.60254037844386 -50 26
      vertex -86.60254037844386 50 26
      vertex -83.8670567945424 54.463903501502706 26
    endloop
  endfacet
  facet normal 0 0 -1
    outer loop
      vertex -83.8670567945424 -54.463903501502706 26
      vertex -83.8670567945424 54.463903501502706 26
      vertex -80.90169943749474 58.778525229247315 26
    endloop
  endfacet
  facet normal 0 0 -1
    outer loop
      vertex -80.90169943749474 -58.778525229247315 26
      vertex -80.90169943749474 58.778525229247315 26
      vertex -77.71459614569709 62.93203910498374 26
    endloop
  endfacet
  facet normal 0 0 -1
    outer loop
      vertex -77.71459614569709 -62.93203910498374 26
      vertex -77.71459614569709 62.93203910498374 26
      vertex -74.31448254773943 66.91306063588583 26
    endloop
  endfacet
  facet normal -0.9996573249755573 0.026176948307872993 0
    outer loop
      vertex -100 0 26
      vertex -100 0 32
      vertex -99.86295347545739 5.2335956242943835 32
    endloop
  endfacet
  facet normal -0.996917333733128 0.07845909572784517 0
    outer loop
      vertex -99.86295347545739 5.2335956242943835 26
      vertex -99.86295347545739 5.2335956242943835 32
      vertex -99.45218953682733 10.452846326765346 32
    endloop
  endfacet
  facet normal -0.9914448613738106 0.13052619222005035 0
    outer loop
      vertex -99.45218953682733 10.452846326765346 26
      vertex -99.45218953682733 10.452846326765346 32
      vertex -98.76883405951378 15.643446504023087 32
    endloop
  endfacet
  facet normal 0 0 1
    outer loop
      vertex -99.86295347545739 -5.2335956242943835 32
      vertex -99.86295347545739 5.2335956242943835 32
      vertex -100 0 32
    endloop
  endfacet
  facet normal 0 0 1
    outer loop
      vertex -99.45218953682733 -10.452846326765346 32
      vertex -99.45218953682733 10.452846326765346 32
      vertex -99.86295347545739 5.2335956242943835 32
    endloop
  endfacet
  facet normal 0 0 1
    outer loop
      vertex -98.76883405951378 -15.643446504023087 32
      vertex -98.76883405951378 15.643446504023087 32
      vertex -99.45218953682733 10.452846326765346 32
    endloop
  endfacet
  facet normal 0 0 1
    outer loop
      vertex -97.81476007338057 -20.791169081775934 32
      vertex -97.81476007338057 20.791169081775934 32
      vertex -98.76883405951378 15.643446504023087 32
    endloop
  endfacet
  facet normal 0 0 1
    outer loop
      vertex -96.59258262890683 -25.881904510252074 32
      vertex -96.59258262890683 25.881904510252074 32
      vertex -97.81476007338057 20.791169081775934 32
    endloop
  endfacet
  facet normal 0 0 1
    outer loop
      vertex -95.10565162951535 -30.901699437494738 32
      vertex -95.10565162951535 30.901699437494738 32
      vertex -96.59258262890683 25.881904510252074 32
    endloop
  endfacet
  facet normal 0 0 1
    outer loop
      vertex -93.35804264972018 -35.83679495453003 32
      vertex -93.35804264972018 35.83679495453003 32
      vertex -95.10565162951535 30.901699437494738 32
    endloop
  endfacet
  facet normal 0 0 1
    outer loop
      vertex -91.35454576426008 -40.67366430758002 32
      vertex -91.35454576426008 40.67366430758002 32
      vertex -93.35804264972018 35.83679495453003 32
    endloop
  endfacet
  facet normal -0.9832549075639546 0.1822355254921477 0
    outer loop
      vertex -98.76883405951378 15.643446504023087 26
      vertex -98.76883405951378 15.643446504023087 32
      vertex -97.81476007338057 20.791169081775934 32
    endloop
  endfacet
  facet normal -0.9723699203976762 0.233445363855907 0
    outer loop
      vertex -97.81476007338057 20.791169081775934 26
      vertex -97.81476007338057 20.791169081775934 32
      vertex -96.59258262890683 25.881904510252074 32
    endloop
  endfacet
  facet normal 0 0 1
    outer loop
      vertex -89.10065241883679 -45.39904997395468 32
      vertex -89.10065241883679 45.39904997395468 32
      vertex -91.35454576426008 40.67366430758002 32
    endloop
  endfacet
  facet normal 0 0 1
    outer loop
      vertex -86.60254037844386 -50 32
      vertex -86.60254037844386 50 32
      vertex -89.10065241883679 45.39904997395468 32
    endloop
  endfacet
  facet normal 0 0 1
    outer loop
      vertex -83.8670567945424 -54.463903501502706 32
      vertex -83.8670567945424 54.463903501502706 32
      vertex -86.60254037844386 50 32
    endloop
  endfacet
  facet normal 0 0 1
    outer loop
      vertex -80.90169943749474 -58.778525229247315 32
      vertex -80.90169943749474 58.778525229247315 32
      vertex -83.8670567945424 54.463903501502706 32
    endloop
  endfacet
  facet normal 0 0 1
    outer loop
      vertex -77.71459614569709 -62.93203910498374 32
      vertex -77.71459614569709 62.93203910498374 32
      vertex -80.90169943749474 58.778525229247315 32
    endloop
  endfacet
  facet normal 0 0 1
    outer loop
      vertex -74.31448254773943 -66.91306063588583 32
      vertex -74.31448254773943 66.91306063588583 32
      vertex -77.71459614569709 62.93203910498374 32
    endloop
  endfacet
  facet normal -0.9588197348681928 0.2840153447039234 -9.681865087328056e-18
    outer loop
      vertex -96.59258262890683 25.881904510252074 26
      vertex -95.10565162951535 30.901699437494738 32
      vertex -95.10565162951535 30.901699437494738 26
    endloop
  endfacet
  facet normal -0.942641491092179 0.3338068592337693 1.886948968724389e-17
    outer loop
      vertex -95.10565162951535 30.901699437494738 26
      vertex -93.35804264972018 35.83679495453003 32
      vertex -93.35804264972018 35.83679495453003 26
    endloop
  endfacet
  facet normal -0.9238795325112861 0.3826834323650915 1.76272765309697e-17
    outer loop
      vertex -93.35804264972018 35.83679495453003 26
      vertex -91.35454576426008 40.67366430758002 32
      vertex -91.35454576426008 40.67366430758002 26
    endloop
  endfacet
  facet normal -0.9025852843498615 0.4305110968082932 -2.6960033322110124e-17
    outer loop
      vertex -91.35454576426008 40.67366430758002 26
      vertex -89.10065241883679 45.39904997395468 32
      vertex -89.10065241883679 45.39904997395468 26
    endloop
  endfacet
  facet normal -0.8788171126619649 0.4771587602596092 -1.595127871172929e-17
    outer loop
      vertex -89.10065241883679 45.39904997395468 26
      vertex -86.60254037844386 50 32
      vertex -86.60254037844386 50 26
    endloop
  endfacet
  facet normal -0.9588197348681928 0.2840153447039234 0
    outer loop
      vertex -96.59258262890683 25.881904510252074 26
      vertex -96.59258262890683 25.881904510252074 32
      vertex -95.10565162951535 30.901699437494738 32
    endloop
  endfacet
  facet normal -0.942641491092179 0.3338068592337693 0
    outer loop
      vertex -95.10565162951535 30.901699437494738 26
      vertex -95.10565162951535 30.901699437494738 32
      vertex -93.35804264972018 35.83679495453003 32
    endloop
  endfacet
  facet normal -0.9238795325112861 0.3826834323650915 0
    outer loop
      vertex -93.35804264972018 35.83679495453003 26
      vertex -93.35804264972018 35.83679495453003 32
      vertex -91.35454576426008 40.67366430758002 32
    endloop
  endfacet
  facet normal -0.9025852843498615 0.4305110968082932 0
    outer loop
      vertex -91.35454576426008 40.67366430758002 26
      vertex -91.35454576426008 40.67366430758002 32
      vertex -89.10065241883679 45.39904997395468 32
    endloop
  endfacet
  facet normal -0.8788171126619649 0.4771587602596092 0
    outer loop
      vertex -89.10065241883679 45.39904997395468 26
      vertex -89.10065241883679 45.39904997395468 32
      vertex -86.60254037844386 50 32
    endloop
  endfacet
  facet normal 0 0 -1
    outer loop
      vertex -74.31448254773943 -66.91306063588583 26
      vertex -74.31448254773943 66.91306063588583 26
      vertex -70.71067811865476 70.71067811865476 26
    endloop
  endfacet
  facet normal 0 0 -1
    outer loop
      vertex -70.71067811865476 -70.71067811865476 26
      vertex -70.71067811865476 70.71067811865476 26
      vertex -66.91306063588583 74.31448254773943 26
    endloop
  endfacet
  facet normal 0 0 1
    outer loop
      vertex -70.71067811865476 -70.71067811865476 32
      vertex -70.71067811865476 70.71067811865476 32
      vertex -74.31448254773943 66.91306063588583 32
    endloop
  endfacet
  facet normal 0 0 1
    outer loop
      vertex -66.91306063588583 -74.31448254773943 32
      vertex -66.91306063588583 74.31448254773943 32
      vertex -70.71067811865476 70.71067811865476 32
    endloop
  endfacet
  facet normal 0 0 1
    outer loop
      vertex -62.93203910498374 -77.71459614569709 32
      vertex -62.93203910498374 77.71459614569709 32
      vertex -66.91306063588583 74.31448254773943 32
    endloop
  endfacet
  facet normal 0 0 -1
    outer loop
      vertex -66.91306063588583 -74.31448254773943 26
      vertex -66.91306063588583 74.31448254773943 26
      vertex -62.93203910498374 77.71459614569709 26
    endloop
  endfacet
  facet normal 0 0 -1
    outer loop
      vertex -62.93203910498374 -77.71459614569709 26
      vertex -62.93203910498374 77.71459614569709 26
      vertex -58.778525229247315 80.90169943749474 26
    endloop
  endfacet
  facet normal 0 0 -1
    outer loop
      vertex -58.778525229247315 -80.90169943749474 26
      vertex -58.778525229247315 80.90169943749474 26
      vertex -54.463903501502706 83.8670567945424 26
    endloop
  endfacet
  facet normal 0 0 -1
    outer loop
      vertex -54.463903501502706 -83.8670567945424 26
      vertex -54.463903501502706 83.8670567945424 26
      vertex -50 86.60254037844386 26
    endloop
  endfacet
  facet normal 0 0 1
    outer loop
      vertex -58.778525229247315 -80.90169943749474 32
      vertex -58.778525229247315 80.90169943749474 32
      vertex -62.93203910498374 77.71459614569709 32
    endloop
  endfacet
  facet normal 0 0 1
    outer loop
      vertex -54.463903501502706 -83.8670567945424 32
      vertex -54.463903501502706 83.8670567945424 32
      vertex -58.778525229247315 80.90169943749474 32
    endloop
  endfacet
  facet normal 0 0 1
    outer loop
      vertex -50 -86.60254037844386 32
      vertex -50 86.60254037844386 32
      vertex -54.463903501502706 83.8670567945424 32
    endloop
  endfacet
  facet normal -0.8526401643540926 0.5224985647159481 2.8485798461645324e-18
    outer loop
      vertex -86.60254037844386 50 26
      vertex -83.8670567945424 54.463903501502706 32
      vertex -83.8670567945424 54.463903501502706 26
    endloop
  endfacet
  facet normal -0.8241261886220155 0.566406236924833 -1.6930228199515432e-17
    outer loop
      vertex -83.8670567945424 54.463903501502706 26
      vertex -80.90169943749474 58.778525229247315 32
      vertex -80.90169943749474 58.778525229247315 26
    endloop
  endfacet
  facet normal -0.7933533402912344 0.6087614290087217 2.1866505510289652e-17
    outer loop
      vertex -80.90169943749474 58.778525229247315 26
      vertex -77.71459614569709 62.93203910498374 32
      vertex -77.71459614569709 62.93203910498374 26
    endloop
  endfacet
  facet normal -0.7604059656000329 0.6494480483301813 -2.365576539955069e-17
    outer loop
      vertex -77.71459614569709 62.93203910498374 26
      vertex -74.31448254773943 66.91306063588583 32
      vertex -74.31448254773943 66.91306063588583 26
    endloop
  endfacet
  facet normal -0.8526401643540926 0.5224985647159481 0
    outer loop
      vertex -86.60254037844386 50 26
      vertex -86.60254037844386 50 32
      vertex -83.8670567945424 54.463903501502706 32
    endloop
  endfacet
  facet normal -0.8241261886220155 0.566406236924833 0
    outer loop
      vertex -83.8670567945424 54.463903501502706 26
      vertex -83.8670567945424 54.463903501502706 32
      vertex -80.90169943749474 58.778525229247315 32
    endloop
  endfacet
  facet normal -0.7933533402912344 0.6087614290087217 0
    outer loop
      vertex -80.90169943749474 58.778525229247315 26
      vertex -80.90169943749474 58.778525229247315 32
      vertex -77.71459614569709 62.93203910498374 32
    endloop
  endfacet
  facet normal -0.7604059656000329 0.6494480483301813 0
    outer loop
      vertex -77.71459614569709 62.93203910498374 26
      vertex -77.71459614569709 62.93203910498374 32
      vertex -74.31448254773943 66.91306063588583 32
    endloop
  endfacet
  facet normal -0.725374371012287 0.6883545756937548 -1.4288611146440264e-17
    outer loop
      vertex -74.31448254773943 66.91306063588583 26
      vertex -70.71067811865476 70.71067811865476 32
      vertex -70.71067811865476 70.71067811865476 26
    endloop
  endfacet
  facet normal -0.6883545756937548 0.725374371012287 0
    outer loop
      vertex -70.71067811865476 70.71067811865476 26
      vertex -70.71067811865476 70.71067811865476 32
      vertex -66.91306063588583 74.31448254773943 26
    endloop
  endfacet
  facet normal -0.725374371012287 0.6883545756937548 0
    outer loop
      vertex -74.31448254773943 66.91306063588583 26
      vertex -74.31448254773943 66.91306063588583 32
      vertex -70.71067811865476 70.71067811865476 32
    endloop
  endfacet
  facet normal -0.6883545756937548 0.725374371012287 0
    outer loop
      vertex -66.91306063588583 74.31448254773943 26
      vertex -70.71067811865476 70.71067811865476 32
      vertex -66.91306063588583 74.31448254773943 32
    endloop
  endfacet
  facet normal -0.6494480483301813 0.7604059656000329 0
    outer loop
      vertex -66.91306063588583 74.31448254773943 26
      vertex -66.91306063588583 74.31448254773943 32
      vertex -62.93203910498374 77.71459614569709 26
    endloop
  endfacet
  facet normal -0.6087614290087217 0.7933533402912344 0
    outer loop
      vertex -62.93203910498374 77.71459614569709 26
      vertex -62.93203910498374 77.71459614569709 32
      vertex -58.778525229247315 80.90169943749474 26
    endloop
  endfacet
  facet normal -0.566406236924833 0.8241261886220155 0
    outer loop
      vertex -58.778525229247315 80.90169943749474 26
      vertex -58.778525229247315 80.90169943749474 32
      vertex -54.463903501502706 83.8670567945424 26
    endloop
  endfacet
  facet normal -0.5224985647159481 0.8526401643540926 0
    outer loop
      vertex -54.463903501502706 83.8670567945424 26
      vertex -54.463903501502706 83.8670567945424 32
      vertex -50 86.60254037844386 26
    endloop
  endfacet
  facet normal -0.6494480483301813 0.7604059656000329 -2.365576539955069e-17
    outer loop
      vertex -66.91306063588583 74.31448254773943 32
      vertex -62.93203910498374 77.71459614569709 32
      vertex -62.93203910498374 77.71459614569709 26
    endloop
  endfacet
  facet normal -0.6087614290087217 0.7933533402912344 0
    outer loop
      vertex -58.778525229247315 80.90169943749474 26
      vertex -62.93203910498374 77.71459614569709 32
      vertex -58.778525229247315 80.90169943749474 32
    endloop
  endfacet
  facet normal -0.566406236924833 0.8241261886220155 0
    outer loop
      vertex -54.463903501502706 83.8670567945424 26
      vertex -58.778525229247315 80.90169943749474 32
      vertex -54.463903501502706 83.8670567945424 32
    endloop
  endfacet
  facet normal -0.5224985647159481 0.8526401643540926 2.8485798461645324e-18
    outer loop
      vertex -54.463903501502706 83.8670567945424 32
      vertex -50 86.60254037844386 32
      vertex -50 86.60254037844386 26
    endloop
  endfacet
  facet normal 0 0 -1
    outer loop
      vertex -50 -86.60254037844386 26
      vertex -50 86.60254037844386 26
      vertex -45.39904997395468 89.10065241883679 26
    endloop
  endfacet
  facet normal 0 0 -1
    outer loop
      vertex -45.39904997395468 -89.10065241883679 26
      vertex -45.39904997395468 89.10065241883679 26
      vertex -40.67366430758002 91.35454576426008 26
    endloop
  endfacet
  facet normal 0 0 -1
    outer loop
      vertex -40.67366430758002 -91.35454576426008 26
      vertex -40.67366430758002 91.35454576426008 26
      vertex -35.83679495453003 93.35804264972018 26
    endloop
  endfacet
  facet normal 0 0 -1
    outer loop
      vertex -35.83679495453003 -93.35804264972018 26
      vertex -35.83679495453003 93.35804264972018 26
      vertex -30.901699437494738 95.10565162951535 26
    endloop
  endfacet
  facet normal 0 0 -1
    outer loop
      vertex -30.901699437494738 -95.10565162951535 26
      vertex -30.901699437494738 95.10565162951535 26
      vertex -25.881904510252074 96.59258262890683 26
    endloop
  endfacet
  facet normal 0 0 1
    outer loop
      vertex -45.39904997395468 -89.10065241883679 32
      vertex -45.39904997395468 89.10065241883679 32
      vertex -50 86.60254037844386 32
    endloop
  endfacet
  facet normal 0 0 1
    outer loop
      vertex -40.67366430758002 -91.35454576426008 32
      vertex -40.67366430758002 91.35454576426008 32
      vertex -45.39904997395468 89.10065241883679 32
    endloop
  endfacet
  facet normal 0 0 1
    outer loop
      vertex -35.83679495453003 -93.35804264972018 32
      vertex -35.83679495453003 93.35804264972018 32
      vertex -40.67366430758002 91.35454576426008 32
    endloop
  endfacet
  facet normal 0 0 1
    outer loop
      vertex -30.901699437494738 -95.10565162951535 32
      vertex -30.901699437494738 95.10565162951535 32
      vertex -35.83679495453003 93.35804264972018 32
    endloop
  endfacet
  facet normal 0 0 1
    outer loop
      vertex -25.881904510252074 -96.59258262890683 32
      vertex -25.881904510252074 96.59258262890683 32
      vertex -30.901699437494738 95.10565162951535 32
    endloop
  endfacet
  facet normal 0 0 -1
    outer loop
      vertex -10.452846326765346 -99.45218953682733 26
      vertex -10.452846326765346 99.45218953682733 26
      vertex -9 0 26
    endloop
  endfacet
  facet normal 0 0 -1
    outer loop
      vertex -25.881904510252074 -96.59258262890683 26
      vertex -25.881904510252074 96.59258262890683 26
      vertex -20.791169081775934 97.81476007338057 26
    endloop
  endfacet
  facet normal 0 0 -1
    outer loop
      vertex -20.791169081775934 -97.81476007338057 26
      vertex -20.791169081775934 97.81476007338057 26
      vertex -15.643446504023087 98.76883405951378 26
    endloop
  endfacet
  facet normal 0 0 -1
    outer loop
      vertex -15.643446504023087 -98.76883405951378 26
      vertex -15.643446504023087 98.76883405951378 26
      vertex -10.452846326765346 99.45218953682733 26
    endloop
  endfacet
  facet normal 0 0 -1
    outer loop
      vertex -9 0 26
      vertex -10.452846326765346 99.45218953682733 26
      vertex -8.987665812791164 0.4710236061864945 26
    endloop
  endfacet
  facet normal 0 0 -1
    outer loop
      vertex -8.987665812791164 0.4710236061864945 26
      vertex -10.452846326765346 99.45218953682733 26
      vertex -8.950697058314459 0.9407561694088813 26
    endloop
  endfacet
  facet normal 0 0 -1
    outer loop
      vertex -8.950697058314459 0.9407561694088813 26
      vertex -10.452846326765346 99.45218953682733 26
      vertex -8.88919506535624 1.407910185362078 26
    endloop
  endfacet
  facet normal 0 0 -1
    outer loop
      vertex -8.88919506535624 1.407910185362078 26
      vertex -10.452846326765346 99.45218953682733 26
      vertex -8.803328406604251 1.8712052173598341 26
    endloop
  endfacet
  facet normal 0 0 -1
    outer loop
      vertex -8.803328406604251 1.8712052173598341 26
      vertex -10.452846326765346 99.45218953682733 26
      vertex -8.693332436601615 2.3293714059226867 26
    endloop
  endfacet
  facet normal 0 0 -1
    outer loop
      vertex -8.693332436601615 2.3293714059226867 26
      vertex -10.452846326765346 99.45218953682733 26
      vertex -8.559508646656381 2.7811529493745266 26
    endloop
  endfacet
  facet normal 0 0 -1
    outer loop
      vertex -8.559508646656381 2.7811529493745266 26
      vertex -10.452846326765346 99.45218953682733 26
      vertex -8.402223838474816 3.2253115459077026 26
    endloop
  endfacet
  facet normal 0 0 -1
    outer loop
      vertex -8.402223838474816 3.2253115459077026 26
      vertex -10.452846326765346 99.45218953682733 26
      vertex -8.221909118783408 3.660629787682202 26
    endloop
  endfacet
  facet normal 0 0 -1
    outer loop
      vertex -8.221909118783408 3.660629787682202 26
      vertex -10.452846326765346 99.45218953682733 26
      vertex -8.01905871769531 4.085914497655922 26
    endloop
  endfacet
  facet normal 0 0 -1
    outer loop
      vertex -8.01905871769531 4.085914497655922 26
      vertex -10.452846326765346 99.45218953682733 26
      vertex -7.794228634059947 4.5 26
    endloop
  endfacet
  facet normal 0 0 -1
    outer loop
      vertex -7.794228634059947 4.5 26
      vertex -5.2335956242943835 99.86295347545739 26
      vertex -7.548035111508817 4.901751315135244 26
    endloop
  endfacet
  facet normal 0 0 -1
    outer loop
      vertex -7.548035111508817 4.901751315135244 26
      vertex -5.2335956242943835 99.86295347545739 26
      vertex -7.281152949374527 5.2900672706322585 26
    endloop
  endfacet
  facet normal 0 0 -1
    outer loop
      vertex -7.281152949374527 5.2900672706322585 26
      vertex -5.2335956242943835 99.86295347545739 26
      vertex -6.994313653112738 5.663883519448537 26
    endloop
  endfacet
  facet normal 0 0 -1
    outer loop
      vertex -6.994313653112738 5.663883519448537 26
      vertex -5.2335956242943835 99.86295347545739 26
      vertex -6.688303429296548 6.022175457229724 26
    endloop
  endfacet
  facet normal 0 0 -1
    outer loop
      vertex -6.688303429296548 6.022175457229724 26
      vertex -5.2335956242943835 99.86295347545739 26
      vertex -6.3639610306789285 6.3639610306789285 26
    endloop
  endfacet
  facet normal 0 0 -1
    outer loop
      vertex -6.3639610306789285 6.3639610306789285 26
      vertex -5.2335956242943835 99.86295347545739 26
      vertex -6.022175457229724 6.688303429296548 26
    endloop
  endfacet
  facet normal 0 0 -1
    outer loop
      vertex -6.022175457229724 6.688303429296548 26
      vertex -5.2335956242943835 99.86295347545739 26
      vertex -5.663883519448537 6.994313653112738 26
    endloop
  endfacet
  facet normal 0 0 -1
    outer loop
      vertex -5.663883519448537 6.994313653112738 26
      vertex -5.2335956242943835 99.86295347545739 26
      vertex -5.2900672706322585 7.281152949374527 26
    endloop
  endfacet
  facet normal 0 0 -1
    outer loop
      vertex -5.2900672706322585 7.281152949374527 26
      vertex -5.2335956242943835 99.86295347545739 26
      vertex -4.901751315135244 7.548035111508817 26
    endloop
  endfacet
  facet normal 0 0 -1
    outer loop
      vertex -4.901751315135244 7.548035111508817 26
      vertex -5.2335956242943835 99.86295347545739 26
      vertex -4.5 7.794228634059947 26
    endloop
  endfacet
  facet normal 0 0 -1
    outer loop
      vertex -4.5 7.794228634059947 26
      vertex -5.2335956242943835 99.86295347545739 26
      vertex -4.085914497655922 8.01905871769531 26
    endloop
  endfacet
  facet normal 0 0 -1
    outer loop
      vertex -4.085914497655922 8.01905871769531 26
      vertex -5.2335956242943835 99.86295347545739 26
      vertex -3.660629787682202 8.221909118783408 26
    endloop
  endfacet
  facet normal 0 0 -1
    outer loop
      vertex -3.660629787682202 8.221909118783408 26
      vertex -5.2335956242943835 99.86295347545739 26
      vertex -3.2253115459077026 8.402223838474816 26
    endloop
  endfacet
  facet normal 0 0 -1
    outer loop
      vertex -3.2253115459077026 8.402223838474816 26
      vertex -5.2335956242943835 99.86295347545739 26
      vertex -2.7811529493745266 8.559508646656381 26
    endloop
  endfacet
  facet normal 0 0 -1
    outer loop
      vertex -2.7811529493745266 8.559508646656381 26
      vertex 0 100 26
      vertex -2.3293714059226867 8.693332436601615 26
    endloop
  endfacet
  facet normal 0 0 -1
    outer loop
      vertex -2.3293714059226867 8.693332436601615 26
      vertex 0 100 26
      vertex -1.8712052173598341 8.803328406604251 26
    endloop
  endfacet
  facet normal 0 0 -1
    outer loop
      vertex -1.8712052173598341 8.803328406604251 26
      vertex 0 100 26
      vertex -1.407910185362078 8.88919506535624 26
    endloop
  endfacet
  facet normal 0 0 -1
    outer loop
      vertex -1.407910185362078 8.88919506535624 26
      vertex 0 100 26
      vertex -0.9407561694088813 8.950697058314459 26
    endloop
  endfacet
  facet normal 0 0 -1
    outer loop
      vertex -0.9407561694088813 8.950697058314459 26
      vertex 0 100 26
      vertex -0.4710236061864945 8.987665812791164 26
    endloop
  endfacet
  facet normal 0 0 -1
    outer loop
      vertex -0.4710236061864945 8.987665812791164 26
      vertex 0 100 26
      vertex 0 9 26
    endloop
  endfacet
  facet normal 0 0 1
    outer loop
      vertex -20.791169081775934 -97.81476007338057 32
      vertex -20.791169081775934 97.81476007338057 32
      vertex -25.881904510252074 96.59258262890683 32
    endloop
  endfacet
  facet normal 0 0 1
    outer loop
      vertex -15.643446504023087 -98.76883405951378 32
      vertex -15.643446504023087 98.76883405951378 32
      vertex -20.791169081775934 97.81476007338057 32
    endloop
  endfacet
  facet normal 0 0 1
    outer loop
      vertex -10.452846326765346 -99.45218953682733 32
      vertex -10.452846326765346 99.45218953682733 32
      vertex -15.643446504023087 98.76883405951378 32
    endloop
  endfacet
  facet normal 0 0 1
    outer loop
      vertex -5.2335956242943835 -99.86295347545739 32
      vertex -5.2335956242943835 99.86295347545739 32
      vertex -10.452846326765346 99.45218953682733 32
    endloop
  endfacet
  facet normal 0 0 1
    outer loop
      vertex -5.2335956242943835 99.86295347545739 32
      vertex 0 -100 32
      vertex 0 100 32
    endloop
  endfacet
  facet normal -0.4771587602596092 0.8788171126619649 0
    outer loop
      vertex -50 86.60254037844386 26
      vertex -50 86.60254037844386 32
      vertex -45.39904997395468 89.10065241883679 26
    endloop
  endfacet
  facet normal -0.4305110968082932 0.9025852843498615 0
    outer loop
      vertex -45.39904997395468 89.10065241883679 26
      vertex -45.39904997395468 89.10065241883679 32
      vertex -40.67366430758002 91.35454576426008 26
    endloop
  endfacet
  facet normal -0.3826834323650915 0.9238795325112861 0
    outer loop
      vertex -40.67366430758002 91.35454576426008 26
      vertex -40.67366430758002 91.35454576426008 32
      vertex -35.83679495453003 93.35804264972018 26
    endloop
  endfacet
  facet normal -0.3338068592337693 0.942641491092179 0
    outer loop
      vertex -35.83679495453003 93.35804264972018 26
      vertex -35.83679495453003 93.35804264972018 32
      vertex -30.901699437494738 95.10565162951535 26
    endloop
  endfacet
  facet normal -0.2840153447039234 0.9588197348681928 0
    outer loop
      vertex -30.901699437494738 95.10565162951535 26
      vertex -30.901699437494738 95.10565162951535 32
      vertex -25.881904510252074 96.59258262890683 26
    endloop
  endfacet
  facet normal -0.4771587602596092 0.8788171126619649 0
    outer loop
      vertex -45.39904997395468 89.10065241883679 26
      vertex -50 86.60254037844386 32
      vertex -45.39904997395468 89.10065241883679 32
    endloop
  endfacet
  facet normal -0.4305110968082932 0.9025852843498615 0
    outer loop
      vertex -40.67366430758002 91.35454576426008 26
      vertex -45.39904997395468 89.10065241883679 32
      vertex -40.67366430758002 91.35454576426008 32
    endloop
  endfacet
  facet normal -0.3826834323650915 0.9238795325112861 0
    outer loop
      vertex -35.83679495453003 93.35804264972018 26
      vertex -40.67366430758002 91.35454576426008 32
      vertex -35.83679495453003 93.35804264972018 32
    endloop
  endfacet
  facet normal -0.3338068592337693 0.942641491092179 0
    outer loop
      vertex -30.901699437494738 95.10565162951535 26
      vertex -35.83679495453003 93.35804264972018 32
      vertex -30.901699437494738 95.10565162951535 32
    endloop
  endfacet
  facet normal -0.2840153447039234 0.9588197348681928 0
    outer loop
      vertex -25.881904510252074 96.59258262890683 26
      vertex -30.901699437494738 95.10565162951535 32
      vertex -25.881904510252074 96.59258262890683 32
    endloop
  endfacet
  facet normal 0 0 -1
    outer loop
      vertex -7.794228634059947 4.5 26
      vertex -10.452846326765346 99.45218953682733 26
      vertex -5.2335956242943835 99.86295347545739 26
    endloop
  endfacet
  facet normal 0 0 -1
    outer loop
      vertex -2.7811529493745266 8.559508646656381 26
      vertex -5.2335956242943835 99.86295347545739 26
      vertex 0 100 26
    endloop
  endfacet
  facet normal -0.233445363855907 0.9723699203976762 0
    outer loop
      vertex -25.881904510252074 96.59258262890683 26
      vertex -25.881904510252074 96.59258262890683 32
      vertex -20.791169081775934 97.81476007338057 26
    endloop
  endfacet
  facet normal -0.1822355254921477 0.9832549075639546 0
    outer loop
      vertex -20.791169081775934 97.81476007338057 26
      vertex -20.791169081775934 97.81476007338057 32
      vertex -15.643446504023087 98.76883405951378 26
    endloop
  endfacet
  facet normal -0.13052619222005035 0.9914448613738106 0
    outer loop
      vertex -15.643446504023087 98.76883405951378 26
      vertex -15.643446504023087 98.76883405951378 32
      vertex -10.452846326765346 99.45218953682733 26
    endloop
  endfacet
  facet normal -0.07845909572784517 0.996917333733128 0
    outer loop
      vertex -10.452846326765346 99.45218953682733 26
      vertex -10.452846326765346 99.45218953682733 32
      vertex -5.2335956242943835 99.86295347545739 26
    endloop
  endfacet
  facet normal -0.026176948307872993 0.9996573249755573 0
    outer loop
      vertex -5.2335956242943835 99.86295347545739 26
      vertex -5.2335956242943835 99.86295347545739 32
      vertex 0 100 26
    endloop
  endfacet
  facet normal -0.233445363855907 0.9723699203976762 -1.0831187617808337e-17
    outer loop
      vertex -25.881904510252074 96.59258262890683 32
      vertex -20.791169081775934 97.81476007338057 32
      vertex -20.791169081775934 97.81476007338057 26
    endloop
  endfacet
  facet normal -0.1822355254921477 0.9832549075639546 0
    outer loop
      vertex -15.643446504023087 98.76883405951378 26
      vertex -20.791169081775934 97.81476007338057 32
      vertex -15.643446504023087 98.76883405951378 32
    endloop
  endfacet
  facet normal -0.13052619222005035 0.9914448613738106 0
    outer loop
      vertex -10.452846326765346 99.45218953682733 26
      vertex -15.643446504023087 98.76883405951378 32
      vertex -10.452846326765346 99.45218953682733 32
    endloop
  endfacet
  facet normal -0.07845909572784517 0.996917333733128 0
    outer loop
      vertex -5.2335956242943835 99.86295347545739 26
      vertex -10.452846326765346 99.45218953682733 32
      vertex -5.2335956242943835 99.86295347545739 32
    endloop
  endfacet
  facet normal -0.026176948307872993 0.9996573249755573 -8.023306130217548e-19
    outer loop
      vertex -5.2335956242943835 99.86295347545739 32
      vertex 0 100 32
      vertex 0 100 26
    endloop
  endfacet
  facet normal 0.026176948307872993 -0.9996573249755573 -8.023306130217548e-19
    outer loop
      vertex 0 -100 26
      vertex 5.2335956242943835 -99.86295347545739 26
      vertex 5.2335956242943835 -99.86295347545739 32
    endloop
  endfacet
  facet normal 0.07845909572784517 -0.996917333733128 -6.7999819514731355e-18
    outer loop
      vertex 5.2335956242943835 -99.86295347545739 26
      vertex 10.452846326765346 -99.45218953682733 26
      vertex 10.452846326765346 -99.45218953682733 32
    endloop
  endfacet
  facet normal 0.13052619222005035 -0.9914448613738106 -5.518437010841923e-18
    outer loop
      vertex 10.452846326765346 -99.45218953682733 26
      vertex 15.643446504023087 -98.76883405951378 26
      vertex 15.643446504023087 -98.76883405951378 32
    endloop
  endfacet
  facet normal 0.1822355254921477 -0.9832549075639546 -1.161687823165292e-18
    outer loop
      vertex 15.643446504023087 -98.76883405951378 26
      vertex 20.791169081775934 -97.81476007338057 26
      vertex 20.791169081775934 -97.81476007338057 32
    endloop
  endfacet
  facet normal 0.233445363855907 -0.9723699203976762 -1.0831187617808337e-17
    outer loop
      vertex 20.791169081775934 -97.81476007338057 26
      vertex 25.881904510252074 -96.59258262890683 26
      vertex 25.881904510252074 -96.59258262890683 32
    endloop
  endfacet
  facet normal 0.026176948307872993 -0.9996573249755573 0
    outer loop
      vertex 0 -100 26
      vertex 5.2335956242943835 -99.86295347545739 32
      vertex 0 -100 32
    endloop
  endfacet
  facet normal 0.07845909572784517 -0.996917333733128 0
    outer loop
      vertex 5.2335956242943835 -99.86295347545739 26
      vertex 10.452846326765346 -99.45218953682733 32
      vertex 5.2335956242943835 -99.86295347545739 32
    endloop
  endfacet
  facet normal 0.13052619222005035 -0.9914448613738106 0
    outer loop
      vertex 10.452846326765346 -99.45218953682733 26
      vertex 15.643446504023087 -98.76883405951378 32
      vertex 10.452846326765346 -99.45218953682733 32
    endloop
  endfacet
  facet normal 0.1822355254921477 -0.9832549075639546 0
    outer loop
      vertex 15.643446504023087 -98.76883405951378 26
      vertex 20.791169081775934 -97.81476007338057 32
      vertex 15.643446504023087 -98.76883405951378 32
    endloop
  endfacet
  facet normal 0.233445363855907 -0.9723699203976762 0
    outer loop
      vertex 20.791169081775934 -97.81476007338057 26
      vertex 25.881904510252074 -96.59258262890683 32
      vertex 20.791169081775934 -97.81476007338057 32
    endloop
  endfacet
  facet normal 0 0 -1
    outer loop
      vertex 0 -100 26
      vertex 2.7811529493745266 -8.559508646656381 26
      vertex 5.2335956242943835 -99.86295347545739 26
    endloop
  endfacet
  facet normal 0 0 -1
    outer loop
      vertex 5.2335956242943835 -99.86295347545739 26
      vertex 7.794228634059947 -4.5 26
      vertex 10.452846326765346 -99.45218953682733 26
    endloop
  endfacet
  facet normal 0.2840153447039234 -0.9588197348681928 -9.681865087328056e-18
    outer loop
      vertex 25.881904510252074 -96.59258262890683 26
      vertex 30.901699437494738 -95.10565162951535 26
      vertex 30.901699437494738 -95.10565162951535 32
    endloop
  endfacet
  facet normal 0.3338068592337693 -0.942641491092179 1.886948968724389e-17
    outer loop
      vertex 30.901699437494738 -95.10565162951535 26
      vertex 35.83679495453003 -93.35804264972018 26
      vertex 35.83679495453003 -93.35804264972018 32
    endloop
  endfacet
  facet normal 0.3826834323650915 -0.9238795325112861 1.76272765309697e-17
    outer loop
      vertex 35.83679495453003 -93.35804264972018 26
      vertex 40.67366430758002 -91.35454576426008 26
      vertex 40.67366430758002 -91.35454576426008 32
    endloop
  endfacet
  facet normal 0.4305110968082932 -0.9025852843498615 -2.6960033322110124e-17
    outer loop
      vertex 40.67366430758002 -91.35454576426008 26
      vertex 45.39904997395468 -89.10065241883679 26
      vertex 45.39904997395468 -89.10065241883679 32
    endloop
  endfacet
  facet normal 0.4771587602596092 -0.8788171126619649 -1.595127871172929e-17
    outer loop
      vertex 45.39904997395468 -89.10065241883679 26
      vertex 50 -86.60254037844386 26
      vertex 50 -86.60254037844386 32
    endloop
  endfacet
  facet normal 0.2840153447039234 -0.9588197348681928 0
    outer loop
      vertex 25.881904510252074 -96.59258262890683 26
      vertex 30.901699437494738 -95.10565162951535 32
      vertex 25.881904510252074 -96.59258262890683 32
    endloop
  endfacet
  facet normal 0.3338068592337693 -0.942641491092179 0
    outer loop
      vertex 30.901699437494738 -95.10565162951535 26
      vertex 35.83679495453003 -93.35804264972018 32
      vertex 30.901699437494738 -95.10565162951535 32
    endloop
  endfacet
  facet normal 0.3826834323650915 -0.9238795325112861 0
    outer loop
      vertex 35.83679495453003 -93.35804264972018 26
      vertex 40.67366430758002 -91.35454576426008 32
      vertex 35.83679495453003 -93.35804264972018 32
    endloop
  endfacet
  facet normal 0.4305110968082932 -0.9025852843498615 0
    outer loop
      vertex 40.67366430758002 -91.35454576426008 26
      vertex 45.39904997395468 -89.10065241883679 32
      vertex 40.67366430758002 -91.35454576426008 32
    endloop
  endfacet
  facet normal 0.4771587602596092 -0.8788171126619649 0
    outer loop
      vertex 45.39904997395468 -89.10065241883679 26
      vertex 50 -86.60254037844386 32
      vertex 45.39904997395468 -89.10065241883679 32
    endloop
  endfacet
  facet normal 0 0 -1
    outer loop
      vertex 0 -100 26
      vertex 0 -9 26
      vertex 0.4710236061864945 -8.987665812791164 26
    endloop
  endfacet
  facet normal 0 0 -1
    outer loop
      vertex 0 -100 26
      vertex 0.4710236061864945 -8.987665812791164 26
      vertex 0.9407561694088813 -8.950697058314459 26
    endloop
  endfacet
  facet normal 0 0 -1
    outer loop
      vertex 0 -100 26
      vertex 0.9407561694088813 -8.950697058314459 26
      vertex 1.407910185362078 -8.88919506535624 26
    endloop
  endfacet
  facet normal 0 0 -1
    outer loop
      vertex 0 -100 26
      vertex 1.407910185362078 -8.88919506535624 26
      vertex 1.8712052173598341 -8.803328406604251 26
    endloop
  endfacet
  facet normal 0 0 -1
    outer loop
      vertex 0 -100 26
      vertex 1.8712052173598341 -8.803328406604251 26
      vertex 2.3293714059226867 -8.693332436601615 26
    endloop
  endfacet
  facet normal 0 0 -1
    outer loop
      vertex 0 -100 26
      vertex 2.3293714059226867 -8.693332436601615 26
      vertex 2.7811529493745266 -8.559508646656381 26
    endloop
  endfacet
  facet normal 0 0 -1
    outer loop
      vertex 5.2335956242943835 -99.86295347545739 26
      vertex 2.7811529493745266 -8.559508646656381 26
      vertex 3.2253115459077026 -8.402223838474816 26
    endloop
  endfacet
  facet normal 0 0 -1
    outer loop
      vertex 5.2335956242943835 -99.86295347545739 26
      vertex 3.2253115459077026 -8.402223838474816 26
      vertex 3.660629787682202 -8.221909118783408 26
    endloop
  endfacet
  facet normal 0 0 -1
    outer loop
      vertex 5.2335956242943835 -99.86295347545739 26
      vertex 3.660629787682202 -8.221909118783408 26
      vertex 4.085914497655922 -8.01905871769531 26
    endloop
  endfacet
  facet normal 0 0 -1
    outer loop
      vertex 5.2335956242943835 -99.86295347545739 26
      vertex 4.085914497655922 -8.01905871769531 26
      vertex 4.5 -7.794228634059947 26
    endloop
  endfacet
  facet normal 0 0 -1
    outer loop
      vertex 5.2335956242943835 -99.86295347545739 26
      vertex 4.5 -7.794228634059947 26
      vertex 4.901751315135244 -7.548035111508817 26
    endloop
  endfacet
  facet normal 0 0 -1
    outer loop
      vertex 5.2335956242943835 -99.86295347545739 26
      vertex 4.901751315135244 -7.548035111508817 26
      vertex 5.2900672706322585 -7.281152949374527 26
    endloop
  endfacet
  facet normal 0 0 -1
    outer loop
      vertex 5.2335956242943835 -99.86295347545739 26
      vertex 5.2900672706322585 -7.281152949374527 26
      vertex 5.663883519448537 -6.994313653112738 26
    endloop
  endfacet
  facet normal 0 0 -1
    outer loop
      vertex 5.2335956242943835 -99.86295347545739 26
      vertex 5.663883519448537 -6.994313653112738 26
      vertex 6.022175457229724 -6.688303429296548 26
    endloop
  endfacet
  facet normal 0 0 -1
    outer loop
      vertex 5.2335956242943835 -99.86295347545739 26
      vertex 6.022175457229724 -6.688303429296548 26
      vertex 6.3639610306789285 -6.3639610306789285 26
    endloop
  endfacet
  facet normal 0 0 -1
    outer loop
      vertex 5.2335956242943835 -99.86295347545739 26
      vertex 6.3639610306789285 -6.3639610306789285 26
      vertex 6.688303429296548 -6.022175457229724 26
    endloop
  endfacet
  facet normal 0 0 -1
    outer loop
      vertex 5.2335956242943835 -99.86295347545739 26
      vertex 6.688303429296548 -6.022175457229724 26
      vertex 6.994313653112738 -5.663883519448537 26
    endloop
  endfacet
  facet normal 0 0 -1
    outer loop
      vertex 5.2335956242943835 -99.86295347545739 26
      vertex 6.994313653112738 -5.663883519448537 26
      vertex 7.281152949374527 -5.2900672706322585 26
    endloop
  endfacet
  facet normal 0 0 -1
    outer loop
      vertex 5.2335956242943835 -99.86295347545739 26
      vertex 7.281152949374527 -5.2900672706322585 26
      vertex 7.548035111508817 -4.901751315135244 26
    endloop
  endfacet
  facet normal 0 0 -1
    outer loop
      vertex 5.2335956242943835 -99.86295347545739 26
      vertex 7.548035111508817 -4.901751315135244 26
      vertex 7.794228634059947 -4.5 26
    endloop
  endfacet
  facet normal 0 0 -1
    outer loop
      vertex 10.452846326765346 -99.45218953682733 26
      vertex 7.794228634059947 -4.5 26
      vertex 8.01905871769531 -4.085914497655922 26
    endloop
  endfacet
  facet normal 0 0 -1
    outer loop
      vertex 10.452846326765346 -99.45218953682733 26
      vertex 8.01905871769531 -4.085914497655922 26
      vertex 8.221909118783408 -3.660629787682202 26
    endloop
  endfacet
  facet normal 0 0 -1
    outer loop
      vertex 10.452846326765346 -99.45218953682733 26
      vertex 8.221909118783408 -3.660629787682202 26
      vertex 8.402223838474816 -3.2253115459077026 26
    endloop
  endfacet
  facet normal 0 0 -1
    outer loop
      vertex 10.452846326765346 -99.45218953682733 26
      vertex 8.402223838474816 -3.2253115459077026 26
      vertex 8.559508646656381 -2.7811529493745266 26
    endloop
  endfacet
  facet normal 0 0 -1
    outer loop
      vertex 10.452846326765346 -99.45218953682733 26
      vertex 8.559508646656381 -2.7811529493745266 26
      vertex 8.693332436601615 -2.3293714059226867 26
    endloop
  endfacet
  facet normal 0 0 -1
    outer loop
      vertex 10.452846326765346 -99.45218953682733 26
      vertex 8.693332436601615 -2.3293714059226867 26
      vertex 8.803328406604251 -1.8712052173598341 26
    endloop
  endfacet
  facet normal 0 0 -1
    outer loop
      vertex 10.452846326765346 -99.45218953682733 26
      vertex 8.803328406604251 -1.8712052173598341 26
      vertex 8.88919506535624 -1.407910185362078 26
    endloop
  endfacet
  facet normal 0 0 -1
    outer loop
      vertex 10.452846326765346 -99.45218953682733 26
      vertex 8.88919506535624 -1.407910185362078 26
      vertex 8.950697058314459 -0.9407561694088813 26
    endloop
  endfacet
  facet normal 0 0 -1
    outer loop
      vertex 10.452846326765346 -99.45218953682733 26
      vertex 8.950697058314459 -0.9407561694088813 26
      vertex 8.987665812791164 -0.4710236061864945 26
    endloop
  endfacet
  facet normal 0 0 -1
    outer loop
      vertex 10.452846326765346 -99.45218953682733 26
      vertex 8.987665812791164 -0.4710236061864945 26
      vertex 9 0 26
    endloop
  endfacet
  facet normal 0 0 -1
    outer loop
      vertex 10.452846326765346 -99.45218953682733 26
      vertex 15.643446504023087 98.76883405951378 26
      vertex 15.643446504023087 -98.76883405951378 26
    endloop
  endfacet
  facet normal 0 0 -1
    outer loop
      vertex 15.643446504023087 -98.76883405951378 26
      vertex 20.791169081775934 97.81476007338057 26
      vertex 20.791169081775934 -97.81476007338057 26
    endloop
  endfacet
  facet normal 0 0 -1
    outer loop
      vertex 20.791169081775934 -97.81476007338057 26
      vertex 25.881904510252074 96.59258262890683 26
      vertex 25.881904510252074 -96.59258262890683 26
    endloop
  endfacet
  facet normal 0 0 1
    outer loop
      vertex 0 -100 32
      vertex 5.2335956242943835 -99.86295347545739 32
      vertex 0 100 32
    endloop
  endfacet
  facet normal 0 0 1
    outer loop
      vertex 5.2335956242943835 -99.86295347545739 32
      vertex 10.452846326765346 -99.45218953682733 32
      vertex 5.2335956242943835 99.86295347545739 32
    endloop
  endfacet
  facet normal 0 0 1
    outer loop
      vertex 10.452846326765346 -99.45218953682733 32
      vertex 15.643446504023087 -98.76883405951378 32
      vertex 10.452846326765346 99.45218953682733 32
    endloop
  endfacet
  facet normal 0 0 1
    outer loop
      vertex 15.643446504023087 -98.76883405951378 32
      vertex 20.791169081775934 -97.81476007338057 32
      vertex 15.643446504023087 98.76883405951378 32
    endloop
  endfacet
  facet normal 0 0 1
    outer loop
      vertex 20.791169081775934 -97.81476007338057 32
      vertex 25.881904510252074 -96.59258262890683 32
      vertex 20.791169081775934 97.81476007338057 32
    endloop
  endfacet
  facet normal 0 0 -1
    outer loop
      vertex 25.881904510252074 -96.59258262890683 26
      vertex 30.901699437494738 95.10565162951535 26
      vertex 30.901699437494738 -95.10565162951535 26
    endloop
  endfacet
  facet normal 0 0 -1
    outer loop
      vertex 30.901699437494738 -95.10565162951535 26
      vertex 35.83679495453003 93.35804264972018 26
      vertex 35.83679495453003 -93.35804264972018 26
    endloop
  endfacet
  facet normal 0 0 -1
    outer loop
      vertex 35.83679495453003 -93.35804264972018 26
      vertex 40.67366430758002 91.35454576426008 26
      vertex 40.67366430758002 -91.35454576426008 26
    endloop
  endfacet
  facet normal 0 0 -1
    outer loop
      vertex 40.67366430758002 -91.35454576426008 26
      vertex 45.39904997395468 89.10065241883679 26
      vertex 45.39904997395468 -89.10065241883679 26
    endloop
  endfacet
  facet normal 0 0 -1
    outer loop
      vertex 45.39904997395468 -89.10065241883679 26
      vertex 50 86.60254037844386 26
      vertex 50 -86.60254037844386 26
    endloop
  endfacet
  facet normal 0 0 1
    outer loop
      vertex 25.881904510252074 -96.59258262890683 32
      vertex 30.901699437494738 -95.10565162951535 32
      vertex 25.881904510252074 96.59258262890683 32
    endloop
  endfacet
  facet normal 0 0 1
    outer loop
      vertex 30.901699437494738 -95.10565162951535 32
      vertex 35.83679495453003 -93.35804264972018 32
      vertex 30.901699437494738 95.10565162951535 32
    endloop
  endfacet
  facet normal 0 0 1
    outer loop
      vertex 35.83679495453003 -93.35804264972018 32
      vertex 40.67366430758002 -91.35454576426008 32
      vertex 35.83679495453003 93.35804264972018 32
    endloop
  endfacet
  facet normal 0 0 1
    outer loop
      vertex 40.67366430758002 -91.35454576426008 32
      vertex 45.39904997395468 -89.10065241883679 32
      vertex 40.67366430758002 91.35454576426008 32
    endloop
  endfacet
  facet normal 0 0 1
    outer loop
      vertex 45.39904997395468 -89.10065241883679 32
      vertex 50 -86.60254037844386 32
      vertex 45.39904997395468 89.10065241883679 32
    endloop
  endfacet
  facet normal 0.5224985647159481 -0.8526401643540926 2.8485798461645324e-18
    outer loop
      vertex 50 -86.60254037844386 26
      vertex 54.463903501502706 -83.8670567945424 26
      vertex 54.463903501502706 -83.8670567945424 32
    endloop
  endfacet
  facet normal 0.566406236924833 -0.8241261886220155 -1.6930228199515432e-17
    outer loop
      vertex 54.463903501502706 -83.8670567945424 26
      vertex 58.778525229247315 -80.90169943749474 26
      vertex 58.778525229247315 -80.90169943749474 32
    endloop
  endfacet
  facet normal 0.6087614290087217 -0.7933533402912344 2.1866505510289652e-17
    outer loop
      vertex 58.778525229247315 -80.90169943749474 26
      vertex 62.93203910498374 -77.71459614569709 26
      vertex 62.93203910498374 -77.71459614569709 32
    endloop
  endfacet
  facet normal 0.6494480483301813 -0.7604059656000329 -2.365576539955069e-17
    outer loop
      vertex 62.93203910498374 -77.71459614569709 26
      vertex 66.91306063588583 -74.31448254773943 26
      vertex 66.91306063588583 -74.31448254773943 32
    endloop
  endfacet
  facet normal 0.5224985647159481 -0.8526401643540926 0
    outer loop
      vertex 50 -86.60254037844386 26
      vertex 54.463903501502706 -83.8670567945424 32
      vertex 50 -86.60254037844386 32
    endloop
  endfacet
  facet normal 0.566406236924833 -0.8241261886220155 0
    outer loop
      vertex 54.463903501502706 -83.8670567945424 26
      vertex 58.778525229247315 -80.90169943749474 32
      vertex 54.463903501502706 -83.8670567945424 32
    endloop
  endfacet
  facet normal 0.6087614290087217 -0.7933533402912344 0
    outer loop
      vertex 58.778525229247315 -80.90169943749474 26
      vertex 62.93203910498374 -77.71459614569709 32
      vertex 58.778525229247315 -80.90169943749474 32
    endloop
  endfacet
  facet normal 0.6494480483301813 -0.7604059656000329 0
    outer loop
      vertex 62.93203910498374 -77.71459614569709 26
      vertex 66.91306063588583 -74.31448254773943 32
      vertex 62.93203910498374 -77.71459614569709 32
    endloop
  endfacet
  facet normal 0.6883545756937548 -0.725374371012287 -1.4288611146440264e-17
    outer loop
      vertex 66.91306063588583 -74.31448254773943 26
      vertex 70.71067811865476 -70.71067811865476 26
      vertex 70.71067811865476 -70.71067811865476 32
    endloop
  endfacet
  facet normal 0.725374371012287 -0.6883545756937548 0
    outer loop
      vertex 70.71067811865476 -70.71067811865476 26
      vertex 74.31448254773943 -66.91306063588583 26
      vertex 70.71067811865476 -70.71067811865476 32
    endloop
  endfacet
  facet normal 0.6883545756937548 -0.725374371012287 0
    outer loop
      vertex 66.91306063588583 -74.31448254773943 26
      vertex 70.71067811865476 -70.71067811865476 32
      vertex 66.91306063588583 -74.31448254773943 32
    endloop
  endfacet
  facet normal 0.725374371012287 -0.6883545756937548 0
    outer loop
      vertex 74.31448254773943 -66.91306063588583 26
      vertex 74.31448254773943 -66.91306063588583 32
      vertex 70.71067811865476 -70.71067811865476 32
    endloop
  endfacet
  facet normal 0.7604059656000329 -0.6494480483301813 0
    outer loop
      vertex 74.31448254773943 -66.91306063588583 26
      vertex 77.71459614569709 -62.93203910498374 26
      vertex 74.31448254773943 -66.91306063588583 32
    endloop
  endfacet
  facet normal 0.7933533402912344 -0.6087614290087217 0
    outer loop
      vertex 77.71459614569709 -62.93203910498374 26
      vertex 80.90169943749474 -58.778525229247315 26
      vertex 77.71459614569709 -62.93203910498374 32
    endloop
  endfacet
  facet normal 0.8241261886220155 -0.566406236924833 0
    outer loop
      vertex 80.90169943749474 -58.778525229247315 26
      vertex 83.8670567945424 -54.463903501502706 26
      vertex 80.90169943749474 -58.778525229247315 32
    endloop
  endfacet
  facet normal 0.8526401643540926 -0.5224985647159481 0
    outer loop
      vertex 83.8670567945424 -54.463903501502706 26
      vertex 86.60254037844386 -50 26
      vertex 83.8670567945424 -54.463903501502706 32
    endloop
  endfacet
  facet normal 0.7604059656000329 -0.6494480483301813 -2.365576539955069e-17
    outer loop
      vertex 74.31448254773943 -66.91306063588583 32
      vertex 77.71459614569709 -62.93203910498374 26
      vertex 77.71459614569709 -62.93203910498374 32
    endloop
  endfacet
  facet normal 0.7933533402912344 -0.6087614290087217 0
    outer loop
      vertex 80.90169943749474 -58.778525229247315 26
      vertex 80.90169943749474 -58.778525229247315 32
      vertex 77.71459614569709 -62.93203910498374 32
    endloop
  endfacet
  facet normal 0.8241261886220155 -0.566406236924833 0
    outer loop
      vertex 83.8670567945424 -54.463903501502706 26
      vertex 83.8670567945424 -54.463903501502706 32
      vertex 80.90169943749474 -58.778525229247315 32
    endloop
  endfacet
  facet normal 0.8526401643540926 -0.5224985647159481 2.8485798461645324e-18
    outer loop
      vertex 83.8670567945424 -54.463903501502706 32
      vertex 86.60254037844386 -50 26
      vertex 86.60254037844386 -50 32
    endloop
  endfacet
  facet normal 0 0 -1
    outer loop
      vertex 50 -86.60254037844386 26
      vertex 54.463903501502706 83.8670567945424 26
      vertex 54.463903501502706 -83.8670567945424 26
    endloop
  endfacet
  facet normal 0 0 -1
    outer loop
      vertex 54.463903501502706 -83.8670567945424 26
      vertex 58.778525229247315 80.90169943749474 26
      vertex 58.778525229247315 -80.90169943749474 26
    endloop
  endfacet
  facet normal 0 0 -1
    outer loop
      vertex 58.778525229247315 -80.90169943749474 26
      vertex 62.93203910498374 77.71459614569709 26
      vertex 62.93203910498374 -77.71459614569709 26
    endloop
  endfacet
  facet normal 0 0 -1
    outer loop
      vertex 62.93203910498374 -77.71459614569709 26
      vertex 66.91306063588583 74.31448254773943 26
      vertex 66.91306063588583 -74.31448254773943 26
    endloop
  endfacet
  facet normal 0 0 1
    outer loop
      vertex 50 -86.60254037844386 32
      vertex 54.463903501502706 -83.8670567945424 32
      vertex 50 86.60254037844386 32
    endloop
  endfacet
  facet normal 0 0 1
    outer loop
      vertex 54.463903501502706 -83.8670567945424 32
      vertex 58.778525229247315 -80.90169943749474 32
      vertex 54.463903501502706 83.8670567945424 32
    endloop
  endfacet
  facet normal 0 0 1
    outer loop
      vertex 58.778525229247315 -80.90169943749474 32
      vertex 62.93203910498374 -77.71459614569709 32
      vertex 58.778525229247315 80.90169943749474 32
    endloop
  endfacet
  facet normal 0 0 -1
    outer loop
      vertex 66.91306063588583 -74.31448254773943 26
      vertex 70.71067811865476 70.71067811865476 26
      vertex 70.71067811865476 -70.71067811865476 26
    endloop
  endfacet
  facet normal 0 0 -1
    outer loop
      vertex 70.71067811865476 -70.71067811865476 26
      vertex 74.31448254773943 66.91306063588583 26
      vertex 74.31448254773943 -66.91306063588583 26
    endloop
  endfacet
  facet normal 0 0 1
    outer loop
      vertex 62.93203910498374 -77.71459614569709 32
      vertex 66.91306063588583 -74.31448254773943 32
      vertex 62.93203910498374 77.71459614569709 32
    endloop
  endfacet
  facet normal 0 0 1
    outer loop
      vertex 66.91306063588583 -74.31448254773943 32
      vertex 70.71067811865476 -70.71067811865476 32
      vertex 66.91306063588583 74.31448254773943 32
    endloop
  endfacet
  facet normal 0 0 1
    outer loop
      vertex 70.71067811865476 -70.71067811865476 32
      vertex 74.31448254773943 -66.91306063588583 32
      vertex 70.71067811865476 70.71067811865476 32
    endloop
  endfacet
  facet normal 0.8788171126619649 -0.4771587602596092 0
    outer loop
      vertex 86.60254037844386 -50 26
      vertex 89.10065241883679 -45.39904997395468 26
      vertex 86.60254037844386 -50 32
    endloop
  endfacet
  facet normal 0.9025852843498615 -0.4305110968082932 0
    outer loop
      vertex 89.10065241883679 -45.39904997395468 26
      vertex 91.35454576426008 -40.67366430758002 26
      vertex 89.10065241883679 -45.39904997395468 32
    endloop
  endfacet
  facet normal 0.9238795325112861 -0.3826834323650915 0
    outer loop
      vertex 91.35454576426008 -40.67366430758002 26
      vertex 93.35804264972018 -35.83679495453003 26
      vertex 91.35454576426008 -40.67366430758002 32
    endloop
  endfacet
  facet normal 0.942641491092179 -0.3338068592337693 0
    outer loop
      vertex 93.35804264972018 -35.83679495453003 26
      vertex 95.10565162951535 -30.901699437494738 26
      vertex 93.35804264972018 -35.83679495453003 32
    endloop
  endfacet
  facet normal 0.9588197348681928 -0.2840153447039234 0
    outer loop
      vertex 95.10565162951535 -30.901699437494738 26
      vertex 96.59258262890683 -25.881904510252074 26
      vertex 95.10565162951535 -30.901699437494738 32
    endloop
  endfacet
  facet normal 0.8788171126619649 -0.4771587602596092 0
    outer loop
      vertex 89.10065241883679 -45.39904997395468 26
      vertex 89.10065241883679 -45.39904997395468 32
      vertex 86.60254037844386 -50 32
    endloop
  endfacet
  facet normal 0.9025852843498615 -0.4305110968082932 0
    outer loop
      vertex 91.35454576426008 -40.67366430758002 26
      vertex 91.35454576426008 -40.67366430758002 32
      vertex 89.10065241883679 -45.39904997395468 32
    endloop
  endfacet
  facet normal 0.9238795325112861 -0.3826834323650915 0
    outer loop
      vertex 93.35804264972018 -35.83679495453003 26
      vertex 93.35804264972018 -35.83679495453003 32
      vertex 91.35454576426008 -40.67366430758002 32
    endloop
  endfacet
  facet normal 0.942641491092179 -0.3338068592337693 0
    outer loop
      vertex 95.10565162951535 -30.901699437494738 26
      vertex 95.10565162951535 -30.901699437494738 32
      vertex 93.35804264972018 -35.83679495453003 32
    endloop
  endfacet
  facet normal 0.9588197348681928 -0.2840153447039234 0
    outer loop
      vertex 96.59258262890683 -25.881904510252074 26
      vertex 96.59258262890683 -25.881904510252074 32
      vertex 95.10565162951535 -30.901699437494738 32
    endloop
  endfacet
  facet normal 0 0 -1
    outer loop
      vertex 74.31448254773943 -66.91306063588583 26
      vertex 77.71459614569709 62.93203910498374 26
      vertex 77.71459614569709 -62.93203910498374 26
    endloop
  endfacet
  facet normal 0 0 -1
    outer loop
      vertex 77.71459614569709 -62.93203910498374 26
      vertex 80.90169943749474 58.778525229247315 26
      vertex 80.90169943749474 -58.778525229247315 26
    endloop
  endfacet
  facet normal 0 0 -1
    outer loop
      vertex 80.90169943749474 -58.778525229247315 26
      vertex 83.8670567945424 54.463903501502706 26
      vertex 83.8670567945424 -54.463903501502706 26
    endloop
  endfacet
  facet normal 0 0 -1
    outer loop
      vertex 83.8670567945424 -54.463903501502706 26
      vertex 86.60254037844386 50 26
      vertex 86.60254037844386 -50 26
    endloop
  endfacet
  facet normal 0 0 -1
    outer loop
      vertex 86.60254037844386 -50 26
      vertex 89.10065241883679 45.39904997395468 26
      vertex 89.10065241883679 -45.39904997395468 26
    endloop
  endfacet
  facet normal 0 0 -1
    outer loop
      vertex 89.10065241883679 -45.39904997395468 26
      vertex 91.35454576426008 40.67366430758002 26
      vertex 91.35454576426008 -40.67366430758002 26
    endloop
  endfacet
  facet normal 0 0 -1
    outer loop
      vertex 91.35454576426008 -40.67366430758002 26
      vertex 93.35804264972018 35.83679495453003 26
      vertex 93.35804264972018 -35.83679495453003 26
    endloop
  endfacet
  facet normal 0.9723699203976762 -0.233445363855907 0
    outer loop
      vertex 96.59258262890683 -25.881904510252074 26
      vertex 97.81476007338057 -20.791169081775934 26
      vertex 96.59258262890683 -25.881904510252074 32
    endloop
  endfacet
  facet normal 0.9832549075639546 -0.1822355254921477 0
    outer loop
      vertex 97.81476007338057 -20.791169081775934 26
      vertex 98.76883405951378 -15.643446504023087 26
      vertex 97.81476007338057 -20.791169081775934 32
    endloop
  endfacet
  facet normal 0.9914448613738106 -0.13052619222005035 0
    outer loop
      vertex 98.76883405951378 -15.643446504023087 26
      vertex 99.45218953682733 -10.452846326765346 26
      vertex 98.76883405951378 -15.643446504023087 32
    endloop
  endfacet
  facet normal 0 0 -1
    outer loop
      vertex 93.35804264972018 -35.83679495453003 26
      vertex 95.10565162951535 30.901699437494738 26
      vertex 95.10565162951535 -30.901699437494738 26
    endloop
  endfacet
  facet normal 0 0 -1
    outer loop
      vertex 95.10565162951535 -30.901699437494738 26
      vertex 96.59258262890683 25.881904510252074 26
      vertex 96.59258262890683 -25.881904510252074 26
    endloop
  endfacet
  facet normal 0 0 -1
    outer loop
      vertex 96.59258262890683 -25.881904510252074 26
      vertex 97.81476007338057 20.791169081775934 26
      vertex 97.81476007338057 -20.791169081775934 26
    endloop
  endfacet
  facet normal 0 0 -1
    outer loop
      vertex 97.81476007338057 -20.791169081775934 26
      vertex 98.76883405951378 15.643446504023087 26
      vertex 98.76883405951378 -15.643446504023087 26
    endloop
  endfacet
  facet normal 0 0 -1
    outer loop
      vertex 98.76883405951378 -15.643446504023087 26
      vertex 99.45218953682733 10.452846326765346 26
      vertex 99.45218953682733 -10.452846326765346 26
    endloop
  endfacet
  facet normal 0 0 -1
    outer loop
      vertex 99.45218953682733 -10.452846326765346 26
      vertex 99.86295347545739 5.2335956242943835 26
      vertex 99.86295347545739 -5.2335956242943835 26
    endloop
  endfacet
  facet normal 0.996917333733128 -0.07845909572784517 0
    outer loop
      vertex 99.45218953682733 -10.452846326765346 26
      vertex 99.86295347545739 -5.2335956242943835 26
      vertex 99.45218953682733 -10.452846326765346 32
    endloop
  endfacet
  facet normal 0.9996573249755573 -0.026176948307872993 0
    outer loop
      vertex 99.86295347545739 -5.2335956242943835 26
      vertex 100 0 26
      vertex 99.86295347545739 -5.2335956242943835 32
    endloop
  endfacet
  facet normal 0 0 1
    outer loop
      vertex 74.31448254773943 -66.91306063588583 32
      vertex 77.71459614569709 -62.93203910498374 32
      vertex 74.31448254773943 66.91306063588583 32
    endloop
  endfacet
  facet normal 0 0 1
    outer loop
      vertex 77.71459614569709 -62.93203910498374 32
      vertex 80.90169943749474 -58.778525229247315 32
      vertex 77.71459614569709 62.93203910498374 32
    endloop
  endfacet
  facet normal 0 0 1
    outer loop
      vertex 80.90169943749474 -58.778525229247315 32
      vertex 83.8670567945424 -54.463903501502706 32
      vertex 80.90169943749474 58.778525229247315 32
    endloop
  endfacet
  facet normal 0 0 1
    outer loop
      vertex 83.8670567945424 -54.463903501502706 32
      vertex 86.60254037844386 -50 32
      vertex 83.8670567945424 54.463903501502706 32
    endloop
  endfacet
  facet normal 0 0 1
    outer loop
      vertex 86.60254037844386 -50 32
      vertex 89.10065241883679 -45.39904997395468 32
      vertex 86.60254037844386 50 32
    endloop
  endfacet
  facet normal 0.9723699203976762 -0.233445363855907 -1.0831187617808337e-17
    outer loop
      vertex 96.59258262890683 -25.881904510252074 32
      vertex 97.81476007338057 -20.791169081775934 26
      vertex 97.81476007338057 -20.791169081775934 32
    endloop
  endfacet
  facet normal 0.9832549075639546 -0.1822355254921477 0
    outer loop
      vertex 98.76883405951378 -15.643446504023087 26
      vertex 98.76883405951378 -15.643446504023087 32
      vertex 97.81476007338057 -20.791169081775934 32
    endloop
  endfacet
  facet normal 0 0 1
    outer loop
      vertex 89.10065241883679 -45.39904997395468 32
      vertex 91.35454576426008 -40.67366430758002 32
      vertex 89.10065241883679 45.39904997395468 32
    endloop
  endfacet
  facet normal 0.9914448613738106 -0.13052619222005035 0
    outer loop
      vertex 99.45218953682733 -10.452846326765346 26
      vertex 99.45218953682733 -10.452846326765346 32
      vertex 98.76883405951378 -15.643446504023087 32
    endloop
  endfacet
  facet normal 0.996917333733128 -0.07845909572784517 0
    outer loop
      vertex 99.86295347545739 -5.2335956242943835 26
      vertex 99.86295347545739 -5.2335956242943835 32
      vertex 99.45218953682733 -10.452846326765346 32
    endloop
  endfacet
  facet normal 0.9996573249755573 -0.026176948307872993 -8.023306130217548e-19
    outer loop
      vertex 99.86295347545739 -5.2335956242943835 32
      vertex 100 0 26
      vertex 100 0 32
    endloop
  endfacet
  facet normal 0 0 1
    outer loop
      vertex 91.35454576426008 -40.67366430758002 32
      vertex 93.35804264972018 -35.83679495453003 32
      vertex 91.35454576426008 40.67366430758002 32
    endloop
  endfacet
  facet normal 0 0 1
    outer loop
      vertex 93.35804264972018 -35.83679495453003 32
      vertex 95.10565162951535 -30.901699437494738 32
      vertex 93.35804264972018 35.83679495453003 32
    endloop
  endfacet
  facet normal 0 0 1
    outer loop
      vertex 95.10565162951535 -30.901699437494738 32
      vertex 96.59258262890683 -25.881904510252074 32
      vertex 95.10565162951535 30.901699437494738 32
    endloop
  endfacet
  facet normal 0 0 1
    outer loop
      vertex 96.59258262890683 -25.881904510252074 32
      vertex 97.81476007338057 -20.791169081775934 32
      vertex 96.59258262890683 25.881904510252074 32
    endloop
  endfacet
  facet normal 0 0 1
    outer loop
      vertex 97.81476007338057 -20.791169081775934 32
      vertex 98.76883405951378 -15.643446504023087 32
      vertex 97.81476007338057 20.791169081775934 32
    endloop
  endfacet
  facet normal 0 0 1
    outer loop
      vertex 98.76883405951378 -15.643446504023087 32
      vertex 99.45218953682733 -10.452846326765346 32
      vertex 98.76883405951378 15.643446504023087 32
    endloop
  endfacet
  facet normal 0 0 1
    outer loop
      vertex 99.45218953682733 -10.452846326765346 32
      vertex 99.86295347545739 -5.2335956242943835 32
      vertex 99.45218953682733 10.452846326765346 32
    endloop
  endfacet
  facet normal 0 0 -1
    outer loop
      vertex 10.452846326765346 -99.45218953682733 26
      vertex 9 0 26
      vertex 10.452846326765346 99.45218953682733 26
    endloop
  endfacet
  facet normal 0 0 -1
    outer loop
      vertex 8.803328406604251 1.8712052173598341 26
      vertex 8.693332436601615 2.3293714059226867 26
      vertex 10.452846326765346 99.45218953682733 26
    endloop
  endfacet
  facet normal 0 0 -1
    outer loop
      vertex 8.559508646656381 2.7811529493745266 26
      vertex 8.402223838474816 3.2253115459077026 26
      vertex 10.452846326765346 99.45218953682733 26
    endloop
  endfacet
  facet normal 0 0 -1
    outer loop
      vertex 8.559508646656381 2.7811529493745266 26
      vertex 10.452846326765346 99.45218953682733 26
      vertex 8.693332436601615 2.3293714059226867 26
    endloop
  endfacet
  facet normal 0 0 -1
    outer loop
      vertex 8.221909118783408 3.660629787682202 26
      vertex 8.01905871769531 4.085914497655922 26
      vertex 10.452846326765346 99.45218953682733 26
    endloop
  endfacet
  facet normal 0 0 -1
    outer loop
      vertex 8.402223838474816 3.2253115459077026 26
      vertex 8.221909118783408 3.660629787682202 26
      vertex 10.452846326765346 99.45218953682733 26
    endloop
  endfacet
  facet normal 0 0 -1
    outer loop
      vertex 7.281152949374527 5.2900672706322585 26
      vertex 10.452846326765346 99.45218953682733 26
      vertex 7.548035111508817 4.901751315135244 26
    endloop
  endfacet
  facet normal 0 0 -1
    outer loop
      vertex 6.994313653112738 5.663883519448537 26
      vertex 6.688303429296548 6.022175457229724 26
      vertex 10.452846326765346 99.45218953682733 26
    endloop
  endfacet
  facet normal 0 0 -1
    outer loop
      vertex 6.688303429296548 6.022175457229724 26
      vertex 6.3639610306789285 6.3639610306789285 26
      vertex 10.452846326765346 99.45218953682733 26
    endloop
  endfacet
  facet normal 0 0 -1
    outer loop
      vertex 6.994313653112738 5.663883519448537 26
      vertex 10.452846326765346 99.45218953682733 26
      vertex 7.281152949374527 5.2900672706322585 26
    endloop
  endfacet
  facet normal 0 0 -1
    outer loop
      vertex 7.794228634059947 4.5 26
      vertex 10.452846326765346 99.45218953682733 26
      vertex 8.01905871769531 4.085914497655922 26
    endloop
  endfacet
  facet normal 0 0 -1
    outer loop
      vertex 7.794228634059947 4.5 26
      vertex 7.548035111508817 4.901751315135244 26
      vertex 10.452846326765346 99.45218953682733 26
    endloop
  endfacet
  facet normal 0 0 -1
    outer loop
      vertex 9 0 26
      vertex 8.987665812791164 0.4710236061864945 26
      vertex 10.452846326765346 99.45218953682733 26
    endloop
  endfacet
  facet normal 0 0 -1
    outer loop
      vertex 8.987665812791164 0.4710236061864945 26
      vertex 8.950697058314459 0.9407561694088813 26
      vertex 10.452846326765346 99.45218953682733 26
    endloop
  endfacet
  facet normal 0 0 -1
    outer loop
      vertex 8.950697058314459 0.9407561694088813 26
      vertex 8.88919506535624 1.407910185362078 26
      vertex 10.452846326765346 99.45218953682733 26
    endloop
  endfacet
  facet normal 0 0 -1
    outer loop
      vertex 8.88919506535624 1.407910185362078 26
      vertex 8.803328406604251 1.8712052173598341 26
      vertex 10.452846326765346 99.45218953682733 26
    endloop
  endfacet
  facet normal 0 0 -1
    outer loop
      vertex 10.452846326765346 -99.45218953682733 26
      vertex 10.452846326765346 99.45218953682733 26
      vertex 15.643446504023087 98.76883405951378 26
    endloop
  endfacet
  facet normal 0 0 -1
    outer loop
      vertex 0 9 26
      vertex 5.2335956242943835 99.86295347545739 26
      vertex 0.4710236061864945 8.987665812791164 26
    endloop
  endfacet
  facet normal 0 0 -1
    outer loop
      vertex 0.4710236061864945 8.987665812791164 26
      vertex 5.2335956242943835 99.86295347545739 26
      vertex 0.9407561694088813 8.950697058314459 26
    endloop
  endfacet
  facet normal 0 0 -1
    outer loop
      vertex 0.9407561694088813 8.950697058314459 26
      vertex 5.2335956242943835 99.86295347545739 26
      vertex 1.407910185362078 8.88919506535624 26
    endloop
  endfacet
  facet normal 0 0 -1
    outer loop
      vertex 1.407910185362078 8.88919506535624 26
      vertex 5.2335956242943835 99.86295347545739 26
      vertex 1.8712052173598341 8.803328406604251 26
    endloop
  endfacet
  facet normal 0 0 -1
    outer loop
      vertex 2.3293714059226867 8.693332436601615 26
      vertex 5.2335956242943835 99.86295347545739 26
      vertex 2.7811529493745266 8.559508646656381 26
    endloop
  endfacet
  facet normal 0 0 -1
    outer loop
      vertex 2.7811529493745266 8.559508646656381 26
      vertex 5.2335956242943835 99.86295347545739 26
      vertex 3.2253115459077026 8.402223838474816 26
    endloop
  endfacet
  facet normal 0 0 -1
    outer loop
      vertex 3.2253115459077026 8.402223838474816 26
      vertex 5.2335956242943835 99.86295347545739 26
      vertex 3.660629787682202 8.221909118783408 26
    endloop
  endfacet
  facet normal 0 0 -1
    outer loop
      vertex 4.5 7.794228634059947 26
      vertex 4.085914497655922 8.01905871769531 26
      vertex 5.2335956242943835 99.86295347545739 26
    endloop
  endfacet
  facet normal 0 0 -1
    outer loop
      vertex 3.660629787682202 8.221909118783408 26
      vertex 5.2335956242943835 99.86295347545739 26
      vertex 4.085914497655922 8.01905871769531 26
    endloop
  endfacet
  facet normal 0 0 -1
    outer loop
      vertex 1.8712052173598341 8.803328406604251 26
      vertex 5.2335956242943835 99.86295347545739 26
      vertex 2.3293714059226867 8.693332436601615 26
    endloop
  endfacet
  facet normal 0 0 -1
    outer loop
      vertex 4.5 7.794228634059947 26
      vertex 5.2335956242943835 99.86295347545739 26
      vertex 4.901751315135244 7.548035111508817 26
    endloop
  endfacet
  facet normal 0 0 -1
    outer loop
      vertex 4.901751315135244 7.548035111508817 26
      vertex 10.452846326765346 99.45218953682733 26
      vertex 5.2900672706322585 7.281152949374527 26
    endloop
  endfacet
  facet normal 0 0 -1
    outer loop
      vertex 5.663883519448537 6.994313653112738 26
      vertex 10.452846326765346 99.45218953682733 26
      vertex 6.022175457229724 6.688303429296548 26
    endloop
  endfacet
  facet normal 0 0 -1
    outer loop
      vertex 5.2900672706322585 7.281152949374527 26
      vertex 10.452846326765346 99.45218953682733 26
      vertex 5.663883519448537 6.994313653112738 26
    endloop
  endfacet
  facet normal 0 0 -1
    outer loop
      vertex 6.022175457229724 6.688303429296548 26
      vertex 10.452846326765346 99.45218953682733 26
      vertex 6.3639610306789285 6.3639610306789285 26
    endloop
  endfacet
  facet normal 0 0 -1
    outer loop
      vertex 15.643446504023087 -98.76883405951378 26
      vertex 15.643446504023087 98.76883405951378 26
      vertex 20.791169081775934 97.81476007338057 26
    endloop
  endfacet
  facet normal 0 0 -1
    outer loop
      vertex 20.791169081775934 -97.81476007338057 26
      vertex 20.791169081775934 97.81476007338057 26
      vertex 25.881904510252074 96.59258262890683 26
    endloop
  endfacet
  facet normal 0 0 1
    outer loop
      vertex 5.2335956242943835 -99.86295347545739 32
      vertex 5.2335956242943835 99.86295347545739 32
      vertex 0 100 32
    endloop
  endfacet
  facet normal 0 0 1
    outer loop
      vertex 10.452846326765346 -99.45218953682733 32
      vertex 10.452846326765346 99.45218953682733 32
      vertex 5.2335956242943835 99.86295347545739 32
    endloop
  endfacet
  facet normal 0 0 1
    outer loop
      vertex 15.643446504023087 -98.76883405951378 32
      vertex 15.643446504023087 98.76883405951378 32
      vertex 10.452846326765346 99.45218953682733 32
    endloop
  endfacet
  facet normal 0 0 1
    outer loop
      vertex 20.791169081775934 -97.81476007338057 32
      vertex 20.791169081775934 97.81476007338057 32
      vertex 15.643446504023087 98.76883405951378 32
    endloop
  endfacet
  facet normal 0 0 1
    outer loop
      vertex 25.881904510252074 -96.59258262890683 32
      vertex 25.881904510252074 96.59258262890683 32
      vertex 20.791169081775934 97.81476007338057 32
    endloop
  endfacet
  facet normal 0 0 -1
    outer loop
      vertex 25.881904510252074 -96.59258262890683 26
      vertex 25.881904510252074 96.59258262890683 26
      vertex 30.901699437494738 95.10565162951535 26
    endloop
  endfacet
  facet normal 0 0 -1
    outer loop
      vertex 30.901699437494738 -95.10565162951535 26
      vertex 30.901699437494738 95.10565162951535 26
      vertex 35.83679495453003 93.35804264972018 26
    endloop
  endfacet
  facet normal 0 0 -1
    outer loop
      vertex 35.83679495453003 -93.35804264972018 26
      vertex 35.83679495453003 93.35804264972018 26
      vertex 40.67366430758002 91.35454576426008 26
    endloop
  endfacet
  facet normal 0 0 -1
    outer loop
      vertex 40.67366430758002 -91.35454576426008 26
      vertex 40.67366430758002 91.35454576426008 26
      vertex 45.39904997395468 89.10065241883679 26
    endloop
  endfacet
  facet normal 0 0 -1
    outer loop
      vertex 45.39904997395468 -89.10065241883679 26
      vertex 45.39904997395468 89.10065241883679 26
      vertex 50 86.60254037844386 26
    endloop
  endfacet
  facet normal 0 0 1
    outer loop
      vertex 30.901699437494738 -95.10565162951535 32
      vertex 30.901699437494738 95.10565162951535 32
      vertex 25.881904510252074 96.59258262890683 32
    endloop
  endfacet
  facet normal 0 0 1
    outer loop
      vertex 35.83679495453003 -93.35804264972018 32
      vertex 35.83679495453003 93.35804264972018 32
      vertex 30.901699437494738 95.10565162951535 32
    endloop
  endfacet
  facet normal 0 0 1
    outer loop
      vertex 40.67366430758002 -91.35454576426008 32
      vertex 40.67366430758002 91.35454576426008 32
      vertex 35.83679495453003 93.35804264972018 32
    endloop
  endfacet
  facet normal 0 0 1
    outer loop
      vertex 45.39904997395468 -89.10065241883679 32
      vertex 45.39904997395468 89.10065241883679 32
      vertex 40.67366430758002 91.35454576426008 32
    endloop
  endfacet
  facet normal 0 0 1
    outer loop
      vertex 50 -86.60254037844386 32
      vertex 50 86.60254037844386 32
      vertex 45.39904997395468 89.10065241883679 32
    endloop
  endfacet
  facet normal 0 0 -1
    outer loop
      vertex 0 9 26
      vertex 0 100 26
      vertex 5.2335956242943835 99.86295347545739 26
    endloop
  endfacet
  facet normal 0 0 -1
    outer loop
      vertex 4.901751315135244 7.548035111508817 26
      vertex 5.2335956242943835 99.86295347545739 26
      vertex 10.452846326765346 99.45218953682733 26
    endloop
  endfacet
  facet normal 0.026176948307872993 0.9996573249755573 0
    outer loop
      vertex 0 100 26
      vertex 0 100 32
      vertex 5.2335956242943835 99.86295347545739 26
    endloop
  endfacet
  facet normal 0.07845909572784517 0.996917333733128 0
    outer loop
      vertex 5.2335956242943835 99.86295347545739 26
      vertex 5.2335956242943835 99.86295347545739 32
      vertex 10.452846326765346 99.45218953682733 26
    endloop
  endfacet
  facet normal 0.13052619222005035 0.9914448613738106 0
    outer loop
      vertex 10.452846326765346 99.45218953682733 26
      vertex 10.452846326765346 99.45218953682733 32
      vertex 15.643446504023087 98.76883405951378 26
    endloop
  endfacet
  facet normal 0.1822355254921477 0.9832549075639546 0
    outer loop
      vertex 15.643446504023087 98.76883405951378 26
      vertex 15.643446504023087 98.76883405951378 32
      vertex 20.791169081775934 97.81476007338057 26
    endloop
  endfacet
  facet normal 0.233445363855907 0.9723699203976762 0
    outer loop
      vertex 20.791169081775934 97.81476007338057 26
      vertex 20.791169081775934 97.81476007338057 32
      vertex 25.881904510252074 96.59258262890683 26
    endloop
  endfacet
  facet normal 0.026176948307872993 0.9996573249755573 0
    outer loop
      vertex 5.2335956242943835 99.86295347545739 26
      vertex 0 100 32
      vertex 5.2335956242943835 99.86295347545739 32
    endloop
  endfacet
  facet normal 0.07845909572784517 0.996917333733128 0
    outer loop
      vertex 10.452846326765346 99.45218953682733 26
      vertex 5.2335956242943835 99.86295347545739 32
      vertex 10.452846326765346 99.45218953682733 32
    endloop
  endfacet
  facet normal 0.13052619222005035 0.9914448613738106 0
    outer loop
      vertex 15.643446504023087 98.76883405951378 26
      vertex 10.452846326765346 99.45218953682733 32
      vertex 15.643446504023087 98.76883405951378 32
    endloop
  endfacet
  facet normal 0.1822355254921477 0.9832549075639546 0
    outer loop
      vertex 20.791169081775934 97.81476007338057 26
      vertex 15.643446504023087 98.76883405951378 32
      vertex 20.791169081775934 97.81476007338057 32
    endloop
  endfacet
  facet normal 0.233445363855907 0.9723699203976762 1.0831187617808337e-17
    outer loop
      vertex 20.791169081775934 97.81476007338057 32
      vertex 25.881904510252074 96.59258262890683 32
      vertex 25.881904510252074 96.59258262890683 26
    endloop
  endfacet
  facet normal 0.2840153447039234 0.9588197348681928 0
    outer loop
      vertex 25.881904510252074 96.59258262890683 26
      vertex 25.881904510252074 96.59258262890683 32
      vertex 30.901699437494738 95.10565162951535 26
    endloop
  endfacet
  facet normal 0.3826834323650915 0.9238795325112861 0
    outer loop
      vertex 35.83679495453003 93.35804264972018 26
      vertex 35.83679495453003 93.35804264972018 32
      vertex 40.67366430758002 91.35454576426008 26
    endloop
  endfacet
  facet normal 0.3338068592337693 0.942641491092179 0
    outer loop
      vertex 30.901699437494738 95.10565162951535 26
      vertex 30.901699437494738 95.10565162951535 32
      vertex 35.83679495453003 93.35804264972018 26
    endloop
  endfacet
  facet normal 0.4305110968082932 0.9025852843498615 0
    outer loop
      vertex 40.67366430758002 91.35454576426008 26
      vertex 40.67366430758002 91.35454576426008 32
      vertex 45.39904997395468 89.10065241883679 26
    endloop
  endfacet
  facet normal 0.4771587602596092 0.8788171126619649 0
    outer loop
      vertex 45.39904997395468 89.10065241883679 26
      vertex 45.39904997395468 89.10065241883679 32
      vertex 50 86.60254037844386 26
    endloop
  endfacet
  facet normal 0.2840153447039234 0.9588197348681928 0
    outer loop
      vertex 30.901699437494738 95.10565162951535 26
      vertex 25.881904510252074 96.59258262890683 32
      vertex 30.901699437494738 95.10565162951535 32
    endloop
  endfacet
  facet normal 0.3338068592337693 0.942641491092179 0
    outer loop
      vertex 35.83679495453003 93.35804264972018 26
      vertex 30.901699437494738 95.10565162951535 32
      vertex 35.83679495453003 93.35804264972018 32
    endloop
  endfacet
  facet normal 0.4771587602596092 0.8788171126619649 1.595127871172929e-17
    outer loop
      vertex 45.39904997395468 89.10065241883679 32
      vertex 50 86.60254037844386 32
      vertex 50 86.60254037844386 26
    endloop
  endfacet
  facet normal 0.3826834323650915 0.9238795325112861 0
    outer loop
      vertex 40.67366430758002 91.35454576426008 26
      vertex 35.83679495453003 93.35804264972018 32
      vertex 40.67366430758002 91.35454576426008 32
    endloop
  endfacet
  facet normal 0.4305110968082932 0.9025852843498615 0
    outer loop
      vertex 45.39904997395468 89.10065241883679 26
      vertex 40.67366430758002 91.35454576426008 32
      vertex 45.39904997395468 89.10065241883679 32
    endloop
  endfacet
  facet normal 0 0 -1
    outer loop
      vertex 62.93203910498374 -77.71459614569709 26
      vertex 62.93203910498374 77.71459614569709 26
      vertex 66.91306063588583 74.31448254773943 26
    endloop
  endfacet
  facet normal 0 0 -1
    outer loop
      vertex 66.91306063588583 -74.31448254773943 26
      vertex 66.91306063588583 74.31448254773943 26
      vertex 70.71067811865476 70.71067811865476 26
    endloop
  endfacet
  facet normal 0 0 -1
    outer loop
      vertex 70.71067811865476 -70.71067811865476 26
      vertex 70.71067811865476 70.71067811865476 26
      vertex 74.31448254773943 66.91306063588583 26
    endloop
  endfacet
  facet normal 0 0 1
    outer loop
      vertex 70.71067811865476 -70.71067811865476 32
      vertex 70.71067811865476 70.71067811865476 32
      vertex 66.91306063588583 74.31448254773943 32
    endloop
  endfacet
  facet normal 0 0 1
    outer loop
      vertex 74.31448254773943 -66.91306063588583 32
      vertex 74.31448254773943 66.91306063588583 32
      vertex 70.71067811865476 70.71067811865476 32
    endloop
  endfacet
  facet normal 0 0 -1
    outer loop
      vertex 50 -86.60254037844386 26
      vertex 50 86.60254037844386 26
      vertex 54.463903501502706 83.8670567945424 26
    endloop
  endfacet
  facet normal 0 0 -1
    outer loop
      vertex 54.463903501502706 -83.8670567945424 26
      vertex 54.463903501502706 83.8670567945424 26
      vertex 58.778525229247315 80.90169943749474 26
    endloop
  endfacet
  facet normal 0 0 -1
    outer loop
      vertex 58.778525229247315 -80.90169943749474 26
      vertex 58.778525229247315 80.90169943749474 26
      vertex 62.93203910498374 77.71459614569709 26
    endloop
  endfacet
  facet normal 0 0 1
    outer loop
      vertex 54.463903501502706 -83.8670567945424 32
      vertex 54.463903501502706 83.8670567945424 32
      vertex 50 86.60254037844386 32
    endloop
  endfacet
  facet normal 0 0 1
    outer loop
      vertex 58.778525229247315 -80.90169943749474 32
      vertex 58.778525229247315 80.90169943749474 32
      vertex 54.463903501502706 83.8670567945424 32
    endloop
  endfacet
  facet normal 0 0 1
    outer loop
      vertex 62.93203910498374 -77.71459614569709 32
      vertex 62.93203910498374 77.71459614569709 32
      vertex 58.778525229247315 80.90169943749474 32
    endloop
  endfacet
  facet normal 0 0 1
    outer loop
      vertex 66.91306063588583 -74.31448254773943 32
      vertex 66.91306063588583 74.31448254773943 32
      vertex 62.93203910498374 77.71459614569709 32
    endloop
  endfacet
  facet normal 0 0 -1
    outer loop
      vertex 74.31448254773943 -66.91306063588583 26
      vertex 74.31448254773943 66.91306063588583 26
      vertex 77.71459614569709 62.93203910498374 26
    endloop
  endfacet
  facet normal 0 0 -1
    outer loop
      vertex 77.71459614569709 -62.93203910498374 26
      vertex 77.71459614569709 62.93203910498374 26
      vertex 80.90169943749474 58.778525229247315 26
    endloop
  endfacet
  facet normal 0 0 -1
    outer loop
      vertex 80.90169943749474 -58.778525229247315 26
      vertex 80.90169943749474 58.778525229247315 26
      vertex 83.8670567945424 54.463903501502706 26
    endloop
  endfacet
  facet normal 0 0 -1
    outer loop
      vertex 86.60254037844386 -50 26
      vertex 86.60254037844386 50 26
      vertex 89.10065241883679 45.39904997395468 26
    endloop
  endfacet
  facet normal 0 0 -1
    outer loop
      vertex 83.8670567945424 -54.463903501502706 26
      vertex 83.8670567945424 54.463903501502706 26
      vertex 86.60254037844386 50 26
    endloop
  endfacet
  facet normal 0 0 -1
    outer loop
      vertex 91.35454576426008 -40.67366430758002 26
      vertex 91.35454576426008 40.67366430758002 26
      vertex 93.35804264972018 35.83679495453003 26
    endloop
  endfacet
  facet normal 0 0 -1
    outer loop
      vertex 99.86295347545739 -5.2335956242943835 26
      vertex 99.86295347545739 5.2335956242943835 26
      vertex 100 0 26
    endloop
  endfacet
  facet normal 0 0 -1
    outer loop
      vertex 99.45218953682733 -10.452846326765346 26
      vertex 99.45218953682733 10.452846326765346 26
      vertex 99.86295347545739 5.2335956242943835 26
    endloop
  endfacet
  facet normal 0 0 -1
    outer loop
      vertex 97.81476007338057 -20.791169081775934 26
      vertex 97.81476007338057 20.791169081775934 26
      vertex 98.76883405951378 15.643446504023087 26
    endloop
  endfacet
  facet normal 0 0 -1
    outer loop
      vertex 98.76883405951378 -15.643446504023087 26
      vertex 98.76883405951378 15.643446504023087 26
      vertex 99.45218953682733 10.452846326765346 26
    endloop
  endfacet
  facet normal 0 0 -1
    outer loop
      vertex 95.10565162951535 -30.901699437494738 26
      vertex 95.10565162951535 30.901699437494738 26
      vertex 96.59258262890683 25.881904510252074 26
    endloop
  endfacet
  facet normal 0 0 -1
    outer loop
      vertex 93.35804264972018 -35.83679495453003 26
      vertex 93.35804264972018 35.83679495453003 26
      vertex 95.10565162951535 30.901699437494738 26
    endloop
  endfacet
  facet normal 0 0 -1
    outer loop
      vertex 96.59258262890683 -25.881904510252074 26
      vertex 96.59258262890683 25.881904510252074 26
      vertex 97.81476007338057 20.791169081775934 26
    endloop
  endfacet
  facet normal 0.9996573249755573 0.026176948307872993 0
    outer loop
      vertex 100 0 26
      vertex 99.86295347545739 5.2335956242943835 26
      vertex 100 0 32
    endloop
  endfacet
  facet normal 0.996917333733128 0.07845909572784517 0
    outer loop
      vertex 99.86295347545739 5.2335956242943835 26
      vertex 99.45218953682733 10.452846326765346 26
      vertex 99.86295347545739 5.2335956242943835 32
    endloop
  endfacet
  facet normal 0.9914448613738106 0.13052619222005035 0
    outer loop
      vertex 99.45218953682733 10.452846326765346 26
      vertex 98.76883405951378 15.643446504023087 26
      vertex 99.45218953682733 10.452846326765346 32
    endloop
  endfacet
  facet normal 0 0 -1
    outer loop
      vertex 89.10065241883679 -45.39904997395468 26
      vertex 89.10065241883679 45.39904997395468 26
      vertex 91.35454576426008 40.67366430758002 26
    endloop
  endfacet
  facet normal 0.9832549075639546 0.1822355254921477 0
    outer loop
      vertex 98.76883405951378 15.643446504023087 26
      vertex 97.81476007338057 20.791169081775934 26
      vertex 98.76883405951378 15.643446504023087 32
    endloop
  endfacet
  facet normal 0.9723699203976762 0.233445363855907 0
    outer loop
      vertex 97.81476007338057 20.791169081775934 26
      vertex 96.59258262890683 25.881904510252074 26
      vertex 97.81476007338057 20.791169081775934 32
    endloop
  endfacet
  facet normal 0 0 1
    outer loop
      vertex 77.71459614569709 -62.93203910498374 32
      vertex 77.71459614569709 62.93203910498374 32
      vertex 74.31448254773943 66.91306063588583 32
    endloop
  endfacet
  facet normal 0 0 1
    outer loop
      vertex 80.90169943749474 -58.778525229247315 32
      vertex 80.90169943749474 58.778525229247315 32
      vertex 77.71459614569709 62.93203910498374 32
    endloop
  endfacet
  facet normal 0 0 1
    outer loop
      vertex 86.60254037844386 -50 32
      vertex 86.60254037844386 50 32
      vertex 83.8670567945424 54.463903501502706 32
    endloop
  endfacet
  facet normal 0 0 1
    outer loop
      vertex 83.8670567945424 -54.463903501502706 32
      vertex 83.8670567945424 54.463903501502706 32
      vertex 80.90169943749474 58.778525229247315 32
    endloop
  endfacet
  facet normal 0.9996573249755573 0.026176948307872993 0
    outer loop
      vertex 99.86295347545739 5.2335956242943835 26
      vertex 99.86295347545739 5.2335956242943835 32
      vertex 100 0 32
    endloop
  endfacet
  facet normal 0.996917333733128 0.07845909572784517 0
    outer loop
      vertex 99.45218953682733 10.452846326765346 26
      vertex 99.45218953682733 10.452846326765346 32
      vertex 99.86295347545739 5.2335956242943835 32
    endloop
  endfacet
  facet normal 0 0 1
    outer loop
      vertex 99.86295347545739 -5.2335956242943835 32
      vertex 100 0 32
      vertex 99.86295347545739 5.2335956242943835 32
    endloop
  endfacet
  facet normal 0 0 1
    outer loop
      vertex 99.86295347545739 -5.2335956242943835 32
      vertex 99.86295347545739 5.2335956242943835 32
      vertex 99.45218953682733 10.452846326765346 32
    endloop
  endfacet
  facet normal 0 0 1
    outer loop
      vertex 99.45218953682733 -10.452846326765346 32
      vertex 99.45218953682733 10.452846326765346 32
      vertex 98.76883405951378 15.643446504023087 32
    endloop
  endfacet
  facet normal 0 0 1
    outer loop
      vertex 95.10565162951535 -30.901699437494738 32
      vertex 95.10565162951535 30.901699437494738 32
      vertex 93.35804264972018 35.83679495453003 32
    endloop
  endfacet
  facet normal 0 0 1
    outer loop
      vertex 96.59258262890683 -25.881904510252074 32
      vertex 96.59258262890683 25.881904510252074 32
      vertex 95.10565162951535 30.901699437494738 32
    endloop
  endfacet
  facet normal 0 0 1
    outer loop
      vertex 97.81476007338057 -20.791169081775934 32
      vertex 97.81476007338057 20.791169081775934 32
      vertex 96.59258262890683 25.881904510252074 32
    endloop
  endfacet
  facet normal 0 0 1
    outer loop
      vertex 98.76883405951378 -15.643446504023087 32
      vertex 98.76883405951378 15.643446504023087 32
      vertex 97.81476007338057 20.791169081775934 32
    endloop
  endfacet
  facet normal 0.9914448613738106 0.13052619222005035 0
    outer loop
      vertex 98.76883405951378 15.643446504023087 26
      vertex 98.76883405951378 15.643446504023087 32
      vertex 99.45218953682733 10.452846326765346 32
    endloop
  endfacet
  facet normal 0.9832549075639546 0.1822355254921477 0
    outer loop
      vertex 97.81476007338057 20.791169081775934 26
      vertex 97.81476007338057 20.791169081775934 32
      vertex 98.76883405951378 15.643446504023087 32
    endloop
  endfacet
  facet normal 0.9723699203976762 0.233445363855907 1.0831187617808337e-17
    outer loop
      vertex 97.81476007338057 20.791169081775934 32
      vertex 96.59258262890683 25.881904510252074 26
      vertex 96.59258262890683 25.881904510252074 32
    endloop
  endfacet
  facet normal 0 0 1
    outer loop
      vertex 91.35454576426008 -40.67366430758002 32
      vertex 91.35454576426008 40.67366430758002 32
      vertex 89.10065241883679 45.39904997395468 32
    endloop
  endfacet
  facet normal 0 0 1
    outer loop
      vertex 89.10065241883679 -45.39904997395468 32
      vertex 89.10065241883679 45.39904997395468 32
      vertex 86.60254037844386 50 32
    endloop
  endfacet
  facet normal 0 0 1
    outer loop
      vertex 93.35804264972018 -35.83679495453003 32
      vertex 93.35804264972018 35.83679495453003 32
      vertex 91.35454576426008 40.67366430758002 32
    endloop
  endfacet
  facet normal 0.9238795325112861 0.3826834323650915 0
    outer loop
      vertex 93.35804264972018 35.83679495453003 26
      vertex 91.35454576426008 40.67366430758002 26
      vertex 93.35804264972018 35.83679495453003 32
    endloop
  endfacet
  facet normal 0.9588197348681928 0.2840153447039234 0
    outer loop
      vertex 96.59258262890683 25.881904510252074 26
      vertex 95.10565162951535 30.901699437494738 26
      vertex 96.59258262890683 25.881904510252074 32
    endloop
  endfacet
  facet normal 0.942641491092179 0.3338068592337693 -1.886948968724389e-17
    outer loop
      vertex 93.35804264972018 35.83679495453003 26
      vertex 95.10565162951535 30.901699437494738 32
      vertex 95.10565162951535 30.901699437494738 26
    endloop
  endfacet
  facet normal 0.9025852843498615 0.4305110968082932 0
    outer loop
      vertex 91.35454576426008 40.67366430758002 26
      vertex 89.10065241883679 45.39904997395468 26
      vertex 91.35454576426008 40.67366430758002 32
    endloop
  endfacet
  facet normal 0.8788171126619649 0.4771587602596092 0
    outer loop
      vertex 89.10065241883679 45.39904997395468 26
      vertex 86.60254037844386 50 26
      vertex 89.10065241883679 45.39904997395468 32
    endloop
  endfacet
  facet normal 0.8788171126619649 0.4771587602596092 1.595127871172929e-17
    outer loop
      vertex 89.10065241883679 45.39904997395468 32
      vertex 86.60254037844386 50 26
      vertex 86.60254037844386 50 32
    endloop
  endfacet
  facet normal 0.9588197348681928 0.2840153447039234 0
    outer loop
      vertex 95.10565162951535 30.901699437494738 26
      vertex 95.10565162951535 30.901699437494738 32
      vertex 96.59258262890683 25.881904510252074 32
    endloop
  endfacet
  facet normal 0.942641491092179 0.3338068592337693 0
    outer loop
      vertex 93.35804264972018 35.83679495453003 26
      vertex 93.35804264972018 35.83679495453003 32
      vertex 95.10565162951535 30.901699437494738 32
    endloop
  endfacet
  facet normal 0.9238795325112861 0.3826834323650915 0
    outer loop
      vertex 91.35454576426008 40.67366430758002 26
      vertex 91.35454576426008 40.67366430758002 32
      vertex 93.35804264972018 35.83679495453003 32
    endloop
  endfacet
  facet normal 0.9025852843498615 0.4305110968082932 0
    outer loop
      vertex 89.10065241883679 45.39904997395468 26
      vertex 89.10065241883679 45.39904997395468 32
      vertex 91.35454576426008 40.67366430758002 32
    endloop
  endfacet
  facet normal 0.6883545756937548 0.725374371012287 0
    outer loop
      vertex 66.91306063588583 74.31448254773943 26
      vertex 66.91306063588583 74.31448254773943 32
      vertex 70.71067811865476 70.71067811865476 26
    endloop
  endfacet
  facet normal 0.725374371012287 0.6883545756937548 0
    outer loop
      vertex 74.31448254773943 66.91306063588583 26
      vertex 70.71067811865476 70.71067811865476 26
      vertex 74.31448254773943 66.91306063588583 32
    endloop
  endfacet
  facet normal 0.6883545756937548 0.725374371012287 0
    outer loop
      vertex 70.71067811865476 70.71067811865476 26
      vertex 66.91306063588583 74.31448254773943 32
      vertex 70.71067811865476 70.71067811865476 32
    endloop
  endfacet
  facet normal 0.725374371012287 0.6883545756937548 0
    outer loop
      vertex 70.71067811865476 70.71067811865476 26
      vertex 70.71067811865476 70.71067811865476 32
      vertex 74.31448254773943 66.91306063588583 32
    endloop
  endfacet
  facet normal 0.5224985647159481 0.8526401643540926 0
    outer loop
      vertex 50 86.60254037844386 26
      vertex 50 86.60254037844386 32
      vertex 54.463903501502706 83.8670567945424 26
    endloop
  endfacet
  facet normal 0.566406236924833 0.8241261886220155 0
    outer loop
      vertex 54.463903501502706 83.8670567945424 26
      vertex 54.463903501502706 83.8670567945424 32
      vertex 58.778525229247315 80.90169943749474 26
    endloop
  endfacet
  facet normal 0.6087614290087217 0.7933533402912344 0
    outer loop
      vertex 58.778525229247315 80.90169943749474 26
      vertex 58.778525229247315 80.90169943749474 32
      vertex 62.93203910498374 77.71459614569709 26
    endloop
  endfacet
  facet normal 0.6494480483301813 0.7604059656000329 2.365576539955069e-17
    outer loop
      vertex 66.91306063588583 74.31448254773943 26
      vertex 62.93203910498374 77.71459614569709 26
      vertex 62.93203910498374 77.71459614569709 32
    endloop
  endfacet
  facet normal 0.5224985647159481 0.8526401643540926 0
    outer loop
      vertex 54.463903501502706 83.8670567945424 26
      vertex 50 86.60254037844386 32
      vertex 54.463903501502706 83.8670567945424 32
    endloop
  endfacet
  facet normal 0.6087614290087217 0.7933533402912344 0
    outer loop
      vertex 62.93203910498374 77.71459614569709 26
      vertex 58.778525229247315 80.90169943749474 32
      vertex 62.93203910498374 77.71459614569709 32
    endloop
  endfacet
  facet normal 0.566406236924833 0.8241261886220155 0
    outer loop
      vertex 58.778525229247315 80.90169943749474 26
      vertex 54.463903501502706 83.8670567945424 32
      vertex 58.778525229247315 80.90169943749474 32
    endloop
  endfacet
  facet normal 0.6494480483301813 0.7604059656000329 0
    outer loop
      vertex 66.91306063588583 74.31448254773943 26
      vertex 62.93203910498374 77.71459614569709 32
      vertex 66.91306063588583 74.31448254773943 32
    endloop
  endfacet
  facet normal 0.7933533402912344 0.6087614290087217 0
    outer loop
      vertex 80.90169943749474 58.778525229247315 26
      vertex 77.71459614569709 62.93203910498374 26
      vertex 80.90169943749474 58.778525229247315 32
    endloop
  endfacet
  facet normal 0.8241261886220155 0.566406236924833 1.6930228199515432e-17
    outer loop
      vertex 80.90169943749474 58.778525229247315 26
      vertex 83.8670567945424 54.463903501502706 32
      vertex 83.8670567945424 54.463903501502706 26
    endloop
  endfacet
  facet normal 0.8526401643540926 0.5224985647159481 -2.8485798461645324e-18
    outer loop
      vertex 83.8670567945424 54.463903501502706 26
      vertex 86.60254037844386 50 32
      vertex 86.60254037844386 50 26
    endloop
  endfacet
  facet normal 0.7604059656000329 0.6494480483301813 2.365576539955069e-17
    outer loop
      vertex 74.31448254773943 66.91306063588583 26
      vertex 77.71459614569709 62.93203910498374 32
      vertex 77.71459614569709 62.93203910498374 26
    endloop
  endfacet
  facet normal 0.7933533402912344 0.6087614290087217 0
    outer loop
      vertex 77.71459614569709 62.93203910498374 26
      vertex 77.71459614569709 62.93203910498374 32
      vertex 80.90169943749474 58.778525229247315 32
    endloop
  endfacet
  facet normal 0.8526401643540926 0.5224985647159481 0
    outer loop
      vertex 83.8670567945424 54.463903501502706 26
      vertex 83.8670567945424 54.463903501502706 32
      vertex 86.60254037844386 50 32
    endloop
  endfacet
  facet normal 0.8241261886220155 0.566406236924833 0
    outer loop
      vertex 80.90169943749474 58.778525229247315 26
      vertex 80.90169943749474 58.778525229247315 32
      vertex 83.8670567945424 54.463903501502706 32
    endloop
  endfacet
  facet normal 0.7604059656000329 0.6494480483301813 0
    outer loop
      vertex 74.31448254773943 66.91306063588583 26
      vertex 74.31448254773943 66.91306063588583 32
      vertex 77.71459614569709 62.93203910498374 32
    endloop
  endfacet
  facet normal 0 0 -1
    outer loop
      vertex -8.803328406604251 -1.8712052173598341 1
      vertex -8.88919506535624 -1.407910185362078 1
      vertex -8.803328406604251 1.8712052173598341 1
    endloop
  endfacet
  facet normal 0 0 -1
    outer loop
      vertex -8.693332436601615 -2.3293714059226867 1
      vertex -8.803328406604251 -1.8712052173598341 1
      vertex -8.693332436601615 2.3293714059226867 1
    endloop
  endfacet
  facet normal 0 0 -1
    outer loop
      vertex -8.693332436601615 -2.3293714059226867 1
      vertex -8.559508646656381 2.7811529493745266 1
      vertex -8.559508646656381 -2.7811529493745266 1
    endloop
  endfacet
  facet normal 0 0 -1
    outer loop
      vertex -8.88919506535624 -1.407910185362078 1
      vertex -8.950697058314459 -0.9407561694088813 1
      vertex -8.88919506535624 1.407910185362078 1
    endloop
  endfacet
  facet normal 0 0 -1
    outer loop
      vertex -8.950697058314459 -0.9407561694088813 1
      vertex -8.987665812791164 -0.4710236061864945 1
      vertex -8.950697058314459 0.9407561694088813 1
    endloop
  endfacet
  facet normal 0 0 -1
    outer loop
      vertex -8.402223838474816 -3.2253115459077026 1
      vertex -8.559508646656381 -2.7811529493745266 1
      vertex -8.402223838474816 3.2253115459077026 1
    endloop
  endfacet
  facet normal 0 0 -1
    outer loop
      vertex -8.221909118783408 -3.660629787682202 1
      vertex -8.402223838474816 -3.2253115459077026 1
      vertex -8.221909118783408 3.660629787682202 1
    endloop
  endfacet
  facet normal 0 0 -1
    outer loop
      vertex -8.01905871769531 -4.085914497655922 1
      vertex -8.221909118783408 -3.660629787682202 1
      vertex -8.01905871769531 4.085914497655922 1
    endloop
  endfacet
  facet normal 0 0 -1
    outer loop
      vertex -8.01905871769531 -4.085914497655922 1
      vertex -7.794228634059947 4.5 1
      vertex -7.794228634059947 -4.5 1
    endloop
  endfacet
  facet normal 0 0 -1
    outer loop
      vertex -7.548035111508817 -4.901751315135244 1
      vertex -7.281152949374527 5.2900672706322585 1
      vertex -7.281152949374527 -5.2900672706322585 1
    endloop
  endfacet
  facet normal 0 0 -1
    outer loop
      vertex -7.281152949374527 -5.2900672706322585 1
      vertex -6.994313653112738 5.663883519448537 1
      vertex -6.994313653112738 -5.663883519448537 1
    endloop
  endfacet
  facet normal 0 0 -1
    outer loop
      vertex -6.688303429296548 -6.022175457229724 1
      vertex -6.994313653112738 -5.663883519448537 1
      vertex -6.688303429296548 6.022175457229724 1
    endloop
  endfacet
  facet normal 0 0 -1
    outer loop
      vertex -6.3639610306789285 -6.3639610306789285 1
      vertex -6.688303429296548 -6.022175457229724 1
      vertex -6.3639610306789285 6.3639610306789285 1
    endloop
  endfacet
  facet normal 0 0 -1
    outer loop
      vertex -7.548035111508817 -4.901751315135244 1
      vertex -7.794228634059947 -4.5 1
      vertex -7.548035111508817 4.901751315135244 1
    endloop
  endfacet
  facet normal 0 0 -1
    outer loop
      vertex -2.3293714059226867 -8.693332436601615 1
      vertex 2.0975809767842293 -1.7000000029802322 1
      vertex -1.8712052173598341 -8.803328406604251 1
    endloop
  endfacet
  facet normal 0 0 -1
    outer loop
      vertex -1.8712052173598341 -8.803328406604251 1
      vertex 2.0975809767842293 -1.7000000029802322 1
      vertex -1.407910185362078 -8.88919506535624 1
    endloop
  endfacet
  facet normal 0 0 -1
    outer loop
      vertex -1.407910185362078 -8.88919506535624 1
      vertex 2.0975809767842293 -1.7000000029802322 1
      vertex -0.9407561694088813 -8.950697058314459 1
    endloop
  endfacet
  facet normal 0 0 -1
    outer loop
      vertex -6.3639610306789285 -6.3639610306789285 1
      vertex -6.022175457229724 6.688303429296548 1
      vertex -6.022175457229724 -6.688303429296548 1
    endloop
  endfacet
  facet normal 0 0 -1
    outer loop
      vertex -6.022175457229724 -6.688303429296548 1
      vertex -5.663883519448537 6.994313653112738 1
      vertex -5.663883519448537 -6.994313653112738 1
    endloop
  endfacet
  facet normal 0 0 -1
    outer loop
      vertex -5.2900672706322585 -7.281152949374527 1
      vertex -4.901751315135244 7.548035111508817 1
      vertex -4.901751315135244 -7.548035111508817 1
    endloop
  endfacet
  facet normal 0 0 -1
    outer loop
      vertex -5.663883519448537 -6.994313653112738 1
      vertex -5.2900672706322585 7.281152949374527 1
      vertex -5.2900672706322585 -7.281152949374527 1
    endloop
  endfacet
  facet normal 0 0 -1
    outer loop
      vertex -4.901751315135244 -7.548035111508817 1
      vertex -4.5 7.794228634059947 1
      vertex -4.5 -7.794228634059947 1
    endloop
  endfacet
  facet normal 0 0 -1
    outer loop
      vertex -4.085914497655922 -8.01905871769531 1
      vertex -4.5 -7.794228634059947 1
      vertex -4.085914497655922 8.01905871769531 1
    endloop
  endfacet
  facet normal 0 0 -1
    outer loop
      vertex -4.085914497655922 -8.01905871769531 1
      vertex -3.660629787682202 8.221909118783408 1
      vertex -3.660629787682202 -8.221909118783408 1
    endloop
  endfacet
  facet normal 0 0 -1
    outer loop
      vertex -3.660629787682202 -8.221909118783408 1
      vertex -3.2253115459077026 8.402223838474816 1
      vertex -3.2253115459077026 -8.402223838474816 1
    endloop
  endfacet
  facet normal 0 0 -1
    outer loop
      vertex -2.7811529493745266 -8.559508646656381 1
      vertex -2.2644105330109596 -1.4705253913998604 1
      vertex -2.3293714059226867 -8.693332436601615 1
    endloop
  endfacet
  facet normal 0 0 -1
    outer loop
      vertex -2.7811529493745266 -8.559508646656381 1
      vertex -2.520667150616646 -0.9675934612751007 1
      vertex -2.4665727391839027 -1.0981889367103577 1
    endloop
  endfacet
  facet normal 0 0 -1
    outer loop
      vertex -2.7811529493745266 -8.559508646656381 1
      vertex -2.4665727391839027 -1.0981889367103577 1
      vertex -2.405717618763447 -1.225774347782135 1
    endloop
  endfacet
  facet normal 0 0 -1
    outer loop
      vertex -2.7811529493745266 -8.559508646656381 1
      vertex -2.405717618763447 -1.225774347782135 1
      vertex -2.338268592953682 -1.3500000014901161 1
    endloop
  endfacet
  facet normal 0 0 -1
    outer loop
      vertex -2.7811529493745266 -8.559508646656381 1
      vertex -2.338268592953682 -1.3500000014901161 1
      vertex -2.2644105330109596 -1.4705253913998604 1
    endloop
  endfacet
  facet normal 0 0 -1
    outer loop
      vertex -2.7811529493745266 -8.559508646656381 1
      vertex -2.567852593958378 -0.8343458846211433 1
      vertex -2.520667150616646 -0.9675934612751007 1
    endloop
  endfacet
  facet normal 0 0 -1
    outer loop
      vertex -2.7811529493745266 -8.559508646656381 1
      vertex -2.607999734580517 -0.6988114193081856 1
      vertex -2.567852593958378 -0.8343458846211433 1
    endloop
  endfacet
  facet normal 0 0 -1
    outer loop
      vertex -2.7811529493745266 -8.559508646656381 1
      vertex -2.6409985199570656 -0.5613615661859512 1
      vertex -2.607999734580517 -0.6988114193081856 1
    endloop
  endfacet
  facet normal 0 0 -1
    outer loop
      vertex -2.7811529493745266 -8.559508646656381 1
      vertex -2.6667585223913193 -0.42237305641174316 1
      vertex -2.6409985199570656 -0.5613615661859512 1
    endloop
  endfacet
  facet normal 0 0 -1
    outer loop
      vertex -2.3293714059226867 -8.693332436601615 1
      vertex -2.0982940942049026 -1.699165053665638 1
      vertex -2.0975809767842293 -1.7000000029802322 1
    endloop
  endfacet
  facet normal 0 0 -1
    outer loop
      vertex -2.3293714059226867 -8.693332436601615 1
      vertex -2.2644105330109596 -1.4705253913998604 1
      vertex -2.1843458861112595 -1.587020181119442 1
    endloop
  endfacet
  facet normal 0 0 -1
    outer loop
      vertex -2.3293714059226867 -8.693332436601615 1
      vertex -2.1843458861112595 -1.587020181119442 1
      vertex -2.0982940942049026 -1.699165053665638 1
    endloop
  endfacet
  facet normal 0 0 -1
    outer loop
      vertex -2.3293714059226867 -8.693332436601615 1
      vertex -2.0975809767842293 -1.7000000029802322 1
      vertex 2.0975809767842293 -1.7000000029802322 1
    endloop
  endfacet
  facet normal 0 0 -1
    outer loop
      vertex -3.2253115459077026 -8.402223838474816 1
      vertex -2.7811529493745266 8.559508646656381 1
      vertex -2.7811529493745266 -8.559508646656381 1
    endloop
  endfacet
  facet normal 0 0 -1
    outer loop
      vertex -2.7811529493745266 -8.559508646656381 1
      vertex -2.6852091178297997 -0.2822268530726433 1
      vertex -2.6667585223913193 -0.42237305641174316 1
    endloop
  endfacet
  facet normal 0 0 -1
    outer loop
      vertex -2.7811529493745266 -8.559508646656381 1
      vertex -2.696299746632576 -0.14130707830190659 1
      vertex -2.6852091178297997 -0.2822268530726433 1
    endloop
  endfacet
  facet normal 0 0 -1
    outer loop
      vertex -2.7811529493745266 -8.559508646656381 1
      vertex -2.7000000029802322 0 1
      vertex -2.696299746632576 -0.14130707830190659 1
    endloop
  endfacet
  facet normal -0.8788171126619647 -0.4771587602596095 0
    outer loop
      vertex -8.01905871769531 -4.085914497655922 1
      vertex -7.794228634059947 -4.5 1
      vertex -8.01905871769531 -4.085914497655922 26
    endloop
  endfacet
  facet normal -0.9238795325112865 -0.3826834323650903 -3.00793355715976e-19
    outer loop
      vertex -8.221909118783408 -3.660629787682202 1
      vertex -8.402223838474816 -3.2253115459077026 26
      vertex -8.402223838474816 -3.2253115459077026 1
    endloop
  endfacet
  facet normal -0.9025852843498606 -0.43051109680829525 1.98834933674405e-19
    outer loop
      vertex -8.01905871769531 -4.085914497655922 1
      vertex -8.221909118783408 -3.660629787682202 26
      vertex -8.221909118783408 -3.660629787682202 1
    endloop
  endfacet
  facet normal -0.8241261886220153 -0.5664062369248335 0
    outer loop
      vertex -7.548035111508817 -4.901751315135244 1
      vertex -7.281152949374527 -5.2900672706322585 1
      vertex -7.548035111508817 -4.901751315135244 26
    endloop
  endfacet
  facet normal -0.7933533402912347 -0.6087614290087211 0
    outer loop
      vertex -7.281152949374527 -5.2900672706322585 1
      vertex -6.994313653112738 -5.663883519448537 1
      vertex -7.281152949374527 -5.2900672706322585 26
    endloop
  endfacet
  facet normal -0.760405965600031 -0.6494480483301837 2.6876704100026184e-19
    outer loop
      vertex -6.688303429296548 -6.022175457229724 1
      vertex -6.994313653112738 -5.663883519448537 26
      vertex -6.994313653112738 -5.663883519448537 1
    endloop
  endfacet
  facet normal -0.7253743710122891 -0.6883545756937524 7.67009511908142e-20
    outer loop
      vertex -6.3639610306789285 -6.3639610306789285 1
      vertex -6.688303429296548 -6.022175457229724 26
      vertex -6.688303429296548 -6.022175457229724 1
    endloop
  endfacet
  facet normal -0.8526401643540937 -0.5224985647159466 2.7441465940726454e-20
    outer loop
      vertex -7.548035111508817 -4.901751315135244 1
      vertex -7.794228634059947 -4.5 26
      vertex -7.794228634059947 -4.5 1
    endloop
  endfacet
  facet normal -0.9588197348681922 -0.284015344703926 0
    outer loop
      vertex -8.693332436601615 -2.3293714059226867 1
      vertex -8.559508646656381 -2.7811529493745266 1
      vertex -8.693332436601615 -2.3293714059226867 26
    endloop
  endfacet
  facet normal -0.9723699203976767 -0.23344536385590534 -2.2681163629158487e-19
    outer loop
      vertex -8.693332436601615 -2.3293714059226867 1
      vertex -8.803328406604251 -1.8712052173598341 26
      vertex -8.803328406604251 -1.8712052173598341 1
    endloop
  endfacet
  facet normal -0.9426414910921794 -0.33380685923376796 -4.951224263238659e-19
    outer loop
      vertex -8.402223838474816 -3.2253115459077026 1
      vertex -8.559508646656381 -2.7811529493745266 26
      vertex -8.559508646656381 -2.7811529493745266 1
    endloop
  endfacet
  facet normal -0.9832549075639544 -0.18223552549214822 -1.6548563345906259e-19
    outer loop
      vertex -8.803328406604251 -1.8712052173598341 1
      vertex -8.88919506535624 -1.407910185362078 26
      vertex -8.88919506535624 -1.407910185362078 1
    endloop
  endfacet
  facet normal -0.991444861373811 -0.13052619222004755 -1.4296642670393598e-19
    outer loop
      vertex -8.88919506535624 -1.407910185362078 1
      vertex -8.950697058314459 -0.9407561694088813 26
      vertex -8.950697058314459 -0.9407561694088813 1
    endloop
  endfacet
  facet normal -0.9996573249755574 -0.026176948307875102 -3.046115112784831e-20
    outer loop
      vertex -8.987665812791164 -0.4710236061864945 1
      vertex -9 0 26
      vertex -9 0 1
    endloop
  endfacet
  facet normal -0.996917333733128 -0.0784590957278453 5.999253010989882e-20
    outer loop
      vertex -8.950697058314459 -0.9407561694088813 1
      vertex -8.987665812791164 -0.4710236061864945 26
      vertex -8.987665812791164 -0.4710236061864945 1
    endloop
  endfacet
  facet normal -0.6883545756937524 -0.7253743710122891 7.67009511908142e-20
    outer loop
      vertex -6.3639610306789285 -6.3639610306789285 1
      vertex -6.022175457229724 -6.688303429296548 1
      vertex -6.022175457229724 -6.688303429296548 26
    endloop
  endfacet
  facet normal -0.6494480483301837 -0.760405965600031 2.6876704100026184e-19
    outer loop
      vertex -6.022175457229724 -6.688303429296548 1
      vertex -5.663883519448537 -6.994313653112738 1
      vertex -5.663883519448537 -6.994313653112738 26
    endloop
  endfacet
  facet normal -0.6087614290087211 -0.7933533402912347 -1.2052416506332966e-19
    outer loop
      vertex -5.663883519448537 -6.994313653112738 1
      vertex -5.2900672706322585 -7.281152949374527 1
      vertex -5.2900672706322585 -7.281152949374527 26
    endloop
  endfacet
  facet normal -0.5664062369248335 -0.8241261886220153 1.836625760319393e-19
    outer loop
      vertex -5.2900672706322585 -7.281152949374527 1
      vertex -4.901751315135244 -7.548035111508817 1
      vertex -4.901751315135244 -7.548035111508817 26
    endloop
  endfacet
  facet normal -0.4771587602596095 -0.8788171126619647 0
    outer loop
      vertex -4.085914497655922 -8.01905871769531 1
      vertex -4.085914497655922 -8.01905871769531 26
      vertex -4.5 -7.794228634059947 1
    endloop
  endfacet
  facet normal -0.43051109680829525 -0.9025852843498606 1.98834933674405e-19
    outer loop
      vertex -4.085914497655922 -8.01905871769531 1
      vertex -3.660629787682202 -8.221909118783408 1
      vertex -3.660629787682202 -8.221909118783408 26
    endloop
  endfacet
  facet normal -0.3826834323650903 -0.9238795325112865 -3.00793355715976e-19
    outer loop
      vertex -3.660629787682202 -8.221909118783408 1
      vertex -3.2253115459077026 -8.402223838474816 1
      vertex -3.2253115459077026 -8.402223838474816 26
    endloop
  endfacet
  facet normal -0.5224985647159466 -0.8526401643540937 2.7441465940726454e-20
    outer loop
      vertex -4.901751315135244 -7.548035111508817 1
      vertex -4.5 -7.794228634059947 1
      vertex -4.5 -7.794228634059947 26
    endloop
  endfacet
  facet normal -0.284015344703926 -0.9588197348681922 1.0551576054058119e-19
    outer loop
      vertex -2.7811529493745266 -8.559508646656381 1
      vertex -2.3293714059226867 -8.693332436601615 1
      vertex -2.3293714059226867 -8.693332436601615 26
    endloop
  endfacet
  facet normal -0.33380685923376796 -0.9426414910921794 -4.951224263238659e-19
    outer loop
      vertex -3.2253115459077026 -8.402223838474816 1
      vertex -2.7811529493745266 -8.559508646656381 1
      vertex -2.7811529493745266 -8.559508646656381 26
    endloop
  endfacet
  facet normal -0.23344536385590534 -0.9723699203976767 -2.2681163629158487e-19
    outer loop
      vertex -2.3293714059226867 -8.693332436601615 1
      vertex -1.8712052173598341 -8.803328406604251 1
      vertex -1.8712052173598341 -8.803328406604251 26
    endloop
  endfacet
  facet normal -0.18223552549214822 -0.9832549075639544 -1.6548563345906259e-19
    outer loop
      vertex -1.8712052173598341 -8.803328406604251 1
      vertex -1.407910185362078 -8.88919506535624 1
      vertex -1.407910185362078 -8.88919506535624 26
    endloop
  endfacet
  facet normal -0.13052619222004755 -0.991444861373811 -1.4296642670393598e-19
    outer loop
      vertex -1.407910185362078 -8.88919506535624 1
      vertex -0.9407561694088813 -8.950697058314459 1
      vertex -0.9407561694088813 -8.950697058314459 26
    endloop
  endfacet
  facet normal -0.0784590957278453 -0.996917333733128 5.999253010989882e-20
    outer loop
      vertex -0.9407561694088813 -8.950697058314459 1
      vertex -0.4710236061864945 -8.987665812791164 1
      vertex -0.4710236061864945 -8.987665812791164 26
    endloop
  endfacet
  facet normal -0.026176948307875102 -0.9996573249755574 -3.046115112784831e-20
    outer loop
      vertex -0.4710236061864945 -8.987665812791164 1
      vertex 0 -9 1
      vertex 0 -9 26
    endloop
  endfacet
  facet normal -0.7253743710122891 -0.6883545756937524 0
    outer loop
      vertex -6.3639610306789285 -6.3639610306789285 1
      vertex -6.3639610306789285 -6.3639610306789285 26
      vertex -6.688303429296548 -6.022175457229724 26
    endloop
  endfacet
  facet normal -0.6883545756937524 -0.7253743710122891 0
    outer loop
      vertex -6.3639610306789285 -6.3639610306789285 1
      vertex -6.022175457229724 -6.688303429296548 26
      vertex -6.3639610306789285 -6.3639610306789285 26
    endloop
  endfacet
  facet normal -0.8788171126619647 -0.4771587602596095 0
    outer loop
      vertex -7.794228634059947 -4.5 1
      vertex -7.794228634059947 -4.5 26
      vertex -8.01905871769531 -4.085914497655922 26
    endloop
  endfacet
  facet normal -0.9025852843498606 -0.43051109680829525 0
    outer loop
      vertex -8.01905871769531 -4.085914497655922 1
      vertex -8.01905871769531 -4.085914497655922 26
      vertex -8.221909118783408 -3.660629787682202 26
    endloop
  endfacet
  facet normal -0.9238795325112865 -0.3826834323650903 0
    outer loop
      vertex -8.221909118783408 -3.660629787682202 1
      vertex -8.221909118783408 -3.660629787682202 26
      vertex -8.402223838474816 -3.2253115459077026 26
    endloop
  endfacet
  facet normal -0.7933533402912347 -0.6087614290087211 0
    outer loop
      vertex -6.994313653112738 -5.663883519448537 1
      vertex -6.994313653112738 -5.663883519448537 26
      vertex -7.281152949374527 -5.2900672706322585 26
    endloop
  endfacet
  facet normal -0.8526401643540937 -0.5224985647159466 0
    outer loop
      vertex -7.548035111508817 -4.901751315135244 1
      vertex -7.548035111508817 -4.901751315135244 26
      vertex -7.794228634059947 -4.5 26
    endloop
  endfacet
  facet normal -0.8241261886220153 -0.5664062369248335 0
    outer loop
      vertex -7.281152949374527 -5.2900672706322585 1
      vertex -7.281152949374527 -5.2900672706322585 26
      vertex -7.548035111508817 -4.901751315135244 26
    endloop
  endfacet
  facet normal -0.760405965600031 -0.6494480483301837 0
    outer loop
      vertex -6.688303429296548 -6.022175457229724 1
      vertex -6.688303429296548 -6.022175457229724 26
      vertex -6.994313653112738 -5.663883519448537 26
    endloop
  endfacet
  facet normal -0.9588197348681922 -0.284015344703926 0
    outer loop
      vertex -8.559508646656381 -2.7811529493745266 1
      vertex -8.559508646656381 -2.7811529493745266 26
      vertex -8.693332436601615 -2.3293714059226867 26
    endloop
  endfacet
  facet normal -0.9723699203976767 -0.23344536385590534 0
    outer loop
      vertex -8.693332436601615 -2.3293714059226867 1
      vertex -8.693332436601615 -2.3293714059226867 26
      vertex -8.803328406604251 -1.8712052173598341 26
    endloop
  endfacet
  facet normal -0.9832549075639544 -0.18223552549214822 0
    outer loop
      vertex -8.803328406604251 -1.8712052173598341 1
      vertex -8.803328406604251 -1.8712052173598341 26
      vertex -8.88919506535624 -1.407910185362078 26
    endloop
  endfacet
  facet normal -0.9426414910921794 -0.33380685923376796 0
    outer loop
      vertex -8.402223838474816 -3.2253115459077026 1
      vertex -8.402223838474816 -3.2253115459077026 26
      vertex -8.559508646656381 -2.7811529493745266 26
    endloop
  endfacet
  facet normal -0.991444861373811 -0.13052619222004755 0
    outer loop
      vertex -8.88919506535624 -1.407910185362078 1
      vertex -8.88919506535624 -1.407910185362078 26
      vertex -8.950697058314459 -0.9407561694088813 26
    endloop
  endfacet
  facet normal -0.996917333733128 -0.0784590957278453 0
    outer loop
      vertex -8.950697058314459 -0.9407561694088813 1
      vertex -8.950697058314459 -0.9407561694088813 26
      vertex -8.987665812791164 -0.4710236061864945 26
    endloop
  endfacet
  facet normal -0.9996573249755574 -0.026176948307875102 0
    outer loop
      vertex -8.987665812791164 -0.4710236061864945 1
      vertex -8.987665812791164 -0.4710236061864945 26
      vertex -9 0 26
    endloop
  endfacet
  facet normal -0.6087614290087211 -0.7933533402912347 0
    outer loop
      vertex -5.663883519448537 -6.994313653112738 1
      vertex -5.2900672706322585 -7.281152949374527 26
      vertex -5.663883519448537 -6.994313653112738 26
    endloop
  endfacet
  facet normal -0.6494480483301837 -0.760405965600031 0
    outer loop
      vertex -6.022175457229724 -6.688303429296548 1
      vertex -5.663883519448537 -6.994313653112738 26
      vertex -6.022175457229724 -6.688303429296548 26
    endloop
  endfacet
  facet normal -0.5664062369248335 -0.8241261886220153 0
    outer loop
      vertex -5.2900672706322585 -7.281152949374527 1
      vertex -4.901751315135244 -7.548035111508817 26
      vertex -5.2900672706322585 -7.281152949374527 26
    endloop
  endfacet
  facet normal -0.5224985647159466 -0.8526401643540937 0
    outer loop
      vertex -4.901751315135244 -7.548035111508817 1
      vertex -4.5 -7.794228634059947 26
      vertex -4.901751315135244 -7.548035111508817 26
    endloop
  endfacet
  facet normal -0.4771587602596095 -0.8788171126619647 0
    outer loop
      vertex -4.5 -7.794228634059947 1
      vertex -4.085914497655922 -8.01905871769531 26
      vertex -4.5 -7.794228634059947 26
    endloop
  endfacet
  facet normal -0.43051109680829525 -0.9025852843498606 0
    outer loop
      vertex -4.085914497655922 -8.01905871769531 1
      vertex -3.660629787682202 -8.221909118783408 26
      vertex -4.085914497655922 -8.01905871769531 26
    endloop
  endfacet
  facet normal -0.3826834323650903 -0.9238795325112865 0
    outer loop
      vertex -3.660629787682202 -8.221909118783408 1
      vertex -3.2253115459077026 -8.402223838474816 26
      vertex -3.660629787682202 -8.221909118783408 26
    endloop
  endfacet
  facet normal -0.284015344703926 -0.9588197348681922 0
    outer loop
      vertex -2.7811529493745266 -8.559508646656381 1
      vertex -2.3293714059226867 -8.693332436601615 26
      vertex -2.7811529493745266 -8.559508646656381 26
    endloop
  endfacet
  facet normal -0.33380685923376796 -0.9426414910921794 0
    outer loop
      vertex -3.2253115459077026 -8.402223838474816 1
      vertex -2.7811529493745266 -8.559508646656381 26
      vertex -3.2253115459077026 -8.402223838474816 26
    endloop
  endfacet
  facet normal -0.23344536385590534 -0.9723699203976767 0
    outer loop
      vertex -2.3293714059226867 -8.693332436601615 1
      vertex -1.8712052173598341 -8.803328406604251 26
      vertex -2.3293714059226867 -8.693332436601615 26
    endloop
  endfacet
  facet normal -0.18223552549214822 -0.9832549075639544 0
    outer loop
      vertex -1.8712052173598341 -8.803328406604251 1
      vertex -1.407910185362078 -8.88919506535624 26
      vertex -1.8712052173598341 -8.803328406604251 26
    endloop
  endfacet
  facet normal -0.13052619222004755 -0.991444861373811 0
    outer loop
      vertex -1.407910185362078 -8.88919506535624 1
      vertex -0.9407561694088813 -8.950697058314459 26
      vertex -1.407910185362078 -8.88919506535624 26
    endloop
  endfacet
  facet normal -0.0784590957278453 -0.996917333733128 0
    outer loop
      vertex -0.9407561694088813 -8.950697058314459 1
      vertex -0.4710236061864945 -8.987665812791164 26
      vertex -0.9407561694088813 -8.950697058314459 26
    endloop
  endfacet
  facet normal -0.026176948307875102 -0.9996573249755574 0
    outer loop
      vertex -0.4710236061864945 -8.987665812791164 1
      vertex 0 -9 26
      vertex -0.4710236061864945 -8.987665812791164 26
    endloop
  endfacet
  facet normal 0 0 -1
    outer loop
      vertex -8.987665812791164 -0.4710236061864945 1
      vertex -9 0 1
      vertex -8.987665812791164 0.4710236061864945 1
    endloop
  endfacet
  facet normal 0 0 -1
    outer loop
      vertex -8.987665812791164 -0.4710236061864945 1
      vertex -8.987665812791164 0.4710236061864945 1
      vertex -8.950697058314459 0.9407561694088813 1
    endloop
  endfacet
  facet normal 0 0 -1
    outer loop
      vertex -8.950697058314459 -0.9407561694088813 1
      vertex -8.950697058314459 0.9407561694088813 1
      vertex -8.88919506535624 1.407910185362078 1
    endloop
  endfacet
  facet normal 0 0 -1
    outer loop
      vertex -8.88919506535624 -1.407910185362078 1
      vertex -8.88919506535624 1.407910185362078 1
      vertex -8.803328406604251 1.8712052173598341 1
    endloop
  endfacet
  facet normal 0 0 -1
    outer loop
      vertex -8.803328406604251 -1.8712052173598341 1
      vertex -8.803328406604251 1.8712052173598341 1
      vertex -8.693332436601615 2.3293714059226867 1
    endloop
  endfacet
  facet normal 0 0 -1
    outer loop
      vertex -8.693332436601615 -2.3293714059226867 1
      vertex -8.693332436601615 2.3293714059226867 1
      vertex -8.559508646656381 2.7811529493745266 1
    endloop
  endfacet
  facet normal 0 0 -1
    outer loop
      vertex -8.559508646656381 -2.7811529493745266 1
      vertex -8.559508646656381 2.7811529493745266 1
      vertex -8.402223838474816 3.2253115459077026 1
    endloop
  endfacet
  facet normal 0 0 -1
    outer loop
      vertex -8.402223838474816 -3.2253115459077026 1
      vertex -8.402223838474816 3.2253115459077026 1
      vertex -8.221909118783408 3.660629787682202 1
    endloop
  endfacet
  facet normal 0 0 -1
    outer loop
      vertex -8.221909118783408 -3.660629787682202 1
      vertex -8.221909118783408 3.660629787682202 1
      vertex -8.01905871769531 4.085914497655922 1
    endloop
  endfacet
  facet normal 0 0 -1
    outer loop
      vertex -8.01905871769531 -4.085914497655922 1
      vertex -8.01905871769531 4.085914497655922 1
      vertex -7.794228634059947 4.5 1
    endloop
  endfacet
  facet normal 0 0 -1
    outer loop
      vertex -7.794228634059947 -4.5 1
      vertex -7.794228634059947 4.5 1
      vertex -7.548035111508817 4.901751315135244 1
    endloop
  endfacet
  facet normal 0 0 -1
    outer loop
      vertex -7.548035111508817 -4.901751315135244 1
      vertex -7.548035111508817 4.901751315135244 1
      vertex -7.281152949374527 5.2900672706322585 1
    endloop
  endfacet
  facet normal 0 0 -1
    outer loop
      vertex -7.281152949374527 -5.2900672706322585 1
      vertex -7.281152949374527 5.2900672706322585 1
      vertex -6.994313653112738 5.663883519448537 1
    endloop
  endfacet
  facet normal 0 0 -1
    outer loop
      vertex -6.994313653112738 -5.663883519448537 1
      vertex -6.994313653112738 5.663883519448537 1
      vertex -6.688303429296548 6.022175457229724 1
    endloop
  endfacet
  facet normal 0 0 -1
    outer loop
      vertex -6.688303429296548 -6.022175457229724 1
      vertex -6.688303429296548 6.022175457229724 1
      vertex -6.3639610306789285 6.3639610306789285 1
    endloop
  endfacet
  facet normal 0 0 -1
    outer loop
      vertex -6.3639610306789285 -6.3639610306789285 1
      vertex -6.3639610306789285 6.3639610306789285 1
      vertex -6.022175457229724 6.688303429296548 1
    endloop
  endfacet
  facet normal 0 0 -1
    outer loop
      vertex -6.022175457229724 -6.688303429296548 1
      vertex -6.022175457229724 6.688303429296548 1
      vertex -5.663883519448537 6.994313653112738 1
    endloop
  endfacet
  facet normal 0 0 -1
    outer loop
      vertex -5.663883519448537 -6.994313653112738 1
      vertex -5.663883519448537 6.994313653112738 1
      vertex -5.2900672706322585 7.281152949374527 1
    endloop
  endfacet
  facet normal 0 0 -1
    outer loop
      vertex -5.2900672706322585 -7.281152949374527 1
      vertex -5.2900672706322585 7.281152949374527 1
      vertex -4.901751315135244 7.548035111508817 1
    endloop
  endfacet
  facet normal 0 0 -1
    outer loop
      vertex -4.901751315135244 -7.548035111508817 1
      vertex -4.901751315135244 7.548035111508817 1
      vertex -4.5 7.794228634059947 1
    endloop
  endfacet
  facet normal 0 0 -1
    outer loop
      vertex -4.5 -7.794228634059947 1
      vertex -4.5 7.794228634059947 1
      vertex -4.085914497655922 8.01905871769531 1
    endloop
  endfacet
  facet normal 0 0 -1
    outer loop
      vertex -4.085914497655922 -8.01905871769531 1
      vertex -4.085914497655922 8.01905871769531 1
      vertex -3.660629787682202 8.221909118783408 1
    endloop
  endfacet
  facet normal 0 0 -1
    outer loop
      vertex -3.660629787682202 -8.221909118783408 1
      vertex -3.660629787682202 8.221909118783408 1
      vertex -3.2253115459077026 8.402223838474816 1
    endloop
  endfacet
  facet normal 0 0 -1
    outer loop
      vertex -2.7811529493745266 -8.559508646656381 1
      vertex -2.7811529493745266 8.559508646656381 1
      vertex -2.7000000029802322 0 1
    endloop
  endfacet
  facet normal 0 0 -1
    outer loop
      vertex -3.2253115459077026 -8.402223838474816 1
      vertex -3.2253115459077026 8.402223838474816 1
      vertex -2.7811529493745266 8.559508646656381 1
    endloop
  endfacet
  facet normal 0 0 -1
    outer loop
      vertex -2.7811529493745266 8.559508646656381 1
      vertex -2.696299746632576 0.14130707830190659 1
      vertex -2.7000000029802322 0 1
    endloop
  endfacet
  facet normal 0 0 -1
    outer loop
      vertex -2.7811529493745266 8.559508646656381 1
      vertex -2.6667585223913193 0.42237305641174316 1
      vertex -2.6852091178297997 0.2822268530726433 1
    endloop
  endfacet
  facet normal 0 0 -1
    outer loop
      vertex -2.7811529493745266 8.559508646656381 1
      vertex -2.6852091178297997 0.2822268530726433 1
      vertex -2.696299746632576 0.14130707830190659 1
    endloop
  endfacet
  facet normal 0 0 -1
    outer loop
      vertex -2.7811529493745266 8.559508646656381 1
      vertex -2.607999734580517 0.6988114193081856 1
      vertex -2.6409985199570656 0.5613615661859512 1
    endloop
  endfacet
  facet normal 0 0 -1
    outer loop
      vertex -2.7811529493745266 8.559508646656381 1
      vertex -2.6409985199570656 0.5613615661859512 1
      vertex -2.6667585223913193 0.42237305641174316 1
    endloop
  endfacet
  facet normal 0 0 -1
    outer loop
      vertex -2.7811529493745266 8.559508646656381 1
      vertex -2.567852593958378 0.8343458846211433 1
      vertex -2.607999734580517 0.6988114193081856 1
    endloop
  endfacet
  facet normal 0 0 -1
    outer loop
      vertex -2.3293714059226867 8.693332436601615 1
      vertex -2.520667150616646 0.9675934612751007 1
      vertex -2.567852593958378 0.8343458846211433 1
    endloop
  endfacet
  facet normal 0 0 -1
    outer loop
      vertex -2.3293714059226867 8.693332436601615 1
      vertex -2.4665727391839027 1.0981889367103577 1
      vertex -2.520667150616646 0.9675934612751007 1
    endloop
  endfacet
  facet normal 0 0 -1
    outer loop
      vertex -2.3293714059226867 8.693332436601615 1
      vertex -2.405717618763447 1.225774347782135 1
      vertex -2.4665727391839027 1.0981889367103577 1
    endloop
  endfacet
  facet normal 0 0 -1
    outer loop
      vertex -2.3293714059226867 8.693332436601615 1
      vertex -2.338268592953682 1.3500000014901161 1
      vertex -2.405717618763447 1.225774347782135 1
    endloop
  endfacet
  facet normal 0 0 -1
    outer loop
      vertex -2.3293714059226867 8.693332436601615 1
      vertex -2.2644105330109596 1.4705253913998604 1
      vertex -2.338268592953682 1.3500000014901161 1
    endloop
  endfacet
  facet normal 0 0 -1
    outer loop
      vertex -2.3293714059226867 8.693332436601615 1
      vertex -2.1843458861112595 1.587020181119442 1
      vertex -2.2644105330109596 1.4705253913998604 1
    endloop
  endfacet
  facet normal 0 0 -1
    outer loop
      vertex -2.3293714059226867 8.693332436601615 1
      vertex -2.0982940942049026 1.699165053665638 1
      vertex -2.1843458861112595 1.587020181119442 1
    endloop
  endfacet
  facet normal 0 0 -1
    outer loop
      vertex -2.3293714059226867 8.693332436601615 1
      vertex -2.0975809767842293 1.7000000029802322 1
      vertex -2.0982940942049026 1.699165053665638 1
    endloop
  endfacet
  facet normal 0 0 -1
    outer loop
      vertex -2.7811529493745266 8.559508646656381 1
      vertex -2.3293714059226867 8.693332436601615 1
      vertex -2.567852593958378 0.8343458846211433 1
    endloop
  endfacet
  facet normal 0 0 -1
    outer loop
      vertex -2.3293714059226867 8.693332436601615 1
      vertex -1.8712052173598341 8.803328406604251 1
      vertex -2.0975809767842293 1.7000000029802322 1
    endloop
  endfacet
  facet normal 0 0 -1
    outer loop
      vertex -1.8712052173598341 8.803328406604251 1
      vertex -1.407910185362078 8.88919506535624 1
      vertex -2.0975809767842293 1.7000000029802322 1
    endloop
  endfacet
  facet normal 0 0 -1
    outer loop
      vertex -1.407910185362078 8.88919506535624 1
      vertex -0.9407561694088813 8.950697058314459 1
      vertex -2.0975809767842293 1.7000000029802322 1
    endloop
  endfacet
  facet normal 0 0 -1
    outer loop
      vertex -0.9407561694088813 8.950697058314459 1
      vertex -0.4710236061864945 8.987665812791164 1
      vertex -2.0975809767842293 1.7000000029802322 1
    endloop
  endfacet
  facet normal 0 0 -1
    outer loop
      vertex -0.4710236061864945 8.987665812791164 1
      vertex 0 9 1
      vertex -2.0975809767842293 1.7000000029802322 1
    endloop
  endfacet
  facet normal 0 0 -1
    outer loop
      vertex 0 9 1
      vertex 0.4710236061864945 8.987665812791164 1
      vertex -2.0975809767842293 1.7000000029802322 1
    endloop
  endfacet
  facet normal 0 0 -1
    outer loop
      vertex 0.4710236061864945 8.987665812791164 1
      vertex 0.9407561694088813 8.950697058314459 1
      vertex -2.0975809767842293 1.7000000029802322 1
    endloop
  endfacet
  facet normal -0.0784590957278453 0.996917333733128 1.6121740246039315e-16
    outer loop
      vertex -0.9407561694088813 8.950697058314459 1
      vertex -0.5084208038447503 8.984722589505001 5.108068177946749
      vertex -0.4710236061864945 8.987665812791164 1
    endloop
  endfacet
  facet normal -0.026176948307875102 0.9996573249755573 9.869846638251472e-17
    outer loop
      vertex -0.4710236061864945 8.987665812791164 1
      vertex -0.0654199453036798 8.998286918443217 5.001713081556783
      vertex 0 9 1
    endloop
  endfacet
  facet normal -0.13052619222004752 0.9914448613738108 1.1043746627278572e-16
    outer loop
      vertex -1.407910185362078 8.88919506535624 1
      vertex -1.0112712429686843 8.941413572762752 5.515268434634408
      vertex -0.9407561694088813 8.950697058314459 1
    endloop
  endfacet
  facet normal -0.07845909572784254 0.9969173337331281 -2.6594057519113277e-18
    outer loop
      vertex -0.9407561694088813 8.950697058314459 1
      vertex -0.7347315653655915 8.966911546300532 5.238728757031316
      vertex -0.6807987937687838 8.971156147478982 5.20166179006822
    endloop
  endfacet
  facet normal -0.07845909572782948 0.9969173337331292 -6.437186773468147e-16
    outer loop
      vertex -0.9407561694088813 8.950697058314459 1
      vertex -0.7866504888122967 8.96282543840878 5.278567548178787
      vertex -0.7347315653655915 8.966911546300532 5.238728757031316
    endloop
  endfacet
  facet normal -0.07845909572784335 0.996917333733128 -1.3945068309132383e-16
    outer loop
      vertex -0.9407561694088813 8.950697058314459 1
      vertex -0.8364132579485728 8.958909023541436 5.3210689681532575
      vertex -0.7866504888122967 8.96282543840878 5.278567548178787
    endloop
  endfacet
  facet normal -0.07845909572784386 0.9969173337331281 -1.277010590320259e-16
    outer loop
      vertex -0.9407561694088813 8.950697058314459 1
      vertex -0.8838834764831844 8.955173036319424 5.366116523516816
      vertex -0.8364132579485728 8.958909023541436 5.3210689681532575
    endloop
  endfacet
  facet normal -0.07845909572782143 0.9969173337331299 -2.3726795357806708e-15
    outer loop
      vertex -0.9407561694088813 8.950697058314459 1
      vertex -0.5674881246744335 8.980073890538149 5.13624184476454
      vertex -0.5084208038447503 8.984722589505001 5.108068177946749
    endloop
  endfacet
  facet normal -0.07845909572786426 0.9969173337331266 1.5204407684063063e-15
    outer loop
      vertex -0.9407561694088813 8.950697058314459 1
      vertex -0.625 8.975547607787341 5.167468245269452
      vertex -0.5674881246744335 8.980073890538149 5.13624184476454
    endloop
  endfacet
  facet normal -0.026176948307872313 0.9996573249755574 7.80955748422769e-17
    outer loop
      vertex -0.4710236061864945 8.987665812791164 1
      vertex -0.44795993693162534 8.98826975622537 5.083024466878498
      vertex -0.38627124296868426 8.989885131527188 5.061179354631058
    endloop
  endfacet
  facet normal -0.026176948307877177 0.9996573249755574 1.7993830224478304e-16
    outer loop
      vertex -0.4710236061864945 8.987665812791164 1
      vertex -0.38627124296868426 8.989885131527188 5.061179354631058
      vertex -0.3235238063781509 8.991528230980416 5.042592717138665
    endloop
  endfacet
  facet normal -0.02617694830785849 0.9996573249755577 0
    outer loop
      vertex -0.4710236061864945 8.987665812791164 1
      vertex -0.4710236061864945 8.987665812791164 5.092577751481952
      vertex -0.44795993693162534 8.98826975622537 5.083024466878498
    endloop
  endfacet
  facet normal -0.07845909572786293 0.9969173337331265 0
    outer loop
      vertex -0.4710236061864945 8.987665812791164 1
      vertex -0.5084208038447503 8.984722589505001 5.108068177946749
      vertex -0.4710236061864945 8.987665812791164 5.092577751481952
    endloop
  endfacet
  facet normal -0.026176948307862876 0.9996573249755576 -1.1404092693782901e-15
    outer loop
      vertex -0.4710236061864945 8.987665812791164 1
      vertex -0.13066057908456685 8.996578532323907 5.006847630789658
      vertex -0.0654199453036798 8.998286918443217 5.001713081556783
    endloop
  endfacet
  facet normal -0.026176948307868524 0.9996573249755574 -6.611513880155601e-16
    outer loop
      vertex -0.4710236061864945 8.987665812791164 1
      vertex -0.19554308130028858 8.994879524209674 5.015389574256078
      vertex -0.13066057908456685 8.996578532323907 5.006847630789658
    endloop
  endfacet
  facet normal -0.026176948307887686 0.999657324975557 5.63302135585138e-16
    outer loop
      vertex -0.4710236061864945 8.987665812791164 1
      vertex -0.3235238063781509 8.991528230980416 5.042592717138665
      vertex -0.2598896135221992 8.993194550963661 5.027315499082743
    endloop
  endfacet
  facet normal -0.02617694830788207 0.999657324975557 2.6911566705828346e-16
    outer loop
      vertex -0.4710236061864945 8.987665812791164 1
      vertex -0.2598896135221992 8.993194550963661 5.027315499082743
      vertex -0.19554308130028858 8.994879524209674 5.015389574256078
    endloop
  endfacet
  facet normal -0.02617694830788113 0.999657324975557 0
    outer loop
      vertex 0 9 1
      vertex -0.0654199453036798 8.998286918443217 5.001713081556783
      vertex 0 9 5
    endloop
  endfacet
  facet normal -0.07845909572785176 0.9969173337331274 5.690328766173815e-16
    outer loop
      vertex -0.9407561694088813 8.950697058314459 1
      vertex -0.6807987937687838 8.971156147478982 5.20166179006822
      vertex -0.625 8.975547607787341 5.167468245269452
    endloop
  endfacet
  facet normal -0.07845909572785874 0.9969173337331269 6.753963539680846e-17
    outer loop
      vertex -0.9407561694088813 8.950697058314459 1
      vertex -0.9289310318467427 8.951627716824035 5.413586742051427
      vertex -0.8838834764831844 8.955173036319424 5.366116523516816
    endloop
  endfacet
  facet normal -0.07845909572783369 0.9969173337331287 0
    outer loop
      vertex -0.9407561694088813 8.950697058314459 1
      vertex -0.9407561694088813 8.950697058314459 5.427432199235278
      vertex -0.9289310318467427 8.951627716824035 5.413586742051427
    endloop
  endfacet
  facet normal -0.1305261922200726 0.9914448613738076 0
    outer loop
      vertex -0.9407561694088813 8.950697058314459 1
      vertex -0.9714324518212136 8.946658449118178 5.463349511187703
      vertex -0.9407561694088813 8.950697058314459 5.427432199235278
    endloop
  endfacet
  facet normal -0.13052619222004017 0.9914448613738119 2.2681162225171006e-16
    outer loop
      vertex -0.9407561694088813 8.950697058314459 1
      vertex -1.0112712429686843 8.941413572762752 5.515268434634408
      vertex -0.9714324518212136 8.946658449118178 5.463349511187703
    endloop
  endfacet
  facet normal -0.13052619222006867 0.9914448613738082 1.6692634420791962e-15
    outer loop
      vertex -1.407910185362078 8.88919506535624 1
      vertex -1.0825317547305482 8.932031948409946 5.625
      vertex -1.0483382099317802 8.936533613984071 5.569201206231217
    endloop
  endfacet
  facet normal -0.13052619222004488 0.9914448613738114 -3.9481003896086625e-17
    outer loop
      vertex -1.407910185362078 8.88919506535624 1
      vertex -1.1137581552354598 8.92792091479281 5.682511875325567
      vertex -1.0825317547305482 8.932031948409946 5.625
    endloop
  endfacet
  facet normal -0.13052619222001421 0.9914448613738154 -1.9938869068339564e-15
    outer loop
      vertex -1.407910185362078 8.88919506535624 1
      vertex -1.141931822053251 8.924211781190055 5.74157919615525
      vertex -1.1137581552354598 8.92792091479281 5.682511875325567
    endloop
  endfacet
  facet normal -0.13052619222003328 0.9914448613738129 -1.1571080719948061e-15
    outer loop
      vertex -1.407910185362078 8.88919506535624 1
      vertex -1.0483382099317802 8.936533613984071 5.569201206231217
      vertex -1.0112712429686843 8.941413572762752 5.515268434634408
    endloop
  endfacet
  facet normal -0.13052619222004574 0.991444861373811 -1.9532344804082769e-16
    outer loop
      vertex -1.407910185362078 8.88919506535624 1
      vertex -1.1669755331215022 8.920914714079062 5.802040063068374
      vertex -1.141931822053251 8.924211781190055 5.74157919615525
    endloop
  endfacet
  facet normal -0.1305261922200692 0.991444861373808 1.003002395654619e-15
    outer loop
      vertex -1.407910185362078 8.88919506535624 1
      vertex -1.1888206453689418 8.91803875049161 5.863728757031316
      vertex -1.1669755331215022 8.920914714079062 5.802040063068374
    endloop
  endfacet
  facet normal -0.13052619222008455 0.9914448613738062 1.7132161068665626e-15
    outer loop
      vertex -1.407910185362078 8.88919506535624 1
      vertex -1.2074072828613354 8.915591773243984 5.926476193621849
      vertex -1.1888206453689418 8.91803875049161 5.863728757031316
    endloop
  endfacet
  facet normal -0.13052619221997672 0.9914448613738202 -2.7587400309673584e-15
    outer loop
      vertex -1.407910185362078 8.88919506535624 1
      vertex -1.2226845009172571 8.913580489330736 5.9901103864778005
      vertex -1.2074072828613354 8.915591773243984 5.926476193621849
    endloop
  endfacet
  facet normal -0.13052619222005413 0.99144486137381 1.6813841690986651e-16
    outer loop
      vertex -1.407910185362078 8.88919506535624 1
      vertex -1.2346104257439223 8.912010411541265 6.054456918699711
      vertex -1.2226845009172571 8.913580489330736 5.9901103864778005
    endloop
  endfacet
  facet normal -0.1305261922200815 0.9914448613738065 1.1199498641316687e-15
    outer loop
      vertex -1.407910185362078 8.88919506535624 1
      vertex -1.2431523692103417 8.91088584334966 6.119339420915433
      vertex -1.2346104257439223 8.912010411541265 6.054456918699711
    endloop
  endfacet
  facet normal -0.13052619221999293 0.9914448613738183 -1.791258399454732e-15
    outer loop
      vertex -1.407910185362078 8.88919506535624 1
      vertex -1.2482869184432173 8.910209867119168 6.18458005469632
      vertex -1.2431523692103417 8.91088584334966 6.119339420915433
    endloop
  endfacet
  facet normal -0.13052619221991812 0.991444861373828 -4.1147384021292994e-15
    outer loop
      vertex -1.407910185362078 8.88919506535624 1
      vertex -1.25 8.909984335653647 6.25
      vertex -1.2482869184432173 8.910209867119168 6.18458005469632
    endloop
  endfacet
  facet normal -0.1305261922219962 0.9914448613735544 5.959516416567608e-14
    outer loop
      vertex -1.407910185362078 8.88919506535624 1
      vertex -1.2482869184432173 8.910209867119168 6.31541994530368
      vertex -1.25 8.909984335653647 6.25
    endloop
  endfacet
  facet normal -0.9996573249755574 0.026176948307875102 3.046115112784831e-20
    outer loop
      vertex -9 0 1
      vertex -8.987665812791164 0.4710236061864945 26
      vertex -8.987665812791164 0.4710236061864945 1
    endloop
  endfacet
  facet normal -0.996917333733128 0.0784590957278453 -5.999253010989882e-20
    outer loop
      vertex -8.987665812791164 0.4710236061864945 1
      vertex -8.950697058314459 0.9407561694088813 26
      vertex -8.950697058314459 0.9407561694088813 1
    endloop
  endfacet
  facet normal -0.991444861373811 0.13052619222004755 1.4296642670393598e-19
    outer loop
      vertex -8.950697058314459 0.9407561694088813 1
      vertex -8.88919506535624 1.407910185362078 26
      vertex -8.88919506535624 1.407910185362078 1
    endloop
  endfacet
  facet normal -0.9832549075639544 0.18223552549214822 1.6548563345906259e-19
    outer loop
      vertex -8.88919506535624 1.407910185362078 1
      vertex -8.803328406604251 1.8712052173598341 26
      vertex -8.803328406604251 1.8712052173598341 1
    endloop
  endfacet
  facet normal -0.9723699203976767 0.23344536385590534 2.2681163629158487e-19
    outer loop
      vertex -8.803328406604251 1.8712052173598341 1
      vertex -8.693332436601615 2.3293714059226867 26
      vertex -8.693332436601615 2.3293714059226867 1
    endloop
  endfacet
  facet normal -0.9588197348681922 0.284015344703926 -1.0551576054058119e-19
    outer loop
      vertex -8.693332436601615 2.3293714059226867 1
      vertex -8.559508646656381 2.7811529493745266 26
      vertex -8.559508646656381 2.7811529493745266 1
    endloop
  endfacet
  facet normal -0.9426414910921794 0.33380685923376796 4.951224263238659e-19
    outer loop
      vertex -8.559508646656381 2.7811529493745266 1
      vertex -8.402223838474816 3.2253115459077026 26
      vertex -8.402223838474816 3.2253115459077026 1
    endloop
  endfacet
  facet normal -0.9238795325112865 0.3826834323650903 3.00793355715976e-19
    outer loop
      vertex -8.402223838474816 3.2253115459077026 1
      vertex -8.221909118783408 3.660629787682202 26
      vertex -8.221909118783408 3.660629787682202 1
    endloop
  endfacet
  facet normal -0.9025852843498606 0.43051109680829525 -1.98834933674405e-19
    outer loop
      vertex -8.221909118783408 3.660629787682202 1
      vertex -8.01905871769531 4.085914497655922 26
      vertex -8.01905871769531 4.085914497655922 1
    endloop
  endfacet
  facet normal -0.8788171126619647 0.4771587602596095 4.933551506685922e-19
    outer loop
      vertex -8.01905871769531 4.085914497655922 1
      vertex -7.794228634059947 4.5 26
      vertex -7.794228634059947 4.5 1
    endloop
  endfacet
  facet normal -0.8526401643540937 0.5224985647159466 -2.7441465940726454e-20
    outer loop
      vertex -7.794228634059947 4.5 1
      vertex -7.548035111508817 4.901751315135244 26
      vertex -7.548035111508817 4.901751315135244 1
    endloop
  endfacet
  facet normal -0.8241261886220153 0.5664062369248335 -1.836625760319393e-19
    outer loop
      vertex -7.548035111508817 4.901751315135244 1
      vertex -7.281152949374527 5.2900672706322585 26
      vertex -7.281152949374527 5.2900672706322585 1
    endloop
  endfacet
  facet normal -0.7933533402912347 0.6087614290087211 1.2052416506332966e-19
    outer loop
      vertex -7.281152949374527 5.2900672706322585 1
      vertex -6.994313653112738 5.663883519448537 26
      vertex -6.994313653112738 5.663883519448537 1
    endloop
  endfacet
  facet normal -0.760405965600031 0.6494480483301837 -2.6876704100026184e-19
    outer loop
      vertex -6.994313653112738 5.663883519448537 1
      vertex -6.688303429296548 6.022175457229724 26
      vertex -6.688303429296548 6.022175457229724 1
    endloop
  endfacet
  facet normal -0.7253743710122891 0.6883545756937524 -7.67009511908142e-20
    outer loop
      vertex -6.688303429296548 6.022175457229724 1
      vertex -6.3639610306789285 6.3639610306789285 26
      vertex -6.3639610306789285 6.3639610306789285 1
    endloop
  endfacet
  facet normal -0.6883545756937524 0.7253743710122891 0
    outer loop
      vertex -6.3639610306789285 6.3639610306789285 1
      vertex -6.3639610306789285 6.3639610306789285 26
      vertex -6.022175457229724 6.688303429296548 1
    endloop
  endfacet
  facet normal -0.6494480483301837 0.760405965600031 0
    outer loop
      vertex -6.022175457229724 6.688303429296548 1
      vertex -6.022175457229724 6.688303429296548 26
      vertex -5.663883519448537 6.994313653112738 1
    endloop
  endfacet
  facet normal -0.6087614290087211 0.7933533402912347 0
    outer loop
      vertex -5.663883519448537 6.994313653112738 1
      vertex -5.663883519448537 6.994313653112738 26
      vertex -5.2900672706322585 7.281152949374527 1
    endloop
  endfacet
  facet normal -0.5664062369248335 0.8241261886220153 0
    outer loop
      vertex -5.2900672706322585 7.281152949374527 1
      vertex -5.2900672706322585 7.281152949374527 26
      vertex -4.901751315135244 7.548035111508817 1
    endloop
  endfacet
  facet normal -0.5224985647159466 0.8526401643540937 0
    outer loop
      vertex -4.901751315135244 7.548035111508817 1
      vertex -4.901751315135244 7.548035111508817 26
      vertex -4.5 7.794228634059947 1
    endloop
  endfacet
  facet normal -0.4771587602596095 0.8788171126619647 0
    outer loop
      vertex -4.5 7.794228634059947 1
      vertex -4.5 7.794228634059947 26
      vertex -4.085914497655922 8.01905871769531 1
    endloop
  endfacet
  facet normal -0.43051109680829525 0.9025852843498606 0
    outer loop
      vertex -4.085914497655922 8.01905871769531 1
      vertex -4.085914497655922 8.01905871769531 26
      vertex -3.660629787682202 8.221909118783408 1
    endloop
  endfacet
  facet normal -0.3826834323650903 0.9238795325112865 0
    outer loop
      vertex -3.660629787682202 8.221909118783408 1
      vertex -3.660629787682202 8.221909118783408 26
      vertex -3.2253115459077026 8.402223838474816 1
    endloop
  endfacet
  facet normal -0.33380685923376796 0.9426414910921794 0
    outer loop
      vertex -3.2253115459077026 8.402223838474816 1
      vertex -3.2253115459077026 8.402223838474816 26
      vertex -2.7811529493745266 8.559508646656381 1
    endloop
  endfacet
  facet normal -0.284015344703926 0.9588197348681922 0
    outer loop
      vertex -2.7811529493745266 8.559508646656381 1
      vertex -2.7811529493745266 8.559508646656381 26
      vertex -2.3293714059226867 8.693332436601615 1
    endloop
  endfacet
  facet normal -0.23344536385590534 0.9723699203976767 0
    outer loop
      vertex -2.3293714059226867 8.693332436601615 1
      vertex -2.3293714059226867 8.693332436601615 26
      vertex -1.8712052173598341 8.803328406604251 1
    endloop
  endfacet
  facet normal -0.18223552549214822 0.9832549075639544 0
    outer loop
      vertex -1.8712052173598341 8.803328406604251 1
      vertex -1.8712052173598341 8.803328406604251 26
      vertex -1.407910185362078 8.88919506535624 1
    endloop
  endfacet
  facet normal -0.1305261922200498 0.9914448613738107 0
    outer loop
      vertex -1.407910185362078 8.88919506535624 1
      vertex -1.407910185362078 8.88919506535624 26
      vertex -1.2482869184432173 8.910209867119168 6.31541994530368
    endloop
  endfacet
  facet normal -0.1305261922199777 0.99144486137382 5.929333627581818e-16
    outer loop
      vertex -1.407910185362078 8.88919506535624 26
      vertex -1.2431523692103417 8.91088584334966 6.380660579084567
      vertex -1.2482869184432173 8.910209867119168 6.31541994530368
    endloop
  endfacet
  facet normal -0.13052619222008735 0.9914448613738056 -3.4251210144501917e-16
    outer loop
      vertex -1.407910185362078 8.88919506535624 26
      vertex -1.2346104257439223 8.912010411541265 6.445543081300289
      vertex -1.2431523692103417 8.91088584334966 6.380660579084567
    endloop
  endfacet
  facet normal -0.1305261922200546 0.99144486137381 -4.822598943794091e-17
    outer loop
      vertex -1.407910185362078 8.88919506535624 26
      vertex -1.2226845009172571 8.913580489330736 6.5098896135221995
      vertex -1.2346104257439223 8.912010411541265 6.445543081300289
    endloop
  endfacet
  facet normal -0.13052619221996872 0.9914448613738213 7.833566882356121e-16
    outer loop
      vertex -1.407910185362078 8.88919506535624 26
      vertex -1.2074072828613354 8.915591773243984 6.573523806378151
      vertex -1.2226845009172571 8.913580489330736 6.5098896135221995
    endloop
  endfacet
  facet normal -0.13052619222008857 0.9914448613738055 -4.764542990820424e-16
    outer loop
      vertex -1.407910185362078 8.88919506535624 26
      vertex -1.1888206453689418 8.91803875049161 6.636271242968684
      vertex -1.2074072828613354 8.915591773243984 6.573523806378151
    endloop
  endfacet
  facet normal -0.13052619222007125 0.9914448613738079 -2.7550709244425425e-16
    outer loop
      vertex -1.407910185362078 8.88919506535624 26
      vertex -1.1669755331215022 8.920914714079062 6.697959936931626
      vertex -1.1888206453689418 8.91803875049161 6.636271242968684
    endloop
  endfacet
  facet normal -0.1305261922200452 0.9914448613738114 5.260430140700103e-17
    outer loop
      vertex -1.407910185362078 8.88919506535624 26
      vertex -1.141931822053251 8.924211781190055 6.75842080384475
      vertex -1.1669755331215022 8.920914714079062 6.697959936931626
    endloop
  endfacet
  facet normal -0.1305261922200111 0.9914448613738158 5.32815623431737e-16
    outer loop
      vertex -1.407910185362078 8.88919506535624 26
      vertex -1.1137581552354598 8.92792091479281 6.817488124674433
      vertex -1.141931822053251 8.924211781190055 6.75842080384475
    endloop
  endfacet
  facet normal -0.13052619222004472 0.9914448613738114 1.1673255594521674e-17
    outer loop
      vertex -1.407910185362078 8.88919506535624 26
      vertex -1.0825317547305482 8.932031948409946 6.875
      vertex -1.1137581552354598 8.92792091479281 6.817488124674433
    endloop
  endfacet
  facet normal -0.1305261922200708 0.9914448613738079 -4.383678805027813e-16
    outer loop
      vertex -1.407910185362078 8.88919506535624 26
      vertex -1.0483382099317802 8.936533613984071 6.930798793768783
      vertex -1.0825317547305482 8.932031948409946 6.875
    endloop
  endfacet
  facet normal -0.13052619222003228 0.991444861373813 2.9804426420629236e-16
    outer loop
      vertex -1.407910185362078 8.88919506535624 26
      vertex -1.0112712429686843 8.941413572762752 6.984731565365592
      vertex -1.0483382099317802 8.936533613984071 6.930798793768783
    endloop
  endfacet
  facet normal -0.1305261922200407 0.9914448613738119 1.214688659729622e-16
    outer loop
      vertex -1.407910185362078 8.88919506535624 26
      vertex -0.9714324518212136 8.946658449118178 7.036650488812297
      vertex -1.0112712429686843 8.941413572762752 6.984731565365592
    endloop
  endfacet
  facet normal -0.13052619222007167 0.9914448613738077 -6.090794910235739e-16
    outer loop
      vertex -1.407910185362078 8.88919506535624 26
      vertex -0.9407561694088813 8.950697058314459 7.072567800764722
      vertex -0.9714324518212136 8.946658449118178 7.036650488812297
    endloop
  endfacet
  facet normal -0.07845909572783369 0.9969173337331289 0
    outer loop
      vertex -0.9407561694088813 8.950697058314459 26
      vertex -0.9289310318467427 8.951627716824035 7.086413257948573
      vertex -0.9407561694088813 8.950697058314459 7.072567800764722
    endloop
  endfacet
  facet normal -0.0784590957278588 0.9969173337331269 -1.5794048084412874e-17
    outer loop
      vertex -0.9407561694088813 8.950697058314459 26
      vertex -0.8838834764831844 8.955173036319424 7.133883476483184
      vertex -0.9289310318467427 8.951627716824035 7.086413257948573
    endloop
  endfacet
  facet normal -0.07845909572784378 0.996917333733128 2.98155443020231e-17
    outer loop
      vertex -0.9407561694088813 8.950697058314459 26
      vertex -0.8364132579485728 8.958909023541436 7.1789310318467425
      vertex -0.8838834764831844 8.955173036319424 7.133883476483184
    endloop
  endfacet
  facet normal -0.07845909572784326 0.9969173337331281 3.265321178305522e-17
    outer loop
      vertex -0.9407561694088813 8.950697058314459 26
      vertex -0.7866504888122967 8.96282543840878 7.221432451821213
      vertex -0.8364132579485728 8.958909023541436 7.1789310318467425
    endloop
  endfacet
  facet normal -0.07845909572782907 0.9969173337331293 1.4978718233038522e-16
    outer loop
      vertex -0.9407561694088813 8.950697058314459 26
      vertex -0.7347315653655915 8.966911546300532 7.261271242968684
      vertex -0.7866504888122967 8.96282543840878 7.221432451821213
    endloop
  endfacet
  facet normal -0.07845909572784263 0.9969173337331282 7.931312837532117e-19
    outer loop
      vertex -0.9407561694088813 8.950697058314459 26
      vertex -0.6807987937687838 8.971156147478982 7.29833820993178
      vertex -0.7347315653655915 8.966911546300532 7.261271242968684
    endloop
  endfacet
  facet normal -0.07845909572785202 0.9969173337331274 -1.3154658555372145e-16
    outer loop
      vertex -0.9407561694088813 8.950697058314459 26
      vertex -0.625 8.975547607787341 7.332531754730548
      vertex -0.6807987937687838 8.971156147478982 7.29833820993178
    endloop
  endfacet
  facet normal -0.07845909572786493 0.9969173337331263 -3.503467414327305e-16
    outer loop
      vertex -0.9407561694088813 8.950697058314459 26
      vertex -0.5674881246744335 8.980073890538149 7.36375815523546
      vertex -0.625 8.975547607787341 7.332531754730548
    endloop
  endfacet
  facet normal -0.07845909572782062 0.9969173337331299 5.439284257238447e-16
    outer loop
      vertex -0.9407561694088813 8.950697058314459 26
      vertex -0.5084208038447503 8.984722589505001 7.391931822053251
      vertex -0.5674881246744335 8.980073890538149 7.36375815523546
    endloop
  endfacet
  facet normal -0.07845909572786278 0.9969173337331266 -4.438100649913985e-16
    outer loop
      vertex -0.9407561694088813 8.950697058314459 26
      vertex -0.4710236061864945 8.987665812791164 7.407422248518048
      vertex -0.5084208038447503 8.984722589505001 7.391931822053251
    endloop
  endfacet
  facet normal -0.02617694830785849 0.9996573249755577 0
    outer loop
      vertex -0.4710236061864945 8.987665812791164 26
      vertex -0.44795993693162534 8.98826975622537 7.416975533121502
      vertex -0.4710236061864945 8.987665812791164 7.407422248518048
    endloop
  endfacet
  facet normal -0.026176948307872327 0.9996573249755574 -1.7189133161291627e-17
    outer loop
      vertex -0.4710236061864945 8.987665812791164 26
      vertex -0.38627124296868426 8.989885131527188 7.438820645368942
      vertex -0.44795993693162534 8.98826975622537 7.416975533121502
    endloop
  endfacet
  facet normal -0.02617694830787722 0.9996573249755571 -3.9528100975864076e-17
    outer loop
      vertex -0.4710236061864945 8.987665812791164 26
      vertex -0.3235238063781509 8.991528230980416 7.457407282861335
      vertex -0.38627124296868426 8.989885131527188 7.438820645368942
    endloop
  endfacet
  facet normal -0.026176948307887794 0.9996573249755569 -1.2365565352170761e-16
    outer loop
      vertex -0.4710236061864945 8.987665812791164 26
      vertex -0.2598896135221992 8.993194550963661 7.472684500917257
      vertex -0.3235238063781509 8.991528230980416 7.457407282861335
    endloop
  endfacet
  facet normal -0.026176948307882114 0.9996573249755571 -5.897831013288686e-17
    outer loop
      vertex -0.4710236061864945 8.987665812791164 26
      vertex -0.19554308130028858 8.994879524209674 7.484610425743922
      vertex -0.2598896135221992 8.993194550963661 7.472684500917257
    endloop
  endfacet
  facet normal -0.02617694830786847 0.9996573249755575 1.4434660178654265e-16
    outer loop
      vertex -0.4710236061864945 8.987665812791164 26
      vertex -0.13066057908456685 8.996578532323907 7.493152369210342
      vertex -0.19554308130028858 8.994879524209674 7.484610425743922
    endloop
  endfacet
  facet normal -0.0261769483078628 0.9996573249755577 2.482093117548058e-16
    outer loop
      vertex -0.4710236061864945 8.987665812791164 26
      vertex -0.0654199453036798 8.998286918443217 7.498286918443217
      vertex -0.13066057908456685 8.996578532323907 7.493152369210342
    endloop
  endfacet
  facet normal -0.026176948307881143 0.9996573249755571 -1.5391690524383334e-16
    outer loop
      vertex -0.4710236061864945 8.987665812791164 26
      vertex 0 9 7.5
      vertex -0.0654199453036798 8.998286918443217 7.498286918443217
    endloop
  endfacet
  facet normal -0.9996573249755574 0.026176948307875102 0
    outer loop
      vertex -9 0 1
      vertex -9 0 26
      vertex -8.987665812791164 0.4710236061864945 26
    endloop
  endfacet
  facet normal -0.996917333733128 0.0784590957278453 0
    outer loop
      vertex -8.987665812791164 0.4710236061864945 1
      vertex -8.987665812791164 0.4710236061864945 26
      vertex -8.950697058314459 0.9407561694088813 26
    endloop
  endfacet
  facet normal -0.991444861373811 0.13052619222004755 0
    outer loop
      vertex -8.950697058314459 0.9407561694088813 1
      vertex -8.950697058314459 0.9407561694088813 26
      vertex -8.88919506535624 1.407910185362078 26
    endloop
  endfacet
  facet normal -0.9832549075639544 0.18223552549214822 0
    outer loop
      vertex -8.88919506535624 1.407910185362078 1
      vertex -8.88919506535624 1.407910185362078 26
      vertex -8.803328406604251 1.8712052173598341 26
    endloop
  endfacet
  facet normal -0.9723699203976767 0.23344536385590534 0
    outer loop
      vertex -8.803328406604251 1.8712052173598341 1
      vertex -8.803328406604251 1.8712052173598341 26
      vertex -8.693332436601615 2.3293714059226867 26
    endloop
  endfacet
  facet normal -0.9588197348681922 0.284015344703926 0
    outer loop
      vertex -8.693332436601615 2.3293714059226867 1
      vertex -8.693332436601615 2.3293714059226867 26
      vertex -8.559508646656381 2.7811529493745266 26
    endloop
  endfacet
  facet normal -0.9426414910921794 0.33380685923376796 0
    outer loop
      vertex -8.559508646656381 2.7811529493745266 1
      vertex -8.559508646656381 2.7811529493745266 26
      vertex -8.402223838474816 3.2253115459077026 26
    endloop
  endfacet
  facet normal -0.9238795325112865 0.3826834323650903 0
    outer loop
      vertex -8.402223838474816 3.2253115459077026 1
      vertex -8.402223838474816 3.2253115459077026 26
      vertex -8.221909118783408 3.660629787682202 26
    endloop
  endfacet
  facet normal -0.9025852843498606 0.43051109680829525 0
    outer loop
      vertex -8.221909118783408 3.660629787682202 1
      vertex -8.221909118783408 3.660629787682202 26
      vertex -8.01905871769531 4.085914497655922 26
    endloop
  endfacet
  facet normal -0.8788171126619647 0.4771587602596095 0
    outer loop
      vertex -8.01905871769531 4.085914497655922 1
      vertex -8.01905871769531 4.085914497655922 26
      vertex -7.794228634059947 4.5 26
    endloop
  endfacet
  facet normal -0.8526401643540937 0.5224985647159466 0
    outer loop
      vertex -7.794228634059947 4.5 1
      vertex -7.794228634059947 4.5 26
      vertex -7.548035111508817 4.901751315135244 26
    endloop
  endfacet
  facet normal -0.8241261886220153 0.5664062369248335 0
    outer loop
      vertex -7.548035111508817 4.901751315135244 1
      vertex -7.548035111508817 4.901751315135244 26
      vertex -7.281152949374527 5.2900672706322585 26
    endloop
  endfacet
  facet normal -0.7933533402912347 0.6087614290087211 0
    outer loop
      vertex -7.281152949374527 5.2900672706322585 1
      vertex -7.281152949374527 5.2900672706322585 26
      vertex -6.994313653112738 5.663883519448537 26
    endloop
  endfacet
  facet normal -0.760405965600031 0.6494480483301837 0
    outer loop
      vertex -6.994313653112738 5.663883519448537 1
      vertex -6.994313653112738 5.663883519448537 26
      vertex -6.688303429296548 6.022175457229724 26
    endloop
  endfacet
  facet normal -0.7253743710122891 0.6883545756937524 0
    outer loop
      vertex -6.688303429296548 6.022175457229724 1
      vertex -6.688303429296548 6.022175457229724 26
      vertex -6.3639610306789285 6.3639610306789285 26
    endloop
  endfacet
  facet normal -0.6883545756937524 0.7253743710122891 0
    outer loop
      vertex -6.022175457229724 6.688303429296548 1
      vertex -6.3639610306789285 6.3639610306789285 26
      vertex -6.022175457229724 6.688303429296548 26
    endloop
  endfacet
  facet normal -0.6494480483301837 0.760405965600031 0
    outer loop
      vertex -5.663883519448537 6.994313653112738 1
      vertex -6.022175457229724 6.688303429296548 26
      vertex -5.663883519448537 6.994313653112738 26
    endloop
  endfacet
  facet normal -0.6087614290087211 0.7933533402912347 0
    outer loop
      vertex -5.2900672706322585 7.281152949374527 1
      vertex -5.663883519448537 6.994313653112738 26
      vertex -5.2900672706322585 7.281152949374527 26
    endloop
  endfacet
  facet normal -0.5664062369248335 0.8241261886220153 0
    outer loop
      vertex -4.901751315135244 7.548035111508817 1
      vertex -5.2900672706322585 7.281152949374527 26
      vertex -4.901751315135244 7.548035111508817 26
    endloop
  endfacet
  facet normal -0.5224985647159466 0.8526401643540937 0
    outer loop
      vertex -4.5 7.794228634059947 1
      vertex -4.901751315135244 7.548035111508817 26
      vertex -4.5 7.794228634059947 26
    endloop
  endfacet
  facet normal -0.4771587602596095 0.8788171126619647 0
    outer loop
      vertex -4.085914497655922 8.01905871769531 1
      vertex -4.5 7.794228634059947 26
      vertex -4.085914497655922 8.01905871769531 26
    endloop
  endfacet
  facet normal -0.43051109680829525 0.9025852843498606 0
    outer loop
      vertex -3.660629787682202 8.221909118783408 1
      vertex -4.085914497655922 8.01905871769531 26
      vertex -3.660629787682202 8.221909118783408 26
    endloop
  endfacet
  facet normal -0.3826834323650903 0.9238795325112865 0
    outer loop
      vertex -3.2253115459077026 8.402223838474816 1
      vertex -3.660629787682202 8.221909118783408 26
      vertex -3.2253115459077026 8.402223838474816 26
    endloop
  endfacet
  facet normal -0.33380685923376796 0.9426414910921794 0
    outer loop
      vertex -2.7811529493745266 8.559508646656381 1
      vertex -3.2253115459077026 8.402223838474816 26
      vertex -2.7811529493745266 8.559508646656381 26
    endloop
  endfacet
  facet normal -0.284015344703926 0.9588197348681922 0
    outer loop
      vertex -2.3293714059226867 8.693332436601615 1
      vertex -2.7811529493745266 8.559508646656381 26
      vertex -2.3293714059226867 8.693332436601615 26
    endloop
  endfacet
  facet normal -0.23344536385590534 0.9723699203976767 0
    outer loop
      vertex -1.8712052173598341 8.803328406604251 1
      vertex -2.3293714059226867 8.693332436601615 26
      vertex -1.8712052173598341 8.803328406604251 26
    endloop
  endfacet
  facet normal -0.18223552549214822 0.9832549075639544 0
    outer loop
      vertex -1.407910185362078 8.88919506535624 1
      vertex -1.8712052173598341 8.803328406604251 26
      vertex -1.407910185362078 8.88919506535624 26
    endloop
  endfacet
  facet normal -0.13052619222004755 0.9914448613738109 1.888349476028135e-19
    outer loop
      vertex -1.407910185362078 8.88919506535624 26
      vertex -0.9407561694088813 8.950697058314459 26
      vertex -0.9407561694088813 8.950697058314459 7.072567800764722
    endloop
  endfacet
  facet normal -0.07845909572784528 0.9969173337331279 -8.066731105254759e-20
    outer loop
      vertex -0.9407561694088813 8.950697058314459 26
      vertex -0.4710236061864945 8.987665812791164 26
      vertex -0.4710236061864945 8.987665812791164 7.407422248518048
    endloop
  endfacet
  facet normal -0.026176948307875102 0.9996573249755573 4.1163717740335555e-20
    outer loop
      vertex -0.4710236061864945 8.987665812791164 26
      vertex 0 9 26
      vertex 0 9 7.5
    endloop
  endfacet
  facet normal 0 0 -1
    outer loop
      vertex -0.9407561694088813 -8.950697058314459 1
      vertex 2.0975809767842293 -1.7000000029802322 1
      vertex -0.4710236061864945 -8.987665812791164 1
    endloop
  endfacet
  facet normal 0 0 -1
    outer loop
      vertex -0.4710236061864945 -8.987665812791164 1
      vertex 2.0975809767842293 -1.7000000029802322 1
      vertex 0 -9 1
    endloop
  endfacet
  facet normal 0 0 -1
    outer loop
      vertex 0 -9 1
      vertex 2.0975809767842293 -1.7000000029802322 1
      vertex 0.4710236061864945 -8.987665812791164 1
    endloop
  endfacet
  facet normal 0 0 -1
    outer loop
      vertex 0.4710236061864945 -8.987665812791164 1
      vertex 2.0975809767842293 -1.7000000029802322 1
      vertex 0.9407561694088813 -8.950697058314459 1
    endloop
  endfacet
  facet normal 0 0 -1
    outer loop
      vertex 0.9407561694088813 -8.950697058314459 1
      vertex 2.0975809767842293 -1.7000000029802322 1
      vertex 1.407910185362078 -8.88919506535624 1
    endloop
  endfacet
  facet normal 0 0 -1
    outer loop
      vertex 1.407910185362078 -8.88919506535624 1
      vertex 2.0975809767842293 -1.7000000029802322 1
      vertex 1.8712052173598341 -8.803328406604251 1
    endloop
  endfacet
  facet normal 0 0 -1
    outer loop
      vertex 1.8712052173598341 -8.803328406604251 1
      vertex 2.0975809767842293 -1.7000000029802322 1
      vertex 2.3293714059226867 -8.693332436601615 1
    endloop
  endfacet
  facet normal 0 0 -1
    outer loop
      vertex 2.3293714059226867 -8.693332436601615 1
      vertex 2.567852593958378 -0.8343458846211433 1
      vertex 2.7811529493745266 -8.559508646656381 1
    endloop
  endfacet
  facet normal 0 0 -1
    outer loop
      vertex 2.3293714059226867 -8.693332436601615 1
      vertex 2.1843458861112595 -1.587020181119442 1
      vertex 2.2644105330109596 -1.4705253913998604 1
    endloop
  endfacet
  facet normal 0 0 -1
    outer loop
      vertex 2.3293714059226867 -8.693332436601615 1
      vertex 2.0982940942049026 -1.699165053665638 1
      vertex 2.1843458861112595 -1.587020181119442 1
    endloop
  endfacet
  facet normal 0 0 -1
    outer loop
      vertex 2.3293714059226867 -8.693332436601615 1
      vertex 2.0975809767842293 -1.7000000029802322 1
      vertex 2.0982940942049026 -1.699165053665638 1
    endloop
  endfacet
  facet normal 0 0 -1
    outer loop
      vertex 2.3293714059226867 -8.693332436601615 1
      vertex 2.2644105330109596 -1.4705253913998604 1
      vertex 2.338268592953682 -1.3500000014901161 1
    endloop
  endfacet
  facet normal 0 0 -1
    outer loop
      vertex 2.3293714059226867 -8.693332436601615 1
      vertex 2.338268592953682 -1.3500000014901161 1
      vertex 2.405717618763447 -1.225774347782135 1
    endloop
  endfacet
  facet normal 0 0 -1
    outer loop
      vertex 2.3293714059226867 -8.693332436601615 1
      vertex 2.4665727391839027 -1.0981889367103577 1
      vertex 2.520667150616646 -0.9675934612751007 1
    endloop
  endfacet
  facet normal 0 0 -1
    outer loop
      vertex 2.3293714059226867 -8.693332436601615 1
      vertex 2.405717618763447 -1.225774347782135 1
      vertex 2.4665727391839027 -1.0981889367103577 1
    endloop
  endfacet
  facet normal 0 0 -1
    outer loop
      vertex 2.3293714059226867 -8.693332436601615 1
      vertex 2.520667150616646 -0.9675934612751007 1
      vertex 2.567852593958378 -0.8343458846211433 1
    endloop
  endfacet
  facet normal 0 0 -1
    outer loop
      vertex 2.7811529493745266 -8.559508646656381 1
      vertex 2.567852593958378 -0.8343458846211433 1
      vertex 2.607999734580517 -0.6988114193081856 1
    endloop
  endfacet
  facet normal 0 0 -1
    outer loop
      vertex 2.7811529493745266 -8.559508646656381 1
      vertex 2.607999734580517 -0.6988114193081856 1
      vertex 2.6409985199570656 -0.5613615661859512 1
    endloop
  endfacet
  facet normal 0 0 -1
    outer loop
      vertex 2.7811529493745266 -8.559508646656381 1
      vertex 2.6409985199570656 -0.5613615661859512 1
      vertex 2.6667585223913193 -0.42237305641174316 1
    endloop
  endfacet
  facet normal 0 0 -1
    outer loop
      vertex 2.7811529493745266 -8.559508646656381 1
      vertex 2.6667585223913193 -0.42237305641174316 1
      vertex 2.6852091178297997 -0.2822268530726433 1
    endloop
  endfacet
  facet normal 0 0 -1
    outer loop
      vertex 2.7811529493745266 -8.559508646656381 1
      vertex 2.6852091178297997 -0.2822268530726433 1
      vertex 2.696299746632576 -0.14130707830190659 1
    endloop
  endfacet
  facet normal 0 0 -1
    outer loop
      vertex 2.7811529493745266 -8.559508646656381 1
      vertex 2.696299746632576 -0.14130707830190659 1
      vertex 2.7000000029802322 0 1
    endloop
  endfacet
  facet normal 0 0 -1
    outer loop
      vertex 2.7811529493745266 -8.559508646656381 1
      vertex 3.2253115459077026 8.402223838474816 1
      vertex 3.2253115459077026 -8.402223838474816 1
    endloop
  endfacet
  facet normal 0 0 -1
    outer loop
      vertex 3.2253115459077026 -8.402223838474816 1
      vertex 3.660629787682202 8.221909118783408 1
      vertex 3.660629787682202 -8.221909118783408 1
    endloop
  endfacet
  facet normal 0 0 -1
    outer loop
      vertex 3.660629787682202 -8.221909118783408 1
      vertex 4.085914497655922 8.01905871769531 1
      vertex 4.085914497655922 -8.01905871769531 1
    endloop
  endfacet
  facet normal 0 0 -1
    outer loop
      vertex 4.085914497655922 -8.01905871769531 1
      vertex 4.5 7.794228634059947 1
      vertex 4.5 -7.794228634059947 1
    endloop
  endfacet
  facet normal 0 0 -1
    outer loop
      vertex 4.5 -7.794228634059947 1
      vertex 4.901751315135244 7.548035111508817 1
      vertex 4.901751315135244 -7.548035111508817 1
    endloop
  endfacet
  facet normal 0 0 -1
    outer loop
      vertex 4.901751315135244 -7.548035111508817 1
      vertex 5.2900672706322585 7.281152949374527 1
      vertex 5.2900672706322585 -7.281152949374527 1
    endloop
  endfacet
  facet normal 0 0 -1
    outer loop
      vertex 5.2900672706322585 -7.281152949374527 1
      vertex 5.663883519448537 6.994313653112738 1
      vertex 5.663883519448537 -6.994313653112738 1
    endloop
  endfacet
  facet normal 0 0 -1
    outer loop
      vertex 5.663883519448537 -6.994313653112738 1
      vertex 6.022175457229724 6.688303429296548 1
      vertex 6.022175457229724 -6.688303429296548 1
    endloop
  endfacet
  facet normal 0 0 -1
    outer loop
      vertex 6.022175457229724 -6.688303429296548 1
      vertex 6.3639610306789285 6.3639610306789285 1
      vertex 6.3639610306789285 -6.3639610306789285 1
    endloop
  endfacet
  facet normal 0 0 -1
    outer loop
      vertex 6.3639610306789285 -6.3639610306789285 1
      vertex 6.688303429296548 6.022175457229724 1
      vertex 6.688303429296548 -6.022175457229724 1
    endloop
  endfacet
  facet normal 0 0 -1
    outer loop
      vertex 6.688303429296548 -6.022175457229724 1
      vertex 6.994313653112738 5.663883519448537 1
      vertex 6.994313653112738 -5.663883519448537 1
    endloop
  endfacet
  facet normal 0 0 -1
    outer loop
      vertex 6.994313653112738 -5.663883519448537 1
      vertex 7.281152949374527 5.2900672706322585 1
      vertex 7.281152949374527 -5.2900672706322585 1
    endloop
  endfacet
  facet normal 0 0 -1
    outer loop
      vertex 7.281152949374527 -5.2900672706322585 1
      vertex 7.548035111508817 4.901751315135244 1
      vertex 7.548035111508817 -4.901751315135244 1
    endloop
  endfacet
  facet normal 0 0 -1
    outer loop
      vertex 7.548035111508817 -4.901751315135244 1
      vertex 7.794228634059947 4.5 1
      vertex 7.794228634059947 -4.5 1
    endloop
  endfacet
  facet normal 0 0 -1
    outer loop
      vertex 7.794228634059947 -4.5 1
      vertex 8.01905871769531 4.085914497655922 1
      vertex 8.01905871769531 -4.085914497655922 1
    endloop
  endfacet
  facet normal 0 0 -1
    outer loop
      vertex 8.01905871769531 -4.085914497655922 1
      vertex 8.221909118783408 3.660629787682202 1
      vertex 8.221909118783408 -3.660629787682202 1
    endloop
  endfacet
  facet normal 0 0 -1
    outer loop
      vertex 8.221909118783408 -3.660629787682202 1
      vertex 8.402223838474816 3.2253115459077026 1
      vertex 8.402223838474816 -3.2253115459077026 1
    endloop
  endfacet
  facet normal 0 0 -1
    outer loop
      vertex 8.402223838474816 -3.2253115459077026 1
      vertex 8.559508646656381 2.7811529493745266 1
      vertex 8.559508646656381 -2.7811529493745266 1
    endloop
  endfacet
  facet normal 0 0 -1
    outer loop
      vertex 8.559508646656381 -2.7811529493745266 1
      vertex 8.693332436601615 2.3293714059226867 1
      vertex 8.693332436601615 -2.3293714059226867 1
    endloop
  endfacet
  facet normal 0 0 -1
    outer loop
      vertex 8.693332436601615 -2.3293714059226867 1
      vertex 8.803328406604251 1.8712052173598341 1
      vertex 8.803328406604251 -1.8712052173598341 1
    endloop
  endfacet
  facet normal 0 0 -1
    outer loop
      vertex 8.803328406604251 -1.8712052173598341 1
      vertex 8.88919506535624 1.407910185362078 1
      vertex 8.88919506535624 -1.407910185362078 1
    endloop
  endfacet
  facet normal 0 0 -1
    outer loop
      vertex 8.88919506535624 -1.407910185362078 1
      vertex 8.950697058314459 0.9407561694088813 1
      vertex 8.950697058314459 -0.9407561694088813 1
    endloop
  endfacet
  facet normal 0 0 -1
    outer loop
      vertex 8.950697058314459 -0.9407561694088813 1
      vertex 8.987665812791164 0.4710236061864945 1
      vertex 8.987665812791164 -0.4710236061864945 1
    endloop
  endfacet
  facet normal 0.026176948307875102 -0.9996573249755574 3.046115112784831e-20
    outer loop
      vertex 0 -9 1
      vertex 0.4710236061864945 -8.987665812791164 1
      vertex 0.4710236061864945 -8.987665812791164 26
    endloop
  endfacet
  facet normal 0.0784590957278453 -0.996917333733128 -5.999253010989882e-20
    outer loop
      vertex 0.4710236061864945 -8.987665812791164 1
      vertex 0.9407561694088813 -8.950697058314459 1
      vertex 0.9407561694088813 -8.950697058314459 26
    endloop
  endfacet
  facet normal 0.13052619222004755 -0.991444861373811 1.4296642670393598e-19
    outer loop
      vertex 0.9407561694088813 -8.950697058314459 1
      vertex 1.407910185362078 -8.88919506535624 1
      vertex 1.407910185362078 -8.88919506535624 26
    endloop
  endfacet
  facet normal 0.18223552549214822 -0.9832549075639544 1.6548563345906259e-19
    outer loop
      vertex 1.407910185362078 -8.88919506535624 1
      vertex 1.8712052173598341 -8.803328406604251 1
      vertex 1.8712052173598341 -8.803328406604251 26
    endloop
  endfacet
  facet normal 0.23344536385590534 -0.9723699203976767 2.2681163629158487e-19
    outer loop
      vertex 1.8712052173598341 -8.803328406604251 1
      vertex 2.3293714059226867 -8.693332436601615 1
      vertex 2.3293714059226867 -8.693332436601615 26
    endloop
  endfacet
  facet normal 0.284015344703926 -0.9588197348681922 -1.0551576054058119e-19
    outer loop
      vertex 2.3293714059226867 -8.693332436601615 1
      vertex 2.7811529493745266 -8.559508646656381 1
      vertex 2.7811529493745266 -8.559508646656381 26
    endloop
  endfacet
  facet normal 0.33380685923376796 -0.9426414910921794 4.951224263238659e-19
    outer loop
      vertex 2.7811529493745266 -8.559508646656381 1
      vertex 3.2253115459077026 -8.402223838474816 1
      vertex 3.2253115459077026 -8.402223838474816 26
    endloop
  endfacet
  facet normal 0.3826834323650903 -0.9238795325112865 3.00793355715976e-19
    outer loop
      vertex 3.2253115459077026 -8.402223838474816 1
      vertex 3.660629787682202 -8.221909118783408 1
      vertex 3.660629787682202 -8.221909118783408 26
    endloop
  endfacet
  facet normal 0.43051109680829525 -0.9025852843498606 -1.98834933674405e-19
    outer loop
      vertex 3.660629787682202 -8.221909118783408 1
      vertex 4.085914497655922 -8.01905871769531 1
      vertex 4.085914497655922 -8.01905871769531 26
    endloop
  endfacet
  facet normal 0.4771587602596095 -0.8788171126619647 4.933551506685922e-19
    outer loop
      vertex 4.085914497655922 -8.01905871769531 1
      vertex 4.5 -7.794228634059947 1
      vertex 4.5 -7.794228634059947 26
    endloop
  endfacet
  facet normal 0.5224985647159466 -0.8526401643540937 -2.7441465940726454e-20
    outer loop
      vertex 4.5 -7.794228634059947 1
      vertex 4.901751315135244 -7.548035111508817 1
      vertex 4.901751315135244 -7.548035111508817 26
    endloop
  endfacet
  facet normal 0.5664062369248335 -0.8241261886220153 -1.836625760319393e-19
    outer loop
      vertex 4.901751315135244 -7.548035111508817 1
      vertex 5.2900672706322585 -7.281152949374527 1
      vertex 5.2900672706322585 -7.281152949374527 26
    endloop
  endfacet
  facet normal 0.6087614290087211 -0.7933533402912347 1.2052416506332966e-19
    outer loop
      vertex 5.2900672706322585 -7.281152949374527 1
      vertex 5.663883519448537 -6.994313653112738 1
      vertex 5.663883519448537 -6.994313653112738 26
    endloop
  endfacet
  facet normal 0.6494480483301837 -0.760405965600031 -2.6876704100026184e-19
    outer loop
      vertex 5.663883519448537 -6.994313653112738 1
      vertex 6.022175457229724 -6.688303429296548 1
      vertex 6.022175457229724 -6.688303429296548 26
    endloop
  endfacet
  facet normal 0.6883545756937524 -0.7253743710122891 -7.67009511908142e-20
    outer loop
      vertex 6.022175457229724 -6.688303429296548 1
      vertex 6.3639610306789285 -6.3639610306789285 1
      vertex 6.3639610306789285 -6.3639610306789285 26
    endloop
  endfacet
  facet normal 0.7253743710122891 -0.6883545756937524 0
    outer loop
      vertex 6.3639610306789285 -6.3639610306789285 1
      vertex 6.688303429296548 -6.022175457229724 1
      vertex 6.3639610306789285 -6.3639610306789285 26
    endloop
  endfacet
  facet normal 0.760405965600031 -0.6494480483301837 0
    outer loop
      vertex 6.688303429296548 -6.022175457229724 1
      vertex 6.994313653112738 -5.663883519448537 1
      vertex 6.688303429296548 -6.022175457229724 26
    endloop
  endfacet
  facet normal 0.7933533402912347 -0.6087614290087211 0
    outer loop
      vertex 6.994313653112738 -5.663883519448537 1
      vertex 7.281152949374527 -5.2900672706322585 1
      vertex 6.994313653112738 -5.663883519448537 26
    endloop
  endfacet
  facet normal 0.8241261886220153 -0.5664062369248335 0
    outer loop
      vertex 7.281152949374527 -5.2900672706322585 1
      vertex 7.548035111508817 -4.901751315135244 1
      vertex 7.281152949374527 -5.2900672706322585 26
    endloop
  endfacet
  facet normal 0.8526401643540937 -0.5224985647159466 0
    outer loop
      vertex 7.548035111508817 -4.901751315135244 1
      vertex 7.794228634059947 -4.5 1
      vertex 7.548035111508817 -4.901751315135244 26
    endloop
  endfacet
  facet normal 0.8788171126619647 -0.4771587602596095 0
    outer loop
      vertex 7.794228634059947 -4.5 1
      vertex 8.01905871769531 -4.085914497655922 1
      vertex 7.794228634059947 -4.5 26
    endloop
  endfacet
  facet normal 0.9025852843498606 -0.43051109680829525 0
    outer loop
      vertex 8.01905871769531 -4.085914497655922 1
      vertex 8.221909118783408 -3.660629787682202 1
      vertex 8.01905871769531 -4.085914497655922 26
    endloop
  endfacet
  facet normal 0.9238795325112865 -0.3826834323650903 0
    outer loop
      vertex 8.221909118783408 -3.660629787682202 1
      vertex 8.402223838474816 -3.2253115459077026 1
      vertex 8.221909118783408 -3.660629787682202 26
    endloop
  endfacet
  facet normal 0.9426414910921794 -0.33380685923376796 0
    outer loop
      vertex 8.402223838474816 -3.2253115459077026 1
      vertex 8.559508646656381 -2.7811529493745266 1
      vertex 8.402223838474816 -3.2253115459077026 26
    endloop
  endfacet
  facet normal 0.9588197348681922 -0.284015344703926 0
    outer loop
      vertex 8.559508646656381 -2.7811529493745266 1
      vertex 8.693332436601615 -2.3293714059226867 1
      vertex 8.559508646656381 -2.7811529493745266 26
    endloop
  endfacet
  facet normal 0.9723699203976767 -0.23344536385590534 0
    outer loop
      vertex 8.693332436601615 -2.3293714059226867 1
      vertex 8.803328406604251 -1.8712052173598341 1
      vertex 8.693332436601615 -2.3293714059226867 26
    endloop
  endfacet
  facet normal 0.9832549075639544 -0.18223552549214822 0
    outer loop
      vertex 8.803328406604251 -1.8712052173598341 1
      vertex 8.88919506535624 -1.407910185362078 1
      vertex 8.803328406604251 -1.8712052173598341 26
    endloop
  endfacet
  facet normal 0.991444861373811 -0.13052619222004755 0
    outer loop
      vertex 8.88919506535624 -1.407910185362078 1
      vertex 8.950697058314459 -0.9407561694088813 1
      vertex 8.88919506535624 -1.407910185362078 26
    endloop
  endfacet
  facet normal 0.996917333733128 -0.0784590957278453 0
    outer loop
      vertex 8.950697058314459 -0.9407561694088813 1
      vertex 8.987665812791164 -0.4710236061864945 1
      vertex 8.950697058314459 -0.9407561694088813 26
    endloop
  endfacet
  facet normal 0.9996573249755574 -0.026176948307875102 0
    outer loop
      vertex 8.987665812791164 -0.4710236061864945 1
      vertex 9 0 1
      vertex 8.987665812791164 -0.4710236061864945 26
    endloop
  endfacet
  facet normal 0.026176948307875102 -0.9996573249755574 0
    outer loop
      vertex 0 -9 1
      vertex 0.4710236061864945 -8.987665812791164 26
      vertex 0 -9 26
    endloop
  endfacet
  facet normal 0.0784590957278453 -0.996917333733128 0
    outer loop
      vertex 0.4710236061864945 -8.987665812791164 1
      vertex 0.9407561694088813 -8.950697058314459 26
      vertex 0.4710236061864945 -8.987665812791164 26
    endloop
  endfacet
  facet normal 0.13052619222004755 -0.991444861373811 0
    outer loop
      vertex 0.9407561694088813 -8.950697058314459 1
      vertex 1.407910185362078 -8.88919506535624 26
      vertex 0.9407561694088813 -8.950697058314459 26
    endloop
  endfacet
  facet normal 0.18223552549214822 -0.9832549075639544 0
    outer loop
      vertex 1.407910185362078 -8.88919506535624 1
      vertex 1.8712052173598341 -8.803328406604251 26
      vertex 1.407910185362078 -8.88919506535624 26
    endloop
  endfacet
  facet normal 0.23344536385590534 -0.9723699203976767 0
    outer loop
      vertex 1.8712052173598341 -8.803328406604251 1
      vertex 2.3293714059226867 -8.693332436601615 26
      vertex 1.8712052173598341 -8.803328406604251 26
    endloop
  endfacet
  facet normal 0.284015344703926 -0.9588197348681922 0
    outer loop
      vertex 2.3293714059226867 -8.693332436601615 1
      vertex 2.7811529493745266 -8.559508646656381 26
      vertex 2.3293714059226867 -8.693332436601615 26
    endloop
  endfacet
  facet normal 0.33380685923376796 -0.9426414910921794 0
    outer loop
      vertex 2.7811529493745266 -8.559508646656381 1
      vertex 3.2253115459077026 -8.402223838474816 26
      vertex 2.7811529493745266 -8.559508646656381 26
    endloop
  endfacet
  facet normal 0.3826834323650903 -0.9238795325112865 0
    outer loop
      vertex 3.2253115459077026 -8.402223838474816 1
      vertex 3.660629787682202 -8.221909118783408 26
      vertex 3.2253115459077026 -8.402223838474816 26
    endloop
  endfacet
  facet normal 0.43051109680829525 -0.9025852843498606 0
    outer loop
      vertex 3.660629787682202 -8.221909118783408 1
      vertex 4.085914497655922 -8.01905871769531 26
      vertex 3.660629787682202 -8.221909118783408 26
    endloop
  endfacet
  facet normal 0.4771587602596095 -0.8788171126619647 0
    outer loop
      vertex 4.085914497655922 -8.01905871769531 1
      vertex 4.5 -7.794228634059947 26
      vertex 4.085914497655922 -8.01905871769531 26
    endloop
  endfacet
  facet normal 0.5224985647159466 -0.8526401643540937 0
    outer loop
      vertex 4.5 -7.794228634059947 1
      vertex 4.901751315135244 -7.548035111508817 26
      vertex 4.5 -7.794228634059947 26
    endloop
  endfacet
  facet normal 0.5664062369248335 -0.8241261886220153 0
    outer loop
      vertex 4.901751315135244 -7.548035111508817 1
      vertex 5.2900672706322585 -7.281152949374527 26
      vertex 4.901751315135244 -7.548035111508817 26
    endloop
  endfacet
  facet normal 0.6087614290087211 -0.7933533402912347 0
    outer loop
      vertex 5.2900672706322585 -7.281152949374527 1
      vertex 5.663883519448537 -6.994313653112738 26
      vertex 5.2900672706322585 -7.281152949374527 26
    endloop
  endfacet
  facet normal 0.6494480483301837 -0.760405965600031 0
    outer loop
      vertex 5.663883519448537 -6.994313653112738 1
      vertex 6.022175457229724 -6.688303429296548 26
      vertex 5.663883519448537 -6.994313653112738 26
    endloop
  endfacet
  facet normal 0.6883545756937524 -0.7253743710122891 0
    outer loop
      vertex 6.022175457229724 -6.688303429296548 1
      vertex 6.3639610306789285 -6.3639610306789285 26
      vertex 6.022175457229724 -6.688303429296548 26
    endloop
  endfacet
  facet normal 0.7253743710122891 -0.6883545756937524 0
    outer loop
      vertex 6.688303429296548 -6.022175457229724 1
      vertex 6.688303429296548 -6.022175457229724 26
      vertex 6.3639610306789285 -6.3639610306789285 26
    endloop
  endfacet
  facet normal 0.760405965600031 -0.6494480483301837 0
    outer loop
      vertex 6.994313653112738 -5.663883519448537 1
      vertex 6.994313653112738 -5.663883519448537 26
      vertex 6.688303429296548 -6.022175457229724 26
    endloop
  endfacet
  facet normal 0.7933533402912347 -0.6087614290087211 0
    outer loop
      vertex 7.281152949374527 -5.2900672706322585 1
      vertex 7.281152949374527 -5.2900672706322585 26
      vertex 6.994313653112738 -5.663883519448537 26
    endloop
  endfacet
  facet normal 0.8241261886220153 -0.5664062369248335 0
    outer loop
      vertex 7.548035111508817 -4.901751315135244 1
      vertex 7.548035111508817 -4.901751315135244 26
      vertex 7.281152949374527 -5.2900672706322585 26
    endloop
  endfacet
  facet normal 0.8526401643540937 -0.5224985647159466 0
    outer loop
      vertex 7.794228634059947 -4.5 1
      vertex 7.794228634059947 -4.5 26
      vertex 7.548035111508817 -4.901751315135244 26
    endloop
  endfacet
  facet normal 0.8788171126619647 -0.4771587602596095 0
    outer loop
      vertex 8.01905871769531 -4.085914497655922 1
      vertex 8.01905871769531 -4.085914497655922 26
      vertex 7.794228634059947 -4.5 26
    endloop
  endfacet
  facet normal 0.9025852843498606 -0.43051109680829525 0
    outer loop
      vertex 8.221909118783408 -3.660629787682202 1
      vertex 8.221909118783408 -3.660629787682202 26
      vertex 8.01905871769531 -4.085914497655922 26
    endloop
  endfacet
  facet normal 0.9238795325112865 -0.3826834323650903 0
    outer loop
      vertex 8.402223838474816 -3.2253115459077026 1
      vertex 8.402223838474816 -3.2253115459077026 26
      vertex 8.221909118783408 -3.660629787682202 26
    endloop
  endfacet
  facet normal 0.9426414910921794 -0.33380685923376796 0
    outer loop
      vertex 8.559508646656381 -2.7811529493745266 1
      vertex 8.559508646656381 -2.7811529493745266 26
      vertex 8.402223838474816 -3.2253115459077026 26
    endloop
  endfacet
  facet normal 0.9588197348681922 -0.284015344703926 0
    outer loop
      vertex 8.693332436601615 -2.3293714059226867 1
      vertex 8.693332436601615 -2.3293714059226867 26
      vertex 8.559508646656381 -2.7811529493745266 26
    endloop
  endfacet
  facet normal 0.9723699203976767 -0.23344536385590534 0
    outer loop
      vertex 8.803328406604251 -1.8712052173598341 1
      vertex 8.803328406604251 -1.8712052173598341 26
      vertex 8.693332436601615 -2.3293714059226867 26
    endloop
  endfacet
  facet normal 0.9832549075639544 -0.18223552549214822 0
    outer loop
      vertex 8.88919506535624 -1.407910185362078 1
      vertex 8.88919506535624 -1.407910185362078 26
      vertex 8.803328406604251 -1.8712052173598341 26
    endloop
  endfacet
  facet normal 0.991444861373811 -0.13052619222004755 0
    outer loop
      vertex 8.950697058314459 -0.9407561694088813 1
      vertex 8.950697058314459 -0.9407561694088813 26
      vertex 8.88919506535624 -1.407910185362078 26
    endloop
  endfacet
  facet normal 0.996917333733128 -0.0784590957278453 0
    outer loop
      vertex 8.987665812791164 -0.4710236061864945 1
      vertex 8.987665812791164 -0.4710236061864945 26
      vertex 8.950697058314459 -0.9407561694088813 26
    endloop
  endfacet
  facet normal 0.9996573249755574 -0.026176948307875102 3.046115112784831e-20
    outer loop
      vertex 8.987665812791164 -0.4710236061864945 26
      vertex 9 0 1
      vertex 9 0 26
    endloop
  endfacet
  facet normal 0 0 -1
    outer loop
      vertex 2.7811529493745266 -8.559508646656381 1
      vertex 2.7000000029802322 0 1
      vertex 2.7811529493745266 8.559508646656381 1
    endloop
  endfacet
  facet normal 0 0 -1
    outer loop
      vertex 2.7811529493745266 8.559508646656381 1
      vertex 2.7000000029802322 0 1
      vertex 2.696299746632576 0.14130707830190659 1
    endloop
  endfacet
  facet normal 0 0 -1
    outer loop
      vertex 2.7811529493745266 8.559508646656381 1
      vertex 2.6852091178297997 0.2822268530726433 1
      vertex 2.6667585223913193 0.42237305641174316 1
    endloop
  endfacet
  facet normal 0 0 -1
    outer loop
      vertex 2.7811529493745266 8.559508646656381 1
      vertex 2.696299746632576 0.14130707830190659 1
      vertex 2.6852091178297997 0.2822268530726433 1
    endloop
  endfacet
  facet normal 0 0 -1
    outer loop
      vertex 2.7811529493745266 -8.559508646656381 1
      vertex 2.7811529493745266 8.559508646656381 1
      vertex 3.2253115459077026 8.402223838474816 1
    endloop
  endfacet
  facet normal 0 0 -1
    outer loop
      vertex 2.3293714059226867 8.693332436601615 1
      vertex 2.0975809767842293 1.7000000029802322 1
      vertex -2.0975809767842293 1.7000000029802322 1
    endloop
  endfacet
  facet normal 0 0 -1
    outer loop
      vertex 2.3293714059226867 8.693332436601615 1
      vertex 2.2644105330109596 1.4705253913998604 1
      vertex 2.1843458861112595 1.587020181119442 1
    endloop
  endfacet
  facet normal 0 0 -1
    outer loop
      vertex 2.3293714059226867 8.693332436601615 1
      vertex 2.1843458861112595 1.587020181119442 1
      vertex 2.0982940942049026 1.699165053665638 1
    endloop
  endfacet
  facet normal 0 0 -1
    outer loop
      vertex 2.3293714059226867 8.693332436601615 1
      vertex 2.0982940942049026 1.699165053665638 1
      vertex 2.0975809767842293 1.7000000029802322 1
    endloop
  endfacet
  facet normal 0 0 -1
    outer loop
      vertex 2.7811529493745266 8.559508646656381 1
      vertex 2.6409985199570656 0.5613615661859512 1
      vertex 2.607999734580517 0.6988114193081856 1
    endloop
  endfacet
  facet normal 0 0 -1
    outer loop
      vertex 2.7811529493745266 8.559508646656381 1
      vertex 2.6667585223913193 0.42237305641174316 1
      vertex 2.6409985199570656 0.5613615661859512 1
    endloop
  endfacet
  facet normal 0 0 -1
    outer loop
      vertex 2.7811529493745266 8.559508646656381 1
      vertex 2.607999734580517 0.6988114193081856 1
      vertex 2.567852593958378 0.8343458846211433 1
    endloop
  endfacet
  facet normal 0 0 -1
    outer loop
      vertex 2.7811529493745266 8.559508646656381 1
      vertex 2.567852593958378 0.8343458846211433 1
      vertex 2.520667150616646 0.9675934612751007 1
    endloop
  endfacet
  facet normal 0 0 -1
    outer loop
      vertex 2.7811529493745266 8.559508646656381 1
      vertex 2.405717618763447 1.225774347782135 1
      vertex 2.338268592953682 1.3500000014901161 1
    endloop
  endfacet
  facet normal 0 0 -1
    outer loop
      vertex 2.7811529493745266 8.559508646656381 1
      vertex 2.338268592953682 1.3500000014901161 1
      vertex 2.2644105330109596 1.4705253913998604 1
    endloop
  endfacet
  facet normal 0 0 -1
    outer loop
      vertex 2.7811529493745266 8.559508646656381 1
      vertex 2.520667150616646 0.9675934612751007 1
      vertex 2.4665727391839027 1.0981889367103577 1
    endloop
  endfacet
  facet normal 0 0 -1
    outer loop
      vertex 2.7811529493745266 8.559508646656381 1
      vertex 2.4665727391839027 1.0981889367103577 1
      vertex 2.405717618763447 1.225774347782135 1
    endloop
  endfacet
  facet normal 0 0 -1
    outer loop
      vertex 2.3293714059226867 8.693332436601615 1
      vertex 2.7811529493745266 8.559508646656381 1
      vertex 2.2644105330109596 1.4705253913998604 1
    endloop
  endfacet
  facet normal 0 0 -1
    outer loop
      vertex 3.2253115459077026 -8.402223838474816 1
      vertex 3.2253115459077026 8.402223838474816 1
      vertex 3.660629787682202 8.221909118783408 1
    endloop
  endfacet
  facet normal 0 0 -1
    outer loop
      vertex 3.660629787682202 -8.221909118783408 1
      vertex 3.660629787682202 8.221909118783408 1
      vertex 4.085914497655922 8.01905871769531 1
    endloop
  endfacet
  facet normal 0 0 -1
    outer loop
      vertex 4.085914497655922 -8.01905871769531 1
      vertex 4.085914497655922 8.01905871769531 1
      vertex 4.5 7.794228634059947 1
    endloop
  endfacet
  facet normal 0 0 -1
    outer loop
      vertex 4.5 -7.794228634059947 1
      vertex 4.5 7.794228634059947 1
      vertex 4.901751315135244 7.548035111508817 1
    endloop
  endfacet
  facet normal 0 0 -1
    outer loop
      vertex 5.2900672706322585 -7.281152949374527 1
      vertex 5.2900672706322585 7.281152949374527 1
      vertex 5.663883519448537 6.994313653112738 1
    endloop
  endfacet
  facet normal 0 0 -1
    outer loop
      vertex 4.901751315135244 -7.548035111508817 1
      vertex 4.901751315135244 7.548035111508817 1
      vertex 5.2900672706322585 7.281152949374527 1
    endloop
  endfacet
  facet normal 0 0 -1
    outer loop
      vertex 5.663883519448537 -6.994313653112738 1
      vertex 5.663883519448537 6.994313653112738 1
      vertex 6.022175457229724 6.688303429296548 1
    endloop
  endfacet
  facet normal 0 0 -1
    outer loop
      vertex 6.022175457229724 -6.688303429296548 1
      vertex 6.022175457229724 6.688303429296548 1
      vertex 6.3639610306789285 6.3639610306789285 1
    endloop
  endfacet
  facet normal 0 0 -1
    outer loop
      vertex 0.9407561694088813 8.950697058314459 1
      vertex 1.407910185362078 8.88919506535624 1
      vertex -2.0975809767842293 1.7000000029802322 1
    endloop
  endfacet
  facet normal 0 0 -1
    outer loop
      vertex 1.407910185362078 8.88919506535624 1
      vertex 1.8712052173598341 8.803328406604251 1
      vertex -2.0975809767842293 1.7000000029802322 1
    endloop
  endfacet
  facet normal 0 0 -1
    outer loop
      vertex 1.8712052173598341 8.803328406604251 1
      vertex 2.3293714059226867 8.693332436601615 1
      vertex -2.0975809767842293 1.7000000029802322 1
    endloop
  endfacet
  facet normal 0.026176948307875102 0.9996573249755573 0
    outer loop
      vertex 0 9 1
      vertex 0 9 5
      vertex 0.4710236061864945 8.987665812791164 1
    endloop
  endfacet
  facet normal 0.0784590957278453 0.996917333733128 0
    outer loop
      vertex 0.4710236061864945 8.987665812791164 1
      vertex 0.4710236061864945 8.987665812791164 5.092577751481952
      vertex 0.9407561694088813 8.950697058314459 1
    endloop
  endfacet
  facet normal 0.13052619222004755 0.9914448613738108 0
    outer loop
      vertex 0.9407561694088813 8.950697058314459 1
      vertex 0.9407561694088813 8.950697058314459 5.427432199235278
      vertex 1.407910185362078 8.88919506535624 1
    endloop
  endfacet
  facet normal 0 0 -1
    outer loop
      vertex 7.548035111508817 -4.901751315135244 1
      vertex 7.548035111508817 4.901751315135244 1
      vertex 7.794228634059947 4.5 1
    endloop
  endfacet
  facet normal 0 0 -1
    outer loop
      vertex 6.3639610306789285 -6.3639610306789285 1
      vertex 6.3639610306789285 6.3639610306789285 1
      vertex 6.688303429296548 6.022175457229724 1
    endloop
  endfacet
  facet normal 0 0 -1
    outer loop
      vertex 6.688303429296548 -6.022175457229724 1
      vertex 6.688303429296548 6.022175457229724 1
      vertex 6.994313653112738 5.663883519448537 1
    endloop
  endfacet
  facet normal 0 0 -1
    outer loop
      vertex 6.994313653112738 -5.663883519448537 1
      vertex 6.994313653112738 5.663883519448537 1
      vertex 7.281152949374527 5.2900672706322585 1
    endloop
  endfacet
  facet normal 0 0 -1
    outer loop
      vertex 7.281152949374527 -5.2900672706322585 1
      vertex 7.281152949374527 5.2900672706322585 1
      vertex 7.548035111508817 4.901751315135244 1
    endloop
  endfacet
  facet normal 0 0 -1
    outer loop
      vertex 7.794228634059947 -4.5 1
      vertex 7.794228634059947 4.5 1
      vertex 8.01905871769531 4.085914497655922 1
    endloop
  endfacet
  facet normal 0 0 -1
    outer loop
      vertex 8.01905871769531 -4.085914497655922 1
      vertex 8.01905871769531 4.085914497655922 1
      vertex 8.221909118783408 3.660629787682202 1
    endloop
  endfacet
  facet normal 0 0 -1
    outer loop
      vertex 8.221909118783408 -3.660629787682202 1
      vertex 8.221909118783408 3.660629787682202 1
      vertex 8.402223838474816 3.2253115459077026 1
    endloop
  endfacet
  facet normal 0 0 -1
    outer loop
      vertex 8.402223838474816 -3.2253115459077026 1
      vertex 8.402223838474816 3.2253115459077026 1
      vertex 8.559508646656381 2.7811529493745266 1
    endloop
  endfacet
  facet normal 0 0 -1
    outer loop
      vertex 8.950697058314459 -0.9407561694088813 1
      vertex 8.950697058314459 0.9407561694088813 1
      vertex 8.987665812791164 0.4710236061864945 1
    endloop
  endfacet
  facet normal 0 0 -1
    outer loop
      vertex 8.88919506535624 -1.407910185362078 1
      vertex 8.88919506535624 1.407910185362078 1
      vertex 8.950697058314459 0.9407561694088813 1
    endloop
  endfacet
  facet normal 0 0 -1
    outer loop
      vertex 8.559508646656381 -2.7811529493745266 1
      vertex 8.559508646656381 2.7811529493745266 1
      vertex 8.693332436601615 2.3293714059226867 1
    endloop
  endfacet
  facet normal 0 0 -1
    outer loop
      vertex 8.693332436601615 -2.3293714059226867 1
      vertex 8.693332436601615 2.3293714059226867 1
      vertex 8.803328406604251 1.8712052173598341 1
    endloop
  endfacet
  facet normal 0 0 -1
    outer loop
      vertex 8.803328406604251 -1.8712052173598341 1
      vertex 8.803328406604251 1.8712052173598341 1
      vertex 8.88919506535624 1.407910185362078 1
    endloop
  endfacet
  facet normal 0 0 -1
    outer loop
      vertex 8.987665812791164 -0.4710236061864945 1
      vertex 8.987665812791164 0.4710236061864945 1
      vertex 9 0 1
    endloop
  endfacet
  facet normal 0.02617694830788112 0.999657324975557 7.10150514385977e-16
    outer loop
      vertex 0.4710236061864945 8.987665812791164 1
      vertex 0 9 5
      vertex 0.0654199453036798 8.998286918443217 5.001713081556783
    endloop
  endfacet
  facet normal 0.02617694830786288 0.9996573249755576 -1.1404653574778066e-15
    outer loop
      vertex 0.4710236061864945 8.987665812791164 1
      vertex 0.0654199453036798 8.998286918443217 5.001713081556783
      vertex 0.13066057908456685 8.996578532323907 5.006847630789658
    endloop
  endfacet
  facet normal 0.02617694830788768 0.9996573249755568 5.633332139897342e-16
    outer loop
      vertex 0.4710236061864945 8.987665812791164 1
      vertex 0.2598896135221992 8.993194550963661 5.027315499082743
      vertex 0.3235238063781509 8.991528230980416 5.042592717138665
    endloop
  endfacet
  facet normal 0.026176948307882086 0.999657324975557 2.692811922120674e-16
    outer loop
      vertex 0.4710236061864945 8.987665812791164 1
      vertex 0.19554308130028858 8.994879524209674 5.015389574256078
      vertex 0.2598896135221992 8.993194550963661 5.027315499082743
    endloop
  endfacet
  facet normal 0.026176948307868535 0.9996573249755574 -6.6093168899249e-16
    outer loop
      vertex 0.4710236061864945 8.987665812791164 1
      vertex 0.13066057908456685 8.996578532323907 5.006847630789658
      vertex 0.19554308130028858 8.994879524209674 5.015389574256078
    endloop
  endfacet
  facet normal 0.07845909572782139 0.9969173337331299 -2.3720339970492158e-15
    outer loop
      vertex 0.9407561694088813 8.950697058314459 1
      vertex 0.5084208038447503 8.984722589505001 5.108068177946749
      vertex 0.5674881246744335 8.980073890538149 5.13624184476454
    endloop
  endfacet
  facet normal 0.07845909572786222 0.9969173337331265 1.9448655261688663e-15
    outer loop
      vertex 0.9407561694088813 8.950697058314459 1
      vertex 0.4710236061864945 8.987665812791164 5.092577751481952
      vertex 0.5084208038447503 8.984722589505001 5.108068177946749
    endloop
  endfacet
  facet normal 0.07845909572786426 0.9969173337331266 1.5211541373061417e-15
    outer loop
      vertex 0.9407561694088813 8.950697058314459 1
      vertex 0.5674881246744335 8.980073890538149 5.13624184476454
      vertex 0.625 8.975547607787341 5.167468245269452
    endloop
  endfacet
  facet normal 0.02617694830787231 0.9996573249755574 7.811085148865491e-17
    outer loop
      vertex 0.4710236061864945 8.987665812791164 1
      vertex 0.38627124296868426 8.989885131527188 5.061179354631058
      vertex 0.44795993693162534 8.98826975622537 5.083024466878498
    endloop
  endfacet
  facet normal 0.02617694830787719 0.9996573249755574 1.7979183285119424e-16
    outer loop
      vertex 0.4710236061864945 8.987665812791164 1
      vertex 0.3235238063781509 8.991528230980416 5.042592717138665
      vertex 0.38627124296868426 8.989885131527188 5.061179354631058
    endloop
  endfacet
  facet normal 0.02617694830785849 0.9996573249755577 0
    outer loop
      vertex 0.4710236061864945 8.987665812791164 1
      vertex 0.44795993693162534 8.98826975622537 5.083024466878498
      vertex 0.4710236061864945 8.987665812791164 5.092577751481952
    endloop
  endfacet
  facet normal 0.07845909572785177 0.9969173337331274 5.68932802297206e-16
    outer loop
      vertex 0.9407561694088813 8.950697058314459 1
      vertex 0.625 8.975547607787341 5.167468245269452
      vertex 0.6807987937687838 8.971156147478982 5.20166179006822
    endloop
  endfacet
  facet normal 0.0784590957278426 0.9969173337331281 -3.4185990709912428e-18
    outer loop
      vertex 0.9407561694088813 8.950697058314459 1
      vertex 0.6807987937687838 8.971156147478982 5.20166179006822
      vertex 0.7347315653655915 8.966911546300532 5.238728757031316
    endloop
  endfacet
  facet normal 0.07845909572782946 0.9969173337331292 -6.437613790766179e-16
    outer loop
      vertex 0.9407561694088813 8.950697058314459 1
      vertex 0.7347315653655915 8.966911546300532 5.238728757031316
      vertex 0.7866504888122967 8.96282543840878 5.278567548178787
    endloop
  endfacet
  facet normal 0.07845909572784336 0.9969173337331281 -1.4001184604166284e-16
    outer loop
      vertex 0.9407561694088813 8.950697058314459 1
      vertex 0.7866504888122967 8.96282543840878 5.278567548178787
      vertex 0.8364132579485728 8.958909023541436 5.3210689681532575
    endloop
  endfacet
  facet normal 0.07845909572784386 0.9969173337331281 -1.2762480061690778e-16
    outer loop
      vertex 0.9407561694088813 8.950697058314459 1
      vertex 0.8364132579485728 8.958909023541436 5.3210689681532575
      vertex 0.8838834764831844 8.955173036319424 5.366116523516816
    endloop
  endfacet
  facet normal 0.07845909572785877 0.9969173337331269 6.753630340074253e-17
    outer loop
      vertex 0.9407561694088813 8.950697058314459 1
      vertex 0.8838834764831844 8.955173036319424 5.366116523516816
      vertex 0.9289310318467427 8.951627716824035 5.413586742051427
    endloop
  endfacet
  facet normal 0.07845909572783369 0.9969173337331287 0
    outer loop
      vertex 0.9407561694088813 8.950697058314459 1
      vertex 0.9289310318467427 8.951627716824035 5.413586742051427
      vertex 0.9407561694088813 8.950697058314459 5.427432199235278
    endloop
  endfacet
  facet normal 0.13052619222007006 0.991444861373808 2.3845004272229808e-15
    outer loop
      vertex 1.407910185362078 8.88919506535624 1
      vertex 0.9407561694088813 8.950697058314459 5.427432199235278
      vertex 0.9714324518212136 8.946658449118178 5.463349511187703
    endloop
  endfacet
  facet normal 0.13052619222004114 0.9914448613738118 -4.714760453153615e-16
    outer loop
      vertex 1.407910185362078 8.88919506535624 1
      vertex 0.9714324518212136 8.946658449118178 5.463349511187703
      vertex 1.0112712429686843 8.941413572762752 5.515268434634408
    endloop
  endfacet
  facet normal 0.13052619222003345 0.9914448613738128 -1.1466927169648841e-15
    outer loop
      vertex 1.407910185362078 8.88919506535624 1
      vertex 1.0112712429686843 8.941413572762752 5.515268434634408
      vertex 1.0483382099317802 8.936533613984071 5.569201206231217
    endloop
  endfacet
  facet normal 0.13052619222006873 0.9914448613738082 1.6711785989002022e-15
    outer loop
      vertex 1.407910185362078 8.88919506535624 1
      vertex 1.0483382099317802 8.936533613984071 5.569201206231217
      vertex 1.0825317547305482 8.932031948409946 5.625
    endloop
  endfacet
  facet normal 0.13052619222004477 0.9914448613738114 -4.40724471483726e-17
    outer loop
      vertex 1.407910185362078 8.88919506535624 1
      vertex 1.0825317547305482 8.932031948409946 5.625
      vertex 1.1137581552354598 8.92792091479281 5.682511875325567
    endloop
  endfacet
  facet normal 0.1305261922200143 0.9914448613738154 -1.9907348376846213e-15
    outer loop
      vertex 1.407910185362078 8.88919506535624 1
      vertex 1.1137581552354598 8.92792091479281 5.682511875325567
      vertex 1.141931822053251 8.924211781190055 5.74157919615525
    endloop
  endfacet
  facet normal 0.13052619222004563 0.9914448613738113 -1.9428405135805916e-16
    outer loop
      vertex 1.407910185362078 8.88919506535624 1
      vertex 1.141931822053251 8.924211781190055 5.74157919615525
      vertex 1.1669755331215022 8.920914714079062 5.802040063068374
    endloop
  endfacet
  facet normal 0.13052619222006923 0.991444861373808 1.0041732490023824e-15
    outer loop
      vertex 1.407910185362078 8.88919506535624 1
      vertex 1.1669755331215022 8.920914714079062 5.802040063068374
      vertex 1.1888206453689418 8.91803875049161 5.863728757031316
    endloop
  endfacet
  facet normal 0.13052619222008452 0.9914448613738062 1.7093902645067356e-15
    outer loop
      vertex 1.407910185362078 8.88919506535624 1
      vertex 1.1888206453689418 8.91803875049161 5.863728757031316
      vertex 1.2074072828613354 8.915591773243984 5.926476193621849
    endloop
  endfacet
  facet normal 0.13052619221997658 0.9914448613738203 -2.754790159344041e-15
    outer loop
      vertex 1.407910185362078 8.88919506535624 1
      vertex 1.2074072828613354 8.915591773243984 5.926476193621849
      vertex 1.2226845009172571 8.913580489330736 5.9901103864778005
    endloop
  endfacet
  facet normal 0.13052619222005407 0.99144486137381 1.649764682790531e-16
    outer loop
      vertex 1.407910185362078 8.88919506535624 1
      vertex 1.2226845009172571 8.913580489330736 5.9901103864778005
      vertex 1.2346104257439223 8.912010411541265 6.054456918699711
    endloop
  endfacet
  facet normal 0.1305261922200816 0.9914448613738064 1.1220729151269736e-15
    outer loop
      vertex 1.407910185362078 8.88919506535624 1
      vertex 1.2346104257439223 8.912010411541265 6.054456918699711
      vertex 1.2431523692103417 8.91088584334966 6.119339420915433
    endloop
  endfacet
  facet normal 0.13052619221999284 0.9914448613738183 -1.7849185127296836e-15
    outer loop
      vertex 1.407910185362078 8.88919506535624 1
      vertex 1.2431523692103417 8.91088584334966 6.119339420915433
      vertex 1.2482869184432173 8.910209867119168 6.18458005469632
    endloop
  endfacet
  facet normal 0.13052619221991799 0.991444861373828 -4.122647128555356e-15
    outer loop
      vertex 1.407910185362078 8.88919506535624 1
      vertex 1.2482869184432173 8.910209867119168 6.18458005469632
      vertex 1.25 8.909984335653647 6.25
    endloop
  endfacet
  facet normal 0.13052619222199852 0.9914448613735541 5.94808391131049e-14
    outer loop
      vertex 1.407910185362078 8.88919506535624 1
      vertex 1.25 8.909984335653647 6.25
      vertex 1.2482869184432173 8.910209867119168 6.31541994530368
    endloop
  endfacet
  facet normal 0.18223552549214822 0.9832549075639544 0
    outer loop
      vertex 1.407910185362078 8.88919506535624 1
      vertex 1.407910185362078 8.88919506535624 26
      vertex 1.8712052173598341 8.803328406604251 1
    endloop
  endfacet
  facet normal 0.23344536385590534 0.9723699203976767 0
    outer loop
      vertex 1.8712052173598341 8.803328406604251 1
      vertex 1.8712052173598341 8.803328406604251 26
      vertex 2.3293714059226867 8.693332436601615 1
    endloop
  endfacet
  facet normal 0.33380685923376796 0.9426414910921794 0
    outer loop
      vertex 2.7811529493745266 8.559508646656381 1
      vertex 2.7811529493745266 8.559508646656381 26
      vertex 3.2253115459077026 8.402223838474816 1
    endloop
  endfacet
  facet normal 0.284015344703926 0.9588197348681922 0
    outer loop
      vertex 2.3293714059226867 8.693332436601615 1
      vertex 2.3293714059226867 8.693332436601615 26
      vertex 2.7811529493745266 8.559508646656381 1
    endloop
  endfacet
  facet normal 0.5224985647159466 0.8526401643540937 0
    outer loop
      vertex 4.5 7.794228634059947 1
      vertex 4.5 7.794228634059947 26
      vertex 4.901751315135244 7.548035111508817 1
    endloop
  endfacet
  facet normal 0.3826834323650903 0.9238795325112865 0
    outer loop
      vertex 3.2253115459077026 8.402223838474816 1
      vertex 3.2253115459077026 8.402223838474816 26
      vertex 3.660629787682202 8.221909118783408 1
    endloop
  endfacet
  facet normal 0.43051109680829525 0.9025852843498606 0
    outer loop
      vertex 3.660629787682202 8.221909118783408 1
      vertex 3.660629787682202 8.221909118783408 26
      vertex 4.085914497655922 8.01905871769531 1
    endloop
  endfacet
  facet normal 0.4771587602596095 0.8788171126619647 -4.933551506685922e-19
    outer loop
      vertex 4.5 7.794228634059947 1
      vertex 4.085914497655922 8.01905871769531 1
      vertex 4.085914497655922 8.01905871769531 26
    endloop
  endfacet
  facet normal 0.5664062369248335 0.8241261886220153 0
    outer loop
      vertex 4.901751315135244 7.548035111508817 1
      vertex 4.901751315135244 7.548035111508817 26
      vertex 5.2900672706322585 7.281152949374527 1
    endloop
  endfacet
  facet normal 0.6087614290087211 0.7933533402912347 0
    outer loop
      vertex 5.2900672706322585 7.281152949374527 1
      vertex 5.2900672706322585 7.281152949374527 26
      vertex 5.663883519448537 6.994313653112738 1
    endloop
  endfacet
  facet normal 0.6494480483301837 0.760405965600031 0
    outer loop
      vertex 5.663883519448537 6.994313653112738 1
      vertex 5.663883519448537 6.994313653112738 26
      vertex 6.022175457229724 6.688303429296548 1
    endloop
  endfacet
  facet normal 0.6883545756937524 0.7253743710122891 0
    outer loop
      vertex 6.022175457229724 6.688303429296548 1
      vertex 6.022175457229724 6.688303429296548 26
      vertex 6.3639610306789285 6.3639610306789285 1
    endloop
  endfacet
  facet normal 0.996917333733128 0.0784590957278453 0
    outer loop
      vertex 8.987665812791164 0.4710236061864945 1
      vertex 8.950697058314459 0.9407561694088813 1
      vertex 8.987665812791164 0.4710236061864945 26
    endloop
  endfacet
  facet normal 0.9996573249755574 0.026176948307875102 0
    outer loop
      vertex 9 0 1
      vertex 8.987665812791164 0.4710236061864945 1
      vertex 9 0 26
    endloop
  endfacet
  facet normal 0.991444861373811 0.13052619222004755 0
    outer loop
      vertex 8.950697058314459 0.9407561694088813 1
      vertex 8.88919506535624 1.407910185362078 1
      vertex 8.950697058314459 0.9407561694088813 26
    endloop
  endfacet
  facet normal 0.9832549075639544 0.18223552549214822 0
    outer loop
      vertex 8.88919506535624 1.407910185362078 1
      vertex 8.803328406604251 1.8712052173598341 1
      vertex 8.88919506535624 1.407910185362078 26
    endloop
  endfacet
  facet normal 0.9426414910921794 0.33380685923376796 0
    outer loop
      vertex 8.559508646656381 2.7811529493745266 1
      vertex 8.402223838474816 3.2253115459077026 1
      vertex 8.559508646656381 2.7811529493745266 26
    endloop
  endfacet
  facet normal 0.9723699203976767 0.23344536385590534 0
    outer loop
      vertex 8.803328406604251 1.8712052173598341 1
      vertex 8.693332436601615 2.3293714059226867 1
      vertex 8.803328406604251 1.8712052173598341 26
    endloop
  endfacet
  facet normal 0.9588197348681922 0.284015344703926 1.0551576054058119e-19
    outer loop
      vertex 8.559508646656381 2.7811529493745266 1
      vertex 8.693332436601615 2.3293714059226867 26
      vertex 8.693332436601615 2.3293714059226867 1
    endloop
  endfacet
  facet normal 0.8526401643540937 0.5224985647159466 0
    outer loop
      vertex 7.794228634059947 4.5 1
      vertex 7.548035111508817 4.901751315135244 1
      vertex 7.794228634059947 4.5 26
    endloop
  endfacet
  facet normal 0.7253743710122891 0.6883545756937524 0
    outer loop
      vertex 6.688303429296548 6.022175457229724 1
      vertex 6.3639610306789285 6.3639610306789285 1
      vertex 6.688303429296548 6.022175457229724 26
    endloop
  endfacet
  facet normal 0.760405965600031 0.6494480483301837 0
    outer loop
      vertex 6.994313653112738 5.663883519448537 1
      vertex 6.688303429296548 6.022175457229724 1
      vertex 6.994313653112738 5.663883519448537 26
    endloop
  endfacet
  facet normal 0.7933533402912347 0.6087614290087211 -1.2052416506332966e-19
    outer loop
      vertex 6.994313653112738 5.663883519448537 1
      vertex 7.281152949374527 5.2900672706322585 26
      vertex 7.281152949374527 5.2900672706322585 1
    endloop
  endfacet
  facet normal 0.8241261886220153 0.5664062369248335 1.836625760319393e-19
    outer loop
      vertex 7.281152949374527 5.2900672706322585 1
      vertex 7.548035111508817 4.901751315135244 26
      vertex 7.548035111508817 4.901751315135244 1
    endloop
  endfacet
  facet normal 0.9025852843498606 0.43051109680829525 0
    outer loop
      vertex 8.221909118783408 3.660629787682202 1
      vertex 8.01905871769531 4.085914497655922 1
      vertex 8.221909118783408 3.660629787682202 26
    endloop
  endfacet
  facet normal 0.9238795325112865 0.3826834323650903 0
    outer loop
      vertex 8.402223838474816 3.2253115459077026 1
      vertex 8.221909118783408 3.660629787682202 1
      vertex 8.402223838474816 3.2253115459077026 26
    endloop
  endfacet
  facet normal 0.8788171126619647 0.4771587602596095 -4.933551506685922e-19
    outer loop
      vertex 7.794228634059947 4.5 1
      vertex 8.01905871769531 4.085914497655922 26
      vertex 8.01905871769531 4.085914497655922 1
    endloop
  endfacet
  facet normal 0.1305261922200535 0.9914448613738103 1.1222229383142152e-16
    outer loop
      vertex 1.407910185362078 8.88919506535624 1
      vertex 1.2482869184432173 8.910209867119168 6.31541994530368
      vertex 0.9407561694088813 8.950697058314459 26
    endloop
  endfacet
  facet normal 0.13052619221995085 0.9914448613738236 -1.5000022625317096e-15
    outer loop
      vertex 0.9407561694088813 8.950697058314459 26
      vertex 1.2482869184432173 8.910209867119168 6.31541994530368
      vertex 1.2431523692103417 8.91088584334966 6.380660579084567
    endloop
  endfacet
  facet normal 0.13052619222009565 0.9914448613738046 7.546035774101416e-16
    outer loop
      vertex 0.9407561694088813 8.950697058314459 26
      vertex 1.2431523692103417 8.91088584334966 6.380660579084567
      vertex 1.2346104257439223 8.912010411541265 6.445543081300289
    endloop
  endfacet
  facet normal 0.13052619222005593 0.9914448613738098 1.4128164083654646e-16
    outer loop
      vertex 0.9407561694088813 8.950697058314459 26
      vertex 1.2346104257439223 8.912010411541265 6.445543081300289
      vertex 1.2226845009172571 8.913580489330736 6.5098896135221995
    endloop
  endfacet
  facet normal 0.13052619221996042 0.9914448613738224 -1.2643513193951654e-15
    outer loop
      vertex 0.9407561694088813 8.950697058314459 26
      vertex 1.2226845009172571 8.913580489330736 6.5098896135221995
      vertex 1.2074072828613354 8.915591773243984 6.573523806378151
    endloop
  endfacet
  facet normal 0.13052619222009243 0.991444861373805 5.826786927399377e-16
    outer loop
      vertex 0.9407561694088813 8.950697058314459 26
      vertex 1.2074072828613354 8.915591773243984 6.573523806378151
      vertex 1.1888206453689418 8.91803875049161 6.636271242968684
    endloop
  endfacet
  facet normal 0.13052619222007272 0.9914448613738076 3.2775517540842525e-16
    outer loop
      vertex 0.9407561694088813 8.950697058314459 26
      vertex 1.1888206453689418 8.91803875049161 6.636271242968684
      vertex 1.1669755331215022 8.920914714079062 6.697959936931626
    endloop
  endfacet
  facet normal 0.13052619222004538 0.9914448613738113 -1.767597939960788e-18
    outer loop
      vertex 0.9407561694088813 8.950697058314459 26
      vertex 1.1669755331215022 8.920914714079062 6.697959936931626
      vertex 1.141931822053251 8.924211781190055 6.75842080384475
    endloop
  endfacet
  facet normal 0.13052619222000936 0.9914448613738159 -3.833929760599565e-16
    outer loop
      vertex 0.9407561694088813 8.950697058314459 26
      vertex 1.141931822053251 8.924211781190055 6.75842080384475
      vertex 1.1137581552354598 8.92792091479281 6.817488124674433
    endloop
  endfacet
  facet normal 0.13052619222004463 0.9914448613738114 -6.00831812809261e-17
    outer loop
      vertex 0.9407561694088813 8.950697058314459 26
      vertex 1.1137581552354598 8.92792091479281 6.817488124674433
      vertex 1.0825317547305482 8.932031948409946 6.875
    endloop
  endfacet
  facet normal 0.13052619222007164 0.9914448613738077 1.4375749385786551e-16
    outer loop
      vertex 0.9407561694088813 8.950697058314459 26
      vertex 1.0825317547305482 8.932031948409946 6.875
      vertex 1.0483382099317802 8.936533613984071 6.930798793768783
    endloop
  endfacet
  facet normal 0.13052619222004042 0.9914448613738119 -5.301761626548736e-17
    outer loop
      vertex 0.9407561694088813 8.950697058314459 26
      vertex 1.0112712429686843 8.941413572762752 6.984731565365592
      vertex 0.9714324518212136 8.946658449118178 7.036650488812297
    endloop
  endfacet
  facet normal 0.1305261922200316 0.991444861373813 -8.616587134752286e-17
    outer loop
      vertex 0.9407561694088813 8.950697058314459 26
      vertex 1.0483382099317802 8.936533613984071 6.930798793768783
      vertex 1.0112712429686843 8.941413572762752 6.984731565365592
    endloop
  endfacet
  facet normal 0.07845909572782878 0.9969173337331293 -2.6412736485342905e-16
    outer loop
      vertex 0.4710236061864945 8.987665812791164 26
      vertex 0.7866504888122967 8.96282543840878 7.221432451821213
      vertex 0.7347315653655915 8.966911546300532 7.261271242968684
    endloop
  endfacet
  facet normal 0.0784590957278425 0.9969173337331282 -6.922290130787691e-17
    outer loop
      vertex 0.4710236061864945 8.987665812791164 26
      vertex 0.7347315653655915 8.966911546300532 7.261271242968684
      vertex 0.6807987937687838 8.971156147478982 7.29833820993178
    endloop
  endfacet
  facet normal 0.07845909572786518 0.9969173337331264 1.4768270545559742e-16
    outer loop
      vertex 0.4710236061864945 8.987665812791164 26
      vertex 0.625 8.975547607787341 7.332531754730548
      vertex 0.5674881246744335 8.980073890538149 7.36375815523546
    endloop
  endfacet
  facet normal 0.07845909572782023 0.99691733373313 -8.635208548770588e-17
    outer loop
      vertex 0.4710236061864945 8.987665812791164 26
      vertex 0.5674881246744335 8.980073890538149 7.36375815523546
      vertex 0.5084208038447503 8.984722589505001 7.391931822053251
    endloop
  endfacet
  facet normal 0.07845909572785213 0.9969173337331273 3.9276580657967397e-17
    outer loop
      vertex 0.4710236061864945 8.987665812791164 26
      vertex 0.6807987937687838 8.971156147478982 7.29833820993178
      vertex 0.625 8.975547607787341 7.332531754730548
    endloop
  endfacet
  facet normal 0.1305261922200726 0.9914448613738077 0
    outer loop
      vertex 0.9407561694088813 8.950697058314459 26
      vertex 0.9714324518212136 8.946658449118178 7.036650488812297
      vertex 0.9407561694088813 8.950697058314459 7.072567800764722
    endloop
  endfacet
  facet normal 0.07845909572783369 0.9969173337331289 0
    outer loop
      vertex 0.9407561694088813 8.950697058314459 26
      vertex 0.9407561694088813 8.950697058314459 7.072567800764722
      vertex 0.9289310318467427 8.951627716824035 7.086413257948573
    endloop
  endfacet
  facet normal 0.07845909572785882 0.9969173337331269 -1.5794827305415988e-17
    outer loop
      vertex 0.9407561694088813 8.950697058314459 26
      vertex 0.9289310318467427 8.951627716824035 7.086413257948573
      vertex 0.8838834764831844 8.955173036319424 7.133883476483184
    endloop
  endfacet
  facet normal 0.07845909572784378 0.9969173337331282 2.9833359696392886e-17
    outer loop
      vertex 0.9407561694088813 8.950697058314459 26
      vertex 0.8838834764831844 8.955173036319424 7.133883476483184
      vertex 0.8364132579485728 8.958909023541436 7.1789310318467425
    endloop
  endfacet
  facet normal 0.07845909572784326 0.9969173337331281 3.2522338766376525e-17
    outer loop
      vertex 0.9407561694088813 8.950697058314459 26
      vertex 0.8364132579485728 8.958909023541436 7.1789310318467425
      vertex 0.7866504888122967 8.96282543840878 7.221432451821213
    endloop
  endfacet
  facet normal 0.02617694830788786 0.9996573249755569 2.0027083187302235e-16
    outer loop
      vertex 0 9 26
      vertex 0.3235238063781509 8.991528230980416 7.457407282861335
      vertex 0.2598896135221992 8.993194550963661 7.472684500917257
    endloop
  endfacet
  facet normal 0.026176948307882145 0.9996573249755571 1.199213938451829e-16
    outer loop
      vertex 0 9 26
      vertex 0.2598896135221992 8.993194550963661 7.472684500917257
      vertex 0.19554308130028858 8.994879524209674 7.484610425743922
    endloop
  endfacet
  facet normal 0.02617694830786844 0.9996573249755573 -2.4947552655400773e-17
    outer loop
      vertex 0 9 26
      vertex 0.19554308130028858 8.994879524209674 7.484610425743922
      vertex 0.13066057908456685 8.996578532323907 7.493152369210342
    endloop
  endfacet
  facet normal 0.02617694830786279 0.9996573249755575 -6.487675823076795e-17
    outer loop
      vertex 0 9 26
      vertex 0.13066057908456685 8.996578532323907 7.493152369210342
      vertex 0.0654199453036798 8.998286918443217 7.498286918443217
    endloop
  endfacet
  facet normal 0.026176948307881132 0.999657324975557 0
    outer loop
      vertex 0 9 26
      vertex 0.0654199453036798 8.998286918443217 7.498286918443217
      vertex 0 9 7.5
    endloop
  endfacet
  facet normal 0.07845909572786294 0.9969173337331266 0
    outer loop
      vertex 0.4710236061864945 8.987665812791164 26
      vertex 0.5084208038447503 8.984722589505001 7.391931822053251
      vertex 0.4710236061864945 8.987665812791164 7.407422248518048
    endloop
  endfacet
  facet normal 0.02617694830785849 0.9996573249755577 0
    outer loop
      vertex 0.4710236061864945 8.987665812791164 26
      vertex 0.4710236061864945 8.987665812791164 7.407422248518048
      vertex 0.44795993693162534 8.98826975622537 7.416975533121502
    endloop
  endfacet
  facet normal 0.02617694830787233 0.9996573249755574 -1.7185771370914938e-17
    outer loop
      vertex 0.4710236061864945 8.987665812791164 26
      vertex 0.44795993693162534 8.98826975622537 7.416975533121502
      vertex 0.38627124296868426 8.989885131527188 7.438820645368942
    endloop
  endfacet
  facet normal 0.02617694830787723 0.9996573249755571 -3.956030297796751e-17
    outer loop
      vertex 0.4710236061864945 8.987665812791164 26
      vertex 0.38627124296868426 8.989885131527188 7.438820645368942
      vertex 0.3235238063781509 8.991528230980416 7.457407282861335
    endloop
  endfacet
  facet normal 0.13052619222004755 0.991444861373811 0
    outer loop
      vertex 1.407910185362078 8.88919506535624 1
      vertex 0.9407561694088813 8.950697058314459 26
      vertex 1.407910185362078 8.88919506535624 26
    endloop
  endfacet
  facet normal 0.18223552549214822 0.9832549075639544 0
    outer loop
      vertex 1.8712052173598341 8.803328406604251 1
      vertex 1.407910185362078 8.88919506535624 26
      vertex 1.8712052173598341 8.803328406604251 26
    endloop
  endfacet
  facet normal 0.23344536385590534 0.9723699203976767 0
    outer loop
      vertex 2.3293714059226867 8.693332436601615 1
      vertex 1.8712052173598341 8.803328406604251 26
      vertex 2.3293714059226867 8.693332436601615 26
    endloop
  endfacet
  facet normal 0.33380685923376796 0.9426414910921794 0
    outer loop
      vertex 3.2253115459077026 8.402223838474816 1
      vertex 2.7811529493745266 8.559508646656381 26
      vertex 3.2253115459077026 8.402223838474816 26
    endloop
  endfacet
  facet normal 0.284015344703926 0.9588197348681922 0
    outer loop
      vertex 2.7811529493745266 8.559508646656381 1
      vertex 2.3293714059226867 8.693332436601615 26
      vertex 2.7811529493745266 8.559508646656381 26
    endloop
  endfacet
  facet normal 0.3826834323650903 0.9238795325112865 0
    outer loop
      vertex 3.660629787682202 8.221909118783408 1
      vertex 3.2253115459077026 8.402223838474816 26
      vertex 3.660629787682202 8.221909118783408 26
    endloop
  endfacet
  facet normal 0.43051109680829525 0.9025852843498606 0
    outer loop
      vertex 4.085914497655922 8.01905871769531 1
      vertex 3.660629787682202 8.221909118783408 26
      vertex 4.085914497655922 8.01905871769531 26
    endloop
  endfacet
  facet normal 0.4771587602596095 0.8788171126619647 0
    outer loop
      vertex 4.5 7.794228634059947 1
      vertex 4.085914497655922 8.01905871769531 26
      vertex 4.5 7.794228634059947 26
    endloop
  endfacet
  facet normal 0.5224985647159466 0.8526401643540937 0
    outer loop
      vertex 4.901751315135244 7.548035111508817 1
      vertex 4.5 7.794228634059947 26
      vertex 4.901751315135244 7.548035111508817 26
    endloop
  endfacet
  facet normal 0.5664062369248335 0.8241261886220153 0
    outer loop
      vertex 5.2900672706322585 7.281152949374527 1
      vertex 4.901751315135244 7.548035111508817 26
      vertex 5.2900672706322585 7.281152949374527 26
    endloop
  endfacet
  facet normal 0.6494480483301837 0.760405965600031 0
    outer loop
      vertex 6.022175457229724 6.688303429296548 1
      vertex 5.663883519448537 6.994313653112738 26
      vertex 6.022175457229724 6.688303429296548 26
    endloop
  endfacet
  facet normal 0.6087614290087211 0.7933533402912347 0
    outer loop
      vertex 5.663883519448537 6.994313653112738 1
      vertex 5.2900672706322585 7.281152949374527 26
      vertex 5.663883519448537 6.994313653112738 26
    endloop
  endfacet
  facet normal 0.9996573249755574 0.026176948307875102 0
    outer loop
      vertex 8.987665812791164 0.4710236061864945 1
      vertex 8.987665812791164 0.4710236061864945 26
      vertex 9 0 26
    endloop
  endfacet
  facet normal 0.996917333733128 0.0784590957278453 0
    outer loop
      vertex 8.950697058314459 0.9407561694088813 1
      vertex 8.950697058314459 0.9407561694088813 26
      vertex 8.987665812791164 0.4710236061864945 26
    endloop
  endfacet
  facet normal 0.991444861373811 0.13052619222004755 0
    outer loop
      vertex 8.88919506535624 1.407910185362078 1
      vertex 8.88919506535624 1.407910185362078 26
      vertex 8.950697058314459 0.9407561694088813 26
    endloop
  endfacet
  facet normal 0.9426414910921794 0.33380685923376796 0
    outer loop
      vertex 8.402223838474816 3.2253115459077026 1
      vertex 8.402223838474816 3.2253115459077026 26
      vertex 8.559508646656381 2.7811529493745266 26
    endloop
  endfacet
  facet normal 0.9832549075639544 0.18223552549214822 0
    outer loop
      vertex 8.803328406604251 1.8712052173598341 1
      vertex 8.803328406604251 1.8712052173598341 26
      vertex 8.88919506535624 1.407910185362078 26
    endloop
  endfacet
  facet normal 0.9723699203976767 0.23344536385590534 0
    outer loop
      vertex 8.693332436601615 2.3293714059226867 1
      vertex 8.693332436601615 2.3293714059226867 26
      vertex 8.803328406604251 1.8712052173598341 26
    endloop
  endfacet
  facet normal 0.9588197348681922 0.284015344703926 0
    outer loop
      vertex 8.559508646656381 2.7811529493745266 1
      vertex 8.559508646656381 2.7811529493745266 26
      vertex 8.693332436601615 2.3293714059226867 26
    endloop
  endfacet
  facet normal 0.760405965600031 0.6494480483301837 0
    outer loop
      vertex 6.688303429296548 6.022175457229724 1
      vertex 6.688303429296548 6.022175457229724 26
      vertex 6.994313653112738 5.663883519448537 26
    endloop
  endfacet
  facet normal 0.8241261886220153 0.5664062369248335 0
    outer loop
      vertex 7.281152949374527 5.2900672706322585 1
      vertex 7.281152949374527 5.2900672706322585 26
      vertex 7.548035111508817 4.901751315135244 26
    endloop
  endfacet
  facet normal 0.8526401643540937 0.5224985647159466 0
    outer loop
      vertex 7.548035111508817 4.901751315135244 1
      vertex 7.548035111508817 4.901751315135244 26
      vertex 7.794228634059947 4.5 26
    endloop
  endfacet
  facet normal 0.7933533402912347 0.6087614290087211 0
    outer loop
      vertex 6.994313653112738 5.663883519448537 1
      vertex 6.994313653112738 5.663883519448537 26
      vertex 7.281152949374527 5.2900672706322585 26
    endloop
  endfacet
  facet normal 0.9238795325112865 0.3826834323650903 0
    outer loop
      vertex 8.221909118783408 3.660629787682202 1
      vertex 8.221909118783408 3.660629787682202 26
      vertex 8.402223838474816 3.2253115459077026 26
    endloop
  endfacet
  facet normal 0.9025852843498606 0.43051109680829525 0
    outer loop
      vertex 8.01905871769531 4.085914497655922 1
      vertex 8.01905871769531 4.085914497655922 26
      vertex 8.221909118783408 3.660629787682202 26
    endloop
  endfacet
  facet normal 0.8788171126619647 0.4771587602596095 0
    outer loop
      vertex 7.794228634059947 4.5 1
      vertex 7.794228634059947 4.5 26
      vertex 8.01905871769531 4.085914497655922 26
    endloop
  endfacet
  facet normal 0.6883545756937524 0.7253743710122891 0
    outer loop
      vertex 6.3639610306789285 6.3639610306789285 1
      vertex 6.022175457229724 6.688303429296548 26
      vertex 6.3639610306789285 6.3639610306789285 26
    endloop
  endfacet
  facet normal 0.7253743710122891 0.6883545756937524 0
    outer loop
      vertex 6.3639610306789285 6.3639610306789285 1
      vertex 6.3639610306789285 6.3639610306789285 26
      vertex 6.688303429296548 6.022175457229724 26
    endloop
  endfacet
  facet normal 0.0784590957278453 0.996917333733128 1.5924116355761257e-17
    outer loop
      vertex 0.4710236061864945 8.987665812791164 26
      vertex 0.9407561694088813 8.950697058314459 26
      vertex 0.7866504888122967 8.96282543840878 7.221432451821213
    endloop
  endfacet
  facet normal 0.026176948307875102 0.9996573249755573 -2.268213170836685e-17
    outer loop
      vertex 0 9 26
      vertex 0.4710236061864945 8.987665812791164 26
      vertex 0.3235238063781509 8.991528230980416 7.457407282861335
    endloop
  endfacet
  facet normal 0.7933533244441106 0.6087614496610948 0
    outer loop
      vertex -2.1843458861112595 -1.587020181119442 12.49
      vertex -2.0982940942049026 -1.699165053665638 1
      vertex -2.1843458861112595 -1.587020181119442 1
    endloop
  endfacet
  facet normal 0.7604044644391602 0.6494498059596246 0
    outer loop
      vertex -2.0982940942049026 -1.699165053665638 12.49
      vertex -2.0975809767842293 -1.7000000029802322 1
      vertex -2.0982940942049026 -1.699165053665638 1
    endloop
  endfacet
  facet normal 0.8788171153683128 0.4771587552751367 0
    outer loop
      vertex -2.405717618763447 -1.225774347782135 12.49
      vertex -2.338268592953682 -1.3500000014901161 1
      vertex -2.405717618763447 -1.225774347782135 1
    endloop
  endfacet
  facet normal 0.9426414872993568 0.3338068699443684 0
    outer loop
      vertex -2.567852593958378 -0.8343458846211433 12.49
      vertex -2.520667150616646 -0.9675934612751007 1
      vertex -2.567852593958378 -0.8343458846211433 1
    endloop
  endfacet
  facet normal 0.9025852815735176 0.4305111026290192 0
    outer loop
      vertex -2.4665727391839027 -1.0981889367103577 12.49
      vertex -2.405717618763447 -1.225774347782135 1
      vertex -2.4665727391839027 -1.0981889367103577 1
    endloop
  endfacet
  facet normal 0.923879546710653 0.3826833980847853 0
    outer loop
      vertex -2.520667150616646 -0.9675934612751007 12.49
      vertex -2.4665727391839027 -1.0981889367103577 1
      vertex -2.520667150616646 -0.9675934612751007 1
    endloop
  endfacet
  facet normal 0.9588197291581427 0.28401536398072885 0
    outer loop
      vertex -2.607999734580517 -0.6988114193081856 12.49
      vertex -2.567852593958378 -0.8343458846211433 1
      vertex -2.607999734580517 -0.6988114193081856 1
    endloop
  endfacet
  facet normal 0.9723699281005703 0.23344533177104118 0
    outer loop
      vertex -2.6409985199570656 -0.5613615661859512 12.49
      vertex -2.607999734580517 -0.6988114193081856 1
      vertex -2.6409985199570656 -0.5613615661859512 1
    endloop
  endfacet
  facet normal 0.9832549015095283 0.18223555815890566 0
    outer loop
      vertex -2.6667585223913193 -0.42237305641174316 12.49
      vertex -2.6409985199570656 -0.5613615661859512 1
      vertex -2.6667585223913193 -0.42237305641174316 1
    endloop
  endfacet
  facet normal 0.9914448634414467 0.13052617651479395 0
    outer loop
      vertex -2.6852091178297997 -0.2822268530726433 12.49
      vertex -2.6667585223913193 -0.42237305641174316 1
      vertex -2.6852091178297997 -0.2822268530726433 1
    endloop
  endfacet
  facet normal 0.9969173326248059 0.0784591098104111 0
    outer loop
      vertex -2.696299746632576 -0.14130707830190659 12.49
      vertex -2.6852091178297997 -0.2822268530726433 1
      vertex -2.696299746632576 -0.14130707830190659 1
    endloop
  endfacet
  facet normal 0.9996573249240802 0.026176950273703918 0
    outer loop
      vertex -2.7000000029802322 0 12.49
      vertex -2.696299746632576 -0.14130707830190659 1
      vertex -2.7000000029802322 0 1
    endloop
  endfacet
  facet normal 0.8526401453964116 0.5224985956520708 0
    outer loop
      vertex -2.338268592953682 -1.3500000014901161 12.49
      vertex -2.2644105330109596 -1.4705253913998604 1
      vertex -2.338268592953682 -1.3500000014901161 1
    endloop
  endfacet
  facet normal 0.8241262013385129 0.5664062184222141 0
    outer loop
      vertex -2.2644105330109596 -1.4705253913998604 12.49
      vertex -2.1843458861112595 -1.587020181119442 1
      vertex -2.2644105330109596 -1.4705253913998604 1
    endloop
  endfacet
  facet normal 0 1 0
    outer loop
      vertex -2.0975809767842293 -1.7000000029802322 12.49
      vertex 2.0975809767842293 -1.7000000029802322 1
      vertex -2.0975809767842293 -1.7000000029802322 1
    endloop
  endfacet
  facet normal 0.7933533244441106 0.6087614496610948 0
    outer loop
      vertex -2.1843458861112595 -1.587020181119442 12.49
      vertex -2.0982940942049026 -1.699165053665638 12.49
      vertex -2.0982940942049026 -1.699165053665638 1
    endloop
  endfacet
  facet normal 0.7604044644391602 0.6494498059596246 0
    outer loop
      vertex -2.0982940942049026 -1.699165053665638 12.49
      vertex -2.0975809767842293 -1.7000000029802322 12.49
      vertex -2.0975809767842293 -1.7000000029802322 1
    endloop
  endfacet
  facet normal 0.9025852815735176 0.4305111026290192 0
    outer loop
      vertex -2.4665727391839027 -1.0981889367103577 12.49
      vertex -2.405717618763447 -1.225774347782135 12.49
      vertex -2.405717618763447 -1.225774347782135 1
    endloop
  endfacet
  facet normal 0.8788171153683128 0.4771587552751367 0
    outer loop
      vertex -2.405717618763447 -1.225774347782135 12.49
      vertex -2.338268592953682 -1.3500000014901161 12.49
      vertex -2.338268592953682 -1.3500000014901161 1
    endloop
  endfacet
  facet normal 0.9588197291581427 0.28401536398072885 0
    outer loop
      vertex -2.607999734580517 -0.6988114193081856 12.49
      vertex -2.567852593958378 -0.8343458846211433 12.49
      vertex -2.567852593958378 -0.8343458846211433 1
    endloop
  endfacet
  facet normal 0.923879546710653 0.3826833980847853 0
    outer loop
      vertex -2.4665727391839027 -1.0981889367103577 12.49
      vertex -2.4665727391839027 -1.0981889367103577 1
      vertex -2.520667150616646 -0.9675934612751007 12.49
    endloop
  endfacet
  facet normal 0.9426414872993568 0.3338068699443684 0
    outer loop
      vertex -2.567852593958378 -0.8343458846211433 12.49
      vertex -2.520667150616646 -0.9675934612751007 12.49
      vertex -2.520667150616646 -0.9675934612751007 1
    endloop
  endfacet
  facet normal 0.9723699281005703 0.23344533177104118 0
    outer loop
      vertex -2.607999734580517 -0.6988114193081856 12.49
      vertex -2.607999734580517 -0.6988114193081856 1
      vertex -2.6409985199570656 -0.5613615661859512 12.49
    endloop
  endfacet
  facet normal 0.9832549015095283 0.18223555815890566 0
    outer loop
      vertex -2.6409985199570656 -0.5613615661859512 12.49
      vertex -2.6409985199570656 -0.5613615661859512 1
      vertex -2.6667585223913193 -0.42237305641174316 12.49
    endloop
  endfacet
  facet normal 0.9914448634414467 0.13052617651479395 0
    outer loop
      vertex -2.6667585223913193 -0.42237305641174316 12.49
      vertex -2.6667585223913193 -0.42237305641174316 1
      vertex -2.6852091178297997 -0.2822268530726433 12.49
    endloop
  endfacet
  facet normal 0.9969173326248059 0.0784591098104111 0
    outer loop
      vertex -2.6852091178297997 -0.2822268530726433 12.49
      vertex -2.6852091178297997 -0.2822268530726433 1
      vertex -2.696299746632576 -0.14130707830190659 12.49
    endloop
  endfacet
  facet normal 0.9996573249240802 0.026176950273703918 0
    outer loop
      vertex -2.696299746632576 -0.14130707830190659 12.49
      vertex -2.696299746632576 -0.14130707830190659 1
      vertex -2.7000000029802322 0 12.49
    endloop
  endfacet
  facet normal 0.8526401453964116 0.5224985956520708 0
    outer loop
      vertex -2.2644105330109596 -1.4705253913998604 12.49
      vertex -2.2644105330109596 -1.4705253913998604 1
      vertex -2.338268592953682 -1.3500000014901161 12.49
    endloop
  endfacet
  facet normal 0.8241262013385129 0.5664062184222141 0
    outer loop
      vertex -2.2644105330109596 -1.4705253913998604 12.49
      vertex -2.1843458861112595 -1.587020181119442 12.49
      vertex -2.1843458861112595 -1.587020181119442 1
    endloop
  endfacet
  facet normal 0 0 -1
    outer loop
      vertex -2.0982940942049026 -1.699165053665638 12.49
      vertex 2.2644105330109596 -1.4705253913998604 12.49
      vertex -2.0975809767842293 -1.7000000029802322 12.49
    endloop
  endfacet
  facet normal 0 0 -1
    outer loop
      vertex -2.4665727391839027 -1.0981889367103577 12.49
      vertex -2.520667150616646 -0.9675934612751007 12.49
      vertex 2.607999734580517 -0.6988114193081856 12.49
    endloop
  endfacet
  facet normal 0 0 -1
    outer loop
      vertex -2.567852593958378 -0.8343458846211433 12.49
      vertex 2.6409985199570656 -0.5613615661859512 12.49
      vertex -2.520667150616646 -0.9675934612751007 12.49
    endloop
  endfacet
  facet normal 0 0 -1
    outer loop
      vertex -2.607999734580517 -0.6988114193081856 12.49
      vertex 2.6667585223913193 -0.42237305641174316 12.49
      vertex -2.567852593958378 -0.8343458846211433 12.49
    endloop
  endfacet
  facet normal 0 0 -1
    outer loop
      vertex -2.607999734580517 -0.6988114193081856 12.49
      vertex -2.6409985199570656 -0.5613615661859512 12.49
      vertex 2.6852091178297997 -0.2822268530726433 12.49
    endloop
  endfacet
  facet normal 0 0 -1
    outer loop
      vertex -2.6409985199570656 -0.5613615661859512 12.49
      vertex -2.6667585223913193 -0.42237305641174316 12.49
      vertex 2.696299746632576 -0.14130707830190659 12.49
    endloop
  endfacet
  facet normal 0 0 -1
    outer loop
      vertex -2.6667585223913193 -0.42237305641174316 12.49
      vertex -2.6852091178297997 -0.2822268530726433 12.49
      vertex 2.7000000029802322 0 12.49
    endloop
  endfacet
  facet normal 0 0 -1
    outer loop
      vertex -2.6852091178297997 -0.2822268530726433 12.49
      vertex -2.696299746632576 -0.14130707830190659 12.49
      vertex 2.696299746632576 0.14130707830190659 12.49
    endloop
  endfacet
  facet normal 0 0 -1
    outer loop
      vertex -2.2644105330109596 -1.4705253913998604 12.49
      vertex 2.405717618763447 -1.225774347782135 12.49
      vertex -2.1843458861112595 -1.587020181119442 12.49
    endloop
  endfacet
  facet normal 0 0 -1
    outer loop
      vertex -2.1843458861112595 -1.587020181119442 12.49
      vertex 2.338268592953682 -1.3500000014901161 12.49
      vertex -2.0982940942049026 -1.699165053665638 12.49
    endloop
  endfacet
  facet normal 0 0 -1
    outer loop
      vertex -2.2644105330109596 -1.4705253913998604 12.49
      vertex -2.338268592953682 -1.3500000014901161 12.49
      vertex 2.4665727391839027 -1.0981889367103577 12.49
    endloop
  endfacet
  facet normal 0 0 -1
    outer loop
      vertex -2.405717618763447 -1.225774347782135 12.49
      vertex 2.520667150616646 -0.9675934612751007 12.49
      vertex -2.338268592953682 -1.3500000014901161 12.49
    endloop
  endfacet
  facet normal 0 0 -1
    outer loop
      vertex -2.4665727391839027 -1.0981889367103577 12.49
      vertex 2.567852593958378 -0.8343458846211433 12.49
      vertex -2.405717618763447 -1.225774347782135 12.49
    endloop
  endfacet
  facet normal 0 -1 0
    outer loop
      vertex -0.44795993693162534 1.7000000029802322 5.083024466878498
      vertex -2.0975809767842293 1.7000000029802322 1
      vertex -0.38627124296868426 1.7000000029802322 5.061179354631058
    endloop
  endfacet
  facet normal 0 -1 0
    outer loop
      vertex -0.3235238063781509 1.7000000029802322 5.042592717138665
      vertex -2.0975809767842293 1.7000000029802322 1
      vertex -0.2598896135221992 1.7000000029802322 5.027315499082743
    endloop
  endfacet
  facet normal 0 -1 0
    outer loop
      vertex -0.2598896135221992 1.7000000029802322 5.027315499082743
      vertex -2.0975809767842293 1.7000000029802322 1
      vertex -0.19554308130028858 1.7000000029802322 5.015389574256078
    endloop
  endfacet
  facet normal 0 -1 0
    outer loop
      vertex -0.19554308130028858 1.7000000029802322 5.015389574256078
      vertex -2.0975809767842293 1.7000000029802322 1
      vertex -0.13066057908456685 1.7000000029802322 5.006847630789658
    endloop
  endfacet
  facet normal 0 -1 0
    outer loop
      vertex -0.38627124296868426 1.7000000029802322 5.061179354631058
      vertex -2.0975809767842293 1.7000000029802322 1
      vertex -0.3235238063781509 1.7000000029802322 5.042592717138665
    endloop
  endfacet
  facet normal 0 -1 0
    outer loop
      vertex -0.5084208038447503 1.7000000029802322 5.108068177946749
      vertex -0.5674881246744335 1.7000000029802322 5.13624184476454
      vertex -2.0975809767842293 1.7000000029802322 1
    endloop
  endfacet
  facet normal 0 -1 0
    outer loop
      vertex -0.5084208038447503 1.7000000029802322 5.108068177946749
      vertex -2.0975809767842293 1.7000000029802322 1
      vertex -0.44795993693162534 1.7000000029802322 5.083024466878498
    endloop
  endfacet
  facet normal 0 -1 0
    outer loop
      vertex -0.625 1.7000000029802322 5.167468245269452
      vertex -2.0975809767842293 1.7000000029802322 1
      vertex -0.5674881246744335 1.7000000029802322 5.13624184476454
    endloop
  endfacet
  facet normal 0 -1 0
    outer loop
      vertex -0.7866504888122967 1.7000000029802322 5.278567548178787
      vertex -2.0975809767842293 1.7000000029802322 1
      vertex -0.7347315653655915 1.7000000029802322 5.238728757031316
    endloop
  endfacet
  facet normal 0 -1 0
    outer loop
      vertex -0.7866504888122967 1.7000000029802322 5.278567548178787
      vertex -0.8364132579485728 1.7000000029802322 5.3210689681532575
      vertex -2.0975809767842293 1.7000000029802322 1
    endloop
  endfacet
  facet normal 0 -1 0
    outer loop
      vertex -0.8838834764831844 1.7000000029802322 5.366116523516816
      vertex -2.0975809767842293 1.7000000029802322 1
      vertex -0.8364132579485728 1.7000000029802322 5.3210689681532575
    endloop
  endfacet
  facet normal 0 -1 0
    outer loop
      vertex -0.7347315653655915 1.7000000029802322 5.238728757031316
      vertex -2.0975809767842293 1.7000000029802322 1
      vertex -0.6807987937687838 1.7000000029802322 5.20166179006822
    endloop
  endfacet
  facet normal 0 -1 0
    outer loop
      vertex -0.6807987937687838 1.7000000029802322 5.20166179006822
      vertex -2.0975809767842293 1.7000000029802322 1
      vertex -0.625 1.7000000029802322 5.167468245269452
    endloop
  endfacet
  facet normal 0 -1 0
    outer loop
      vertex -0.13066057908456685 1.7000000029802322 5.006847630789658
      vertex -2.0975809767842293 1.7000000029802322 1
      vertex -0.0654199453036798 1.7000000029802322 5.001713081556783
    endloop
  endfacet
  facet normal 0 -1 0
    outer loop
      vertex -0.0654199453036798 1.7000000029802322 5.001713081556783
      vertex -2.0975809767842293 1.7000000029802322 1
      vertex 0 1.7000000029802322 5
    endloop
  endfacet
  facet normal 0 -1 0
    outer loop
      vertex 0 1.7000000029802322 5
      vertex -2.0975809767842293 1.7000000029802322 1
      vertex 0.0654199453036798 1.7000000029802322 5.001713081556783
    endloop
  endfacet
  facet normal 0 -1 0
    outer loop
      vertex 0.0654199453036798 1.7000000029802322 5.001713081556783
      vertex -2.0975809767842293 1.7000000029802322 1
      vertex 0.13066057908456685 1.7000000029802322 5.006847630789658
    endloop
  endfacet
  facet normal 0 -1 0
    outer loop
      vertex 0.13066057908456685 1.7000000029802322 5.006847630789658
      vertex -2.0975809767842293 1.7000000029802322 1
      vertex 0.19554308130028858 1.7000000029802322 5.015389574256078
    endloop
  endfacet
  facet normal 0 -1 0
    outer loop
      vertex 0.19554308130028858 1.7000000029802322 5.015389574256078
      vertex -2.0975809767842293 1.7000000029802322 1
      vertex 0.2598896135221992 1.7000000029802322 5.027315499082743
    endloop
  endfacet
  facet normal 0 -1 0
    outer loop
      vertex 0.2598896135221992 1.7000000029802322 5.027315499082743
      vertex -2.0975809767842293 1.7000000029802322 1
      vertex 0.3235238063781509 1.7000000029802322 5.042592717138665
    endloop
  endfacet
  facet normal 0 -1 0
    outer loop
      vertex 0.3235238063781509 1.7000000029802322 5.042592717138665
      vertex -2.0975809767842293 1.7000000029802322 1
      vertex 0.38627124296868426 1.7000000029802322 5.061179354631058
    endloop
  endfacet
  facet normal 0 -1 0
    outer loop
      vertex 0.38627124296868426 1.7000000029802322 5.061179354631058
      vertex -2.0975809767842293 1.7000000029802322 1
      vertex 0.44795993693162534 1.7000000029802322 5.083024466878498
    endloop
  endfacet
  facet normal 0 -1 0
    outer loop
      vertex 0.44795993693162534 1.7000000029802322 5.083024466878498
      vertex -2.0975809767842293 1.7000000029802322 1
      vertex 0.5084208038447503 1.7000000029802322 5.108068177946749
    endloop
  endfacet
  facet normal 0 -1 0
    outer loop
      vertex 0.5084208038447503 1.7000000029802322 5.108068177946749
      vertex -2.0975809767842293 1.7000000029802322 1
      vertex 0.5674881246744335 1.7000000029802322 5.13624184476454
    endloop
  endfacet
  facet normal 0 -1 0
    outer loop
      vertex 0.5674881246744335 1.7000000029802322 5.13624184476454
      vertex -2.0975809767842293 1.7000000029802322 1
      vertex 0.625 1.7000000029802322 5.167468245269452
    endloop
  endfacet
  facet normal 0 -1 0
    outer loop
      vertex 0.625 1.7000000029802322 5.167468245269452
      vertex -2.0975809767842293 1.7000000029802322 1
      vertex 0.6807987937687838 1.7000000029802322 5.20166179006822
    endloop
  endfacet
  facet normal 0 -1 0
    outer loop
      vertex 0.6807987937687838 1.7000000029802322 5.20166179006822
      vertex -2.0975809767842293 1.7000000029802322 1
      vertex 0.7347315653655915 1.7000000029802322 5.238728757031316
    endloop
  endfacet
  facet normal 0 -1 0
    outer loop
      vertex 0.7347315653655915 1.7000000029802322 5.238728757031316
      vertex -2.0975809767842293 1.7000000029802322 1
      vertex 0.7866504888122967 1.7000000029802322 5.278567548178787
    endloop
  endfacet
  facet normal 0 -1 0
    outer loop
      vertex 0.7866504888122967 1.7000000029802322 5.278567548178787
      vertex -2.0975809767842293 1.7000000029802322 1
      vertex 0.8364132579485728 1.7000000029802322 5.3210689681532575
    endloop
  endfacet
  facet normal 0 -1 0
    outer loop
      vertex 0.8364132579485728 1.7000000029802322 5.3210689681532575
      vertex -2.0975809767842293 1.7000000029802322 1
      vertex 0.8838834764831844 1.7000000029802322 5.366116523516816
    endloop
  endfacet
  facet normal 0 -1 0
    outer loop
      vertex -0.9289310318467427 1.7000000029802322 5.413586742051427
      vertex -2.0975809767842293 1.7000000029802322 1
      vertex -0.8838834764831844 1.7000000029802322 5.366116523516816
    endloop
  endfacet
  facet normal 0 -1 0
    outer loop
      vertex -0.9714324518212136 1.7000000029802322 5.463349511187703
      vertex -2.0975809767842293 1.7000000029802322 1
      vertex -0.9289310318467427 1.7000000029802322 5.413586742051427
    endloop
  endfacet
  facet normal 0 -1 0
    outer loop
      vertex -0.9714324518212136 1.7000000029802322 5.463349511187703
      vertex -1.0112712429686843 1.7000000029802322 5.515268434634408
      vertex -2.0975809767842293 1.7000000029802322 1
    endloop
  endfacet
  facet normal 0 -1 0
    outer loop
      vertex -1.0483382099317802 1.7000000029802322 5.569201206231217
      vertex -2.0975809767842293 1.7000000029802322 1
      vertex -1.0112712429686843 1.7000000029802322 5.515268434634408
    endloop
  endfacet
  facet normal 0 -1 0
    outer loop
      vertex -1.0825317547305482 1.7000000029802322 5.625
      vertex -2.0975809767842293 1.7000000029802322 1
      vertex -1.0483382099317802 1.7000000029802322 5.569201206231217
    endloop
  endfacet
  facet normal 0 -1 0
    outer loop
      vertex -1.0825317547305482 1.7000000029802322 5.625
      vertex -1.1137581552354598 1.7000000029802322 5.682511875325567
      vertex -2.0975809767842293 1.7000000029802322 1
    endloop
  endfacet
  facet normal 0 -1 0
    outer loop
      vertex -1.141931822053251 1.7000000029802322 5.74157919615525
      vertex -2.0975809767842293 1.7000000029802322 1
      vertex -1.1137581552354598 1.7000000029802322 5.682511875325567
    endloop
  endfacet
  facet normal 0 -1 0
    outer loop
      vertex 0.8838834764831844 1.7000000029802322 5.366116523516816
      vertex -2.0975809767842293 1.7000000029802322 1
      vertex 0.9289310318467427 1.7000000029802322 5.413586742051427
    endloop
  endfacet
  facet normal 0 -1 0
    outer loop
      vertex 0.9289310318467427 1.7000000029802322 5.413586742051427
      vertex -2.0975809767842293 1.7000000029802322 1
      vertex 0.9714324518212136 1.7000000029802322 5.463349511187703
    endloop
  endfacet
  facet normal 0 -1 0
    outer loop
      vertex 0.9714324518212136 1.7000000029802322 5.463349511187703
      vertex -2.0975809767842293 1.7000000029802322 1
      vertex 1.0112712429686843 1.7000000029802322 5.515268434634408
    endloop
  endfacet
  facet normal 0 -1 0
    outer loop
      vertex -1.141931822053251 1.7000000029802322 5.74157919615525
      vertex -1.1669755331215022 1.7000000029802322 5.802040063068374
      vertex -2.0975809767842293 1.7000000029802322 1
    endloop
  endfacet
  facet normal 0 -1 0
    outer loop
      vertex -1.1888206453689418 1.7000000029802322 5.863728757031316
      vertex -2.0975809767842293 1.7000000029802322 1
      vertex -1.1669755331215022 1.7000000029802322 5.802040063068374
    endloop
  endfacet
  facet normal 0 -1 0
    outer loop
      vertex -1.2074072828613354 1.7000000029802322 5.926476193621849
      vertex -2.0975809767842293 1.7000000029802322 1
      vertex -1.1888206453689418 1.7000000029802322 5.863728757031316
    endloop
  endfacet
  facet normal 0 -1 0
    outer loop
      vertex -1.2074072828613354 1.7000000029802322 5.926476193621849
      vertex -1.2226845009172571 1.7000000029802322 5.9901103864778005
      vertex -2.0975809767842293 1.7000000029802322 1
    endloop
  endfacet
  facet normal 0 -1 0
    outer loop
      vertex -1.2226845009172571 1.7000000029802322 5.9901103864778005
      vertex -1.2346104257439223 1.7000000029802322 6.054456918699711
      vertex -2.0975809767842293 1.7000000029802322 1
    endloop
  endfacet
  facet normal 0.9996573249240802 -0.026176950273703918 0
    outer loop
      vertex -2.696299746632576 0.14130707830190659 12.49
      vertex -2.7000000029802322 0 1
      vertex -2.696299746632576 0.14130707830190659 1
    endloop
  endfacet
  facet normal 0.9969173326248059 -0.0784591098104111 0
    outer loop
      vertex -2.6852091178297997 0.2822268530726433 12.49
      vertex -2.696299746632576 0.14130707830190659 1
      vertex -2.6852091178297997 0.2822268530726433 1
    endloop
  endfacet
  facet normal 0.9914448634414467 -0.13052617651479395 0
    outer loop
      vertex -2.6667585223913193 0.42237305641174316 12.49
      vertex -2.6852091178297997 0.2822268530726433 1
      vertex -2.6667585223913193 0.42237305641174316 1
    endloop
  endfacet
  facet normal 0.9832549015095283 -0.18223555815890566 0
    outer loop
      vertex -2.6409985199570656 0.5613615661859512 12.49
      vertex -2.6667585223913193 0.42237305641174316 1
      vertex -2.6409985199570656 0.5613615661859512 1
    endloop
  endfacet
  facet normal 0.9723699281005703 -0.23344533177104118 0
    outer loop
      vertex -2.607999734580517 0.6988114193081856 12.49
      vertex -2.6409985199570656 0.5613615661859512 1
      vertex -2.607999734580517 0.6988114193081856 1
    endloop
  endfacet
  facet normal 0.9588197291581427 -0.28401536398072885 0
    outer loop
      vertex -2.567852593958378 0.8343458846211433 12.49
      vertex -2.607999734580517 0.6988114193081856 1
      vertex -2.567852593958378 0.8343458846211433 1
    endloop
  endfacet
  facet normal 0.9426414872993568 -0.3338068699443684 0
    outer loop
      vertex -2.520667150616646 0.9675934612751007 12.49
      vertex -2.567852593958378 0.8343458846211433 1
      vertex -2.520667150616646 0.9675934612751007 1
    endloop
  endfacet
  facet normal 0.923879546710653 -0.3826833980847853 0
    outer loop
      vertex -2.4665727391839027 1.0981889367103577 12.49
      vertex -2.520667150616646 0.9675934612751007 1
      vertex -2.4665727391839027 1.0981889367103577 1
    endloop
  endfacet
  facet normal 0.9025852815735176 -0.4305111026290192 0
    outer loop
      vertex -2.405717618763447 1.225774347782135 12.49
      vertex -2.4665727391839027 1.0981889367103577 1
      vertex -2.405717618763447 1.225774347782135 1
    endloop
  endfacet
  facet normal 0.8788171153683128 -0.4771587552751367 0
    outer loop
      vertex -2.338268592953682 1.3500000014901161 12.49
      vertex -2.405717618763447 1.225774347782135 1
      vertex -2.338268592953682 1.3500000014901161 1
    endloop
  endfacet
  facet normal 0.8526401453964116 -0.5224985956520708 0
    outer loop
      vertex -2.2644105330109596 1.4705253913998604 12.49
      vertex -2.338268592953682 1.3500000014901161 1
      vertex -2.2644105330109596 1.4705253913998604 1
    endloop
  endfacet
  facet normal 0.8241262013385129 -0.5664062184222141 0
    outer loop
      vertex -2.1843458861112595 1.587020181119442 12.49
      vertex -2.2644105330109596 1.4705253913998604 1
      vertex -2.1843458861112595 1.587020181119442 1
    endloop
  endfacet
  facet normal 0.7933533244441106 -0.6087614496610948 0
    outer loop
      vertex -2.0982940942049026 1.699165053665638 12.49
      vertex -2.1843458861112595 1.587020181119442 1
      vertex -2.0982940942049026 1.699165053665638 1
    endloop
  endfacet
  facet normal 0.7604044644391602 -0.6494498059596246 0
    outer loop
      vertex -2.0975809767842293 1.7000000029802322 12.49
      vertex -2.0982940942049026 1.699165053665638 1
      vertex -2.0975809767842293 1.7000000029802322 1
    endloop
  endfacet
  facet normal 0 -1 0
    outer loop
      vertex -1.2346104257439223 1.7000000029802322 6.054456918699711
      vertex -2.0975809767842293 1.7000000029802322 12.49
      vertex -2.0975809767842293 1.7000000029802322 1
    endloop
  endfacet
  facet normal 0 -1 0
    outer loop
      vertex -1.2346104257439223 1.7000000029802322 6.054456918699711
      vertex -1.2431523692103417 1.7000000029802322 6.119339420915433
      vertex -2.0975809767842293 1.7000000029802322 12.49
    endloop
  endfacet
  facet normal 0 -1 0
    outer loop
      vertex -1.2482869184432173 1.7000000029802322 6.18458005469632
      vertex -2.0975809767842293 1.7000000029802322 12.49
      vertex -1.2431523692103417 1.7000000029802322 6.119339420915433
    endloop
  endfacet
  facet normal 0.9996573249240802 -0.026176950273703918 0
    outer loop
      vertex -2.7000000029802322 0 12.49
      vertex -2.7000000029802322 0 1
      vertex -2.696299746632576 0.14130707830190659 12.49
    endloop
  endfacet
  facet normal 0.9969173326248059 -0.0784591098104111 0
    outer loop
      vertex -2.696299746632576 0.14130707830190659 12.49
      vertex -2.696299746632576 0.14130707830190659 1
      vertex -2.6852091178297997 0.2822268530726433 12.49
    endloop
  endfacet
  facet normal 0.9914448634414467 -0.13052617651479395 0
    outer loop
      vertex -2.6852091178297997 0.2822268530726433 12.49
      vertex -2.6852091178297997 0.2822268530726433 1
      vertex -2.6667585223913193 0.42237305641174316 12.49
    endloop
  endfacet
  facet normal 0.9832549015095283 -0.18223555815890566 0
    outer loop
      vertex -2.6667585223913193 0.42237305641174316 12.49
      vertex -2.6667585223913193 0.42237305641174316 1
      vertex -2.6409985199570656 0.5613615661859512 12.49
    endloop
  endfacet
  facet normal 0.9723699281005703 -0.23344533177104118 0
    outer loop
      vertex -2.6409985199570656 0.5613615661859512 12.49
      vertex -2.6409985199570656 0.5613615661859512 1
      vertex -2.607999734580517 0.6988114193081856 12.49
    endloop
  endfacet
  facet normal 0.9588197291581427 -0.28401536398072885 0
    outer loop
      vertex -2.607999734580517 0.6988114193081856 12.49
      vertex -2.607999734580517 0.6988114193081856 1
      vertex -2.567852593958378 0.8343458846211433 12.49
    endloop
  endfacet
  facet normal 0.9426414872993568 -0.3338068699443684 0
    outer loop
      vertex -2.567852593958378 0.8343458846211433 12.49
      vertex -2.567852593958378 0.8343458846211433 1
      vertex -2.520667150616646 0.9675934612751007 12.49
    endloop
  endfacet
  facet normal 0.923879546710653 -0.3826833980847853 0
    outer loop
      vertex -2.520667150616646 0.9675934612751007 12.49
      vertex -2.520667150616646 0.9675934612751007 1
      vertex -2.4665727391839027 1.0981889367103577 12.49
    endloop
  endfacet
  facet normal 0.9025852815735176 -0.4305111026290192 0
    outer loop
      vertex -2.4665727391839027 1.0981889367103577 12.49
      vertex -2.4665727391839027 1.0981889367103577 1
      vertex -2.405717618763447 1.225774347782135 12.49
    endloop
  endfacet
  facet normal 0.8788171153683128 -0.4771587552751367 0
    outer loop
      vertex -2.405717618763447 1.225774347782135 12.49
      vertex -2.405717618763447 1.225774347782135 1
      vertex -2.338268592953682 1.3500000014901161 12.49
    endloop
  endfacet
  facet normal 0.8526401453964116 -0.5224985956520708 0
    outer loop
      vertex -2.338268592953682 1.3500000014901161 12.49
      vertex -2.338268592953682 1.3500000014901161 1
      vertex -2.2644105330109596 1.4705253913998604 12.49
    endloop
  endfacet
  facet normal 0.8241262013385129 -0.5664062184222141 0
    outer loop
      vertex -2.2644105330109596 1.4705253913998604 12.49
      vertex -2.2644105330109596 1.4705253913998604 1
      vertex -2.1843458861112595 1.587020181119442 12.49
    endloop
  endfacet
  facet normal 0.7933533244441106 -0.6087614496610948 0
    outer loop
      vertex -2.1843458861112595 1.587020181119442 12.49
      vertex -2.1843458861112595 1.587020181119442 1
      vertex -2.0982940942049026 1.699165053665638 12.49
    endloop
  endfacet
  facet normal 0.7604044644391602 -0.6494498059596246 0
    outer loop
      vertex -2.0982940942049026 1.699165053665638 12.49
      vertex -2.0982940942049026 1.699165053665638 1
      vertex -2.0975809767842293 1.7000000029802322 12.49
    endloop
  endfacet
  facet normal 0 -1 0
    outer loop
      vertex -1.2482869184432173 1.7000000029802322 6.18458005469632
      vertex -1.25 1.7000000029802322 6.25
      vertex -2.0975809767842293 1.7000000029802322 12.49
    endloop
  endfacet
  facet normal 0 -1 0
    outer loop
      vertex -1.25 1.7000000029802322 6.25
      vertex -1.2482869184432173 1.7000000029802322 6.31541994530368
      vertex -2.0975809767842293 1.7000000029802322 12.49
    endloop
  endfacet
  facet normal 0 -1 0
    outer loop
      vertex -1.2482869184432173 1.7000000029802322 6.31541994530368
      vertex -1.2431523692103417 1.7000000029802322 6.380660579084567
      vertex -2.0975809767842293 1.7000000029802322 12.49
    endloop
  endfacet
  facet normal 0 -1 0
    outer loop
      vertex -1.2431523692103417 1.7000000029802322 6.380660579084567
      vertex -1.2346104257439223 1.7000000029802322 6.445543081300289
      vertex -2.0975809767842293 1.7000000029802322 12.49
    endloop
  endfacet
  facet normal 0 -1 0
    outer loop
      vertex -1.2346104257439223 1.7000000029802322 6.445543081300289
      vertex -1.2226845009172571 1.7000000029802322 6.5098896135221995
      vertex -2.0975809767842293 1.7000000029802322 12.49
    endloop
  endfacet
  facet normal 0 -1 0
    outer loop
      vertex -1.2226845009172571 1.7000000029802322 6.5098896135221995
      vertex -1.2074072828613354 1.7000000029802322 6.573523806378151
      vertex -2.0975809767842293 1.7000000029802322 12.49
    endloop
  endfacet
  facet normal 0 -1 0
    outer loop
      vertex -1.2074072828613354 1.7000000029802322 6.573523806378151
      vertex -1.1888206453689418 1.7000000029802322 6.636271242968684
      vertex -2.0975809767842293 1.7000000029802322 12.49
    endloop
  endfacet
  facet normal 0 -1 0
    outer loop
      vertex -1.1888206453689418 1.7000000029802322 6.636271242968684
      vertex -1.1669755331215022 1.7000000029802322 6.697959936931626
      vertex -2.0975809767842293 1.7000000029802322 12.49
    endloop
  endfacet
  facet normal 0 -1 0
    outer loop
      vertex -1.1669755331215022 1.7000000029802322 6.697959936931626
      vertex -1.141931822053251 1.7000000029802322 6.75842080384475
      vertex -2.0975809767842293 1.7000000029802322 12.49
    endloop
  endfacet
  facet normal 0 -1 0
    outer loop
      vertex -2.0975809767842293 1.7000000029802322 12.49
      vertex -1.141931822053251 1.7000000029802322 6.75842080384475
      vertex -1.1137581552354598 1.7000000029802322 6.817488124674433
    endloop
  endfacet
  facet normal 0 -1 0
    outer loop
      vertex -2.0975809767842293 1.7000000029802322 12.49
      vertex -1.1137581552354598 1.7000000029802322 6.817488124674433
      vertex -1.0825317547305482 1.7000000029802322 6.875
    endloop
  endfacet
  facet normal 0 -1 0
    outer loop
      vertex -2.0975809767842293 1.7000000029802322 12.49
      vertex -1.0825317547305482 1.7000000029802322 6.875
      vertex -1.0483382099317802 1.7000000029802322 6.930798793768783
    endloop
  endfacet
  facet normal 0 -1 0
    outer loop
      vertex -2.0975809767842293 1.7000000029802322 12.49
      vertex -1.0483382099317802 1.7000000029802322 6.930798793768783
      vertex -1.0112712429686843 1.7000000029802322 6.984731565365592
    endloop
  endfacet
  facet normal 0 -1 0
    outer loop
      vertex -2.0975809767842293 1.7000000029802322 12.49
      vertex -1.0112712429686843 1.7000000029802322 6.984731565365592
      vertex -0.9714324518212136 1.7000000029802322 7.036650488812297
    endloop
  endfacet
  facet normal 0 -1 0
    outer loop
      vertex -2.0975809767842293 1.7000000029802322 12.49
      vertex -0.9714324518212136 1.7000000029802322 7.036650488812297
      vertex -0.9289310318467427 1.7000000029802322 7.086413257948573
    endloop
  endfacet
  facet normal 0 -1 0
    outer loop
      vertex -2.0975809767842293 1.7000000029802322 12.49
      vertex -0.9289310318467427 1.7000000029802322 7.086413257948573
      vertex -0.8838834764831844 1.7000000029802322 7.133883476483184
    endloop
  endfacet
  facet normal 0 -1 0
    outer loop
      vertex -2.0975809767842293 1.7000000029802322 12.49
      vertex -0.8838834764831844 1.7000000029802322 7.133883476483184
      vertex -0.8364132579485728 1.7000000029802322 7.1789310318467425
    endloop
  endfacet
  facet normal 0 -1 0
    outer loop
      vertex -2.0975809767842293 1.7000000029802322 12.49
      vertex -0.8364132579485728 1.7000000029802322 7.1789310318467425
      vertex -0.7866504888122967 1.7000000029802322 7.221432451821213
    endloop
  endfacet
  facet normal 0 -1 0
    outer loop
      vertex -2.0975809767842293 1.7000000029802322 12.49
      vertex -0.7866504888122967 1.7000000029802322 7.221432451821213
      vertex -0.7347315653655915 1.7000000029802322 7.261271242968684
    endloop
  endfacet
  facet normal 0 -1 0
    outer loop
      vertex -2.0975809767842293 1.7000000029802322 12.49
      vertex -0.7347315653655915 1.7000000029802322 7.261271242968684
      vertex -0.6807987937687838 1.7000000029802322 7.29833820993178
    endloop
  endfacet
  facet normal 0 -1 0
    outer loop
      vertex -2.0975809767842293 1.7000000029802322 12.49
      vertex -0.6807987937687838 1.7000000029802322 7.29833820993178
      vertex -0.625 1.7000000029802322 7.332531754730548
    endloop
  endfacet
  facet normal 0 -1 0
    outer loop
      vertex -2.0975809767842293 1.7000000029802322 12.49
      vertex -0.625 1.7000000029802322 7.332531754730548
      vertex -0.5674881246744335 1.7000000029802322 7.36375815523546
    endloop
  endfacet
  facet normal 0 -1 0
    outer loop
      vertex -2.0975809767842293 1.7000000029802322 12.49
      vertex -0.5674881246744335 1.7000000029802322 7.36375815523546
      vertex -0.5084208038447503 1.7000000029802322 7.391931822053251
    endloop
  endfacet
  facet normal 0 -1 0
    outer loop
      vertex -2.0975809767842293 1.7000000029802322 12.49
      vertex -0.5084208038447503 1.7000000029802322 7.391931822053251
      vertex -0.44795993693162534 1.7000000029802322 7.416975533121502
    endloop
  endfacet
  facet normal 0 -1 0
    outer loop
      vertex -2.0975809767842293 1.7000000029802322 12.49
      vertex -0.44795993693162534 1.7000000029802322 7.416975533121502
      vertex -0.38627124296868426 1.7000000029802322 7.438820645368942
    endloop
  endfacet
  facet normal 0 -1 0
    outer loop
      vertex -2.0975809767842293 1.7000000029802322 12.49
      vertex -0.38627124296868426 1.7000000029802322 7.438820645368942
      vertex -0.3235238063781509 1.7000000029802322 7.457407282861335
    endloop
  endfacet
  facet normal 0 -1 0
    outer loop
      vertex -2.0975809767842293 1.7000000029802322 12.49
      vertex -0.3235238063781509 1.7000000029802322 7.457407282861335
      vertex -0.2598896135221992 1.7000000029802322 7.472684500917257
    endloop
  endfacet
  facet normal 0 -1 0
    outer loop
      vertex -2.0975809767842293 1.7000000029802322 12.49
      vertex -0.2598896135221992 1.7000000029802322 7.472684500917257
      vertex -0.19554308130028858 1.7000000029802322 7.484610425743922
    endloop
  endfacet
  facet normal 0 -1 0
    outer loop
      vertex -2.0975809767842293 1.7000000029802322 12.49
      vertex -0.19554308130028858 1.7000000029802322 7.484610425743922
      vertex -0.13066057908456685 1.7000000029802322 7.493152369210342
    endloop
  endfacet
  facet normal 0 -1 0
    outer loop
      vertex -2.0975809767842293 1.7000000029802322 12.49
      vertex -0.13066057908456685 1.7000000029802322 7.493152369210342
      vertex -0.0654199453036798 1.7000000029802322 7.498286918443217
    endloop
  endfacet
  facet normal 0 -1 0
    outer loop
      vertex -2.0975809767842293 1.7000000029802322 12.49
      vertex -0.0654199453036798 1.7000000029802322 7.498286918443217
      vertex 0 1.7000000029802322 7.5
    endloop
  endfacet
  facet normal 0 -1 0
    outer loop
      vertex -2.0975809767842293 1.7000000029802322 12.49
      vertex 0 1.7000000029802322 7.5
      vertex 0.0654199453036798 1.7000000029802322 7.498286918443217
    endloop
  endfacet
  facet normal 0 -1 0
    outer loop
      vertex -2.0975809767842293 1.7000000029802322 12.49
      vertex 0.0654199453036798 1.7000000029802322 7.498286918443217
      vertex 0.13066057908456685 1.7000000029802322 7.493152369210342
    endloop
  endfacet
  facet normal 0 -1 0
    outer loop
      vertex -2.0975809767842293 1.7000000029802322 12.49
      vertex 0.13066057908456685 1.7000000029802322 7.493152369210342
      vertex 0.19554308130028858 1.7000000029802322 7.484610425743922
    endloop
  endfacet
  facet normal 0 -1 0
    outer loop
      vertex -2.0975809767842293 1.7000000029802322 12.49
      vertex 0.19554308130028858 1.7000000029802322 7.484610425743922
      vertex 0.2598896135221992 1.7000000029802322 7.472684500917257
    endloop
  endfacet
  facet normal 0 0 -1
    outer loop
      vertex -2.1843458861112595 1.587020181119442 12.49
      vertex -2.0982940942049026 1.699165053665638 12.49
      vertex -2.0975809767842293 1.7000000029802322 12.49
    endloop
  endfacet
  facet normal 0 0 -1
    outer loop
      vertex -2.696299746632576 -0.14130707830190659 12.49
      vertex -2.7000000029802322 0 12.49
      vertex 2.6852091178297997 0.2822268530726433 12.49
    endloop
  endfacet
  facet normal 0 0 -1
    outer loop
      vertex -2.7000000029802322 0 12.49
      vertex -2.696299746632576 0.14130707830190659 12.49
      vertex 2.6667585223913193 0.42237305641174316 12.49
    endloop
  endfacet
  facet normal 0 0 -1
    outer loop
      vertex -2.696299746632576 0.14130707830190659 12.49
      vertex -2.6852091178297997 0.2822268530726433 12.49
      vertex 2.6409985199570656 0.5613615661859512 12.49
    endloop
  endfacet
  facet normal 0 0 -1
    outer loop
      vertex -2.6852091178297997 0.2822268530726433 12.49
      vertex -2.6667585223913193 0.42237305641174316 12.49
      vertex 2.607999734580517 0.6988114193081856 12.49
    endloop
  endfacet
  facet normal 0 0 -1
    outer loop
      vertex -2.6667585223913193 0.42237305641174316 12.49
      vertex -2.6409985199570656 0.5613615661859512 12.49
      vertex 2.567852593958378 0.8343458846211433 12.49
    endloop
  endfacet
  facet normal 0 0 -1
    outer loop
      vertex -2.6409985199570656 0.5613615661859512 12.49
      vertex -2.607999734580517 0.6988114193081856 12.49
      vertex 2.520667150616646 0.9675934612751007 12.49
    endloop
  endfacet
  facet normal 0 0 -1
    outer loop
      vertex -2.607999734580517 0.6988114193081856 12.49
      vertex -2.567852593958378 0.8343458846211433 12.49
      vertex 2.4665727391839027 1.0981889367103577 12.49
    endloop
  endfacet
  facet normal 0 0 -1
    outer loop
      vertex -2.567852593958378 0.8343458846211433 12.49
      vertex -2.520667150616646 0.9675934612751007 12.49
      vertex 2.405717618763447 1.225774347782135 12.49
    endloop
  endfacet
  facet normal 0 0 -1
    outer loop
      vertex -2.520667150616646 0.9675934612751007 12.49
      vertex -2.4665727391839027 1.0981889367103577 12.49
      vertex 2.338268592953682 1.3500000014901161 12.49
    endloop
  endfacet
  facet normal 0 0 -1
    outer loop
      vertex -2.4665727391839027 1.0981889367103577 12.49
      vertex -2.405717618763447 1.225774347782135 12.49
      vertex 2.2644105330109596 1.4705253913998604 12.49
    endloop
  endfacet
  facet normal 0 0 -1
    outer loop
      vertex -2.405717618763447 1.225774347782135 12.49
      vertex -2.338268592953682 1.3500000014901161 12.49
      vertex 2.1843458861112595 1.587020181119442 12.49
    endloop
  endfacet
  facet normal 0 0 -1
    outer loop
      vertex -2.338268592953682 1.3500000014901161 12.49
      vertex -2.2644105330109596 1.4705253913998604 12.49
      vertex 2.0982940942049026 1.699165053665638 12.49
    endloop
  endfacet
  facet normal 0 0 -1
    outer loop
      vertex -2.2644105330109596 1.4705253913998604 12.49
      vertex -2.1843458861112595 1.587020181119442 12.49
      vertex 2.0975809767842293 1.7000000029802322 12.49
    endloop
  endfacet
  facet normal 0 0 -1
    outer loop
      vertex -2.1843458861112595 1.587020181119442 12.49
      vertex -2.0975809767842293 1.7000000029802322 12.49
      vertex 2.0975809767842293 1.7000000029802322 12.49
    endloop
  endfacet
  facet normal -0.7604044644391602 0.6494498059596246 0
    outer loop
      vertex 2.0975809767842293 -1.7000000029802322 12.49
      vertex 2.0982940942049026 -1.699165053665638 1
      vertex 2.0975809767842293 -1.7000000029802322 1
    endloop
  endfacet
  facet normal -0.7933533244441106 0.6087614496610948 0
    outer loop
      vertex 2.0982940942049026 -1.699165053665638 12.49
      vertex 2.1843458861112595 -1.587020181119442 1
      vertex 2.0982940942049026 -1.699165053665638 1
    endloop
  endfacet
  facet normal -0.8241262013385129 0.5664062184222141 0
    outer loop
      vertex 2.1843458861112595 -1.587020181119442 12.49
      vertex 2.2644105330109596 -1.4705253913998604 1
      vertex 2.1843458861112595 -1.587020181119442 1
    endloop
  endfacet
  facet normal -0.8526401453964116 0.5224985956520708 0
    outer loop
      vertex 2.2644105330109596 -1.4705253913998604 12.49
      vertex 2.338268592953682 -1.3500000014901161 1
      vertex 2.2644105330109596 -1.4705253913998604 1
    endloop
  endfacet
  facet normal -0.8788171153683128 0.4771587552751367 0
    outer loop
      vertex 2.338268592953682 -1.3500000014901161 12.49
      vertex 2.405717618763447 -1.225774347782135 1
      vertex 2.338268592953682 -1.3500000014901161 1
    endloop
  endfacet
  facet normal -0.9025852815735176 0.4305111026290192 0
    outer loop
      vertex 2.405717618763447 -1.225774347782135 12.49
      vertex 2.4665727391839027 -1.0981889367103577 1
      vertex 2.405717618763447 -1.225774347782135 1
    endloop
  endfacet
  facet normal -0.923879546710653 0.3826833980847853 0
    outer loop
      vertex 2.4665727391839027 -1.0981889367103577 12.49
      vertex 2.520667150616646 -0.9675934612751007 1
      vertex 2.4665727391839027 -1.0981889367103577 1
    endloop
  endfacet
  facet normal -0.9426414872993568 0.3338068699443684 0
    outer loop
      vertex 2.520667150616646 -0.9675934612751007 12.49
      vertex 2.567852593958378 -0.8343458846211433 1
      vertex 2.520667150616646 -0.9675934612751007 1
    endloop
  endfacet
  facet normal -0.9588197291581427 0.28401536398072885 0
    outer loop
      vertex 2.567852593958378 -0.8343458846211433 12.49
      vertex 2.607999734580517 -0.6988114193081856 1
      vertex 2.567852593958378 -0.8343458846211433 1
    endloop
  endfacet
  facet normal -0.9723699281005703 0.23344533177104118 0
    outer loop
      vertex 2.607999734580517 -0.6988114193081856 12.49
      vertex 2.6409985199570656 -0.5613615661859512 1
      vertex 2.607999734580517 -0.6988114193081856 1
    endloop
  endfacet
  facet normal -0.9832549015095283 0.18223555815890566 0
    outer loop
      vertex 2.6409985199570656 -0.5613615661859512 12.49
      vertex 2.6667585223913193 -0.42237305641174316 1
      vertex 2.6409985199570656 -0.5613615661859512 1
    endloop
  endfacet
  facet normal -0.9914448634414467 0.13052617651479395 0
    outer loop
      vertex 2.6667585223913193 -0.42237305641174316 12.49
      vertex 2.6852091178297997 -0.2822268530726433 1
      vertex 2.6667585223913193 -0.42237305641174316 1
    endloop
  endfacet
  facet normal -0.9969173326248059 0.0784591098104111 0
    outer loop
      vertex 2.6852091178297997 -0.2822268530726433 12.49
      vertex 2.696299746632576 -0.14130707830190659 1
      vertex 2.6852091178297997 -0.2822268530726433 1
    endloop
  endfacet
  facet normal -0.9996573249240802 0.026176950273703918 0
    outer loop
      vertex 2.696299746632576 -0.14130707830190659 12.49
      vertex 2.7000000029802322 0 1
      vertex 2.696299746632576 -0.14130707830190659 1
    endloop
  endfacet
  facet normal 0 1 0
    outer loop
      vertex -2.0975809767842293 -1.7000000029802322 12.49
      vertex 2.0975809767842293 -1.7000000029802322 12.49
      vertex 2.0975809767842293 -1.7000000029802322 1
    endloop
  endfacet
  facet normal -0.7604044644391602 0.6494498059596246 0
    outer loop
      vertex 2.0982940942049026 -1.699165053665638 12.49
      vertex 2.0982940942049026 -1.699165053665638 1
      vertex 2.0975809767842293 -1.7000000029802322 12.49
    endloop
  endfacet
  facet normal -0.7933533244441106 0.6087614496610948 0
    outer loop
      vertex 2.0982940942049026 -1.699165053665638 12.49
      vertex 2.1843458861112595 -1.587020181119442 12.49
      vertex 2.1843458861112595 -1.587020181119442 1
    endloop
  endfacet
  facet normal -0.8241262013385129 0.5664062184222141 0
    outer loop
      vertex 2.1843458861112595 -1.587020181119442 12.49
      vertex 2.2644105330109596 -1.4705253913998604 12.49
      vertex 2.2644105330109596 -1.4705253913998604 1
    endloop
  endfacet
  facet normal -0.8526401453964116 0.5224985956520708 0
    outer loop
      vertex 2.2644105330109596 -1.4705253913998604 12.49
      vertex 2.338268592953682 -1.3500000014901161 12.49
      vertex 2.338268592953682 -1.3500000014901161 1
    endloop
  endfacet
  facet normal -0.8788171153683128 0.4771587552751367 0
    outer loop
      vertex 2.338268592953682 -1.3500000014901161 12.49
      vertex 2.405717618763447 -1.225774347782135 12.49
      vertex 2.405717618763447 -1.225774347782135 1
    endloop
  endfacet
  facet normal -0.9025852815735176 0.4305111026290192 0
    outer loop
      vertex 2.405717618763447 -1.225774347782135 12.49
      vertex 2.4665727391839027 -1.0981889367103577 12.49
      vertex 2.4665727391839027 -1.0981889367103577 1
    endloop
  endfacet
  facet normal -0.923879546710653 0.3826833980847853 0
    outer loop
      vertex 2.4665727391839027 -1.0981889367103577 12.49
      vertex 2.520667150616646 -0.9675934612751007 12.49
      vertex 2.520667150616646 -0.9675934612751007 1
    endloop
  endfacet
  facet normal -0.9426414872993568 0.3338068699443684 0
    outer loop
      vertex 2.520667150616646 -0.9675934612751007 12.49
      vertex 2.567852593958378 -0.8343458846211433 12.49
      vertex 2.567852593958378 -0.8343458846211433 1
    endloop
  endfacet
  facet normal -0.9588197291581427 0.28401536398072885 0
    outer loop
      vertex 2.567852593958378 -0.8343458846211433 12.49
      vertex 2.607999734580517 -0.6988114193081856 12.49
      vertex 2.607999734580517 -0.6988114193081856 1
    endloop
  endfacet
  facet normal -0.9723699281005703 0.23344533177104118 0
    outer loop
      vertex 2.607999734580517 -0.6988114193081856 12.49
      vertex 2.6409985199570656 -0.5613615661859512 12.49
      vertex 2.6409985199570656 -0.5613615661859512 1
    endloop
  endfacet
  facet normal -0.9832549015095283 0.18223555815890566 0
    outer loop
      vertex 2.6409985199570656 -0.5613615661859512 12.49
      vertex 2.6667585223913193 -0.42237305641174316 12.49
      vertex 2.6667585223913193 -0.42237305641174316 1
    endloop
  endfacet
  facet normal -0.9914448634414467 0.13052617651479395 0
    outer loop
      vertex 2.6667585223913193 -0.42237305641174316 12.49
      vertex 2.6852091178297997 -0.2822268530726433 12.49
      vertex 2.6852091178297997 -0.2822268530726433 1
    endloop
  endfacet
  facet normal -0.9969173326248059 0.0784591098104111 0
    outer loop
      vertex 2.6852091178297997 -0.2822268530726433 12.49
      vertex 2.696299746632576 -0.14130707830190659 12.49
      vertex 2.696299746632576 -0.14130707830190659 1
    endloop
  endfacet
  facet normal -0.9996573249240802 0.026176950273703918 0
    outer loop
      vertex 2.696299746632576 -0.14130707830190659 12.49
      vertex 2.7000000029802322 0 12.49
      vertex 2.7000000029802322 0 1
    endloop
  endfacet
  facet normal 0 0 -1
    outer loop
      vertex -2.0975809767842293 -1.7000000029802322 12.49
      vertex 2.1843458861112595 -1.587020181119442 12.49
      vertex 2.0975809767842293 -1.7000000029802322 12.49
    endloop
  endfacet
  facet normal 0 0 -1
    outer loop
      vertex -2.0975809767842293 -1.7000000029802322 12.49
      vertex 2.2644105330109596 -1.4705253913998604 12.49
      vertex 2.1843458861112595 -1.587020181119442 12.49
    endloop
  endfacet
  facet normal 0 0 -1
    outer loop
      vertex -2.0982940942049026 -1.699165053665638 12.49
      vertex 2.338268592953682 -1.3500000014901161 12.49
      vertex 2.2644105330109596 -1.4705253913998604 12.49
    endloop
  endfacet
  facet normal 0 0 -1
    outer loop
      vertex -2.1843458861112595 -1.587020181119442 12.49
      vertex 2.405717618763447 -1.225774347782135 12.49
      vertex 2.338268592953682 -1.3500000014901161 12.49
    endloop
  endfacet
  facet normal 0 0 -1
    outer loop
      vertex -2.2644105330109596 -1.4705253913998604 12.49
      vertex 2.4665727391839027 -1.0981889367103577 12.49
      vertex 2.405717618763447 -1.225774347782135 12.49
    endloop
  endfacet
  facet normal 0 0 -1
    outer loop
      vertex -2.338268592953682 -1.3500000014901161 12.49
      vertex 2.520667150616646 -0.9675934612751007 12.49
      vertex 2.4665727391839027 -1.0981889367103577 12.49
    endloop
  endfacet
  facet normal 0 0 -1
    outer loop
      vertex -2.405717618763447 -1.225774347782135 12.49
      vertex 2.567852593958378 -0.8343458846211433 12.49
      vertex 2.520667150616646 -0.9675934612751007 12.49
    endloop
  endfacet
  facet normal 0 0 -1
    outer loop
      vertex -2.4665727391839027 -1.0981889367103577 12.49
      vertex 2.607999734580517 -0.6988114193081856 12.49
      vertex 2.567852593958378 -0.8343458846211433 12.49
    endloop
  endfacet
  facet normal 0 0 -1
    outer loop
      vertex -2.520667150616646 -0.9675934612751007 12.49
      vertex 2.6409985199570656 -0.5613615661859512 12.49
      vertex 2.607999734580517 -0.6988114193081856 12.49
    endloop
  endfacet
  facet normal 0 0 -1
    outer loop
      vertex -2.567852593958378 -0.8343458846211433 12.49
      vertex 2.6667585223913193 -0.42237305641174316 12.49
      vertex 2.6409985199570656 -0.5613615661859512 12.49
    endloop
  endfacet
  facet normal 0 0 -1
    outer loop
      vertex -2.607999734580517 -0.6988114193081856 12.49
      vertex 2.6852091178297997 -0.2822268530726433 12.49
      vertex 2.6667585223913193 -0.42237305641174316 12.49
    endloop
  endfacet
  facet normal 0 0 -1
    outer loop
      vertex -2.6409985199570656 -0.5613615661859512 12.49
      vertex 2.696299746632576 -0.14130707830190659 12.49
      vertex 2.6852091178297997 -0.2822268530726433 12.49
    endloop
  endfacet
  facet normal 0 0 -1
    outer loop
      vertex -2.6667585223913193 -0.42237305641174316 12.49
      vertex 2.7000000029802322 0 12.49
      vertex 2.696299746632576 -0.14130707830190659 12.49
    endloop
  endfacet
  facet normal 0 0 -1
    outer loop
      vertex -2.6852091178297997 -0.2822268530726433 12.49
      vertex 2.696299746632576 0.14130707830190659 12.49
      vertex 2.7000000029802322 0 12.49
    endloop
  endfacet
  facet normal 0 0 -1
    outer loop
      vertex 2.0982940942049026 -1.699165053665638 12.49
      vertex 2.0975809767842293 -1.7000000029802322 12.49
      vertex 2.1843458861112595 -1.587020181119442 12.49
    endloop
  endfacet
  facet normal 0 -1 0
    outer loop
      vertex 1.0112712429686843 1.7000000029802322 5.515268434634408
      vertex -2.0975809767842293 1.7000000029802322 1
      vertex 2.0975809767842293 1.7000000029802322 1
    endloop
  endfacet
  facet normal 0 -1 0
    outer loop
      vertex 1.0112712429686843 1.7000000029802322 5.515268434634408
      vertex 2.0975809767842293 1.7000000029802322 1
      vertex 1.0483382099317802 1.7000000029802322 5.569201206231217
    endloop
  endfacet
  facet normal 0 -1 0
    outer loop
      vertex 1.0483382099317802 1.7000000029802322 5.569201206231217
      vertex 2.0975809767842293 1.7000000029802322 1
      vertex 1.0825317547305482 1.7000000029802322 5.625
    endloop
  endfacet
  facet normal 0 -1 0
    outer loop
      vertex 1.0825317547305482 1.7000000029802322 5.625
      vertex 2.0975809767842293 1.7000000029802322 1
      vertex 1.1137581552354598 1.7000000029802322 5.682511875325567
    endloop
  endfacet
  facet normal 0 -1 0
    outer loop
      vertex 1.1137581552354598 1.7000000029802322 5.682511875325567
      vertex 2.0975809767842293 1.7000000029802322 1
      vertex 1.141931822053251 1.7000000029802322 5.74157919615525
    endloop
  endfacet
  facet normal 0 -1 0
    outer loop
      vertex 1.141931822053251 1.7000000029802322 5.74157919615525
      vertex 2.0975809767842293 1.7000000029802322 1
      vertex 1.1669755331215022 1.7000000029802322 5.802040063068374
    endloop
  endfacet
  facet normal 0 -1 0
    outer loop
      vertex 1.1669755331215022 1.7000000029802322 5.802040063068374
      vertex 2.0975809767842293 1.7000000029802322 1
      vertex 1.1888206453689418 1.7000000029802322 5.863728757031316
    endloop
  endfacet
  facet normal 0 -1 0
    outer loop
      vertex 1.1888206453689418 1.7000000029802322 5.863728757031316
      vertex 2.0975809767842293 1.7000000029802322 1
      vertex 1.2074072828613354 1.7000000029802322 5.926476193621849
    endloop
  endfacet
  facet normal 0 -1 0
    outer loop
      vertex 1.2074072828613354 1.7000000029802322 5.926476193621849
      vertex 2.0975809767842293 1.7000000029802322 1
      vertex 1.2226845009172571 1.7000000029802322 5.9901103864778005
    endloop
  endfacet
  facet normal 0 -1 0
    outer loop
      vertex 1.2226845009172571 1.7000000029802322 5.9901103864778005
      vertex 2.0975809767842293 1.7000000029802322 1
      vertex 1.2346104257439223 1.7000000029802322 6.054456918699711
    endloop
  endfacet
  facet normal -0.8241262013385129 -0.5664062184222141 0
    outer loop
      vertex 2.2644105330109596 1.4705253913998604 12.49
      vertex 2.1843458861112595 1.587020181119442 1
      vertex 2.2644105330109596 1.4705253913998604 1
    endloop
  endfacet
  facet normal -0.8526401453964116 -0.5224985956520708 0
    outer loop
      vertex 2.338268592953682 1.3500000014901161 12.49
      vertex 2.2644105330109596 1.4705253913998604 1
      vertex 2.338268592953682 1.3500000014901161 1
    endloop
  endfacet
  facet normal -0.9996573249240802 -0.026176950273703918 0
    outer loop
      vertex 2.7000000029802322 0 12.49
      vertex 2.696299746632576 0.14130707830190659 1
      vertex 2.7000000029802322 0 1
    endloop
  endfacet
  facet normal -0.9969173326248059 -0.0784591098104111 0
    outer loop
      vertex 2.696299746632576 0.14130707830190659 12.49
      vertex 2.6852091178297997 0.2822268530726433 1
      vertex 2.696299746632576 0.14130707830190659 1
    endloop
  endfacet
  facet normal -0.9914448634414467 -0.13052617651479395 0
    outer loop
      vertex 2.6852091178297997 0.2822268530726433 12.49
      vertex 2.6667585223913193 0.42237305641174316 1
      vertex 2.6852091178297997 0.2822268530726433 1
    endloop
  endfacet
  facet normal -0.9832549015095283 -0.18223555815890566 0
    outer loop
      vertex 2.6667585223913193 0.42237305641174316 12.49
      vertex 2.6409985199570656 0.5613615661859512 1
      vertex 2.6667585223913193 0.42237305641174316 1
    endloop
  endfacet
  facet normal -0.9723699281005703 -0.23344533177104118 0
    outer loop
      vertex 2.6409985199570656 0.5613615661859512 12.49
      vertex 2.607999734580517 0.6988114193081856 1
      vertex 2.6409985199570656 0.5613615661859512 1
    endloop
  endfacet
  facet normal -0.9588197291581427 -0.28401536398072885 0
    outer loop
      vertex 2.607999734580517 0.6988114193081856 12.49
      vertex 2.567852593958378 0.8343458846211433 1
      vertex 2.607999734580517 0.6988114193081856 1
    endloop
  endfacet
  facet normal -0.9025852815735176 -0.4305111026290192 0
    outer loop
      vertex 2.4665727391839027 1.0981889367103577 12.49
      vertex 2.405717618763447 1.225774347782135 1
      vertex 2.4665727391839027 1.0981889367103577 1
    endloop
  endfacet
  facet normal -0.923879546710653 -0.3826833980847853 0
    outer loop
      vertex 2.520667150616646 0.9675934612751007 12.49
      vertex 2.4665727391839027 1.0981889367103577 1
      vertex 2.520667150616646 0.9675934612751007 1
    endloop
  endfacet
  facet normal -0.9426414872993568 -0.3338068699443684 0
    outer loop
      vertex 2.567852593958378 0.8343458846211433 12.49
      vertex 2.520667150616646 0.9675934612751007 1
      vertex 2.567852593958378 0.8343458846211433 1
    endloop
  endfacet
  facet normal -0.8788171153683128 -0.4771587552751367 0
    outer loop
      vertex 2.405717618763447 1.225774347782135 12.49
      vertex 2.338268592953682 1.3500000014901161 1
      vertex 2.405717618763447 1.225774347782135 1
    endloop
  endfacet
  facet normal -0.7604044644391602 -0.6494498059596246 0
    outer loop
      vertex 2.0982940942049026 1.699165053665638 12.49
      vertex 2.0975809767842293 1.7000000029802322 1
      vertex 2.0982940942049026 1.699165053665638 1
    endloop
  endfacet
  facet normal -0.7933533244441106 -0.6087614496610948 0
    outer loop
      vertex 2.1843458861112595 1.587020181119442 12.49
      vertex 2.0982940942049026 1.699165053665638 1
      vertex 2.1843458861112595 1.587020181119442 1
    endloop
  endfacet
  facet normal 0 -1 0
    outer loop
      vertex 1.2346104257439223 1.7000000029802322 6.054456918699711
      vertex 2.0975809767842293 1.7000000029802322 1
      vertex 2.0975809767842293 1.7000000029802322 12.49
    endloop
  endfacet
  facet normal 0 -1 0
    outer loop
      vertex 1.2346104257439223 1.7000000029802322 6.054456918699711
      vertex 2.0975809767842293 1.7000000029802322 12.49
      vertex 1.2431523692103417 1.7000000029802322 6.119339420915433
    endloop
  endfacet
  facet normal 0 -1 0
    outer loop
      vertex 1.2431523692103417 1.7000000029802322 6.119339420915433
      vertex 2.0975809767842293 1.7000000029802322 12.49
      vertex 1.2482869184432173 1.7000000029802322 6.18458005469632
    endloop
  endfacet
  facet normal 0 -1 0
    outer loop
      vertex 1.2482869184432173 1.7000000029802322 6.18458005469632
      vertex 2.0975809767842293 1.7000000029802322 12.49
      vertex 1.25 1.7000000029802322 6.25
    endloop
  endfacet
  facet normal 0 -1 0
    outer loop
      vertex 1.25 1.7000000029802322 6.25
      vertex 2.0975809767842293 1.7000000029802322 12.49
      vertex 1.2482869184432173 1.7000000029802322 6.31541994530368
    endloop
  endfacet
  facet normal 0 -1 0
    outer loop
      vertex 1.2482869184432173 1.7000000029802322 6.31541994530368
      vertex 2.0975809767842293 1.7000000029802322 12.49
      vertex 1.2431523692103417 1.7000000029802322 6.380660579084567
    endloop
  endfacet
  facet normal 0 -1 0
    outer loop
      vertex 1.2431523692103417 1.7000000029802322 6.380660579084567
      vertex 2.0975809767842293 1.7000000029802322 12.49
      vertex 1.2346104257439223 1.7000000029802322 6.445543081300289
    endloop
  endfacet
  facet normal 0 -1 0
    outer loop
      vertex 1.2226845009172571 1.7000000029802322 6.5098896135221995
      vertex 1.2346104257439223 1.7000000029802322 6.445543081300289
      vertex 2.0975809767842293 1.7000000029802322 12.49
    endloop
  endfacet
  facet normal 0 -1 0
    outer loop
      vertex 1.2226845009172571 1.7000000029802322 6.5098896135221995
      vertex 2.0975809767842293 1.7000000029802322 12.49
      vertex 1.2074072828613354 1.7000000029802322 6.573523806378151
    endloop
  endfacet
  facet normal 0 -1 0
    outer loop
      vertex 1.1888206453689418 1.7000000029802322 6.636271242968684
      vertex 1.2074072828613354 1.7000000029802322 6.573523806378151
      vertex 2.0975809767842293 1.7000000029802322 12.49
    endloop
  endfacet
  facet normal 0 -1 0
    outer loop
      vertex 1.1669755331215022 1.7000000029802322 6.697959936931626
      vertex 1.1888206453689418 1.7000000029802322 6.636271242968684
      vertex 2.0975809767842293 1.7000000029802322 12.49
    endloop
  endfacet
  facet normal 0 -1 0
    outer loop
      vertex 1.1669755331215022 1.7000000029802322 6.697959936931626
      vertex 2.0975809767842293 1.7000000029802322 12.49
      vertex 1.141931822053251 1.7000000029802322 6.75842080384475
    endloop
  endfacet
  facet normal 0 -1 0
    outer loop
      vertex 1.1137581552354598 1.7000000029802322 6.817488124674433
      vertex 1.141931822053251 1.7000000029802322 6.75842080384475
      vertex 2.0975809767842293 1.7000000029802322 12.49
    endloop
  endfacet
  facet normal 0 -1 0
    outer loop
      vertex 1.0825317547305482 1.7000000029802322 6.875
      vertex 1.1137581552354598 1.7000000029802322 6.817488124674433
      vertex 2.0975809767842293 1.7000000029802322 12.49
    endloop
  endfacet
  facet normal -0.8241262013385129 -0.5664062184222141 0
    outer loop
      vertex 2.1843458861112595 1.587020181119442 12.49
      vertex 2.1843458861112595 1.587020181119442 1
      vertex 2.2644105330109596 1.4705253913998604 12.49
    endloop
  endfacet
  facet normal -0.8526401453964116 -0.5224985956520708 0
    outer loop
      vertex 2.2644105330109596 1.4705253913998604 12.49
      vertex 2.2644105330109596 1.4705253913998604 1
      vertex 2.338268592953682 1.3500000014901161 12.49
    endloop
  endfacet
  facet normal -0.9996573249240802 -0.026176950273703918 0
    outer loop
      vertex 2.7000000029802322 0 12.49
      vertex 2.696299746632576 0.14130707830190659 12.49
      vertex 2.696299746632576 0.14130707830190659 1
    endloop
  endfacet
  facet normal -0.9969173326248059 -0.0784591098104111 0
    outer loop
      vertex 2.696299746632576 0.14130707830190659 12.49
      vertex 2.6852091178297997 0.2822268530726433 12.49
      vertex 2.6852091178297997 0.2822268530726433 1
    endloop
  endfacet
  facet normal -0.9914448634414467 -0.13052617651479395 0
    outer loop
      vertex 2.6852091178297997 0.2822268530726433 12.49
      vertex 2.6667585223913193 0.42237305641174316 12.49
      vertex 2.6667585223913193 0.42237305641174316 1
    endloop
  endfacet
  facet normal -0.9832549015095283 -0.18223555815890566 0
    outer loop
      vertex 2.6667585223913193 0.42237305641174316 12.49
      vertex 2.6409985199570656 0.5613615661859512 12.49
      vertex 2.6409985199570656 0.5613615661859512 1
    endloop
  endfacet
  facet normal -0.9723699281005703 -0.23344533177104118 0
    outer loop
      vertex 2.6409985199570656 0.5613615661859512 12.49
      vertex 2.607999734580517 0.6988114193081856 12.49
      vertex 2.607999734580517 0.6988114193081856 1
    endloop
  endfacet
  facet normal -0.9426414872993568 -0.3338068699443684 0
    outer loop
      vertex 2.520667150616646 0.9675934612751007 12.49
      vertex 2.520667150616646 0.9675934612751007 1
      vertex 2.567852593958378 0.8343458846211433 12.49
    endloop
  endfacet
  facet normal -0.923879546710653 -0.3826833980847853 0
    outer loop
      vertex 2.520667150616646 0.9675934612751007 12.49
      vertex 2.4665727391839027 1.0981889367103577 12.49
      vertex 2.4665727391839027 1.0981889367103577 1
    endloop
  endfacet
  facet normal -0.9588197291581427 -0.28401536398072885 0
    outer loop
      vertex 2.607999734580517 0.6988114193081856 12.49
      vertex 2.567852593958378 0.8343458846211433 12.49
      vertex 2.567852593958378 0.8343458846211433 1
    endloop
  endfacet
  facet normal -0.8788171153683128 -0.4771587552751367 0
    outer loop
      vertex 2.338268592953682 1.3500000014901161 12.49
      vertex 2.338268592953682 1.3500000014901161 1
      vertex 2.405717618763447 1.225774347782135 12.49
    endloop
  endfacet
  facet normal -0.9025852815735176 -0.4305111026290192 0
    outer loop
      vertex 2.405717618763447 1.225774347782135 12.49
      vertex 2.405717618763447 1.225774347782135 1
      vertex 2.4665727391839027 1.0981889367103577 12.49
    endloop
  endfacet
  facet normal -0.7604044644391602 -0.6494498059596246 0
    outer loop
      vertex 2.0982940942049026 1.699165053665638 12.49
      vertex 2.0975809767842293 1.7000000029802322 12.49
      vertex 2.0975809767842293 1.7000000029802322 1
    endloop
  endfacet
  facet normal -0.7933533244441106 -0.6087614496610948 0
    outer loop
      vertex 2.1843458861112595 1.587020181119442 12.49
      vertex 2.0982940942049026 1.699165053665638 12.49
      vertex 2.0982940942049026 1.699165053665638 1
    endloop
  endfacet
  facet normal 0 -1 0
    outer loop
      vertex 1.0825317547305482 1.7000000029802322 6.875
      vertex 2.0975809767842293 1.7000000029802322 12.49
      vertex 1.0483382099317802 1.7000000029802322 6.930798793768783
    endloop
  endfacet
  facet normal 0 -1 0
    outer loop
      vertex 1.0112712429686843 1.7000000029802322 6.984731565365592
      vertex 1.0483382099317802 1.7000000029802322 6.930798793768783
      vertex 2.0975809767842293 1.7000000029802322 12.49
    endloop
  endfacet
  facet normal 0 -1 0
    outer loop
      vertex 1.0112712429686843 1.7000000029802322 6.984731565365592
      vertex 2.0975809767842293 1.7000000029802322 12.49
      vertex 0.9714324518212136 1.7000000029802322 7.036650488812297
    endloop
  endfacet
  facet normal 0 -1 0
    outer loop
      vertex 0.9289310318467427 1.7000000029802322 7.086413257948573
      vertex 0.9714324518212136 1.7000000029802322 7.036650488812297
      vertex 2.0975809767842293 1.7000000029802322 12.49
    endloop
  endfacet
  facet normal 0 -1 0
    outer loop
      vertex 0.9289310318467427 1.7000000029802322 7.086413257948573
      vertex 2.0975809767842293 1.7000000029802322 12.49
      vertex 0.8838834764831844 1.7000000029802322 7.133883476483184
    endloop
  endfacet
  facet normal 0 -1 0
    outer loop
      vertex 0.8364132579485728 1.7000000029802322 7.1789310318467425
      vertex 0.8838834764831844 1.7000000029802322 7.133883476483184
      vertex 2.0975809767842293 1.7000000029802322 12.49
    endloop
  endfacet
  facet normal 0 -1 0
    outer loop
      vertex 0.7347315653655915 1.7000000029802322 7.261271242968684
      vertex 0.7866504888122967 1.7000000029802322 7.221432451821213
      vertex 2.0975809767842293 1.7000000029802322 12.49
    endloop
  endfacet
  facet normal 0 -1 0
    outer loop
      vertex 0.7866504888122967 1.7000000029802322 7.221432451821213
      vertex 0.8364132579485728 1.7000000029802322 7.1789310318467425
      vertex 2.0975809767842293 1.7000000029802322 12.49
    endloop
  endfacet
  facet normal 0 -1 0
    outer loop
      vertex 0.7347315653655915 1.7000000029802322 7.261271242968684
      vertex 2.0975809767842293 1.7000000029802322 12.49
      vertex 0.6807987937687838 1.7000000029802322 7.29833820993178
    endloop
  endfacet
  facet normal 0 -1 0
    outer loop
      vertex 0.625 1.7000000029802322 7.332531754730548
      vertex 0.6807987937687838 1.7000000029802322 7.29833820993178
      vertex 2.0975809767842293 1.7000000029802322 12.49
    endloop
  endfacet
  facet normal 0 -1 0
    outer loop
      vertex 0.5674881246744335 1.7000000029802322 7.36375815523546
      vertex 0.625 1.7000000029802322 7.332531754730548
      vertex 2.0975809767842293 1.7000000029802322 12.49
    endloop
  endfacet
  facet normal 0 -1 0
    outer loop
      vertex 0.5084208038447503 1.7000000029802322 7.391931822053251
      vertex 0.5674881246744335 1.7000000029802322 7.36375815523546
      vertex 2.0975809767842293 1.7000000029802322 12.49
    endloop
  endfacet
  facet normal 0 -1 0
    outer loop
      vertex 0.44795993693162534 1.7000000029802322 7.416975533121502
      vertex 0.5084208038447503 1.7000000029802322 7.391931822053251
      vertex 2.0975809767842293 1.7000000029802322 12.49
    endloop
  endfacet
  facet normal 0 -1 0
    outer loop
      vertex 0.3235238063781509 1.7000000029802322 7.457407282861335
      vertex 2.0975809767842293 1.7000000029802322 12.49
      vertex 0.2598896135221992 1.7000000029802322 7.472684500917257
    endloop
  endfacet
  facet normal 0 -1 0
    outer loop
      vertex 0.3235238063781509 1.7000000029802322 7.457407282861335
      vertex 0.38627124296868426 1.7000000029802322 7.438820645368942
      vertex 2.0975809767842293 1.7000000029802322 12.49
    endloop
  endfacet
  facet normal 0 -1 0
    outer loop
      vertex 0.38627124296868426 1.7000000029802322 7.438820645368942
      vertex 0.44795993693162534 1.7000000029802322 7.416975533121502
      vertex 2.0975809767842293 1.7000000029802322 12.49
    endloop
  endfacet
  facet normal 0 -1 0
    outer loop
      vertex -2.0975809767842293 1.7000000029802322 12.49
      vertex 0.2598896135221992 1.7000000029802322 7.472684500917257
      vertex 2.0975809767842293 1.7000000029802322 12.49
    endloop
  endfacet
  facet normal 0 0 -1
    outer loop
      vertex -2.567852593958378 0.8343458846211433 12.49
      vertex 2.405717618763447 1.225774347782135 12.49
      vertex 2.4665727391839027 1.0981889367103577 12.49
    endloop
  endfacet
  facet normal 0 0 -1
    outer loop
      vertex -2.4665727391839027 1.0981889367103577 12.49
      vertex 2.2644105330109596 1.4705253913998604 12.49
      vertex 2.338268592953682 1.3500000014901161 12.49
    endloop
  endfacet
  facet normal 0 0 -1
    outer loop
      vertex -2.520667150616646 0.9675934612751007 12.49
      vertex 2.338268592953682 1.3500000014901161 12.49
      vertex 2.405717618763447 1.225774347782135 12.49
    endloop
  endfacet
  facet normal 0 0 -1
    outer loop
      vertex -2.338268592953682 1.3500000014901161 12.49
      vertex 2.0982940942049026 1.699165053665638 12.49
      vertex 2.1843458861112595 1.587020181119442 12.49
    endloop
  endfacet
  facet normal 0 0 -1
    outer loop
      vertex -2.405717618763447 1.225774347782135 12.49
      vertex 2.1843458861112595 1.587020181119442 12.49
      vertex 2.2644105330109596 1.4705253913998604 12.49
    endloop
  endfacet
  facet normal 0 0 -1
    outer loop
      vertex -2.696299746632576 -0.14130707830190659 12.49
      vertex 2.6852091178297997 0.2822268530726433 12.49
      vertex 2.696299746632576 0.14130707830190659 12.49
    endloop
  endfacet
  facet normal 0 0 -1
    outer loop
      vertex -2.7000000029802322 0 12.49
      vertex 2.6667585223913193 0.42237305641174316 12.49
      vertex 2.6852091178297997 0.2822268530726433 12.49
    endloop
  endfacet
  facet normal 0 0 -1
    outer loop
      vertex -2.696299746632576 0.14130707830190659 12.49
      vertex 2.6409985199570656 0.5613615661859512 12.49
      vertex 2.6667585223913193 0.42237305641174316 12.49
    endloop
  endfacet
  facet normal 0 0 -1
    outer loop
      vertex -2.6852091178297997 0.2822268530726433 12.49
      vertex 2.607999734580517 0.6988114193081856 12.49
      vertex 2.6409985199570656 0.5613615661859512 12.49
    endloop
  endfacet
  facet normal 0 0 -1
    outer loop
      vertex -2.6667585223913193 0.42237305641174316 12.49
      vertex 2.567852593958378 0.8343458846211433 12.49
      vertex 2.607999734580517 0.6988114193081856 12.49
    endloop
  endfacet
  facet normal 0 0 -1
    outer loop
      vertex -2.6409985199570656 0.5613615661859512 12.49
      vertex 2.520667150616646 0.9675934612751007 12.49
      vertex 2.567852593958378 0.8343458846211433 12.49
    endloop
  endfacet
  facet normal 0 0 -1
    outer loop
      vertex -2.607999734580517 0.6988114193081856 12.49
      vertex 2.4665727391839027 1.0981889367103577 12.49
      vertex 2.520667150616646 0.9675934612751007 12.49
    endloop
  endfacet
  facet normal 0 0 -1
    outer loop
      vertex -2.2644105330109596 1.4705253913998604 12.49
      vertex 2.0975809767842293 1.7000000029802322 12.49
      vertex 2.0982940942049026 1.699165053665638 12.49
    endloop
  endfacet
  facet normal 0.3338068592337695 -1.2419131581637821e-19 0.9426414910921789
    outer loop
      vertex -0.44795993693162534 1.7000000029802322 5.083024466878498
      vertex -0.38627124296868426 1.7000000029802322 5.061179354631058
      vertex -0.38627124296868426 8.989885131527188 5.061179354631058
    endloop
  endfacet
  facet normal 0.38268343236509567 -2.1537730716933103e-19 0.9238795325112843
    outer loop
      vertex -0.5084208038447503 1.7000000029802322 5.108068177946749
      vertex -0.44795993693162534 1.7000000029802322 5.083024466878498
      vertex -0.44795993693162534 8.98826975622537 5.083024466878498
    endloop
  endfacet
  facet normal 0.1822355254921423 6.351363048907557e-20 0.9832549075639555
    outer loop
      vertex -0.2598896135221992 1.7000000029802322 5.027315499082743
      vertex -0.19554308130028858 1.7000000029802322 5.015389574256078
      vertex -0.19554308130028858 8.994879524209674 5.015389574256078
    endloop
  endfacet
  facet normal 0.28401534470391826 -3.1972757109451896e-20 0.9588197348681944
    outer loop
      vertex -0.38627124296868426 1.7000000029802322 5.061179354631058
      vertex -0.3235238063781509 1.7000000029802322 5.042592717138665
      vertex -0.3235238063781509 8.991528230980416 5.042592717138665
    endloop
  endfacet
  facet normal 0.23344536385590964 3.6536549099642936e-20 0.9723699203976756
    outer loop
      vertex -0.3235238063781509 1.7000000029802322 5.042592717138665
      vertex -0.2598896135221992 1.7000000029802322 5.027315499082743
      vertex -0.2598896135221992 8.993194550963661 5.027315499082743
    endloop
  endfacet
  facet normal 0.13052619222005576 -1.119562573381894e-19 0.9914448613738098
    outer loop
      vertex -0.19554308130028858 1.7000000029802322 5.015389574256078
      vertex -0.13066057908456685 1.7000000029802322 5.006847630789658
      vertex -0.13066057908456685 8.996578532323907 5.006847630789658
    endloop
  endfacet
  facet normal 0.07845909572783706 -2.304373758264256e-20 0.9969173337331286
    outer loop
      vertex -0.13066057908456685 1.7000000029802322 5.006847630789658
      vertex -0.0654199453036798 1.7000000029802322 5.001713081556783
      vertex -0.0654199453036798 8.998286918443217 5.001713081556783
    endloop
  endfacet
  facet normal 0.02617694830788113 -1.1267698087488334e-20 0.999657324975557
    outer loop
      vertex -0.0654199453036798 1.7000000029802322 5.001713081556783
      vertex 0 1.7000000029802322 5
      vertex 0 9 5
    endloop
  endfacet
  facet normal 0.6494480483301833 0 0.7604059656000313
    outer loop
      vertex -0.7866504888122967 1.7000000029802322 5.278567548178787
      vertex -0.7866504888122967 8.96282543840878 5.278567548178787
      vertex -0.8364132579485728 1.7000000029802322 5.3210689681532575
    endloop
  endfacet
  facet normal 0.6883545756937516 6.978889377704e-20 0.72537437101229
    outer loop
      vertex -0.8838834764831844 1.7000000029802322 5.366116523516816
      vertex -0.8364132579485728 1.7000000029802322 5.3210689681532575
      vertex -0.8364132579485728 8.958909023541436 5.3210689681532575
    endloop
  endfacet
  facet normal 0.4771587602596156 9.897275660453222e-20 0.8788171126619615
    outer loop
      vertex -0.625 1.7000000029802322 5.167468245269452
      vertex -0.5674881246744335 1.7000000029802322 5.13624184476454
      vertex -0.5674881246744335 8.980073890538149 5.13624184476454
    endloop
  endfacet
  facet normal 0.4305110968082913 0 0.9025852843498625
    outer loop
      vertex -0.5084208038447503 1.7000000029802322 5.108068177946749
      vertex -0.5084208038447503 8.984722589505001 5.108068177946749
      vertex -0.5674881246744335 1.7000000029802322 5.13624184476454
    endloop
  endfacet
  facet normal 0.5224985647159462 7.555219382644503e-20 0.8526401643540938
    outer loop
      vertex -0.6807987937687838 1.7000000029802322 5.20166179006822
      vertex -0.625 1.7000000029802322 5.167468245269452
      vertex -0.625 8.975547607787341 5.167468245269452
    endloop
  endfacet
  facet normal 0.5664062369248309 2.6140104567323652e-19 0.8241261886220169
    outer loop
      vertex -0.7347315653655915 1.7000000029802322 5.238728757031316
      vertex -0.6807987937687838 1.7000000029802322 5.20166179006822
      vertex -0.6807987937687838 8.971156147478982 5.20166179006822
    endloop
  endfacet
  facet normal 0.608761429008722 -3.3557343625310455e-19 0.7933533402912342
    outer loop
      vertex -0.7866504888122967 1.7000000029802322 5.278567548178787
      vertex -0.7347315653655915 1.7000000029802322 5.238728757031316
      vertex -0.7347315653655915 8.966911546300532 5.238728757031316
    endloop
  endfacet
  facet normal 0.7253743710122866 -1.4976100880373203e-19 0.6883545756937551
    outer loop
      vertex -0.9289310318467427 1.7000000029802322 5.413586742051427
      vertex -0.8838834764831844 1.7000000029802322 5.366116523516816
      vertex -0.8838834764831844 8.955173036319424 5.366116523516816
    endloop
  endfacet
  facet normal 0.7604059656000299 -4.041362868716285e-19 0.649448048330185
    outer loop
      vertex -0.9714324518212136 1.7000000029802322 5.463349511187703
      vertex -0.9289310318467427 1.7000000029802322 5.413586742051427
      vertex -0.9289310318467427 8.951627716824035 5.413586742051427
    endloop
  endfacet
  facet normal 0.7933533402912354 0 0.6087614290087203
    outer loop
      vertex -0.9714324518212136 1.7000000029802322 5.463349511187703
      vertex -0.9714324518212136 8.946658449118178 5.463349511187703
      vertex -1.0112712429686843 1.7000000029802322 5.515268434634408
    endloop
  endfacet
  facet normal 0.8241261886220186 -2.394253778288204e-19 0.5664062369248285
    outer loop
      vertex -1.0483382099317802 1.7000000029802322 5.569201206231217
      vertex -1.0112712429686843 1.7000000029802322 5.515268434634408
      vertex -1.0112712429686843 8.941413572762752 5.515268434634408
    endloop
  endfacet
  facet normal 0.8526401643540921 8.89540035743898e-20 0.5224985647159492
    outer loop
      vertex -1.0825317547305482 1.7000000029802322 5.625
      vertex -1.0483382099317802 1.7000000029802322 5.569201206231217
      vertex -1.0483382099317802 8.936533613984071 5.569201206231217
    endloop
  endfacet
  facet normal 0.8788171126619647 0 0.4771587602596097
    outer loop
      vertex -1.0825317547305482 1.7000000029802322 5.625
      vertex -1.0825317547305482 8.932031948409946 5.625
      vertex -1.1137581552354598 1.7000000029802322 5.682511875325567
    endloop
  endfacet
  facet normal 0.9025852843498617 -3.9706662759030646e-20 0.43051109680829275
    outer loop
      vertex -1.141931822053251 1.7000000029802322 5.74157919615525
      vertex -1.1137581552354598 1.7000000029802322 5.682511875325567
      vertex -1.1137581552354598 8.92792091479281 5.682511875325567
    endloop
  endfacet
  facet normal 0.9426414910921797 -5.516215619483867e-21 0.33380685923376735
    outer loop
      vertex -1.1888206453689418 1.7000000029802322 5.863728757031316
      vertex -1.1669755331215022 1.7000000029802322 5.802040063068374
      vertex -1.1669755331215022 8.920914714079062 5.802040063068374
    endloop
  endfacet
  facet normal 0.9238795325112854 0 0.38268343236509317
    outer loop
      vertex -1.141931822053251 1.7000000029802322 5.74157919615525
      vertex -1.141931822053251 8.924211781190055 5.74157919615525
      vertex -1.1669755331215022 1.7000000029802322 5.802040063068374
    endloop
  endfacet
  facet normal 0.9588197348681926 -1.5391466720785443e-19 0.2840153447039243
    outer loop
      vertex -1.2074072828613354 1.7000000029802322 5.926476193621849
      vertex -1.1888206453689418 1.7000000029802322 5.863728757031316
      vertex -1.1888206453689418 8.91803875049161 5.863728757031316
    endloop
  endfacet
  facet normal 0.9723699203976759 0 0.23344536385590836
    outer loop
      vertex -1.2074072828613354 1.7000000029802322 5.926476193621849
      vertex -1.2074072828613354 8.915591773243984 5.926476193621849
      vertex -1.2226845009172571 1.7000000029802322 5.9901103864778005
    endloop
  endfacet
  facet normal 0.9832549075639542 0 0.18223552549214905
    outer loop
      vertex -1.2226845009172571 1.7000000029802322 5.9901103864778005
      vertex -1.2226845009172571 8.913580489330736 5.9901103864778005
      vertex -1.2346104257439223 1.7000000029802322 6.054456918699711
    endloop
  endfacet
  facet normal 0.9914448613738108 0 0.1305261922200481
    outer loop
      vertex -1.2346104257439223 1.7000000029802322 6.054456918699711
      vertex -1.2346104257439223 8.912010411541265 6.054456918699711
      vertex -1.2431523692103417 1.7000000029802322 6.119339420915433
    endloop
  endfacet
  facet normal 0.9969173337331281 1.0739189204845134e-20 0.0784590957278443
    outer loop
      vertex -1.2482869184432173 1.7000000029802322 6.18458005469632
      vertex -1.2431523692103417 1.7000000029802322 6.119339420915433
      vertex -1.2431523692103417 8.91088584334966 6.119339420915433
    endloop
  endfacet
  facet normal 0.9996573249755573 0 0.026176948307874225
    outer loop
      vertex -1.2482869184432173 1.7000000029802322 6.18458005469632
      vertex -1.2482869184432173 8.910209867119168 6.18458005469632
      vertex -1.25 1.7000000029802322 6.25
    endloop
  endfacet
  facet normal 0.9996573249755573 0 -0.02617694830787422
    outer loop
      vertex -1.25 1.7000000029802322 6.25
      vertex -1.25 8.909984335653647 6.25
      vertex -1.2482869184432173 1.7000000029802322 6.31541994530368
    endloop
  endfacet
  facet normal 0.996917333733128 0 -0.0784590957278443
    outer loop
      vertex -1.2482869184432173 1.7000000029802322 6.31541994530368
      vertex -1.2482869184432173 8.910209867119168 6.31541994530368
      vertex -1.2431523692103417 1.7000000029802322 6.380660579084567
    endloop
  endfacet
  facet normal 0.9914448613738108 0 -0.1305261922200481
    outer loop
      vertex -1.2431523692103417 1.7000000029802322 6.380660579084567
      vertex -1.2431523692103417 8.91088584334966 6.380660579084567
      vertex -1.2346104257439223 1.7000000029802322 6.445543081300289
    endloop
  endfacet
  facet normal 0.9832549075639543 0 -0.18223552549214905
    outer loop
      vertex -1.2346104257439223 1.7000000029802322 6.445543081300289
      vertex -1.2346104257439223 8.912010411541265 6.445543081300289
      vertex -1.2226845009172571 1.7000000029802322 6.5098896135221995
    endloop
  endfacet
  facet normal 0.9723699203976759 0 -0.2334453638559084
    outer loop
      vertex -1.2226845009172571 1.7000000029802322 6.5098896135221995
      vertex -1.2226845009172571 8.913580489330736 6.5098896135221995
      vertex -1.2074072828613354 1.7000000029802322 6.573523806378151
    endloop
  endfacet
  facet normal 0.9588197348681925 0 -0.2840153447039243
    outer loop
      vertex -1.2074072828613354 1.7000000029802322 6.573523806378151
      vertex -1.2074072828613354 8.915591773243984 6.573523806378151
      vertex -1.1888206453689418 1.7000000029802322 6.636271242968684
    endloop
  endfacet
  facet normal 0.9426414910921797 0 -0.33380685923376735
    outer loop
      vertex -1.1888206453689418 1.7000000029802322 6.636271242968684
      vertex -1.1888206453689418 8.91803875049161 6.636271242968684
      vertex -1.1669755331215022 1.7000000029802322 6.697959936931626
    endloop
  endfacet
  facet normal 0.9238795325112853 0 -0.3826834323650932
    outer loop
      vertex -1.1669755331215022 1.7000000029802322 6.697959936931626
      vertex -1.1669755331215022 8.920914714079062 6.697959936931626
      vertex -1.141931822053251 1.7000000029802322 6.75842080384475
    endloop
  endfacet
  facet normal 0.9025852843498617 0 -0.4305110968082927
    outer loop
      vertex -1.141931822053251 1.7000000029802322 6.75842080384475
      vertex -1.141931822053251 8.924211781190055 6.75842080384475
      vertex -1.1137581552354598 1.7000000029802322 6.817488124674433
    endloop
  endfacet
  facet normal 0.3338068592337695 0 0.9426414910921789
    outer loop
      vertex -0.44795993693162534 1.7000000029802322 5.083024466878498
      vertex -0.38627124296868426 8.989885131527188 5.061179354631058
      vertex -0.44795993693162534 8.98826975622537 5.083024466878498
    endloop
  endfacet
  facet normal 0.38268343236509567 0 0.9238795325112844
    outer loop
      vertex -0.5084208038447503 1.7000000029802322 5.108068177946749
      vertex -0.44795993693162534 8.98826975622537 5.083024466878498
      vertex -0.5084208038447503 8.984722589505001 5.108068177946749
    endloop
  endfacet
  facet normal 0.18223552549214236 0 0.9832549075639556
    outer loop
      vertex -0.2598896135221992 1.7000000029802322 5.027315499082743
      vertex -0.19554308130028858 8.994879524209674 5.015389574256078
      vertex -0.2598896135221992 8.993194550963661 5.027315499082743
    endloop
  endfacet
  facet normal 0.2840153447039183 0 0.9588197348681944
    outer loop
      vertex -0.38627124296868426 1.7000000029802322 5.061179354631058
      vertex -0.3235238063781509 8.991528230980416 5.042592717138665
      vertex -0.38627124296868426 8.989885131527188 5.061179354631058
    endloop
  endfacet
  facet normal 0.23344536385590967 0 0.9723699203976757
    outer loop
      vertex -0.3235238063781509 1.7000000029802322 5.042592717138665
      vertex -0.2598896135221992 8.993194550963661 5.027315499082743
      vertex -0.3235238063781509 8.991528230980416 5.042592717138665
    endloop
  endfacet
  facet normal 0.13052619222005574 0 0.9914448613738098
    outer loop
      vertex -0.19554308130028858 1.7000000029802322 5.015389574256078
      vertex -0.13066057908456685 8.996578532323907 5.006847630789658
      vertex -0.19554308130028858 8.994879524209674 5.015389574256078
    endloop
  endfacet
  facet normal 0.07845909572783705 0 0.9969173337331286
    outer loop
      vertex -0.13066057908456685 1.7000000029802322 5.006847630789658
      vertex -0.0654199453036798 8.998286918443217 5.001713081556783
      vertex -0.13066057908456685 8.996578532323907 5.006847630789658
    endloop
  endfacet
  facet normal 0.02617694830788113 0 0.9996573249755571
    outer loop
      vertex -0.0654199453036798 1.7000000029802322 5.001713081556783
      vertex 0 9 5
      vertex -0.0654199453036798 8.998286918443217 5.001713081556783
    endloop
  endfacet
  facet normal 0.6494480483301832 0 0.7604059656000314
    outer loop
      vertex -0.8364132579485728 1.7000000029802322 5.3210689681532575
      vertex -0.7866504888122967 8.96282543840878 5.278567548178787
      vertex -0.8364132579485728 8.958909023541436 5.3210689681532575
    endloop
  endfacet
  facet normal 0.6883545756937517 0 0.72537437101229
    outer loop
      vertex -0.8838834764831844 1.7000000029802322 5.366116523516816
      vertex -0.8364132579485728 8.958909023541436 5.3210689681532575
      vertex -0.8838834764831844 8.955173036319424 5.366116523516816
    endloop
  endfacet
  facet normal 0.4771587602596156 0 0.8788171126619615
    outer loop
      vertex -0.625 1.7000000029802322 5.167468245269452
      vertex -0.5674881246744335 8.980073890538149 5.13624184476454
      vertex -0.625 8.975547607787341 5.167468245269452
    endloop
  endfacet
  facet normal 0.43051109680829125 0 0.9025852843498624
    outer loop
      vertex -0.5674881246744335 1.7000000029802322 5.13624184476454
      vertex -0.5084208038447503 8.984722589505001 5.108068177946749
      vertex -0.5674881246744335 8.980073890538149 5.13624184476454
    endloop
  endfacet
  facet normal 0.5224985647159462 0 0.852640164354094
    outer loop
      vertex -0.6807987937687838 1.7000000029802322 5.20166179006822
      vertex -0.625 8.975547607787341 5.167468245269452
      vertex -0.6807987937687838 8.971156147478982 5.20166179006822
    endloop
  endfacet
  facet normal 0.5664062369248309 0 0.8241261886220169
    outer loop
      vertex -0.7347315653655915 1.7000000029802322 5.238728757031316
      vertex -0.6807987937687838 8.971156147478982 5.20166179006822
      vertex -0.7347315653655915 8.966911546300532 5.238728757031316
    endloop
  endfacet
  facet normal 0.608761429008722 0 0.7933533402912342
    outer loop
      vertex -0.7866504888122967 1.7000000029802322 5.278567548178787
      vertex -0.7347315653655915 8.966911546300532 5.238728757031316
      vertex -0.7866504888122967 8.96282543840878 5.278567548178787
    endloop
  endfacet
  facet normal 0.38268343236507674 3.7838622765287294e-13 0.9238795325112922
    outer loop
      vertex -0.4710236061864945 8.987665812791164 5.092577751481952
      vertex -0.5084208038447503 8.984722589505001 5.108068177946749
      vertex -0.44795993693162534 8.98826975622537 5.083024466878498
    endloop
  endfacet
  facet normal 0.7253743710122866 0 0.688354575693755
    outer loop
      vertex -0.9289310318467427 1.7000000029802322 5.413586742051427
      vertex -0.8838834764831844 8.955173036319424 5.366116523516816
      vertex -0.9289310318467427 8.951627716824035 5.413586742051427
    endloop
  endfacet
  facet normal 0.7604059656000298 0 0.649448048330185
    outer loop
      vertex -0.9714324518212136 1.7000000029802322 5.463349511187703
      vertex -0.9289310318467427 8.951627716824035 5.413586742051427
      vertex -0.9714324518212136 8.946658449118178 5.463349511187703
    endloop
  endfacet
  facet normal 0.7933533402912354 0 0.6087614290087202
    outer loop
      vertex -1.0112712429686843 1.7000000029802322 5.515268434634408
      vertex -0.9714324518212136 8.946658449118178 5.463349511187703
      vertex -1.0112712429686843 8.941413572762752 5.515268434634408
    endloop
  endfacet
  facet normal 0.8241261886220186 0 0.5664062369248284
    outer loop
      vertex -1.0483382099317802 1.7000000029802322 5.569201206231217
      vertex -1.0112712429686843 8.941413572762752 5.515268434634408
      vertex -1.0483382099317802 8.936533613984071 5.569201206231217
    endloop
  endfacet
  facet normal 0.8526401643540921 0 0.5224985647159492
    outer loop
      vertex -1.0825317547305482 1.7000000029802322 5.625
      vertex -1.0483382099317802 8.936533613984071 5.569201206231217
      vertex -1.0825317547305482 8.932031948409946 5.625
    endloop
  endfacet
  facet normal 0.8788171126619647 0 0.4771587602596097
    outer loop
      vertex -1.1137581552354598 1.7000000029802322 5.682511875325567
      vertex -1.0825317547305482 8.932031948409946 5.625
      vertex -1.1137581552354598 8.92792091479281 5.682511875325567
    endloop
  endfacet
  facet normal 0.9025852843498617 0 0.4305110968082927
    outer loop
      vertex -1.141931822053251 1.7000000029802322 5.74157919615525
      vertex -1.1137581552354598 8.92792091479281 5.682511875325567
      vertex -1.141931822053251 8.924211781190055 5.74157919615525
    endloop
  endfacet
  facet normal 0.9426414910921797 0 0.33380685923376735
    outer loop
      vertex -1.1888206453689418 1.7000000029802322 5.863728757031316
      vertex -1.1669755331215022 8.920914714079062 5.802040063068374
      vertex -1.1888206453689418 8.91803875049161 5.863728757031316
    endloop
  endfacet
  facet normal 0.9238795325112853 0 0.3826834323650932
    outer loop
      vertex -1.1669755331215022 1.7000000029802322 5.802040063068374
      vertex -1.141931822053251 8.924211781190055 5.74157919615525
      vertex -1.1669755331215022 8.920914714079062 5.802040063068374
    endloop
  endfacet
  facet normal 0.760405965600009 4.2239165039756426e-13 0.6494480483302094
    outer loop
      vertex -0.9407561694088813 8.950697058314459 5.427432199235278
      vertex -0.9714324518212136 8.946658449118178 5.463349511187703
      vertex -0.9289310318467427 8.951627716824035 5.413586742051427
    endloop
  endfacet
  facet normal 0.9588197348681925 0 0.2840153447039243
    outer loop
      vertex -1.2074072828613354 1.7000000029802322 5.926476193621849
      vertex -1.1888206453689418 8.91803875049161 5.863728757031316
      vertex -1.2074072828613354 8.915591773243984 5.926476193621849
    endloop
  endfacet
  facet normal 0.9723699203976759 0 0.2334453638559084
    outer loop
      vertex -1.2226845009172571 1.7000000029802322 5.9901103864778005
      vertex -1.2074072828613354 8.915591773243984 5.926476193621849
      vertex -1.2226845009172571 8.913580489330736 5.9901103864778005
    endloop
  endfacet
  facet normal 0.9832549075639543 0 0.18223552549214905
    outer loop
      vertex -1.2346104257439223 1.7000000029802322 6.054456918699711
      vertex -1.2226845009172571 8.913580489330736 5.9901103864778005
      vertex -1.2346104257439223 8.912010411541265 6.054456918699711
    endloop
  endfacet
  facet normal 0.9914448613738108 0 0.1305261922200481
    outer loop
      vertex -1.2431523692103417 1.7000000029802322 6.119339420915433
      vertex -1.2346104257439223 8.912010411541265 6.054456918699711
      vertex -1.2431523692103417 8.91088584334966 6.119339420915433
    endloop
  endfacet
  facet normal 0.996917333733128 0 0.0784590957278443
    outer loop
      vertex -1.2482869184432173 1.7000000029802322 6.18458005469632
      vertex -1.2431523692103417 8.91088584334966 6.119339420915433
      vertex -1.2482869184432173 8.910209867119168 6.18458005469632
    endloop
  endfacet
  facet normal 0.9996573249755573 0 0.02617694830787422
    outer loop
      vertex -1.25 1.7000000029802322 6.25
      vertex -1.2482869184432173 8.910209867119168 6.18458005469632
      vertex -1.25 8.909984335653647 6.25
    endloop
  endfacet
  facet normal 0.9996573249755573 0 -0.026176948307874225
    outer loop
      vertex -1.2482869184432173 1.7000000029802322 6.31541994530368
      vertex -1.25 8.909984335653647 6.25
      vertex -1.2482869184432173 8.910209867119168 6.31541994530368
    endloop
  endfacet
  facet normal 0.9969173337331281 0 -0.0784590957278443
    outer loop
      vertex -1.2431523692103417 1.7000000029802322 6.380660579084567
      vertex -1.2482869184432173 8.910209867119168 6.31541994530368
      vertex -1.2431523692103417 8.91088584334966 6.380660579084567
    endloop
  endfacet
  facet normal 0.9914448613738108 0 -0.1305261922200481
    outer loop
      vertex -1.2346104257439223 1.7000000029802322 6.445543081300289
      vertex -1.2431523692103417 8.91088584334966 6.380660579084567
      vertex -1.2346104257439223 8.912010411541265 6.445543081300289
    endloop
  endfacet
  facet normal 0.9832549075639542 0 -0.18223552549214905
    outer loop
      vertex -1.2226845009172571 1.7000000029802322 6.5098896135221995
      vertex -1.2346104257439223 8.912010411541265 6.445543081300289
      vertex -1.2226845009172571 8.913580489330736 6.5098896135221995
    endloop
  endfacet
  facet normal 0.9723699203976759 0 -0.23344536385590836
    outer loop
      vertex -1.2074072828613354 1.7000000029802322 6.573523806378151
      vertex -1.2226845009172571 8.913580489330736 6.5098896135221995
      vertex -1.2074072828613354 8.915591773243984 6.573523806378151
    endloop
  endfacet
  facet normal 0.9588197348681926 0 -0.2840153447039243
    outer loop
      vertex -1.1888206453689418 1.7000000029802322 6.636271242968684
      vertex -1.2074072828613354 8.915591773243984 6.573523806378151
      vertex -1.1888206453689418 8.91803875049161 6.636271242968684
    endloop
  endfacet
  facet normal 0.9426414910921797 0 -0.33380685923376735
    outer loop
      vertex -1.1669755331215022 1.7000000029802322 6.697959936931626
      vertex -1.1888206453689418 8.91803875049161 6.636271242968684
      vertex -1.1669755331215022 8.920914714079062 6.697959936931626
    endloop
  endfacet
  facet normal 0.9238795325112854 0 -0.38268343236509317
    outer loop
      vertex -1.141931822053251 1.7000000029802322 6.75842080384475
      vertex -1.1669755331215022 8.920914714079062 6.697959936931626
      vertex -1.141931822053251 8.924211781190055 6.75842080384475
    endloop
  endfacet
  facet normal 0.9025852843498617 0 -0.43051109680829275
    outer loop
      vertex -1.1137581552354598 1.7000000029802322 6.817488124674433
      vertex -1.141931822053251 8.924211781190055 6.75842080384475
      vertex -1.1137581552354598 8.92792091479281 6.817488124674433
    endloop
  endfacet
  facet normal 0.8788171126619647 0 -0.4771587602596097
    outer loop
      vertex -1.1137581552354598 1.7000000029802322 6.817488124674433
      vertex -1.1137581552354598 8.92792091479281 6.817488124674433
      vertex -1.0825317547305482 1.7000000029802322 6.875
    endloop
  endfacet
  facet normal 0.8526401643540921 0 -0.5224985647159492
    outer loop
      vertex -1.0825317547305482 1.7000000029802322 6.875
      vertex -1.0825317547305482 8.932031948409946 6.875
      vertex -1.0483382099317802 1.7000000029802322 6.930798793768783
    endloop
  endfacet
  facet normal 0.8241261886220186 0 -0.5664062369248284
    outer loop
      vertex -1.0483382099317802 1.7000000029802322 6.930798793768783
      vertex -1.0483382099317802 8.936533613984071 6.930798793768783
      vertex -1.0112712429686843 1.7000000029802322 6.984731565365592
    endloop
  endfacet
  facet normal 0.7933533402912354 0 -0.6087614290087202
    outer loop
      vertex -1.0112712429686843 1.7000000029802322 6.984731565365592
      vertex -1.0112712429686843 8.941413572762752 6.984731565365592
      vertex -0.9714324518212136 1.7000000029802322 7.036650488812297
    endloop
  endfacet
  facet normal 0.7604059656000298 0 -0.649448048330185
    outer loop
      vertex -0.9714324518212136 1.7000000029802322 7.036650488812297
      vertex -0.9714324518212136 8.946658449118178 7.036650488812297
      vertex -0.9289310318467427 1.7000000029802322 7.086413257948573
    endloop
  endfacet
  facet normal 0.7253743710122866 0 -0.688354575693755
    outer loop
      vertex -0.9289310318467427 1.7000000029802322 7.086413257948573
      vertex -0.9289310318467427 8.951627716824035 7.086413257948573
      vertex -0.8838834764831844 1.7000000029802322 7.133883476483184
    endloop
  endfacet
  facet normal 0.6883545756937517 0 -0.72537437101229
    outer loop
      vertex -0.8838834764831844 1.7000000029802322 7.133883476483184
      vertex -0.8838834764831844 8.955173036319424 7.133883476483184
      vertex -0.8364132579485728 1.7000000029802322 7.1789310318467425
    endloop
  endfacet
  facet normal 0.6494480483301832 0 -0.7604059656000314
    outer loop
      vertex -0.8364132579485728 1.7000000029802322 7.1789310318467425
      vertex -0.8364132579485728 8.958909023541436 7.1789310318467425
      vertex -0.7866504888122967 1.7000000029802322 7.221432451821213
    endloop
  endfacet
  facet normal 0.608761429008722 0 -0.7933533402912342
    outer loop
      vertex -0.7866504888122967 1.7000000029802322 7.221432451821213
      vertex -0.7866504888122967 8.96282543840878 7.221432451821213
      vertex -0.7347315653655915 1.7000000029802322 7.261271242968684
    endloop
  endfacet
  facet normal 0.5664062369248309 0 -0.8241261886220169
    outer loop
      vertex -0.7347315653655915 1.7000000029802322 7.261271242968684
      vertex -0.7347315653655915 8.966911546300532 7.261271242968684
      vertex -0.6807987937687838 1.7000000029802322 7.29833820993178
    endloop
  endfacet
  facet normal 0.5224985647159462 0 -0.852640164354094
    outer loop
      vertex -0.6807987937687838 1.7000000029802322 7.29833820993178
      vertex -0.6807987937687838 8.971156147478982 7.29833820993178
      vertex -0.625 1.7000000029802322 7.332531754730548
    endloop
  endfacet
  facet normal 0.4771587602596156 0 -0.8788171126619615
    outer loop
      vertex -0.625 1.7000000029802322 7.332531754730548
      vertex -0.625 8.975547607787341 7.332531754730548
      vertex -0.5674881246744335 1.7000000029802322 7.36375815523546
    endloop
  endfacet
  facet normal 0.43051109680829125 0 -0.9025852843498624
    outer loop
      vertex -0.5674881246744335 1.7000000029802322 7.36375815523546
      vertex -0.5674881246744335 8.980073890538149 7.36375815523546
      vertex -0.5084208038447503 1.7000000029802322 7.391931822053251
    endloop
  endfacet
  facet normal 0.38268343236509567 0 -0.9238795325112844
    outer loop
      vertex -0.5084208038447503 1.7000000029802322 7.391931822053251
      vertex -0.5084208038447503 8.984722589505001 7.391931822053251
      vertex -0.44795993693162534 1.7000000029802322 7.416975533121502
    endloop
  endfacet
  facet normal 0.3338068592337695 0 -0.9426414910921789
    outer loop
      vertex -0.44795993693162534 1.7000000029802322 7.416975533121502
      vertex -0.44795993693162534 8.98826975622537 7.416975533121502
      vertex -0.38627124296868426 1.7000000029802322 7.438820645368942
    endloop
  endfacet
  facet normal 0.2840153447039183 0 -0.9588197348681944
    outer loop
      vertex -0.38627124296868426 1.7000000029802322 7.438820645368942
      vertex -0.38627124296868426 8.989885131527188 7.438820645368942
      vertex -0.3235238063781509 1.7000000029802322 7.457407282861335
    endloop
  endfacet
  facet normal 0.23344536385590967 0 -0.9723699203976757
    outer loop
      vertex -0.3235238063781509 1.7000000029802322 7.457407282861335
      vertex -0.3235238063781509 8.991528230980416 7.457407282861335
      vertex -0.2598896135221992 1.7000000029802322 7.472684500917257
    endloop
  endfacet
  facet normal 0.18223552549214236 0 -0.9832549075639556
    outer loop
      vertex -0.2598896135221992 1.7000000029802322 7.472684500917257
      vertex -0.2598896135221992 8.993194550963661 7.472684500917257
      vertex -0.19554308130028858 1.7000000029802322 7.484610425743922
    endloop
  endfacet
  facet normal 0.13052619222005574 0 -0.9914448613738098
    outer loop
      vertex -0.19554308130028858 1.7000000029802322 7.484610425743922
      vertex -0.19554308130028858 8.994879524209674 7.484610425743922
      vertex -0.13066057908456685 1.7000000029802322 7.493152369210342
    endloop
  endfacet
  facet normal 0.07845909572783705 0 -0.9969173337331286
    outer loop
      vertex -0.13066057908456685 1.7000000029802322 7.493152369210342
      vertex -0.13066057908456685 8.996578532323907 7.493152369210342
      vertex -0.0654199453036798 1.7000000029802322 7.498286918443217
    endloop
  endfacet
  facet normal 0.02617694830788113 0 -0.9996573249755571
    outer loop
      vertex -0.0654199453036798 1.7000000029802322 7.498286918443217
      vertex -0.0654199453036798 8.998286918443217 7.498286918443217
      vertex 0 1.7000000029802322 7.5
    endloop
  endfacet
  facet normal 0.8788171126619647 0 -0.4771587602596097
    outer loop
      vertex -1.0825317547305482 1.7000000029802322 6.875
      vertex -1.1137581552354598 8.92792091479281 6.817488124674433
      vertex -1.0825317547305482 8.932031948409946 6.875
    endloop
  endfacet
  facet normal 0.8526401643540921 0 -0.5224985647159492
    outer loop
      vertex -1.0483382099317802 1.7000000029802322 6.930798793768783
      vertex -1.0825317547305482 8.932031948409946 6.875
      vertex -1.0483382099317802 8.936533613984071 6.930798793768783
    endloop
  endfacet
  facet normal 0.8241261886220186 0 -0.5664062369248285
    outer loop
      vertex -1.0112712429686843 1.7000000029802322 6.984731565365592
      vertex -1.0483382099317802 8.936533613984071 6.930798793768783
      vertex -1.0112712429686843 8.941413572762752 6.984731565365592
    endloop
  endfacet
  facet normal 0.7933533402912354 0 -0.6087614290087203
    outer loop
      vertex -0.9714324518212136 1.7000000029802322 7.036650488812297
      vertex -1.0112712429686843 8.941413572762752 6.984731565365592
      vertex -0.9714324518212136 8.946658449118178 7.036650488812297
    endloop
  endfacet
  facet normal 0.7604059656000299 0 -0.649448048330185
    outer loop
      vertex -0.9289310318467427 1.7000000029802322 7.086413257948573
      vertex -0.9714324518212136 8.946658449118178 7.036650488812297
      vertex -0.9289310318467427 8.951627716824035 7.086413257948573
    endloop
  endfacet
  facet normal 0.7253743710122866 0 -0.6883545756937551
    outer loop
      vertex -0.8838834764831844 1.7000000029802322 7.133883476483184
      vertex -0.9289310318467427 8.951627716824035 7.086413257948573
      vertex -0.8838834764831844 8.955173036319424 7.133883476483184
    endloop
  endfacet
  facet normal 0.6883545756937516 0 -0.72537437101229
    outer loop
      vertex -0.8364132579485728 1.7000000029802322 7.1789310318467425
      vertex -0.8838834764831844 8.955173036319424 7.133883476483184
      vertex -0.8364132579485728 8.958909023541436 7.1789310318467425
    endloop
  endfacet
  facet normal 0.6494480483301833 0 -0.7604059656000313
    outer loop
      vertex -0.7866504888122967 1.7000000029802322 7.221432451821213
      vertex -0.8364132579485728 8.958909023541436 7.1789310318467425
      vertex -0.7866504888122967 8.96282543840878 7.221432451821213
    endloop
  endfacet
  facet normal 0.608761429008722 0 -0.7933533402912342
    outer loop
      vertex -0.7347315653655915 1.7000000029802322 7.261271242968684
      vertex -0.7866504888122967 8.96282543840878 7.221432451821213
      vertex -0.7347315653655915 8.966911546300532 7.261271242968684
    endloop
  endfacet
  facet normal 0.5664062369248309 0 -0.8241261886220169
    outer loop
      vertex -0.6807987937687838 1.7000000029802322 7.29833820993178
      vertex -0.7347315653655915 8.966911546300532 7.261271242968684
      vertex -0.6807987937687838 8.971156147478982 7.29833820993178
    endloop
  endfacet
  facet normal 0.7604059656000092 4.210146472177753e-13 -0.6494480483302092
    outer loop
      vertex -0.9407561694088813 8.950697058314459 7.072567800764722
      vertex -0.9289310318467427 8.951627716824035 7.086413257948573
      vertex -0.9714324518212136 8.946658449118178 7.036650488812297
    endloop
  endfacet
  facet normal 0.5224985647159462 0 -0.8526401643540938
    outer loop
      vertex -0.625 1.7000000029802322 7.332531754730548
      vertex -0.6807987937687838 8.971156147478982 7.29833820993178
      vertex -0.625 8.975547607787341 7.332531754730548
    endloop
  endfacet
  facet normal 0.4771587602596156 0 -0.8788171126619615
    outer loop
      vertex -0.5674881246744335 1.7000000029802322 7.36375815523546
      vertex -0.625 8.975547607787341 7.332531754730548
      vertex -0.5674881246744335 8.980073890538149 7.36375815523546
    endloop
  endfacet
  facet normal 0.4305110968082913 0 -0.9025852843498625
    outer loop
      vertex -0.5084208038447503 1.7000000029802322 7.391931822053251
      vertex -0.5674881246744335 8.980073890538149 7.36375815523546
      vertex -0.5084208038447503 8.984722589505001 7.391931822053251
    endloop
  endfacet
  facet normal 0.38268343236509567 0 -0.9238795325112843
    outer loop
      vertex -0.44795993693162534 1.7000000029802322 7.416975533121502
      vertex -0.5084208038447503 8.984722589505001 7.391931822053251
      vertex -0.44795993693162534 8.98826975622537 7.416975533121502
    endloop
  endfacet
  facet normal 0.3338068592337695 0 -0.9426414910921789
    outer loop
      vertex -0.38627124296868426 1.7000000029802322 7.438820645368942
      vertex -0.44795993693162534 8.98826975622537 7.416975533121502
      vertex -0.38627124296868426 8.989885131527188 7.438820645368942
    endloop
  endfacet
  facet normal 0.28401534470391826 0 -0.9588197348681944
    outer loop
      vertex -0.3235238063781509 1.7000000029802322 7.457407282861335
      vertex -0.38627124296868426 8.989885131527188 7.438820645368942
      vertex -0.3235238063781509 8.991528230980416 7.457407282861335
    endloop
  endfacet
  facet normal 0.23344536385590964 0 -0.9723699203976756
    outer loop
      vertex -0.2598896135221992 1.7000000029802322 7.472684500917257
      vertex -0.3235238063781509 8.991528230980416 7.457407282861335
      vertex -0.2598896135221992 8.993194550963661 7.472684500917257
    endloop
  endfacet
  facet normal 0.1822355254921423 0 -0.9832549075639555
    outer loop
      vertex -0.19554308130028858 1.7000000029802322 7.484610425743922
      vertex -0.2598896135221992 8.993194550963661 7.472684500917257
      vertex -0.19554308130028858 8.994879524209674 7.484610425743922
    endloop
  endfacet
  facet normal 0.13052619222005576 0 -0.9914448613738098
    outer loop
      vertex -0.13066057908456685 1.7000000029802322 7.493152369210342
      vertex -0.19554308130028858 8.994879524209674 7.484610425743922
      vertex -0.13066057908456685 8.996578532323907 7.493152369210342
    endloop
  endfacet
  facet normal 0.07845909572783706 0 -0.9969173337331286
    outer loop
      vertex -0.0654199453036798 1.7000000029802322 7.498286918443217
      vertex -0.13066057908456685 8.996578532323907 7.493152369210342
      vertex -0.0654199453036798 8.998286918443217 7.498286918443217
    endloop
  endfacet
  facet normal 0.02617694830788113 0 -0.999657324975557
    outer loop
      vertex 0 1.7000000029802322 7.5
      vertex -0.0654199453036798 8.998286918443217 7.498286918443217
      vertex 0 9 7.5
    endloop
  endfacet
  facet normal 0.3826834323650766 3.7814167216154366e-13 -0.9238795325112921
    outer loop
      vertex -0.4710236061864945 8.987665812791164 7.407422248518048
      vertex -0.44795993693162534 8.98826975622537 7.416975533121502
      vertex -0.5084208038447503 8.984722589505001 7.391931822053251
    endloop
  endfacet
  facet normal -0.02617694830788113 1.127034288427485e-20 0.9996573249755571
    outer loop
      vertex 0 1.7000000029802322 5
      vertex 0.0654199453036798 1.7000000029802322 5.001713081556783
      vertex 0.0654199453036798 8.998286918443217 5.001713081556783
    endloop
  endfacet
  facet normal -0.07845909572783705 2.304913293352721e-20 0.9969173337331286
    outer loop
      vertex 0.0654199453036798 1.7000000029802322 5.001713081556783
      vertex 0.13066057908456685 1.7000000029802322 5.006847630789658
      vertex 0.13066057908456685 8.996578532323907 5.006847630789658
    endloop
  endfacet
  facet normal -0.13052619222005574 1.1198233242128067e-19 0.9914448613738098
    outer loop
      vertex 0.13066057908456685 1.7000000029802322 5.006847630789658
      vertex 0.19554308130028858 1.7000000029802322 5.015389574256078
      vertex 0.19554308130028858 8.994879524209674 5.015389574256078
    endloop
  endfacet
  facet normal -0.18223552549214236 -6.352830427398934e-20 0.9832549075639556
    outer loop
      vertex 0.19554308130028858 1.7000000029802322 5.015389574256078
      vertex 0.2598896135221992 1.7000000029802322 5.027315499082743
      vertex 0.2598896135221992 8.993194550963661 5.027315499082743
    endloop
  endfacet
  facet normal -0.23344536385590967 -3.65448987322549e-20 0.9723699203976757
    outer loop
      vertex 0.2598896135221992 1.7000000029802322 5.027315499082743
      vertex 0.3235238063781509 1.7000000029802322 5.042592717138665
      vertex 0.3235238063781509 8.991528230980416 5.042592717138665
    endloop
  endfacet
  facet normal -0.2840153447039183 3.1979963590596434e-20 0.9588197348681944
    outer loop
      vertex 0.3235238063781509 1.7000000029802322 5.042592717138665
      vertex 0.38627124296868426 1.7000000029802322 5.061179354631058
      vertex 0.38627124296868426 8.989885131527188 5.061179354631058
    endloop
  endfacet
  facet normal -0.3338068592337695 1.2421884163403622e-19 0.9426414910921789
    outer loop
      vertex 0.38627124296868426 1.7000000029802322 5.061179354631058
      vertex 0.44795993693162534 1.7000000029802322 5.083024466878498
      vertex 0.44795993693162534 8.98826975622537 5.083024466878498
    endloop
  endfacet
  facet normal -0.38268343236509567 2.1548218133677386e-19 0.9238795325112844
    outer loop
      vertex 0.44795993693162534 1.7000000029802322 5.083024466878498
      vertex 0.5084208038447503 1.7000000029802322 5.108068177946749
      vertex 0.5084208038447503 8.984722589505001 5.108068177946749
    endloop
  endfacet
  facet normal -0.43051109680829125 -1.1294577918550766e-19 0.9025852843498624
    outer loop
      vertex 0.5084208038447503 1.7000000029802322 5.108068177946749
      vertex 0.5674881246744335 1.7000000029802322 5.13624184476454
      vertex 0.5674881246744335 8.980073890538149 5.13624184476454
    endloop
  endfacet
  facet normal -0.4771587602596156 -9.903432979535609e-20 0.8788171126619615
    outer loop
      vertex 0.5674881246744335 1.7000000029802322 5.13624184476454
      vertex 0.625 1.7000000029802322 5.167468245269452
      vertex 0.625 8.975547607787341 5.167468245269452
    endloop
  endfacet
  facet normal -0.5224985647159462 -7.559782404725239e-20 0.852640164354094
    outer loop
      vertex 0.625 1.7000000029802322 5.167468245269452
      vertex 0.6807987937687838 1.7000000029802322 5.20166179006822
      vertex 0.6807987937687838 8.971156147478982 5.20166179006822
    endloop
  endfacet
  facet normal -0.5664062369248309 -2.615537299573232e-19 0.8241261886220169
    outer loop
      vertex 0.6807987937687838 1.7000000029802322 5.20166179006822
      vertex 0.7347315653655915 1.7000000029802322 5.238728757031316
      vertex 0.7347315653655915 8.966911546300532 5.238728757031316
    endloop
  endfacet
  facet normal -0.608761429008722 3.3576223182286274e-19 0.7933533402912342
    outer loop
      vertex 0.7347315653655915 1.7000000029802322 5.238728757031316
      vertex 0.7866504888122967 1.7000000029802322 5.278567548178787
      vertex 0.7866504888122967 8.96282543840878 5.278567548178787
    endloop
  endfacet
  facet normal -0.6494480483301832 1.8529021689788608e-19 0.7604059656000314
    outer loop
      vertex 0.7866504888122967 1.7000000029802322 5.278567548178787
      vertex 0.8364132579485728 1.7000000029802322 5.3210689681532575
      vertex 0.8364132579485728 8.958909023541436 5.3210689681532575
    endloop
  endfacet
  facet normal -0.6883545756937517 -6.982483095099728e-20 0.72537437101229
    outer loop
      vertex 0.8364132579485728 1.7000000029802322 5.3210689681532575
      vertex 0.8838834764831844 1.7000000029802322 5.366116523516816
      vertex 0.8838834764831844 8.955173036319424 5.366116523516816
    endloop
  endfacet
  facet normal -0.7253743710122866 1.498342269342143e-19 0.688354575693755
    outer loop
      vertex 0.8838834764831844 1.7000000029802322 5.366116523516816
      vertex 0.9289310318467427 1.7000000029802322 5.413586742051427
      vertex 0.9289310318467427 8.951627716824035 5.413586742051427
    endloop
  endfacet
  facet normal -0.7604059656000298 4.04413416173919e-19 0.649448048330185
    outer loop
      vertex 0.9289310318467427 1.7000000029802322 5.413586742051427
      vertex 0.9714324518212136 1.7000000029802322 5.463349511187703
      vertex 0.9714324518212136 8.946658449118178 5.463349511187703
    endloop
  endfacet
  facet normal -0.7933533402912354 -2.1465288908301238e-19 0.6087614290087202
    outer loop
      vertex 0.9714324518212136 1.7000000029802322 5.463349511187703
      vertex 1.0112712429686843 1.7000000029802322 5.515268434634408
      vertex 1.0112712429686843 8.941413572762752 5.515268434634408
    endloop
  endfacet
  facet normal -0.8241261886220186 2.3958683440971675e-19 0.5664062369248284
    outer loop
      vertex 1.0112712429686843 1.7000000029802322 5.515268434634408
      vertex 1.0483382099317802 1.7000000029802322 5.569201206231217
      vertex 1.0483382099317802 8.936533613984071 5.569201206231217
    endloop
  endfacet
  facet normal -0.8526401643540921 -8.900937406757803e-20 0.5224985647159492
    outer loop
      vertex 1.0483382099317802 1.7000000029802322 5.569201206231217
      vertex 1.0825317547305482 1.7000000029802322 5.625
      vertex 1.0825317547305482 8.932031948409946 5.625
    endloop
  endfacet
  facet normal -0.8788171126619647 -6.353312157789658e-21 0.4771587602596097
    outer loop
      vertex 1.0825317547305482 1.7000000029802322 5.625
      vertex 1.1137581552354598 1.7000000029802322 5.682511875325567
      vertex 1.1137581552354598 8.92792091479281 5.682511875325567
    endloop
  endfacet
  facet normal -0.9025852843498617 3.9727049386889075e-20 0.4305110968082927
    outer loop
      vertex 1.1137581552354598 1.7000000029802322 5.682511875325567
      vertex 1.141931822053251 1.7000000029802322 5.74157919615525
      vertex 1.141931822053251 8.924211781190055 5.74157919615525
    endloop
  endfacet
  facet normal -0.9238795325112853 5.818350847177403e-20 0.3826834323650932
    outer loop
      vertex 1.141931822053251 1.7000000029802322 5.74157919615525
      vertex 1.1669755331215022 1.7000000029802322 5.802040063068374
      vertex 1.1669755331215022 8.920914714079062 5.802040063068374
    endloop
  endfacet
  facet normal -0.9426414910921797 5.5184135067240324e-21 0.33380685923376735
    outer loop
      vertex 1.1669755331215022 1.7000000029802322 5.802040063068374
      vertex 1.1888206453689418 1.7000000029802322 5.863728757031316
      vertex 1.1888206453689418 8.91803875049161 5.863728757031316
    endloop
  endfacet
  facet normal -0.9588197348681925 1.5396686329941902e-19 0.2840153447039243
    outer loop
      vertex 1.1888206453689418 1.7000000029802322 5.863728757031316
      vertex 1.2074072828613354 1.7000000029802322 5.926476193621849
      vertex 1.2074072828613354 8.915591773243984 5.926476193621849
    endloop
  endfacet
  facet normal -0.9723699203976759 6.820599830763161e-20 0.2334453638559084
    outer loop
      vertex 1.2074072828613354 1.7000000029802322 5.926476193621849
      vertex 1.2226845009172571 1.7000000029802322 5.9901103864778005
      vertex 1.2226845009172571 8.913580489330736 5.9901103864778005
    endloop
  endfacet
  facet normal -0.9832549075639543 4.081174400334371e-20 0.18223552549214905
    outer loop
      vertex 1.2226845009172571 1.7000000029802322 5.9901103864778005
      vertex 1.2346104257439223 1.7000000029802322 6.054456918699711
      vertex 1.2346104257439223 8.912010411541265 6.054456918699711
    endloop
  endfacet
  facet normal -0.9914448613738108 2.1970267252458568e-20 0.1305261922200481
    outer loop
      vertex 1.2346104257439223 1.7000000029802322 6.054456918699711
      vertex 1.2431523692103417 1.7000000029802322 6.119339420915433
      vertex 1.2431523692103417 8.91088584334966 6.119339420915433
    endloop
  endfacet
  facet normal -0.996917333733128 -1.0740196032215493e-20 0.0784590957278443
    outer loop
      vertex 1.2431523692103417 1.7000000029802322 6.119339420915433
      vertex 1.2482869184432173 1.7000000029802322 6.18458005469632
      vertex 1.2482869184432173 8.910209867119168 6.18458005469632
    endloop
  endfacet
  facet normal -0.9996573249755573 1.8071742667075077e-21 0.02617694830787422
    outer loop
      vertex 1.2482869184432173 1.7000000029802322 6.18458005469632
      vertex 1.25 1.7000000029802322 6.25
      vertex 1.25 8.909984335653647 6.25
    endloop
  endfacet
  facet normal -0.9996573249755573 -1.807117739273702e-21 -0.026176948307874225
    outer loop
      vertex 1.25 1.7000000029802322 6.25
      vertex 1.2482869184432173 1.7000000029802322 6.31541994530368
      vertex 1.2482869184432173 8.910209867119168 6.31541994530368
    endloop
  endfacet
  facet normal -0.9969173337331281 1.0739189204845134e-20 -0.0784590957278443
    outer loop
      vertex 1.2482869184432173 1.7000000029802322 6.31541994530368
      vertex 1.2431523692103417 1.7000000029802322 6.380660579084567
      vertex 1.2431523692103417 8.91088584334966 6.380660579084567
    endloop
  endfacet
  facet normal -0.9914448613738108 -2.1966841430487505e-20 -0.1305261922200481
    outer loop
      vertex 1.2431523692103417 1.7000000029802322 6.380660579084567
      vertex 1.2346104257439223 1.7000000029802322 6.445543081300289
      vertex 1.2346104257439223 8.912010411541265 6.445543081300289
    endloop
  endfacet
  facet normal -0.9832549075639542 0 -0.18223552549214905
    outer loop
      vertex 1.2226845009172571 1.7000000029802322 6.5098896135221995
      vertex 1.2226845009172571 8.913580489330736 6.5098896135221995
      vertex 1.2346104257439223 1.7000000029802322 6.445543081300289
    endloop
  endfacet
  facet normal -0.9723699203976759 -6.818698647443056e-20 -0.23344536385590836
    outer loop
      vertex 1.2226845009172571 1.7000000029802322 6.5098896135221995
      vertex 1.2074072828613354 1.7000000029802322 6.573523806378151
      vertex 1.2074072828613354 8.915591773243984 6.573523806378151
    endloop
  endfacet
  facet normal -0.9588197348681926 0 -0.2840153447039243
    outer loop
      vertex 1.1888206453689418 1.7000000029802322 6.636271242968684
      vertex 1.1888206453689418 8.91803875049161 6.636271242968684
      vertex 1.2074072828613354 1.7000000029802322 6.573523806378151
    endloop
  endfacet
  facet normal -0.9426414910921797 0 -0.33380685923376735
    outer loop
      vertex 1.1669755331215022 1.7000000029802322 6.697959936931626
      vertex 1.1669755331215022 8.920914714079062 6.697959936931626
      vertex 1.1888206453689418 1.7000000029802322 6.636271242968684
    endloop
  endfacet
  facet normal -0.9238795325112854 -5.815695402707142e-20 -0.38268343236509317
    outer loop
      vertex 1.1669755331215022 1.7000000029802322 6.697959936931626
      vertex 1.141931822053251 1.7000000029802322 6.75842080384475
      vertex 1.141931822053251 8.924211781190055 6.75842080384475
    endloop
  endfacet
  facet normal -0.9025852843498617 0 -0.43051109680829275
    outer loop
      vertex 1.1137581552354598 1.7000000029802322 6.817488124674433
      vertex 1.1137581552354598 8.92792091479281 6.817488124674433
      vertex 1.141931822053251 1.7000000029802322 6.75842080384475
    endloop
  endfacet
  facet normal -0.02617694830788113 0 0.999657324975557
    outer loop
      vertex 0 1.7000000029802322 5
      vertex 0.0654199453036798 8.998286918443217 5.001713081556783
      vertex 0 9 5
    endloop
  endfacet
  facet normal -0.07845909572783706 0 0.9969173337331286
    outer loop
      vertex 0.0654199453036798 1.7000000029802322 5.001713081556783
      vertex 0.13066057908456685 8.996578532323907 5.006847630789658
      vertex 0.0654199453036798 8.998286918443217 5.001713081556783
    endloop
  endfacet
  facet normal -0.13052619222005576 0 0.9914448613738098
    outer loop
      vertex 0.13066057908456685 1.7000000029802322 5.006847630789658
      vertex 0.19554308130028858 8.994879524209674 5.015389574256078
      vertex 0.13066057908456685 8.996578532323907 5.006847630789658
    endloop
  endfacet
  facet normal -0.1822355254921423 0 0.9832549075639555
    outer loop
      vertex 0.19554308130028858 1.7000000029802322 5.015389574256078
      vertex 0.2598896135221992 8.993194550963661 5.027315499082743
      vertex 0.19554308130028858 8.994879524209674 5.015389574256078
    endloop
  endfacet
  facet normal -0.23344536385590964 0 0.9723699203976756
    outer loop
      vertex 0.2598896135221992 1.7000000029802322 5.027315499082743
      vertex 0.3235238063781509 8.991528230980416 5.042592717138665
      vertex 0.2598896135221992 8.993194550963661 5.027315499082743
    endloop
  endfacet
  facet normal -0.28401534470391826 0 0.9588197348681944
    outer loop
      vertex 0.3235238063781509 1.7000000029802322 5.042592717138665
      vertex 0.38627124296868426 8.989885131527188 5.061179354631058
      vertex 0.3235238063781509 8.991528230980416 5.042592717138665
    endloop
  endfacet
  facet normal -0.3338068592337695 0 0.9426414910921789
    outer loop
      vertex 0.38627124296868426 1.7000000029802322 5.061179354631058
      vertex 0.44795993693162534 8.98826975622537 5.083024466878498
      vertex 0.38627124296868426 8.989885131527188 5.061179354631058
    endloop
  endfacet
  facet normal -0.38268343236509567 0 0.9238795325112843
    outer loop
      vertex 0.44795993693162534 1.7000000029802322 5.083024466878498
      vertex 0.5084208038447503 8.984722589505001 5.108068177946749
      vertex 0.44795993693162534 8.98826975622537 5.083024466878498
    endloop
  endfacet
  facet normal -0.4305110968082913 0 0.9025852843498625
    outer loop
      vertex 0.5084208038447503 1.7000000029802322 5.108068177946749
      vertex 0.5674881246744335 8.980073890538149 5.13624184476454
      vertex 0.5084208038447503 8.984722589505001 5.108068177946749
    endloop
  endfacet
  facet normal -0.4771587602596156 0 0.8788171126619615
    outer loop
      vertex 0.5674881246744335 1.7000000029802322 5.13624184476454
      vertex 0.625 8.975547607787341 5.167468245269452
      vertex 0.5674881246744335 8.980073890538149 5.13624184476454
    endloop
  endfacet
  facet normal -0.5224985647159462 0 0.8526401643540938
    outer loop
      vertex 0.625 1.7000000029802322 5.167468245269452
      vertex 0.6807987937687838 8.971156147478982 5.20166179006822
      vertex 0.625 8.975547607787341 5.167468245269452
    endloop
  endfacet
  facet normal -0.5664062369248309 0 0.8241261886220169
    outer loop
      vertex 0.6807987937687838 1.7000000029802322 5.20166179006822
      vertex 0.7347315653655915 8.966911546300532 5.238728757031316
      vertex 0.6807987937687838 8.971156147478982 5.20166179006822
    endloop
  endfacet
  facet normal -0.608761429008722 0 0.7933533402912342
    outer loop
      vertex 0.7347315653655915 1.7000000029802322 5.238728757031316
      vertex 0.7866504888122967 8.96282543840878 5.278567548178787
      vertex 0.7347315653655915 8.966911546300532 5.238728757031316
    endloop
  endfacet
  facet normal -0.6494480483301833 0 0.7604059656000313
    outer loop
      vertex 0.7866504888122967 1.7000000029802322 5.278567548178787
      vertex 0.8364132579485728 8.958909023541436 5.3210689681532575
      vertex 0.7866504888122967 8.96282543840878 5.278567548178787
    endloop
  endfacet
  facet normal -0.6883545756937516 0 0.72537437101229
    outer loop
      vertex 0.8364132579485728 1.7000000029802322 5.3210689681532575
      vertex 0.8838834764831844 8.955173036319424 5.366116523516816
      vertex 0.8364132579485728 8.958909023541436 5.3210689681532575
    endloop
  endfacet
  facet normal -0.3826834323650766 3.7814167216154366e-13 0.9238795325112921
    outer loop
      vertex 0.4710236061864945 8.987665812791164 5.092577751481952
      vertex 0.44795993693162534 8.98826975622537 5.083024466878498
      vertex 0.5084208038447503 8.984722589505001 5.108068177946749
    endloop
  endfacet
  facet normal -0.7253743710122866 0 0.6883545756937551
    outer loop
      vertex 0.8838834764831844 1.7000000029802322 5.366116523516816
      vertex 0.9289310318467427 8.951627716824035 5.413586742051427
      vertex 0.8838834764831844 8.955173036319424 5.366116523516816
    endloop
  endfacet
  facet normal -0.7604059656000299 0 0.649448048330185
    outer loop
      vertex 0.9289310318467427 1.7000000029802322 5.413586742051427
      vertex 0.9714324518212136 8.946658449118178 5.463349511187703
      vertex 0.9289310318467427 8.951627716824035 5.413586742051427
    endloop
  endfacet
  facet normal -0.7933533402912354 0 0.6087614290087203
    outer loop
      vertex 0.9714324518212136 1.7000000029802322 5.463349511187703
      vertex 1.0112712429686843 8.941413572762752 5.515268434634408
      vertex 0.9714324518212136 8.946658449118178 5.463349511187703
    endloop
  endfacet
  facet normal -0.8241261886220186 0 0.5664062369248285
    outer loop
      vertex 1.0112712429686843 1.7000000029802322 5.515268434634408
      vertex 1.0483382099317802 8.936533613984071 5.569201206231217
      vertex 1.0112712429686843 8.941413572762752 5.515268434634408
    endloop
  endfacet
  facet normal -0.8526401643540921 0 0.5224985647159492
    outer loop
      vertex 1.0483382099317802 1.7000000029802322 5.569201206231217
      vertex 1.0825317547305482 8.932031948409946 5.625
      vertex 1.0483382099317802 8.936533613984071 5.569201206231217
    endloop
  endfacet
  facet normal -0.8788171126619647 0 0.4771587602596097
    outer loop
      vertex 1.0825317547305482 1.7000000029802322 5.625
      vertex 1.1137581552354598 8.92792091479281 5.682511875325567
      vertex 1.0825317547305482 8.932031948409946 5.625
    endloop
  endfacet
  facet normal -0.9025852843498617 0 0.43051109680829275
    outer loop
      vertex 1.1137581552354598 1.7000000029802322 5.682511875325567
      vertex 1.141931822053251 8.924211781190055 5.74157919615525
      vertex 1.1137581552354598 8.92792091479281 5.682511875325567
    endloop
  endfacet
  facet normal -0.9238795325112854 0 0.38268343236509317
    outer loop
      vertex 1.141931822053251 1.7000000029802322 5.74157919615525
      vertex 1.1669755331215022 8.920914714079062 5.802040063068374
      vertex 1.141931822053251 8.924211781190055 5.74157919615525
    endloop
  endfacet
  facet normal -0.9426414910921797 0 0.33380685923376735
    outer loop
      vertex 1.1669755331215022 1.7000000029802322 5.802040063068374
      vertex 1.1888206453689418 8.91803875049161 5.863728757031316
      vertex 1.1669755331215022 8.920914714079062 5.802040063068374
    endloop
  endfacet
  facet normal -0.7604059656000092 4.210146472177753e-13 0.6494480483302092
    outer loop
      vertex 0.9407561694088813 8.950697058314459 5.427432199235278
      vertex 0.9289310318467427 8.951627716824035 5.413586742051427
      vertex 0.9714324518212136 8.946658449118178 5.463349511187703
    endloop
  endfacet
  facet normal -0.9588197348681926 0 0.2840153447039243
    outer loop
      vertex 1.1888206453689418 1.7000000029802322 5.863728757031316
      vertex 1.2074072828613354 8.915591773243984 5.926476193621849
      vertex 1.1888206453689418 8.91803875049161 5.863728757031316
    endloop
  endfacet
  facet normal -0.9723699203976759 0 0.23344536385590836
    outer loop
      vertex 1.2074072828613354 1.7000000029802322 5.926476193621849
      vertex 1.2226845009172571 8.913580489330736 5.9901103864778005
      vertex 1.2074072828613354 8.915591773243984 5.926476193621849
    endloop
  endfacet
  facet normal -0.9832549075639542 0 0.18223552549214905
    outer loop
      vertex 1.2226845009172571 1.7000000029802322 5.9901103864778005
      vertex 1.2346104257439223 8.912010411541265 6.054456918699711
      vertex 1.2226845009172571 8.913580489330736 5.9901103864778005
    endloop
  endfacet
  facet normal -0.9914448613738108 0 0.1305261922200481
    outer loop
      vertex 1.2346104257439223 1.7000000029802322 6.054456918699711
      vertex 1.2431523692103417 8.91088584334966 6.119339420915433
      vertex 1.2346104257439223 8.912010411541265 6.054456918699711
    endloop
  endfacet
  facet normal -0.9969173337331281 0 0.0784590957278443
    outer loop
      vertex 1.2431523692103417 1.7000000029802322 6.119339420915433
      vertex 1.2482869184432173 8.910209867119168 6.18458005469632
      vertex 1.2431523692103417 8.91088584334966 6.119339420915433
    endloop
  endfacet
  facet normal -0.9996573249755573 0 0.026176948307874225
    outer loop
      vertex 1.2482869184432173 1.7000000029802322 6.18458005469632
      vertex 1.25 8.909984335653647 6.25
      vertex 1.2482869184432173 8.910209867119168 6.18458005469632
    endloop
  endfacet
  facet normal -0.9996573249755573 0 -0.02617694830787422
    outer loop
      vertex 1.25 1.7000000029802322 6.25
      vertex 1.2482869184432173 8.910209867119168 6.31541994530368
      vertex 1.25 8.909984335653647 6.25
    endloop
  endfacet
  facet normal -0.996917333733128 0 -0.0784590957278443
    outer loop
      vertex 1.2482869184432173 1.7000000029802322 6.31541994530368
      vertex 1.2431523692103417 8.91088584334966 6.380660579084567
      vertex 1.2482869184432173 8.910209867119168 6.31541994530368
    endloop
  endfacet
  facet normal -0.9914448613738108 0 -0.1305261922200481
    outer loop
      vertex 1.2431523692103417 1.7000000029802322 6.380660579084567
      vertex 1.2346104257439223 8.912010411541265 6.445543081300289
      vertex 1.2431523692103417 8.91088584334966 6.380660579084567
    endloop
  endfacet
  facet normal -0.9832549075639543 0 -0.18223552549214905
    outer loop
      vertex 1.2346104257439223 1.7000000029802322 6.445543081300289
      vertex 1.2226845009172571 8.913580489330736 6.5098896135221995
      vertex 1.2346104257439223 8.912010411541265 6.445543081300289
    endloop
  endfacet
  facet normal -0.9723699203976759 0 -0.2334453638559084
    outer loop
      vertex 1.2226845009172571 1.7000000029802322 6.5098896135221995
      vertex 1.2074072828613354 8.915591773243984 6.573523806378151
      vertex 1.2226845009172571 8.913580489330736 6.5098896135221995
    endloop
  endfacet
  facet normal -0.9588197348681925 0 -0.2840153447039243
    outer loop
      vertex 1.2074072828613354 1.7000000029802322 6.573523806378151
      vertex 1.1888206453689418 8.91803875049161 6.636271242968684
      vertex 1.2074072828613354 8.915591773243984 6.573523806378151
    endloop
  endfacet
  facet normal -0.9426414910921797 0 -0.33380685923376735
    outer loop
      vertex 1.1888206453689418 1.7000000029802322 6.636271242968684
      vertex 1.1669755331215022 8.920914714079062 6.697959936931626
      vertex 1.1888206453689418 8.91803875049161 6.636271242968684
    endloop
  endfacet
  facet normal -0.9238795325112853 0 -0.3826834323650932
    outer loop
      vertex 1.1669755331215022 1.7000000029802322 6.697959936931626
      vertex 1.141931822053251 8.924211781190055 6.75842080384475
      vertex 1.1669755331215022 8.920914714079062 6.697959936931626
    endloop
  endfacet
  facet normal -0.9025852843498617 0 -0.4305110968082927
    outer loop
      vertex 1.141931822053251 1.7000000029802322 6.75842080384475
      vertex 1.1137581552354598 8.92792091479281 6.817488124674433
      vertex 1.141931822053251 8.924211781190055 6.75842080384475
    endloop
  endfacet
  facet normal -0.8788171126619647 0 -0.4771587602596097
    outer loop
      vertex 1.0825317547305482 1.7000000029802322 6.875
      vertex 1.0825317547305482 8.932031948409946 6.875
      vertex 1.1137581552354598 1.7000000029802322 6.817488124674433
    endloop
  endfacet
  facet normal -0.8526401643540921 8.89540035743898e-20 -0.5224985647159492
    outer loop
      vertex 1.0825317547305482 1.7000000029802322 6.875
      vertex 1.0483382099317802 1.7000000029802322 6.930798793768783
      vertex 1.0483382099317802 8.936533613984071 6.930798793768783
    endloop
  endfacet
  facet normal -0.8241261886220186 0 -0.5664062369248285
    outer loop
      vertex 1.0112712429686843 1.7000000029802322 6.984731565365592
      vertex 1.0112712429686843 8.941413572762752 6.984731565365592
      vertex 1.0483382099317802 1.7000000029802322 6.930798793768783
    endloop
  endfacet
  facet normal -0.7933533402912354 2.1449753087606178e-19 -0.6087614290087203
    outer loop
      vertex 1.0112712429686843 1.7000000029802322 6.984731565365592
      vertex 0.9714324518212136 1.7000000029802322 7.036650488812297
      vertex 0.9714324518212136 8.946658449118178 7.036650488812297
    endloop
  endfacet
  facet normal -0.608761429008722 0 -0.7933533402912342
    outer loop
      vertex 0.7347315653655915 1.7000000029802322 7.261271242968684
      vertex 0.7347315653655915 8.966911546300532 7.261271242968684
      vertex 0.7866504888122967 1.7000000029802322 7.221432451821213
    endloop
  endfacet
  facet normal -0.5664062369248309 2.6140104567323652e-19 -0.8241261886220169
    outer loop
      vertex 0.7347315653655915 1.7000000029802322 7.261271242968684
      vertex 0.6807987937687838 1.7000000029802322 7.29833820993178
      vertex 0.6807987937687838 8.971156147478982 7.29833820993178
    endloop
  endfacet
  facet normal -0.7604059656000299 0 -0.649448048330185
    outer loop
      vertex 0.9289310318467427 1.7000000029802322 7.086413257948573
      vertex 0.9289310318467427 8.951627716824035 7.086413257948573
      vertex 0.9714324518212136 1.7000000029802322 7.036650488812297
    endloop
  endfacet
  facet normal -0.7253743710122866 -1.4976100880373203e-19 -0.6883545756937551
    outer loop
      vertex 0.9289310318467427 1.7000000029802322 7.086413257948573
      vertex 0.8838834764831844 1.7000000029802322 7.133883476483184
      vertex 0.8838834764831844 8.955173036319424 7.133883476483184
    endloop
  endfacet
  facet normal -0.6883545756937516 0 -0.72537437101229
    outer loop
      vertex 0.8364132579485728 1.7000000029802322 7.1789310318467425
      vertex 0.8364132579485728 8.958909023541436 7.1789310318467425
      vertex 0.8838834764831844 1.7000000029802322 7.133883476483184
    endloop
  endfacet
  facet normal -0.6494480483301833 0 -0.7604059656000313
    outer loop
      vertex 0.7866504888122967 1.7000000029802322 7.221432451821213
      vertex 0.7866504888122967 8.96282543840878 7.221432451821213
      vertex 0.8364132579485728 1.7000000029802322 7.1789310318467425
    endloop
  endfacet
  facet normal -0.5224985647159462 0 -0.8526401643540938
    outer loop
      vertex 0.625 1.7000000029802322 7.332531754730548
      vertex 0.625 8.975547607787341 7.332531754730548
      vertex 0.6807987937687838 1.7000000029802322 7.29833820993178
    endloop
  endfacet
  facet normal -0.4771587602596156 0 -0.8788171126619615
    outer loop
      vertex 0.5674881246744335 1.7000000029802322 7.36375815523546
      vertex 0.5674881246744335 8.980073890538149 7.36375815523546
      vertex 0.625 1.7000000029802322 7.332531754730548
    endloop
  endfacet
  facet normal -0.4305110968082913 0 -0.9025852843498625
    outer loop
      vertex 0.5084208038447503 1.7000000029802322 7.391931822053251
      vertex 0.5084208038447503 8.984722589505001 7.391931822053251
      vertex 0.5674881246744335 1.7000000029802322 7.36375815523546
    endloop
  endfacet
  facet normal -0.38268343236509567 0 -0.9238795325112843
    outer loop
      vertex 0.44795993693162534 1.7000000029802322 7.416975533121502
      vertex 0.44795993693162534 8.98826975622537 7.416975533121502
      vertex 0.5084208038447503 1.7000000029802322 7.391931822053251
    endloop
  endfacet
  facet normal -0.23344536385590964 3.6536549099642936e-20 -0.9723699203976756
    outer loop
      vertex 0.3235238063781509 1.7000000029802322 7.457407282861335
      vertex 0.2598896135221992 1.7000000029802322 7.472684500917257
      vertex 0.2598896135221992 8.993194550963661 7.472684500917257
    endloop
  endfacet
  facet normal -0.28401534470391826 0 -0.9588197348681944
    outer loop
      vertex 0.3235238063781509 1.7000000029802322 7.457407282861335
      vertex 0.3235238063781509 8.991528230980416 7.457407282861335
      vertex 0.38627124296868426 1.7000000029802322 7.438820645368942
    endloop
  endfacet
  facet normal -0.02617694830788113 0 -0.999657324975557
    outer loop
      vertex 0 1.7000000029802322 7.5
      vertex 0 9 7.5
      vertex 0.0654199453036798 1.7000000029802322 7.498286918443217
    endloop
  endfacet
  facet normal -0.07845909572783706 0 -0.9969173337331286
    outer loop
      vertex 0.0654199453036798 1.7000000029802322 7.498286918443217
      vertex 0.0654199453036798 8.998286918443217 7.498286918443217
      vertex 0.13066057908456685 1.7000000029802322 7.493152369210342
    endloop
  endfacet
  facet normal -0.13052619222005576 0 -0.9914448613738098
    outer loop
      vertex 0.13066057908456685 1.7000000029802322 7.493152369210342
      vertex 0.13066057908456685 8.996578532323907 7.493152369210342
      vertex 0.19554308130028858 1.7000000029802322 7.484610425743922
    endloop
  endfacet
  facet normal -0.1822355254921423 0 -0.9832549075639555
    outer loop
      vertex 0.19554308130028858 1.7000000029802322 7.484610425743922
      vertex 0.19554308130028858 8.994879524209674 7.484610425743922
      vertex 0.2598896135221992 1.7000000029802322 7.472684500917257
    endloop
  endfacet
  facet normal -0.3338068592337695 0 -0.9426414910921789
    outer loop
      vertex 0.38627124296868426 1.7000000029802322 7.438820645368942
      vertex 0.38627124296868426 8.989885131527188 7.438820645368942
      vertex 0.44795993693162534 1.7000000029802322 7.416975533121502
    endloop
  endfacet
  facet normal -0.8788171126619647 0 -0.4771587602596097
    outer loop
      vertex 1.1137581552354598 1.7000000029802322 6.817488124674433
      vertex 1.0825317547305482 8.932031948409946 6.875
      vertex 1.1137581552354598 8.92792091479281 6.817488124674433
    endloop
  endfacet
  facet normal -0.8526401643540921 0 -0.5224985647159492
    outer loop
      vertex 1.0825317547305482 1.7000000029802322 6.875
      vertex 1.0483382099317802 8.936533613984071 6.930798793768783
      vertex 1.0825317547305482 8.932031948409946 6.875
    endloop
  endfacet
  facet normal -0.8241261886220186 0 -0.5664062369248284
    outer loop
      vertex 1.0483382099317802 1.7000000029802322 6.930798793768783
      vertex 1.0112712429686843 8.941413572762752 6.984731565365592
      vertex 1.0483382099317802 8.936533613984071 6.930798793768783
    endloop
  endfacet
  facet normal -0.7604059656000298 0 -0.649448048330185
    outer loop
      vertex 0.9714324518212136 1.7000000029802322 7.036650488812297
      vertex 0.9289310318467427 8.951627716824035 7.086413257948573
      vertex 0.9714324518212136 8.946658449118178 7.036650488812297
    endloop
  endfacet
  facet normal -0.7933533402912354 0 -0.6087614290087202
    outer loop
      vertex 1.0112712429686843 1.7000000029802322 6.984731565365592
      vertex 0.9714324518212136 8.946658449118178 7.036650488812297
      vertex 1.0112712429686843 8.941413572762752 6.984731565365592
    endloop
  endfacet
  facet normal -0.608761429008722 0 -0.7933533402912342
    outer loop
      vertex 0.7866504888122967 1.7000000029802322 7.221432451821213
      vertex 0.7347315653655915 8.966911546300532 7.261271242968684
      vertex 0.7866504888122967 8.96282543840878 7.221432451821213
    endloop
  endfacet
  facet normal -0.5664062369248309 0 -0.8241261886220169
    outer loop
      vertex 0.7347315653655915 1.7000000029802322 7.261271242968684
      vertex 0.6807987937687838 8.971156147478982 7.29833820993178
      vertex 0.7347315653655915 8.966911546300532 7.261271242968684
    endloop
  endfacet
  facet normal -0.7253743710122866 0 -0.688354575693755
    outer loop
      vertex 0.9289310318467427 1.7000000029802322 7.086413257948573
      vertex 0.8838834764831844 8.955173036319424 7.133883476483184
      vertex 0.9289310318467427 8.951627716824035 7.086413257948573
    endloop
  endfacet
  facet normal -0.6883545756937517 0 -0.72537437101229
    outer loop
      vertex 0.8838834764831844 1.7000000029802322 7.133883476483184
      vertex 0.8364132579485728 8.958909023541436 7.1789310318467425
      vertex 0.8838834764831844 8.955173036319424 7.133883476483184
    endloop
  endfacet
  facet normal -0.6494480483301832 0 -0.7604059656000314
    outer loop
      vertex 0.8364132579485728 1.7000000029802322 7.1789310318467425
      vertex 0.7866504888122967 8.96282543840878 7.221432451821213
      vertex 0.8364132579485728 8.958909023541436 7.1789310318467425
    endloop
  endfacet
  facet normal -0.760405965600009 4.2239165039756426e-13 -0.6494480483302094
    outer loop
      vertex 0.9407561694088813 8.950697058314459 7.072567800764722
      vertex 0.9714324518212136 8.946658449118178 7.036650488812297
      vertex 0.9289310318467427 8.951627716824035 7.086413257948573
    endloop
  endfacet
  facet normal -0.5224985647159462 0 -0.852640164354094
    outer loop
      vertex 0.6807987937687838 1.7000000029802322 7.29833820993178
      vertex 0.625 8.975547607787341 7.332531754730548
      vertex 0.6807987937687838 8.971156147478982 7.29833820993178
    endloop
  endfacet
  facet normal -0.4771587602596156 0 -0.8788171126619615
    outer loop
      vertex 0.625 1.7000000029802322 7.332531754730548
      vertex 0.5674881246744335 8.980073890538149 7.36375815523546
      vertex 0.625 8.975547607787341 7.332531754730548
    endloop
  endfacet
  facet normal -0.43051109680829125 0 -0.9025852843498624
    outer loop
      vertex 0.5674881246744335 1.7000000029802322 7.36375815523546
      vertex 0.5084208038447503 8.984722589505001 7.391931822053251
      vertex 0.5674881246744335 8.980073890538149 7.36375815523546
    endloop
  endfacet
  facet normal -0.38268343236509567 0 -0.9238795325112844
    outer loop
      vertex 0.5084208038447503 1.7000000029802322 7.391931822053251
      vertex 0.44795993693162534 8.98826975622537 7.416975533121502
      vertex 0.5084208038447503 8.984722589505001 7.391931822053251
    endloop
  endfacet
  facet normal -0.2840153447039183 0 -0.9588197348681944
    outer loop
      vertex 0.38627124296868426 1.7000000029802322 7.438820645368942
      vertex 0.3235238063781509 8.991528230980416 7.457407282861335
      vertex 0.38627124296868426 8.989885131527188 7.438820645368942
    endloop
  endfacet
  facet normal -0.18223552549214236 0 -0.9832549075639556
    outer loop
      vertex 0.2598896135221992 1.7000000029802322 7.472684500917257
      vertex 0.19554308130028858 8.994879524209674 7.484610425743922
      vertex 0.2598896135221992 8.993194550963661 7.472684500917257
    endloop
  endfacet
  facet normal -0.23344536385590967 0 -0.9723699203976757
    outer loop
      vertex 0.3235238063781509 1.7000000029802322 7.457407282861335
      vertex 0.2598896135221992 8.993194550963661 7.472684500917257
      vertex 0.3235238063781509 8.991528230980416 7.457407282861335
    endloop
  endfacet
  facet normal -0.02617694830788113 0 -0.9996573249755571
    outer loop
      vertex 0.0654199453036798 1.7000000029802322 7.498286918443217
      vertex 0 9 7.5
      vertex 0.0654199453036798 8.998286918443217 7.498286918443217
    endloop
  endfacet
  facet normal -0.07845909572783705 0 -0.9969173337331286
    outer loop
      vertex 0.13066057908456685 1.7000000029802322 7.493152369210342
      vertex 0.0654199453036798 8.998286918443217 7.498286918443217
      vertex 0.13066057908456685 8.996578532323907 7.493152369210342
    endloop
  endfacet
  facet normal -0.13052619222005574 0 -0.9914448613738098
    outer loop
      vertex 0.19554308130028858 1.7000000029802322 7.484610425743922
      vertex 0.13066057908456685 8.996578532323907 7.493152369210342
      vertex 0.19554308130028858 8.994879524209674 7.484610425743922
    endloop
  endfacet
  facet normal -0.3338068592337695 0 -0.9426414910921789
    outer loop
      vertex 0.44795993693162534 1.7000000029802322 7.416975533121502
      vertex 0.38627124296868426 8.989885131527188 7.438820645368942
      vertex 0.44795993693162534 8.98826975622537 7.416975533121502
    endloop
  endfacet
  facet normal -0.38268343236507674 3.7838622765287294e-13 -0.9238795325112922
    outer loop
      vertex 0.4710236061864945 8.987665812791164 7.407422248518048
      vertex 0.5084208038447503 8.984722589505001 7.391931822053251
      vertex 0.44795993693162534 8.98826975622537 7.416975533121502
    endloop
  endfacet
endsolid OpenSCAD_Model
