solid OpenSCAD_Model
  facet normal -0.7604059656000329 0.6494480483301813 0
    outer loop
      vertex -77.71459614569709 62.93203910498374 6
      vertex -74.31448254773943 66.91306063588583 6
      vertex -77.71459614569709 62.93203910498374 0
    endloop
  endfacet
  facet normal -0.8526401643540926 0.5224985647159481 2.8485798461645324e-18
    outer loop
      vertex -83.8670567945424 54.463903501502706 6
      vertex -86.60254037844386 50 0
      vertex -86.60254037844386 50 6
    endloop
  endfacet
  facet normal -0.8241261886220155 0.566406236924833 0
    outer loop
      vertex -83.8670567945424 54.463903501502706 6
      vertex -80.90169943749474 58.778525229247315 6
      vertex -83.8670567945424 54.463903501502706 0
    endloop
  endfacet
  facet normal -0.7933533402912344 0.6087614290087217 2.1866505510289652e-17
    outer loop
      vertex -77.71459614569709 62.93203910498374 6
      vertex -80.90169943749474 58.778525229247315 0
      vertex -80.90169943749474 58.778525229247315 6
    endloop
  endfacet
  facet normal -0.7604059656000329 0.6494480483301813 -2.365576539955069e-17
    outer loop
      vertex -77.71459614569709 62.93203910498374 0
      vertex -74.31448254773943 66.91306063588583 6
      vertex -74.31448254773943 66.91306063588583 0
    endloop
  endfacet
  facet normal -0.8241261886220155 0.566406236924833 0
    outer loop
      vertex -80.90169943749474 58.778525229247315 6
      vertex -80.90169943749474 58.778525229247315 0
      vertex -83.8670567945424 54.463903501502706 0
    endloop
  endfacet
  facet normal -0.8526401643540926 0.5224985647159481 0
    outer loop
      vertex -83.8670567945424 54.463903501502706 6
      vertex -83.8670567945424 54.463903501502706 0
      vertex -86.60254037844386 50 0
    endloop
  endfacet
  facet normal -0.7933533402912344 0.6087614290087217 0
    outer loop
      vertex -77.71459614569709 62.93203910498374 6
      vertex -77.71459614569709 62.93203910498374 0
      vertex -80.90169943749474 58.778525229247315 0
    endloop
  endfacet
  facet normal -0.6494480483301813 0.7604059656000329 0
    outer loop
      vertex -62.93203910498374 77.71459614569709 6
      vertex -62.93203910498374 77.71459614569709 0
      vertex -66.91306063588583 74.31448254773943 6
    endloop
  endfacet
  facet normal -0.6087614290087217 0.7933533402912344 2.1866505510289652e-17
    outer loop
      vertex -62.93203910498374 77.71459614569709 6
      vertex -58.778525229247315 80.90169943749474 6
      vertex -58.778525229247315 80.90169943749474 0
    endloop
  endfacet
  facet normal -0.566406236924833 0.8241261886220155 -1.6930228199515432e-17
    outer loop
      vertex -58.778525229247315 80.90169943749474 6
      vertex -54.463903501502706 83.8670567945424 6
      vertex -54.463903501502706 83.8670567945424 0
    endloop
  endfacet
  facet normal -0.5224985647159481 0.8526401643540926 2.8485798461645324e-18
    outer loop
      vertex -54.463903501502706 83.8670567945424 6
      vertex -50 86.60254037844386 6
      vertex -50 86.60254037844386 0
    endloop
  endfacet
  facet normal -0.6494480483301813 0.7604059656000329 -2.365576539955069e-17
    outer loop
      vertex -62.93203910498374 77.71459614569709 0
      vertex -66.91306063588583 74.31448254773943 0
      vertex -66.91306063588583 74.31448254773943 6
    endloop
  endfacet
  facet normal -0.566406236924833 0.8241261886220155 0
    outer loop
      vertex -58.778525229247315 80.90169943749474 6
      vertex -54.463903501502706 83.8670567945424 0
      vertex -58.778525229247315 80.90169943749474 0
    endloop
  endfacet
  facet normal -0.6087614290087217 0.7933533402912344 0
    outer loop
      vertex -62.93203910498374 77.71459614569709 6
      vertex -58.778525229247315 80.90169943749474 0
      vertex -62.93203910498374 77.71459614569709 0
    endloop
  endfacet
  facet normal -0.5224985647159481 0.8526401643540926 0
    outer loop
      vertex -54.463903501502706 83.8670567945424 6
      vertex -50 86.60254037844386 0
      vertex -54.463903501502706 83.8670567945424 0
    endloop
  endfacet
  facet normal -0.725374371012287 0.6883545756937548 -1.4288611146440264e-17
    outer loop
      vertex -70.71067811865476 70.71067811865476 6
      vertex -74.31448254773943 66.91306063588583 0
      vertex -74.31448254773943 66.91306063588583 6
    endloop
  endfacet
  facet normal -0.6883545756937548 0.725374371012287 -1.4288611146440264e-17
    outer loop
      vertex -70.71067811865476 70.71067811865476 6
      vertex -66.91306063588583 74.31448254773943 6
      vertex -66.91306063588583 74.31448254773943 0
    endloop
  endfacet
  facet normal -0.725374371012287 0.6883545756937548 0
    outer loop
      vertex -70.71067811865476 70.71067811865476 6
      vertex -70.71067811865476 70.71067811865476 0
      vertex -74.31448254773943 66.91306063588583 0
    endloop
  endfacet
  facet normal -0.6883545756937548 0.725374371012287 0
    outer loop
      vertex -70.71067811865476 70.71067811865476 6
      vertex -66.91306063588583 74.31448254773943 0
      vertex -70.71067811865476 70.71067811865476 0
    endloop
  endfacet
  facet normal -0.8788171126619649 0.4771587602596092 0
    outer loop
      vertex -89.10065241883679 45.39904997395468 6
      vertex -86.60254037844386 50 6
      vertex -89.10065241883679 45.39904997395468 0
    endloop
  endfacet
  facet normal -0.9025852843498615 0.4305110968082932 -2.6960033322110124e-17
    outer loop
      vertex -89.10065241883679 45.39904997395468 6
      vertex -91.35454576426008 40.67366430758002 0
      vertex -91.35454576426008 40.67366430758002 6
    endloop
  endfacet
  facet normal -0.942641491092179 0.3338068592337693 0
    outer loop
      vertex -95.10565162951535 30.901699437494738 6
      vertex -93.35804264972018 35.83679495453003 6
      vertex -95.10565162951535 30.901699437494738 0
    endloop
  endfacet
  facet normal -0.9588197348681928 0.2840153447039234 -9.681865087328056e-18
    outer loop
      vertex -95.10565162951535 30.901699437494738 6
      vertex -96.59258262890683 25.881904510252074 0
      vertex -96.59258262890683 25.881904510252074 6
    endloop
  endfacet
  facet normal -0.9238795325112861 0.3826834323650915 1.76272765309697e-17
    outer loop
      vertex -91.35454576426008 40.67366430758002 6
      vertex -93.35804264972018 35.83679495453003 0
      vertex -93.35804264972018 35.83679495453003 6
    endloop
  endfacet
  facet normal -0.9025852843498615 0.4305110968082932 0
    outer loop
      vertex -89.10065241883679 45.39904997395468 6
      vertex -89.10065241883679 45.39904997395468 0
      vertex -91.35454576426008 40.67366430758002 0
    endloop
  endfacet
  facet normal -0.9238795325112861 0.3826834323650915 0
    outer loop
      vertex -91.35454576426008 40.67366430758002 6
      vertex -91.35454576426008 40.67366430758002 0
      vertex -93.35804264972018 35.83679495453003 0
    endloop
  endfacet
  facet normal -0.942641491092179 0.3338068592337693 0
    outer loop
      vertex -93.35804264972018 35.83679495453003 6
      vertex -93.35804264972018 35.83679495453003 0
      vertex -95.10565162951535 30.901699437494738 0
    endloop
  endfacet
  facet normal -0.9588197348681928 0.2840153447039234 0
    outer loop
      vertex -95.10565162951535 30.901699437494738 6
      vertex -95.10565162951535 30.901699437494738 0
      vertex -96.59258262890683 25.881904510252074 0
    endloop
  endfacet
  facet normal -0.8788171126619649 0.4771587602596092 0
    outer loop
      vertex -86.60254037844386 50 6
      vertex -86.60254037844386 50 0
      vertex -89.10065241883679 45.39904997395468 0
    endloop
  endfacet
  facet normal 0 0 1
    outer loop
      vertex -89.10065241883679 45.39904997395468 6
      vertex -91.35454576426008 40.67366430758002 6
      vertex -89.10065241883679 -45.39904997395468 6
    endloop
  endfacet
  facet normal -0.9723699203976762 0.233445363855907 -1.0831187617808337e-17
    outer loop
      vertex -96.59258262890683 25.881904510252074 6
      vertex -97.81476007338057 20.791169081775934 0
      vertex -97.81476007338057 20.791169081775934 6
    endloop
  endfacet
  facet normal -0.9832549075639546 0.1822355254921477 -1.161687823165292e-18
    outer loop
      vertex -97.81476007338057 20.791169081775934 6
      vertex -98.76883405951378 15.643446504023087 0
      vertex -98.76883405951378 15.643446504023087 6
    endloop
  endfacet
  facet normal 0 0 1
    outer loop
      vertex -96.59258262890683 25.881904510252074 6
      vertex -97.81476007338057 20.791169081775934 6
      vertex -96.59258262890683 -25.881904510252074 6
    endloop
  endfacet
  facet normal 0 0 1
    outer loop
      vertex -95.10565162951535 30.901699437494738 6
      vertex -93.35804264972018 -35.83679495453003 6
      vertex -93.35804264972018 35.83679495453003 6
    endloop
  endfacet
  facet normal 0 0 1
    outer loop
      vertex -95.10565162951535 30.901699437494738 6
      vertex -96.59258262890683 25.881904510252074 6
      vertex -95.10565162951535 -30.901699437494738 6
    endloop
  endfacet
  facet normal 0 0 1
    outer loop
      vertex -98.76883405951378 15.643446504023087 6
      vertex -99.45218953682733 10.452846326765346 6
      vertex -98.76883405951378 -15.643446504023087 6
    endloop
  endfacet
  facet normal 0 0 1
    outer loop
      vertex -97.81476007338057 20.791169081775934 6
      vertex -98.76883405951378 15.643446504023087 6
      vertex -97.81476007338057 -20.791169081775934 6
    endloop
  endfacet
  facet normal 0 0 1
    outer loop
      vertex -99.45218953682733 10.452846326765346 6
      vertex -99.86295347545739 5.2335956242943835 6
      vertex -99.45218953682733 -10.452846326765346 6
    endloop
  endfacet
  facet normal 0 0 1
    outer loop
      vertex -91.35454576426008 40.67366430758002 6
      vertex -93.35804264972018 35.83679495453003 6
      vertex -91.35454576426008 -40.67366430758002 6
    endloop
  endfacet
  facet normal -0.9914448613738106 0.13052619222005035 -5.518437010841923e-18
    outer loop
      vertex -98.76883405951378 15.643446504023087 6
      vertex -99.45218953682733 10.452846326765346 0
      vertex -99.45218953682733 10.452846326765346 6
    endloop
  endfacet
  facet normal -0.996917333733128 0.07845909572784517 -6.7999819514731355e-18
    outer loop
      vertex -99.45218953682733 10.452846326765346 6
      vertex -99.86295347545739 5.2335956242943835 0
      vertex -99.86295347545739 5.2335956242943835 6
    endloop
  endfacet
  facet normal -0.9996573249755573 0.026176948307872993 -8.023306130217548e-19
    outer loop
      vertex -99.86295347545739 5.2335956242943835 6
      vertex -100 0 0
      vertex -100 0 6
    endloop
  endfacet
  facet normal 0 0 1
    outer loop
      vertex -83.8670567945424 54.463903501502706 6
      vertex -86.60254037844386 50 6
      vertex -83.8670567945424 -54.463903501502706 6
    endloop
  endfacet
  facet normal 0 0 1
    outer loop
      vertex -89.10065241883679 45.39904997395468 6
      vertex -86.60254037844386 -50 6
      vertex -86.60254037844386 50 6
    endloop
  endfacet
  facet normal 0 0 1
    outer loop
      vertex -83.8670567945424 54.463903501502706 6
      vertex -80.90169943749474 -58.778525229247315 6
      vertex -80.90169943749474 58.778525229247315 6
    endloop
  endfacet
  facet normal 0 0 1
    outer loop
      vertex -77.71459614569709 62.93203910498374 6
      vertex -80.90169943749474 58.778525229247315 6
      vertex -77.71459614569709 -62.93203910498374 6
    endloop
  endfacet
  facet normal 0 0 1
    outer loop
      vertex -77.71459614569709 62.93203910498374 6
      vertex -74.31448254773943 -66.91306063588583 6
      vertex -74.31448254773943 66.91306063588583 6
    endloop
  endfacet
  facet normal -0.9723699203976762 0.233445363855907 0
    outer loop
      vertex -96.59258262890683 25.881904510252074 6
      vertex -96.59258262890683 25.881904510252074 0
      vertex -97.81476007338057 20.791169081775934 0
    endloop
  endfacet
  facet normal -0.9832549075639546 0.1822355254921477 0
    outer loop
      vertex -97.81476007338057 20.791169081775934 6
      vertex -97.81476007338057 20.791169081775934 0
      vertex -98.76883405951378 15.643446504023087 0
    endloop
  endfacet
  facet normal -0.9914448613738106 0.13052619222005035 0
    outer loop
      vertex -98.76883405951378 15.643446504023087 6
      vertex -98.76883405951378 15.643446504023087 0
      vertex -99.45218953682733 10.452846326765346 0
    endloop
  endfacet
  facet normal 0 0 -1
    outer loop
      vertex -91.35454576426008 40.67366430758002 0
      vertex -93.35804264972018 -35.83679495453003 0
      vertex -93.35804264972018 35.83679495453003 0
    endloop
  endfacet
  facet normal 0 0 -1
    outer loop
      vertex -89.10065241883679 45.39904997395468 0
      vertex -86.60254037844386 50 0
      vertex -89.10065241883679 -45.39904997395468 0
    endloop
  endfacet
  facet normal 0 0 -1
    outer loop
      vertex -89.10065241883679 45.39904997395468 0
      vertex -91.35454576426008 -40.67366430758002 0
      vertex -91.35454576426008 40.67366430758002 0
    endloop
  endfacet
  facet normal -0.996917333733128 0.07845909572784517 0
    outer loop
      vertex -99.45218953682733 10.452846326765346 6
      vertex -99.45218953682733 10.452846326765346 0
      vertex -99.86295347545739 5.2335956242943835 0
    endloop
  endfacet
  facet normal -0.9996573249755573 0.026176948307872993 0
    outer loop
      vertex -99.86295347545739 5.2335956242943835 6
      vertex -99.86295347545739 5.2335956242943835 0
      vertex -100 0 0
    endloop
  endfacet
  facet normal 0 0 -1
    outer loop
      vertex -97.81476007338057 20.791169081775934 0
      vertex -98.76883405951378 -15.643446504023087 0
      vertex -98.76883405951378 15.643446504023087 0
    endloop
  endfacet
  facet normal 0 0 -1
    outer loop
      vertex -96.59258262890683 25.881904510252074 0
      vertex -97.81476007338057 -20.791169081775934 0
      vertex -97.81476007338057 20.791169081775934 0
    endloop
  endfacet
  facet normal 0 0 -1
    outer loop
      vertex -95.10565162951535 30.901699437494738 0
      vertex -96.59258262890683 -25.881904510252074 0
      vertex -96.59258262890683 25.881904510252074 0
    endloop
  endfacet
  facet normal 0 0 -1
    outer loop
      vertex -95.10565162951535 30.901699437494738 0
      vertex -93.35804264972018 35.83679495453003 0
      vertex -95.10565162951535 -30.901699437494738 0
    endloop
  endfacet
  facet normal 0 0 -1
    outer loop
      vertex -98.76883405951378 15.643446504023087 0
      vertex -99.45218953682733 -10.452846326765346 0
      vertex -99.45218953682733 10.452846326765346 0
    endloop
  endfacet
  facet normal 0 0 -1
    outer loop
      vertex -99.45218953682733 10.452846326765346 0
      vertex -99.86295347545739 -5.2335956242943835 0
      vertex -99.86295347545739 5.2335956242943835 0
    endloop
  endfacet
  facet normal 0 0 -1
    outer loop
      vertex -83.8670567945424 54.463903501502706 0
      vertex -80.90169943749474 58.778525229247315 0
      vertex -83.8670567945424 -54.463903501502706 0
    endloop
  endfacet
  facet normal 0 0 -1
    outer loop
      vertex -83.8670567945424 54.463903501502706 0
      vertex -86.60254037844386 -50 0
      vertex -86.60254037844386 50 0
    endloop
  endfacet
  facet normal 0 0 -1
    outer loop
      vertex -77.71459614569709 62.93203910498374 0
      vertex -80.90169943749474 -58.778525229247315 0
      vertex -80.90169943749474 58.778525229247315 0
    endloop
  endfacet
  facet normal 0 0 -1
    outer loop
      vertex -77.71459614569709 62.93203910498374 0
      vertex -74.31448254773943 66.91306063588583 0
      vertex -77.71459614569709 -62.93203910498374 0
    endloop
  endfacet
  facet normal 0 0 1
    outer loop
      vertex -62.93203910498374 77.71459614569709 6
      vertex -58.778525229247315 -80.90169943749474 6
      vertex -58.778525229247315 80.90169943749474 6
    endloop
  endfacet
  facet normal 0 0 1
    outer loop
      vertex -58.778525229247315 80.90169943749474 6
      vertex -54.463903501502706 -83.8670567945424 6
      vertex -54.463903501502706 83.8670567945424 6
    endloop
  endfacet
  facet normal 0 0 1
    outer loop
      vertex -54.463903501502706 83.8670567945424 6
      vertex -50 -86.60254037844386 6
      vertex -50 86.60254037844386 6
    endloop
  endfacet
  facet normal 0 0 -1
    outer loop
      vertex -62.93203910498374 77.71459614569709 0
      vertex -66.91306063588583 -74.31448254773943 0
      vertex -66.91306063588583 74.31448254773943 0
    endloop
  endfacet
  facet normal 0 0 -1
    outer loop
      vertex -62.93203910498374 77.71459614569709 0
      vertex -58.778525229247315 80.90169943749474 0
      vertex -62.93203910498374 -77.71459614569709 0
    endloop
  endfacet
  facet normal 0 0 -1
    outer loop
      vertex -58.778525229247315 80.90169943749474 0
      vertex -54.463903501502706 83.8670567945424 0
      vertex -58.778525229247315 -80.90169943749474 0
    endloop
  endfacet
  facet normal 0 0 -1
    outer loop
      vertex -54.463903501502706 83.8670567945424 0
      vertex -50 86.60254037844386 0
      vertex -54.463903501502706 -83.8670567945424 0
    endloop
  endfacet
  facet normal 0 0 1
    outer loop
      vertex -70.71067811865476 70.71067811865476 6
      vertex -74.31448254773943 66.91306063588583 6
      vertex -70.71067811865476 -70.71067811865476 6
    endloop
  endfacet
  facet normal 0 0 1
    outer loop
      vertex -70.71067811865476 70.71067811865476 6
      vertex -66.91306063588583 -74.31448254773943 6
      vertex -66.91306063588583 74.31448254773943 6
    endloop
  endfacet
  facet normal 0 0 1
    outer loop
      vertex -62.93203910498374 77.71459614569709 6
      vertex -66.91306063588583 74.31448254773943 6
      vertex -62.93203910498374 -77.71459614569709 6
    endloop
  endfacet
  facet normal 0 0 -1
    outer loop
      vertex -70.71067811865476 70.71067811865476 0
      vertex -74.31448254773943 -66.91306063588583 0
      vertex -74.31448254773943 66.91306063588583 0
    endloop
  endfacet
  facet normal 0 0 -1
    outer loop
      vertex -70.71067811865476 70.71067811865476 0
      vertex -66.91306063588583 74.31448254773943 0
      vertex -70.71067811865476 -70.71067811865476 0
    endloop
  endfacet
  facet normal -0.4771587602596092 0.8788171126619649 0
    outer loop
      vertex -45.39904997395468 89.10065241883679 6
      vertex -45.39904997395468 89.10065241883679 0
      vertex -50 86.60254037844386 6
    endloop
  endfacet
  facet normal -0.4305110968082932 0.9025852843498615 -2.6960033322110124e-17
    outer loop
      vertex -45.39904997395468 89.10065241883679 6
      vertex -40.67366430758002 91.35454576426008 6
      vertex -40.67366430758002 91.35454576426008 0
    endloop
  endfacet
  facet normal -0.3338068592337693 0.942641491092179 1.886948968724389e-17
    outer loop
      vertex -35.83679495453003 93.35804264972018 6
      vertex -30.901699437494738 95.10565162951535 6
      vertex -30.901699437494738 95.10565162951535 0
    endloop
  endfacet
  facet normal -0.3826834323650915 0.9238795325112861 1.76272765309697e-17
    outer loop
      vertex -40.67366430758002 91.35454576426008 6
      vertex -35.83679495453003 93.35804264972018 6
      vertex -35.83679495453003 93.35804264972018 0
    endloop
  endfacet
  facet normal -0.2840153447039234 0.9588197348681928 -9.681865087328056e-18
    outer loop
      vertex -30.901699437494738 95.10565162951535 6
      vertex -25.881904510252074 96.59258262890683 6
      vertex -25.881904510252074 96.59258262890683 0
    endloop
  endfacet
  facet normal -0.4305110968082932 0.9025852843498615 0
    outer loop
      vertex -45.39904997395468 89.10065241883679 6
      vertex -40.67366430758002 91.35454576426008 0
      vertex -45.39904997395468 89.10065241883679 0
    endloop
  endfacet
  facet normal -0.3826834323650915 0.9238795325112861 0
    outer loop
      vertex -40.67366430758002 91.35454576426008 6
      vertex -35.83679495453003 93.35804264972018 0
      vertex -40.67366430758002 91.35454576426008 0
    endloop
  endfacet
  facet normal -0.4771587602596092 0.8788171126619649 0
    outer loop
      vertex -50 86.60254037844386 6
      vertex -45.39904997395468 89.10065241883679 0
      vertex -50 86.60254037844386 0
    endloop
  endfacet
  facet normal -0.3338068592337693 0.942641491092179 0
    outer loop
      vertex -35.83679495453003 93.35804264972018 6
      vertex -30.901699437494738 95.10565162951535 0
      vertex -35.83679495453003 93.35804264972018 0
    endloop
  endfacet
  facet normal -0.2840153447039234 0.9588197348681928 0
    outer loop
      vertex -30.901699437494738 95.10565162951535 6
      vertex -25.881904510252074 96.59258262890683 0
      vertex -30.901699437494738 95.10565162951535 0
    endloop
  endfacet
  facet normal -0.233445363855907 0.9723699203976762 -1.0831187617808337e-17
    outer loop
      vertex -25.881904510252074 96.59258262890683 6
      vertex -20.791169081775934 97.81476007338057 6
      vertex -20.791169081775934 97.81476007338057 0
    endloop
  endfacet
  facet normal -0.1822355254921477 0.9832549075639546 -1.161687823165292e-18
    outer loop
      vertex -20.791169081775934 97.81476007338057 6
      vertex -15.643446504023087 98.76883405951378 6
      vertex -15.643446504023087 98.76883405951378 0
    endloop
  endfacet
  facet normal -0.13052619222005035 0.9914448613738106 -5.518437010841923e-18
    outer loop
      vertex -15.643446504023087 98.76883405951378 6
      vertex -10.452846326765346 99.45218953682733 6
      vertex -10.452846326765346 99.45218953682733 0
    endloop
  endfacet
  facet normal -0.07845909572784517 0.996917333733128 -6.7999819514731355e-18
    outer loop
      vertex -10.452846326765346 99.45218953682733 6
      vertex -5.2335956242943835 99.86295347545739 6
      vertex -5.2335956242943835 99.86295347545739 0
    endloop
  endfacet
  facet normal -0.026176948307872993 0.9996573249755573 -8.023306130217548e-19
    outer loop
      vertex -5.2335956242943835 99.86295347545739 6
      vertex 0 100 6
      vertex 0 100 0
    endloop
  endfacet
  facet normal -0.233445363855907 0.9723699203976762 0
    outer loop
      vertex -25.881904510252074 96.59258262890683 6
      vertex -20.791169081775934 97.81476007338057 0
      vertex -25.881904510252074 96.59258262890683 0
    endloop
  endfacet
  facet normal -0.1822355254921477 0.9832549075639546 0
    outer loop
      vertex -20.791169081775934 97.81476007338057 6
      vertex -15.643446504023087 98.76883405951378 0
      vertex -20.791169081775934 97.81476007338057 0
    endloop
  endfacet
  facet normal -0.13052619222005035 0.9914448613738106 0
    outer loop
      vertex -15.643446504023087 98.76883405951378 6
      vertex -10.452846326765346 99.45218953682733 0
      vertex -15.643446504023087 98.76883405951378 0
    endloop
  endfacet
  facet normal -0.07845909572784517 0.996917333733128 0
    outer loop
      vertex -10.452846326765346 99.45218953682733 6
      vertex -5.2335956242943835 99.86295347545739 0
      vertex -10.452846326765346 99.45218953682733 0
    endloop
  endfacet
  facet normal -0.026176948307872993 0.9996573249755573 0
    outer loop
      vertex -5.2335956242943835 99.86295347545739 6
      vertex 0 100 0
      vertex -5.2335956242943835 99.86295347545739 0
    endloop
  endfacet
  facet normal 0 0 1
    outer loop
      vertex -10.452846326765346 99.45218953682733 6
      vertex -4.901751315135244 7.548035111508817 6
      vertex -5.2335956242943835 99.86295347545739 6
    endloop
  endfacet
  facet normal 0 0 1
    outer loop
      vertex -5.2335956242943835 99.86295347545739 6
      vertex 0 9 6
      vertex 0 100 6
    endloop
  endfacet
  facet normal 0 0 1
    outer loop
      vertex -45.39904997395468 89.10065241883679 6
      vertex -50 86.60254037844386 6
      vertex -45.39904997395468 -89.10065241883679 6
    endloop
  endfacet
  facet normal 0 0 1
    outer loop
      vertex -45.39904997395468 89.10065241883679 6
      vertex -40.67366430758002 -91.35454576426008 6
      vertex -40.67366430758002 91.35454576426008 6
    endloop
  endfacet
  facet normal 0 0 1
    outer loop
      vertex -40.67366430758002 91.35454576426008 6
      vertex -35.83679495453003 -93.35804264972018 6
      vertex -35.83679495453003 93.35804264972018 6
    endloop
  endfacet
  facet normal 0 0 1
    outer loop
      vertex -35.83679495453003 93.35804264972018 6
      vertex -30.901699437494738 -95.10565162951535 6
      vertex -30.901699437494738 95.10565162951535 6
    endloop
  endfacet
  facet normal 0 0 1
    outer loop
      vertex -30.901699437494738 95.10565162951535 6
      vertex -25.881904510252074 -96.59258262890683 6
      vertex -25.881904510252074 96.59258262890683 6
    endloop
  endfacet
  facet normal 0 0 -1
    outer loop
      vertex -45.39904997395468 89.10065241883679 0
      vertex -50 -86.60254037844386 0
      vertex -50 86.60254037844386 0
    endloop
  endfacet
  facet normal 0 0 -1
    outer loop
      vertex -45.39904997395468 89.10065241883679 0
      vertex -40.67366430758002 91.35454576426008 0
      vertex -45.39904997395468 -89.10065241883679 0
    endloop
  endfacet
  facet normal 0 0 -1
    outer loop
      vertex -40.67366430758002 91.35454576426008 0
      vertex -35.83679495453003 93.35804264972018 0
      vertex -40.67366430758002 -91.35454576426008 0
    endloop
  endfacet
  facet normal 0 0 -1
    outer loop
      vertex -35.83679495453003 93.35804264972018 0
      vertex -30.901699437494738 95.10565162951535 0
      vertex -35.83679495453003 -93.35804264972018 0
    endloop
  endfacet
  facet normal 0 0 -1
    outer loop
      vertex -30.901699437494738 95.10565162951535 0
      vertex -25.881904510252074 96.59258262890683 0
      vertex -30.901699437494738 -95.10565162951535 0
    endloop
  endfacet
  facet normal 0 0 1
    outer loop
      vertex -25.881904510252074 96.59258262890683 6
      vertex -20.791169081775934 -97.81476007338057 6
      vertex -20.791169081775934 97.81476007338057 6
    endloop
  endfacet
  facet normal 0 0 1
    outer loop
      vertex -20.791169081775934 97.81476007338057 6
      vertex -15.643446504023087 -98.76883405951378 6
      vertex -15.643446504023087 98.76883405951378 6
    endloop
  endfacet
  facet normal 0 0 1
    outer loop
      vertex -10.452846326765346 99.45218953682733 6
      vertex -6.3639610306789285 6.3639610306789285 6
      vertex -6.022175457229724 6.688303429296548 6
    endloop
  endfacet
  facet normal 0 0 1
    outer loop
      vertex -10.452846326765346 99.45218953682733 6
      vertex -5.663883519448537 6.994313653112738 6
      vertex -5.2900672706322585 7.281152949374527 6
    endloop
  endfacet
  facet normal 0 0 1
    outer loop
      vertex -10.452846326765346 99.45218953682733 6
      vertex -6.022175457229724 6.688303429296548 6
      vertex -5.663883519448537 6.994313653112738 6
    endloop
  endfacet
  facet normal 0 0 1
    outer loop
      vertex -10.452846326765346 99.45218953682733 6
      vertex -5.2900672706322585 7.281152949374527 6
      vertex -4.901751315135244 7.548035111508817 6
    endloop
  endfacet
  facet normal 0 0 1
    outer loop
      vertex -5.2335956242943835 99.86295347545739 6
      vertex -4.901751315135244 7.548035111508817 6
      vertex -4.5 7.794228634059947 6
    endloop
  endfacet
  facet normal 0 0 1
    outer loop
      vertex -5.2335956242943835 99.86295347545739 6
      vertex -2.3293714059226867 8.693332436601615 6
      vertex -1.8712052173598341 8.803328406604251 6
    endloop
  endfacet
  facet normal 0 0 1
    outer loop
      vertex -5.2335956242943835 99.86295347545739 6
      vertex -4.085914497655922 8.01905871769531 6
      vertex -3.660629787682202 8.221909118783408 6
    endloop
  endfacet
  facet normal 0 0 1
    outer loop
      vertex -5.2335956242943835 99.86295347545739 6
      vertex -4.5 7.794228634059947 6
      vertex -4.085914497655922 8.01905871769531 6
    endloop
  endfacet
  facet normal 0 0 1
    outer loop
      vertex -5.2335956242943835 99.86295347545739 6
      vertex -3.660629787682202 8.221909118783408 6
      vertex -3.2253115459077026 8.402223838474816 6
    endloop
  endfacet
  facet normal 0 0 1
    outer loop
      vertex -5.2335956242943835 99.86295347545739 6
      vertex -3.2253115459077026 8.402223838474816 6
      vertex -2.7811529493745266 8.559508646656381 6
    endloop
  endfacet
  facet normal 0 0 1
    outer loop
      vertex -5.2335956242943835 99.86295347545739 6
      vertex -2.7811529493745266 8.559508646656381 6
      vertex -2.3293714059226867 8.693332436601615 6
    endloop
  endfacet
  facet normal 0 0 1
    outer loop
      vertex -5.2335956242943835 99.86295347545739 6
      vertex -1.8712052173598341 8.803328406604251 6
      vertex -1.407910185362078 8.88919506535624 6
    endloop
  endfacet
  facet normal 0 0 1
    outer loop
      vertex -5.2335956242943835 99.86295347545739 6
      vertex -1.407910185362078 8.88919506535624 6
      vertex -0.9407561694088813 8.950697058314459 6
    endloop
  endfacet
  facet normal 0 0 1
    outer loop
      vertex -5.2335956242943835 99.86295347545739 6
      vertex -0.9407561694088813 8.950697058314459 6
      vertex -0.4710236061864945 8.987665812791164 6
    endloop
  endfacet
  facet normal 0 0 1
    outer loop
      vertex -5.2335956242943835 99.86295347545739 6
      vertex -0.4710236061864945 8.987665812791164 6
      vertex 0 9 6
    endloop
  endfacet
  facet normal 0 0 1
    outer loop
      vertex -15.643446504023087 98.76883405951378 6
      vertex -10.452846326765346 -99.45218953682733 6
      vertex -10.452846326765346 99.45218953682733 6
    endloop
  endfacet
  facet normal 0 0 1
    outer loop
      vertex -10.452846326765346 99.45218953682733 6
      vertex -8.88919506535624 1.407910185362078 6
      vertex -8.803328406604251 1.8712052173598341 6
    endloop
  endfacet
  facet normal 0 0 1
    outer loop
      vertex -10.452846326765346 99.45218953682733 6
      vertex -8.950697058314459 0.9407561694088813 6
      vertex -8.88919506535624 1.407910185362078 6
    endloop
  endfacet
  facet normal 0 0 1
    outer loop
      vertex -10.452846326765346 99.45218953682733 6
      vertex -8.987665812791164 0.4710236061864945 6
      vertex -8.950697058314459 0.9407561694088813 6
    endloop
  endfacet
  facet normal 0 0 1
    outer loop
      vertex -10.452846326765346 99.45218953682733 6
      vertex -9 0 6
      vertex -8.987665812791164 0.4710236061864945 6
    endloop
  endfacet
  facet normal 0 0 1
    outer loop
      vertex -10.452846326765346 99.45218953682733 6
      vertex -7.794228634059947 4.5 6
      vertex -7.548035111508817 4.901751315135244 6
    endloop
  endfacet
  facet normal 0 0 1
    outer loop
      vertex -10.452846326765346 99.45218953682733 6
      vertex -8.01905871769531 4.085914497655922 6
      vertex -7.794228634059947 4.5 6
    endloop
  endfacet
  facet normal 0 0 1
    outer loop
      vertex -10.452846326765346 99.45218953682733 6
      vertex -7.281152949374527 5.2900672706322585 6
      vertex -6.994313653112738 5.663883519448537 6
    endloop
  endfacet
  facet normal 0 0 1
    outer loop
      vertex -10.452846326765346 99.45218953682733 6
      vertex -6.688303429296548 6.022175457229724 6
      vertex -6.3639610306789285 6.3639610306789285 6
    endloop
  endfacet
  facet normal 0 0 1
    outer loop
      vertex -10.452846326765346 99.45218953682733 6
      vertex -6.994313653112738 5.663883519448537 6
      vertex -6.688303429296548 6.022175457229724 6
    endloop
  endfacet
  facet normal 0 0 1
    outer loop
      vertex -10.452846326765346 99.45218953682733 6
      vertex -7.548035111508817 4.901751315135244 6
      vertex -7.281152949374527 5.2900672706322585 6
    endloop
  endfacet
  facet normal 0 0 1
    outer loop
      vertex -10.452846326765346 99.45218953682733 6
      vertex -8.402223838474816 3.2253115459077026 6
      vertex -8.221909118783408 3.660629787682202 6
    endloop
  endfacet
  facet normal 0 0 1
    outer loop
      vertex -10.452846326765346 99.45218953682733 6
      vertex -8.221909118783408 3.660629787682202 6
      vertex -8.01905871769531 4.085914497655922 6
    endloop
  endfacet
  facet normal 0 0 1
    outer loop
      vertex -10.452846326765346 99.45218953682733 6
      vertex -8.693332436601615 2.3293714059226867 6
      vertex -8.559508646656381 2.7811529493745266 6
    endloop
  endfacet
  facet normal 0 0 1
    outer loop
      vertex -10.452846326765346 99.45218953682733 6
      vertex -8.559508646656381 2.7811529493745266 6
      vertex -8.402223838474816 3.2253115459077026 6
    endloop
  endfacet
  facet normal 0 0 1
    outer loop
      vertex -10.452846326765346 99.45218953682733 6
      vertex -8.803328406604251 1.8712052173598341 6
      vertex -8.693332436601615 2.3293714059226867 6
    endloop
  endfacet
  facet normal 0 0 -1
    outer loop
      vertex -25.881904510252074 96.59258262890683 0
      vertex -20.791169081775934 97.81476007338057 0
      vertex -25.881904510252074 -96.59258262890683 0
    endloop
  endfacet
  facet normal 0 0 -1
    outer loop
      vertex -20.791169081775934 97.81476007338057 0
      vertex -15.643446504023087 98.76883405951378 0
      vertex -20.791169081775934 -97.81476007338057 0
    endloop
  endfacet
  facet normal 0 0 -1
    outer loop
      vertex -15.643446504023087 98.76883405951378 0
      vertex -10.452846326765346 99.45218953682733 0
      vertex -15.643446504023087 -98.76883405951378 0
    endloop
  endfacet
  facet normal 0 0 -1
    outer loop
      vertex -10.452846326765346 99.45218953682733 0
      vertex -5.2335956242943835 99.86295347545739 0
      vertex -10.452846326765346 -99.45218953682733 0
    endloop
  endfacet
  facet normal 0 0 -1
    outer loop
      vertex -5.2335956242943835 99.86295347545739 0
      vertex 0 100 0
      vertex -5.2335956242943835 -99.86295347545739 0
    endloop
  endfacet
  facet normal 0 0 1
    outer loop
      vertex -99.86295347545739 5.2335956242943835 6
      vertex -100 0 6
      vertex -99.86295347545739 -5.2335956242943835 6
    endloop
  endfacet
  facet normal 0 0 1
    outer loop
      vertex -99.86295347545739 5.2335956242943835 6
      vertex -99.86295347545739 -5.2335956242943835 6
      vertex -99.45218953682733 -10.452846326765346 6
    endloop
  endfacet
  facet normal 0 0 1
    outer loop
      vertex -99.45218953682733 10.452846326765346 6
      vertex -99.45218953682733 -10.452846326765346 6
      vertex -98.76883405951378 -15.643446504023087 6
    endloop
  endfacet
  facet normal 0 0 1
    outer loop
      vertex -98.76883405951378 15.643446504023087 6
      vertex -98.76883405951378 -15.643446504023087 6
      vertex -97.81476007338057 -20.791169081775934 6
    endloop
  endfacet
  facet normal 0 0 1
    outer loop
      vertex -97.81476007338057 20.791169081775934 6
      vertex -97.81476007338057 -20.791169081775934 6
      vertex -96.59258262890683 -25.881904510252074 6
    endloop
  endfacet
  facet normal 0 0 1
    outer loop
      vertex -96.59258262890683 25.881904510252074 6
      vertex -96.59258262890683 -25.881904510252074 6
      vertex -95.10565162951535 -30.901699437494738 6
    endloop
  endfacet
  facet normal 0 0 1
    outer loop
      vertex -95.10565162951535 30.901699437494738 6
      vertex -95.10565162951535 -30.901699437494738 6
      vertex -93.35804264972018 -35.83679495453003 6
    endloop
  endfacet
  facet normal -0.9996573249755573 -0.026176948307872993 8.023306130217548e-19
    outer loop
      vertex -100 0 6
      vertex -99.86295347545739 -5.2335956242943835 0
      vertex -99.86295347545739 -5.2335956242943835 6
    endloop
  endfacet
  facet normal -0.996917333733128 -0.07845909572784517 6.7999819514731355e-18
    outer loop
      vertex -99.86295347545739 -5.2335956242943835 6
      vertex -99.45218953682733 -10.452846326765346 0
      vertex -99.45218953682733 -10.452846326765346 6
    endloop
  endfacet
  facet normal 0 0 1
    outer loop
      vertex -93.35804264972018 35.83679495453003 6
      vertex -93.35804264972018 -35.83679495453003 6
      vertex -91.35454576426008 -40.67366430758002 6
    endloop
  endfacet
  facet normal 0 0 1
    outer loop
      vertex -91.35454576426008 40.67366430758002 6
      vertex -91.35454576426008 -40.67366430758002 6
      vertex -89.10065241883679 -45.39904997395468 6
    endloop
  endfacet
  facet normal 0 0 1
    outer loop
      vertex -89.10065241883679 45.39904997395468 6
      vertex -89.10065241883679 -45.39904997395468 6
      vertex -86.60254037844386 -50 6
    endloop
  endfacet
  facet normal -0.9914448613738106 -0.13052619222005035 5.518437010841923e-18
    outer loop
      vertex -99.45218953682733 -10.452846326765346 6
      vertex -98.76883405951378 -15.643446504023087 0
      vertex -98.76883405951378 -15.643446504023087 6
    endloop
  endfacet
  facet normal -0.9832549075639546 -0.1822355254921477 1.161687823165292e-18
    outer loop
      vertex -98.76883405951378 -15.643446504023087 6
      vertex -97.81476007338057 -20.791169081775934 0
      vertex -97.81476007338057 -20.791169081775934 6
    endloop
  endfacet
  facet normal -0.9723699203976762 -0.233445363855907 1.0831187617808337e-17
    outer loop
      vertex -97.81476007338057 -20.791169081775934 6
      vertex -96.59258262890683 -25.881904510252074 0
      vertex -96.59258262890683 -25.881904510252074 6
    endloop
  endfacet
  facet normal 0 0 1
    outer loop
      vertex -86.60254037844386 50 6
      vertex -86.60254037844386 -50 6
      vertex -83.8670567945424 -54.463903501502706 6
    endloop
  endfacet
  facet normal 0 0 1
    outer loop
      vertex -83.8670567945424 54.463903501502706 6
      vertex -83.8670567945424 -54.463903501502706 6
      vertex -80.90169943749474 -58.778525229247315 6
    endloop
  endfacet
  facet normal 0 0 1
    outer loop
      vertex -80.90169943749474 58.778525229247315 6
      vertex -80.90169943749474 -58.778525229247315 6
      vertex -77.71459614569709 -62.93203910498374 6
    endloop
  endfacet
  facet normal 0 0 1
    outer loop
      vertex -77.71459614569709 62.93203910498374 6
      vertex -77.71459614569709 -62.93203910498374 6
      vertex -74.31448254773943 -66.91306063588583 6
    endloop
  endfacet
  facet normal -0.9996573249755573 -0.026176948307872993 0
    outer loop
      vertex -100 0 6
      vertex -100 0 0
      vertex -99.86295347545739 -5.2335956242943835 0
    endloop
  endfacet
  facet normal -0.996917333733128 -0.07845909572784517 0
    outer loop
      vertex -99.86295347545739 -5.2335956242943835 6
      vertex -99.86295347545739 -5.2335956242943835 0
      vertex -99.45218953682733 -10.452846326765346 0
    endloop
  endfacet
  facet normal -0.9914448613738106 -0.13052619222005035 0
    outer loop
      vertex -99.45218953682733 -10.452846326765346 6
      vertex -99.45218953682733 -10.452846326765346 0
      vertex -98.76883405951378 -15.643446504023087 0
    endloop
  endfacet
  facet normal 0 0 -1
    outer loop
      vertex -99.86295347545739 5.2335956242943835 0
      vertex -99.86295347545739 -5.2335956242943835 0
      vertex -100 0 0
    endloop
  endfacet
  facet normal 0 0 -1
    outer loop
      vertex -99.45218953682733 10.452846326765346 0
      vertex -99.45218953682733 -10.452846326765346 0
      vertex -99.86295347545739 -5.2335956242943835 0
    endloop
  endfacet
  facet normal 0 0 -1
    outer loop
      vertex -98.76883405951378 15.643446504023087 0
      vertex -98.76883405951378 -15.643446504023087 0
      vertex -99.45218953682733 -10.452846326765346 0
    endloop
  endfacet
  facet normal 0 0 -1
    outer loop
      vertex -97.81476007338057 20.791169081775934 0
      vertex -97.81476007338057 -20.791169081775934 0
      vertex -98.76883405951378 -15.643446504023087 0
    endloop
  endfacet
  facet normal 0 0 -1
    outer loop
      vertex -96.59258262890683 25.881904510252074 0
      vertex -96.59258262890683 -25.881904510252074 0
      vertex -97.81476007338057 -20.791169081775934 0
    endloop
  endfacet
  facet normal 0 0 -1
    outer loop
      vertex -95.10565162951535 30.901699437494738 0
      vertex -95.10565162951535 -30.901699437494738 0
      vertex -96.59258262890683 -25.881904510252074 0
    endloop
  endfacet
  facet normal 0 0 -1
    outer loop
      vertex -93.35804264972018 35.83679495453003 0
      vertex -93.35804264972018 -35.83679495453003 0
      vertex -95.10565162951535 -30.901699437494738 0
    endloop
  endfacet
  facet normal 0 0 -1
    outer loop
      vertex -91.35454576426008 40.67366430758002 0
      vertex -91.35454576426008 -40.67366430758002 0
      vertex -93.35804264972018 -35.83679495453003 0
    endloop
  endfacet
  facet normal -0.9832549075639546 -0.1822355254921477 0
    outer loop
      vertex -98.76883405951378 -15.643446504023087 6
      vertex -98.76883405951378 -15.643446504023087 0
      vertex -97.81476007338057 -20.791169081775934 0
    endloop
  endfacet
  facet normal -0.9723699203976762 -0.233445363855907 0
    outer loop
      vertex -97.81476007338057 -20.791169081775934 6
      vertex -97.81476007338057 -20.791169081775934 0
      vertex -96.59258262890683 -25.881904510252074 0
    endloop
  endfacet
  facet normal 0 0 -1
    outer loop
      vertex -89.10065241883679 45.39904997395468 0
      vertex -89.10065241883679 -45.39904997395468 0
      vertex -91.35454576426008 -40.67366430758002 0
    endloop
  endfacet
  facet normal 0 0 -1
    outer loop
      vertex -86.60254037844386 50 0
      vertex -86.60254037844386 -50 0
      vertex -89.10065241883679 -45.39904997395468 0
    endloop
  endfacet
  facet normal 0 0 -1
    outer loop
      vertex -83.8670567945424 54.463903501502706 0
      vertex -83.8670567945424 -54.463903501502706 0
      vertex -86.60254037844386 -50 0
    endloop
  endfacet
  facet normal 0 0 -1
    outer loop
      vertex -80.90169943749474 58.778525229247315 0
      vertex -80.90169943749474 -58.778525229247315 0
      vertex -83.8670567945424 -54.463903501502706 0
    endloop
  endfacet
  facet normal 0 0 -1
    outer loop
      vertex -77.71459614569709 62.93203910498374 0
      vertex -77.71459614569709 -62.93203910498374 0
      vertex -80.90169943749474 -58.778525229247315 0
    endloop
  endfacet
  facet normal 0 0 -1
    outer loop
      vertex -74.31448254773943 66.91306063588583 0
      vertex -74.31448254773943 -66.91306063588583 0
      vertex -77.71459614569709 -62.93203910498374 0
    endloop
  endfacet
  facet normal -0.9588197348681928 -0.2840153447039234 9.681865087328056e-18
    outer loop
      vertex -96.59258262890683 -25.881904510252074 6
      vertex -95.10565162951535 -30.901699437494738 0
      vertex -95.10565162951535 -30.901699437494738 6
    endloop
  endfacet
  facet normal -0.942641491092179 -0.3338068592337693 -1.886948968724389e-17
    outer loop
      vertex -95.10565162951535 -30.901699437494738 6
      vertex -93.35804264972018 -35.83679495453003 0
      vertex -93.35804264972018 -35.83679495453003 6
    endloop
  endfacet
  facet normal -0.9238795325112861 -0.3826834323650915 -1.76272765309697e-17
    outer loop
      vertex -93.35804264972018 -35.83679495453003 6
      vertex -91.35454576426008 -40.67366430758002 0
      vertex -91.35454576426008 -40.67366430758002 6
    endloop
  endfacet
  facet normal -0.9025852843498615 -0.4305110968082932 2.6960033322110124e-17
    outer loop
      vertex -91.35454576426008 -40.67366430758002 6
      vertex -89.10065241883679 -45.39904997395468 0
      vertex -89.10065241883679 -45.39904997395468 6
    endloop
  endfacet
  facet normal -0.8788171126619649 -0.4771587602596092 1.595127871172929e-17
    outer loop
      vertex -89.10065241883679 -45.39904997395468 6
      vertex -86.60254037844386 -50 0
      vertex -86.60254037844386 -50 6
    endloop
  endfacet
  facet normal -0.9588197348681928 -0.2840153447039234 0
    outer loop
      vertex -96.59258262890683 -25.881904510252074 6
      vertex -96.59258262890683 -25.881904510252074 0
      vertex -95.10565162951535 -30.901699437494738 0
    endloop
  endfacet
  facet normal -0.942641491092179 -0.3338068592337693 0
    outer loop
      vertex -95.10565162951535 -30.901699437494738 6
      vertex -95.10565162951535 -30.901699437494738 0
      vertex -93.35804264972018 -35.83679495453003 0
    endloop
  endfacet
  facet normal -0.9238795325112861 -0.3826834323650915 0
    outer loop
      vertex -93.35804264972018 -35.83679495453003 6
      vertex -93.35804264972018 -35.83679495453003 0
      vertex -91.35454576426008 -40.67366430758002 0
    endloop
  endfacet
  facet normal -0.9025852843498615 -0.4305110968082932 0
    outer loop
      vertex -91.35454576426008 -40.67366430758002 6
      vertex -91.35454576426008 -40.67366430758002 0
      vertex -89.10065241883679 -45.39904997395468 0
    endloop
  endfacet
  facet normal -0.8788171126619649 -0.4771587602596092 0
    outer loop
      vertex -89.10065241883679 -45.39904997395468 6
      vertex -89.10065241883679 -45.39904997395468 0
      vertex -86.60254037844386 -50 0
    endloop
  endfacet
  facet normal 0 0 1
    outer loop
      vertex -74.31448254773943 66.91306063588583 6
      vertex -74.31448254773943 -66.91306063588583 6
      vertex -70.71067811865476 -70.71067811865476 6
    endloop
  endfacet
  facet normal 0 0 1
    outer loop
      vertex -70.71067811865476 70.71067811865476 6
      vertex -70.71067811865476 -70.71067811865476 6
      vertex -66.91306063588583 -74.31448254773943 6
    endloop
  endfacet
  facet normal 0 0 -1
    outer loop
      vertex -70.71067811865476 70.71067811865476 0
      vertex -70.71067811865476 -70.71067811865476 0
      vertex -74.31448254773943 -66.91306063588583 0
    endloop
  endfacet
  facet normal 0 0 -1
    outer loop
      vertex -66.91306063588583 74.31448254773943 0
      vertex -66.91306063588583 -74.31448254773943 0
      vertex -70.71067811865476 -70.71067811865476 0
    endloop
  endfacet
  facet normal 0 0 -1
    outer loop
      vertex -62.93203910498374 77.71459614569709 0
      vertex -62.93203910498374 -77.71459614569709 0
      vertex -66.91306063588583 -74.31448254773943 0
    endloop
  endfacet
  facet normal 0 0 1
    outer loop
      vertex -66.91306063588583 74.31448254773943 6
      vertex -66.91306063588583 -74.31448254773943 6
      vertex -62.93203910498374 -77.71459614569709 6
    endloop
  endfacet
  facet normal 0 0 1
    outer loop
      vertex -62.93203910498374 77.71459614569709 6
      vertex -62.93203910498374 -77.71459614569709 6
      vertex -58.778525229247315 -80.90169943749474 6
    endloop
  endfacet
  facet normal 0 0 1
    outer loop
      vertex -58.778525229247315 80.90169943749474 6
      vertex -58.778525229247315 -80.90169943749474 6
      vertex -54.463903501502706 -83.8670567945424 6
    endloop
  endfacet
  facet normal 0 0 1
    outer loop
      vertex -54.463903501502706 83.8670567945424 6
      vertex -54.463903501502706 -83.8670567945424 6
      vertex -50 -86.60254037844386 6
    endloop
  endfacet
  facet normal 0 0 -1
    outer loop
      vertex -58.778525229247315 80.90169943749474 0
      vertex -58.778525229247315 -80.90169943749474 0
      vertex -62.93203910498374 -77.71459614569709 0
    endloop
  endfacet
  facet normal 0 0 -1
    outer loop
      vertex -54.463903501502706 83.8670567945424 0
      vertex -54.463903501502706 -83.8670567945424 0
      vertex -58.778525229247315 -80.90169943749474 0
    endloop
  endfacet
  facet normal 0 0 -1
    outer loop
      vertex -50 86.60254037844386 0
      vertex -50 -86.60254037844386 0
      vertex -54.463903501502706 -83.8670567945424 0
    endloop
  endfacet
  facet normal -0.8526401643540926 -0.5224985647159481 -2.8485798461645324e-18
    outer loop
      vertex -86.60254037844386 -50 6
      vertex -83.8670567945424 -54.463903501502706 0
      vertex -83.8670567945424 -54.463903501502706 6
    endloop
  endfacet
  facet normal -0.8241261886220155 -0.566406236924833 1.6930228199515432e-17
    outer loop
      vertex -83.8670567945424 -54.463903501502706 6
      vertex -80.90169943749474 -58.778525229247315 0
      vertex -80.90169943749474 -58.778525229247315 6
    endloop
  endfacet
  facet normal -0.7933533402912344 -0.6087614290087217 -2.1866505510289652e-17
    outer loop
      vertex -80.90169943749474 -58.778525229247315 6
      vertex -77.71459614569709 -62.93203910498374 0
      vertex -77.71459614569709 -62.93203910498374 6
    endloop
  endfacet
  facet normal -0.7604059656000329 -0.6494480483301813 2.365576539955069e-17
    outer loop
      vertex -77.71459614569709 -62.93203910498374 6
      vertex -74.31448254773943 -66.91306063588583 0
      vertex -74.31448254773943 -66.91306063588583 6
    endloop
  endfacet
  facet normal -0.8526401643540926 -0.5224985647159481 0
    outer loop
      vertex -86.60254037844386 -50 6
      vertex -86.60254037844386 -50 0
      vertex -83.8670567945424 -54.463903501502706 0
    endloop
  endfacet
  facet normal -0.8241261886220155 -0.566406236924833 0
    outer loop
      vertex -83.8670567945424 -54.463903501502706 6
      vertex -83.8670567945424 -54.463903501502706 0
      vertex -80.90169943749474 -58.778525229247315 0
    endloop
  endfacet
  facet normal -0.7933533402912344 -0.6087614290087217 0
    outer loop
      vertex -80.90169943749474 -58.778525229247315 6
      vertex -80.90169943749474 -58.778525229247315 0
      vertex -77.71459614569709 -62.93203910498374 0
    endloop
  endfacet
  facet normal -0.7604059656000329 -0.6494480483301813 0
    outer loop
      vertex -77.71459614569709 -62.93203910498374 6
      vertex -77.71459614569709 -62.93203910498374 0
      vertex -74.31448254773943 -66.91306063588583 0
    endloop
  endfacet
  facet normal -0.725374371012287 -0.6883545756937548 1.4288611146440264e-17
    outer loop
      vertex -74.31448254773943 -66.91306063588583 6
      vertex -70.71067811865476 -70.71067811865476 0
      vertex -70.71067811865476 -70.71067811865476 6
    endloop
  endfacet
  facet normal -0.6883545756937548 -0.725374371012287 0
    outer loop
      vertex -70.71067811865476 -70.71067811865476 6
      vertex -70.71067811865476 -70.71067811865476 0
      vertex -66.91306063588583 -74.31448254773943 6
    endloop
  endfacet
  facet normal -0.725374371012287 -0.6883545756937548 0
    outer loop
      vertex -74.31448254773943 -66.91306063588583 6
      vertex -74.31448254773943 -66.91306063588583 0
      vertex -70.71067811865476 -70.71067811865476 0
    endloop
  endfacet
  facet normal -0.6883545756937548 -0.725374371012287 0
    outer loop
      vertex -66.91306063588583 -74.31448254773943 6
      vertex -70.71067811865476 -70.71067811865476 0
      vertex -66.91306063588583 -74.31448254773943 0
    endloop
  endfacet
  facet normal -0.6494480483301813 -0.7604059656000329 0
    outer loop
      vertex -66.91306063588583 -74.31448254773943 6
      vertex -66.91306063588583 -74.31448254773943 0
      vertex -62.93203910498374 -77.71459614569709 6
    endloop
  endfacet
  facet normal -0.6087614290087217 -0.7933533402912344 0
    outer loop
      vertex -62.93203910498374 -77.71459614569709 6
      vertex -62.93203910498374 -77.71459614569709 0
      vertex -58.778525229247315 -80.90169943749474 6
    endloop
  endfacet
  facet normal -0.566406236924833 -0.8241261886220155 0
    outer loop
      vertex -58.778525229247315 -80.90169943749474 6
      vertex -58.778525229247315 -80.90169943749474 0
      vertex -54.463903501502706 -83.8670567945424 6
    endloop
  endfacet
  facet normal -0.5224985647159481 -0.8526401643540926 0
    outer loop
      vertex -54.463903501502706 -83.8670567945424 6
      vertex -54.463903501502706 -83.8670567945424 0
      vertex -50 -86.60254037844386 6
    endloop
  endfacet
  facet normal -0.6494480483301813 -0.7604059656000329 2.365576539955069e-17
    outer loop
      vertex -66.91306063588583 -74.31448254773943 0
      vertex -62.93203910498374 -77.71459614569709 0
      vertex -62.93203910498374 -77.71459614569709 6
    endloop
  endfacet
  facet normal -0.6087614290087217 -0.7933533402912344 0
    outer loop
      vertex -58.778525229247315 -80.90169943749474 6
      vertex -62.93203910498374 -77.71459614569709 0
      vertex -58.778525229247315 -80.90169943749474 0
    endloop
  endfacet
  facet normal -0.566406236924833 -0.8241261886220155 0
    outer loop
      vertex -54.463903501502706 -83.8670567945424 6
      vertex -58.778525229247315 -80.90169943749474 0
      vertex -54.463903501502706 -83.8670567945424 0
    endloop
  endfacet
  facet normal -0.5224985647159481 -0.8526401643540926 -2.8485798461645324e-18
    outer loop
      vertex -54.463903501502706 -83.8670567945424 0
      vertex -50 -86.60254037844386 0
      vertex -50 -86.60254037844386 6
    endloop
  endfacet
  facet normal 0 0 1
    outer loop
      vertex -50 86.60254037844386 6
      vertex -50 -86.60254037844386 6
      vertex -45.39904997395468 -89.10065241883679 6
    endloop
  endfacet
  facet normal 0 0 1
    outer loop
      vertex -45.39904997395468 89.10065241883679 6
      vertex -45.39904997395468 -89.10065241883679 6
      vertex -40.67366430758002 -91.35454576426008 6
    endloop
  endfacet
  facet normal 0 0 1
    outer loop
      vertex -40.67366430758002 91.35454576426008 6
      vertex -40.67366430758002 -91.35454576426008 6
      vertex -35.83679495453003 -93.35804264972018 6
    endloop
  endfacet
  facet normal 0 0 1
    outer loop
      vertex -35.83679495453003 93.35804264972018 6
      vertex -35.83679495453003 -93.35804264972018 6
      vertex -30.901699437494738 -95.10565162951535 6
    endloop
  endfacet
  facet normal 0 0 1
    outer loop
      vertex -30.901699437494738 95.10565162951535 6
      vertex -30.901699437494738 -95.10565162951535 6
      vertex -25.881904510252074 -96.59258262890683 6
    endloop
  endfacet
  facet normal 0 0 -1
    outer loop
      vertex -45.39904997395468 89.10065241883679 0
      vertex -45.39904997395468 -89.10065241883679 0
      vertex -50 -86.60254037844386 0
    endloop
  endfacet
  facet normal 0 0 -1
    outer loop
      vertex -40.67366430758002 91.35454576426008 0
      vertex -40.67366430758002 -91.35454576426008 0
      vertex -45.39904997395468 -89.10065241883679 0
    endloop
  endfacet
  facet normal 0 0 -1
    outer loop
      vertex -35.83679495453003 93.35804264972018 0
      vertex -35.83679495453003 -93.35804264972018 0
      vertex -40.67366430758002 -91.35454576426008 0
    endloop
  endfacet
  facet normal 0 0 -1
    outer loop
      vertex -30.901699437494738 95.10565162951535 0
      vertex -30.901699437494738 -95.10565162951535 0
      vertex -35.83679495453003 -93.35804264972018 0
    endloop
  endfacet
  facet normal 0 0 -1
    outer loop
      vertex -25.881904510252074 96.59258262890683 0
      vertex -25.881904510252074 -96.59258262890683 0
      vertex -30.901699437494738 -95.10565162951535 0
    endloop
  endfacet
  facet normal 0 0 1
    outer loop
      vertex -10.452846326765346 99.45218953682733 6
      vertex -10.452846326765346 -99.45218953682733 6
      vertex -9 0 6
    endloop
  endfacet
  facet normal 0 0 1
    outer loop
      vertex -25.881904510252074 96.59258262890683 6
      vertex -25.881904510252074 -96.59258262890683 6
      vertex -20.791169081775934 -97.81476007338057 6
    endloop
  endfacet
  facet normal 0 0 1
    outer loop
      vertex -20.791169081775934 97.81476007338057 6
      vertex -20.791169081775934 -97.81476007338057 6
      vertex -15.643446504023087 -98.76883405951378 6
    endloop
  endfacet
  facet normal 0 0 1
    outer loop
      vertex -15.643446504023087 98.76883405951378 6
      vertex -15.643446504023087 -98.76883405951378 6
      vertex -10.452846326765346 -99.45218953682733 6
    endloop
  endfacet
  facet normal 0 0 1
    outer loop
      vertex -9 0 6
      vertex -10.452846326765346 -99.45218953682733 6
      vertex -8.987665812791164 -0.4710236061864945 6
    endloop
  endfacet
  facet normal 0 0 1
    outer loop
      vertex -8.987665812791164 -0.4710236061864945 6
      vertex -10.452846326765346 -99.45218953682733 6
      vertex -8.950697058314459 -0.9407561694088813 6
    endloop
  endfacet
  facet normal 0 0 1
    outer loop
      vertex -8.950697058314459 -0.9407561694088813 6
      vertex -10.452846326765346 -99.45218953682733 6
      vertex -8.88919506535624 -1.407910185362078 6
    endloop
  endfacet
  facet normal 0 0 1
    outer loop
      vertex -8.88919506535624 -1.407910185362078 6
      vertex -10.452846326765346 -99.45218953682733 6
      vertex -8.803328406604251 -1.8712052173598341 6
    endloop
  endfacet
  facet normal 0 0 1
    outer loop
      vertex -8.803328406604251 -1.8712052173598341 6
      vertex -10.452846326765346 -99.45218953682733 6
      vertex -8.693332436601615 -2.3293714059226867 6
    endloop
  endfacet
  facet normal 0 0 1
    outer loop
      vertex -8.693332436601615 -2.3293714059226867 6
      vertex -10.452846326765346 -99.45218953682733 6
      vertex -8.559508646656381 -2.7811529493745266 6
    endloop
  endfacet
  facet normal 0 0 1
    outer loop
      vertex -8.559508646656381 -2.7811529493745266 6
      vertex -10.452846326765346 -99.45218953682733 6
      vertex -8.402223838474816 -3.2253115459077026 6
    endloop
  endfacet
  facet normal 0 0 1
    outer loop
      vertex -8.402223838474816 -3.2253115459077026 6
      vertex -10.452846326765346 -99.45218953682733 6
      vertex -8.221909118783408 -3.660629787682202 6
    endloop
  endfacet
  facet normal 0 0 1
    outer loop
      vertex -8.221909118783408 -3.660629787682202 6
      vertex -10.452846326765346 -99.45218953682733 6
      vertex -8.01905871769531 -4.085914497655922 6
    endloop
  endfacet
  facet normal 0 0 1
    outer loop
      vertex -8.01905871769531 -4.085914497655922 6
      vertex -10.452846326765346 -99.45218953682733 6
      vertex -7.794228634059947 -4.5 6
    endloop
  endfacet
  facet normal 0 0 1
    outer loop
      vertex -7.794228634059947 -4.5 6
      vertex -5.2335956242943835 -99.86295347545739 6
      vertex -7.548035111508817 -4.901751315135244 6
    endloop
  endfacet
  facet normal 0 0 1
    outer loop
      vertex -7.548035111508817 -4.901751315135244 6
      vertex -5.2335956242943835 -99.86295347545739 6
      vertex -7.281152949374527 -5.2900672706322585 6
    endloop
  endfacet
  facet normal 0 0 1
    outer loop
      vertex -7.281152949374527 -5.2900672706322585 6
      vertex -5.2335956242943835 -99.86295347545739 6
      vertex -6.994313653112738 -5.663883519448537 6
    endloop
  endfacet
  facet normal 0 0 1
    outer loop
      vertex -6.994313653112738 -5.663883519448537 6
      vertex -5.2335956242943835 -99.86295347545739 6
      vertex -6.688303429296548 -6.022175457229724 6
    endloop
  endfacet
  facet normal 0 0 1
    outer loop
      vertex -6.688303429296548 -6.022175457229724 6
      vertex -5.2335956242943835 -99.86295347545739 6
      vertex -6.3639610306789285 -6.3639610306789285 6
    endloop
  endfacet
  facet normal 0 0 1
    outer loop
      vertex -6.3639610306789285 -6.3639610306789285 6
      vertex -5.2335956242943835 -99.86295347545739 6
      vertex -6.022175457229724 -6.688303429296548 6
    endloop
  endfacet
  facet normal 0 0 1
    outer loop
      vertex -6.022175457229724 -6.688303429296548 6
      vertex -5.2335956242943835 -99.86295347545739 6
      vertex -5.663883519448537 -6.994313653112738 6
    endloop
  endfacet
  facet normal 0 0 1
    outer loop
      vertex -5.663883519448537 -6.994313653112738 6
      vertex -5.2335956242943835 -99.86295347545739 6
      vertex -5.2900672706322585 -7.281152949374527 6
    endloop
  endfacet
  facet normal 0 0 1
    outer loop
      vertex -5.2900672706322585 -7.281152949374527 6
      vertex -5.2335956242943835 -99.86295347545739 6
      vertex -4.901751315135244 -7.548035111508817 6
    endloop
  endfacet
  facet normal 0 0 1
    outer loop
      vertex -4.901751315135244 -7.548035111508817 6
      vertex -5.2335956242943835 -99.86295347545739 6
      vertex -4.5 -7.794228634059947 6
    endloop
  endfacet
  facet normal 0 0 1
    outer loop
      vertex -4.5 -7.794228634059947 6
      vertex -5.2335956242943835 -99.86295347545739 6
      vertex -4.085914497655922 -8.01905871769531 6
    endloop
  endfacet
  facet normal 0 0 1
    outer loop
      vertex -4.085914497655922 -8.01905871769531 6
      vertex -5.2335956242943835 -99.86295347545739 6
      vertex -3.660629787682202 -8.221909118783408 6
    endloop
  endfacet
  facet normal 0 0 1
    outer loop
      vertex -3.660629787682202 -8.221909118783408 6
      vertex -5.2335956242943835 -99.86295347545739 6
      vertex -3.2253115459077026 -8.402223838474816 6
    endloop
  endfacet
  facet normal 0 0 1
    outer loop
      vertex -3.2253115459077026 -8.402223838474816 6
      vertex -5.2335956242943835 -99.86295347545739 6
      vertex -2.7811529493745266 -8.559508646656381 6
    endloop
  endfacet
  facet normal 0 0 1
    outer loop
      vertex -2.7811529493745266 -8.559508646656381 6
      vertex 0 -100 6
      vertex -2.3293714059226867 -8.693332436601615 6
    endloop
  endfacet
  facet normal 0 0 1
    outer loop
      vertex -2.3293714059226867 -8.693332436601615 6
      vertex 0 -100 6
      vertex -1.8712052173598341 -8.803328406604251 6
    endloop
  endfacet
  facet normal 0 0 1
    outer loop
      vertex -1.8712052173598341 -8.803328406604251 6
      vertex 0 -100 6
      vertex -1.407910185362078 -8.88919506535624 6
    endloop
  endfacet
  facet normal 0 0 1
    outer loop
      vertex -1.407910185362078 -8.88919506535624 6
      vertex 0 -100 6
      vertex -0.9407561694088813 -8.950697058314459 6
    endloop
  endfacet
  facet normal 0 0 1
    outer loop
      vertex -0.9407561694088813 -8.950697058314459 6
      vertex 0 -100 6
      vertex -0.4710236061864945 -8.987665812791164 6
    endloop
  endfacet
  facet normal 0 0 1
    outer loop
      vertex -0.4710236061864945 -8.987665812791164 6
      vertex 0 -100 6
      vertex 0 -9 6
    endloop
  endfacet
  facet normal 0 0 -1
    outer loop
      vertex -20.791169081775934 97.81476007338057 0
      vertex -20.791169081775934 -97.81476007338057 0
      vertex -25.881904510252074 -96.59258262890683 0
    endloop
  endfacet
  facet normal 0 0 -1
    outer loop
      vertex -15.643446504023087 98.76883405951378 0
      vertex -15.643446504023087 -98.76883405951378 0
      vertex -20.791169081775934 -97.81476007338057 0
    endloop
  endfacet
  facet normal 0 0 -1
    outer loop
      vertex -10.452846326765346 99.45218953682733 0
      vertex -10.452846326765346 -99.45218953682733 0
      vertex -15.643446504023087 -98.76883405951378 0
    endloop
  endfacet
  facet normal 0 0 -1
    outer loop
      vertex -5.2335956242943835 99.86295347545739 0
      vertex -5.2335956242943835 -99.86295347545739 0
      vertex -10.452846326765346 -99.45218953682733 0
    endloop
  endfacet
  facet normal 0 0 -1
    outer loop
      vertex -5.2335956242943835 -99.86295347545739 0
      vertex 0 100 0
      vertex 0 -100 0
    endloop
  endfacet
  facet normal -0.4771587602596092 -0.8788171126619649 0
    outer loop
      vertex -50 -86.60254037844386 6
      vertex -50 -86.60254037844386 0
      vertex -45.39904997395468 -89.10065241883679 6
    endloop
  endfacet
  facet normal -0.4305110968082932 -0.9025852843498615 0
    outer loop
      vertex -45.39904997395468 -89.10065241883679 6
      vertex -45.39904997395468 -89.10065241883679 0
      vertex -40.67366430758002 -91.35454576426008 6
    endloop
  endfacet
  facet normal -0.3826834323650915 -0.9238795325112861 0
    outer loop
      vertex -40.67366430758002 -91.35454576426008 6
      vertex -40.67366430758002 -91.35454576426008 0
      vertex -35.83679495453003 -93.35804264972018 6
    endloop
  endfacet
  facet normal -0.3338068592337693 -0.942641491092179 0
    outer loop
      vertex -35.83679495453003 -93.35804264972018 6
      vertex -35.83679495453003 -93.35804264972018 0
      vertex -30.901699437494738 -95.10565162951535 6
    endloop
  endfacet
  facet normal -0.2840153447039234 -0.9588197348681928 0
    outer loop
      vertex -30.901699437494738 -95.10565162951535 6
      vertex -30.901699437494738 -95.10565162951535 0
      vertex -25.881904510252074 -96.59258262890683 6
    endloop
  endfacet
  facet normal -0.4771587602596092 -0.8788171126619649 0
    outer loop
      vertex -45.39904997395468 -89.10065241883679 6
      vertex -50 -86.60254037844386 0
      vertex -45.39904997395468 -89.10065241883679 0
    endloop
  endfacet
  facet normal -0.4305110968082932 -0.9025852843498615 0
    outer loop
      vertex -40.67366430758002 -91.35454576426008 6
      vertex -45.39904997395468 -89.10065241883679 0
      vertex -40.67366430758002 -91.35454576426008 0
    endloop
  endfacet
  facet normal -0.3826834323650915 -0.9238795325112861 0
    outer loop
      vertex -35.83679495453003 -93.35804264972018 6
      vertex -40.67366430758002 -91.35454576426008 0
      vertex -35.83679495453003 -93.35804264972018 0
    endloop
  endfacet
  facet normal -0.3338068592337693 -0.942641491092179 0
    outer loop
      vertex -30.901699437494738 -95.10565162951535 6
      vertex -35.83679495453003 -93.35804264972018 0
      vertex -30.901699437494738 -95.10565162951535 0
    endloop
  endfacet
  facet normal -0.2840153447039234 -0.9588197348681928 0
    outer loop
      vertex -25.881904510252074 -96.59258262890683 6
      vertex -30.901699437494738 -95.10565162951535 0
      vertex -25.881904510252074 -96.59258262890683 0
    endloop
  endfacet
  facet normal 0 0 1
    outer loop
      vertex -7.794228634059947 -4.5 6
      vertex -10.452846326765346 -99.45218953682733 6
      vertex -5.2335956242943835 -99.86295347545739 6
    endloop
  endfacet
  facet normal 0 0 1
    outer loop
      vertex -2.7811529493745266 -8.559508646656381 6
      vertex -5.2335956242943835 -99.86295347545739 6
      vertex 0 -100 6
    endloop
  endfacet
  facet normal -0.233445363855907 -0.9723699203976762 0
    outer loop
      vertex -25.881904510252074 -96.59258262890683 6
      vertex -25.881904510252074 -96.59258262890683 0
      vertex -20.791169081775934 -97.81476007338057 6
    endloop
  endfacet
  facet normal -0.1822355254921477 -0.9832549075639546 0
    outer loop
      vertex -20.791169081775934 -97.81476007338057 6
      vertex -20.791169081775934 -97.81476007338057 0
      vertex -15.643446504023087 -98.76883405951378 6
    endloop
  endfacet
  facet normal -0.13052619222005035 -0.9914448613738106 0
    outer loop
      vertex -15.643446504023087 -98.76883405951378 6
      vertex -15.643446504023087 -98.76883405951378 0
      vertex -10.452846326765346 -99.45218953682733 6
    endloop
  endfacet
  facet normal -0.07845909572784517 -0.996917333733128 0
    outer loop
      vertex -10.452846326765346 -99.45218953682733 6
      vertex -10.452846326765346 -99.45218953682733 0
      vertex -5.2335956242943835 -99.86295347545739 6
    endloop
  endfacet
  facet normal -0.026176948307872993 -0.9996573249755573 0
    outer loop
      vertex -5.2335956242943835 -99.86295347545739 6
      vertex -5.2335956242943835 -99.86295347545739 0
      vertex 0 -100 6
    endloop
  endfacet
  facet normal -0.233445363855907 -0.9723699203976762 1.0831187617808337e-17
    outer loop
      vertex -25.881904510252074 -96.59258262890683 0
      vertex -20.791169081775934 -97.81476007338057 0
      vertex -20.791169081775934 -97.81476007338057 6
    endloop
  endfacet
  facet normal -0.1822355254921477 -0.9832549075639546 0
    outer loop
      vertex -15.643446504023087 -98.76883405951378 6
      vertex -20.791169081775934 -97.81476007338057 0
      vertex -15.643446504023087 -98.76883405951378 0
    endloop
  endfacet
  facet normal -0.13052619222005035 -0.9914448613738106 0
    outer loop
      vertex -10.452846326765346 -99.45218953682733 6
      vertex -15.643446504023087 -98.76883405951378 0
      vertex -10.452846326765346 -99.45218953682733 0
    endloop
  endfacet
  facet normal -0.07845909572784517 -0.996917333733128 0
    outer loop
      vertex -5.2335956242943835 -99.86295347545739 6
      vertex -10.452846326765346 -99.45218953682733 0
      vertex -5.2335956242943835 -99.86295347545739 0
    endloop
  endfacet
  facet normal -0.026176948307872993 -0.9996573249755573 8.023306130217548e-19
    outer loop
      vertex -5.2335956242943835 -99.86295347545739 0
      vertex 0 -100 0
      vertex 0 -100 6
    endloop
  endfacet
  facet normal 0.026176948307872993 0.9996573249755573 8.023306130217548e-19
    outer loop
      vertex 0 100 6
      vertex 5.2335956242943835 99.86295347545739 6
      vertex 5.2335956242943835 99.86295347545739 0
    endloop
  endfacet
  facet normal 0.07845909572784517 0.996917333733128 6.7999819514731355e-18
    outer loop
      vertex 5.2335956242943835 99.86295347545739 6
      vertex 10.452846326765346 99.45218953682733 6
      vertex 10.452846326765346 99.45218953682733 0
    endloop
  endfacet
  facet normal 0.13052619222005035 0.9914448613738106 5.518437010841923e-18
    outer loop
      vertex 10.452846326765346 99.45218953682733 6
      vertex 15.643446504023087 98.76883405951378 6
      vertex 15.643446504023087 98.76883405951378 0
    endloop
  endfacet
  facet normal 0.1822355254921477 0.9832549075639546 1.161687823165292e-18
    outer loop
      vertex 15.643446504023087 98.76883405951378 6
      vertex 20.791169081775934 97.81476007338057 6
      vertex 20.791169081775934 97.81476007338057 0
    endloop
  endfacet
  facet normal 0.233445363855907 0.9723699203976762 1.0831187617808337e-17
    outer loop
      vertex 20.791169081775934 97.81476007338057 6
      vertex 25.881904510252074 96.59258262890683 6
      vertex 25.881904510252074 96.59258262890683 0
    endloop
  endfacet
  facet normal 0.026176948307872993 0.9996573249755573 0
    outer loop
      vertex 0 100 6
      vertex 5.2335956242943835 99.86295347545739 0
      vertex 0 100 0
    endloop
  endfacet
  facet normal 0.07845909572784517 0.996917333733128 0
    outer loop
      vertex 5.2335956242943835 99.86295347545739 6
      vertex 10.452846326765346 99.45218953682733 0
      vertex 5.2335956242943835 99.86295347545739 0
    endloop
  endfacet
  facet normal 0.13052619222005035 0.9914448613738106 0
    outer loop
      vertex 10.452846326765346 99.45218953682733 6
      vertex 15.643446504023087 98.76883405951378 0
      vertex 10.452846326765346 99.45218953682733 0
    endloop
  endfacet
  facet normal 0.1822355254921477 0.9832549075639546 0
    outer loop
      vertex 15.643446504023087 98.76883405951378 6
      vertex 20.791169081775934 97.81476007338057 0
      vertex 15.643446504023087 98.76883405951378 0
    endloop
  endfacet
  facet normal 0.233445363855907 0.9723699203976762 0
    outer loop
      vertex 20.791169081775934 97.81476007338057 6
      vertex 25.881904510252074 96.59258262890683 0
      vertex 20.791169081775934 97.81476007338057 0
    endloop
  endfacet
  facet normal 0 0 1
    outer loop
      vertex 0 100 6
      vertex 2.7811529493745266 8.559508646656381 6
      vertex 5.2335956242943835 99.86295347545739 6
    endloop
  endfacet
  facet normal 0 0 1
    outer loop
      vertex 5.2335956242943835 99.86295347545739 6
      vertex 7.794228634059947 4.5 6
      vertex 10.452846326765346 99.45218953682733 6
    endloop
  endfacet
  facet normal 0.2840153447039234 0.9588197348681928 9.681865087328056e-18
    outer loop
      vertex 25.881904510252074 96.59258262890683 6
      vertex 30.901699437494738 95.10565162951535 6
      vertex 30.901699437494738 95.10565162951535 0
    endloop
  endfacet
  facet normal 0.3338068592337693 0.942641491092179 -1.886948968724389e-17
    outer loop
      vertex 30.901699437494738 95.10565162951535 6
      vertex 35.83679495453003 93.35804264972018 6
      vertex 35.83679495453003 93.35804264972018 0
    endloop
  endfacet
  facet normal 0.3826834323650915 0.9238795325112861 -1.76272765309697e-17
    outer loop
      vertex 35.83679495453003 93.35804264972018 6
      vertex 40.67366430758002 91.35454576426008 6
      vertex 40.67366430758002 91.35454576426008 0
    endloop
  endfacet
  facet normal 0.4305110968082932 0.9025852843498615 2.6960033322110124e-17
    outer loop
      vertex 40.67366430758002 91.35454576426008 6
      vertex 45.39904997395468 89.10065241883679 6
      vertex 45.39904997395468 89.10065241883679 0
    endloop
  endfacet
  facet normal 0.4771587602596092 0.8788171126619649 1.595127871172929e-17
    outer loop
      vertex 45.39904997395468 89.10065241883679 6
      vertex 50 86.60254037844386 6
      vertex 50 86.60254037844386 0
    endloop
  endfacet
  facet normal 0.2840153447039234 0.9588197348681928 0
    outer loop
      vertex 25.881904510252074 96.59258262890683 6
      vertex 30.901699437494738 95.10565162951535 0
      vertex 25.881904510252074 96.59258262890683 0
    endloop
  endfacet
  facet normal 0.3338068592337693 0.942641491092179 0
    outer loop
      vertex 30.901699437494738 95.10565162951535 6
      vertex 35.83679495453003 93.35804264972018 0
      vertex 30.901699437494738 95.10565162951535 0
    endloop
  endfacet
  facet normal 0.3826834323650915 0.9238795325112861 0
    outer loop
      vertex 35.83679495453003 93.35804264972018 6
      vertex 40.67366430758002 91.35454576426008 0
      vertex 35.83679495453003 93.35804264972018 0
    endloop
  endfacet
  facet normal 0.4305110968082932 0.9025852843498615 0
    outer loop
      vertex 40.67366430758002 91.35454576426008 6
      vertex 45.39904997395468 89.10065241883679 0
      vertex 40.67366430758002 91.35454576426008 0
    endloop
  endfacet
  facet normal 0.4771587602596092 0.8788171126619649 0
    outer loop
      vertex 45.39904997395468 89.10065241883679 6
      vertex 50 86.60254037844386 0
      vertex 45.39904997395468 89.10065241883679 0
    endloop
  endfacet
  facet normal 0 0 1
    outer loop
      vertex 0 100 6
      vertex 0 9 6
      vertex 0.4710236061864945 8.987665812791164 6
    endloop
  endfacet
  facet normal 0 0 1
    outer loop
      vertex 0 100 6
      vertex 0.4710236061864945 8.987665812791164 6
      vertex 0.9407561694088813 8.950697058314459 6
    endloop
  endfacet
  facet normal 0 0 1
    outer loop
      vertex 0 100 6
      vertex 0.9407561694088813 8.950697058314459 6
      vertex 1.407910185362078 8.88919506535624 6
    endloop
  endfacet
  facet normal 0 0 1
    outer loop
      vertex 0 100 6
      vertex 1.407910185362078 8.88919506535624 6
      vertex 1.8712052173598341 8.803328406604251 6
    endloop
  endfacet
  facet normal 0 0 1
    outer loop
      vertex 0 100 6
      vertex 1.8712052173598341 8.803328406604251 6
      vertex 2.3293714059226867 8.693332436601615 6
    endloop
  endfacet
  facet normal 0 0 1
    outer loop
      vertex 0 100 6
      vertex 2.3293714059226867 8.693332436601615 6
      vertex 2.7811529493745266 8.559508646656381 6
    endloop
  endfacet
  facet normal 0 0 1
    outer loop
      vertex 5.2335956242943835 99.86295347545739 6
      vertex 2.7811529493745266 8.559508646656381 6
      vertex 3.2253115459077026 8.402223838474816 6
    endloop
  endfacet
  facet normal 0 0 1
    outer loop
      vertex 5.2335956242943835 99.86295347545739 6
      vertex 3.2253115459077026 8.402223838474816 6
      vertex 3.660629787682202 8.221909118783408 6
    endloop
  endfacet
  facet normal 0 0 1
    outer loop
      vertex 5.2335956242943835 99.86295347545739 6
      vertex 3.660629787682202 8.221909118783408 6
      vertex 4.085914497655922 8.01905871769531 6
    endloop
  endfacet
  facet normal 0 0 1
    outer loop
      vertex 5.2335956242943835 99.86295347545739 6
      vertex 4.085914497655922 8.01905871769531 6
      vertex 4.5 7.794228634059947 6
    endloop
  endfacet
  facet normal 0 0 1
    outer loop
      vertex 5.2335956242943835 99.86295347545739 6
      vertex 4.5 7.794228634059947 6
      vertex 4.901751315135244 7.548035111508817 6
    endloop
  endfacet
  facet normal 0 0 1
    outer loop
      vertex 5.2335956242943835 99.86295347545739 6
      vertex 4.901751315135244 7.548035111508817 6
      vertex 5.2900672706322585 7.281152949374527 6
    endloop
  endfacet
  facet normal 0 0 1
    outer loop
      vertex 5.2335956242943835 99.86295347545739 6
      vertex 5.2900672706322585 7.281152949374527 6
      vertex 5.663883519448537 6.994313653112738 6
    endloop
  endfacet
  facet normal 0 0 1
    outer loop
      vertex 5.2335956242943835 99.86295347545739 6
      vertex 5.663883519448537 6.994313653112738 6
      vertex 6.022175457229724 6.688303429296548 6
    endloop
  endfacet
  facet normal 0 0 1
    outer loop
      vertex 5.2335956242943835 99.86295347545739 6
      vertex 6.022175457229724 6.688303429296548 6
      vertex 6.3639610306789285 6.3639610306789285 6
    endloop
  endfacet
  facet normal 0 0 1
    outer loop
      vertex 5.2335956242943835 99.86295347545739 6
      vertex 6.3639610306789285 6.3639610306789285 6
      vertex 6.688303429296548 6.022175457229724 6
    endloop
  endfacet
  facet normal 0 0 1
    outer loop
      vertex 5.2335956242943835 99.86295347545739 6
      vertex 6.688303429296548 6.022175457229724 6
      vertex 6.994313653112738 5.663883519448537 6
    endloop
  endfacet
  facet normal 0 0 1
    outer loop
      vertex 5.2335956242943835 99.86295347545739 6
      vertex 6.994313653112738 5.663883519448537 6
      vertex 7.281152949374527 5.2900672706322585 6
    endloop
  endfacet
  facet normal 0 0 1
    outer loop
      vertex 5.2335956242943835 99.86295347545739 6
      vertex 7.281152949374527 5.2900672706322585 6
      vertex 7.548035111508817 4.901751315135244 6
    endloop
  endfacet
  facet normal 0 0 1
    outer loop
      vertex 5.2335956242943835 99.86295347545739 6
      vertex 7.548035111508817 4.901751315135244 6
      vertex 7.794228634059947 4.5 6
    endloop
  endfacet
  facet normal 0 0 1
    outer loop
      vertex 10.452846326765346 99.45218953682733 6
      vertex 7.794228634059947 4.5 6
      vertex 8.01905871769531 4.085914497655922 6
    endloop
  endfacet
  facet normal 0 0 1
    outer loop
      vertex 10.452846326765346 99.45218953682733 6
      vertex 8.01905871769531 4.085914497655922 6
      vertex 8.221909118783408 3.660629787682202 6
    endloop
  endfacet
  facet normal 0 0 1
    outer loop
      vertex 10.452846326765346 99.45218953682733 6
      vertex 8.221909118783408 3.660629787682202 6
      vertex 8.402223838474816 3.2253115459077026 6
    endloop
  endfacet
  facet normal 0 0 1
    outer loop
      vertex 10.452846326765346 99.45218953682733 6
      vertex 8.402223838474816 3.2253115459077026 6
      vertex 8.559508646656381 2.7811529493745266 6
    endloop
  endfacet
  facet normal 0 0 1
    outer loop
      vertex 10.452846326765346 99.45218953682733 6
      vertex 8.559508646656381 2.7811529493745266 6
      vertex 8.693332436601615 2.3293714059226867 6
    endloop
  endfacet
  facet normal 0 0 1
    outer loop
      vertex 10.452846326765346 99.45218953682733 6
      vertex 8.693332436601615 2.3293714059226867 6
      vertex 8.803328406604251 1.8712052173598341 6
    endloop
  endfacet
  facet normal 0 0 1
    outer loop
      vertex 10.452846326765346 99.45218953682733 6
      vertex 8.803328406604251 1.8712052173598341 6
      vertex 8.88919506535624 1.407910185362078 6
    endloop
  endfacet
  facet normal 0 0 1
    outer loop
      vertex 10.452846326765346 99.45218953682733 6
      vertex 8.88919506535624 1.407910185362078 6
      vertex 8.950697058314459 0.9407561694088813 6
    endloop
  endfacet
  facet normal 0 0 1
    outer loop
      vertex 10.452846326765346 99.45218953682733 6
      vertex 8.950697058314459 0.9407561694088813 6
      vertex 8.987665812791164 0.4710236061864945 6
    endloop
  endfacet
  facet normal 0 0 1
    outer loop
      vertex 10.452846326765346 99.45218953682733 6
      vertex 8.987665812791164 0.4710236061864945 6
      vertex 9 0 6
    endloop
  endfacet
  facet normal 0 0 1
    outer loop
      vertex 10.452846326765346 99.45218953682733 6
      vertex 15.643446504023087 -98.76883405951378 6
      vertex 15.643446504023087 98.76883405951378 6
    endloop
  endfacet
  facet normal 0 0 1
    outer loop
      vertex 15.643446504023087 98.76883405951378 6
      vertex 20.791169081775934 -97.81476007338057 6
      vertex 20.791169081775934 97.81476007338057 6
    endloop
  endfacet
  facet normal 0 0 1
    outer loop
      vertex 20.791169081775934 97.81476007338057 6
      vertex 25.881904510252074 -96.59258262890683 6
      vertex 25.881904510252074 96.59258262890683 6
    endloop
  endfacet
  facet normal 0 0 -1
    outer loop
      vertex 0 100 0
      vertex 5.2335956242943835 99.86295347545739 0
      vertex 0 -100 0
    endloop
  endfacet
  facet normal 0 0 -1
    outer loop
      vertex 5.2335956242943835 99.86295347545739 0
      vertex 10.452846326765346 99.45218953682733 0
      vertex 5.2335956242943835 -99.86295347545739 0
    endloop
  endfacet
  facet normal 0 0 -1
    outer loop
      vertex 10.452846326765346 99.45218953682733 0
      vertex 15.643446504023087 98.76883405951378 0
      vertex 10.452846326765346 -99.45218953682733 0
    endloop
  endfacet
  facet normal 0 0 -1
    outer loop
      vertex 15.643446504023087 98.76883405951378 0
      vertex 20.791169081775934 97.81476007338057 0
      vertex 15.643446504023087 -98.76883405951378 0
    endloop
  endfacet
  facet normal 0 0 -1
    outer loop
      vertex 20.791169081775934 97.81476007338057 0
      vertex 25.881904510252074 96.59258262890683 0
      vertex 20.791169081775934 -97.81476007338057 0
    endloop
  endfacet
  facet normal 0 0 1
    outer loop
      vertex 25.881904510252074 96.59258262890683 6
      vertex 30.901699437494738 -95.10565162951535 6
      vertex 30.901699437494738 95.10565162951535 6
    endloop
  endfacet
  facet normal 0 0 1
    outer loop
      vertex 30.901699437494738 95.10565162951535 6
      vertex 35.83679495453003 -93.35804264972018 6
      vertex 35.83679495453003 93.35804264972018 6
    endloop
  endfacet
  facet normal 0 0 1
    outer loop
      vertex 35.83679495453003 93.35804264972018 6
      vertex 40.67366430758002 -91.35454576426008 6
      vertex 40.67366430758002 91.35454576426008 6
    endloop
  endfacet
  facet normal 0 0 1
    outer loop
      vertex 40.67366430758002 91.35454576426008 6
      vertex 45.39904997395468 -89.10065241883679 6
      vertex 45.39904997395468 89.10065241883679 6
    endloop
  endfacet
  facet normal 0 0 1
    outer loop
      vertex 45.39904997395468 89.10065241883679 6
      vertex 50 -86.60254037844386 6
      vertex 50 86.60254037844386 6
    endloop
  endfacet
  facet normal 0 0 -1
    outer loop
      vertex 25.881904510252074 96.59258262890683 0
      vertex 30.901699437494738 95.10565162951535 0
      vertex 25.881904510252074 -96.59258262890683 0
    endloop
  endfacet
  facet normal 0 0 -1
    outer loop
      vertex 30.901699437494738 95.10565162951535 0
      vertex 35.83679495453003 93.35804264972018 0
      vertex 30.901699437494738 -95.10565162951535 0
    endloop
  endfacet
  facet normal 0 0 -1
    outer loop
      vertex 35.83679495453003 93.35804264972018 0
      vertex 40.67366430758002 91.35454576426008 0
      vertex 35.83679495453003 -93.35804264972018 0
    endloop
  endfacet
  facet normal 0 0 -1
    outer loop
      vertex 40.67366430758002 91.35454576426008 0
      vertex 45.39904997395468 89.10065241883679 0
      vertex 40.67366430758002 -91.35454576426008 0
    endloop
  endfacet
  facet normal 0 0 -1
    outer loop
      vertex 45.39904997395468 89.10065241883679 0
      vertex 50 86.60254037844386 0
      vertex 45.39904997395468 -89.10065241883679 0
    endloop
  endfacet
  facet normal 0.5224985647159481 0.8526401643540926 -2.8485798461645324e-18
    outer loop
      vertex 50 86.60254037844386 6
      vertex 54.463903501502706 83.8670567945424 6
      vertex 54.463903501502706 83.8670567945424 0
    endloop
  endfacet
  facet normal 0.566406236924833 0.8241261886220155 1.6930228199515432e-17
    outer loop
      vertex 54.463903501502706 83.8670567945424 6
      vertex 58.778525229247315 80.90169943749474 6
      vertex 58.778525229247315 80.90169943749474 0
    endloop
  endfacet
  facet normal 0.6087614290087217 0.7933533402912344 -2.1866505510289652e-17
    outer loop
      vertex 58.778525229247315 80.90169943749474 6
      vertex 62.93203910498374 77.71459614569709 6
      vertex 62.93203910498374 77.71459614569709 0
    endloop
  endfacet
  facet normal 0.6494480483301813 0.7604059656000329 2.365576539955069e-17
    outer loop
      vertex 62.93203910498374 77.71459614569709 6
      vertex 66.91306063588583 74.31448254773943 6
      vertex 66.91306063588583 74.31448254773943 0
    endloop
  endfacet
  facet normal 0.5224985647159481 0.8526401643540926 0
    outer loop
      vertex 50 86.60254037844386 6
      vertex 54.463903501502706 83.8670567945424 0
      vertex 50 86.60254037844386 0
    endloop
  endfacet
  facet normal 0.566406236924833 0.8241261886220155 0
    outer loop
      vertex 54.463903501502706 83.8670567945424 6
      vertex 58.778525229247315 80.90169943749474 0
      vertex 54.463903501502706 83.8670567945424 0
    endloop
  endfacet
  facet normal 0.6087614290087217 0.7933533402912344 0
    outer loop
      vertex 58.778525229247315 80.90169943749474 6
      vertex 62.93203910498374 77.71459614569709 0
      vertex 58.778525229247315 80.90169943749474 0
    endloop
  endfacet
  facet normal 0.6494480483301813 0.7604059656000329 0
    outer loop
      vertex 62.93203910498374 77.71459614569709 6
      vertex 66.91306063588583 74.31448254773943 0
      vertex 62.93203910498374 77.71459614569709 0
    endloop
  endfacet
  facet normal 0.6883545756937548 0.725374371012287 1.4288611146440264e-17
    outer loop
      vertex 66.91306063588583 74.31448254773943 6
      vertex 70.71067811865476 70.71067811865476 6
      vertex 70.71067811865476 70.71067811865476 0
    endloop
  endfacet
  facet normal 0.725374371012287 0.6883545756937548 0
    outer loop
      vertex 70.71067811865476 70.71067811865476 6
      vertex 74.31448254773943 66.91306063588583 6
      vertex 70.71067811865476 70.71067811865476 0
    endloop
  endfacet
  facet normal 0.6883545756937548 0.725374371012287 0
    outer loop
      vertex 66.91306063588583 74.31448254773943 6
      vertex 70.71067811865476 70.71067811865476 0
      vertex 66.91306063588583 74.31448254773943 0
    endloop
  endfacet
  facet normal 0.725374371012287 0.6883545756937548 0
    outer loop
      vertex 74.31448254773943 66.91306063588583 6
      vertex 74.31448254773943 66.91306063588583 0
      vertex 70.71067811865476 70.71067811865476 0
    endloop
  endfacet
  facet normal 0.7604059656000329 0.6494480483301813 0
    outer loop
      vertex 74.31448254773943 66.91306063588583 6
      vertex 77.71459614569709 62.93203910498374 6
      vertex 74.31448254773943 66.91306063588583 0
    endloop
  endfacet
  facet normal 0.7933533402912344 0.6087614290087217 0
    outer loop
      vertex 77.71459614569709 62.93203910498374 6
      vertex 80.90169943749474 58.778525229247315 6
      vertex 77.71459614569709 62.93203910498374 0
    endloop
  endfacet
  facet normal 0.8241261886220155 0.566406236924833 0
    outer loop
      vertex 80.90169943749474 58.778525229247315 6
      vertex 83.8670567945424 54.463903501502706 6
      vertex 80.90169943749474 58.778525229247315 0
    endloop
  endfacet
  facet normal 0.8526401643540926 0.5224985647159481 0
    outer loop
      vertex 83.8670567945424 54.463903501502706 6
      vertex 86.60254037844386 50 6
      vertex 83.8670567945424 54.463903501502706 0
    endloop
  endfacet
  facet normal 0.7604059656000329 0.6494480483301813 2.365576539955069e-17
    outer loop
      vertex 74.31448254773943 66.91306063588583 0
      vertex 77.71459614569709 62.93203910498374 6
      vertex 77.71459614569709 62.93203910498374 0
    endloop
  endfacet
  facet normal 0.7933533402912344 0.6087614290087217 0
    outer loop
      vertex 80.90169943749474 58.778525229247315 6
      vertex 80.90169943749474 58.778525229247315 0
      vertex 77.71459614569709 62.93203910498374 0
    endloop
  endfacet
  facet normal 0.8241261886220155 0.566406236924833 0
    outer loop
      vertex 83.8670567945424 54.463903501502706 6
      vertex 83.8670567945424 54.463903501502706 0
      vertex 80.90169943749474 58.778525229247315 0
    endloop
  endfacet
  facet normal 0.8526401643540926 0.5224985647159481 -2.8485798461645324e-18
    outer loop
      vertex 83.8670567945424 54.463903501502706 0
      vertex 86.60254037844386 50 6
      vertex 86.60254037844386 50 0
    endloop
  endfacet
  facet normal 0 0 1
    outer loop
      vertex 50 86.60254037844386 6
      vertex 54.463903501502706 -83.8670567945424 6
      vertex 54.463903501502706 83.8670567945424 6
    endloop
  endfacet
  facet normal 0 0 1
    outer loop
      vertex 54.463903501502706 83.8670567945424 6
      vertex 58.778525229247315 -80.90169943749474 6
      vertex 58.778525229247315 80.90169943749474 6
    endloop
  endfacet
  facet normal 0 0 1
    outer loop
      vertex 58.778525229247315 80.90169943749474 6
      vertex 62.93203910498374 -77.71459614569709 6
      vertex 62.93203910498374 77.71459614569709 6
    endloop
  endfacet
  facet normal 0 0 1
    outer loop
      vertex 62.93203910498374 77.71459614569709 6
      vertex 66.91306063588583 -74.31448254773943 6
      vertex 66.91306063588583 74.31448254773943 6
    endloop
  endfacet
  facet normal 0 0 -1
    outer loop
      vertex 50 86.60254037844386 0
      vertex 54.463903501502706 83.8670567945424 0
      vertex 50 -86.60254037844386 0
    endloop
  endfacet
  facet normal 0 0 -1
    outer loop
      vertex 54.463903501502706 83.8670567945424 0
      vertex 58.778525229247315 80.90169943749474 0
      vertex 54.463903501502706 -83.8670567945424 0
    endloop
  endfacet
  facet normal 0 0 -1
    outer loop
      vertex 58.778525229247315 80.90169943749474 0
      vertex 62.93203910498374 77.71459614569709 0
      vertex 58.778525229247315 -80.90169943749474 0
    endloop
  endfacet
  facet normal 0 0 1
    outer loop
      vertex 66.91306063588583 74.31448254773943 6
      vertex 70.71067811865476 -70.71067811865476 6
      vertex 70.71067811865476 70.71067811865476 6
    endloop
  endfacet
  facet normal 0 0 1
    outer loop
      vertex 70.71067811865476 70.71067811865476 6
      vertex 74.31448254773943 -66.91306063588583 6
      vertex 74.31448254773943 66.91306063588583 6
    endloop
  endfacet
  facet normal 0 0 -1
    outer loop
      vertex 62.93203910498374 77.71459614569709 0
      vertex 66.91306063588583 74.31448254773943 0
      vertex 62.93203910498374 -77.71459614569709 0
    endloop
  endfacet
  facet normal 0 0 -1
    outer loop
      vertex 66.91306063588583 74.31448254773943 0
      vertex 70.71067811865476 70.71067811865476 0
      vertex 66.91306063588583 -74.31448254773943 0
    endloop
  endfacet
  facet normal 0 0 -1
    outer loop
      vertex 70.71067811865476 70.71067811865476 0
      vertex 74.31448254773943 66.91306063588583 0
      vertex 70.71067811865476 -70.71067811865476 0
    endloop
  endfacet
  facet normal 0.8788171126619649 0.4771587602596092 0
    outer loop
      vertex 86.60254037844386 50 6
      vertex 89.10065241883679 45.39904997395468 6
      vertex 86.60254037844386 50 0
    endloop
  endfacet
  facet normal 0.9025852843498615 0.4305110968082932 0
    outer loop
      vertex 89.10065241883679 45.39904997395468 6
      vertex 91.35454576426008 40.67366430758002 6
      vertex 89.10065241883679 45.39904997395468 0
    endloop
  endfacet
  facet normal 0.9238795325112861 0.3826834323650915 0
    outer loop
      vertex 91.35454576426008 40.67366430758002 6
      vertex 93.35804264972018 35.83679495453003 6
      vertex 91.35454576426008 40.67366430758002 0
    endloop
  endfacet
  facet normal 0.942641491092179 0.3338068592337693 0
    outer loop
      vertex 93.35804264972018 35.83679495453003 6
      vertex 95.10565162951535 30.901699437494738 6
      vertex 93.35804264972018 35.83679495453003 0
    endloop
  endfacet
  facet normal 0.9588197348681928 0.2840153447039234 0
    outer loop
      vertex 95.10565162951535 30.901699437494738 6
      vertex 96.59258262890683 25.881904510252074 6
      vertex 95.10565162951535 30.901699437494738 0
    endloop
  endfacet
  facet normal 0.8788171126619649 0.4771587602596092 0
    outer loop
      vertex 89.10065241883679 45.39904997395468 6
      vertex 89.10065241883679 45.39904997395468 0
      vertex 86.60254037844386 50 0
    endloop
  endfacet
  facet normal 0.9025852843498615 0.4305110968082932 0
    outer loop
      vertex 91.35454576426008 40.67366430758002 6
      vertex 91.35454576426008 40.67366430758002 0
      vertex 89.10065241883679 45.39904997395468 0
    endloop
  endfacet
  facet normal 0.9238795325112861 0.3826834323650915 0
    outer loop
      vertex 93.35804264972018 35.83679495453003 6
      vertex 93.35804264972018 35.83679495453003 0
      vertex 91.35454576426008 40.67366430758002 0
    endloop
  endfacet
  facet normal 0.942641491092179 0.3338068592337693 0
    outer loop
      vertex 95.10565162951535 30.901699437494738 6
      vertex 95.10565162951535 30.901699437494738 0
      vertex 93.35804264972018 35.83679495453003 0
    endloop
  endfacet
  facet normal 0.9588197348681928 0.2840153447039234 0
    outer loop
      vertex 96.59258262890683 25.881904510252074 6
      vertex 96.59258262890683 25.881904510252074 0
      vertex 95.10565162951535 30.901699437494738 0
    endloop
  endfacet
  facet normal 0 0 1
    outer loop
      vertex 74.31448254773943 66.91306063588583 6
      vertex 77.71459614569709 -62.93203910498374 6
      vertex 77.71459614569709 62.93203910498374 6
    endloop
  endfacet
  facet normal 0 0 1
    outer loop
      vertex 77.71459614569709 62.93203910498374 6
      vertex 80.90169943749474 -58.778525229247315 6
      vertex 80.90169943749474 58.778525229247315 6
    endloop
  endfacet
  facet normal 0 0 1
    outer loop
      vertex 80.90169943749474 58.778525229247315 6
      vertex 83.8670567945424 -54.463903501502706 6
      vertex 83.8670567945424 54.463903501502706 6
    endloop
  endfacet
  facet normal 0 0 1
    outer loop
      vertex 83.8670567945424 54.463903501502706 6
      vertex 86.60254037844386 -50 6
      vertex 86.60254037844386 50 6
    endloop
  endfacet
  facet normal 0 0 1
    outer loop
      vertex 86.60254037844386 50 6
      vertex 89.10065241883679 -45.39904997395468 6
      vertex 89.10065241883679 45.39904997395468 6
    endloop
  endfacet
  facet normal 0 0 1
    outer loop
      vertex 89.10065241883679 45.39904997395468 6
      vertex 91.35454576426008 -40.67366430758002 6
      vertex 91.35454576426008 40.67366430758002 6
    endloop
  endfacet
  facet normal 0 0 1
    outer loop
      vertex 91.35454576426008 40.67366430758002 6
      vertex 93.35804264972018 -35.83679495453003 6
      vertex 93.35804264972018 35.83679495453003 6
    endloop
  endfacet
  facet normal 0.9723699203976762 0.233445363855907 0
    outer loop
      vertex 96.59258262890683 25.881904510252074 6
      vertex 97.81476007338057 20.791169081775934 6
      vertex 96.59258262890683 25.881904510252074 0
    endloop
  endfacet
  facet normal 0.9832549075639546 0.1822355254921477 0
    outer loop
      vertex 97.81476007338057 20.791169081775934 6
      vertex 98.76883405951378 15.643446504023087 6
      vertex 97.81476007338057 20.791169081775934 0
    endloop
  endfacet
  facet normal 0.9914448613738106 0.13052619222005035 0
    outer loop
      vertex 98.76883405951378 15.643446504023087 6
      vertex 99.45218953682733 10.452846326765346 6
      vertex 98.76883405951378 15.643446504023087 0
    endloop
  endfacet
  facet normal 0 0 1
    outer loop
      vertex 93.35804264972018 35.83679495453003 6
      vertex 95.10565162951535 -30.901699437494738 6
      vertex 95.10565162951535 30.901699437494738 6
    endloop
  endfacet
  facet normal 0 0 1
    outer loop
      vertex 95.10565162951535 30.901699437494738 6
      vertex 96.59258262890683 -25.881904510252074 6
      vertex 96.59258262890683 25.881904510252074 6
    endloop
  endfacet
  facet normal 0 0 1
    outer loop
      vertex 96.59258262890683 25.881904510252074 6
      vertex 97.81476007338057 -20.791169081775934 6
      vertex 97.81476007338057 20.791169081775934 6
    endloop
  endfacet
  facet normal 0 0 1
    outer loop
      vertex 97.81476007338057 20.791169081775934 6
      vertex 98.76883405951378 -15.643446504023087 6
      vertex 98.76883405951378 15.643446504023087 6
    endloop
  endfacet
  facet normal 0 0 1
    outer loop
      vertex 98.76883405951378 15.643446504023087 6
      vertex 99.45218953682733 -10.452846326765346 6
      vertex 99.45218953682733 10.452846326765346 6
    endloop
  endfacet
  facet normal 0 0 1
    outer loop
      vertex 99.45218953682733 10.452846326765346 6
      vertex 99.86295347545739 -5.2335956242943835 6
      vertex 99.86295347545739 5.2335956242943835 6
    endloop
  endfacet
  facet normal 0.996917333733128 0.07845909572784517 0
    outer loop
      vertex 99.45218953682733 10.452846326765346 6
      vertex 99.86295347545739 5.2335956242943835 6
      vertex 99.45218953682733 10.452846326765346 0
    endloop
  endfacet
  facet normal 0.9996573249755573 0.026176948307872993 0
    outer loop
      vertex 99.86295347545739 5.2335956242943835 6
      vertex 100 0 6
      vertex 99.86295347545739 5.2335956242943835 0
    endloop
  endfacet
  facet normal 0 0 -1
    outer loop
      vertex 74.31448254773943 66.91306063588583 0
      vertex 77.71459614569709 62.93203910498374 0
      vertex 74.31448254773943 -66.91306063588583 0
    endloop
  endfacet
  facet normal 0 0 -1
    outer loop
      vertex 77.71459614569709 62.93203910498374 0
      vertex 80.90169943749474 58.778525229247315 0
      vertex 77.71459614569709 -62.93203910498374 0
    endloop
  endfacet
  facet normal 0 0 -1
    outer loop
      vertex 80.90169943749474 58.778525229247315 0
      vertex 83.8670567945424 54.463903501502706 0
      vertex 80.90169943749474 -58.778525229247315 0
    endloop
  endfacet
  facet normal 0 0 -1
    outer loop
      vertex 83.8670567945424 54.463903501502706 0
      vertex 86.60254037844386 50 0
      vertex 83.8670567945424 -54.463903501502706 0
    endloop
  endfacet
  facet normal 0 0 -1
    outer loop
      vertex 86.60254037844386 50 0
      vertex 89.10065241883679 45.39904997395468 0
      vertex 86.60254037844386 -50 0
    endloop
  endfacet
  facet normal 0.9723699203976762 0.233445363855907 1.0831187617808337e-17
    outer loop
      vertex 96.59258262890683 25.881904510252074 0
      vertex 97.81476007338057 20.791169081775934 6
      vertex 97.81476007338057 20.791169081775934 0
    endloop
  endfacet
  facet normal 0.9832549075639546 0.1822355254921477 0
    outer loop
      vertex 98.76883405951378 15.643446504023087 6
      vertex 98.76883405951378 15.643446504023087 0
      vertex 97.81476007338057 20.791169081775934 0
    endloop
  endfacet
  facet normal 0 0 -1
    outer loop
      vertex 89.10065241883679 45.39904997395468 0
      vertex 91.35454576426008 40.67366430758002 0
      vertex 89.10065241883679 -45.39904997395468 0
    endloop
  endfacet
  facet normal 0.9914448613738106 0.13052619222005035 0
    outer loop
      vertex 99.45218953682733 10.452846326765346 6
      vertex 99.45218953682733 10.452846326765346 0
      vertex 98.76883405951378 15.643446504023087 0
    endloop
  endfacet
  facet normal 0.996917333733128 0.07845909572784517 0
    outer loop
      vertex 99.86295347545739 5.2335956242943835 6
      vertex 99.86295347545739 5.2335956242943835 0
      vertex 99.45218953682733 10.452846326765346 0
    endloop
  endfacet
  facet normal 0.9996573249755573 0.026176948307872993 8.023306130217548e-19
    outer loop
      vertex 99.86295347545739 5.2335956242943835 0
      vertex 100 0 6
      vertex 100 0 0
    endloop
  endfacet
  facet normal 0 0 -1
    outer loop
      vertex 91.35454576426008 40.67366430758002 0
      vertex 93.35804264972018 35.83679495453003 0
      vertex 91.35454576426008 -40.67366430758002 0
    endloop
  endfacet
  facet normal 0 0 -1
    outer loop
      vertex 93.35804264972018 35.83679495453003 0
      vertex 95.10565162951535 30.901699437494738 0
      vertex 93.35804264972018 -35.83679495453003 0
    endloop
  endfacet
  facet normal 0 0 -1
    outer loop
      vertex 95.10565162951535 30.901699437494738 0
      vertex 96.59258262890683 25.881904510252074 0
      vertex 95.10565162951535 -30.901699437494738 0
    endloop
  endfacet
  facet normal 0 0 -1
    outer loop
      vertex 96.59258262890683 25.881904510252074 0
      vertex 97.81476007338057 20.791169081775934 0
      vertex 96.59258262890683 -25.881904510252074 0
    endloop
  endfacet
  facet normal 0 0 -1
    outer loop
      vertex 97.81476007338057 20.791169081775934 0
      vertex 98.76883405951378 15.643446504023087 0
      vertex 97.81476007338057 -20.791169081775934 0
    endloop
  endfacet
  facet normal 0 0 -1
    outer loop
      vertex 98.76883405951378 15.643446504023087 0
      vertex 99.45218953682733 10.452846326765346 0
      vertex 98.76883405951378 -15.643446504023087 0
    endloop
  endfacet
  facet normal 0 0 -1
    outer loop
      vertex 99.45218953682733 10.452846326765346 0
      vertex 99.86295347545739 5.2335956242943835 0
      vertex 99.45218953682733 -10.452846326765346 0
    endloop
  endfacet
  facet normal 0 0 1
    outer loop
      vertex 10.452846326765346 99.45218953682733 6
      vertex 9 0 6
      vertex 10.452846326765346 -99.45218953682733 6
    endloop
  endfacet
  facet normal 0 0 1
    outer loop
      vertex 8.803328406604251 -1.8712052173598341 6
      vertex 8.693332436601615 -2.3293714059226867 6
      vertex 10.452846326765346 -99.45218953682733 6
    endloop
  endfacet
  facet normal 0 0 1
    outer loop
      vertex 8.559508646656381 -2.7811529493745266 6
      vertex 8.402223838474816 -3.2253115459077026 6
      vertex 10.452846326765346 -99.45218953682733 6
    endloop
  endfacet
  facet normal 0 0 1
    outer loop
      vertex 8.559508646656381 -2.7811529493745266 6
      vertex 10.452846326765346 -99.45218953682733 6
      vertex 8.693332436601615 -2.3293714059226867 6
    endloop
  endfacet
  facet normal 0 0 1
    outer loop
      vertex 8.221909118783408 -3.660629787682202 6
      vertex 8.01905871769531 -4.085914497655922 6
      vertex 10.452846326765346 -99.45218953682733 6
    endloop
  endfacet
  facet normal 0 0 1
    outer loop
      vertex 8.402223838474816 -3.2253115459077026 6
      vertex 8.221909118783408 -3.660629787682202 6
      vertex 10.452846326765346 -99.45218953682733 6
    endloop
  endfacet
  facet normal 0 0 1
    outer loop
      vertex 7.281152949374527 -5.2900672706322585 6
      vertex 10.452846326765346 -99.45218953682733 6
      vertex 7.548035111508817 -4.901751315135244 6
    endloop
  endfacet
  facet normal 0 0 1
    outer loop
      vertex 6.994313653112738 -5.663883519448537 6
      vertex 6.688303429296548 -6.022175457229724 6
      vertex 10.452846326765346 -99.45218953682733 6
    endloop
  endfacet
  facet normal 0 0 1
    outer loop
      vertex 6.688303429296548 -6.022175457229724 6
      vertex 6.3639610306789285 -6.3639610306789285 6
      vertex 10.452846326765346 -99.45218953682733 6
    endloop
  endfacet
  facet normal 0 0 1
    outer loop
      vertex 6.994313653112738 -5.663883519448537 6
      vertex 10.452846326765346 -99.45218953682733 6
      vertex 7.281152949374527 -5.2900672706322585 6
    endloop
  endfacet
  facet normal 0 0 1
    outer loop
      vertex 7.794228634059947 -4.5 6
      vertex 10.452846326765346 -99.45218953682733 6
      vertex 8.01905871769531 -4.085914497655922 6
    endloop
  endfacet
  facet normal 0 0 1
    outer loop
      vertex 7.794228634059947 -4.5 6
      vertex 7.548035111508817 -4.901751315135244 6
      vertex 10.452846326765346 -99.45218953682733 6
    endloop
  endfacet
  facet normal 0 0 1
    outer loop
      vertex 9 0 6
      vertex 8.987665812791164 -0.4710236061864945 6
      vertex 10.452846326765346 -99.45218953682733 6
    endloop
  endfacet
  facet normal 0 0 1
    outer loop
      vertex 8.987665812791164 -0.4710236061864945 6
      vertex 8.950697058314459 -0.9407561694088813 6
      vertex 10.452846326765346 -99.45218953682733 6
    endloop
  endfacet
  facet normal 0 0 1
    outer loop
      vertex 8.950697058314459 -0.9407561694088813 6
      vertex 8.88919506535624 -1.407910185362078 6
      vertex 10.452846326765346 -99.45218953682733 6
    endloop
  endfacet
  facet normal 0 0 1
    outer loop
      vertex 8.88919506535624 -1.407910185362078 6
      vertex 8.803328406604251 -1.8712052173598341 6
      vertex 10.452846326765346 -99.45218953682733 6
    endloop
  endfacet
  facet normal 0 0 1
    outer loop
      vertex 10.452846326765346 99.45218953682733 6
      vertex 10.452846326765346 -99.45218953682733 6
      vertex 15.643446504023087 -98.76883405951378 6
    endloop
  endfacet
  facet normal 0 0 1
    outer loop
      vertex 0 -9 6
      vertex 5.2335956242943835 -99.86295347545739 6
      vertex 0.4710236061864945 -8.987665812791164 6
    endloop
  endfacet
  facet normal 0 0 1
    outer loop
      vertex 0.4710236061864945 -8.987665812791164 6
      vertex 5.2335956242943835 -99.86295347545739 6
      vertex 0.9407561694088813 -8.950697058314459 6
    endloop
  endfacet
  facet normal 0 0 1
    outer loop
      vertex 0.9407561694088813 -8.950697058314459 6
      vertex 5.2335956242943835 -99.86295347545739 6
      vertex 1.407910185362078 -8.88919506535624 6
    endloop
  endfacet
  facet normal 0 0 1
    outer loop
      vertex 1.407910185362078 -8.88919506535624 6
      vertex 5.2335956242943835 -99.86295347545739 6
      vertex 1.8712052173598341 -8.803328406604251 6
    endloop
  endfacet
  facet normal 0 0 1
    outer loop
      vertex 2.3293714059226867 -8.693332436601615 6
      vertex 5.2335956242943835 -99.86295347545739 6
      vertex 2.7811529493745266 -8.559508646656381 6
    endloop
  endfacet
  facet normal 0 0 1
    outer loop
      vertex 2.7811529493745266 -8.559508646656381 6
      vertex 5.2335956242943835 -99.86295347545739 6
      vertex 3.2253115459077026 -8.402223838474816 6
    endloop
  endfacet
  facet normal 0 0 1
    outer loop
      vertex 3.2253115459077026 -8.402223838474816 6
      vertex 5.2335956242943835 -99.86295347545739 6
      vertex 3.660629787682202 -8.221909118783408 6
    endloop
  endfacet
  facet normal 0 0 1
    outer loop
      vertex 4.5 -7.794228634059947 6
      vertex 4.085914497655922 -8.01905871769531 6
      vertex 5.2335956242943835 -99.86295347545739 6
    endloop
  endfacet
  facet normal 0 0 1
    outer loop
      vertex 3.660629787682202 -8.221909118783408 6
      vertex 5.2335956242943835 -99.86295347545739 6
      vertex 4.085914497655922 -8.01905871769531 6
    endloop
  endfacet
  facet normal 0 0 1
    outer loop
      vertex 1.8712052173598341 -8.803328406604251 6
      vertex 5.2335956242943835 -99.86295347545739 6
      vertex 2.3293714059226867 -8.693332436601615 6
    endloop
  endfacet
  facet normal 0 0 1
    outer loop
      vertex 4.5 -7.794228634059947 6
      vertex 5.2335956242943835 -99.86295347545739 6
      vertex 4.901751315135244 -7.548035111508817 6
    endloop
  endfacet
  facet normal 0 0 1
    outer loop
      vertex 4.901751315135244 -7.548035111508817 6
      vertex 10.452846326765346 -99.45218953682733 6
      vertex 5.2900672706322585 -7.281152949374527 6
    endloop
  endfacet
  facet normal 0 0 1
    outer loop
      vertex 5.663883519448537 -6.994313653112738 6
      vertex 10.452846326765346 -99.45218953682733 6
      vertex 6.022175457229724 -6.688303429296548 6
    endloop
  endfacet
  facet normal 0 0 1
    outer loop
      vertex 5.2900672706322585 -7.281152949374527 6
      vertex 10.452846326765346 -99.45218953682733 6
      vertex 5.663883519448537 -6.994313653112738 6
    endloop
  endfacet
  facet normal 0 0 1
    outer loop
      vertex 6.022175457229724 -6.688303429296548 6
      vertex 10.452846326765346 -99.45218953682733 6
      vertex 6.3639610306789285 -6.3639610306789285 6
    endloop
  endfacet
  facet normal 0 0 1
    outer loop
      vertex 15.643446504023087 98.76883405951378 6
      vertex 15.643446504023087 -98.76883405951378 6
      vertex 20.791169081775934 -97.81476007338057 6
    endloop
  endfacet
  facet normal 0 0 1
    outer loop
      vertex 20.791169081775934 97.81476007338057 6
      vertex 20.791169081775934 -97.81476007338057 6
      vertex 25.881904510252074 -96.59258262890683 6
    endloop
  endfacet
  facet normal 0 0 -1
    outer loop
      vertex 5.2335956242943835 99.86295347545739 0
      vertex 5.2335956242943835 -99.86295347545739 0
      vertex 0 -100 0
    endloop
  endfacet
  facet normal 0 0 -1
    outer loop
      vertex 10.452846326765346 99.45218953682733 0
      vertex 10.452846326765346 -99.45218953682733 0
      vertex 5.2335956242943835 -99.86295347545739 0
    endloop
  endfacet
  facet normal 0 0 -1
    outer loop
      vertex 15.643446504023087 98.76883405951378 0
      vertex 15.643446504023087 -98.76883405951378 0
      vertex 10.452846326765346 -99.45218953682733 0
    endloop
  endfacet
  facet normal 0 0 -1
    outer loop
      vertex 20.791169081775934 97.81476007338057 0
      vertex 20.791169081775934 -97.81476007338057 0
      vertex 15.643446504023087 -98.76883405951378 0
    endloop
  endfacet
  facet normal 0 0 -1
    outer loop
      vertex 25.881904510252074 96.59258262890683 0
      vertex 25.881904510252074 -96.59258262890683 0
      vertex 20.791169081775934 -97.81476007338057 0
    endloop
  endfacet
  facet normal 0 0 1
    outer loop
      vertex 25.881904510252074 96.59258262890683 6
      vertex 25.881904510252074 -96.59258262890683 6
      vertex 30.901699437494738 -95.10565162951535 6
    endloop
  endfacet
  facet normal 0 0 1
    outer loop
      vertex 30.901699437494738 95.10565162951535 6
      vertex 30.901699437494738 -95.10565162951535 6
      vertex 35.83679495453003 -93.35804264972018 6
    endloop
  endfacet
  facet normal 0 0 1
    outer loop
      vertex 35.83679495453003 93.35804264972018 6
      vertex 35.83679495453003 -93.35804264972018 6
      vertex 40.67366430758002 -91.35454576426008 6
    endloop
  endfacet
  facet normal 0 0 1
    outer loop
      vertex 40.67366430758002 91.35454576426008 6
      vertex 40.67366430758002 -91.35454576426008 6
      vertex 45.39904997395468 -89.10065241883679 6
    endloop
  endfacet
  facet normal 0 0 1
    outer loop
      vertex 45.39904997395468 89.10065241883679 6
      vertex 45.39904997395468 -89.10065241883679 6
      vertex 50 -86.60254037844386 6
    endloop
  endfacet
  facet normal 0 0 -1
    outer loop
      vertex 30.901699437494738 95.10565162951535 0
      vertex 30.901699437494738 -95.10565162951535 0
      vertex 25.881904510252074 -96.59258262890683 0
    endloop
  endfacet
  facet normal 0 0 -1
    outer loop
      vertex 35.83679495453003 93.35804264972018 0
      vertex 35.83679495453003 -93.35804264972018 0
      vertex 30.901699437494738 -95.10565162951535 0
    endloop
  endfacet
  facet normal 0 0 -1
    outer loop
      vertex 40.67366430758002 91.35454576426008 0
      vertex 40.67366430758002 -91.35454576426008 0
      vertex 35.83679495453003 -93.35804264972018 0
    endloop
  endfacet
  facet normal 0 0 -1
    outer loop
      vertex 45.39904997395468 89.10065241883679 0
      vertex 45.39904997395468 -89.10065241883679 0
      vertex 40.67366430758002 -91.35454576426008 0
    endloop
  endfacet
  facet normal 0 0 -1
    outer loop
      vertex 50 86.60254037844386 0
      vertex 50 -86.60254037844386 0
      vertex 45.39904997395468 -89.10065241883679 0
    endloop
  endfacet
  facet normal 0 0 1
    outer loop
      vertex 0 -9 6
      vertex 0 -100 6
      vertex 5.2335956242943835 -99.86295347545739 6
    endloop
  endfacet
  facet normal 0 0 1
    outer loop
      vertex 4.901751315135244 -7.548035111508817 6
      vertex 5.2335956242943835 -99.86295347545739 6
      vertex 10.452846326765346 -99.45218953682733 6
    endloop
  endfacet
  facet normal 0.026176948307872993 -0.9996573249755573 0
    outer loop
      vertex 0 -100 6
      vertex 0 -100 0
      vertex 5.2335956242943835 -99.86295347545739 6
    endloop
  endfacet
  facet normal 0.07845909572784517 -0.996917333733128 0
    outer loop
      vertex 5.2335956242943835 -99.86295347545739 6
      vertex 5.2335956242943835 -99.86295347545739 0
      vertex 10.452846326765346 -99.45218953682733 6
    endloop
  endfacet
  facet normal 0.13052619222005035 -0.9914448613738106 0
    outer loop
      vertex 10.452846326765346 -99.45218953682733 6
      vertex 10.452846326765346 -99.45218953682733 0
      vertex 15.643446504023087 -98.76883405951378 6
    endloop
  endfacet
  facet normal 0.1822355254921477 -0.9832549075639546 0
    outer loop
      vertex 15.643446504023087 -98.76883405951378 6
      vertex 15.643446504023087 -98.76883405951378 0
      vertex 20.791169081775934 -97.81476007338057 6
    endloop
  endfacet
  facet normal 0.233445363855907 -0.9723699203976762 0
    outer loop
      vertex 20.791169081775934 -97.81476007338057 6
      vertex 20.791169081775934 -97.81476007338057 0
      vertex 25.881904510252074 -96.59258262890683 6
    endloop
  endfacet
  facet normal 0.026176948307872993 -0.9996573249755573 0
    outer loop
      vertex 5.2335956242943835 -99.86295347545739 6
      vertex 0 -100 0
      vertex 5.2335956242943835 -99.86295347545739 0
    endloop
  endfacet
  facet normal 0.07845909572784517 -0.996917333733128 0
    outer loop
      vertex 10.452846326765346 -99.45218953682733 6
      vertex 5.2335956242943835 -99.86295347545739 0
      vertex 10.452846326765346 -99.45218953682733 0
    endloop
  endfacet
  facet normal 0.13052619222005035 -0.9914448613738106 0
    outer loop
      vertex 15.643446504023087 -98.76883405951378 6
      vertex 10.452846326765346 -99.45218953682733 0
      vertex 15.643446504023087 -98.76883405951378 0
    endloop
  endfacet
  facet normal 0.1822355254921477 -0.9832549075639546 0
    outer loop
      vertex 20.791169081775934 -97.81476007338057 6
      vertex 15.643446504023087 -98.76883405951378 0
      vertex 20.791169081775934 -97.81476007338057 0
    endloop
  endfacet
  facet normal 0.233445363855907 -0.9723699203976762 -1.0831187617808337e-17
    outer loop
      vertex 20.791169081775934 -97.81476007338057 0
      vertex 25.881904510252074 -96.59258262890683 0
      vertex 25.881904510252074 -96.59258262890683 6
    endloop
  endfacet
  facet normal 0.2840153447039234 -0.9588197348681928 0
    outer loop
      vertex 25.881904510252074 -96.59258262890683 6
      vertex 25.881904510252074 -96.59258262890683 0
      vertex 30.901699437494738 -95.10565162951535 6
    endloop
  endfacet
  facet normal 0.3826834323650915 -0.9238795325112861 0
    outer loop
      vertex 35.83679495453003 -93.35804264972018 6
      vertex 35.83679495453003 -93.35804264972018 0
      vertex 40.67366430758002 -91.35454576426008 6
    endloop
  endfacet
  facet normal 0.3338068592337693 -0.942641491092179 0
    outer loop
      vertex 30.901699437494738 -95.10565162951535 6
      vertex 30.901699437494738 -95.10565162951535 0
      vertex 35.83679495453003 -93.35804264972018 6
    endloop
  endfacet
  facet normal 0.4305110968082932 -0.9025852843498615 0
    outer loop
      vertex 40.67366430758002 -91.35454576426008 6
      vertex 40.67366430758002 -91.35454576426008 0
      vertex 45.39904997395468 -89.10065241883679 6
    endloop
  endfacet
  facet normal 0.4771587602596092 -0.8788171126619649 0
    outer loop
      vertex 45.39904997395468 -89.10065241883679 6
      vertex 45.39904997395468 -89.10065241883679 0
      vertex 50 -86.60254037844386 6
    endloop
  endfacet
  facet normal 0.2840153447039234 -0.9588197348681928 0
    outer loop
      vertex 30.901699437494738 -95.10565162951535 6
      vertex 25.881904510252074 -96.59258262890683 0
      vertex 30.901699437494738 -95.10565162951535 0
    endloop
  endfacet
  facet normal 0.3338068592337693 -0.942641491092179 0
    outer loop
      vertex 35.83679495453003 -93.35804264972018 6
      vertex 30.901699437494738 -95.10565162951535 0
      vertex 35.83679495453003 -93.35804264972018 0
    endloop
  endfacet
  facet normal 0.4771587602596092 -0.8788171126619649 -1.595127871172929e-17
    outer loop
      vertex 45.39904997395468 -89.10065241883679 0
      vertex 50 -86.60254037844386 0
      vertex 50 -86.60254037844386 6
    endloop
  endfacet
  facet normal 0.3826834323650915 -0.9238795325112861 0
    outer loop
      vertex 40.67366430758002 -91.35454576426008 6
      vertex 35.83679495453003 -93.35804264972018 0
      vertex 40.67366430758002 -91.35454576426008 0
    endloop
  endfacet
  facet normal 0.4305110968082932 -0.9025852843498615 0
    outer loop
      vertex 45.39904997395468 -89.10065241883679 6
      vertex 40.67366430758002 -91.35454576426008 0
      vertex 45.39904997395468 -89.10065241883679 0
    endloop
  endfacet
  facet normal 0 0 1
    outer loop
      vertex 62.93203910498374 77.71459614569709 6
      vertex 62.93203910498374 -77.71459614569709 6
      vertex 66.91306063588583 -74.31448254773943 6
    endloop
  endfacet
  facet normal 0 0 1
    outer loop
      vertex 66.91306063588583 74.31448254773943 6
      vertex 66.91306063588583 -74.31448254773943 6
      vertex 70.71067811865476 -70.71067811865476 6
    endloop
  endfacet
  facet normal 0 0 1
    outer loop
      vertex 70.71067811865476 70.71067811865476 6
      vertex 70.71067811865476 -70.71067811865476 6
      vertex 74.31448254773943 -66.91306063588583 6
    endloop
  endfacet
  facet normal 0 0 -1
    outer loop
      vertex 70.71067811865476 70.71067811865476 0
      vertex 70.71067811865476 -70.71067811865476 0
      vertex 66.91306063588583 -74.31448254773943 0
    endloop
  endfacet
  facet normal 0 0 -1
    outer loop
      vertex 74.31448254773943 66.91306063588583 0
      vertex 74.31448254773943 -66.91306063588583 0
      vertex 70.71067811865476 -70.71067811865476 0
    endloop
  endfacet
  facet normal 0 0 1
    outer loop
      vertex 50 86.60254037844386 6
      vertex 50 -86.60254037844386 6
      vertex 54.463903501502706 -83.8670567945424 6
    endloop
  endfacet
  facet normal 0 0 1
    outer loop
      vertex 54.463903501502706 83.8670567945424 6
      vertex 54.463903501502706 -83.8670567945424 6
      vertex 58.778525229247315 -80.90169943749474 6
    endloop
  endfacet
  facet normal 0 0 1
    outer loop
      vertex 58.778525229247315 80.90169943749474 6
      vertex 58.778525229247315 -80.90169943749474 6
      vertex 62.93203910498374 -77.71459614569709 6
    endloop
  endfacet
  facet normal 0 0 -1
    outer loop
      vertex 54.463903501502706 83.8670567945424 0
      vertex 54.463903501502706 -83.8670567945424 0
      vertex 50 -86.60254037844386 0
    endloop
  endfacet
  facet normal 0 0 -1
    outer loop
      vertex 58.778525229247315 80.90169943749474 0
      vertex 58.778525229247315 -80.90169943749474 0
      vertex 54.463903501502706 -83.8670567945424 0
    endloop
  endfacet
  facet normal 0 0 -1
    outer loop
      vertex 62.93203910498374 77.71459614569709 0
      vertex 62.93203910498374 -77.71459614569709 0
      vertex 58.778525229247315 -80.90169943749474 0
    endloop
  endfacet
  facet normal 0 0 -1
    outer loop
      vertex 66.91306063588583 74.31448254773943 0
      vertex 66.91306063588583 -74.31448254773943 0
      vertex 62.93203910498374 -77.71459614569709 0
    endloop
  endfacet
  facet normal 0 0 1
    outer loop
      vertex 74.31448254773943 66.91306063588583 6
      vertex 74.31448254773943 -66.91306063588583 6
      vertex 77.71459614569709 -62.93203910498374 6
    endloop
  endfacet
  facet normal 0 0 1
    outer loop
      vertex 77.71459614569709 62.93203910498374 6
      vertex 77.71459614569709 -62.93203910498374 6
      vertex 80.90169943749474 -58.778525229247315 6
    endloop
  endfacet
  facet normal 0 0 1
    outer loop
      vertex 80.90169943749474 58.778525229247315 6
      vertex 80.90169943749474 -58.778525229247315 6
      vertex 83.8670567945424 -54.463903501502706 6
    endloop
  endfacet
  facet normal 0 0 1
    outer loop
      vertex 86.60254037844386 50 6
      vertex 86.60254037844386 -50 6
      vertex 89.10065241883679 -45.39904997395468 6
    endloop
  endfacet
  facet normal 0 0 1
    outer loop
      vertex 83.8670567945424 54.463903501502706 6
      vertex 83.8670567945424 -54.463903501502706 6
      vertex 86.60254037844386 -50 6
    endloop
  endfacet
  facet normal 0 0 1
    outer loop
      vertex 91.35454576426008 40.67366430758002 6
      vertex 91.35454576426008 -40.67366430758002 6
      vertex 93.35804264972018 -35.83679495453003 6
    endloop
  endfacet
  facet normal 0 0 1
    outer loop
      vertex 99.86295347545739 5.2335956242943835 6
      vertex 99.86295347545739 -5.2335956242943835 6
      vertex 100 0 6
    endloop
  endfacet
  facet normal 0 0 1
    outer loop
      vertex 99.45218953682733 10.452846326765346 6
      vertex 99.45218953682733 -10.452846326765346 6
      vertex 99.86295347545739 -5.2335956242943835 6
    endloop
  endfacet
  facet normal 0 0 1
    outer loop
      vertex 97.81476007338057 20.791169081775934 6
      vertex 97.81476007338057 -20.791169081775934 6
      vertex 98.76883405951378 -15.643446504023087 6
    endloop
  endfacet
  facet normal 0 0 1
    outer loop
      vertex 98.76883405951378 15.643446504023087 6
      vertex 98.76883405951378 -15.643446504023087 6
      vertex 99.45218953682733 -10.452846326765346 6
    endloop
  endfacet
  facet normal 0 0 1
    outer loop
      vertex 95.10565162951535 30.901699437494738 6
      vertex 95.10565162951535 -30.901699437494738 6
      vertex 96.59258262890683 -25.881904510252074 6
    endloop
  endfacet
  facet normal 0 0 1
    outer loop
      vertex 93.35804264972018 35.83679495453003 6
      vertex 93.35804264972018 -35.83679495453003 6
      vertex 95.10565162951535 -30.901699437494738 6
    endloop
  endfacet
  facet normal 0 0 1
    outer loop
      vertex 96.59258262890683 25.881904510252074 6
      vertex 96.59258262890683 -25.881904510252074 6
      vertex 97.81476007338057 -20.791169081775934 6
    endloop
  endfacet
  facet normal 0.9996573249755573 -0.026176948307872993 0
    outer loop
      vertex 100 0 6
      vertex 99.86295347545739 -5.2335956242943835 6
      vertex 100 0 0
    endloop
  endfacet
  facet normal 0.996917333733128 -0.07845909572784517 0
    outer loop
      vertex 99.86295347545739 -5.2335956242943835 6
      vertex 99.45218953682733 -10.452846326765346 6
      vertex 99.86295347545739 -5.2335956242943835 0
    endloop
  endfacet
  facet normal 0.9914448613738106 -0.13052619222005035 0
    outer loop
      vertex 99.45218953682733 -10.452846326765346 6
      vertex 98.76883405951378 -15.643446504023087 6
      vertex 99.45218953682733 -10.452846326765346 0
    endloop
  endfacet
  facet normal 0 0 1
    outer loop
      vertex 89.10065241883679 45.39904997395468 6
      vertex 89.10065241883679 -45.39904997395468 6
      vertex 91.35454576426008 -40.67366430758002 6
    endloop
  endfacet
  facet normal 0.9832549075639546 -0.1822355254921477 0
    outer loop
      vertex 98.76883405951378 -15.643446504023087 6
      vertex 97.81476007338057 -20.791169081775934 6
      vertex 98.76883405951378 -15.643446504023087 0
    endloop
  endfacet
  facet normal 0.9723699203976762 -0.233445363855907 0
    outer loop
      vertex 97.81476007338057 -20.791169081775934 6
      vertex 96.59258262890683 -25.881904510252074 6
      vertex 97.81476007338057 -20.791169081775934 0
    endloop
  endfacet
  facet normal 0 0 -1
    outer loop
      vertex 77.71459614569709 62.93203910498374 0
      vertex 77.71459614569709 -62.93203910498374 0
      vertex 74.31448254773943 -66.91306063588583 0
    endloop
  endfacet
  facet normal 0 0 -1
    outer loop
      vertex 80.90169943749474 58.778525229247315 0
      vertex 80.90169943749474 -58.778525229247315 0
      vertex 77.71459614569709 -62.93203910498374 0
    endloop
  endfacet
  facet normal 0 0 -1
    outer loop
      vertex 86.60254037844386 50 0
      vertex 86.60254037844386 -50 0
      vertex 83.8670567945424 -54.463903501502706 0
    endloop
  endfacet
  facet normal 0 0 -1
    outer loop
      vertex 83.8670567945424 54.463903501502706 0
      vertex 83.8670567945424 -54.463903501502706 0
      vertex 80.90169943749474 -58.778525229247315 0
    endloop
  endfacet
  facet normal 0.9996573249755573 -0.026176948307872993 0
    outer loop
      vertex 99.86295347545739 -5.2335956242943835 6
      vertex 99.86295347545739 -5.2335956242943835 0
      vertex 100 0 0
    endloop
  endfacet
  facet normal 0.996917333733128 -0.07845909572784517 0
    outer loop
      vertex 99.45218953682733 -10.452846326765346 6
      vertex 99.45218953682733 -10.452846326765346 0
      vertex 99.86295347545739 -5.2335956242943835 0
    endloop
  endfacet
  facet normal 0 0 -1
    outer loop
      vertex 99.86295347545739 5.2335956242943835 0
      vertex 100 0 0
      vertex 99.86295347545739 -5.2335956242943835 0
    endloop
  endfacet
  facet normal 0 0 -1
    outer loop
      vertex 99.86295347545739 5.2335956242943835 0
      vertex 99.86295347545739 -5.2335956242943835 0
      vertex 99.45218953682733 -10.452846326765346 0
    endloop
  endfacet
  facet normal 0 0 -1
    outer loop
      vertex 99.45218953682733 10.452846326765346 0
      vertex 99.45218953682733 -10.452846326765346 0
      vertex 98.76883405951378 -15.643446504023087 0
    endloop
  endfacet
  facet normal 0 0 -1
    outer loop
      vertex 95.10565162951535 30.901699437494738 0
      vertex 95.10565162951535 -30.901699437494738 0
      vertex 93.35804264972018 -35.83679495453003 0
    endloop
  endfacet
  facet normal 0 0 -1
    outer loop
      vertex 96.59258262890683 25.881904510252074 0
      vertex 96.59258262890683 -25.881904510252074 0
      vertex 95.10565162951535 -30.901699437494738 0
    endloop
  endfacet
  facet normal 0 0 -1
    outer loop
      vertex 97.81476007338057 20.791169081775934 0
      vertex 97.81476007338057 -20.791169081775934 0
      vertex 96.59258262890683 -25.881904510252074 0
    endloop
  endfacet
  facet normal 0 0 -1
    outer loop
      vertex 98.76883405951378 15.643446504023087 0
      vertex 98.76883405951378 -15.643446504023087 0
      vertex 97.81476007338057 -20.791169081775934 0
    endloop
  endfacet
  facet normal 0.9914448613738106 -0.13052619222005035 0
    outer loop
      vertex 98.76883405951378 -15.643446504023087 6
      vertex 98.76883405951378 -15.643446504023087 0
      vertex 99.45218953682733 -10.452846326765346 0
    endloop
  endfacet
  facet normal 0.9832549075639546 -0.1822355254921477 0
    outer loop
      vertex 97.81476007338057 -20.791169081775934 6
      vertex 97.81476007338057 -20.791169081775934 0
      vertex 98.76883405951378 -15.643446504023087 0
    endloop
  endfacet
  facet normal 0.9723699203976762 -0.233445363855907 -1.0831187617808337e-17
    outer loop
      vertex 97.81476007338057 -20.791169081775934 0
      vertex 96.59258262890683 -25.881904510252074 6
      vertex 96.59258262890683 -25.881904510252074 0
    endloop
  endfacet
  facet normal 0 0 -1
    outer loop
      vertex 91.35454576426008 40.67366430758002 0
      vertex 91.35454576426008 -40.67366430758002 0
      vertex 89.10065241883679 -45.39904997395468 0
    endloop
  endfacet
  facet normal 0 0 -1
    outer loop
      vertex 89.10065241883679 45.39904997395468 0
      vertex 89.10065241883679 -45.39904997395468 0
      vertex 86.60254037844386 -50 0
    endloop
  endfacet
  facet normal 0 0 -1
    outer loop
      vertex 93.35804264972018 35.83679495453003 0
      vertex 93.35804264972018 -35.83679495453003 0
      vertex 91.35454576426008 -40.67366430758002 0
    endloop
  endfacet
  facet normal 0.9238795325112861 -0.3826834323650915 0
    outer loop
      vertex 93.35804264972018 -35.83679495453003 6
      vertex 91.35454576426008 -40.67366430758002 6
      vertex 93.35804264972018 -35.83679495453003 0
    endloop
  endfacet
  facet normal 0.9588197348681928 -0.2840153447039234 0
    outer loop
      vertex 96.59258262890683 -25.881904510252074 6
      vertex 95.10565162951535 -30.901699437494738 6
      vertex 96.59258262890683 -25.881904510252074 0
    endloop
  endfacet
  facet normal 0.942641491092179 -0.3338068592337693 1.886948968724389e-17
    outer loop
      vertex 93.35804264972018 -35.83679495453003 6
      vertex 95.10565162951535 -30.901699437494738 0
      vertex 95.10565162951535 -30.901699437494738 6
    endloop
  endfacet
  facet normal 0.9025852843498615 -0.4305110968082932 0
    outer loop
      vertex 91.35454576426008 -40.67366430758002 6
      vertex 89.10065241883679 -45.39904997395468 6
      vertex 91.35454576426008 -40.67366430758002 0
    endloop
  endfacet
  facet normal 0.8788171126619649 -0.4771587602596092 0
    outer loop
      vertex 89.10065241883679 -45.39904997395468 6
      vertex 86.60254037844386 -50 6
      vertex 89.10065241883679 -45.39904997395468 0
    endloop
  endfacet
  facet normal 0.8788171126619649 -0.4771587602596092 -1.595127871172929e-17
    outer loop
      vertex 89.10065241883679 -45.39904997395468 0
      vertex 86.60254037844386 -50 6
      vertex 86.60254037844386 -50 0
    endloop
  endfacet
  facet normal 0.9588197348681928 -0.2840153447039234 0
    outer loop
      vertex 95.10565162951535 -30.901699437494738 6
      vertex 95.10565162951535 -30.901699437494738 0
      vertex 96.59258262890683 -25.881904510252074 0
    endloop
  endfacet
  facet normal 0.942641491092179 -0.3338068592337693 0
    outer loop
      vertex 93.35804264972018 -35.83679495453003 6
      vertex 93.35804264972018 -35.83679495453003 0
      vertex 95.10565162951535 -30.901699437494738 0
    endloop
  endfacet
  facet normal 0.9238795325112861 -0.3826834323650915 0
    outer loop
      vertex 91.35454576426008 -40.67366430758002 6
      vertex 91.35454576426008 -40.67366430758002 0
      vertex 93.35804264972018 -35.83679495453003 0
    endloop
  endfacet
  facet normal 0.9025852843498615 -0.4305110968082932 0
    outer loop
      vertex 89.10065241883679 -45.39904997395468 6
      vertex 89.10065241883679 -45.39904997395468 0
      vertex 91.35454576426008 -40.67366430758002 0
    endloop
  endfacet
  facet normal 0.6883545756937548 -0.725374371012287 0
    outer loop
      vertex 66.91306063588583 -74.31448254773943 6
      vertex 66.91306063588583 -74.31448254773943 0
      vertex 70.71067811865476 -70.71067811865476 6
    endloop
  endfacet
  facet normal 0.725374371012287 -0.6883545756937548 0
    outer loop
      vertex 74.31448254773943 -66.91306063588583 6
      vertex 70.71067811865476 -70.71067811865476 6
      vertex 74.31448254773943 -66.91306063588583 0
    endloop
  endfacet
  facet normal 0.6883545756937548 -0.725374371012287 0
    outer loop
      vertex 70.71067811865476 -70.71067811865476 6
      vertex 66.91306063588583 -74.31448254773943 0
      vertex 70.71067811865476 -70.71067811865476 0
    endloop
  endfacet
  facet normal 0.725374371012287 -0.6883545756937548 0
    outer loop
      vertex 70.71067811865476 -70.71067811865476 6
      vertex 70.71067811865476 -70.71067811865476 0
      vertex 74.31448254773943 -66.91306063588583 0
    endloop
  endfacet
  facet normal 0.5224985647159481 -0.8526401643540926 0
    outer loop
      vertex 50 -86.60254037844386 6
      vertex 50 -86.60254037844386 0
      vertex 54.463903501502706 -83.8670567945424 6
    endloop
  endfacet
  facet normal 0.566406236924833 -0.8241261886220155 0
    outer loop
      vertex 54.463903501502706 -83.8670567945424 6
      vertex 54.463903501502706 -83.8670567945424 0
      vertex 58.778525229247315 -80.90169943749474 6
    endloop
  endfacet
  facet normal 0.6087614290087217 -0.7933533402912344 0
    outer loop
      vertex 58.778525229247315 -80.90169943749474 6
      vertex 58.778525229247315 -80.90169943749474 0
      vertex 62.93203910498374 -77.71459614569709 6
    endloop
  endfacet
  facet normal 0.6494480483301813 -0.7604059656000329 -2.365576539955069e-17
    outer loop
      vertex 66.91306063588583 -74.31448254773943 6
      vertex 62.93203910498374 -77.71459614569709 6
      vertex 62.93203910498374 -77.71459614569709 0
    endloop
  endfacet
  facet normal 0.5224985647159481 -0.8526401643540926 0
    outer loop
      vertex 54.463903501502706 -83.8670567945424 6
      vertex 50 -86.60254037844386 0
      vertex 54.463903501502706 -83.8670567945424 0
    endloop
  endfacet
  facet normal 0.6087614290087217 -0.7933533402912344 0
    outer loop
      vertex 62.93203910498374 -77.71459614569709 6
      vertex 58.778525229247315 -80.90169943749474 0
      vertex 62.93203910498374 -77.71459614569709 0
    endloop
  endfacet
  facet normal 0.566406236924833 -0.8241261886220155 0
    outer loop
      vertex 58.778525229247315 -80.90169943749474 6
      vertex 54.463903501502706 -83.8670567945424 0
      vertex 58.778525229247315 -80.90169943749474 0
    endloop
  endfacet
  facet normal 0.6494480483301813 -0.7604059656000329 0
    outer loop
      vertex 66.91306063588583 -74.31448254773943 6
      vertex 62.93203910498374 -77.71459614569709 0
      vertex 66.91306063588583 -74.31448254773943 0
    endloop
  endfacet
  facet normal 0.7933533402912344 -0.6087614290087217 0
    outer loop
      vertex 80.90169943749474 -58.778525229247315 6
      vertex 77.71459614569709 -62.93203910498374 6
      vertex 80.90169943749474 -58.778525229247315 0
    endloop
  endfacet
  facet normal 0.8241261886220155 -0.566406236924833 -1.6930228199515432e-17
    outer loop
      vertex 80.90169943749474 -58.778525229247315 6
      vertex 83.8670567945424 -54.463903501502706 0
      vertex 83.8670567945424 -54.463903501502706 6
    endloop
  endfacet
  facet normal 0.8526401643540926 -0.5224985647159481 2.8485798461645324e-18
    outer loop
      vertex 83.8670567945424 -54.463903501502706 6
      vertex 86.60254037844386 -50 0
      vertex 86.60254037844386 -50 6
    endloop
  endfacet
  facet normal 0.7604059656000329 -0.6494480483301813 -2.365576539955069e-17
    outer loop
      vertex 74.31448254773943 -66.91306063588583 6
      vertex 77.71459614569709 -62.93203910498374 0
      vertex 77.71459614569709 -62.93203910498374 6
    endloop
  endfacet
  facet normal 0.7933533402912344 -0.6087614290087217 0
    outer loop
      vertex 77.71459614569709 -62.93203910498374 6
      vertex 77.71459614569709 -62.93203910498374 0
      vertex 80.90169943749474 -58.778525229247315 0
    endloop
  endfacet
  facet normal 0.8526401643540926 -0.5224985647159481 0
    outer loop
      vertex 83.8670567945424 -54.463903501502706 6
      vertex 83.8670567945424 -54.463903501502706 0
      vertex 86.60254037844386 -50 0
    endloop
  endfacet
  facet normal 0.8241261886220155 -0.566406236924833 0
    outer loop
      vertex 80.90169943749474 -58.778525229247315 6
      vertex 80.90169943749474 -58.778525229247315 0
      vertex 83.8670567945424 -54.463903501502706 0
    endloop
  endfacet
  facet normal 0.7604059656000329 -0.6494480483301813 0
    outer loop
      vertex 74.31448254773943 -66.91306063588583 6
      vertex 74.31448254773943 -66.91306063588583 0
      vertex 77.71459614569709 -62.93203910498374 0
    endloop
  endfacet
  facet normal 0 0 1
    outer loop
      vertex -8.803328406604251 1.8712052173598341 31
      vertex -8.88919506535624 1.407910185362078 31
      vertex -8.803328406604251 -1.8712052173598341 31
    endloop
  endfacet
  facet normal 0 0 1
    outer loop
      vertex -8.693332436601615 2.3293714059226867 31
      vertex -8.803328406604251 1.8712052173598341 31
      vertex -8.693332436601615 -2.3293714059226867 31
    endloop
  endfacet
  facet normal 0 0 1
    outer loop
      vertex -8.693332436601615 2.3293714059226867 31
      vertex -8.559508646656381 -2.7811529493745266 31
      vertex -8.559508646656381 2.7811529493745266 31
    endloop
  endfacet
  facet normal 0 0 1
    outer loop
      vertex -8.88919506535624 1.407910185362078 31
      vertex -8.950697058314459 0.9407561694088813 31
      vertex -8.88919506535624 -1.407910185362078 31
    endloop
  endfacet
  facet normal 0 0 1
    outer loop
      vertex -8.950697058314459 0.9407561694088813 31
      vertex -8.987665812791164 0.4710236061864945 31
      vertex -8.950697058314459 -0.9407561694088813 31
    endloop
  endfacet
  facet normal 0 0 1
    outer loop
      vertex -8.402223838474816 3.2253115459077026 31
      vertex -8.559508646656381 2.7811529493745266 31
      vertex -8.402223838474816 -3.2253115459077026 31
    endloop
  endfacet
  facet normal 0 0 1
    outer loop
      vertex -8.221909118783408 3.660629787682202 31
      vertex -8.402223838474816 3.2253115459077026 31
      vertex -8.221909118783408 -3.660629787682202 31
    endloop
  endfacet
  facet normal 0 0 1
    outer loop
      vertex -8.01905871769531 4.085914497655922 31
      vertex -8.221909118783408 3.660629787682202 31
      vertex -8.01905871769531 -4.085914497655922 31
    endloop
  endfacet
  facet normal 0 0 1
    outer loop
      vertex -8.01905871769531 4.085914497655922 31
      vertex -7.794228634059947 -4.5 31
      vertex -7.794228634059947 4.5 31
    endloop
  endfacet
  facet normal 0 0 1
    outer loop
      vertex -7.548035111508817 4.901751315135244 31
      vertex -7.281152949374527 -5.2900672706322585 31
      vertex -7.281152949374527 5.2900672706322585 31
    endloop
  endfacet
  facet normal 0 0 1
    outer loop
      vertex -7.281152949374527 5.2900672706322585 31
      vertex -6.994313653112738 -5.663883519448537 31
      vertex -6.994313653112738 5.663883519448537 31
    endloop
  endfacet
  facet normal 0 0 1
    outer loop
      vertex -6.688303429296548 6.022175457229724 31
      vertex -6.994313653112738 5.663883519448537 31
      vertex -6.688303429296548 -6.022175457229724 31
    endloop
  endfacet
  facet normal 0 0 1
    outer loop
      vertex -6.3639610306789285 6.3639610306789285 31
      vertex -6.688303429296548 6.022175457229724 31
      vertex -6.3639610306789285 -6.3639610306789285 31
    endloop
  endfacet
  facet normal 0 0 1
    outer loop
      vertex -7.548035111508817 4.901751315135244 31
      vertex -7.794228634059947 4.5 31
      vertex -7.548035111508817 -4.901751315135244 31
    endloop
  endfacet
  facet normal 0 0 1
    outer loop
      vertex -2.3293714059226867 8.693332436601615 31
      vertex 2.0975809767842293 1.7000000029802322 31
      vertex -1.8712052173598341 8.803328406604251 31
    endloop
  endfacet
  facet normal 0 0 1
    outer loop
      vertex -1.8712052173598341 8.803328406604251 31
      vertex 2.0975809767842293 1.7000000029802322 31
      vertex -1.407910185362078 8.88919506535624 31
    endloop
  endfacet
  facet normal 0 0 1
    outer loop
      vertex -1.407910185362078 8.88919506535624 31
      vertex 2.0975809767842293 1.7000000029802322 31
      vertex -0.9407561694088813 8.950697058314459 31
    endloop
  endfacet
  facet normal 0 0 1
    outer loop
      vertex -6.3639610306789285 6.3639610306789285 31
      vertex -6.022175457229724 -6.688303429296548 31
      vertex -6.022175457229724 6.688303429296548 31
    endloop
  endfacet
  facet normal 0 0 1
    outer loop
      vertex -6.022175457229724 6.688303429296548 31
      vertex -5.663883519448537 -6.994313653112738 31
      vertex -5.663883519448537 6.994313653112738 31
    endloop
  endfacet
  facet normal 0 0 1
    outer loop
      vertex -5.2900672706322585 7.281152949374527 31
      vertex -4.901751315135244 -7.548035111508817 31
      vertex -4.901751315135244 7.548035111508817 31
    endloop
  endfacet
  facet normal 0 0 1
    outer loop
      vertex -5.663883519448537 6.994313653112738 31
      vertex -5.2900672706322585 -7.281152949374527 31
      vertex -5.2900672706322585 7.281152949374527 31
    endloop
  endfacet
  facet normal 0 0 1
    outer loop
      vertex -4.901751315135244 7.548035111508817 31
      vertex -4.5 -7.794228634059947 31
      vertex -4.5 7.794228634059947 31
    endloop
  endfacet
  facet normal 0 0 1
    outer loop
      vertex -4.085914497655922 8.01905871769531 31
      vertex -4.5 7.794228634059947 31
      vertex -4.085914497655922 -8.01905871769531 31
    endloop
  endfacet
  facet normal 0 0 1
    outer loop
      vertex -4.085914497655922 8.01905871769531 31
      vertex -3.660629787682202 -8.221909118783408 31
      vertex -3.660629787682202 8.221909118783408 31
    endloop
  endfacet
  facet normal 0 0 1
    outer loop
      vertex -3.660629787682202 8.221909118783408 31
      vertex -3.2253115459077026 -8.402223838474816 31
      vertex -3.2253115459077026 8.402223838474816 31
    endloop
  endfacet
  facet normal 0 0 1
    outer loop
      vertex -2.7811529493745266 8.559508646656381 31
      vertex -2.2644105330109596 1.4705253913998604 31
      vertex -2.3293714059226867 8.693332436601615 31
    endloop
  endfacet
  facet normal 0 0 1
    outer loop
      vertex -2.7811529493745266 8.559508646656381 31
      vertex -2.520667150616646 0.9675934612751007 31
      vertex -2.4665727391839027 1.0981889367103577 31
    endloop
  endfacet
  facet normal 0 0 1
    outer loop
      vertex -2.7811529493745266 8.559508646656381 31
      vertex -2.4665727391839027 1.0981889367103577 31
      vertex -2.405717618763447 1.225774347782135 31
    endloop
  endfacet
  facet normal 0 0 1
    outer loop
      vertex -2.7811529493745266 8.559508646656381 31
      vertex -2.405717618763447 1.225774347782135 31
      vertex -2.338268592953682 1.3500000014901161 31
    endloop
  endfacet
  facet normal 0 0 1
    outer loop
      vertex -2.7811529493745266 8.559508646656381 31
      vertex -2.338268592953682 1.3500000014901161 31
      vertex -2.2644105330109596 1.4705253913998604 31
    endloop
  endfacet
  facet normal 0 0 1
    outer loop
      vertex -2.7811529493745266 8.559508646656381 31
      vertex -2.567852593958378 0.8343458846211433 31
      vertex -2.520667150616646 0.9675934612751007 31
    endloop
  endfacet
  facet normal 0 0 1
    outer loop
      vertex -2.7811529493745266 8.559508646656381 31
      vertex -2.607999734580517 0.6988114193081856 31
      vertex -2.567852593958378 0.8343458846211433 31
    endloop
  endfacet
  facet normal 0 0 1
    outer loop
      vertex -2.7811529493745266 8.559508646656381 31
      vertex -2.6409985199570656 0.5613615661859512 31
      vertex -2.607999734580517 0.6988114193081856 31
    endloop
  endfacet
  facet normal 0 0 1
    outer loop
      vertex -2.7811529493745266 8.559508646656381 31
      vertex -2.6667585223913193 0.42237305641174316 31
      vertex -2.6409985199570656 0.5613615661859512 31
    endloop
  endfacet
  facet normal 0 0 1
    outer loop
      vertex -2.3293714059226867 8.693332436601615 31
      vertex -2.0982940942049026 1.699165053665638 31
      vertex -2.0975809767842293 1.7000000029802322 31
    endloop
  endfacet
  facet normal 0 0 1
    outer loop
      vertex -2.3293714059226867 8.693332436601615 31
      vertex -2.2644105330109596 1.4705253913998604 31
      vertex -2.1843458861112595 1.587020181119442 31
    endloop
  endfacet
  facet normal 0 0 1
    outer loop
      vertex -2.3293714059226867 8.693332436601615 31
      vertex -2.1843458861112595 1.587020181119442 31
      vertex -2.0982940942049026 1.699165053665638 31
    endloop
  endfacet
  facet normal 0 0 1
    outer loop
      vertex -2.3293714059226867 8.693332436601615 31
      vertex -2.0975809767842293 1.7000000029802322 31
      vertex 2.0975809767842293 1.7000000029802322 31
    endloop
  endfacet
  facet normal 0 0 1
    outer loop
      vertex -3.2253115459077026 8.402223838474816 31
      vertex -2.7811529493745266 -8.559508646656381 31
      vertex -2.7811529493745266 8.559508646656381 31
    endloop
  endfacet
  facet normal 0 0 1
    outer loop
      vertex -2.7811529493745266 8.559508646656381 31
      vertex -2.6852091178297997 0.2822268530726433 31
      vertex -2.6667585223913193 0.42237305641174316 31
    endloop
  endfacet
  facet normal 0 0 1
    outer loop
      vertex -2.7811529493745266 8.559508646656381 31
      vertex -2.696299746632576 0.14130707830190659 31
      vertex -2.6852091178297997 0.2822268530726433 31
    endloop
  endfacet
  facet normal 0 0 1
    outer loop
      vertex -2.7811529493745266 8.559508646656381 31
      vertex -2.7000000029802322 0 31
      vertex -2.696299746632576 0.14130707830190659 31
    endloop
  endfacet
  facet normal -0.8788171126619647 0.4771587602596095 0
    outer loop
      vertex -8.01905871769531 4.085914497655922 31
      vertex -7.794228634059947 4.5 31
      vertex -8.01905871769531 4.085914497655922 6
    endloop
  endfacet
  facet normal -0.9238795325112865 0.3826834323650903 3.00793355715976e-19
    outer loop
      vertex -8.221909118783408 3.660629787682202 31
      vertex -8.402223838474816 3.2253115459077026 6
      vertex -8.402223838474816 3.2253115459077026 31
    endloop
  endfacet
  facet normal -0.9025852843498606 0.43051109680829525 -1.98834933674405e-19
    outer loop
      vertex -8.01905871769531 4.085914497655922 31
      vertex -8.221909118783408 3.660629787682202 6
      vertex -8.221909118783408 3.660629787682202 31
    endloop
  endfacet
  facet normal -0.8241261886220153 0.5664062369248335 0
    outer loop
      vertex -7.548035111508817 4.901751315135244 31
      vertex -7.281152949374527 5.2900672706322585 31
      vertex -7.548035111508817 4.901751315135244 6
    endloop
  endfacet
  facet normal -0.7933533402912347 0.6087614290087211 0
    outer loop
      vertex -7.281152949374527 5.2900672706322585 31
      vertex -6.994313653112738 5.663883519448537 31
      vertex -7.281152949374527 5.2900672706322585 6
    endloop
  endfacet
  facet normal -0.760405965600031 0.6494480483301837 -2.6876704100026184e-19
    outer loop
      vertex -6.688303429296548 6.022175457229724 31
      vertex -6.994313653112738 5.663883519448537 6
      vertex -6.994313653112738 5.663883519448537 31
    endloop
  endfacet
  facet normal -0.7253743710122891 0.6883545756937524 -7.67009511908142e-20
    outer loop
      vertex -6.3639610306789285 6.3639610306789285 31
      vertex -6.688303429296548 6.022175457229724 6
      vertex -6.688303429296548 6.022175457229724 31
    endloop
  endfacet
  facet normal -0.8526401643540937 0.5224985647159466 -2.7441465940726454e-20
    outer loop
      vertex -7.548035111508817 4.901751315135244 31
      vertex -7.794228634059947 4.5 6
      vertex -7.794228634059947 4.5 31
    endloop
  endfacet
  facet normal -0.9588197348681922 0.284015344703926 0
    outer loop
      vertex -8.693332436601615 2.3293714059226867 31
      vertex -8.559508646656381 2.7811529493745266 31
      vertex -8.693332436601615 2.3293714059226867 6
    endloop
  endfacet
  facet normal -0.9723699203976767 0.23344536385590534 2.2681163629158487e-19
    outer loop
      vertex -8.693332436601615 2.3293714059226867 31
      vertex -8.803328406604251 1.8712052173598341 6
      vertex -8.803328406604251 1.8712052173598341 31
    endloop
  endfacet
  facet normal -0.9426414910921794 0.33380685923376796 4.951224263238659e-19
    outer loop
      vertex -8.402223838474816 3.2253115459077026 31
      vertex -8.559508646656381 2.7811529493745266 6
      vertex -8.559508646656381 2.7811529493745266 31
    endloop
  endfacet
  facet normal -0.9832549075639544 0.18223552549214822 1.6548563345906259e-19
    outer loop
      vertex -8.803328406604251 1.8712052173598341 31
      vertex -8.88919506535624 1.407910185362078 6
      vertex -8.88919506535624 1.407910185362078 31
    endloop
  endfacet
  facet normal -0.991444861373811 0.13052619222004755 1.4296642670393598e-19
    outer loop
      vertex -8.88919506535624 1.407910185362078 31
      vertex -8.950697058314459 0.9407561694088813 6
      vertex -8.950697058314459 0.9407561694088813 31
    endloop
  endfacet
  facet normal -0.9996573249755574 0.026176948307875102 3.046115112784831e-20
    outer loop
      vertex -8.987665812791164 0.4710236061864945 31
      vertex -9 0 6
      vertex -9 0 31
    endloop
  endfacet
  facet normal -0.996917333733128 0.0784590957278453 -5.999253010989882e-20
    outer loop
      vertex -8.950697058314459 0.9407561694088813 31
      vertex -8.987665812791164 0.4710236061864945 6
      vertex -8.987665812791164 0.4710236061864945 31
    endloop
  endfacet
  facet normal -0.6883545756937524 0.7253743710122891 -7.67009511908142e-20
    outer loop
      vertex -6.3639610306789285 6.3639610306789285 31
      vertex -6.022175457229724 6.688303429296548 31
      vertex -6.022175457229724 6.688303429296548 6
    endloop
  endfacet
  facet normal -0.6494480483301837 0.760405965600031 -2.6876704100026184e-19
    outer loop
      vertex -6.022175457229724 6.688303429296548 31
      vertex -5.663883519448537 6.994313653112738 31
      vertex -5.663883519448537 6.994313653112738 6
    endloop
  endfacet
  facet normal -0.6087614290087211 0.7933533402912347 1.2052416506332966e-19
    outer loop
      vertex -5.663883519448537 6.994313653112738 31
      vertex -5.2900672706322585 7.281152949374527 31
      vertex -5.2900672706322585 7.281152949374527 6
    endloop
  endfacet
  facet normal -0.5664062369248335 0.8241261886220153 -1.836625760319393e-19
    outer loop
      vertex -5.2900672706322585 7.281152949374527 31
      vertex -4.901751315135244 7.548035111508817 31
      vertex -4.901751315135244 7.548035111508817 6
    endloop
  endfacet
  facet normal -0.4771587602596095 0.8788171126619647 0
    outer loop
      vertex -4.085914497655922 8.01905871769531 31
      vertex -4.085914497655922 8.01905871769531 6
      vertex -4.5 7.794228634059947 31
    endloop
  endfacet
  facet normal -0.43051109680829525 0.9025852843498606 -1.98834933674405e-19
    outer loop
      vertex -4.085914497655922 8.01905871769531 31
      vertex -3.660629787682202 8.221909118783408 31
      vertex -3.660629787682202 8.221909118783408 6
    endloop
  endfacet
  facet normal -0.3826834323650903 0.9238795325112865 3.00793355715976e-19
    outer loop
      vertex -3.660629787682202 8.221909118783408 31
      vertex -3.2253115459077026 8.402223838474816 31
      vertex -3.2253115459077026 8.402223838474816 6
    endloop
  endfacet
  facet normal -0.5224985647159466 0.8526401643540937 -2.7441465940726454e-20
    outer loop
      vertex -4.901751315135244 7.548035111508817 31
      vertex -4.5 7.794228634059947 31
      vertex -4.5 7.794228634059947 6
    endloop
  endfacet
  facet normal -0.284015344703926 0.9588197348681922 -1.0551576054058119e-19
    outer loop
      vertex -2.7811529493745266 8.559508646656381 31
      vertex -2.3293714059226867 8.693332436601615 31
      vertex -2.3293714059226867 8.693332436601615 6
    endloop
  endfacet
  facet normal -0.33380685923376796 0.9426414910921794 4.951224263238659e-19
    outer loop
      vertex -3.2253115459077026 8.402223838474816 31
      vertex -2.7811529493745266 8.559508646656381 31
      vertex -2.7811529493745266 8.559508646656381 6
    endloop
  endfacet
  facet normal -0.23344536385590534 0.9723699203976767 2.2681163629158487e-19
    outer loop
      vertex -2.3293714059226867 8.693332436601615 31
      vertex -1.8712052173598341 8.803328406604251 31
      vertex -1.8712052173598341 8.803328406604251 6
    endloop
  endfacet
  facet normal -0.18223552549214822 0.9832549075639544 1.6548563345906259e-19
    outer loop
      vertex -1.8712052173598341 8.803328406604251 31
      vertex -1.407910185362078 8.88919506535624 31
      vertex -1.407910185362078 8.88919506535624 6
    endloop
  endfacet
  facet normal -0.13052619222004755 0.991444861373811 1.4296642670393598e-19
    outer loop
      vertex -1.407910185362078 8.88919506535624 31
      vertex -0.9407561694088813 8.950697058314459 31
      vertex -0.9407561694088813 8.950697058314459 6
    endloop
  endfacet
  facet normal -0.0784590957278453 0.996917333733128 -5.999253010989882e-20
    outer loop
      vertex -0.9407561694088813 8.950697058314459 31
      vertex -0.4710236061864945 8.987665812791164 31
      vertex -0.4710236061864945 8.987665812791164 6
    endloop
  endfacet
  facet normal -0.026176948307875102 0.9996573249755574 3.046115112784831e-20
    outer loop
      vertex -0.4710236061864945 8.987665812791164 31
      vertex 0 9 31
      vertex 0 9 6
    endloop
  endfacet
  facet normal -0.7253743710122891 0.6883545756937524 0
    outer loop
      vertex -6.3639610306789285 6.3639610306789285 31
      vertex -6.3639610306789285 6.3639610306789285 6
      vertex -6.688303429296548 6.022175457229724 6
    endloop
  endfacet
  facet normal -0.6883545756937524 0.7253743710122891 0
    outer loop
      vertex -6.3639610306789285 6.3639610306789285 31
      vertex -6.022175457229724 6.688303429296548 6
      vertex -6.3639610306789285 6.3639610306789285 6
    endloop
  endfacet
  facet normal -0.8788171126619647 0.4771587602596095 0
    outer loop
      vertex -7.794228634059947 4.5 31
      vertex -7.794228634059947 4.5 6
      vertex -8.01905871769531 4.085914497655922 6
    endloop
  endfacet
  facet normal -0.9025852843498606 0.43051109680829525 0
    outer loop
      vertex -8.01905871769531 4.085914497655922 31
      vertex -8.01905871769531 4.085914497655922 6
      vertex -8.221909118783408 3.660629787682202 6
    endloop
  endfacet
  facet normal -0.9238795325112865 0.3826834323650903 0
    outer loop
      vertex -8.221909118783408 3.660629787682202 31
      vertex -8.221909118783408 3.660629787682202 6
      vertex -8.402223838474816 3.2253115459077026 6
    endloop
  endfacet
  facet normal -0.7933533402912347 0.6087614290087211 0
    outer loop
      vertex -6.994313653112738 5.663883519448537 31
      vertex -6.994313653112738 5.663883519448537 6
      vertex -7.281152949374527 5.2900672706322585 6
    endloop
  endfacet
  facet normal -0.8526401643540937 0.5224985647159466 0
    outer loop
      vertex -7.548035111508817 4.901751315135244 31
      vertex -7.548035111508817 4.901751315135244 6
      vertex -7.794228634059947 4.5 6
    endloop
  endfacet
  facet normal -0.8241261886220153 0.5664062369248335 0
    outer loop
      vertex -7.281152949374527 5.2900672706322585 31
      vertex -7.281152949374527 5.2900672706322585 6
      vertex -7.548035111508817 4.901751315135244 6
    endloop
  endfacet
  facet normal -0.760405965600031 0.6494480483301837 0
    outer loop
      vertex -6.688303429296548 6.022175457229724 31
      vertex -6.688303429296548 6.022175457229724 6
      vertex -6.994313653112738 5.663883519448537 6
    endloop
  endfacet
  facet normal -0.9588197348681922 0.284015344703926 0
    outer loop
      vertex -8.559508646656381 2.7811529493745266 31
      vertex -8.559508646656381 2.7811529493745266 6
      vertex -8.693332436601615 2.3293714059226867 6
    endloop
  endfacet
  facet normal -0.9723699203976767 0.23344536385590534 0
    outer loop
      vertex -8.693332436601615 2.3293714059226867 31
      vertex -8.693332436601615 2.3293714059226867 6
      vertex -8.803328406604251 1.8712052173598341 6
    endloop
  endfacet
  facet normal -0.9832549075639544 0.18223552549214822 0
    outer loop
      vertex -8.803328406604251 1.8712052173598341 31
      vertex -8.803328406604251 1.8712052173598341 6
      vertex -8.88919506535624 1.407910185362078 6
    endloop
  endfacet
  facet normal -0.9426414910921794 0.33380685923376796 0
    outer loop
      vertex -8.402223838474816 3.2253115459077026 31
      vertex -8.402223838474816 3.2253115459077026 6
      vertex -8.559508646656381 2.7811529493745266 6
    endloop
  endfacet
  facet normal -0.991444861373811 0.13052619222004755 0
    outer loop
      vertex -8.88919506535624 1.407910185362078 31
      vertex -8.88919506535624 1.407910185362078 6
      vertex -8.950697058314459 0.9407561694088813 6
    endloop
  endfacet
  facet normal -0.996917333733128 0.0784590957278453 0
    outer loop
      vertex -8.950697058314459 0.9407561694088813 31
      vertex -8.950697058314459 0.9407561694088813 6
      vertex -8.987665812791164 0.4710236061864945 6
    endloop
  endfacet
  facet normal -0.9996573249755574 0.026176948307875102 0
    outer loop
      vertex -8.987665812791164 0.4710236061864945 31
      vertex -8.987665812791164 0.4710236061864945 6
      vertex -9 0 6
    endloop
  endfacet
  facet normal -0.6087614290087211 0.7933533402912347 0
    outer loop
      vertex -5.663883519448537 6.994313653112738 31
      vertex -5.2900672706322585 7.281152949374527 6
      vertex -5.663883519448537 6.994313653112738 6
    endloop
  endfacet
  facet normal -0.6494480483301837 0.760405965600031 0
    outer loop
      vertex -6.022175457229724 6.688303429296548 31
      vertex -5.663883519448537 6.994313653112738 6
      vertex -6.022175457229724 6.688303429296548 6
    endloop
  endfacet
  facet normal -0.5664062369248335 0.8241261886220153 0
    outer loop
      vertex -5.2900672706322585 7.281152949374527 31
      vertex -4.901751315135244 7.548035111508817 6
      vertex -5.2900672706322585 7.281152949374527 6
    endloop
  endfacet
  facet normal -0.5224985647159466 0.8526401643540937 0
    outer loop
      vertex -4.901751315135244 7.548035111508817 31
      vertex -4.5 7.794228634059947 6
      vertex -4.901751315135244 7.548035111508817 6
    endloop
  endfacet
  facet normal -0.4771587602596095 0.8788171126619647 0
    outer loop
      vertex -4.5 7.794228634059947 31
      vertex -4.085914497655922 8.01905871769531 6
      vertex -4.5 7.794228634059947 6
    endloop
  endfacet
  facet normal -0.43051109680829525 0.9025852843498606 0
    outer loop
      vertex -4.085914497655922 8.01905871769531 31
      vertex -3.660629787682202 8.221909118783408 6
      vertex -4.085914497655922 8.01905871769531 6
    endloop
  endfacet
  facet normal -0.3826834323650903 0.9238795325112865 0
    outer loop
      vertex -3.660629787682202 8.221909118783408 31
      vertex -3.2253115459077026 8.402223838474816 6
      vertex -3.660629787682202 8.221909118783408 6
    endloop
  endfacet
  facet normal -0.284015344703926 0.9588197348681922 0
    outer loop
      vertex -2.7811529493745266 8.559508646656381 31
      vertex -2.3293714059226867 8.693332436601615 6
      vertex -2.7811529493745266 8.559508646656381 6
    endloop
  endfacet
  facet normal -0.33380685923376796 0.9426414910921794 0
    outer loop
      vertex -3.2253115459077026 8.402223838474816 31
      vertex -2.7811529493745266 8.559508646656381 6
      vertex -3.2253115459077026 8.402223838474816 6
    endloop
  endfacet
  facet normal -0.23344536385590534 0.9723699203976767 0
    outer loop
      vertex -2.3293714059226867 8.693332436601615 31
      vertex -1.8712052173598341 8.803328406604251 6
      vertex -2.3293714059226867 8.693332436601615 6
    endloop
  endfacet
  facet normal -0.18223552549214822 0.9832549075639544 0
    outer loop
      vertex -1.8712052173598341 8.803328406604251 31
      vertex -1.407910185362078 8.88919506535624 6
      vertex -1.8712052173598341 8.803328406604251 6
    endloop
  endfacet
  facet normal -0.13052619222004755 0.991444861373811 0
    outer loop
      vertex -1.407910185362078 8.88919506535624 31
      vertex -0.9407561694088813 8.950697058314459 6
      vertex -1.407910185362078 8.88919506535624 6
    endloop
  endfacet
  facet normal -0.0784590957278453 0.996917333733128 0
    outer loop
      vertex -0.9407561694088813 8.950697058314459 31
      vertex -0.4710236061864945 8.987665812791164 6
      vertex -0.9407561694088813 8.950697058314459 6
    endloop
  endfacet
  facet normal -0.026176948307875102 0.9996573249755574 0
    outer loop
      vertex -0.4710236061864945 8.987665812791164 31
      vertex 0 9 6
      vertex -0.4710236061864945 8.987665812791164 6
    endloop
  endfacet
  facet normal 0 0 1
    outer loop
      vertex -8.987665812791164 0.4710236061864945 31
      vertex -9 0 31
      vertex -8.987665812791164 -0.4710236061864945 31
    endloop
  endfacet
  facet normal 0 0 1
    outer loop
      vertex -8.987665812791164 0.4710236061864945 31
      vertex -8.987665812791164 -0.4710236061864945 31
      vertex -8.950697058314459 -0.9407561694088813 31
    endloop
  endfacet
  facet normal 0 0 1
    outer loop
      vertex -8.950697058314459 0.9407561694088813 31
      vertex -8.950697058314459 -0.9407561694088813 31
      vertex -8.88919506535624 -1.407910185362078 31
    endloop
  endfacet
  facet normal 0 0 1
    outer loop
      vertex -8.88919506535624 1.407910185362078 31
      vertex -8.88919506535624 -1.407910185362078 31
      vertex -8.803328406604251 -1.8712052173598341 31
    endloop
  endfacet
  facet normal 0 0 1
    outer loop
      vertex -8.803328406604251 1.8712052173598341 31
      vertex -8.803328406604251 -1.8712052173598341 31
      vertex -8.693332436601615 -2.3293714059226867 31
    endloop
  endfacet
  facet normal 0 0 1
    outer loop
      vertex -8.693332436601615 2.3293714059226867 31
      vertex -8.693332436601615 -2.3293714059226867 31
      vertex -8.559508646656381 -2.7811529493745266 31
    endloop
  endfacet
  facet normal 0 0 1
    outer loop
      vertex -8.559508646656381 2.7811529493745266 31
      vertex -8.559508646656381 -2.7811529493745266 31
      vertex -8.402223838474816 -3.2253115459077026 31
    endloop
  endfacet
  facet normal 0 0 1
    outer loop
      vertex -8.402223838474816 3.2253115459077026 31
      vertex -8.402223838474816 -3.2253115459077026 31
      vertex -8.221909118783408 -3.660629787682202 31
    endloop
  endfacet
  facet normal 0 0 1
    outer loop
      vertex -8.221909118783408 3.660629787682202 31
      vertex -8.221909118783408 -3.660629787682202 31
      vertex -8.01905871769531 -4.085914497655922 31
    endloop
  endfacet
  facet normal 0 0 1
    outer loop
      vertex -8.01905871769531 4.085914497655922 31
      vertex -8.01905871769531 -4.085914497655922 31
      vertex -7.794228634059947 -4.5 31
    endloop
  endfacet
  facet normal 0 0 1
    outer loop
      vertex -7.794228634059947 4.5 31
      vertex -7.794228634059947 -4.5 31
      vertex -7.548035111508817 -4.901751315135244 31
    endloop
  endfacet
  facet normal 0 0 1
    outer loop
      vertex -7.548035111508817 4.901751315135244 31
      vertex -7.548035111508817 -4.901751315135244 31
      vertex -7.281152949374527 -5.2900672706322585 31
    endloop
  endfacet
  facet normal 0 0 1
    outer loop
      vertex -7.281152949374527 5.2900672706322585 31
      vertex -7.281152949374527 -5.2900672706322585 31
      vertex -6.994313653112738 -5.663883519448537 31
    endloop
  endfacet
  facet normal 0 0 1
    outer loop
      vertex -6.994313653112738 5.663883519448537 31
      vertex -6.994313653112738 -5.663883519448537 31
      vertex -6.688303429296548 -6.022175457229724 31
    endloop
  endfacet
  facet normal 0 0 1
    outer loop
      vertex -6.688303429296548 6.022175457229724 31
      vertex -6.688303429296548 -6.022175457229724 31
      vertex -6.3639610306789285 -6.3639610306789285 31
    endloop
  endfacet
  facet normal 0 0 1
    outer loop
      vertex -6.3639610306789285 6.3639610306789285 31
      vertex -6.3639610306789285 -6.3639610306789285 31
      vertex -6.022175457229724 -6.688303429296548 31
    endloop
  endfacet
  facet normal 0 0 1
    outer loop
      vertex -6.022175457229724 6.688303429296548 31
      vertex -6.022175457229724 -6.688303429296548 31
      vertex -5.663883519448537 -6.994313653112738 31
    endloop
  endfacet
  facet normal 0 0 1
    outer loop
      vertex -5.663883519448537 6.994313653112738 31
      vertex -5.663883519448537 -6.994313653112738 31
      vertex -5.2900672706322585 -7.281152949374527 31
    endloop
  endfacet
  facet normal 0 0 1
    outer loop
      vertex -5.2900672706322585 7.281152949374527 31
      vertex -5.2900672706322585 -7.281152949374527 31
      vertex -4.901751315135244 -7.548035111508817 31
    endloop
  endfacet
  facet normal 0 0 1
    outer loop
      vertex -4.901751315135244 7.548035111508817 31
      vertex -4.901751315135244 -7.548035111508817 31
      vertex -4.5 -7.794228634059947 31
    endloop
  endfacet
  facet normal 0 0 1
    outer loop
      vertex -4.5 7.794228634059947 31
      vertex -4.5 -7.794228634059947 31
      vertex -4.085914497655922 -8.01905871769531 31
    endloop
  endfacet
  facet normal 0 0 1
    outer loop
      vertex -4.085914497655922 8.01905871769531 31
      vertex -4.085914497655922 -8.01905871769531 31
      vertex -3.660629787682202 -8.221909118783408 31
    endloop
  endfacet
  facet normal 0 0 1
    outer loop
      vertex -3.660629787682202 8.221909118783408 31
      vertex -3.660629787682202 -8.221909118783408 31
      vertex -3.2253115459077026 -8.402223838474816 31
    endloop
  endfacet
  facet normal 0 0 1
    outer loop
      vertex -2.7811529493745266 8.559508646656381 31
      vertex -2.7811529493745266 -8.559508646656381 31
      vertex -2.7000000029802322 0 31
    endloop
  endfacet
  facet normal 0 0 1
    outer loop
      vertex -3.2253115459077026 8.402223838474816 31
      vertex -3.2253115459077026 -8.402223838474816 31
      vertex -2.7811529493745266 -8.559508646656381 31
    endloop
  endfacet
  facet normal 0 0 1
    outer loop
      vertex -2.7811529493745266 -8.559508646656381 31
      vertex -2.696299746632576 -0.14130707830190659 31
      vertex -2.7000000029802322 0 31
    endloop
  endfacet
  facet normal 0 0 1
    outer loop
      vertex -2.7811529493745266 -8.559508646656381 31
      vertex -2.6667585223913193 -0.42237305641174316 31
      vertex -2.6852091178297997 -0.2822268530726433 31
    endloop
  endfacet
  facet normal 0 0 1
    outer loop
      vertex -2.7811529493745266 -8.559508646656381 31
      vertex -2.6852091178297997 -0.2822268530726433 31
      vertex -2.696299746632576 -0.14130707830190659 31
    endloop
  endfacet
  facet normal 0 0 1
    outer loop
      vertex -2.7811529493745266 -8.559508646656381 31
      vertex -2.607999734580517 -0.6988114193081856 31
      vertex -2.6409985199570656 -0.5613615661859512 31
    endloop
  endfacet
  facet normal 0 0 1
    outer loop
      vertex -2.7811529493745266 -8.559508646656381 31
      vertex -2.6409985199570656 -0.5613615661859512 31
      vertex -2.6667585223913193 -0.42237305641174316 31
    endloop
  endfacet
  facet normal 0 0 1
    outer loop
      vertex -2.7811529493745266 -8.559508646656381 31
      vertex -2.567852593958378 -0.8343458846211433 31
      vertex -2.607999734580517 -0.6988114193081856 31
    endloop
  endfacet
  facet normal 0 0 1
    outer loop
      vertex -2.3293714059226867 -8.693332436601615 31
      vertex -2.520667150616646 -0.9675934612751007 31
      vertex -2.567852593958378 -0.8343458846211433 31
    endloop
  endfacet
  facet normal 0 0 1
    outer loop
      vertex -2.3293714059226867 -8.693332436601615 31
      vertex -2.4665727391839027 -1.0981889367103577 31
      vertex -2.520667150616646 -0.9675934612751007 31
    endloop
  endfacet
  facet normal 0 0 1
    outer loop
      vertex -2.3293714059226867 -8.693332436601615 31
      vertex -2.405717618763447 -1.225774347782135 31
      vertex -2.4665727391839027 -1.0981889367103577 31
    endloop
  endfacet
  facet normal 0 0 1
    outer loop
      vertex -2.3293714059226867 -8.693332436601615 31
      vertex -2.338268592953682 -1.3500000014901161 31
      vertex -2.405717618763447 -1.225774347782135 31
    endloop
  endfacet
  facet normal 0 0 1
    outer loop
      vertex -2.3293714059226867 -8.693332436601615 31
      vertex -2.2644105330109596 -1.4705253913998604 31
      vertex -2.338268592953682 -1.3500000014901161 31
    endloop
  endfacet
  facet normal 0 0 1
    outer loop
      vertex -2.3293714059226867 -8.693332436601615 31
      vertex -2.1843458861112595 -1.587020181119442 31
      vertex -2.2644105330109596 -1.4705253913998604 31
    endloop
  endfacet
  facet normal 0 0 1
    outer loop
      vertex -2.3293714059226867 -8.693332436601615 31
      vertex -2.0982940942049026 -1.699165053665638 31
      vertex -2.1843458861112595 -1.587020181119442 31
    endloop
  endfacet
  facet normal 0 0 1
    outer loop
      vertex -2.3293714059226867 -8.693332436601615 31
      vertex -2.0975809767842293 -1.7000000029802322 31
      vertex -2.0982940942049026 -1.699165053665638 31
    endloop
  endfacet
  facet normal 0 0 1
    outer loop
      vertex -2.7811529493745266 -8.559508646656381 31
      vertex -2.3293714059226867 -8.693332436601615 31
      vertex -2.567852593958378 -0.8343458846211433 31
    endloop
  endfacet
  facet normal 0 0 1
    outer loop
      vertex -2.3293714059226867 -8.693332436601615 31
      vertex -1.8712052173598341 -8.803328406604251 31
      vertex -2.0975809767842293 -1.7000000029802322 31
    endloop
  endfacet
  facet normal 0 0 1
    outer loop
      vertex -1.8712052173598341 -8.803328406604251 31
      vertex -1.407910185362078 -8.88919506535624 31
      vertex -2.0975809767842293 -1.7000000029802322 31
    endloop
  endfacet
  facet normal 0 0 1
    outer loop
      vertex -1.407910185362078 -8.88919506535624 31
      vertex -0.9407561694088813 -8.950697058314459 31
      vertex -2.0975809767842293 -1.7000000029802322 31
    endloop
  endfacet
  facet normal 0 0 1
    outer loop
      vertex -0.9407561694088813 -8.950697058314459 31
      vertex -0.4710236061864945 -8.987665812791164 31
      vertex -2.0975809767842293 -1.7000000029802322 31
    endloop
  endfacet
  facet normal 0 0 1
    outer loop
      vertex -0.4710236061864945 -8.987665812791164 31
      vertex 0 -9 31
      vertex -2.0975809767842293 -1.7000000029802322 31
    endloop
  endfacet
  facet normal 0 0 1
    outer loop
      vertex 0 -9 31
      vertex 0.4710236061864945 -8.987665812791164 31
      vertex -2.0975809767842293 -1.7000000029802322 31
    endloop
  endfacet
  facet normal 0 0 1
    outer loop
      vertex 0.4710236061864945 -8.987665812791164 31
      vertex 0.9407561694088813 -8.950697058314459 31
      vertex -2.0975809767842293 -1.7000000029802322 31
    endloop
  endfacet
  facet normal -0.9996573249755574 -0.026176948307875102 -3.046115112784831e-20
    outer loop
      vertex -9 0 31
      vertex -8.987665812791164 -0.4710236061864945 6
      vertex -8.987665812791164 -0.4710236061864945 31
    endloop
  endfacet
  facet normal -0.996917333733128 -0.0784590957278453 5.999253010989882e-20
    outer loop
      vertex -8.987665812791164 -0.4710236061864945 31
      vertex -8.950697058314459 -0.9407561694088813 6
      vertex -8.950697058314459 -0.9407561694088813 31
    endloop
  endfacet
  facet normal -0.991444861373811 -0.13052619222004755 -1.4296642670393598e-19
    outer loop
      vertex -8.950697058314459 -0.9407561694088813 31
      vertex -8.88919506535624 -1.407910185362078 6
      vertex -8.88919506535624 -1.407910185362078 31
    endloop
  endfacet
  facet normal -0.9832549075639544 -0.18223552549214822 -1.6548563345906259e-19
    outer loop
      vertex -8.88919506535624 -1.407910185362078 31
      vertex -8.803328406604251 -1.8712052173598341 6
      vertex -8.803328406604251 -1.8712052173598341 31
    endloop
  endfacet
  facet normal -0.9723699203976767 -0.23344536385590534 -2.2681163629158487e-19
    outer loop
      vertex -8.803328406604251 -1.8712052173598341 31
      vertex -8.693332436601615 -2.3293714059226867 6
      vertex -8.693332436601615 -2.3293714059226867 31
    endloop
  endfacet
  facet normal -0.9588197348681922 -0.284015344703926 1.0551576054058119e-19
    outer loop
      vertex -8.693332436601615 -2.3293714059226867 31
      vertex -8.559508646656381 -2.7811529493745266 6
      vertex -8.559508646656381 -2.7811529493745266 31
    endloop
  endfacet
  facet normal -0.9426414910921794 -0.33380685923376796 -4.951224263238659e-19
    outer loop
      vertex -8.559508646656381 -2.7811529493745266 31
      vertex -8.402223838474816 -3.2253115459077026 6
      vertex -8.402223838474816 -3.2253115459077026 31
    endloop
  endfacet
  facet normal -0.9238795325112865 -0.3826834323650903 -3.00793355715976e-19
    outer loop
      vertex -8.402223838474816 -3.2253115459077026 31
      vertex -8.221909118783408 -3.660629787682202 6
      vertex -8.221909118783408 -3.660629787682202 31
    endloop
  endfacet
  facet normal -0.9025852843498606 -0.43051109680829525 1.98834933674405e-19
    outer loop
      vertex -8.221909118783408 -3.660629787682202 31
      vertex -8.01905871769531 -4.085914497655922 6
      vertex -8.01905871769531 -4.085914497655922 31
    endloop
  endfacet
  facet normal -0.8788171126619647 -0.4771587602596095 -4.933551506685922e-19
    outer loop
      vertex -8.01905871769531 -4.085914497655922 31
      vertex -7.794228634059947 -4.5 6
      vertex -7.794228634059947 -4.5 31
    endloop
  endfacet
  facet normal -0.8526401643540937 -0.5224985647159466 2.7441465940726454e-20
    outer loop
      vertex -7.794228634059947 -4.5 31
      vertex -7.548035111508817 -4.901751315135244 6
      vertex -7.548035111508817 -4.901751315135244 31
    endloop
  endfacet
  facet normal -0.8241261886220153 -0.5664062369248335 1.836625760319393e-19
    outer loop
      vertex -7.548035111508817 -4.901751315135244 31
      vertex -7.281152949374527 -5.2900672706322585 6
      vertex -7.281152949374527 -5.2900672706322585 31
    endloop
  endfacet
  facet normal -0.7933533402912347 -0.6087614290087211 -1.2052416506332966e-19
    outer loop
      vertex -7.281152949374527 -5.2900672706322585 31
      vertex -6.994313653112738 -5.663883519448537 6
      vertex -6.994313653112738 -5.663883519448537 31
    endloop
  endfacet
  facet normal -0.760405965600031 -0.6494480483301837 2.6876704100026184e-19
    outer loop
      vertex -6.994313653112738 -5.663883519448537 31
      vertex -6.688303429296548 -6.022175457229724 6
      vertex -6.688303429296548 -6.022175457229724 31
    endloop
  endfacet
  facet normal -0.7253743710122891 -0.6883545756937524 7.67009511908142e-20
    outer loop
      vertex -6.688303429296548 -6.022175457229724 31
      vertex -6.3639610306789285 -6.3639610306789285 6
      vertex -6.3639610306789285 -6.3639610306789285 31
    endloop
  endfacet
  facet normal -0.6883545756937524 -0.7253743710122891 0
    outer loop
      vertex -6.3639610306789285 -6.3639610306789285 31
      vertex -6.3639610306789285 -6.3639610306789285 6
      vertex -6.022175457229724 -6.688303429296548 31
    endloop
  endfacet
  facet normal -0.6494480483301837 -0.760405965600031 0
    outer loop
      vertex -6.022175457229724 -6.688303429296548 31
      vertex -6.022175457229724 -6.688303429296548 6
      vertex -5.663883519448537 -6.994313653112738 31
    endloop
  endfacet
  facet normal -0.6087614290087211 -0.7933533402912347 0
    outer loop
      vertex -5.663883519448537 -6.994313653112738 31
      vertex -5.663883519448537 -6.994313653112738 6
      vertex -5.2900672706322585 -7.281152949374527 31
    endloop
  endfacet
  facet normal -0.5664062369248335 -0.8241261886220153 0
    outer loop
      vertex -5.2900672706322585 -7.281152949374527 31
      vertex -5.2900672706322585 -7.281152949374527 6
      vertex -4.901751315135244 -7.548035111508817 31
    endloop
  endfacet
  facet normal -0.5224985647159466 -0.8526401643540937 0
    outer loop
      vertex -4.901751315135244 -7.548035111508817 31
      vertex -4.901751315135244 -7.548035111508817 6
      vertex -4.5 -7.794228634059947 31
    endloop
  endfacet
  facet normal -0.4771587602596095 -0.8788171126619647 0
    outer loop
      vertex -4.5 -7.794228634059947 31
      vertex -4.5 -7.794228634059947 6
      vertex -4.085914497655922 -8.01905871769531 31
    endloop
  endfacet
  facet normal -0.43051109680829525 -0.9025852843498606 0
    outer loop
      vertex -4.085914497655922 -8.01905871769531 31
      vertex -4.085914497655922 -8.01905871769531 6
      vertex -3.660629787682202 -8.221909118783408 31
    endloop
  endfacet
  facet normal -0.3826834323650903 -0.9238795325112865 0
    outer loop
      vertex -3.660629787682202 -8.221909118783408 31
      vertex -3.660629787682202 -8.221909118783408 6
      vertex -3.2253115459077026 -8.402223838474816 31
    endloop
  endfacet
  facet normal -0.33380685923376796 -0.9426414910921794 0
    outer loop
      vertex -3.2253115459077026 -8.402223838474816 31
      vertex -3.2253115459077026 -8.402223838474816 6
      vertex -2.7811529493745266 -8.559508646656381 31
    endloop
  endfacet
  facet normal -0.284015344703926 -0.9588197348681922 0
    outer loop
      vertex -2.7811529493745266 -8.559508646656381 31
      vertex -2.7811529493745266 -8.559508646656381 6
      vertex -2.3293714059226867 -8.693332436601615 31
    endloop
  endfacet
  facet normal -0.23344536385590534 -0.9723699203976767 0
    outer loop
      vertex -2.3293714059226867 -8.693332436601615 31
      vertex -2.3293714059226867 -8.693332436601615 6
      vertex -1.8712052173598341 -8.803328406604251 31
    endloop
  endfacet
  facet normal -0.18223552549214822 -0.9832549075639544 0
    outer loop
      vertex -1.8712052173598341 -8.803328406604251 31
      vertex -1.8712052173598341 -8.803328406604251 6
      vertex -1.407910185362078 -8.88919506535624 31
    endloop
  endfacet
  facet normal -0.13052619222004755 -0.991444861373811 0
    outer loop
      vertex -1.407910185362078 -8.88919506535624 31
      vertex -1.407910185362078 -8.88919506535624 6
      vertex -0.9407561694088813 -8.950697058314459 31
    endloop
  endfacet
  facet normal -0.0784590957278453 -0.996917333733128 0
    outer loop
      vertex -0.9407561694088813 -8.950697058314459 31
      vertex -0.9407561694088813 -8.950697058314459 6
      vertex -0.4710236061864945 -8.987665812791164 31
    endloop
  endfacet
  facet normal -0.026176948307875102 -0.9996573249755574 0
    outer loop
      vertex -0.4710236061864945 -8.987665812791164 31
      vertex -0.4710236061864945 -8.987665812791164 6
      vertex 0 -9 31
    endloop
  endfacet
  facet normal -0.9996573249755574 -0.026176948307875102 0
    outer loop
      vertex -9 0 31
      vertex -9 0 6
      vertex -8.987665812791164 -0.4710236061864945 6
    endloop
  endfacet
  facet normal -0.996917333733128 -0.0784590957278453 0
    outer loop
      vertex -8.987665812791164 -0.4710236061864945 31
      vertex -8.987665812791164 -0.4710236061864945 6
      vertex -8.950697058314459 -0.9407561694088813 6
    endloop
  endfacet
  facet normal -0.991444861373811 -0.13052619222004755 0
    outer loop
      vertex -8.950697058314459 -0.9407561694088813 31
      vertex -8.950697058314459 -0.9407561694088813 6
      vertex -8.88919506535624 -1.407910185362078 6
    endloop
  endfacet
  facet normal -0.9832549075639544 -0.18223552549214822 0
    outer loop
      vertex -8.88919506535624 -1.407910185362078 31
      vertex -8.88919506535624 -1.407910185362078 6
      vertex -8.803328406604251 -1.8712052173598341 6
    endloop
  endfacet
  facet normal -0.9723699203976767 -0.23344536385590534 0
    outer loop
      vertex -8.803328406604251 -1.8712052173598341 31
      vertex -8.803328406604251 -1.8712052173598341 6
      vertex -8.693332436601615 -2.3293714059226867 6
    endloop
  endfacet
  facet normal -0.9588197348681922 -0.284015344703926 0
    outer loop
      vertex -8.693332436601615 -2.3293714059226867 31
      vertex -8.693332436601615 -2.3293714059226867 6
      vertex -8.559508646656381 -2.7811529493745266 6
    endloop
  endfacet
  facet normal -0.9426414910921794 -0.33380685923376796 0
    outer loop
      vertex -8.559508646656381 -2.7811529493745266 31
      vertex -8.559508646656381 -2.7811529493745266 6
      vertex -8.402223838474816 -3.2253115459077026 6
    endloop
  endfacet
  facet normal -0.9238795325112865 -0.3826834323650903 0
    outer loop
      vertex -8.402223838474816 -3.2253115459077026 31
      vertex -8.402223838474816 -3.2253115459077026 6
      vertex -8.221909118783408 -3.660629787682202 6
    endloop
  endfacet
  facet normal -0.9025852843498606 -0.43051109680829525 0
    outer loop
      vertex -8.221909118783408 -3.660629787682202 31
      vertex -8.221909118783408 -3.660629787682202 6
      vertex -8.01905871769531 -4.085914497655922 6
    endloop
  endfacet
  facet normal -0.8788171126619647 -0.4771587602596095 0
    outer loop
      vertex -8.01905871769531 -4.085914497655922 31
      vertex -8.01905871769531 -4.085914497655922 6
      vertex -7.794228634059947 -4.5 6
    endloop
  endfacet
  facet normal -0.8526401643540937 -0.5224985647159466 0
    outer loop
      vertex -7.794228634059947 -4.5 31
      vertex -7.794228634059947 -4.5 6
      vertex -7.548035111508817 -4.901751315135244 6
    endloop
  endfacet
  facet normal -0.8241261886220153 -0.5664062369248335 0
    outer loop
      vertex -7.548035111508817 -4.901751315135244 31
      vertex -7.548035111508817 -4.901751315135244 6
      vertex -7.281152949374527 -5.2900672706322585 6
    endloop
  endfacet
  facet normal -0.7933533402912347 -0.6087614290087211 0
    outer loop
      vertex -7.281152949374527 -5.2900672706322585 31
      vertex -7.281152949374527 -5.2900672706322585 6
      vertex -6.994313653112738 -5.663883519448537 6
    endloop
  endfacet
  facet normal -0.760405965600031 -0.6494480483301837 0
    outer loop
      vertex -6.994313653112738 -5.663883519448537 31
      vertex -6.994313653112738 -5.663883519448537 6
      vertex -6.688303429296548 -6.022175457229724 6
    endloop
  endfacet
  facet normal -0.7253743710122891 -0.6883545756937524 0
    outer loop
      vertex -6.688303429296548 -6.022175457229724 31
      vertex -6.688303429296548 -6.022175457229724 6
      vertex -6.3639610306789285 -6.3639610306789285 6
    endloop
  endfacet
  facet normal -0.6883545756937524 -0.7253743710122891 0
    outer loop
      vertex -6.022175457229724 -6.688303429296548 31
      vertex -6.3639610306789285 -6.3639610306789285 6
      vertex -6.022175457229724 -6.688303429296548 6
    endloop
  endfacet
  facet normal -0.6494480483301837 -0.760405965600031 0
    outer loop
      vertex -5.663883519448537 -6.994313653112738 31
      vertex -6.022175457229724 -6.688303429296548 6
      vertex -5.663883519448537 -6.994313653112738 6
    endloop
  endfacet
  facet normal -0.6087614290087211 -0.7933533402912347 0
    outer loop
      vertex -5.2900672706322585 -7.281152949374527 31
      vertex -5.663883519448537 -6.994313653112738 6
      vertex -5.2900672706322585 -7.281152949374527 6
    endloop
  endfacet
  facet normal -0.5664062369248335 -0.8241261886220153 0
    outer loop
      vertex -4.901751315135244 -7.548035111508817 31
      vertex -5.2900672706322585 -7.281152949374527 6
      vertex -4.901751315135244 -7.548035111508817 6
    endloop
  endfacet
  facet normal -0.5224985647159466 -0.8526401643540937 0
    outer loop
      vertex -4.5 -7.794228634059947 31
      vertex -4.901751315135244 -7.548035111508817 6
      vertex -4.5 -7.794228634059947 6
    endloop
  endfacet
  facet normal -0.4771587602596095 -0.8788171126619647 0
    outer loop
      vertex -4.085914497655922 -8.01905871769531 31
      vertex -4.5 -7.794228634059947 6
      vertex -4.085914497655922 -8.01905871769531 6
    endloop
  endfacet
  facet normal -0.43051109680829525 -0.9025852843498606 0
    outer loop
      vertex -3.660629787682202 -8.221909118783408 31
      vertex -4.085914497655922 -8.01905871769531 6
      vertex -3.660629787682202 -8.221909118783408 6
    endloop
  endfacet
  facet normal -0.3826834323650903 -0.9238795325112865 0
    outer loop
      vertex -3.2253115459077026 -8.402223838474816 31
      vertex -3.660629787682202 -8.221909118783408 6
      vertex -3.2253115459077026 -8.402223838474816 6
    endloop
  endfacet
  facet normal -0.33380685923376796 -0.9426414910921794 0
    outer loop
      vertex -2.7811529493745266 -8.559508646656381 31
      vertex -3.2253115459077026 -8.402223838474816 6
      vertex -2.7811529493745266 -8.559508646656381 6
    endloop
  endfacet
  facet normal -0.284015344703926 -0.9588197348681922 0
    outer loop
      vertex -2.3293714059226867 -8.693332436601615 31
      vertex -2.7811529493745266 -8.559508646656381 6
      vertex -2.3293714059226867 -8.693332436601615 6
    endloop
  endfacet
  facet normal -0.23344536385590534 -0.9723699203976767 0
    outer loop
      vertex -1.8712052173598341 -8.803328406604251 31
      vertex -2.3293714059226867 -8.693332436601615 6
      vertex -1.8712052173598341 -8.803328406604251 6
    endloop
  endfacet
  facet normal -0.18223552549214822 -0.9832549075639544 0
    outer loop
      vertex -1.407910185362078 -8.88919506535624 31
      vertex -1.8712052173598341 -8.803328406604251 6
      vertex -1.407910185362078 -8.88919506535624 6
    endloop
  endfacet
  facet normal -0.13052619222004755 -0.991444861373811 0
    outer loop
      vertex -0.9407561694088813 -8.950697058314459 31
      vertex -1.407910185362078 -8.88919506535624 6
      vertex -0.9407561694088813 -8.950697058314459 6
    endloop
  endfacet
  facet normal -0.0784590957278453 -0.996917333733128 0
    outer loop
      vertex -0.4710236061864945 -8.987665812791164 31
      vertex -0.9407561694088813 -8.950697058314459 6
      vertex -0.4710236061864945 -8.987665812791164 6
    endloop
  endfacet
  facet normal -0.026176948307875102 -0.9996573249755574 -3.046115112784831e-20
    outer loop
      vertex -0.4710236061864945 -8.987665812791164 6
      vertex 0 -9 6
      vertex 0 -9 31
    endloop
  endfacet
  facet normal 0 0 1
    outer loop
      vertex -0.9407561694088813 8.950697058314459 31
      vertex 2.0975809767842293 1.7000000029802322 31
      vertex -0.4710236061864945 8.987665812791164 31
    endloop
  endfacet
  facet normal 0 0 1
    outer loop
      vertex -0.4710236061864945 8.987665812791164 31
      vertex 2.0975809767842293 1.7000000029802322 31
      vertex 0 9 31
    endloop
  endfacet
  facet normal 0 0 1
    outer loop
      vertex 0 9 31
      vertex 2.0975809767842293 1.7000000029802322 31
      vertex 0.4710236061864945 8.987665812791164 31
    endloop
  endfacet
  facet normal 0 0 1
    outer loop
      vertex 0.4710236061864945 8.987665812791164 31
      vertex 2.0975809767842293 1.7000000029802322 31
      vertex 0.9407561694088813 8.950697058314459 31
    endloop
  endfacet
  facet normal 0 0 1
    outer loop
      vertex 0.9407561694088813 8.950697058314459 31
      vertex 2.0975809767842293 1.7000000029802322 31
      vertex 1.407910185362078 8.88919506535624 31
    endloop
  endfacet
  facet normal 0 0 1
    outer loop
      vertex 1.407910185362078 8.88919506535624 31
      vertex 2.0975809767842293 1.7000000029802322 31
      vertex 1.8712052173598341 8.803328406604251 31
    endloop
  endfacet
  facet normal 0 0 1
    outer loop
      vertex 1.8712052173598341 8.803328406604251 31
      vertex 2.0975809767842293 1.7000000029802322 31
      vertex 2.3293714059226867 8.693332436601615 31
    endloop
  endfacet
  facet normal 0 0 1
    outer loop
      vertex 2.3293714059226867 8.693332436601615 31
      vertex 2.567852593958378 0.8343458846211433 31
      vertex 2.7811529493745266 8.559508646656381 31
    endloop
  endfacet
  facet normal 0 0 1
    outer loop
      vertex 2.3293714059226867 8.693332436601615 31
      vertex 2.1843458861112595 1.587020181119442 31
      vertex 2.2644105330109596 1.4705253913998604 31
    endloop
  endfacet
  facet normal 0 0 1
    outer loop
      vertex 2.3293714059226867 8.693332436601615 31
      vertex 2.0982940942049026 1.699165053665638 31
      vertex 2.1843458861112595 1.587020181119442 31
    endloop
  endfacet
  facet normal 0 0 1
    outer loop
      vertex 2.3293714059226867 8.693332436601615 31
      vertex 2.0975809767842293 1.7000000029802322 31
      vertex 2.0982940942049026 1.699165053665638 31
    endloop
  endfacet
  facet normal 0 0 1
    outer loop
      vertex 2.3293714059226867 8.693332436601615 31
      vertex 2.2644105330109596 1.4705253913998604 31
      vertex 2.338268592953682 1.3500000014901161 31
    endloop
  endfacet
  facet normal 0 0 1
    outer loop
      vertex 2.3293714059226867 8.693332436601615 31
      vertex 2.338268592953682 1.3500000014901161 31
      vertex 2.405717618763447 1.225774347782135 31
    endloop
  endfacet
  facet normal 0 0 1
    outer loop
      vertex 2.3293714059226867 8.693332436601615 31
      vertex 2.4665727391839027 1.0981889367103577 31
      vertex 2.520667150616646 0.9675934612751007 31
    endloop
  endfacet
  facet normal 0 0 1
    outer loop
      vertex 2.3293714059226867 8.693332436601615 31
      vertex 2.405717618763447 1.225774347782135 31
      vertex 2.4665727391839027 1.0981889367103577 31
    endloop
  endfacet
  facet normal 0 0 1
    outer loop
      vertex 2.3293714059226867 8.693332436601615 31
      vertex 2.520667150616646 0.9675934612751007 31
      vertex 2.567852593958378 0.8343458846211433 31
    endloop
  endfacet
  facet normal 0 0 1
    outer loop
      vertex 2.7811529493745266 8.559508646656381 31
      vertex 2.567852593958378 0.8343458846211433 31
      vertex 2.607999734580517 0.6988114193081856 31
    endloop
  endfacet
  facet normal 0 0 1
    outer loop
      vertex 2.7811529493745266 8.559508646656381 31
      vertex 2.607999734580517 0.6988114193081856 31
      vertex 2.6409985199570656 0.5613615661859512 31
    endloop
  endfacet
  facet normal 0 0 1
    outer loop
      vertex 2.7811529493745266 8.559508646656381 31
      vertex 2.6409985199570656 0.5613615661859512 31
      vertex 2.6667585223913193 0.42237305641174316 31
    endloop
  endfacet
  facet normal 0 0 1
    outer loop
      vertex 2.7811529493745266 8.559508646656381 31
      vertex 2.6667585223913193 0.42237305641174316 31
      vertex 2.6852091178297997 0.2822268530726433 31
    endloop
  endfacet
  facet normal 0 0 1
    outer loop
      vertex 2.7811529493745266 8.559508646656381 31
      vertex 2.6852091178297997 0.2822268530726433 31
      vertex 2.696299746632576 0.14130707830190659 31
    endloop
  endfacet
  facet normal 0 0 1
    outer loop
      vertex 2.7811529493745266 8.559508646656381 31
      vertex 2.696299746632576 0.14130707830190659 31
      vertex 2.7000000029802322 0 31
    endloop
  endfacet
  facet normal 0 0 1
    outer loop
      vertex 2.7811529493745266 8.559508646656381 31
      vertex 3.2253115459077026 -8.402223838474816 31
      vertex 3.2253115459077026 8.402223838474816 31
    endloop
  endfacet
  facet normal 0 0 1
    outer loop
      vertex 3.2253115459077026 8.402223838474816 31
      vertex 3.660629787682202 -8.221909118783408 31
      vertex 3.660629787682202 8.221909118783408 31
    endloop
  endfacet
  facet normal 0 0 1
    outer loop
      vertex 3.660629787682202 8.221909118783408 31
      vertex 4.085914497655922 -8.01905871769531 31
      vertex 4.085914497655922 8.01905871769531 31
    endloop
  endfacet
  facet normal 0 0 1
    outer loop
      vertex 4.085914497655922 8.01905871769531 31
      vertex 4.5 -7.794228634059947 31
      vertex 4.5 7.794228634059947 31
    endloop
  endfacet
  facet normal 0 0 1
    outer loop
      vertex 4.5 7.794228634059947 31
      vertex 4.901751315135244 -7.548035111508817 31
      vertex 4.901751315135244 7.548035111508817 31
    endloop
  endfacet
  facet normal 0 0 1
    outer loop
      vertex 4.901751315135244 7.548035111508817 31
      vertex 5.2900672706322585 -7.281152949374527 31
      vertex 5.2900672706322585 7.281152949374527 31
    endloop
  endfacet
  facet normal 0 0 1
    outer loop
      vertex 5.2900672706322585 7.281152949374527 31
      vertex 5.663883519448537 -6.994313653112738 31
      vertex 5.663883519448537 6.994313653112738 31
    endloop
  endfacet
  facet normal 0 0 1
    outer loop
      vertex 5.663883519448537 6.994313653112738 31
      vertex 6.022175457229724 -6.688303429296548 31
      vertex 6.022175457229724 6.688303429296548 31
    endloop
  endfacet
  facet normal 0 0 1
    outer loop
      vertex 6.022175457229724 6.688303429296548 31
      vertex 6.3639610306789285 -6.3639610306789285 31
      vertex 6.3639610306789285 6.3639610306789285 31
    endloop
  endfacet
  facet normal 0 0 1
    outer loop
      vertex 6.3639610306789285 6.3639610306789285 31
      vertex 6.688303429296548 -6.022175457229724 31
      vertex 6.688303429296548 6.022175457229724 31
    endloop
  endfacet
  facet normal 0 0 1
    outer loop
      vertex 6.688303429296548 6.022175457229724 31
      vertex 6.994313653112738 -5.663883519448537 31
      vertex 6.994313653112738 5.663883519448537 31
    endloop
  endfacet
  facet normal 0 0 1
    outer loop
      vertex 6.994313653112738 5.663883519448537 31
      vertex 7.281152949374527 -5.2900672706322585 31
      vertex 7.281152949374527 5.2900672706322585 31
    endloop
  endfacet
  facet normal 0 0 1
    outer loop
      vertex 7.281152949374527 5.2900672706322585 31
      vertex 7.548035111508817 -4.901751315135244 31
      vertex 7.548035111508817 4.901751315135244 31
    endloop
  endfacet
  facet normal 0 0 1
    outer loop
      vertex 7.548035111508817 4.901751315135244 31
      vertex 7.794228634059947 -4.5 31
      vertex 7.794228634059947 4.5 31
    endloop
  endfacet
  facet normal 0 0 1
    outer loop
      vertex 7.794228634059947 4.5 31
      vertex 8.01905871769531 -4.085914497655922 31
      vertex 8.01905871769531 4.085914497655922 31
    endloop
  endfacet
  facet normal 0 0 1
    outer loop
      vertex 8.01905871769531 4.085914497655922 31
      vertex 8.221909118783408 -3.660629787682202 31
      vertex 8.221909118783408 3.660629787682202 31
    endloop
  endfacet
  facet normal 0 0 1
    outer loop
      vertex 8.221909118783408 3.660629787682202 31
      vertex 8.402223838474816 -3.2253115459077026 31
      vertex 8.402223838474816 3.2253115459077026 31
    endloop
  endfacet
  facet normal 0 0 1
    outer loop
      vertex 8.402223838474816 3.2253115459077026 31
      vertex 8.559508646656381 -2.7811529493745266 31
      vertex 8.559508646656381 2.7811529493745266 31
    endloop
  endfacet
  facet normal 0 0 1
    outer loop
      vertex 8.559508646656381 2.7811529493745266 31
      vertex 8.693332436601615 -2.3293714059226867 31
      vertex 8.693332436601615 2.3293714059226867 31
    endloop
  endfacet
  facet normal 0 0 1
    outer loop
      vertex 8.693332436601615 2.3293714059226867 31
      vertex 8.803328406604251 -1.8712052173598341 31
      vertex 8.803328406604251 1.8712052173598341 31
    endloop
  endfacet
  facet normal 0 0 1
    outer loop
      vertex 8.803328406604251 1.8712052173598341 31
      vertex 8.88919506535624 -1.407910185362078 31
      vertex 8.88919506535624 1.407910185362078 31
    endloop
  endfacet
  facet normal 0 0 1
    outer loop
      vertex 8.88919506535624 1.407910185362078 31
      vertex 8.950697058314459 -0.9407561694088813 31
      vertex 8.950697058314459 0.9407561694088813 31
    endloop
  endfacet
  facet normal 0 0 1
    outer loop
      vertex 8.950697058314459 0.9407561694088813 31
      vertex 8.987665812791164 -0.4710236061864945 31
      vertex 8.987665812791164 0.4710236061864945 31
    endloop
  endfacet
  facet normal 0.026176948307875102 0.9996573249755574 -3.046115112784831e-20
    outer loop
      vertex 0 9 31
      vertex 0.4710236061864945 8.987665812791164 31
      vertex 0.4710236061864945 8.987665812791164 6
    endloop
  endfacet
  facet normal 0.0784590957278453 0.996917333733128 5.999253010989882e-20
    outer loop
      vertex 0.4710236061864945 8.987665812791164 31
      vertex 0.9407561694088813 8.950697058314459 31
      vertex 0.9407561694088813 8.950697058314459 6
    endloop
  endfacet
  facet normal 0.13052619222004755 0.991444861373811 -1.4296642670393598e-19
    outer loop
      vertex 0.9407561694088813 8.950697058314459 31
      vertex 1.407910185362078 8.88919506535624 31
      vertex 1.407910185362078 8.88919506535624 6
    endloop
  endfacet
  facet normal 0.18223552549214822 0.9832549075639544 -1.6548563345906259e-19
    outer loop
      vertex 1.407910185362078 8.88919506535624 31
      vertex 1.8712052173598341 8.803328406604251 31
      vertex 1.8712052173598341 8.803328406604251 6
    endloop
  endfacet
  facet normal 0.23344536385590534 0.9723699203976767 -2.2681163629158487e-19
    outer loop
      vertex 1.8712052173598341 8.803328406604251 31
      vertex 2.3293714059226867 8.693332436601615 31
      vertex 2.3293714059226867 8.693332436601615 6
    endloop
  endfacet
  facet normal 0.284015344703926 0.9588197348681922 1.0551576054058119e-19
    outer loop
      vertex 2.3293714059226867 8.693332436601615 31
      vertex 2.7811529493745266 8.559508646656381 31
      vertex 2.7811529493745266 8.559508646656381 6
    endloop
  endfacet
  facet normal 0.33380685923376796 0.9426414910921794 -4.951224263238659e-19
    outer loop
      vertex 2.7811529493745266 8.559508646656381 31
      vertex 3.2253115459077026 8.402223838474816 31
      vertex 3.2253115459077026 8.402223838474816 6
    endloop
  endfacet
  facet normal 0.3826834323650903 0.9238795325112865 -3.00793355715976e-19
    outer loop
      vertex 3.2253115459077026 8.402223838474816 31
      vertex 3.660629787682202 8.221909118783408 31
      vertex 3.660629787682202 8.221909118783408 6
    endloop
  endfacet
  facet normal 0.43051109680829525 0.9025852843498606 1.98834933674405e-19
    outer loop
      vertex 3.660629787682202 8.221909118783408 31
      vertex 4.085914497655922 8.01905871769531 31
      vertex 4.085914497655922 8.01905871769531 6
    endloop
  endfacet
  facet normal 0.4771587602596095 0.8788171126619647 -4.933551506685922e-19
    outer loop
      vertex 4.085914497655922 8.01905871769531 31
      vertex 4.5 7.794228634059947 31
      vertex 4.5 7.794228634059947 6
    endloop
  endfacet
  facet normal 0.5224985647159466 0.8526401643540937 2.7441465940726454e-20
    outer loop
      vertex 4.5 7.794228634059947 31
      vertex 4.901751315135244 7.548035111508817 31
      vertex 4.901751315135244 7.548035111508817 6
    endloop
  endfacet
  facet normal 0.5664062369248335 0.8241261886220153 1.836625760319393e-19
    outer loop
      vertex 4.901751315135244 7.548035111508817 31
      vertex 5.2900672706322585 7.281152949374527 31
      vertex 5.2900672706322585 7.281152949374527 6
    endloop
  endfacet
  facet normal 0.6087614290087211 0.7933533402912347 -1.2052416506332966e-19
    outer loop
      vertex 5.2900672706322585 7.281152949374527 31
      vertex 5.663883519448537 6.994313653112738 31
      vertex 5.663883519448537 6.994313653112738 6
    endloop
  endfacet
  facet normal 0.6494480483301837 0.760405965600031 2.6876704100026184e-19
    outer loop
      vertex 5.663883519448537 6.994313653112738 31
      vertex 6.022175457229724 6.688303429296548 31
      vertex 6.022175457229724 6.688303429296548 6
    endloop
  endfacet
  facet normal 0.6883545756937524 0.7253743710122891 7.67009511908142e-20
    outer loop
      vertex 6.022175457229724 6.688303429296548 31
      vertex 6.3639610306789285 6.3639610306789285 31
      vertex 6.3639610306789285 6.3639610306789285 6
    endloop
  endfacet
  facet normal 0.7253743710122891 0.6883545756937524 0
    outer loop
      vertex 6.3639610306789285 6.3639610306789285 31
      vertex 6.688303429296548 6.022175457229724 31
      vertex 6.3639610306789285 6.3639610306789285 6
    endloop
  endfacet
  facet normal 0.760405965600031 0.6494480483301837 0
    outer loop
      vertex 6.688303429296548 6.022175457229724 31
      vertex 6.994313653112738 5.663883519448537 31
      vertex 6.688303429296548 6.022175457229724 6
    endloop
  endfacet
  facet normal 0.7933533402912347 0.6087614290087211 0
    outer loop
      vertex 6.994313653112738 5.663883519448537 31
      vertex 7.281152949374527 5.2900672706322585 31
      vertex 6.994313653112738 5.663883519448537 6
    endloop
  endfacet
  facet normal 0.8241261886220153 0.5664062369248335 0
    outer loop
      vertex 7.281152949374527 5.2900672706322585 31
      vertex 7.548035111508817 4.901751315135244 31
      vertex 7.281152949374527 5.2900672706322585 6
    endloop
  endfacet
  facet normal 0.8526401643540937 0.5224985647159466 0
    outer loop
      vertex 7.548035111508817 4.901751315135244 31
      vertex 7.794228634059947 4.5 31
      vertex 7.548035111508817 4.901751315135244 6
    endloop
  endfacet
  facet normal 0.8788171126619647 0.4771587602596095 0
    outer loop
      vertex 7.794228634059947 4.5 31
      vertex 8.01905871769531 4.085914497655922 31
      vertex 7.794228634059947 4.5 6
    endloop
  endfacet
  facet normal 0.9025852843498606 0.43051109680829525 0
    outer loop
      vertex 8.01905871769531 4.085914497655922 31
      vertex 8.221909118783408 3.660629787682202 31
      vertex 8.01905871769531 4.085914497655922 6
    endloop
  endfacet
  facet normal 0.9238795325112865 0.3826834323650903 0
    outer loop
      vertex 8.221909118783408 3.660629787682202 31
      vertex 8.402223838474816 3.2253115459077026 31
      vertex 8.221909118783408 3.660629787682202 6
    endloop
  endfacet
  facet normal 0.9426414910921794 0.33380685923376796 0
    outer loop
      vertex 8.402223838474816 3.2253115459077026 31
      vertex 8.559508646656381 2.7811529493745266 31
      vertex 8.402223838474816 3.2253115459077026 6
    endloop
  endfacet
  facet normal 0.9588197348681922 0.284015344703926 0
    outer loop
      vertex 8.559508646656381 2.7811529493745266 31
      vertex 8.693332436601615 2.3293714059226867 31
      vertex 8.559508646656381 2.7811529493745266 6
    endloop
  endfacet
  facet normal 0.9723699203976767 0.23344536385590534 0
    outer loop
      vertex 8.693332436601615 2.3293714059226867 31
      vertex 8.803328406604251 1.8712052173598341 31
      vertex 8.693332436601615 2.3293714059226867 6
    endloop
  endfacet
  facet normal 0.9832549075639544 0.18223552549214822 0
    outer loop
      vertex 8.803328406604251 1.8712052173598341 31
      vertex 8.88919506535624 1.407910185362078 31
      vertex 8.803328406604251 1.8712052173598341 6
    endloop
  endfacet
  facet normal 0.991444861373811 0.13052619222004755 0
    outer loop
      vertex 8.88919506535624 1.407910185362078 31
      vertex 8.950697058314459 0.9407561694088813 31
      vertex 8.88919506535624 1.407910185362078 6
    endloop
  endfacet
  facet normal 0.996917333733128 0.0784590957278453 0
    outer loop
      vertex 8.950697058314459 0.9407561694088813 31
      vertex 8.987665812791164 0.4710236061864945 31
      vertex 8.950697058314459 0.9407561694088813 6
    endloop
  endfacet
  facet normal 0.9996573249755574 0.026176948307875102 0
    outer loop
      vertex 8.987665812791164 0.4710236061864945 31
      vertex 9 0 31
      vertex 8.987665812791164 0.4710236061864945 6
    endloop
  endfacet
  facet normal 0.026176948307875102 0.9996573249755574 0
    outer loop
      vertex 0 9 31
      vertex 0.4710236061864945 8.987665812791164 6
      vertex 0 9 6
    endloop
  endfacet
  facet normal 0.0784590957278453 0.996917333733128 0
    outer loop
      vertex 0.4710236061864945 8.987665812791164 31
      vertex 0.9407561694088813 8.950697058314459 6
      vertex 0.4710236061864945 8.987665812791164 6
    endloop
  endfacet
  facet normal 0.13052619222004755 0.991444861373811 0
    outer loop
      vertex 0.9407561694088813 8.950697058314459 31
      vertex 1.407910185362078 8.88919506535624 6
      vertex 0.9407561694088813 8.950697058314459 6
    endloop
  endfacet
  facet normal 0.18223552549214822 0.9832549075639544 0
    outer loop
      vertex 1.407910185362078 8.88919506535624 31
      vertex 1.8712052173598341 8.803328406604251 6
      vertex 1.407910185362078 8.88919506535624 6
    endloop
  endfacet
  facet normal 0.23344536385590534 0.9723699203976767 0
    outer loop
      vertex 1.8712052173598341 8.803328406604251 31
      vertex 2.3293714059226867 8.693332436601615 6
      vertex 1.8712052173598341 8.803328406604251 6
    endloop
  endfacet
  facet normal 0.284015344703926 0.9588197348681922 0
    outer loop
      vertex 2.3293714059226867 8.693332436601615 31
      vertex 2.7811529493745266 8.559508646656381 6
      vertex 2.3293714059226867 8.693332436601615 6
    endloop
  endfacet
  facet normal 0.33380685923376796 0.9426414910921794 0
    outer loop
      vertex 2.7811529493745266 8.559508646656381 31
      vertex 3.2253115459077026 8.402223838474816 6
      vertex 2.7811529493745266 8.559508646656381 6
    endloop
  endfacet
  facet normal 0.3826834323650903 0.9238795325112865 0
    outer loop
      vertex 3.2253115459077026 8.402223838474816 31
      vertex 3.660629787682202 8.221909118783408 6
      vertex 3.2253115459077026 8.402223838474816 6
    endloop
  endfacet
  facet normal 0.43051109680829525 0.9025852843498606 0
    outer loop
      vertex 3.660629787682202 8.221909118783408 31
      vertex 4.085914497655922 8.01905871769531 6
      vertex 3.660629787682202 8.221909118783408 6
    endloop
  endfacet
  facet normal 0.4771587602596095 0.8788171126619647 0
    outer loop
      vertex 4.085914497655922 8.01905871769531 31
      vertex 4.5 7.794228634059947 6
      vertex 4.085914497655922 8.01905871769531 6
    endloop
  endfacet
  facet normal 0.5224985647159466 0.8526401643540937 0
    outer loop
      vertex 4.5 7.794228634059947 31
      vertex 4.901751315135244 7.548035111508817 6
      vertex 4.5 7.794228634059947 6
    endloop
  endfacet
  facet normal 0.5664062369248335 0.8241261886220153 0
    outer loop
      vertex 4.901751315135244 7.548035111508817 31
      vertex 5.2900672706322585 7.281152949374527 6
      vertex 4.901751315135244 7.548035111508817 6
    endloop
  endfacet
  facet normal 0.6087614290087211 0.7933533402912347 0
    outer loop
      vertex 5.2900672706322585 7.281152949374527 31
      vertex 5.663883519448537 6.994313653112738 6
      vertex 5.2900672706322585 7.281152949374527 6
    endloop
  endfacet
  facet normal 0.6494480483301837 0.760405965600031 0
    outer loop
      vertex 5.663883519448537 6.994313653112738 31
      vertex 6.022175457229724 6.688303429296548 6
      vertex 5.663883519448537 6.994313653112738 6
    endloop
  endfacet
  facet normal 0.6883545756937524 0.7253743710122891 0
    outer loop
      vertex 6.022175457229724 6.688303429296548 31
      vertex 6.3639610306789285 6.3639610306789285 6
      vertex 6.022175457229724 6.688303429296548 6
    endloop
  endfacet
  facet normal 0.7253743710122891 0.6883545756937524 0
    outer loop
      vertex 6.688303429296548 6.022175457229724 31
      vertex 6.688303429296548 6.022175457229724 6
      vertex 6.3639610306789285 6.3639610306789285 6
    endloop
  endfacet
  facet normal 0.760405965600031 0.6494480483301837 0
    outer loop
      vertex 6.994313653112738 5.663883519448537 31
      vertex 6.994313653112738 5.663883519448537 6
      vertex 6.688303429296548 6.022175457229724 6
    endloop
  endfacet
  facet normal 0.7933533402912347 0.6087614290087211 0
    outer loop
      vertex 7.281152949374527 5.2900672706322585 31
      vertex 7.281152949374527 5.2900672706322585 6
      vertex 6.994313653112738 5.663883519448537 6
    endloop
  endfacet
  facet normal 0.8241261886220153 0.5664062369248335 0
    outer loop
      vertex 7.548035111508817 4.901751315135244 31
      vertex 7.548035111508817 4.901751315135244 6
      vertex 7.281152949374527 5.2900672706322585 6
    endloop
  endfacet
  facet normal 0.8526401643540937 0.5224985647159466 0
    outer loop
      vertex 7.794228634059947 4.5 31
      vertex 7.794228634059947 4.5 6
      vertex 7.548035111508817 4.901751315135244 6
    endloop
  endfacet
  facet normal 0.8788171126619647 0.4771587602596095 0
    outer loop
      vertex 8.01905871769531 4.085914497655922 31
      vertex 8.01905871769531 4.085914497655922 6
      vertex 7.794228634059947 4.5 6
    endloop
  endfacet
  facet normal 0.9025852843498606 0.43051109680829525 0
    outer loop
      vertex 8.221909118783408 3.660629787682202 31
      vertex 8.221909118783408 3.660629787682202 6
      vertex 8.01905871769531 4.085914497655922 6
    endloop
  endfacet
  facet normal 0.9238795325112865 0.3826834323650903 0
    outer loop
      vertex 8.402223838474816 3.2253115459077026 31
      vertex 8.402223838474816 3.2253115459077026 6
      vertex 8.221909118783408 3.660629787682202 6
    endloop
  endfacet
  facet normal 0.9426414910921794 0.33380685923376796 0
    outer loop
      vertex 8.559508646656381 2.7811529493745266 31
      vertex 8.559508646656381 2.7811529493745266 6
      vertex 8.402223838474816 3.2253115459077026 6
    endloop
  endfacet
  facet normal 0.9588197348681922 0.284015344703926 0
    outer loop
      vertex 8.693332436601615 2.3293714059226867 31
      vertex 8.693332436601615 2.3293714059226867 6
      vertex 8.559508646656381 2.7811529493745266 6
    endloop
  endfacet
  facet normal 0.9723699203976767 0.23344536385590534 0
    outer loop
      vertex 8.803328406604251 1.8712052173598341 31
      vertex 8.803328406604251 1.8712052173598341 6
      vertex 8.693332436601615 2.3293714059226867 6
    endloop
  endfacet
  facet normal 0.9832549075639544 0.18223552549214822 0
    outer loop
      vertex 8.88919506535624 1.407910185362078 31
      vertex 8.88919506535624 1.407910185362078 6
      vertex 8.803328406604251 1.8712052173598341 6
    endloop
  endfacet
  facet normal 0.991444861373811 0.13052619222004755 0
    outer loop
      vertex 8.950697058314459 0.9407561694088813 31
      vertex 8.950697058314459 0.9407561694088813 6
      vertex 8.88919506535624 1.407910185362078 6
    endloop
  endfacet
  facet normal 0.996917333733128 0.0784590957278453 0
    outer loop
      vertex 8.987665812791164 0.4710236061864945 31
      vertex 8.987665812791164 0.4710236061864945 6
      vertex 8.950697058314459 0.9407561694088813 6
    endloop
  endfacet
  facet normal 0.9996573249755574 0.026176948307875102 -3.046115112784831e-20
    outer loop
      vertex 8.987665812791164 0.4710236061864945 6
      vertex 9 0 31
      vertex 9 0 6
    endloop
  endfacet
  facet normal 0 0 1
    outer loop
      vertex 2.7811529493745266 8.559508646656381 31
      vertex 2.7000000029802322 0 31
      vertex 2.7811529493745266 -8.559508646656381 31
    endloop
  endfacet
  facet normal 0 0 1
    outer loop
      vertex 2.7811529493745266 -8.559508646656381 31
      vertex 2.7000000029802322 0 31
      vertex 2.696299746632576 -0.14130707830190659 31
    endloop
  endfacet
  facet normal 0 0 1
    outer loop
      vertex 2.7811529493745266 -8.559508646656381 31
      vertex 2.6852091178297997 -0.2822268530726433 31
      vertex 2.6667585223913193 -0.42237305641174316 31
    endloop
  endfacet
  facet normal 0 0 1
    outer loop
      vertex 2.7811529493745266 -8.559508646656381 31
      vertex 2.696299746632576 -0.14130707830190659 31
      vertex 2.6852091178297997 -0.2822268530726433 31
    endloop
  endfacet
  facet normal 0 0 1
    outer loop
      vertex 2.7811529493745266 8.559508646656381 31
      vertex 2.7811529493745266 -8.559508646656381 31
      vertex 3.2253115459077026 -8.402223838474816 31
    endloop
  endfacet
  facet normal 0 0 1
    outer loop
      vertex 2.3293714059226867 -8.693332436601615 31
      vertex 2.0975809767842293 -1.7000000029802322 31
      vertex -2.0975809767842293 -1.7000000029802322 31
    endloop
  endfacet
  facet normal 0 0 1
    outer loop
      vertex 2.3293714059226867 -8.693332436601615 31
      vertex 2.2644105330109596 -1.4705253913998604 31
      vertex 2.1843458861112595 -1.587020181119442 31
    endloop
  endfacet
  facet normal 0 0 1
    outer loop
      vertex 2.3293714059226867 -8.693332436601615 31
      vertex 2.1843458861112595 -1.587020181119442 31
      vertex 2.0982940942049026 -1.699165053665638 31
    endloop
  endfacet
  facet normal 0 0 1
    outer loop
      vertex 2.3293714059226867 -8.693332436601615 31
      vertex 2.0982940942049026 -1.699165053665638 31
      vertex 2.0975809767842293 -1.7000000029802322 31
    endloop
  endfacet
  facet normal 0 0 1
    outer loop
      vertex 2.7811529493745266 -8.559508646656381 31
      vertex 2.6409985199570656 -0.5613615661859512 31
      vertex 2.607999734580517 -0.6988114193081856 31
    endloop
  endfacet
  facet normal 0 0 1
    outer loop
      vertex 2.7811529493745266 -8.559508646656381 31
      vertex 2.6667585223913193 -0.42237305641174316 31
      vertex 2.6409985199570656 -0.5613615661859512 31
    endloop
  endfacet
  facet normal 0 0 1
    outer loop
      vertex 2.7811529493745266 -8.559508646656381 31
      vertex 2.607999734580517 -0.6988114193081856 31
      vertex 2.567852593958378 -0.8343458846211433 31
    endloop
  endfacet
  facet normal 0 0 1
    outer loop
      vertex 2.7811529493745266 -8.559508646656381 31
      vertex 2.567852593958378 -0.8343458846211433 31
      vertex 2.520667150616646 -0.9675934612751007 31
    endloop
  endfacet
  facet normal 0 0 1
    outer loop
      vertex 2.7811529493745266 -8.559508646656381 31
      vertex 2.405717618763447 -1.225774347782135 31
      vertex 2.338268592953682 -1.3500000014901161 31
    endloop
  endfacet
  facet normal 0 0 1
    outer loop
      vertex 2.7811529493745266 -8.559508646656381 31
      vertex 2.338268592953682 -1.3500000014901161 31
      vertex 2.2644105330109596 -1.4705253913998604 31
    endloop
  endfacet
  facet normal 0 0 1
    outer loop
      vertex 2.7811529493745266 -8.559508646656381 31
      vertex 2.520667150616646 -0.9675934612751007 31
      vertex 2.4665727391839027 -1.0981889367103577 31
    endloop
  endfacet
  facet normal 0 0 1
    outer loop
      vertex 2.7811529493745266 -8.559508646656381 31
      vertex 2.4665727391839027 -1.0981889367103577 31
      vertex 2.405717618763447 -1.225774347782135 31
    endloop
  endfacet
  facet normal 0 0 1
    outer loop
      vertex 2.3293714059226867 -8.693332436601615 31
      vertex 2.7811529493745266 -8.559508646656381 31
      vertex 2.2644105330109596 -1.4705253913998604 31
    endloop
  endfacet
  facet normal 0 0 1
    outer loop
      vertex 3.2253115459077026 8.402223838474816 31
      vertex 3.2253115459077026 -8.402223838474816 31
      vertex 3.660629787682202 -8.221909118783408 31
    endloop
  endfacet
  facet normal 0 0 1
    outer loop
      vertex 3.660629787682202 8.221909118783408 31
      vertex 3.660629787682202 -8.221909118783408 31
      vertex 4.085914497655922 -8.01905871769531 31
    endloop
  endfacet
  facet normal 0 0 1
    outer loop
      vertex 4.085914497655922 8.01905871769531 31
      vertex 4.085914497655922 -8.01905871769531 31
      vertex 4.5 -7.794228634059947 31
    endloop
  endfacet
  facet normal 0 0 1
    outer loop
      vertex 4.5 7.794228634059947 31
      vertex 4.5 -7.794228634059947 31
      vertex 4.901751315135244 -7.548035111508817 31
    endloop
  endfacet
  facet normal 0 0 1
    outer loop
      vertex 5.2900672706322585 7.281152949374527 31
      vertex 5.2900672706322585 -7.281152949374527 31
      vertex 5.663883519448537 -6.994313653112738 31
    endloop
  endfacet
  facet normal 0 0 1
    outer loop
      vertex 4.901751315135244 7.548035111508817 31
      vertex 4.901751315135244 -7.548035111508817 31
      vertex 5.2900672706322585 -7.281152949374527 31
    endloop
  endfacet
  facet normal 0 0 1
    outer loop
      vertex 5.663883519448537 6.994313653112738 31
      vertex 5.663883519448537 -6.994313653112738 31
      vertex 6.022175457229724 -6.688303429296548 31
    endloop
  endfacet
  facet normal 0 0 1
    outer loop
      vertex 6.022175457229724 6.688303429296548 31
      vertex 6.022175457229724 -6.688303429296548 31
      vertex 6.3639610306789285 -6.3639610306789285 31
    endloop
  endfacet
  facet normal 0 0 1
    outer loop
      vertex 0.9407561694088813 -8.950697058314459 31
      vertex 1.407910185362078 -8.88919506535624 31
      vertex -2.0975809767842293 -1.7000000029802322 31
    endloop
  endfacet
  facet normal 0 0 1
    outer loop
      vertex 1.407910185362078 -8.88919506535624 31
      vertex 1.8712052173598341 -8.803328406604251 31
      vertex -2.0975809767842293 -1.7000000029802322 31
    endloop
  endfacet
  facet normal 0 0 1
    outer loop
      vertex 1.8712052173598341 -8.803328406604251 31
      vertex 2.3293714059226867 -8.693332436601615 31
      vertex -2.0975809767842293 -1.7000000029802322 31
    endloop
  endfacet
  facet normal 0 0 1
    outer loop
      vertex 7.548035111508817 4.901751315135244 31
      vertex 7.548035111508817 -4.901751315135244 31
      vertex 7.794228634059947 -4.5 31
    endloop
  endfacet
  facet normal 0 0 1
    outer loop
      vertex 6.3639610306789285 6.3639610306789285 31
      vertex 6.3639610306789285 -6.3639610306789285 31
      vertex 6.688303429296548 -6.022175457229724 31
    endloop
  endfacet
  facet normal 0 0 1
    outer loop
      vertex 6.688303429296548 6.022175457229724 31
      vertex 6.688303429296548 -6.022175457229724 31
      vertex 6.994313653112738 -5.663883519448537 31
    endloop
  endfacet
  facet normal 0 0 1
    outer loop
      vertex 6.994313653112738 5.663883519448537 31
      vertex 6.994313653112738 -5.663883519448537 31
      vertex 7.281152949374527 -5.2900672706322585 31
    endloop
  endfacet
  facet normal 0 0 1
    outer loop
      vertex 7.281152949374527 5.2900672706322585 31
      vertex 7.281152949374527 -5.2900672706322585 31
      vertex 7.548035111508817 -4.901751315135244 31
    endloop
  endfacet
  facet normal 0 0 1
    outer loop
      vertex 7.794228634059947 4.5 31
      vertex 7.794228634059947 -4.5 31
      vertex 8.01905871769531 -4.085914497655922 31
    endloop
  endfacet
  facet normal 0 0 1
    outer loop
      vertex 8.01905871769531 4.085914497655922 31
      vertex 8.01905871769531 -4.085914497655922 31
      vertex 8.221909118783408 -3.660629787682202 31
    endloop
  endfacet
  facet normal 0 0 1
    outer loop
      vertex 8.221909118783408 3.660629787682202 31
      vertex 8.221909118783408 -3.660629787682202 31
      vertex 8.402223838474816 -3.2253115459077026 31
    endloop
  endfacet
  facet normal 0 0 1
    outer loop
      vertex 8.402223838474816 3.2253115459077026 31
      vertex 8.402223838474816 -3.2253115459077026 31
      vertex 8.559508646656381 -2.7811529493745266 31
    endloop
  endfacet
  facet normal 0 0 1
    outer loop
      vertex 8.950697058314459 0.9407561694088813 31
      vertex 8.950697058314459 -0.9407561694088813 31
      vertex 8.987665812791164 -0.4710236061864945 31
    endloop
  endfacet
  facet normal 0 0 1
    outer loop
      vertex 8.88919506535624 1.407910185362078 31
      vertex 8.88919506535624 -1.407910185362078 31
      vertex 8.950697058314459 -0.9407561694088813 31
    endloop
  endfacet
  facet normal 0 0 1
    outer loop
      vertex 8.559508646656381 2.7811529493745266 31
      vertex 8.559508646656381 -2.7811529493745266 31
      vertex 8.693332436601615 -2.3293714059226867 31
    endloop
  endfacet
  facet normal 0 0 1
    outer loop
      vertex 8.693332436601615 2.3293714059226867 31
      vertex 8.693332436601615 -2.3293714059226867 31
      vertex 8.803328406604251 -1.8712052173598341 31
    endloop
  endfacet
  facet normal 0 0 1
    outer loop
      vertex 8.803328406604251 1.8712052173598341 31
      vertex 8.803328406604251 -1.8712052173598341 31
      vertex 8.88919506535624 -1.407910185362078 31
    endloop
  endfacet
  facet normal 0 0 1
    outer loop
      vertex 8.987665812791164 0.4710236061864945 31
      vertex 8.987665812791164 -0.4710236061864945 31
      vertex 9 0 31
    endloop
  endfacet
  facet normal 0.026176948307875102 -0.9996573249755574 0
    outer loop
      vertex 0 -9 31
      vertex 0 -9 6
      vertex 0.4710236061864945 -8.987665812791164 31
    endloop
  endfacet
  facet normal 0.0784590957278453 -0.996917333733128 0
    outer loop
      vertex 0.4710236061864945 -8.987665812791164 31
      vertex 0.4710236061864945 -8.987665812791164 6
      vertex 0.9407561694088813 -8.950697058314459 31
    endloop
  endfacet
  facet normal 0.13052619222004755 -0.991444861373811 0
    outer loop
      vertex 0.9407561694088813 -8.950697058314459 31
      vertex 0.9407561694088813 -8.950697058314459 6
      vertex 1.407910185362078 -8.88919506535624 31
    endloop
  endfacet
  facet normal 0.18223552549214822 -0.9832549075639544 0
    outer loop
      vertex 1.407910185362078 -8.88919506535624 31
      vertex 1.407910185362078 -8.88919506535624 6
      vertex 1.8712052173598341 -8.803328406604251 31
    endloop
  endfacet
  facet normal 0.23344536385590534 -0.9723699203976767 0
    outer loop
      vertex 1.8712052173598341 -8.803328406604251 31
      vertex 1.8712052173598341 -8.803328406604251 6
      vertex 2.3293714059226867 -8.693332436601615 31
    endloop
  endfacet
  facet normal 0.33380685923376796 -0.9426414910921794 0
    outer loop
      vertex 2.7811529493745266 -8.559508646656381 31
      vertex 2.7811529493745266 -8.559508646656381 6
      vertex 3.2253115459077026 -8.402223838474816 31
    endloop
  endfacet
  facet normal 0.284015344703926 -0.9588197348681922 0
    outer loop
      vertex 2.3293714059226867 -8.693332436601615 31
      vertex 2.3293714059226867 -8.693332436601615 6
      vertex 2.7811529493745266 -8.559508646656381 31
    endloop
  endfacet
  facet normal 0.5224985647159466 -0.8526401643540937 0
    outer loop
      vertex 4.5 -7.794228634059947 31
      vertex 4.5 -7.794228634059947 6
      vertex 4.901751315135244 -7.548035111508817 31
    endloop
  endfacet
  facet normal 0.3826834323650903 -0.9238795325112865 0
    outer loop
      vertex 3.2253115459077026 -8.402223838474816 31
      vertex 3.2253115459077026 -8.402223838474816 6
      vertex 3.660629787682202 -8.221909118783408 31
    endloop
  endfacet
  facet normal 0.43051109680829525 -0.9025852843498606 0
    outer loop
      vertex 3.660629787682202 -8.221909118783408 31
      vertex 3.660629787682202 -8.221909118783408 6
      vertex 4.085914497655922 -8.01905871769531 31
    endloop
  endfacet
  facet normal 0.4771587602596095 -0.8788171126619647 4.933551506685922e-19
    outer loop
      vertex 4.5 -7.794228634059947 31
      vertex 4.085914497655922 -8.01905871769531 31
      vertex 4.085914497655922 -8.01905871769531 6
    endloop
  endfacet
  facet normal 0.5664062369248335 -0.8241261886220153 0
    outer loop
      vertex 4.901751315135244 -7.548035111508817 31
      vertex 4.901751315135244 -7.548035111508817 6
      vertex 5.2900672706322585 -7.281152949374527 31
    endloop
  endfacet
  facet normal 0.6087614290087211 -0.7933533402912347 0
    outer loop
      vertex 5.2900672706322585 -7.281152949374527 31
      vertex 5.2900672706322585 -7.281152949374527 6
      vertex 5.663883519448537 -6.994313653112738 31
    endloop
  endfacet
  facet normal 0.6494480483301837 -0.760405965600031 0
    outer loop
      vertex 5.663883519448537 -6.994313653112738 31
      vertex 5.663883519448537 -6.994313653112738 6
      vertex 6.022175457229724 -6.688303429296548 31
    endloop
  endfacet
  facet normal 0.6883545756937524 -0.7253743710122891 0
    outer loop
      vertex 6.022175457229724 -6.688303429296548 31
      vertex 6.022175457229724 -6.688303429296548 6
      vertex 6.3639610306789285 -6.3639610306789285 31
    endloop
  endfacet
  facet normal 0.996917333733128 -0.0784590957278453 0
    outer loop
      vertex 8.987665812791164 -0.4710236061864945 31
      vertex 8.950697058314459 -0.9407561694088813 31
      vertex 8.987665812791164 -0.4710236061864945 6
    endloop
  endfacet
  facet normal 0.9996573249755574 -0.026176948307875102 0
    outer loop
      vertex 9 0 31
      vertex 8.987665812791164 -0.4710236061864945 31
      vertex 9 0 6
    endloop
  endfacet
  facet normal 0.991444861373811 -0.13052619222004755 0
    outer loop
      vertex 8.950697058314459 -0.9407561694088813 31
      vertex 8.88919506535624 -1.407910185362078 31
      vertex 8.950697058314459 -0.9407561694088813 6
    endloop
  endfacet
  facet normal 0.9832549075639544 -0.18223552549214822 0
    outer loop
      vertex 8.88919506535624 -1.407910185362078 31
      vertex 8.803328406604251 -1.8712052173598341 31
      vertex 8.88919506535624 -1.407910185362078 6
    endloop
  endfacet
  facet normal 0.9426414910921794 -0.33380685923376796 0
    outer loop
      vertex 8.559508646656381 -2.7811529493745266 31
      vertex 8.402223838474816 -3.2253115459077026 31
      vertex 8.559508646656381 -2.7811529493745266 6
    endloop
  endfacet
  facet normal 0.9723699203976767 -0.23344536385590534 0
    outer loop
      vertex 8.803328406604251 -1.8712052173598341 31
      vertex 8.693332436601615 -2.3293714059226867 31
      vertex 8.803328406604251 -1.8712052173598341 6
    endloop
  endfacet
  facet normal 0.9588197348681922 -0.284015344703926 -1.0551576054058119e-19
    outer loop
      vertex 8.559508646656381 -2.7811529493745266 31
      vertex 8.693332436601615 -2.3293714059226867 6
      vertex 8.693332436601615 -2.3293714059226867 31
    endloop
  endfacet
  facet normal 0.8526401643540937 -0.5224985647159466 0
    outer loop
      vertex 7.794228634059947 -4.5 31
      vertex 7.548035111508817 -4.901751315135244 31
      vertex 7.794228634059947 -4.5 6
    endloop
  endfacet
  facet normal 0.7253743710122891 -0.6883545756937524 0
    outer loop
      vertex 6.688303429296548 -6.022175457229724 31
      vertex 6.3639610306789285 -6.3639610306789285 31
      vertex 6.688303429296548 -6.022175457229724 6
    endloop
  endfacet
  facet normal 0.760405965600031 -0.6494480483301837 0
    outer loop
      vertex 6.994313653112738 -5.663883519448537 31
      vertex 6.688303429296548 -6.022175457229724 31
      vertex 6.994313653112738 -5.663883519448537 6
    endloop
  endfacet
  facet normal 0.7933533402912347 -0.6087614290087211 1.2052416506332966e-19
    outer loop
      vertex 6.994313653112738 -5.663883519448537 31
      vertex 7.281152949374527 -5.2900672706322585 6
      vertex 7.281152949374527 -5.2900672706322585 31
    endloop
  endfacet
  facet normal 0.8241261886220153 -0.5664062369248335 -1.836625760319393e-19
    outer loop
      vertex 7.281152949374527 -5.2900672706322585 31
      vertex 7.548035111508817 -4.901751315135244 6
      vertex 7.548035111508817 -4.901751315135244 31
    endloop
  endfacet
  facet normal 0.9025852843498606 -0.43051109680829525 0
    outer loop
      vertex 8.221909118783408 -3.660629787682202 31
      vertex 8.01905871769531 -4.085914497655922 31
      vertex 8.221909118783408 -3.660629787682202 6
    endloop
  endfacet
  facet normal 0.9238795325112865 -0.3826834323650903 0
    outer loop
      vertex 8.402223838474816 -3.2253115459077026 31
      vertex 8.221909118783408 -3.660629787682202 31
      vertex 8.402223838474816 -3.2253115459077026 6
    endloop
  endfacet
  facet normal 0.8788171126619647 -0.4771587602596095 4.933551506685922e-19
    outer loop
      vertex 7.794228634059947 -4.5 31
      vertex 8.01905871769531 -4.085914497655922 6
      vertex 8.01905871769531 -4.085914497655922 31
    endloop
  endfacet
  facet normal 0.026176948307875102 -0.9996573249755574 0
    outer loop
      vertex 0.4710236061864945 -8.987665812791164 31
      vertex 0 -9 6
      vertex 0.4710236061864945 -8.987665812791164 6
    endloop
  endfacet
  facet normal 0.0784590957278453 -0.996917333733128 0
    outer loop
      vertex 0.9407561694088813 -8.950697058314459 31
      vertex 0.4710236061864945 -8.987665812791164 6
      vertex 0.9407561694088813 -8.950697058314459 6
    endloop
  endfacet
  facet normal 0.13052619222004755 -0.991444861373811 0
    outer loop
      vertex 1.407910185362078 -8.88919506535624 31
      vertex 0.9407561694088813 -8.950697058314459 6
      vertex 1.407910185362078 -8.88919506535624 6
    endloop
  endfacet
  facet normal 0.18223552549214822 -0.9832549075639544 0
    outer loop
      vertex 1.8712052173598341 -8.803328406604251 31
      vertex 1.407910185362078 -8.88919506535624 6
      vertex 1.8712052173598341 -8.803328406604251 6
    endloop
  endfacet
  facet normal 0.23344536385590534 -0.9723699203976767 0
    outer loop
      vertex 2.3293714059226867 -8.693332436601615 31
      vertex 1.8712052173598341 -8.803328406604251 6
      vertex 2.3293714059226867 -8.693332436601615 6
    endloop
  endfacet
  facet normal 0.33380685923376796 -0.9426414910921794 0
    outer loop
      vertex 3.2253115459077026 -8.402223838474816 31
      vertex 2.7811529493745266 -8.559508646656381 6
      vertex 3.2253115459077026 -8.402223838474816 6
    endloop
  endfacet
  facet normal 0.284015344703926 -0.9588197348681922 0
    outer loop
      vertex 2.7811529493745266 -8.559508646656381 31
      vertex 2.3293714059226867 -8.693332436601615 6
      vertex 2.7811529493745266 -8.559508646656381 6
    endloop
  endfacet
  facet normal 0.3826834323650903 -0.9238795325112865 0
    outer loop
      vertex 3.660629787682202 -8.221909118783408 31
      vertex 3.2253115459077026 -8.402223838474816 6
      vertex 3.660629787682202 -8.221909118783408 6
    endloop
  endfacet
  facet normal 0.43051109680829525 -0.9025852843498606 0
    outer loop
      vertex 4.085914497655922 -8.01905871769531 31
      vertex 3.660629787682202 -8.221909118783408 6
      vertex 4.085914497655922 -8.01905871769531 6
    endloop
  endfacet
  facet normal 0.4771587602596095 -0.8788171126619647 0
    outer loop
      vertex 4.5 -7.794228634059947 31
      vertex 4.085914497655922 -8.01905871769531 6
      vertex 4.5 -7.794228634059947 6
    endloop
  endfacet
  facet normal 0.5224985647159466 -0.8526401643540937 0
    outer loop
      vertex 4.901751315135244 -7.548035111508817 31
      vertex 4.5 -7.794228634059947 6
      vertex 4.901751315135244 -7.548035111508817 6
    endloop
  endfacet
  facet normal 0.5664062369248335 -0.8241261886220153 0
    outer loop
      vertex 5.2900672706322585 -7.281152949374527 31
      vertex 4.901751315135244 -7.548035111508817 6
      vertex 5.2900672706322585 -7.281152949374527 6
    endloop
  endfacet
  facet normal 0.6494480483301837 -0.760405965600031 0
    outer loop
      vertex 6.022175457229724 -6.688303429296548 31
      vertex 5.663883519448537 -6.994313653112738 6
      vertex 6.022175457229724 -6.688303429296548 6
    endloop
  endfacet
  facet normal 0.6087614290087211 -0.7933533402912347 0
    outer loop
      vertex 5.663883519448537 -6.994313653112738 31
      vertex 5.2900672706322585 -7.281152949374527 6
      vertex 5.663883519448537 -6.994313653112738 6
    endloop
  endfacet
  facet normal 0.9996573249755574 -0.026176948307875102 0
    outer loop
      vertex 8.987665812791164 -0.4710236061864945 31
      vertex 8.987665812791164 -0.4710236061864945 6
      vertex 9 0 6
    endloop
  endfacet
  facet normal 0.996917333733128 -0.0784590957278453 0
    outer loop
      vertex 8.950697058314459 -0.9407561694088813 31
      vertex 8.950697058314459 -0.9407561694088813 6
      vertex 8.987665812791164 -0.4710236061864945 6
    endloop
  endfacet
  facet normal 0.991444861373811 -0.13052619222004755 0
    outer loop
      vertex 8.88919506535624 -1.407910185362078 31
      vertex 8.88919506535624 -1.407910185362078 6
      vertex 8.950697058314459 -0.9407561694088813 6
    endloop
  endfacet
  facet normal 0.9426414910921794 -0.33380685923376796 0
    outer loop
      vertex 8.402223838474816 -3.2253115459077026 31
      vertex 8.402223838474816 -3.2253115459077026 6
      vertex 8.559508646656381 -2.7811529493745266 6
    endloop
  endfacet
  facet normal 0.9832549075639544 -0.18223552549214822 0
    outer loop
      vertex 8.803328406604251 -1.8712052173598341 31
      vertex 8.803328406604251 -1.8712052173598341 6
      vertex 8.88919506535624 -1.407910185362078 6
    endloop
  endfacet
  facet normal 0.9723699203976767 -0.23344536385590534 0
    outer loop
      vertex 8.693332436601615 -2.3293714059226867 31
      vertex 8.693332436601615 -2.3293714059226867 6
      vertex 8.803328406604251 -1.8712052173598341 6
    endloop
  endfacet
  facet normal 0.9588197348681922 -0.284015344703926 0
    outer loop
      vertex 8.559508646656381 -2.7811529493745266 31
      vertex 8.559508646656381 -2.7811529493745266 6
      vertex 8.693332436601615 -2.3293714059226867 6
    endloop
  endfacet
  facet normal 0.760405965600031 -0.6494480483301837 0
    outer loop
      vertex 6.688303429296548 -6.022175457229724 31
      vertex 6.688303429296548 -6.022175457229724 6
      vertex 6.994313653112738 -5.663883519448537 6
    endloop
  endfacet
  facet normal 0.8241261886220153 -0.5664062369248335 0
    outer loop
      vertex 7.281152949374527 -5.2900672706322585 31
      vertex 7.281152949374527 -5.2900672706322585 6
      vertex 7.548035111508817 -4.901751315135244 6
    endloop
  endfacet
  facet normal 0.8526401643540937 -0.5224985647159466 0
    outer loop
      vertex 7.548035111508817 -4.901751315135244 31
      vertex 7.548035111508817 -4.901751315135244 6
      vertex 7.794228634059947 -4.5 6
    endloop
  endfacet
  facet normal 0.7933533402912347 -0.6087614290087211 0
    outer loop
      vertex 6.994313653112738 -5.663883519448537 31
      vertex 6.994313653112738 -5.663883519448537 6
      vertex 7.281152949374527 -5.2900672706322585 6
    endloop
  endfacet
  facet normal 0.9238795325112865 -0.3826834323650903 0
    outer loop
      vertex 8.221909118783408 -3.660629787682202 31
      vertex 8.221909118783408 -3.660629787682202 6
      vertex 8.402223838474816 -3.2253115459077026 6
    endloop
  endfacet
  facet normal 0.9025852843498606 -0.43051109680829525 0
    outer loop
      vertex 8.01905871769531 -4.085914497655922 31
      vertex 8.01905871769531 -4.085914497655922 6
      vertex 8.221909118783408 -3.660629787682202 6
    endloop
  endfacet
  facet normal 0.8788171126619647 -0.4771587602596095 0
    outer loop
      vertex 7.794228634059947 -4.5 31
      vertex 7.794228634059947 -4.5 6
      vertex 8.01905871769531 -4.085914497655922 6
    endloop
  endfacet
  facet normal 0.6883545756937524 -0.7253743710122891 0
    outer loop
      vertex 6.3639610306789285 -6.3639610306789285 31
      vertex 6.022175457229724 -6.688303429296548 6
      vertex 6.3639610306789285 -6.3639610306789285 6
    endloop
  endfacet
  facet normal 0.7253743710122891 -0.6883545756937524 0
    outer loop
      vertex 6.3639610306789285 -6.3639610306789285 31
      vertex 6.3639610306789285 -6.3639610306789285 6
      vertex 6.688303429296548 -6.022175457229724 6
    endloop
  endfacet
  facet normal 0.7933533244441106 -0.6087614496610949 0
    outer loop
      vertex -2.1843458861112595 1.587020181119442 19.509999999999998
      vertex -2.0982940942049026 1.699165053665638 31
      vertex -2.1843458861112595 1.587020181119442 31
    endloop
  endfacet
  facet normal 0.7604044644391601 -0.6494498059596245 0
    outer loop
      vertex -2.0982940942049026 1.699165053665638 19.509999999999998
      vertex -2.0975809767842293 1.7000000029802322 31
      vertex -2.0982940942049026 1.699165053665638 31
    endloop
  endfacet
  facet normal 0.8788171153683128 -0.4771587552751367 0
    outer loop
      vertex -2.405717618763447 1.225774347782135 19.509999999999998
      vertex -2.338268592953682 1.3500000014901161 31
      vertex -2.405717618763447 1.225774347782135 31
    endloop
  endfacet
  facet normal 0.9426414872993568 -0.3338068699443684 0
    outer loop
      vertex -2.567852593958378 0.8343458846211433 19.509999999999998
      vertex -2.520667150616646 0.9675934612751007 31
      vertex -2.567852593958378 0.8343458846211433 31
    endloop
  endfacet
  facet normal 0.9025852815735177 -0.43051110262901926 0
    outer loop
      vertex -2.4665727391839027 1.0981889367103577 19.509999999999998
      vertex -2.405717618763447 1.225774347782135 31
      vertex -2.4665727391839027 1.0981889367103577 31
    endloop
  endfacet
  facet normal 0.923879546710653 -0.38268339808478524 0
    outer loop
      vertex -2.520667150616646 0.9675934612751007 19.509999999999998
      vertex -2.4665727391839027 1.0981889367103577 31
      vertex -2.520667150616646 0.9675934612751007 31
    endloop
  endfacet
  facet normal 0.9588197291581427 -0.2840153639807288 0
    outer loop
      vertex -2.607999734580517 0.6988114193081856 19.509999999999998
      vertex -2.567852593958378 0.8343458846211433 31
      vertex -2.607999734580517 0.6988114193081856 31
    endloop
  endfacet
  facet normal 0.9723699281005703 -0.23344533177104118 0
    outer loop
      vertex -2.6409985199570656 0.5613615661859512 19.509999999999998
      vertex -2.607999734580517 0.6988114193081856 31
      vertex -2.6409985199570656 0.5613615661859512 31
    endloop
  endfacet
  facet normal 0.9832549015095283 -0.18223555815890566 0
    outer loop
      vertex -2.6667585223913193 0.42237305641174316 19.509999999999998
      vertex -2.6409985199570656 0.5613615661859512 31
      vertex -2.6667585223913193 0.42237305641174316 31
    endloop
  endfacet
  facet normal 0.9914448634414467 -0.13052617651479395 0
    outer loop
      vertex -2.6852091178297997 0.2822268530726433 19.509999999999998
      vertex -2.6667585223913193 0.42237305641174316 31
      vertex -2.6852091178297997 0.2822268530726433 31
    endloop
  endfacet
  facet normal 0.9969173326248059 -0.0784591098104111 0
    outer loop
      vertex -2.696299746632576 0.14130707830190659 19.509999999999998
      vertex -2.6852091178297997 0.2822268530726433 31
      vertex -2.696299746632576 0.14130707830190659 31
    endloop
  endfacet
  facet normal 0.9996573249240802 -0.026176950273703915 0
    outer loop
      vertex -2.7000000029802322 0 19.509999999999998
      vertex -2.696299746632576 0.14130707830190659 31
      vertex -2.7000000029802322 0 31
    endloop
  endfacet
  facet normal 0.8241262013385129 -0.5664062184222141 0
    outer loop
      vertex -2.2644105330109596 1.4705253913998604 19.509999999999998
      vertex -2.1843458861112595 1.587020181119442 31
      vertex -2.2644105330109596 1.4705253913998604 31
    endloop
  endfacet
  facet normal 0.8526401453964115 -0.5224985956520708 0
    outer loop
      vertex -2.338268592953682 1.3500000014901161 19.509999999999998
      vertex -2.2644105330109596 1.4705253913998604 31
      vertex -2.338268592953682 1.3500000014901161 31
    endloop
  endfacet
  facet normal 0 -1 0
    outer loop
      vertex -2.0975809767842293 1.7000000029802322 19.509999999999998
      vertex 2.0975809767842293 1.7000000029802322 31
      vertex -2.0975809767842293 1.7000000029802322 31
    endloop
  endfacet
  facet normal 0.7933533244441106 -0.6087614496610949 0
    outer loop
      vertex -2.0982940942049026 1.699165053665638 19.509999999999998
      vertex -2.0982940942049026 1.699165053665638 31
      vertex -2.1843458861112595 1.587020181119442 19.509999999999998
    endloop
  endfacet
  facet normal 0.7604044644391601 -0.6494498059596245 0
    outer loop
      vertex -2.0982940942049026 1.699165053665638 19.509999999999998
      vertex -2.0975809767842293 1.7000000029802322 19.509999999999998
      vertex -2.0975809767842293 1.7000000029802322 31
    endloop
  endfacet
  facet normal 0.8788171153683128 -0.4771587552751367 0
    outer loop
      vertex -2.338268592953682 1.3500000014901161 19.509999999999998
      vertex -2.338268592953682 1.3500000014901161 31
      vertex -2.405717618763447 1.225774347782135 19.509999999999998
    endloop
  endfacet
  facet normal 0.9025852815735177 -0.43051110262901926 0
    outer loop
      vertex -2.405717618763447 1.225774347782135 19.509999999999998
      vertex -2.405717618763447 1.225774347782135 31
      vertex -2.4665727391839027 1.0981889367103577 19.509999999999998
    endloop
  endfacet
  facet normal 0.9588197291581427 -0.2840153639807288 0
    outer loop
      vertex -2.567852593958378 0.8343458846211433 19.509999999999998
      vertex -2.567852593958378 0.8343458846211433 31
      vertex -2.607999734580517 0.6988114193081856 19.509999999999998
    endloop
  endfacet
  facet normal 0.923879546710653 -0.38268339808478524 0
    outer loop
      vertex -2.4665727391839027 1.0981889367103577 19.509999999999998
      vertex -2.4665727391839027 1.0981889367103577 31
      vertex -2.520667150616646 0.9675934612751007 19.509999999999998
    endloop
  endfacet
  facet normal 0.9426414872993568 -0.3338068699443684 0
    outer loop
      vertex -2.520667150616646 0.9675934612751007 19.509999999999998
      vertex -2.520667150616646 0.9675934612751007 31
      vertex -2.567852593958378 0.8343458846211433 19.509999999999998
    endloop
  endfacet
  facet normal 0.9723699281005703 -0.23344533177104118 0
    outer loop
      vertex -2.607999734580517 0.6988114193081856 19.509999999999998
      vertex -2.607999734580517 0.6988114193081856 31
      vertex -2.6409985199570656 0.5613615661859512 19.509999999999998
    endloop
  endfacet
  facet normal 0.9832549015095283 -0.18223555815890566 0
    outer loop
      vertex -2.6409985199570656 0.5613615661859512 19.509999999999998
      vertex -2.6409985199570656 0.5613615661859512 31
      vertex -2.6667585223913193 0.42237305641174316 19.509999999999998
    endloop
  endfacet
  facet normal 0.9914448634414467 -0.13052617651479395 0
    outer loop
      vertex -2.6667585223913193 0.42237305641174316 19.509999999999998
      vertex -2.6667585223913193 0.42237305641174316 31
      vertex -2.6852091178297997 0.2822268530726433 19.509999999999998
    endloop
  endfacet
  facet normal 0.9969173326248059 -0.0784591098104111 0
    outer loop
      vertex -2.6852091178297997 0.2822268530726433 19.509999999999998
      vertex -2.6852091178297997 0.2822268530726433 31
      vertex -2.696299746632576 0.14130707830190659 19.509999999999998
    endloop
  endfacet
  facet normal 0.9996573249240802 -0.026176950273703915 0
    outer loop
      vertex -2.696299746632576 0.14130707830190659 19.509999999999998
      vertex -2.696299746632576 0.14130707830190659 31
      vertex -2.7000000029802322 0 19.509999999999998
    endloop
  endfacet
  facet normal 0.8241262013385129 -0.5664062184222141 0
    outer loop
      vertex -2.1843458861112595 1.587020181119442 19.509999999999998
      vertex -2.1843458861112595 1.587020181119442 31
      vertex -2.2644105330109596 1.4705253913998604 19.509999999999998
    endloop
  endfacet
  facet normal 0.8526401453964115 -0.5224985956520708 0
    outer loop
      vertex -2.2644105330109596 1.4705253913998604 19.509999999999998
      vertex -2.2644105330109596 1.4705253913998604 31
      vertex -2.338268592953682 1.3500000014901161 19.509999999999998
    endloop
  endfacet
  facet normal 0 0 1
    outer loop
      vertex -2.0982940942049026 1.699165053665638 19.509999999999998
      vertex 2.2644105330109596 1.4705253913998604 19.509999999999998
      vertex -2.0975809767842293 1.7000000029802322 19.509999999999998
    endloop
  endfacet
  facet normal 0 0 1
    outer loop
      vertex -2.4665727391839027 1.0981889367103577 19.509999999999998
      vertex -2.520667150616646 0.9675934612751007 19.509999999999998
      vertex 2.607999734580517 0.6988114193081856 19.509999999999998
    endloop
  endfacet
  facet normal 0 0 1
    outer loop
      vertex -2.520667150616646 0.9675934612751007 19.509999999999998
      vertex -2.567852593958378 0.8343458846211433 19.509999999999998
      vertex 2.6409985199570656 0.5613615661859512 19.509999999999998
    endloop
  endfacet
  facet normal 0 0 1
    outer loop
      vertex -2.567852593958378 0.8343458846211433 19.509999999999998
      vertex -2.607999734580517 0.6988114193081856 19.509999999999998
      vertex 2.6667585223913193 0.42237305641174316 19.509999999999998
    endloop
  endfacet
  facet normal 0 0 1
    outer loop
      vertex -2.607999734580517 0.6988114193081856 19.509999999999998
      vertex -2.6409985199570656 0.5613615661859512 19.509999999999998
      vertex 2.6852091178297997 0.2822268530726433 19.509999999999998
    endloop
  endfacet
  facet normal 0 0 1
    outer loop
      vertex -2.6409985199570656 0.5613615661859512 19.509999999999998
      vertex -2.6667585223913193 0.42237305641174316 19.509999999999998
      vertex 2.696299746632576 0.14130707830190659 19.509999999999998
    endloop
  endfacet
  facet normal 0 0 1
    outer loop
      vertex -2.6667585223913193 0.42237305641174316 19.509999999999998
      vertex -2.6852091178297997 0.2822268530726433 19.509999999999998
      vertex 2.7000000029802322 0 19.509999999999998
    endloop
  endfacet
  facet normal 0 0 1
    outer loop
      vertex -2.6852091178297997 0.2822268530726433 19.509999999999998
      vertex -2.696299746632576 0.14130707830190659 19.509999999999998
      vertex 2.696299746632576 -0.14130707830190659 19.509999999999998
    endloop
  endfacet
  facet normal 0 0 1
    outer loop
      vertex -2.1843458861112595 1.587020181119442 19.509999999999998
      vertex -2.2644105330109596 1.4705253913998604 19.509999999999998
      vertex 2.405717618763447 1.225774347782135 19.509999999999998
    endloop
  endfacet
  facet normal 0 0 1
    outer loop
      vertex -2.0982940942049026 1.699165053665638 19.509999999999998
      vertex -2.1843458861112595 1.587020181119442 19.509999999999998
      vertex 2.338268592953682 1.3500000014901161 19.509999999999998
    endloop
  endfacet
  facet normal 0 0 1
    outer loop
      vertex -2.2644105330109596 1.4705253913998604 19.509999999999998
      vertex -2.338268592953682 1.3500000014901161 19.509999999999998
      vertex 2.4665727391839027 1.0981889367103577 19.509999999999998
    endloop
  endfacet
  facet normal 0 0 1
    outer loop
      vertex -2.338268592953682 1.3500000014901161 19.509999999999998
      vertex -2.405717618763447 1.225774347782135 19.509999999999998
      vertex 2.520667150616646 0.9675934612751007 19.509999999999998
    endloop
  endfacet
  facet normal 0 0 1
    outer loop
      vertex -2.405717618763447 1.225774347782135 19.509999999999998
      vertex -2.4665727391839027 1.0981889367103577 19.509999999999998
      vertex 2.567852593958378 0.8343458846211433 19.509999999999998
    endloop
  endfacet
  facet normal 0.9996573249240802 0.026176950273703915 0
    outer loop
      vertex -2.696299746632576 -0.14130707830190659 19.509999999999998
      vertex -2.7000000029802322 0 31
      vertex -2.696299746632576 -0.14130707830190659 31
    endloop
  endfacet
  facet normal 0.9969173326248059 0.0784591098104111 0
    outer loop
      vertex -2.6852091178297997 -0.2822268530726433 19.509999999999998
      vertex -2.696299746632576 -0.14130707830190659 31
      vertex -2.6852091178297997 -0.2822268530726433 31
    endloop
  endfacet
  facet normal 0.9914448634414467 0.13052617651479395 0
    outer loop
      vertex -2.6667585223913193 -0.42237305641174316 19.509999999999998
      vertex -2.6852091178297997 -0.2822268530726433 31
      vertex -2.6667585223913193 -0.42237305641174316 31
    endloop
  endfacet
  facet normal 0.9832549015095283 0.18223555815890566 0
    outer loop
      vertex -2.6409985199570656 -0.5613615661859512 19.509999999999998
      vertex -2.6667585223913193 -0.42237305641174316 31
      vertex -2.6409985199570656 -0.5613615661859512 31
    endloop
  endfacet
  facet normal 0.9723699281005703 0.23344533177104118 0
    outer loop
      vertex -2.607999734580517 -0.6988114193081856 19.509999999999998
      vertex -2.6409985199570656 -0.5613615661859512 31
      vertex -2.607999734580517 -0.6988114193081856 31
    endloop
  endfacet
  facet normal 0.9588197291581427 0.2840153639807288 0
    outer loop
      vertex -2.567852593958378 -0.8343458846211433 19.509999999999998
      vertex -2.607999734580517 -0.6988114193081856 31
      vertex -2.567852593958378 -0.8343458846211433 31
    endloop
  endfacet
  facet normal 0.9426414872993568 0.3338068699443684 0
    outer loop
      vertex -2.520667150616646 -0.9675934612751007 19.509999999999998
      vertex -2.567852593958378 -0.8343458846211433 31
      vertex -2.520667150616646 -0.9675934612751007 31
    endloop
  endfacet
  facet normal 0.923879546710653 0.38268339808478524 0
    outer loop
      vertex -2.4665727391839027 -1.0981889367103577 19.509999999999998
      vertex -2.520667150616646 -0.9675934612751007 31
      vertex -2.4665727391839027 -1.0981889367103577 31
    endloop
  endfacet
  facet normal 0.9025852815735177 0.43051110262901926 0
    outer loop
      vertex -2.405717618763447 -1.225774347782135 19.509999999999998
      vertex -2.4665727391839027 -1.0981889367103577 31
      vertex -2.405717618763447 -1.225774347782135 31
    endloop
  endfacet
  facet normal 0.8788171153683128 0.4771587552751367 0
    outer loop
      vertex -2.338268592953682 -1.3500000014901161 19.509999999999998
      vertex -2.405717618763447 -1.225774347782135 31
      vertex -2.338268592953682 -1.3500000014901161 31
    endloop
  endfacet
  facet normal 0.8526401453964115 0.5224985956520708 0
    outer loop
      vertex -2.2644105330109596 -1.4705253913998604 19.509999999999998
      vertex -2.338268592953682 -1.3500000014901161 31
      vertex -2.2644105330109596 -1.4705253913998604 31
    endloop
  endfacet
  facet normal 0.8241262013385129 0.5664062184222141 0
    outer loop
      vertex -2.1843458861112595 -1.587020181119442 19.509999999999998
      vertex -2.2644105330109596 -1.4705253913998604 31
      vertex -2.1843458861112595 -1.587020181119442 31
    endloop
  endfacet
  facet normal 0.7933533244441106 0.6087614496610949 0
    outer loop
      vertex -2.0982940942049026 -1.699165053665638 19.509999999999998
      vertex -2.1843458861112595 -1.587020181119442 31
      vertex -2.0982940942049026 -1.699165053665638 31
    endloop
  endfacet
  facet normal 0.7604044644391601 0.6494498059596245 0
    outer loop
      vertex -2.0975809767842293 -1.7000000029802322 19.509999999999998
      vertex -2.0982940942049026 -1.699165053665638 31
      vertex -2.0975809767842293 -1.7000000029802322 31
    endloop
  endfacet
  facet normal 0.9996573249240802 0.026176950273703915 0
    outer loop
      vertex -2.7000000029802322 0 19.509999999999998
      vertex -2.7000000029802322 0 31
      vertex -2.696299746632576 -0.14130707830190659 19.509999999999998
    endloop
  endfacet
  facet normal 0.9969173326248059 0.0784591098104111 0
    outer loop
      vertex -2.696299746632576 -0.14130707830190659 19.509999999999998
      vertex -2.696299746632576 -0.14130707830190659 31
      vertex -2.6852091178297997 -0.2822268530726433 19.509999999999998
    endloop
  endfacet
  facet normal 0.9914448634414467 0.13052617651479395 0
    outer loop
      vertex -2.6852091178297997 -0.2822268530726433 19.509999999999998
      vertex -2.6852091178297997 -0.2822268530726433 31
      vertex -2.6667585223913193 -0.42237305641174316 19.509999999999998
    endloop
  endfacet
  facet normal 0.9832549015095283 0.18223555815890566 0
    outer loop
      vertex -2.6667585223913193 -0.42237305641174316 19.509999999999998
      vertex -2.6667585223913193 -0.42237305641174316 31
      vertex -2.6409985199570656 -0.5613615661859512 19.509999999999998
    endloop
  endfacet
  facet normal 0.9723699281005703 0.23344533177104118 0
    outer loop
      vertex -2.6409985199570656 -0.5613615661859512 19.509999999999998
      vertex -2.6409985199570656 -0.5613615661859512 31
      vertex -2.607999734580517 -0.6988114193081856 19.509999999999998
    endloop
  endfacet
  facet normal 0.9588197291581427 0.2840153639807288 0
    outer loop
      vertex -2.607999734580517 -0.6988114193081856 19.509999999999998
      vertex -2.607999734580517 -0.6988114193081856 31
      vertex -2.567852593958378 -0.8343458846211433 19.509999999999998
    endloop
  endfacet
  facet normal 0.9426414872993568 0.3338068699443684 0
    outer loop
      vertex -2.567852593958378 -0.8343458846211433 19.509999999999998
      vertex -2.567852593958378 -0.8343458846211433 31
      vertex -2.520667150616646 -0.9675934612751007 19.509999999999998
    endloop
  endfacet
  facet normal 0.923879546710653 0.38268339808478524 0
    outer loop
      vertex -2.520667150616646 -0.9675934612751007 19.509999999999998
      vertex -2.520667150616646 -0.9675934612751007 31
      vertex -2.4665727391839027 -1.0981889367103577 19.509999999999998
    endloop
  endfacet
  facet normal 0.9025852815735177 0.43051110262901926 0
    outer loop
      vertex -2.4665727391839027 -1.0981889367103577 19.509999999999998
      vertex -2.4665727391839027 -1.0981889367103577 31
      vertex -2.405717618763447 -1.225774347782135 19.509999999999998
    endloop
  endfacet
  facet normal 0.8788171153683128 0.4771587552751367 0
    outer loop
      vertex -2.405717618763447 -1.225774347782135 19.509999999999998
      vertex -2.405717618763447 -1.225774347782135 31
      vertex -2.338268592953682 -1.3500000014901161 19.509999999999998
    endloop
  endfacet
  facet normal 0.8526401453964115 0.5224985956520708 0
    outer loop
      vertex -2.338268592953682 -1.3500000014901161 19.509999999999998
      vertex -2.338268592953682 -1.3500000014901161 31
      vertex -2.2644105330109596 -1.4705253913998604 19.509999999999998
    endloop
  endfacet
  facet normal 0.8241262013385129 0.5664062184222141 0
    outer loop
      vertex -2.2644105330109596 -1.4705253913998604 19.509999999999998
      vertex -2.2644105330109596 -1.4705253913998604 31
      vertex -2.1843458861112595 -1.587020181119442 19.509999999999998
    endloop
  endfacet
  facet normal 0.7933533244441106 0.6087614496610949 0
    outer loop
      vertex -2.1843458861112595 -1.587020181119442 19.509999999999998
      vertex -2.1843458861112595 -1.587020181119442 31
      vertex -2.0982940942049026 -1.699165053665638 19.509999999999998
    endloop
  endfacet
  facet normal 0.7604044644391601 0.6494498059596245 0
    outer loop
      vertex -2.0975809767842293 -1.7000000029802322 19.509999999999998
      vertex -2.0982940942049026 -1.699165053665638 19.509999999999998
      vertex -2.0982940942049026 -1.699165053665638 31
    endloop
  endfacet
  facet normal 0 1 0
    outer loop
      vertex -2.0975809767842293 -1.7000000029802322 19.509999999999998
      vertex -2.0975809767842293 -1.7000000029802322 31
      vertex 2.0975809767842293 -1.7000000029802322 19.509999999999998
    endloop
  endfacet
  facet normal 0 0 1
    outer loop
      vertex -2.1843458861112595 -1.587020181119442 19.509999999999998
      vertex -2.0982940942049026 -1.699165053665638 19.509999999999998
      vertex -2.0975809767842293 -1.7000000029802322 19.509999999999998
    endloop
  endfacet
  facet normal 0 0 1
    outer loop
      vertex -2.696299746632576 0.14130707830190659 19.509999999999998
      vertex -2.7000000029802322 0 19.509999999999998
      vertex 2.6852091178297997 -0.2822268530726433 19.509999999999998
    endloop
  endfacet
  facet normal 0 0 1
    outer loop
      vertex -2.7000000029802322 0 19.509999999999998
      vertex -2.696299746632576 -0.14130707830190659 19.509999999999998
      vertex 2.6667585223913193 -0.42237305641174316 19.509999999999998
    endloop
  endfacet
  facet normal 0 0 1
    outer loop
      vertex -2.696299746632576 -0.14130707830190659 19.509999999999998
      vertex -2.6852091178297997 -0.2822268530726433 19.509999999999998
      vertex 2.6409985199570656 -0.5613615661859512 19.509999999999998
    endloop
  endfacet
  facet normal 0 0 1
    outer loop
      vertex -2.6852091178297997 -0.2822268530726433 19.509999999999998
      vertex -2.6667585223913193 -0.42237305641174316 19.509999999999998
      vertex 2.607999734580517 -0.6988114193081856 19.509999999999998
    endloop
  endfacet
  facet normal 0 0 1
    outer loop
      vertex -2.6667585223913193 -0.42237305641174316 19.509999999999998
      vertex -2.6409985199570656 -0.5613615661859512 19.509999999999998
      vertex 2.567852593958378 -0.8343458846211433 19.509999999999998
    endloop
  endfacet
  facet normal 0 0 1
    outer loop
      vertex -2.6409985199570656 -0.5613615661859512 19.509999999999998
      vertex -2.607999734580517 -0.6988114193081856 19.509999999999998
      vertex 2.520667150616646 -0.9675934612751007 19.509999999999998
    endloop
  endfacet
  facet normal 0 0 1
    outer loop
      vertex -2.607999734580517 -0.6988114193081856 19.509999999999998
      vertex -2.567852593958378 -0.8343458846211433 19.509999999999998
      vertex 2.4665727391839027 -1.0981889367103577 19.509999999999998
    endloop
  endfacet
  facet normal 0 0 1
    outer loop
      vertex -2.567852593958378 -0.8343458846211433 19.509999999999998
      vertex -2.520667150616646 -0.9675934612751007 19.509999999999998
      vertex 2.405717618763447 -1.225774347782135 19.509999999999998
    endloop
  endfacet
  facet normal 0 0 1
    outer loop
      vertex -2.520667150616646 -0.9675934612751007 19.509999999999998
      vertex -2.4665727391839027 -1.0981889367103577 19.509999999999998
      vertex 2.338268592953682 -1.3500000014901161 19.509999999999998
    endloop
  endfacet
  facet normal 0 0 1
    outer loop
      vertex -2.4665727391839027 -1.0981889367103577 19.509999999999998
      vertex -2.405717618763447 -1.225774347782135 19.509999999999998
      vertex 2.2644105330109596 -1.4705253913998604 19.509999999999998
    endloop
  endfacet
  facet normal 0 0 1
    outer loop
      vertex -2.405717618763447 -1.225774347782135 19.509999999999998
      vertex -2.338268592953682 -1.3500000014901161 19.509999999999998
      vertex 2.1843458861112595 -1.587020181119442 19.509999999999998
    endloop
  endfacet
  facet normal 0 0 1
    outer loop
      vertex -2.338268592953682 -1.3500000014901161 19.509999999999998
      vertex -2.2644105330109596 -1.4705253913998604 19.509999999999998
      vertex 2.0982940942049026 -1.699165053665638 19.509999999999998
    endloop
  endfacet
  facet normal 0 0 1
    outer loop
      vertex -2.2644105330109596 -1.4705253913998604 19.509999999999998
      vertex -2.1843458861112595 -1.587020181119442 19.509999999999998
      vertex 2.0975809767842293 -1.7000000029802322 19.509999999999998
    endloop
  endfacet
  facet normal 0 0 1
    outer loop
      vertex -2.1843458861112595 -1.587020181119442 19.509999999999998
      vertex -2.0975809767842293 -1.7000000029802322 19.509999999999998
      vertex 2.0975809767842293 -1.7000000029802322 19.509999999999998
    endloop
  endfacet
  facet normal -0.7604044644391601 -0.6494498059596245 0
    outer loop
      vertex 2.0975809767842293 1.7000000029802322 19.509999999999998
      vertex 2.0982940942049026 1.699165053665638 31
      vertex 2.0975809767842293 1.7000000029802322 31
    endloop
  endfacet
  facet normal -0.7933533244441106 -0.6087614496610949 0
    outer loop
      vertex 2.0982940942049026 1.699165053665638 19.509999999999998
      vertex 2.1843458861112595 1.587020181119442 31
      vertex 2.0982940942049026 1.699165053665638 31
    endloop
  endfacet
  facet normal -0.8241262013385129 -0.5664062184222141 0
    outer loop
      vertex 2.1843458861112595 1.587020181119442 19.509999999999998
      vertex 2.2644105330109596 1.4705253913998604 31
      vertex 2.1843458861112595 1.587020181119442 31
    endloop
  endfacet
  facet normal -0.8526401453964115 -0.5224985956520708 0
    outer loop
      vertex 2.2644105330109596 1.4705253913998604 19.509999999999998
      vertex 2.338268592953682 1.3500000014901161 31
      vertex 2.2644105330109596 1.4705253913998604 31
    endloop
  endfacet
  facet normal -0.8788171153683128 -0.4771587552751367 0
    outer loop
      vertex 2.338268592953682 1.3500000014901161 19.509999999999998
      vertex 2.405717618763447 1.225774347782135 31
      vertex 2.338268592953682 1.3500000014901161 31
    endloop
  endfacet
  facet normal -0.9025852815735177 -0.43051110262901926 0
    outer loop
      vertex 2.405717618763447 1.225774347782135 19.509999999999998
      vertex 2.4665727391839027 1.0981889367103577 31
      vertex 2.405717618763447 1.225774347782135 31
    endloop
  endfacet
  facet normal -0.923879546710653 -0.38268339808478524 0
    outer loop
      vertex 2.4665727391839027 1.0981889367103577 19.509999999999998
      vertex 2.520667150616646 0.9675934612751007 31
      vertex 2.4665727391839027 1.0981889367103577 31
    endloop
  endfacet
  facet normal -0.9426414872993568 -0.3338068699443684 0
    outer loop
      vertex 2.520667150616646 0.9675934612751007 19.509999999999998
      vertex 2.567852593958378 0.8343458846211433 31
      vertex 2.520667150616646 0.9675934612751007 31
    endloop
  endfacet
  facet normal -0.9588197291581427 -0.2840153639807288 0
    outer loop
      vertex 2.567852593958378 0.8343458846211433 19.509999999999998
      vertex 2.607999734580517 0.6988114193081856 31
      vertex 2.567852593958378 0.8343458846211433 31
    endloop
  endfacet
  facet normal -0.9723699281005703 -0.23344533177104118 0
    outer loop
      vertex 2.607999734580517 0.6988114193081856 19.509999999999998
      vertex 2.6409985199570656 0.5613615661859512 31
      vertex 2.607999734580517 0.6988114193081856 31
    endloop
  endfacet
  facet normal -0.9832549015095283 -0.18223555815890566 0
    outer loop
      vertex 2.6409985199570656 0.5613615661859512 19.509999999999998
      vertex 2.6667585223913193 0.42237305641174316 31
      vertex 2.6409985199570656 0.5613615661859512 31
    endloop
  endfacet
  facet normal -0.9914448634414467 -0.13052617651479395 0
    outer loop
      vertex 2.6667585223913193 0.42237305641174316 19.509999999999998
      vertex 2.6852091178297997 0.2822268530726433 31
      vertex 2.6667585223913193 0.42237305641174316 31
    endloop
  endfacet
  facet normal -0.9969173326248059 -0.0784591098104111 0
    outer loop
      vertex 2.6852091178297997 0.2822268530726433 19.509999999999998
      vertex 2.696299746632576 0.14130707830190659 31
      vertex 2.6852091178297997 0.2822268530726433 31
    endloop
  endfacet
  facet normal -0.9996573249240802 -0.026176950273703915 0
    outer loop
      vertex 2.696299746632576 0.14130707830190659 19.509999999999998
      vertex 2.7000000029802322 0 31
      vertex 2.696299746632576 0.14130707830190659 31
    endloop
  endfacet
  facet normal 0 -1 0
    outer loop
      vertex -2.0975809767842293 1.7000000029802322 19.509999999999998
      vertex 2.0975809767842293 1.7000000029802322 19.509999999999998
      vertex 2.0975809767842293 1.7000000029802322 31
    endloop
  endfacet
  facet normal -0.7604044644391601 -0.6494498059596245 0
    outer loop
      vertex 2.0982940942049026 1.699165053665638 19.509999999999998
      vertex 2.0982940942049026 1.699165053665638 31
      vertex 2.0975809767842293 1.7000000029802322 19.509999999999998
    endloop
  endfacet
  facet normal -0.7933533244441106 -0.6087614496610949 0
    outer loop
      vertex 2.0982940942049026 1.699165053665638 19.509999999999998
      vertex 2.1843458861112595 1.587020181119442 19.509999999999998
      vertex 2.1843458861112595 1.587020181119442 31
    endloop
  endfacet
  facet normal -0.8241262013385129 -0.5664062184222141 0
    outer loop
      vertex 2.1843458861112595 1.587020181119442 19.509999999999998
      vertex 2.2644105330109596 1.4705253913998604 19.509999999999998
      vertex 2.2644105330109596 1.4705253913998604 31
    endloop
  endfacet
  facet normal -0.8526401453964115 -0.5224985956520708 0
    outer loop
      vertex 2.2644105330109596 1.4705253913998604 19.509999999999998
      vertex 2.338268592953682 1.3500000014901161 19.509999999999998
      vertex 2.338268592953682 1.3500000014901161 31
    endloop
  endfacet
  facet normal -0.8788171153683128 -0.4771587552751367 0
    outer loop
      vertex 2.338268592953682 1.3500000014901161 19.509999999999998
      vertex 2.405717618763447 1.225774347782135 19.509999999999998
      vertex 2.405717618763447 1.225774347782135 31
    endloop
  endfacet
  facet normal -0.9025852815735177 -0.43051110262901926 0
    outer loop
      vertex 2.405717618763447 1.225774347782135 19.509999999999998
      vertex 2.4665727391839027 1.0981889367103577 19.509999999999998
      vertex 2.4665727391839027 1.0981889367103577 31
    endloop
  endfacet
  facet normal -0.923879546710653 -0.38268339808478524 0
    outer loop
      vertex 2.4665727391839027 1.0981889367103577 19.509999999999998
      vertex 2.520667150616646 0.9675934612751007 19.509999999999998
      vertex 2.520667150616646 0.9675934612751007 31
    endloop
  endfacet
  facet normal -0.9426414872993568 -0.3338068699443684 0
    outer loop
      vertex 2.520667150616646 0.9675934612751007 19.509999999999998
      vertex 2.567852593958378 0.8343458846211433 19.509999999999998
      vertex 2.567852593958378 0.8343458846211433 31
    endloop
  endfacet
  facet normal -0.9588197291581427 -0.2840153639807288 0
    outer loop
      vertex 2.567852593958378 0.8343458846211433 19.509999999999998
      vertex 2.607999734580517 0.6988114193081856 19.509999999999998
      vertex 2.607999734580517 0.6988114193081856 31
    endloop
  endfacet
  facet normal -0.9723699281005703 -0.23344533177104118 0
    outer loop
      vertex 2.607999734580517 0.6988114193081856 19.509999999999998
      vertex 2.6409985199570656 0.5613615661859512 19.509999999999998
      vertex 2.6409985199570656 0.5613615661859512 31
    endloop
  endfacet
  facet normal -0.9832549015095283 -0.18223555815890566 0
    outer loop
      vertex 2.6409985199570656 0.5613615661859512 19.509999999999998
      vertex 2.6667585223913193 0.42237305641174316 19.509999999999998
      vertex 2.6667585223913193 0.42237305641174316 31
    endloop
  endfacet
  facet normal -0.9914448634414467 -0.13052617651479395 0
    outer loop
      vertex 2.6667585223913193 0.42237305641174316 19.509999999999998
      vertex 2.6852091178297997 0.2822268530726433 19.509999999999998
      vertex 2.6852091178297997 0.2822268530726433 31
    endloop
  endfacet
  facet normal -0.9969173326248059 -0.0784591098104111 0
    outer loop
      vertex 2.6852091178297997 0.2822268530726433 19.509999999999998
      vertex 2.696299746632576 0.14130707830190659 19.509999999999998
      vertex 2.696299746632576 0.14130707830190659 31
    endloop
  endfacet
  facet normal -0.9996573249240802 -0.026176950273703915 0
    outer loop
      vertex 2.696299746632576 0.14130707830190659 19.509999999999998
      vertex 2.7000000029802322 0 19.509999999999998
      vertex 2.7000000029802322 0 31
    endloop
  endfacet
  facet normal 0 0 1
    outer loop
      vertex -2.0975809767842293 1.7000000029802322 19.509999999999998
      vertex 2.1843458861112595 1.587020181119442 19.509999999999998
      vertex 2.0975809767842293 1.7000000029802322 19.509999999999998
    endloop
  endfacet
  facet normal 0 0 1
    outer loop
      vertex -2.0975809767842293 1.7000000029802322 19.509999999999998
      vertex 2.2644105330109596 1.4705253913998604 19.509999999999998
      vertex 2.1843458861112595 1.587020181119442 19.509999999999998
    endloop
  endfacet
  facet normal 0 0 1
    outer loop
      vertex -2.0982940942049026 1.699165053665638 19.509999999999998
      vertex 2.338268592953682 1.3500000014901161 19.509999999999998
      vertex 2.2644105330109596 1.4705253913998604 19.509999999999998
    endloop
  endfacet
  facet normal 0 0 1
    outer loop
      vertex -2.1843458861112595 1.587020181119442 19.509999999999998
      vertex 2.405717618763447 1.225774347782135 19.509999999999998
      vertex 2.338268592953682 1.3500000014901161 19.509999999999998
    endloop
  endfacet
  facet normal 0 0 1
    outer loop
      vertex -2.2644105330109596 1.4705253913998604 19.509999999999998
      vertex 2.4665727391839027 1.0981889367103577 19.509999999999998
      vertex 2.405717618763447 1.225774347782135 19.509999999999998
    endloop
  endfacet
  facet normal 0 0 1
    outer loop
      vertex -2.338268592953682 1.3500000014901161 19.509999999999998
      vertex 2.520667150616646 0.9675934612751007 19.509999999999998
      vertex 2.4665727391839027 1.0981889367103577 19.509999999999998
    endloop
  endfacet
  facet normal 0 0 1
    outer loop
      vertex -2.405717618763447 1.225774347782135 19.509999999999998
      vertex 2.567852593958378 0.8343458846211433 19.509999999999998
      vertex 2.520667150616646 0.9675934612751007 19.509999999999998
    endloop
  endfacet
  facet normal 0 0 1
    outer loop
      vertex -2.4665727391839027 1.0981889367103577 19.509999999999998
      vertex 2.607999734580517 0.6988114193081856 19.509999999999998
      vertex 2.567852593958378 0.8343458846211433 19.509999999999998
    endloop
  endfacet
  facet normal 0 0 1
    outer loop
      vertex -2.520667150616646 0.9675934612751007 19.509999999999998
      vertex 2.6409985199570656 0.5613615661859512 19.509999999999998
      vertex 2.607999734580517 0.6988114193081856 19.509999999999998
    endloop
  endfacet
  facet normal 0 0 1
    outer loop
      vertex -2.567852593958378 0.8343458846211433 19.509999999999998
      vertex 2.6667585223913193 0.42237305641174316 19.509999999999998
      vertex 2.6409985199570656 0.5613615661859512 19.509999999999998
    endloop
  endfacet
  facet normal 0 0 1
    outer loop
      vertex -2.607999734580517 0.6988114193081856 19.509999999999998
      vertex 2.6852091178297997 0.2822268530726433 19.509999999999998
      vertex 2.6667585223913193 0.42237305641174316 19.509999999999998
    endloop
  endfacet
  facet normal 0 0 1
    outer loop
      vertex -2.6409985199570656 0.5613615661859512 19.509999999999998
      vertex 2.696299746632576 0.14130707830190659 19.509999999999998
      vertex 2.6852091178297997 0.2822268530726433 19.509999999999998
    endloop
  endfacet
  facet normal 0 0 1
    outer loop
      vertex -2.6667585223913193 0.42237305641174316 19.509999999999998
      vertex 2.7000000029802322 0 19.509999999999998
      vertex 2.696299746632576 0.14130707830190659 19.509999999999998
    endloop
  endfacet
  facet normal 0 0 1
    outer loop
      vertex -2.6852091178297997 0.2822268530726433 19.509999999999998
      vertex 2.696299746632576 -0.14130707830190659 19.509999999999998
      vertex 2.7000000029802322 0 19.509999999999998
    endloop
  endfacet
  facet normal 0 0 1
    outer loop
      vertex 2.0982940942049026 1.699165053665638 19.509999999999998
      vertex 2.0975809767842293 1.7000000029802322 19.509999999999998
      vertex 2.1843458861112595 1.587020181119442 19.509999999999998
    endloop
  endfacet
  facet normal 0 1 0
    outer loop
      vertex 2.0975809767842293 -1.7000000029802322 19.509999999999998
      vertex -2.0975809767842293 -1.7000000029802322 31
      vertex 2.0975809767842293 -1.7000000029802322 31
    endloop
  endfacet
  facet normal -0.8526401453964115 0.5224985956520708 0
    outer loop
      vertex 2.338268592953682 -1.3500000014901161 19.509999999999998
      vertex 2.2644105330109596 -1.4705253913998604 31
      vertex 2.338268592953682 -1.3500000014901161 31
    endloop
  endfacet
  facet normal -0.8241262013385129 0.5664062184222141 0
    outer loop
      vertex 2.2644105330109596 -1.4705253913998604 19.509999999999998
      vertex 2.1843458861112595 -1.587020181119442 31
      vertex 2.2644105330109596 -1.4705253913998604 31
    endloop
  endfacet
  facet normal -0.9996573249240802 0.026176950273703915 0
    outer loop
      vertex 2.7000000029802322 0 19.509999999999998
      vertex 2.696299746632576 -0.14130707830190659 31
      vertex 2.7000000029802322 0 31
    endloop
  endfacet
  facet normal -0.9969173326248059 0.0784591098104111 0
    outer loop
      vertex 2.696299746632576 -0.14130707830190659 19.509999999999998
      vertex 2.6852091178297997 -0.2822268530726433 31
      vertex 2.696299746632576 -0.14130707830190659 31
    endloop
  endfacet
  facet normal -0.9914448634414467 0.13052617651479395 0
    outer loop
      vertex 2.6852091178297997 -0.2822268530726433 19.509999999999998
      vertex 2.6667585223913193 -0.42237305641174316 31
      vertex 2.6852091178297997 -0.2822268530726433 31
    endloop
  endfacet
  facet normal -0.9832549015095283 0.18223555815890566 0
    outer loop
      vertex 2.6667585223913193 -0.42237305641174316 19.509999999999998
      vertex 2.6409985199570656 -0.5613615661859512 31
      vertex 2.6667585223913193 -0.42237305641174316 31
    endloop
  endfacet
  facet normal -0.9723699281005703 0.23344533177104118 0
    outer loop
      vertex 2.6409985199570656 -0.5613615661859512 19.509999999999998
      vertex 2.607999734580517 -0.6988114193081856 31
      vertex 2.6409985199570656 -0.5613615661859512 31
    endloop
  endfacet
  facet normal -0.9588197291581427 0.2840153639807288 0
    outer loop
      vertex 2.607999734580517 -0.6988114193081856 19.509999999999998
      vertex 2.567852593958378 -0.8343458846211433 31
      vertex 2.607999734580517 -0.6988114193081856 31
    endloop
  endfacet
  facet normal -0.923879546710653 0.38268339808478524 0
    outer loop
      vertex 2.520667150616646 -0.9675934612751007 19.509999999999998
      vertex 2.4665727391839027 -1.0981889367103577 31
      vertex 2.520667150616646 -0.9675934612751007 31
    endloop
  endfacet
  facet normal -0.9025852815735177 0.43051110262901926 0
    outer loop
      vertex 2.4665727391839027 -1.0981889367103577 19.509999999999998
      vertex 2.405717618763447 -1.225774347782135 31
      vertex 2.4665727391839027 -1.0981889367103577 31
    endloop
  endfacet
  facet normal -0.9426414872993568 0.3338068699443684 0
    outer loop
      vertex 2.567852593958378 -0.8343458846211433 19.509999999999998
      vertex 2.520667150616646 -0.9675934612751007 31
      vertex 2.567852593958378 -0.8343458846211433 31
    endloop
  endfacet
  facet normal -0.8788171153683128 0.4771587552751367 0
    outer loop
      vertex 2.405717618763447 -1.225774347782135 19.509999999999998
      vertex 2.338268592953682 -1.3500000014901161 31
      vertex 2.405717618763447 -1.225774347782135 31
    endloop
  endfacet
  facet normal -0.7604044644391601 0.6494498059596245 0
    outer loop
      vertex 2.0982940942049026 -1.699165053665638 19.509999999999998
      vertex 2.0975809767842293 -1.7000000029802322 31
      vertex 2.0982940942049026 -1.699165053665638 31
    endloop
  endfacet
  facet normal -0.7933533244441106 0.6087614496610949 0
    outer loop
      vertex 2.1843458861112595 -1.587020181119442 19.509999999999998
      vertex 2.0982940942049026 -1.699165053665638 31
      vertex 2.1843458861112595 -1.587020181119442 31
    endloop
  endfacet
  facet normal -0.8526401453964115 0.5224985956520708 0
    outer loop
      vertex 2.338268592953682 -1.3500000014901161 19.509999999999998
      vertex 2.2644105330109596 -1.4705253913998604 19.509999999999998
      vertex 2.2644105330109596 -1.4705253913998604 31
    endloop
  endfacet
  facet normal -0.8241262013385129 0.5664062184222141 0
    outer loop
      vertex 2.2644105330109596 -1.4705253913998604 19.509999999999998
      vertex 2.1843458861112595 -1.587020181119442 19.509999999999998
      vertex 2.1843458861112595 -1.587020181119442 31
    endloop
  endfacet
  facet normal -0.9996573249240802 0.026176950273703915 0
    outer loop
      vertex 2.7000000029802322 0 19.509999999999998
      vertex 2.696299746632576 -0.14130707830190659 19.509999999999998
      vertex 2.696299746632576 -0.14130707830190659 31
    endloop
  endfacet
  facet normal -0.9969173326248059 0.0784591098104111 0
    outer loop
      vertex 2.696299746632576 -0.14130707830190659 19.509999999999998
      vertex 2.6852091178297997 -0.2822268530726433 19.509999999999998
      vertex 2.6852091178297997 -0.2822268530726433 31
    endloop
  endfacet
  facet normal -0.9914448634414467 0.13052617651479395 0
    outer loop
      vertex 2.6852091178297997 -0.2822268530726433 19.509999999999998
      vertex 2.6667585223913193 -0.42237305641174316 19.509999999999998
      vertex 2.6667585223913193 -0.42237305641174316 31
    endloop
  endfacet
  facet normal -0.9832549015095283 0.18223555815890566 0
    outer loop
      vertex 2.6667585223913193 -0.42237305641174316 19.509999999999998
      vertex 2.6409985199570656 -0.5613615661859512 19.509999999999998
      vertex 2.6409985199570656 -0.5613615661859512 31
    endloop
  endfacet
  facet normal -0.9723699281005703 0.23344533177104118 0
    outer loop
      vertex 2.6409985199570656 -0.5613615661859512 19.509999999999998
      vertex 2.607999734580517 -0.6988114193081856 19.509999999999998
      vertex 2.607999734580517 -0.6988114193081856 31
    endloop
  endfacet
  facet normal -0.9426414872993568 0.3338068699443684 0
    outer loop
      vertex 2.567852593958378 -0.8343458846211433 19.509999999999998
      vertex 2.520667150616646 -0.9675934612751007 19.509999999999998
      vertex 2.520667150616646 -0.9675934612751007 31
    endloop
  endfacet
  facet normal -0.923879546710653 0.38268339808478524 0
    outer loop
      vertex 2.520667150616646 -0.9675934612751007 19.509999999999998
      vertex 2.4665727391839027 -1.0981889367103577 19.509999999999998
      vertex 2.4665727391839027 -1.0981889367103577 31
    endloop
  endfacet
  facet normal -0.9588197291581427 0.2840153639807288 0
    outer loop
      vertex 2.607999734580517 -0.6988114193081856 19.509999999999998
      vertex 2.567852593958378 -0.8343458846211433 19.509999999999998
      vertex 2.567852593958378 -0.8343458846211433 31
    endloop
  endfacet
  facet normal -0.9025852815735177 0.43051110262901926 0
    outer loop
      vertex 2.4665727391839027 -1.0981889367103577 19.509999999999998
      vertex 2.405717618763447 -1.225774347782135 19.509999999999998
      vertex 2.405717618763447 -1.225774347782135 31
    endloop
  endfacet
  facet normal -0.8788171153683128 0.4771587552751367 0
    outer loop
      vertex 2.405717618763447 -1.225774347782135 19.509999999999998
      vertex 2.338268592953682 -1.3500000014901161 19.509999999999998
      vertex 2.338268592953682 -1.3500000014901161 31
    endloop
  endfacet
  facet normal -0.7604044644391601 0.6494498059596245 0
    outer loop
      vertex 2.0982940942049026 -1.699165053665638 19.509999999999998
      vertex 2.0975809767842293 -1.7000000029802322 19.509999999999998
      vertex 2.0975809767842293 -1.7000000029802322 31
    endloop
  endfacet
  facet normal -0.7933533244441106 0.6087614496610949 0
    outer loop
      vertex 2.1843458861112595 -1.587020181119442 19.509999999999998
      vertex 2.0982940942049026 -1.699165053665638 19.509999999999998
      vertex 2.0982940942049026 -1.699165053665638 31
    endloop
  endfacet
  facet normal 0 0 1
    outer loop
      vertex -2.567852593958378 -0.8343458846211433 19.509999999999998
      vertex 2.405717618763447 -1.225774347782135 19.509999999999998
      vertex 2.4665727391839027 -1.0981889367103577 19.509999999999998
    endloop
  endfacet
  facet normal 0 0 1
    outer loop
      vertex -2.520667150616646 -0.9675934612751007 19.509999999999998
      vertex 2.338268592953682 -1.3500000014901161 19.509999999999998
      vertex 2.405717618763447 -1.225774347782135 19.509999999999998
    endloop
  endfacet
  facet normal 0 0 1
    outer loop
      vertex -2.4665727391839027 -1.0981889367103577 19.509999999999998
      vertex 2.2644105330109596 -1.4705253913998604 19.509999999999998
      vertex 2.338268592953682 -1.3500000014901161 19.509999999999998
    endloop
  endfacet
  facet normal 0 0 1
    outer loop
      vertex -2.338268592953682 -1.3500000014901161 19.509999999999998
      vertex 2.0982940942049026 -1.699165053665638 19.509999999999998
      vertex 2.1843458861112595 -1.587020181119442 19.509999999999998
    endloop
  endfacet
  facet normal 0 0 1
    outer loop
      vertex -2.405717618763447 -1.225774347782135 19.509999999999998
      vertex 2.1843458861112595 -1.587020181119442 19.509999999999998
      vertex 2.2644105330109596 -1.4705253913998604 19.509999999999998
    endloop
  endfacet
  facet normal 0 0 1
    outer loop
      vertex -2.696299746632576 0.14130707830190659 19.509999999999998
      vertex 2.6852091178297997 -0.2822268530726433 19.509999999999998
      vertex 2.696299746632576 -0.14130707830190659 19.509999999999998
    endloop
  endfacet
  facet normal 0 0 1
    outer loop
      vertex -2.7000000029802322 0 19.509999999999998
      vertex 2.6667585223913193 -0.42237305641174316 19.509999999999998
      vertex 2.6852091178297997 -0.2822268530726433 19.509999999999998
    endloop
  endfacet
  facet normal 0 0 1
    outer loop
      vertex -2.696299746632576 -0.14130707830190659 19.509999999999998
      vertex 2.6409985199570656 -0.5613615661859512 19.509999999999998
      vertex 2.6667585223913193 -0.42237305641174316 19.509999999999998
    endloop
  endfacet
  facet normal 0 0 1
    outer loop
      vertex -2.6852091178297997 -0.2822268530726433 19.509999999999998
      vertex 2.607999734580517 -0.6988114193081856 19.509999999999998
      vertex 2.6409985199570656 -0.5613615661859512 19.509999999999998
    endloop
  endfacet
  facet normal 0 0 1
    outer loop
      vertex -2.6667585223913193 -0.42237305641174316 19.509999999999998
      vertex 2.567852593958378 -0.8343458846211433 19.509999999999998
      vertex 2.607999734580517 -0.6988114193081856 19.509999999999998
    endloop
  endfacet
  facet normal 0 0 1
    outer loop
      vertex -2.6409985199570656 -0.5613615661859512 19.509999999999998
      vertex 2.520667150616646 -0.9675934612751007 19.509999999999998
      vertex 2.567852593958378 -0.8343458846211433 19.509999999999998
    endloop
  endfacet
  facet normal 0 0 1
    outer loop
      vertex -2.607999734580517 -0.6988114193081856 19.509999999999998
      vertex 2.4665727391839027 -1.0981889367103577 19.509999999999998
      vertex 2.520667150616646 -0.9675934612751007 19.509999999999998
    endloop
  endfacet
  facet normal 0 0 1
    outer loop
      vertex -2.2644105330109596 -1.4705253913998604 19.509999999999998
      vertex 2.0975809767842293 -1.7000000029802322 19.509999999999998
      vertex 2.0982940942049026 -1.699165053665638 19.509999999999998
    endloop
  endfacet
endsolid OpenSCAD_Model
