solid OpenSCAD_Model
  facet normal -1 0 0
    outer loop
      vertex -8.9 -12 3
      vertex -8.9 -12 4
      vertex -8.9 -6.581793068761733 18.8
    endloop
  endfacet
  facet normal 0 -0.9416657253579857 0.3365496422313044
    outer loop
      vertex -8.9 -12 4
      vertex -3.9000000000000004 -12 4
      vertex -3.9000000000000004 -7.095211241378733 17.723596416544282
    endloop
  endfacet
  facet normal -1 0 0
    outer loop
      vertex -8.9 -12 3
      vertex -8.9 -1.469308593135731 11.172320251361473
      vertex -8.9 -1.2669696769372842 11.10066828318987
    endloop
  endfacet
  facet normal -1 0 0
    outer loop
      vertex -8.9 -12 3
      vertex -8.9 -1.2669696769372842 11.10066828318987
      vertex -8.9 -1.061158084920335 11.039704112214821
    endloop
  endfacet
  facet normal -1 0 0
    outer loop
      vertex -8.9 -12 3
      vertex -8.9 -1.061158084920335 11.039704112214821
      vertex -8.9 -0.8524379323528132 10.989594836991397
    endloop
  endfacet
  facet normal -1 0 0
    outer loop
      vertex -8.9 -12 3
      vertex -8.9 -0.8524379323528132 10.989594836991397
      vertex -8.9 -0.6413813066649465 10.950477803559934
    endloop
  endfacet
  facet normal -1 0 0
    outer loop
      vertex -8.9 -12 3
      vertex -8.9 -0.6413813066649465 10.950477803559934
      vertex -8.9 -0.4285666993973792 10.92246022899008
    endloop
  endfacet
  facet normal -1 0 0
    outer loop
      vertex -8.9 -12 3
      vertex -8.9 -0.4285666993973792 10.92246022899008
      vertex -8.9 -0.2145774205960697 10.905618907506248
    endloop
  endfacet
  facet normal -1 0 0
    outer loop
      vertex -8.9 -12 3
      vertex -8.9 -0.2145774205960697 10.905618907506248
      vertex -8.9 0 10.9
    endloop
  endfacet
  facet normal -1 0 0
    outer loop
      vertex -8.9 -12 3
      vertex -8.9 0 10.9
      vertex -8.9 0.2145774205960697 10.905618907506248
    endloop
  endfacet
  facet normal -1 0 0
    outer loop
      vertex -8.9 -12 3
      vertex -8.9 0.2145774205960697 10.905618907506248
      vertex -8.9 0.4285666993973792 10.92246022899008
    endloop
  endfacet
  facet normal -1 0 0
    outer loop
      vertex -8.9 -12 3
      vertex -8.9 -3.0468937844573163 12.256564513928682
      vertex -8.9 -2.899137802864845 12.100862197135156
    endloop
  endfacet
  facet normal -1 0 0
    outer loop
      vertex -8.9 -12 3
      vertex -8.9 -2.899137802864845 12.100862197135156
      vertex -8.9 -2.7434354860713186 11.953106215542684
    endloop
  endfacet
  facet normal -1 0 0
    outer loop
      vertex -8.9 -12 3
      vertex -8.9 -2.7434354860713186 11.953106215542684
      vertex -8.9 -2.5802136033043332 11.81370155802642
    endloop
  endfacet
  facet normal -1 0 0
    outer loop
      vertex -8.9 -12 3
      vertex -8.9 -2.5802136033043332 11.81370155802642
      vertex -8.9 -2.4099195343991395 11.683030323062717
    endloop
  endfacet
  facet normal -1 0 0
    outer loop
      vertex -8.9 -12 3
      vertex -8.9 -3.3169696769372843 12.59008046560086
      vertex -8.9 -3.1862984419735803 12.419786396695667
    endloop
  endfacet
  facet normal -1 0 0
    outer loop
      vertex -8.9 -12 3
      vertex -8.9 -3.4385493285762383 12.766979956438389
      vertex -8.9 -3.3169696769372843 12.59008046560086
    endloop
  endfacet
  facet normal -1 0 0
    outer loop
      vertex -8.9 -12 3
      vertex -8.9 -3.550704155516198 12.95
      vertex -8.9 -3.4385493285762383 12.766979956438389
    endloop
  endfacet
  facet normal -1 0 0
    outer loop
      vertex -8.9 -12 3
      vertex -8.9 -3.653126749172308 13.138638951067858
      vertex -8.9 -3.550704155516198 12.95
    endloop
  endfacet
  facet normal -1 0 0
    outer loop
      vertex -8.9 -12 3
      vertex -8.9 -3.7455363763346634 13.33237976338922
      vertex -8.9 -3.653126749172308 13.138638951067858
    endloop
  endfacet
  facet normal -1 0 0
    outer loop
      vertex -8.9 -12 3
      vertex -8.9 -3.1862984419735803 12.419786396695667
      vertex -8.9 -3.0468937844573163 12.256564513928682
    endloop
  endfacet
  facet normal -1 0 0
    outer loop
      vertex -8.9 -12 3
      vertex -8.9 -3.899331716810129 13.733030323062716
      vertex -8.9 -3.827679748638527 13.53069140686427
    endloop
  endfacet
  facet normal -1 0 0
    outer loop
      vertex -8.9 -12 3
      vertex -8.9 -3.96029588778518 13.938841915079665
      vertex -8.9 -3.899331716810129 13.733030323062716
    endloop
  endfacet
  facet normal -1 0 0
    outer loop
      vertex -8.9 -12 3
      vertex -8.9 -4.010405163008603 14.147562067647186
      vertex -8.9 -3.96029588778518 13.938841915079665
    endloop
  endfacet
  facet normal -1 0 0
    outer loop
      vertex -8.9 -12 3
      vertex -8.9 -4.049522196440065 14.358618693335053
      vertex -8.9 -4.010405163008603 14.147562067647186
    endloop
  endfacet
  facet normal -1 0 0
    outer loop
      vertex -8.9 -12 3
      vertex -8.9 -4.07753977100992 14.57143330060262
      vertex -8.9 -4.049522196440065 14.358618693335053
    endloop
  endfacet
  facet normal -1 0 0
    outer loop
      vertex -8.9 -12 3
      vertex -8.9 -4.0943810924937525 14.78542257940393
      vertex -8.9 -4.07753977100992 14.57143330060262
    endloop
  endfacet
  facet normal -1 0 0
    outer loop
      vertex -8.9 -12 3
      vertex -8.9 -4.1 15
      vertex -8.9 -4.0943810924937525 14.78542257940393
    endloop
  endfacet
  facet normal -1 0 0
    outer loop
      vertex -8.9 -12 3
      vertex -8.9 -4.0943810924937525 15.21457742059607
      vertex -8.9 -4.1 15
    endloop
  endfacet
  facet normal -1 0 0
    outer loop
      vertex -8.9 -12 3
      vertex -8.9 -4.07753977100992 15.42856669939738
      vertex -8.9 -4.0943810924937525 15.21457742059607
    endloop
  endfacet
  facet normal -1 0 0
    outer loop
      vertex -8.9 -12 3
      vertex -8.9 -3.827679748638527 13.53069140686427
      vertex -8.9 -3.7455363763346634 13.33237976338922
    endloop
  endfacet
  facet normal -1 0 0
    outer loop
      vertex -8.9 -12 3
      vertex -8.9 -2.4099195343991395 11.683030323062717
      vertex -8.9 -2.233020043561611 11.561450671423762
    endloop
  endfacet
  facet normal -1 0 0
    outer loop
      vertex -8.9 -12 3
      vertex -8.9 -2.233020043561611 11.561450671423762
      vertex -8.9 -2.05 11.449295844483803
    endloop
  endfacet
  facet normal -1 0 0
    outer loop
      vertex -8.9 -12 3
      vertex -8.9 -2.05 11.449295844483803
      vertex -8.9 -1.8613610489321417 11.346873250827691
    endloop
  endfacet
  facet normal -1 0 0
    outer loop
      vertex -8.9 -12 3
      vertex -8.9 -1.8613610489321417 11.346873250827691
      vertex -8.9 -1.6676202366107806 11.254463623665337
    endloop
  endfacet
  facet normal -1 0 0
    outer loop
      vertex -8.9 -12 3
      vertex -8.9 -1.6676202366107806 11.254463623665337
      vertex -8.9 -1.469308593135731 11.172320251361473
    endloop
  endfacet
  facet normal -1 0 0
    outer loop
      vertex -8.9 -12 3
      vertex -8.9 0.4285666993973792 10.92246022899008
      vertex -8.9 0.6413813066649465 10.950477803559934
    endloop
  endfacet
  facet normal -1 0 0
    outer loop
      vertex -8.9 -12 3
      vertex -8.9 0.6413813066649465 10.950477803559934
      vertex -8.9 0.8524379323528132 10.989594836991397
    endloop
  endfacet
  facet normal -1 0 0
    outer loop
      vertex -8.9 -12 3
      vertex -8.9 0.8524379323528132 10.989594836991397
      vertex -8.9 1.061158084920335 11.039704112214821
    endloop
  endfacet
  facet normal -1 0 0
    outer loop
      vertex -8.9 -12 3
      vertex -8.9 1.061158084920335 11.039704112214821
      vertex -8.9 1.2669696769372842 11.10066828318987
    endloop
  endfacet
  facet normal -1 0 0
    outer loop
      vertex -8.9 -12 3
      vertex -8.9 1.2669696769372842 11.10066828318987
      vertex -8.9 1.469308593135731 11.172320251361473
    endloop
  endfacet
  facet normal 1 0 0
    outer loop
      vertex -3.9000000000000004 -12 4
      vertex -3.9000000000000004 -2.4099195343991395 11.683030323062717
      vertex -3.9000000000000004 -2.5802136033043332 11.81370155802642
    endloop
  endfacet
  facet normal 1 0 0
    outer loop
      vertex -3.9000000000000004 -12 4
      vertex -3.9000000000000004 -3.1862984419735803 12.419786396695667
      vertex -3.9000000000000004 -3.3169696769372843 12.59008046560086
    endloop
  endfacet
  facet normal 1 0 0
    outer loop
      vertex -3.9000000000000004 -12 4
      vertex -3.9000000000000004 -3.3169696769372843 12.59008046560086
      vertex -3.9000000000000004 -3.4385493285762383 12.766979956438389
    endloop
  endfacet
  facet normal 1 0 0
    outer loop
      vertex -3.9000000000000004 -12 4
      vertex -3.9000000000000004 -2.7434354860713186 11.953106215542684
      vertex -3.9000000000000004 -2.899137802864845 12.100862197135156
    endloop
  endfacet
  facet normal 1 0 0
    outer loop
      vertex -3.9000000000000004 -12 4
      vertex -3.9000000000000004 -2.899137802864845 12.100862197135156
      vertex -3.9000000000000004 -3.0468937844573163 12.256564513928682
    endloop
  endfacet
  facet normal 1 0 0
    outer loop
      vertex -3.9000000000000004 -12 4
      vertex -3.9000000000000004 -2.5802136033043332 11.81370155802642
      vertex -3.9000000000000004 -2.7434354860713186 11.953106215542684
    endloop
  endfacet
  facet normal 1 0 0
    outer loop
      vertex -3.9000000000000004 -12 4
      vertex -3.9000000000000004 -3.0468937844573163 12.256564513928682
      vertex -3.9000000000000004 -3.1862984419735803 12.419786396695667
    endloop
  endfacet
  facet normal 1 0 0
    outer loop
      vertex -3.9000000000000004 -12 4
      vertex -3.9000000000000004 -3.827679748638527 13.53069140686427
      vertex -3.9000000000000004 -3.899331716810129 13.733030323062716
    endloop
  endfacet
  facet normal 1 0 0
    outer loop
      vertex -3.9000000000000004 -12 4
      vertex -3.9000000000000004 -3.899331716810129 13.733030323062716
      vertex -3.9000000000000004 -3.96029588778518 13.938841915079665
    endloop
  endfacet
  facet normal 1 0 0
    outer loop
      vertex -3.9000000000000004 -12 4
      vertex -3.9000000000000004 -3.96029588778518 13.938841915079665
      vertex -3.9000000000000004 -4.010405163008603 14.147562067647186
    endloop
  endfacet
  facet normal 1 0 0
    outer loop
      vertex -3.9000000000000004 -12 4
      vertex -3.9000000000000004 -4.010405163008603 14.147562067647186
      vertex -3.9000000000000004 -4.049522196440065 14.358618693335053
    endloop
  endfacet
  facet normal 1 0 0
    outer loop
      vertex -3.9000000000000004 -12 4
      vertex -3.9000000000000004 -4.049522196440065 14.358618693335053
      vertex -3.9000000000000004 -4.07753977100992 14.57143330060262
    endloop
  endfacet
  facet normal 1 0 0
    outer loop
      vertex -3.9000000000000004 -12 4
      vertex -3.9000000000000004 -4.07753977100992 14.57143330060262
      vertex -3.9000000000000004 -4.0943810924937525 14.78542257940393
    endloop
  endfacet
  facet normal 1 0 0
    outer loop
      vertex -3.9000000000000004 -12 4
      vertex -3.9000000000000004 -4.0943810924937525 14.78542257940393
      vertex -3.9000000000000004 -4.1 15
    endloop
  endfacet
  facet normal 1 0 0
    outer loop
      vertex -3.9000000000000004 -12 4
      vertex -3.9000000000000004 -3.4385493285762383 12.766979956438389
      vertex -3.9000000000000004 -3.550704155516198 12.95
    endloop
  endfacet
  facet normal 1 0 0
    outer loop
      vertex -3.9000000000000004 -12 4
      vertex -3.9000000000000004 -3.550704155516198 12.95
      vertex -3.9000000000000004 -3.653126749172308 13.138638951067858
    endloop
  endfacet
  facet normal 1 0 0
    outer loop
      vertex -3.9000000000000004 -12 4
      vertex -3.9000000000000004 -3.653126749172308 13.138638951067858
      vertex -3.9000000000000004 -3.7455363763346634 13.33237976338922
    endloop
  endfacet
  facet normal 1 0 0
    outer loop
      vertex -3.9000000000000004 -12 4
      vertex -3.9000000000000004 -3.7455363763346634 13.33237976338922
      vertex -3.9000000000000004 -3.827679748638527 13.53069140686427
    endloop
  endfacet
  facet normal 1 0 0
    outer loop
      vertex -3.9000000000000004 -12 4
      vertex -3.9000000000000004 -2.05 11.449295844483803
      vertex -3.9000000000000004 -2.233020043561611 11.561450671423762
    endloop
  endfacet
  facet normal 1 0 0
    outer loop
      vertex -3.9000000000000004 -12 4
      vertex -3.9000000000000004 -2.233020043561611 11.561450671423762
      vertex -3.9000000000000004 -2.4099195343991395 11.683030323062717
    endloop
  endfacet
  facet normal 1 0 0
    outer loop
      vertex -3.9000000000000004 -12 4
      vertex -3.9000000000000004 -1.8613610489321417 11.346873250827691
      vertex -3.9000000000000004 -2.05 11.449295844483803
    endloop
  endfacet
  facet normal 1 0 0
    outer loop
      vertex -3.9000000000000004 -12 4
      vertex -3.9000000000000004 -1.6676202366107806 11.254463623665337
      vertex -3.9000000000000004 -1.8613610489321417 11.346873250827691
    endloop
  endfacet
  facet normal 1 0 0
    outer loop
      vertex -3.9000000000000004 -12 4
      vertex -3.9000000000000004 -1.469308593135731 11.172320251361473
      vertex -3.9000000000000004 -1.6676202366107806 11.254463623665337
    endloop
  endfacet
  facet normal 1 0 0
    outer loop
      vertex -3.9000000000000004 -12 4
      vertex -3.9000000000000004 12 4
      vertex -3.9000000000000004 -1.469308593135731 11.172320251361473
    endloop
  endfacet
  facet normal -1 0 0
    outer loop
      vertex -8.9 -12 3
      vertex -8.9 -6.581793068761733 18.8
      vertex -8.9 -3.96029588778518 16.061158084920336
    endloop
  endfacet
  facet normal -1 0 0
    outer loop
      vertex -8.9 -12 4
      vertex -8.9 -7.095211241378733 17.723596416544282
      vertex -8.9 -6.581793068761733 18.8
    endloop
  endfacet
  facet normal -3.062005112304761e-17 -0.9416657253579857 0.3365496422313044
    outer loop
      vertex -8.9 -12 4
      vertex -3.9000000000000004 -7.095211241378733 17.723596416544282
      vertex -8.9 -7.095211241378733 17.723596416544282
    endloop
  endfacet
  facet normal -1 0 0
    outer loop
      vertex -8.9 -12 3
      vertex -8.9 -4.049522196440065 15.641381306664947
      vertex -8.9 -4.07753977100992 15.42856669939738
    endloop
  endfacet
  facet normal -1 0 0
    outer loop
      vertex -8.9 -12 3
      vertex -8.9 -4.010405163008603 15.852437932352814
      vertex -8.9 -4.049522196440065 15.641381306664947
    endloop
  endfacet
  facet normal -1 0 0
    outer loop
      vertex -8.9 -12 3
      vertex -8.9 -3.96029588778518 16.061158084920336
      vertex -8.9 -4.010405163008603 15.852437932352814
    endloop
  endfacet
  facet normal -1 0 0
    outer loop
      vertex -8.9 -7.095211241378733 17.723596416544282
      vertex -8.9 -6.942945478083766 18.091198487376083
      vertex -8.9 -6.7716495838315955 18.450327798020556
    endloop
  endfacet
  facet normal -1 0 0
    outer loop
      vertex -8.9 -7.095211241378733 17.723596416544282
      vertex -8.9 -6.7716495838315955 18.450327798020556
      vertex -8.9 -6.581793068761733 18.8
    endloop
  endfacet
  facet normal -1 0 0
    outer loop
      vertex -8.9 -6.581793068761733 18.8
      vertex -8.9 -6.373896316385222 19.139256666114207
      vertex -8.9 -6.1485291572496 19.467167917422795
    endloop
  endfacet
  facet normal -1 0 0
    outer loop
      vertex -8.9 -6.581793068761733 18.8
      vertex -8.9 -6.1485291572496 19.467167917422795
      vertex -8.9 -5.906309307072979 19.782834971978765
    endloop
  endfacet
  facet normal -1 0 0
    outer loop
      vertex -8.9 -6.581793068761733 18.8
      vertex -8.9 -5.906309307072979 19.782834971978765
      vertex -8.9 -5.374011537017761 20.37401153701776
    endloop
  endfacet
  facet normal -1 0 0
    outer loop
      vertex -8.9 -6.581793068761733 18.8
      vertex -8.9 -3.899331716810129 16.266969676937283
      vertex -8.9 -3.96029588778518 16.061158084920336
    endloop
  endfacet
  facet normal -1 0 0
    outer loop
      vertex -8.9 -6.581793068761733 18.8
      vertex -8.9 -3.827679748638527 16.469308593135732
      vertex -8.9 -3.899331716810129 16.266969676937283
    endloop
  endfacet
  facet normal -1 0 0
    outer loop
      vertex -8.9 -6.581793068761733 18.8
      vertex -8.9 -3.7455363763346634 16.66762023661078
      vertex -8.9 -3.827679748638527 16.469308593135732
    endloop
  endfacet
  facet normal -1 0 0
    outer loop
      vertex -8.9 -6.581793068761733 18.8
      vertex -8.9 -3.653126749172308 16.861361048932142
      vertex -8.9 -3.7455363763346634 16.66762023661078
    endloop
  endfacet
  facet normal -1 0 0
    outer loop
      vertex -8.9 -6.581793068761733 18.8
      vertex -8.9 -3.550704155516198 17.05
      vertex -8.9 -3.653126749172308 16.861361048932142
    endloop
  endfacet
  facet normal -1 0 0
    outer loop
      vertex -8.9 -6.581793068761733 18.8
      vertex -8.9 -3.4385493285762383 17.23302004356161
      vertex -8.9 -3.550704155516198 17.05
    endloop
  endfacet
  facet normal -1 0 0
    outer loop
      vertex -8.9 -6.581793068761733 18.8
      vertex -8.9 -3.3169696769372843 17.40991953439914
      vertex -8.9 -3.4385493285762383 17.23302004356161
    endloop
  endfacet
  facet normal -1 0 0
    outer loop
      vertex -8.9 -6.581793068761733 18.8
      vertex -8.9 -3.1862984419735803 17.580213603304333
      vertex -8.9 -3.3169696769372843 17.40991953439914
    endloop
  endfacet
  facet normal -1 0 0
    outer loop
      vertex -8.9 -6.581793068761733 18.8
      vertex -8.9 -3.0468937844573163 17.74343548607132
      vertex -8.9 -3.1862984419735803 17.580213603304333
    endloop
  endfacet
  facet normal -1 0 0
    outer loop
      vertex -8.9 -6.581793068761733 18.8
      vertex -8.9 -2.899137802864845 17.899137802864846
      vertex -8.9 -3.0468937844573163 17.74343548607132
    endloop
  endfacet
  facet normal -1.4196689425695787e-18 -0.9238795325112871 0.38268343236508917
    outer loop
      vertex -8.9 -7.095211241378733 17.723596416544282
      vertex -3.9000000000000004 -6.942945478083766 18.091198487376083
      vertex -8.9 -6.942945478083766 18.091198487376083
    endloop
  endfacet
  facet normal 0 -0.9025852843498605 0.43051109680829547
    outer loop
      vertex -8.9 -6.942945478083766 18.091198487376083
      vertex -3.9000000000000004 -6.942945478083766 18.091198487376083
      vertex -8.9 -6.7716495838315955 18.450327798020556
    endloop
  endfacet
  facet normal 2.8238840820032445e-18 -0.8788171126619655 0.47715876025960824
    outer loop
      vertex -8.9 -6.7716495838315955 18.450327798020556
      vertex -3.9000000000000004 -6.581793068761733 18.8
      vertex -8.9 -6.581793068761733 18.8
    endloop
  endfacet
  facet normal -2.0139158075215695e-18 -0.8526401643540924 0.5224985647159486
    outer loop
      vertex -8.9 -6.581793068761733 18.8
      vertex -3.9000000000000004 -6.373896316385222 19.139256666114207
      vertex -8.9 -6.373896316385222 19.139256666114207
    endloop
  endfacet
  facet normal 0 -0.8241261886220143 0.5664062369248348
    outer loop
      vertex -8.9 -6.373896316385222 19.139256666114207
      vertex -3.9000000000000004 -6.373896316385222 19.139256666114207
      vertex -8.9 -6.1485291572496 19.467167917422795
    endloop
  endfacet
  facet normal 3.1735419839112905e-18 -0.7933533402912369 0.6087614290087183
    outer loop
      vertex -8.9 -6.1485291572496 19.467167917422795
      vertex -3.9000000000000004 -5.906309307072979 19.782834971978765
      vertex -8.9 -5.906309307072979 19.782834971978765
    endloop
  endfacet
  facet normal -1 0 0
    outer loop
      vertex -8.9 -5.906309307072979 19.782834971978765
      vertex -8.9 -5.647900673628196 20.08539260832732
      vertex -8.9 -5.374011537017761 20.37401153701776
    endloop
  endfacet
  facet normal -1 0 0
    outer loop
      vertex -8.9 -6.581793068761733 18.8
      vertex -8.9 -5.374011537017761 20.37401153701776
      vertex -8.9 -3.8 21.581793068761733
    endloop
  endfacet
  facet normal -1 0 0
    outer loop
      vertex -8.9 -5.374011537017761 20.37401153701776
      vertex -8.9 -5.085392608327322 20.647900673628197
      vertex -8.9 -4.7828349719787635 20.90630930707298
    endloop
  endfacet
  facet normal -1 0 0
    outer loop
      vertex -8.9 -5.374011537017761 20.37401153701776
      vertex -8.9 -4.7828349719787635 20.90630930707298
      vertex -8.9 -3.8 21.581793068761733
    endloop
  endfacet
  facet normal -1 0 0
    outer loop
      vertex -8.9 -4.7828349719787635 20.90630930707298
      vertex -8.9 -4.467167917422795 21.148529157249598
      vertex -8.9 -4.139256666114206 21.37389631638522
    endloop
  endfacet
  facet normal -1 0 0
    outer loop
      vertex -8.9 -4.7828349719787635 20.90630930707298
      vertex -8.9 -4.139256666114206 21.37389631638522
      vertex -8.9 -3.8 21.581793068761733
    endloop
  endfacet
  facet normal -3.0261936283589866e-18 -0.7604059656000286 0.6494480483301863
    outer loop
      vertex -8.9 -5.906309307072979 19.782834971978765
      vertex -3.9000000000000004 -5.647900673628196 20.08539260832732
      vertex -8.9 -5.647900673628196 20.08539260832732
    endloop
  endfacet
  facet normal 0 -0.7253743710122893 0.6883545756937522
    outer loop
      vertex -8.9 -5.647900673628196 20.08539260832732
      vertex -3.9000000000000004 -5.647900673628196 20.08539260832732
      vertex -8.9 -5.374011537017761 20.37401153701776
    endloop
  endfacet
  facet normal 0 -0.6883545756937546 0.7253743710122872
    outer loop
      vertex -8.9 -5.374011537017761 20.37401153701776
      vertex -3.9000000000000004 -5.374011537017761 20.37401153701776
      vertex -8.9 -5.085392608327322 20.647900673628197
    endloop
  endfacet
  facet normal -3.1786380946008612e-18 -0.6494480483301843 0.7604059656000304
    outer loop
      vertex -8.9 -5.085392608327322 20.647900673628197
      vertex -3.9000000000000004 -4.7828349719787635 20.90630930707298
      vertex -8.9 -4.7828349719787635 20.90630930707298
    endloop
  endfacet
  facet normal 0 -0.6087614290087149 0.7933533402912396
    outer loop
      vertex -8.9 -4.7828349719787635 20.90630930707298
      vertex -3.9000000000000004 -4.7828349719787635 20.90630930707298
      vertex -8.9 -4.467167917422795 21.148529157249598
    endloop
  endfacet
  facet normal 2.994825609381479e-18 -0.5664062369248337 0.8241261886220149
    outer loop
      vertex -8.9 -4.467167917422795 21.148529157249598
      vertex -3.9000000000000004 -4.139256666114206 21.37389631638522
      vertex -8.9 -4.139256666114206 21.37389631638522
    endloop
  endfacet
  facet normal 9.497320065837524e-19 -0.5224985647159518 0.8526401643540904
    outer loop
      vertex -8.9 -4.139256666114206 21.37389631638522
      vertex -3.9000000000000004 -3.8 21.581793068761733
      vertex -8.9 -3.8 21.581793068761733
    endloop
  endfacet
  facet normal -1 0 0
    outer loop
      vertex -8.9 -6.581793068761733 18.8
      vertex -8.9 0 22.6
      vertex -8.9 -2.899137802864845 17.899137802864846
    endloop
  endfacet
  facet normal -1 0 0
    outer loop
      vertex -8.9 0 22.6
      vertex -8.9 -2.7434354860713186 18.046893784457318
      vertex -8.9 -2.899137802864845 17.899137802864846
    endloop
  endfacet
  facet normal -1 0 0
    outer loop
      vertex -8.9 0 22.6
      vertex -8.9 -2.5802136033043332 18.18629844197358
      vertex -8.9 -2.7434354860713186 18.046893784457318
    endloop
  endfacet
  facet normal -1 0 0
    outer loop
      vertex -8.9 0 22.6
      vertex -8.9 -2.4099195343991395 18.316969676937283
      vertex -8.9 -2.5802136033043332 18.18629844197358
    endloop
  endfacet
  facet normal -1 0 0
    outer loop
      vertex -8.9 -6.581793068761733 18.8
      vertex -8.9 -3.8 21.581793068761733
      vertex -8.9 0 22.6
    endloop
  endfacet
  facet normal -1 0 0
    outer loop
      vertex -8.9 -3.8 21.581793068761733
      vertex -8.9 -3.4503277980205556 21.771649583831596
      vertex -8.9 -2.723596416544282 22.095211241378735
    endloop
  endfacet
  facet normal -1 0 0
    outer loop
      vertex -8.9 -3.4503277980205556 21.771649583831596
      vertex -8.9 -3.0911984873760816 21.942945478083764
      vertex -8.9 -2.723596416544282 22.095211241378735
    endloop
  endfacet
  facet normal -1 0 0
    outer loop
      vertex -8.9 -3.8 21.581793068761733
      vertex -8.9 -2.723596416544282 22.095211241378735
      vertex -8.9 -1.9670247427791576 22.341036279796917
    endloop
  endfacet
  facet normal -1 0 0
    outer loop
      vertex -8.9 -2.723596416544282 22.095211241378735
      vertex -8.9 -2.3485291572496 22.228029523843166
      vertex -8.9 -1.9670247427791576 22.341036279796917
    endloop
  endfacet
  facet normal -1 0 0
    outer loop
      vertex -8.9 -3.8 21.581793068761733
      vertex -8.9 -1.9670247427791576 22.341036279796917
      vertex -8.9 0 22.6
    endloop
  endfacet
  facet normal -1 0 0
    outer loop
      vertex -8.9 0 22.6
      vertex -8.9 -2.233020043561611 18.438549328576237
      vertex -8.9 -2.4099195343991395 18.316969676937283
    endloop
  endfacet
  facet normal -1 0 0
    outer loop
      vertex -8.9 0 22.6
      vertex -8.9 -2.05 18.550704155516197
      vertex -8.9 -2.233020043561611 18.438549328576237
    endloop
  endfacet
  facet normal -1 0 0
    outer loop
      vertex -8.9 0 22.6
      vertex -8.9 -1.8613610489321417 18.65312674917231
      vertex -8.9 -2.05 18.550704155516197
    endloop
  endfacet
  facet normal -1 0 0
    outer loop
      vertex -8.9 0 22.6
      vertex -8.9 -1.6676202366107806 18.745536376334663
      vertex -8.9 -1.8613610489321417 18.65312674917231
    endloop
  endfacet
  facet normal -1 0 0
    outer loop
      vertex -8.9 0 22.6
      vertex -8.9 -1.469308593135731 18.827679748638527
      vertex -8.9 -1.6676202366107806 18.745536376334663
    endloop
  endfacet
  facet normal -1 0 0
    outer loop
      vertex -8.9 0 22.6
      vertex -8.9 -1.2669696769372842 18.899331716810128
      vertex -8.9 -1.469308593135731 18.827679748638527
    endloop
  endfacet
  facet normal -1 0 0
    outer loop
      vertex -8.9 0 22.6
      vertex -8.9 -1.061158084920335 18.96029588778518
      vertex -8.9 -1.2669696769372842 18.899331716810128
    endloop
  endfacet
  facet normal -1 0 0
    outer loop
      vertex -8.9 0 22.6
      vertex -8.9 -0.8524379323528132 19.010405163008603
      vertex -8.9 -1.061158084920335 18.96029588778518
    endloop
  endfacet
  facet normal -1 0 0
    outer loop
      vertex -8.9 0 22.6
      vertex -8.9 -0.6413813066649465 19.049522196440066
      vertex -8.9 -0.8524379323528132 19.010405163008603
    endloop
  endfacet
  facet normal -1 0 0
    outer loop
      vertex -8.9 0 22.6
      vertex -8.9 -0.4285666993973792 19.07753977100992
      vertex -8.9 -0.6413813066649465 19.049522196440066
    endloop
  endfacet
  facet normal -1 0 0
    outer loop
      vertex -8.9 0 22.6
      vertex -8.9 -0.2145774205960697 19.09438109249375
      vertex -8.9 -0.4285666993973792 19.07753977100992
    endloop
  endfacet
  facet normal -1 0 0
    outer loop
      vertex -8.9 0 22.6
      vertex -8.9 0 19.1
      vertex -8.9 -0.2145774205960697 19.09438109249375
    endloop
  endfacet
  facet normal -1 0 0
    outer loop
      vertex -8.9 -1.9670247427791576 22.341036279796917
      vertex -8.9 -1.5801288502149708 22.433921765576923
      vertex -8.9 -1.1889019343057545 22.506431388523048
    endloop
  endfacet
  facet normal -1 0 0
    outer loop
      vertex -8.9 -1.9670247427791576 22.341036279796917
      vertex -8.9 -1.1889019343057545 22.506431388523048
      vertex -8.9 0 22.6
    endloop
  endfacet
  facet normal -1 0 0
    outer loop
      vertex -8.9 -1.1889019343057545 22.506431388523048
      vertex -8.9 -0.7944163208341664 22.558366404798875
      vertex -8.9 0 22.6
    endloop
  endfacet
  facet normal -1 0 0
    outer loop
      vertex -8.9 -0.7944163208341664 22.558366404798875
      vertex -8.9 -0.3977532674463731 22.58958446413476
      vertex -8.9 0 22.6
    endloop
  endfacet
  facet normal 0 -0.47715876025961046 0.8788171126619643
    outer loop
      vertex -8.9 -3.8 21.581793068761733
      vertex -3.9000000000000004 -3.8 21.581793068761733
      vertex -8.9 -3.4503277980205556 21.771649583831596
    endloop
  endfacet
  facet normal 5.650635562702371e-19 -0.43051109680828914 0.9025852843498635
    outer loop
      vertex -8.9 -3.4503277980205556 21.771649583831596
      vertex -3.9000000000000004 -3.0911984873760816 21.942945478083764
      vertex -8.9 -3.0911984873760816 21.942945478083764
    endloop
  endfacet
  facet normal 0 -0.38268343236509755 0.9238795325112835
    outer loop
      vertex -8.9 -3.0911984873760816 21.942945478083764
      vertex -3.9000000000000004 -3.0911984873760816 21.942945478083764
      vertex -8.9 -2.723596416544282 22.095211241378735
    endloop
  endfacet
  facet normal -1.442756823279048e-19 -0.3338068592337641 0.9426414910921808
    outer loop
      vertex -8.9 -2.723596416544282 22.095211241378735
      vertex -3.9000000000000004 -2.3485291572496 22.228029523843166
      vertex -8.9 -2.3485291572496 22.228029523843166
    endloop
  endfacet
  facet normal 0 -0.28401534470392203 0.9588197348681933
    outer loop
      vertex -8.9 -2.3485291572496 22.228029523843166
      vertex -3.9000000000000004 -2.3485291572496 22.228029523843166
      vertex -8.9 -1.9670247427791576 22.341036279796917
    endloop
  endfacet
  facet normal 1.5736940513352948e-18 -0.2334453638559092 0.9723699203976757
    outer loop
      vertex -8.9 -1.9670247427791576 22.341036279796917
      vertex -3.9000000000000004 -1.5801288502149708 22.433921765576923
      vertex -8.9 -1.5801288502149708 22.433921765576923
    endloop
  endfacet
  facet normal 0 -0.18223552549215036 0.983254907563954
    outer loop
      vertex -8.9 -1.5801288502149708 22.433921765576923
      vertex -3.9000000000000004 -1.5801288502149708 22.433921765576923
      vertex -8.9 -1.1889019343057545 22.506431388523048
    endloop
  endfacet
  facet normal 0 -0.13052619222004308 0.9914448613738115
    outer loop
      vertex -8.9 -1.1889019343057545 22.506431388523048
      vertex -3.9000000000000004 -1.1889019343057545 22.506431388523048
      vertex -8.9 -0.7944163208341664 22.558366404798875
    endloop
  endfacet
  facet normal -4.71084358874296e-20 -0.07845909572784629 0.9969173337331279
    outer loop
      vertex -8.9 -0.7944163208341664 22.558366404798875
      vertex -3.9000000000000004 -0.3977532674463731 22.58958446413476
      vertex -8.9 -0.3977532674463731 22.58958446413476
    endloop
  endfacet
  facet normal 0 -0.026176948307881847 0.999657324975557
    outer loop
      vertex -8.9 -0.3977532674463731 22.58958446413476
      vertex -3.9000000000000004 -0.3977532674463731 22.58958446413476
      vertex -8.9 0 22.6
    endloop
  endfacet
  facet normal 0 -0.9238795325112871 0.38268343236508917
    outer loop
      vertex -8.9 -7.095211241378733 17.723596416544282
      vertex -3.9000000000000004 -7.095211241378733 17.723596416544282
      vertex -3.9000000000000004 -6.942945478083766 18.091198487376083
    endloop
  endfacet
  facet normal 0 -0.9025852843498605 0.43051109680829547
    outer loop
      vertex -8.9 -6.7716495838315955 18.450327798020556
      vertex -3.9000000000000004 -6.942945478083766 18.091198487376083
      vertex -3.9000000000000004 -6.7716495838315955 18.450327798020556
    endloop
  endfacet
  facet normal 0 -0.8788171126619655 0.47715876025960824
    outer loop
      vertex -8.9 -6.7716495838315955 18.450327798020556
      vertex -3.9000000000000004 -6.7716495838315955 18.450327798020556
      vertex -3.9000000000000004 -6.581793068761733 18.8
    endloop
  endfacet
  facet normal 0 -0.8526401643540924 0.5224985647159486
    outer loop
      vertex -8.9 -6.581793068761733 18.8
      vertex -3.9000000000000004 -6.581793068761733 18.8
      vertex -3.9000000000000004 -6.373896316385222 19.139256666114207
    endloop
  endfacet
  facet normal 0 -0.8241261886220143 0.5664062369248348
    outer loop
      vertex -8.9 -6.1485291572496 19.467167917422795
      vertex -3.9000000000000004 -6.373896316385222 19.139256666114207
      vertex -3.9000000000000004 -6.1485291572496 19.467167917422795
    endloop
  endfacet
  facet normal 0 -0.7933533402912369 0.6087614290087183
    outer loop
      vertex -8.9 -6.1485291572496 19.467167917422795
      vertex -3.9000000000000004 -6.1485291572496 19.467167917422795
      vertex -3.9000000000000004 -5.906309307072979 19.782834971978765
    endloop
  endfacet
  facet normal 0 -0.7604059656000286 0.6494480483301863
    outer loop
      vertex -8.9 -5.906309307072979 19.782834971978765
      vertex -3.9000000000000004 -5.906309307072979 19.782834971978765
      vertex -3.9000000000000004 -5.647900673628196 20.08539260832732
    endloop
  endfacet
  facet normal 0 -0.7253743710122893 0.6883545756937522
    outer loop
      vertex -8.9 -5.374011537017761 20.37401153701776
      vertex -3.9000000000000004 -5.647900673628196 20.08539260832732
      vertex -3.9000000000000004 -5.374011537017761 20.37401153701776
    endloop
  endfacet
  facet normal 0 -0.6883545756937546 0.7253743710122872
    outer loop
      vertex -8.9 -5.085392608327322 20.647900673628197
      vertex -3.9000000000000004 -5.374011537017761 20.37401153701776
      vertex -3.9000000000000004 -5.085392608327322 20.647900673628197
    endloop
  endfacet
  facet normal 0 -0.6494480483301843 0.7604059656000304
    outer loop
      vertex -8.9 -5.085392608327322 20.647900673628197
      vertex -3.9000000000000004 -5.085392608327322 20.647900673628197
      vertex -3.9000000000000004 -4.7828349719787635 20.90630930707298
    endloop
  endfacet
  facet normal 0 -0.6087614290087149 0.7933533402912396
    outer loop
      vertex -8.9 -4.467167917422795 21.148529157249598
      vertex -3.9000000000000004 -4.7828349719787635 20.90630930707298
      vertex -3.9000000000000004 -4.467167917422795 21.148529157249598
    endloop
  endfacet
  facet normal 0 -0.5664062369248337 0.8241261886220149
    outer loop
      vertex -8.9 -4.467167917422795 21.148529157249598
      vertex -3.9000000000000004 -4.467167917422795 21.148529157249598
      vertex -3.9000000000000004 -4.139256666114206 21.37389631638522
    endloop
  endfacet
  facet normal 0 -0.5224985647159518 0.8526401643540904
    outer loop
      vertex -8.9 -4.139256666114206 21.37389631638522
      vertex -3.9000000000000004 -4.139256666114206 21.37389631638522
      vertex -3.9000000000000004 -3.8 21.581793068761733
    endloop
  endfacet
  facet normal 0 -0.47715876025961046 0.8788171126619643
    outer loop
      vertex -8.9 -3.4503277980205556 21.771649583831596
      vertex -3.9000000000000004 -3.8 21.581793068761733
      vertex -3.9000000000000004 -3.4503277980205556 21.771649583831596
    endloop
  endfacet
  facet normal 0 -0.43051109680828914 0.9025852843498635
    outer loop
      vertex -8.9 -3.4503277980205556 21.771649583831596
      vertex -3.9000000000000004 -3.4503277980205556 21.771649583831596
      vertex -3.9000000000000004 -3.0911984873760816 21.942945478083764
    endloop
  endfacet
  facet normal 0 -0.38268343236509755 0.9238795325112835
    outer loop
      vertex -8.9 -2.723596416544282 22.095211241378735
      vertex -3.9000000000000004 -3.0911984873760816 21.942945478083764
      vertex -3.9000000000000004 -2.723596416544282 22.095211241378735
    endloop
  endfacet
  facet normal 0 -0.3338068592337641 0.9426414910921808
    outer loop
      vertex -8.9 -2.723596416544282 22.095211241378735
      vertex -3.9000000000000004 -2.723596416544282 22.095211241378735
      vertex -3.9000000000000004 -2.3485291572496 22.228029523843166
    endloop
  endfacet
  facet normal 0 -0.28401534470392203 0.9588197348681933
    outer loop
      vertex -8.9 -1.9670247427791576 22.341036279796917
      vertex -3.9000000000000004 -2.3485291572496 22.228029523843166
      vertex -3.9000000000000004 -1.9670247427791576 22.341036279796917
    endloop
  endfacet
  facet normal 0 -0.2334453638559092 0.9723699203976757
    outer loop
      vertex -8.9 -1.9670247427791576 22.341036279796917
      vertex -3.9000000000000004 -1.9670247427791576 22.341036279796917
      vertex -3.9000000000000004 -1.5801288502149708 22.433921765576923
    endloop
  endfacet
  facet normal 0 -0.18223552549215036 0.983254907563954
    outer loop
      vertex -8.9 -1.1889019343057545 22.506431388523048
      vertex -3.9000000000000004 -1.5801288502149708 22.433921765576923
      vertex -3.9000000000000004 -1.1889019343057545 22.506431388523048
    endloop
  endfacet
  facet normal 0 -0.13052619222004308 0.9914448613738115
    outer loop
      vertex -8.9 -0.7944163208341664 22.558366404798875
      vertex -3.9000000000000004 -1.1889019343057545 22.506431388523048
      vertex -3.9000000000000004 -0.7944163208341664 22.558366404798875
    endloop
  endfacet
  facet normal 0 -0.07845909572784629 0.9969173337331279
    outer loop
      vertex -8.9 -0.7944163208341664 22.558366404798875
      vertex -3.9000000000000004 -0.7944163208341664 22.558366404798875
      vertex -3.9000000000000004 -0.3977532674463731 22.58958446413476
    endloop
  endfacet
  facet normal -2.162803199255619e-19 -0.026176948307881847 0.999657324975557
    outer loop
      vertex -3.9000000000000004 -0.3977532674463731 22.58958446413476
      vertex -3.9000000000000004 0 22.6
      vertex -8.9 0 22.6
    endloop
  endfacet
  facet normal 1 0 0
    outer loop
      vertex -3.9000000000000004 -12 4
      vertex -3.9000000000000004 -6.942945478083766 18.091198487376083
      vertex -3.9000000000000004 -7.095211241378733 17.723596416544282
    endloop
  endfacet
  facet normal 1 0 0
    outer loop
      vertex -3.9000000000000004 -12 4
      vertex -3.9000000000000004 -4.7828349719787635 20.90630930707298
      vertex -3.9000000000000004 -6.942945478083766 18.091198487376083
    endloop
  endfacet
  facet normal 1 0 0
    outer loop
      vertex -3.9000000000000004 -12 4
      vertex -3.9000000000000004 -4.1 15
      vertex -3.9000000000000004 -4.0943810924937525 15.21457742059607
    endloop
  endfacet
  facet normal 1 0 0
    outer loop
      vertex -3.9000000000000004 -12 4
      vertex -3.9000000000000004 -4.0943810924937525 15.21457742059607
      vertex -3.9000000000000004 -4.7828349719787635 20.90630930707298
    endloop
  endfacet
  facet normal 1 0 0
    outer loop
      vertex -3.9000000000000004 -6.942945478083766 18.091198487376083
      vertex -3.9000000000000004 -6.581793068761733 18.8
      vertex -3.9000000000000004 -6.7716495838315955 18.450327798020556
    endloop
  endfacet
  facet normal 1 0 0
    outer loop
      vertex -3.9000000000000004 -6.942945478083766 18.091198487376083
      vertex -3.9000000000000004 -6.373896316385222 19.139256666114207
      vertex -3.9000000000000004 -6.581793068761733 18.8
    endloop
  endfacet
  facet normal 1 0 0
    outer loop
      vertex -3.9000000000000004 -6.942945478083766 18.091198487376083
      vertex -3.9000000000000004 -5.906309307072979 19.782834971978765
      vertex -3.9000000000000004 -6.373896316385222 19.139256666114207
    endloop
  endfacet
  facet normal 1 0 0
    outer loop
      vertex -3.9000000000000004 -6.373896316385222 19.139256666114207
      vertex -3.9000000000000004 -5.906309307072979 19.782834971978765
      vertex -3.9000000000000004 -6.1485291572496 19.467167917422795
    endloop
  endfacet
  facet normal 1 0 0
    outer loop
      vertex -3.9000000000000004 -6.942945478083766 18.091198487376083
      vertex -3.9000000000000004 -4.7828349719787635 20.90630930707298
      vertex -3.9000000000000004 -5.906309307072979 19.782834971978765
    endloop
  endfacet
  facet normal 1 0 0
    outer loop
      vertex -3.9000000000000004 -4.7828349719787635 20.90630930707298
      vertex -3.9000000000000004 -4.0943810924937525 15.21457742059607
      vertex -3.9000000000000004 -4.07753977100992 15.42856669939738
    endloop
  endfacet
  facet normal 1 0 0
    outer loop
      vertex -3.9000000000000004 -4.7828349719787635 20.90630930707298
      vertex -3.9000000000000004 -4.07753977100992 15.42856669939738
      vertex -3.9000000000000004 -4.049522196440065 15.641381306664947
    endloop
  endfacet
  facet normal 1 0 0
    outer loop
      vertex -3.9000000000000004 -4.7828349719787635 20.90630930707298
      vertex -3.9000000000000004 -4.049522196440065 15.641381306664947
      vertex -3.9000000000000004 -4.010405163008603 15.852437932352814
    endloop
  endfacet
  facet normal 1 0 0
    outer loop
      vertex -3.9000000000000004 -4.7828349719787635 20.90630930707298
      vertex -3.9000000000000004 -4.010405163008603 15.852437932352814
      vertex -3.9000000000000004 -3.96029588778518 16.061158084920336
    endloop
  endfacet
  facet normal 1 0 0
    outer loop
      vertex -3.9000000000000004 -4.7828349719787635 20.90630930707298
      vertex -3.9000000000000004 -3.96029588778518 16.061158084920336
      vertex -3.9000000000000004 -3.899331716810129 16.266969676937283
    endloop
  endfacet
  facet normal 1 0 0
    outer loop
      vertex -3.9000000000000004 -4.7828349719787635 20.90630930707298
      vertex -3.9000000000000004 -3.899331716810129 16.266969676937283
      vertex -3.9000000000000004 -3.827679748638527 16.469308593135732
    endloop
  endfacet
  facet normal 1 0 0
    outer loop
      vertex -3.9000000000000004 -4.7828349719787635 20.90630930707298
      vertex -3.9000000000000004 -3.827679748638527 16.469308593135732
      vertex -3.9000000000000004 -3.7455363763346634 16.66762023661078
    endloop
  endfacet
  facet normal 1 0 0
    outer loop
      vertex -3.9000000000000004 -4.7828349719787635 20.90630930707298
      vertex -3.9000000000000004 -3.7455363763346634 16.66762023661078
      vertex -3.9000000000000004 -3.653126749172308 16.861361048932142
    endloop
  endfacet
  facet normal 1 0 0
    outer loop
      vertex -3.9000000000000004 -4.7828349719787635 20.90630930707298
      vertex -3.9000000000000004 -3.653126749172308 16.861361048932142
      vertex -3.9000000000000004 -3.550704155516198 17.05
    endloop
  endfacet
  facet normal 1 0 0
    outer loop
      vertex -3.9000000000000004 -4.7828349719787635 20.90630930707298
      vertex -3.9000000000000004 -3.550704155516198 17.05
      vertex -3.9000000000000004 -3.4385493285762383 17.23302004356161
    endloop
  endfacet
  facet normal 1 0 0
    outer loop
      vertex -3.9000000000000004 -4.7828349719787635 20.90630930707298
      vertex -3.9000000000000004 -3.4385493285762383 17.23302004356161
      vertex -3.9000000000000004 -3.3169696769372843 17.40991953439914
    endloop
  endfacet
  facet normal 1 0 0
    outer loop
      vertex -3.9000000000000004 -4.7828349719787635 20.90630930707298
      vertex -3.9000000000000004 -3.3169696769372843 17.40991953439914
      vertex -3.9000000000000004 -3.1862984419735803 17.580213603304333
    endloop
  endfacet
  facet normal 1 0 0
    outer loop
      vertex -3.9000000000000004 -5.906309307072979 19.782834971978765
      vertex -3.9000000000000004 -5.374011537017761 20.37401153701776
      vertex -3.9000000000000004 -5.647900673628196 20.08539260832732
    endloop
  endfacet
  facet normal 1 0 0
    outer loop
      vertex -3.9000000000000004 -5.906309307072979 19.782834971978765
      vertex -3.9000000000000004 -4.7828349719787635 20.90630930707298
      vertex -3.9000000000000004 -5.374011537017761 20.37401153701776
    endloop
  endfacet
  facet normal 1 0 0
    outer loop
      vertex -3.9000000000000004 -5.374011537017761 20.37401153701776
      vertex -3.9000000000000004 -4.7828349719787635 20.90630930707298
      vertex -3.9000000000000004 -5.085392608327322 20.647900673628197
    endloop
  endfacet
  facet normal 1 0 0
    outer loop
      vertex -3.9000000000000004 -4.7828349719787635 20.90630930707298
      vertex -3.9000000000000004 -4.139256666114206 21.37389631638522
      vertex -3.9000000000000004 -4.467167917422795 21.148529157249598
    endloop
  endfacet
  facet normal 1 0 0
    outer loop
      vertex -3.9000000000000004 -4.7828349719787635 20.90630930707298
      vertex -3.9000000000000004 -3.8 21.581793068761733
      vertex -3.9000000000000004 -4.139256666114206 21.37389631638522
    endloop
  endfacet
  facet normal 1 0 0
    outer loop
      vertex -3.9000000000000004 -4.7828349719787635 20.90630930707298
      vertex -3.9000000000000004 -3.0911984873760816 21.942945478083764
      vertex -3.9000000000000004 -3.8 21.581793068761733
    endloop
  endfacet
  facet normal 1 0 0
    outer loop
      vertex -3.9000000000000004 -4.7828349719787635 20.90630930707298
      vertex -3.9000000000000004 -3.1862984419735803 17.580213603304333
      vertex -3.9000000000000004 -3.0468937844573163 17.74343548607132
    endloop
  endfacet
  facet normal 1 0 0
    outer loop
      vertex -3.9000000000000004 -4.7828349719787635 20.90630930707298
      vertex -3.9000000000000004 -3.0468937844573163 17.74343548607132
      vertex -3.9000000000000004 -2.899137802864845 17.899137802864846
    endloop
  endfacet
  facet normal 1 0 0
    outer loop
      vertex -3.9000000000000004 -4.7828349719787635 20.90630930707298
      vertex -3.9000000000000004 -2.899137802864845 17.899137802864846
      vertex -3.9000000000000004 -2.7434354860713186 18.046893784457318
    endloop
  endfacet
  facet normal 1 0 0
    outer loop
      vertex -3.9000000000000004 -4.7828349719787635 20.90630930707298
      vertex -3.9000000000000004 -2.7434354860713186 18.046893784457318
      vertex -3.9000000000000004 -2.5802136033043332 18.18629844197358
    endloop
  endfacet
  facet normal 1 0 0
    outer loop
      vertex -3.9000000000000004 -4.7828349719787635 20.90630930707298
      vertex -3.9000000000000004 -2.5802136033043332 18.18629844197358
      vertex -3.9000000000000004 -2.4099195343991395 18.316969676937283
    endloop
  endfacet
  facet normal 1 0 0
    outer loop
      vertex -3.9000000000000004 -4.7828349719787635 20.90630930707298
      vertex -3.9000000000000004 -2.4099195343991395 18.316969676937283
      vertex -3.9000000000000004 -2.233020043561611 18.438549328576237
    endloop
  endfacet
  facet normal 1 0 0
    outer loop
      vertex -3.9000000000000004 -4.7828349719787635 20.90630930707298
      vertex -3.9000000000000004 -2.233020043561611 18.438549328576237
      vertex -3.9000000000000004 -2.05 18.550704155516197
    endloop
  endfacet
  facet normal 1 0 0
    outer loop
      vertex -3.9000000000000004 -4.7828349719787635 20.90630930707298
      vertex -3.9000000000000004 -2.05 18.550704155516197
      vertex -3.9000000000000004 -1.8613610489321417 18.65312674917231
    endloop
  endfacet
  facet normal 1 0 0
    outer loop
      vertex -3.9000000000000004 -4.7828349719787635 20.90630930707298
      vertex -3.9000000000000004 -1.8613610489321417 18.65312674917231
      vertex -3.9000000000000004 -1.6676202366107806 18.745536376334663
    endloop
  endfacet
  facet normal 1 0 0
    outer loop
      vertex -3.9000000000000004 -4.7828349719787635 20.90630930707298
      vertex -3.9000000000000004 -1.6676202366107806 18.745536376334663
      vertex -3.9000000000000004 -1.469308593135731 18.827679748638527
    endloop
  endfacet
  facet normal 1 0 0
    outer loop
      vertex -3.9000000000000004 -4.7828349719787635 20.90630930707298
      vertex -3.9000000000000004 -1.469308593135731 18.827679748638527
      vertex -3.9000000000000004 -1.2669696769372842 18.899331716810128
    endloop
  endfacet
  facet normal 1 0 0
    outer loop
      vertex -3.9000000000000004 -4.7828349719787635 20.90630930707298
      vertex -3.9000000000000004 -1.2669696769372842 18.899331716810128
      vertex -3.9000000000000004 -1.061158084920335 18.96029588778518
    endloop
  endfacet
  facet normal 1 0 0
    outer loop
      vertex -3.9000000000000004 -4.7828349719787635 20.90630930707298
      vertex -3.9000000000000004 -1.061158084920335 18.96029588778518
      vertex -3.9000000000000004 -0.8524379323528132 19.010405163008603
    endloop
  endfacet
  facet normal 1 0 0
    outer loop
      vertex -3.9000000000000004 -4.7828349719787635 20.90630930707298
      vertex -3.9000000000000004 -0.8524379323528132 19.010405163008603
      vertex -3.9000000000000004 -0.6413813066649465 19.049522196440066
    endloop
  endfacet
  facet normal 1 0 0
    outer loop
      vertex -3.9000000000000004 -4.7828349719787635 20.90630930707298
      vertex -3.9000000000000004 -0.6413813066649465 19.049522196440066
      vertex -3.9000000000000004 -0.4285666993973792 19.07753977100992
    endloop
  endfacet
  facet normal 1 0 0
    outer loop
      vertex -3.9000000000000004 -4.7828349719787635 20.90630930707298
      vertex -3.9000000000000004 -0.4285666993973792 19.07753977100992
      vertex -3.9000000000000004 -0.2145774205960697 19.09438109249375
    endloop
  endfacet
  facet normal 1 0 0
    outer loop
      vertex -3.9000000000000004 -4.7828349719787635 20.90630930707298
      vertex -3.9000000000000004 -0.2145774205960697 19.09438109249375
      vertex -3.9000000000000004 0 19.1
    endloop
  endfacet
  facet normal 1 0 0
    outer loop
      vertex -3.9000000000000004 -4.7828349719787635 20.90630930707298
      vertex -3.9000000000000004 0 19.1
      vertex -3.9000000000000004 0.2145774205960697 19.09438109249375
    endloop
  endfacet
  facet normal 1 0 0
    outer loop
      vertex -3.9000000000000004 -4.7828349719787635 20.90630930707298
      vertex -3.9000000000000004 0.2145774205960697 19.09438109249375
      vertex -3.9000000000000004 0.4285666993973792 19.07753977100992
    endloop
  endfacet
  facet normal 1 0 0
    outer loop
      vertex -3.9000000000000004 -4.7828349719787635 20.90630930707298
      vertex -3.9000000000000004 0.4285666993973792 19.07753977100992
      vertex -3.9000000000000004 0.6413813066649465 19.049522196440066
    endloop
  endfacet
  facet normal 1 0 0
    outer loop
      vertex -3.9000000000000004 -4.7828349719787635 20.90630930707298
      vertex -3.9000000000000004 0.6413813066649465 19.049522196440066
      vertex -3.9000000000000004 0.8524379323528132 19.010405163008603
    endloop
  endfacet
  facet normal 1 0 0
    outer loop
      vertex -3.9000000000000004 -4.7828349719787635 20.90630930707298
      vertex -3.9000000000000004 0.8524379323528132 19.010405163008603
      vertex -3.9000000000000004 1.061158084920335 18.96029588778518
    endloop
  endfacet
  facet normal 1 0 0
    outer loop
      vertex -3.9000000000000004 -4.7828349719787635 20.90630930707298
      vertex -3.9000000000000004 1.061158084920335 18.96029588778518
      vertex -3.9000000000000004 1.2669696769372842 18.899331716810128
    endloop
  endfacet
  facet normal 1 0 0
    outer loop
      vertex -3.9000000000000004 -3.8 21.581793068761733
      vertex -3.9000000000000004 -3.0911984873760816 21.942945478083764
      vertex -3.9000000000000004 -3.4503277980205556 21.771649583831596
    endloop
  endfacet
  facet normal 1 0 0
    outer loop
      vertex -3.9000000000000004 -4.7828349719787635 20.90630930707298
      vertex -3.9000000000000004 -1.5801288502149708 22.433921765576923
      vertex -3.9000000000000004 -3.0911984873760816 21.942945478083764
    endloop
  endfacet
  facet normal 1 0 0
    outer loop
      vertex -3.9000000000000004 -3.0911984873760816 21.942945478083764
      vertex -3.9000000000000004 -2.3485291572496 22.228029523843166
      vertex -3.9000000000000004 -2.723596416544282 22.095211241378735
    endloop
  endfacet
  facet normal 1 0 0
    outer loop
      vertex -3.9000000000000004 -3.0911984873760816 21.942945478083764
      vertex -3.9000000000000004 -1.5801288502149708 22.433921765576923
      vertex -3.9000000000000004 -2.3485291572496 22.228029523843166
    endloop
  endfacet
  facet normal 1 0 0
    outer loop
      vertex -3.9000000000000004 -2.3485291572496 22.228029523843166
      vertex -3.9000000000000004 -1.5801288502149708 22.433921765576923
      vertex -3.9000000000000004 -1.9670247427791576 22.341036279796917
    endloop
  endfacet
  facet normal 1 0 0
    outer loop
      vertex -3.9000000000000004 -4.7828349719787635 20.90630930707298
      vertex -3.9000000000000004 1.5801288502149708 22.433921765576923
      vertex -3.9000000000000004 -1.5801288502149708 22.433921765576923
    endloop
  endfacet
  facet normal 1 0 0
    outer loop
      vertex -3.9000000000000004 -1.5801288502149708 22.433921765576923
      vertex -3.9000000000000004 -0.7944163208341664 22.558366404798875
      vertex -3.9000000000000004 -1.1889019343057545 22.506431388523048
    endloop
  endfacet
  facet normal 1 0 0
    outer loop
      vertex -3.9000000000000004 -1.5801288502149708 22.433921765576923
      vertex -3.9000000000000004 0 22.6
      vertex -3.9000000000000004 -0.7944163208341664 22.558366404798875
    endloop
  endfacet
  facet normal 1 0 0
    outer loop
      vertex -3.9000000000000004 -0.7944163208341664 22.558366404798875
      vertex -3.9000000000000004 0 22.6
      vertex -3.9000000000000004 -0.3977532674463731 22.58958446413476
    endloop
  endfacet
  facet normal -1 0 0
    outer loop
      vertex -8.9 -12 3
      vertex -8.9 1.469308593135731 11.172320251361473
      vertex -8.9 12 3
    endloop
  endfacet
  facet normal -1 0 0
    outer loop
      vertex -8.9 12 3
      vertex -8.9 1.469308593135731 11.172320251361473
      vertex -8.9 1.6676202366107806 11.254463623665337
    endloop
  endfacet
  facet normal -1 0 0
    outer loop
      vertex -8.9 12 3
      vertex -8.9 1.6676202366107806 11.254463623665337
      vertex -8.9 1.8613610489321417 11.346873250827691
    endloop
  endfacet
  facet normal -1 0 0
    outer loop
      vertex -8.9 12 3
      vertex -8.9 1.8613610489321417 11.346873250827691
      vertex -8.9 2.05 11.449295844483803
    endloop
  endfacet
  facet normal -1 0 0
    outer loop
      vertex -8.9 12 3
      vertex -8.9 2.05 11.449295844483803
      vertex -8.9 2.233020043561611 11.561450671423762
    endloop
  endfacet
  facet normal -1 0 0
    outer loop
      vertex -8.9 12 3
      vertex -8.9 2.233020043561611 11.561450671423762
      vertex -8.9 2.4099195343991395 11.683030323062717
    endloop
  endfacet
  facet normal -1 0 0
    outer loop
      vertex -8.9 12 3
      vertex -8.9 2.4099195343991395 11.683030323062717
      vertex -8.9 2.5802136033043332 11.81370155802642
    endloop
  endfacet
  facet normal -1 0 0
    outer loop
      vertex -8.9 12 3
      vertex -8.9 2.5802136033043332 11.81370155802642
      vertex -8.9 2.7434354860713186 11.953106215542684
    endloop
  endfacet
  facet normal -1 0 0
    outer loop
      vertex -8.9 12 3
      vertex -8.9 2.7434354860713186 11.953106215542684
      vertex -8.9 2.899137802864845 12.100862197135156
    endloop
  endfacet
  facet normal -1 0 0
    outer loop
      vertex -8.9 12 3
      vertex -8.9 2.899137802864845 12.100862197135156
      vertex -8.9 3.0468937844573163 12.256564513928682
    endloop
  endfacet
  facet normal -1 0 0
    outer loop
      vertex -8.9 12 3
      vertex -8.9 3.0468937844573163 12.256564513928682
      vertex -8.9 3.1862984419735803 12.419786396695667
    endloop
  endfacet
  facet normal -1 0 0
    outer loop
      vertex -8.9 12 3
      vertex -8.9 3.1862984419735803 12.419786396695667
      vertex -8.9 3.3169696769372843 12.59008046560086
    endloop
  endfacet
  facet normal -1 0 0
    outer loop
      vertex -8.9 12 3
      vertex -8.9 3.3169696769372843 12.59008046560086
      vertex -8.9 3.4385493285762383 12.766979956438389
    endloop
  endfacet
  facet normal -1 0 0
    outer loop
      vertex -8.9 12 3
      vertex -8.9 3.4385493285762383 12.766979956438389
      vertex -8.9 3.550704155516198 12.95
    endloop
  endfacet
  facet normal -1 0 0
    outer loop
      vertex -8.9 12 3
      vertex -8.9 3.550704155516198 12.95
      vertex -8.9 3.653126749172308 13.138638951067858
    endloop
  endfacet
  facet normal -1 0 0
    outer loop
      vertex -8.9 12 3
      vertex -8.9 3.653126749172308 13.138638951067858
      vertex -8.9 3.7455363763346634 13.33237976338922
    endloop
  endfacet
  facet normal -1 0 0
    outer loop
      vertex -8.9 12 3
      vertex -8.9 3.7455363763346634 13.33237976338922
      vertex -8.9 3.827679748638527 13.53069140686427
    endloop
  endfacet
  facet normal -1 0 0
    outer loop
      vertex -8.9 12 3
      vertex -8.9 3.827679748638527 13.53069140686427
      vertex -8.9 3.899331716810129 13.733030323062716
    endloop
  endfacet
  facet normal -1 0 0
    outer loop
      vertex -8.9 12 3
      vertex -8.9 3.899331716810129 13.733030323062716
      vertex -8.9 3.96029588778518 13.938841915079665
    endloop
  endfacet
  facet normal -1 0 0
    outer loop
      vertex -8.9 12 3
      vertex -8.9 3.96029588778518 13.938841915079665
      vertex -8.9 4.010405163008603 14.147562067647186
    endloop
  endfacet
  facet normal -1 0 0
    outer loop
      vertex -8.9 12 3
      vertex -8.9 4.010405163008603 14.147562067647186
      vertex -8.9 4.049522196440065 14.358618693335053
    endloop
  endfacet
  facet normal -1 0 0
    outer loop
      vertex -8.9 12 3
      vertex -8.9 4.049522196440065 14.358618693335053
      vertex -8.9 4.07753977100992 14.57143330060262
    endloop
  endfacet
  facet normal -1 0 0
    outer loop
      vertex -8.9 12 3
      vertex -8.9 4.07753977100992 14.57143330060262
      vertex -8.9 4.0943810924937525 14.78542257940393
    endloop
  endfacet
  facet normal -1 0 0
    outer loop
      vertex -8.9 12 3
      vertex -8.9 4.0943810924937525 14.78542257940393
      vertex -8.9 4.1 15
    endloop
  endfacet
  facet normal -1 0 0
    outer loop
      vertex -8.9 12 3
      vertex -8.9 4.1 15
      vertex -8.9 4.0943810924937525 15.21457742059607
    endloop
  endfacet
  facet normal -1 0 0
    outer loop
      vertex -8.9 12 3
      vertex -8.9 4.0943810924937525 15.21457742059607
      vertex -8.9 4.07753977100992 15.42856669939738
    endloop
  endfacet
  facet normal -1 0 0
    outer loop
      vertex -8.9 12 3
      vertex -8.9 6.581793068761733 18.8
      vertex -8.9 12 4
    endloop
  endfacet
  facet normal 0 0.9416657253579857 0.3365496422313044
    outer loop
      vertex -8.9 12 4
      vertex -8.9 7.095211241378733 17.723596416544282
      vertex -3.9000000000000004 12 4
    endloop
  endfacet
  facet normal 1 0 0
    outer loop
      vertex -3.9000000000000004 12 4
      vertex -3.9000000000000004 -1.2669696769372842 11.10066828318987
      vertex -3.9000000000000004 -1.469308593135731 11.172320251361473
    endloop
  endfacet
  facet normal 1 0 0
    outer loop
      vertex -3.9000000000000004 12 4
      vertex -3.9000000000000004 -1.061158084920335 11.039704112214821
      vertex -3.9000000000000004 -1.2669696769372842 11.10066828318987
    endloop
  endfacet
  facet normal 1 0 0
    outer loop
      vertex -3.9000000000000004 12 4
      vertex -3.9000000000000004 -0.6413813066649465 10.950477803559934
      vertex -3.9000000000000004 -0.8524379323528132 10.989594836991397
    endloop
  endfacet
  facet normal 1 0 0
    outer loop
      vertex -3.9000000000000004 12 4
      vertex -3.9000000000000004 -0.8524379323528132 10.989594836991397
      vertex -3.9000000000000004 -1.061158084920335 11.039704112214821
    endloop
  endfacet
  facet normal 1 0 0
    outer loop
      vertex -3.9000000000000004 12 4
      vertex -3.9000000000000004 -0.4285666993973792 10.92246022899008
      vertex -3.9000000000000004 -0.6413813066649465 10.950477803559934
    endloop
  endfacet
  facet normal 1 0 0
    outer loop
      vertex -3.9000000000000004 12 4
      vertex -3.9000000000000004 -0.2145774205960697 10.905618907506248
      vertex -3.9000000000000004 -0.4285666993973792 10.92246022899008
    endloop
  endfacet
  facet normal 1 0 0
    outer loop
      vertex -3.9000000000000004 12 4
      vertex -3.9000000000000004 0 10.9
      vertex -3.9000000000000004 -0.2145774205960697 10.905618907506248
    endloop
  endfacet
  facet normal 1 0 0
    outer loop
      vertex -3.9000000000000004 12 4
      vertex -3.9000000000000004 0.2145774205960697 10.905618907506248
      vertex -3.9000000000000004 0 10.9
    endloop
  endfacet
  facet normal 1 0 0
    outer loop
      vertex -3.9000000000000004 12 4
      vertex -3.9000000000000004 0.4285666993973792 10.92246022899008
      vertex -3.9000000000000004 0.2145774205960697 10.905618907506248
    endloop
  endfacet
  facet normal 1 0 0
    outer loop
      vertex -3.9000000000000004 12 4
      vertex -3.9000000000000004 0.6413813066649465 10.950477803559934
      vertex -3.9000000000000004 0.4285666993973792 10.92246022899008
    endloop
  endfacet
  facet normal 1 0 0
    outer loop
      vertex -3.9000000000000004 12 4
      vertex -3.9000000000000004 0.8524379323528132 10.989594836991397
      vertex -3.9000000000000004 0.6413813066649465 10.950477803559934
    endloop
  endfacet
  facet normal 1 0 0
    outer loop
      vertex -3.9000000000000004 12 4
      vertex -3.9000000000000004 1.061158084920335 11.039704112214821
      vertex -3.9000000000000004 0.8524379323528132 10.989594836991397
    endloop
  endfacet
  facet normal 1 0 0
    outer loop
      vertex -3.9000000000000004 12 4
      vertex -3.9000000000000004 1.2669696769372842 11.10066828318987
      vertex -3.9000000000000004 1.061158084920335 11.039704112214821
    endloop
  endfacet
  facet normal 1 0 0
    outer loop
      vertex -3.9000000000000004 12 4
      vertex -3.9000000000000004 1.469308593135731 11.172320251361473
      vertex -3.9000000000000004 1.2669696769372842 11.10066828318987
    endloop
  endfacet
  facet normal 1 0 0
    outer loop
      vertex -3.9000000000000004 12 4
      vertex -3.9000000000000004 1.6676202366107806 11.254463623665337
      vertex -3.9000000000000004 1.469308593135731 11.172320251361473
    endloop
  endfacet
  facet normal 1 0 0
    outer loop
      vertex -3.9000000000000004 12 4
      vertex -3.9000000000000004 1.8613610489321417 11.346873250827691
      vertex -3.9000000000000004 1.6676202366107806 11.254463623665337
    endloop
  endfacet
  facet normal 1 0 0
    outer loop
      vertex -3.9000000000000004 12 4
      vertex -3.9000000000000004 2.05 11.449295844483803
      vertex -3.9000000000000004 1.8613610489321417 11.346873250827691
    endloop
  endfacet
  facet normal 1 0 0
    outer loop
      vertex -3.9000000000000004 12 4
      vertex -3.9000000000000004 2.233020043561611 11.561450671423762
      vertex -3.9000000000000004 2.05 11.449295844483803
    endloop
  endfacet
  facet normal 1 0 0
    outer loop
      vertex -3.9000000000000004 12 4
      vertex -3.9000000000000004 2.4099195343991395 11.683030323062717
      vertex -3.9000000000000004 2.233020043561611 11.561450671423762
    endloop
  endfacet
  facet normal 1 0 0
    outer loop
      vertex -3.9000000000000004 12 4
      vertex -3.9000000000000004 2.5802136033043332 11.81370155802642
      vertex -3.9000000000000004 2.4099195343991395 11.683030323062717
    endloop
  endfacet
  facet normal 1 0 0
    outer loop
      vertex -3.9000000000000004 12 4
      vertex -3.9000000000000004 2.7434354860713186 11.953106215542684
      vertex -3.9000000000000004 2.5802136033043332 11.81370155802642
    endloop
  endfacet
  facet normal 1 0 0
    outer loop
      vertex -3.9000000000000004 12 4
      vertex -3.9000000000000004 2.899137802864845 12.100862197135156
      vertex -3.9000000000000004 2.7434354860713186 11.953106215542684
    endloop
  endfacet
  facet normal 1 0 0
    outer loop
      vertex -3.9000000000000004 12 4
      vertex -3.9000000000000004 3.0468937844573163 12.256564513928682
      vertex -3.9000000000000004 2.899137802864845 12.100862197135156
    endloop
  endfacet
  facet normal 1 0 0
    outer loop
      vertex -3.9000000000000004 12 4
      vertex -3.9000000000000004 3.1862984419735803 12.419786396695667
      vertex -3.9000000000000004 3.0468937844573163 12.256564513928682
    endloop
  endfacet
  facet normal 1 0 0
    outer loop
      vertex -3.9000000000000004 12 4
      vertex -3.9000000000000004 3.3169696769372843 12.59008046560086
      vertex -3.9000000000000004 3.1862984419735803 12.419786396695667
    endloop
  endfacet
  facet normal 1 0 0
    outer loop
      vertex -3.9000000000000004 12 4
      vertex -3.9000000000000004 3.4385493285762383 12.766979956438389
      vertex -3.9000000000000004 3.3169696769372843 12.59008046560086
    endloop
  endfacet
  facet normal 1 0 0
    outer loop
      vertex -3.9000000000000004 12 4
      vertex -3.9000000000000004 3.550704155516198 12.95
      vertex -3.9000000000000004 3.4385493285762383 12.766979956438389
    endloop
  endfacet
  facet normal 1 0 0
    outer loop
      vertex -3.9000000000000004 12 4
      vertex -3.9000000000000004 3.653126749172308 13.138638951067858
      vertex -3.9000000000000004 3.550704155516198 12.95
    endloop
  endfacet
  facet normal 1 0 0
    outer loop
      vertex -3.9000000000000004 12 4
      vertex -3.9000000000000004 3.7455363763346634 13.33237976338922
      vertex -3.9000000000000004 3.653126749172308 13.138638951067858
    endloop
  endfacet
  facet normal 1 0 0
    outer loop
      vertex -3.9000000000000004 12 4
      vertex -3.9000000000000004 3.827679748638527 13.53069140686427
      vertex -3.9000000000000004 3.7455363763346634 13.33237976338922
    endloop
  endfacet
  facet normal 1 0 0
    outer loop
      vertex -3.9000000000000004 12 4
      vertex -3.9000000000000004 3.899331716810129 13.733030323062716
      vertex -3.9000000000000004 3.827679748638527 13.53069140686427
    endloop
  endfacet
  facet normal 1 0 0
    outer loop
      vertex -3.9000000000000004 12 4
      vertex -3.9000000000000004 3.96029588778518 13.938841915079665
      vertex -3.9000000000000004 3.899331716810129 13.733030323062716
    endloop
  endfacet
  facet normal 1 0 0
    outer loop
      vertex -3.9000000000000004 12 4
      vertex -3.9000000000000004 4.010405163008603 14.147562067647186
      vertex -3.9000000000000004 3.96029588778518 13.938841915079665
    endloop
  endfacet
  facet normal 1 0 0
    outer loop
      vertex -3.9000000000000004 12 4
      vertex -3.9000000000000004 4.049522196440065 14.358618693335053
      vertex -3.9000000000000004 4.010405163008603 14.147562067647186
    endloop
  endfacet
  facet normal 1 0 0
    outer loop
      vertex -3.9000000000000004 12 4
      vertex -3.9000000000000004 4.07753977100992 14.57143330060262
      vertex -3.9000000000000004 4.049522196440065 14.358618693335053
    endloop
  endfacet
  facet normal 1 0 0
    outer loop
      vertex -3.9000000000000004 12 4
      vertex -3.9000000000000004 4.0943810924937525 14.78542257940393
      vertex -3.9000000000000004 4.07753977100992 14.57143330060262
    endloop
  endfacet
  facet normal 1 0 0
    outer loop
      vertex -3.9000000000000004 12 4
      vertex -3.9000000000000004 4.1 15
      vertex -3.9000000000000004 4.0943810924937525 14.78542257940393
    endloop
  endfacet
  facet normal -1 0 0
    outer loop
      vertex -8.9 12 3
      vertex -8.9 4.07753977100992 15.42856669939738
      vertex -8.9 4.049522196440065 15.641381306664947
    endloop
  endfacet
  facet normal -1 0 0
    outer loop
      vertex -8.9 12 3
      vertex -8.9 4.010405163008603 15.852437932352814
      vertex -8.9 3.96029588778518 16.061158084920336
    endloop
  endfacet
  facet normal -1 0 0
    outer loop
      vertex -8.9 12 3
      vertex -8.9 4.049522196440065 15.641381306664947
      vertex -8.9 4.010405163008603 15.852437932352814
    endloop
  endfacet
  facet normal -1 0 0
    outer loop
      vertex -8.9 12 3
      vertex -8.9 3.96029588778518 16.061158084920336
      vertex -8.9 3.899331716810129 16.266969676937283
    endloop
  endfacet
  facet normal -1 0 0
    outer loop
      vertex -8.9 12 3
      vertex -8.9 3.899331716810129 16.266969676937283
      vertex -8.9 6.581793068761733 18.8
    endloop
  endfacet
  facet normal -1 0 0
    outer loop
      vertex -8.9 0 22.6
      vertex -8.9 2.5802136033043332 18.18629844197358
      vertex -8.9 2.4099195343991395 18.316969676937283
    endloop
  endfacet
  facet normal -1 0 0
    outer loop
      vertex -8.9 0 22.6
      vertex -8.9 2.7434354860713186 18.046893784457318
      vertex -8.9 2.5802136033043332 18.18629844197358
    endloop
  endfacet
  facet normal -1 0 0
    outer loop
      vertex -8.9 0 22.6
      vertex -8.9 0.2145774205960697 19.09438109249375
      vertex -8.9 0 19.1
    endloop
  endfacet
  facet normal -1 0 0
    outer loop
      vertex -8.9 0 22.6
      vertex -8.9 0.4285666993973792 19.07753977100992
      vertex -8.9 0.2145774205960697 19.09438109249375
    endloop
  endfacet
  facet normal -1 0 0
    outer loop
      vertex -8.9 0 22.6
      vertex -8.9 0.6413813066649465 19.049522196440066
      vertex -8.9 0.4285666993973792 19.07753977100992
    endloop
  endfacet
  facet normal -1 0 0
    outer loop
      vertex -8.9 0 22.6
      vertex -8.9 1.469308593135731 18.827679748638527
      vertex -8.9 1.2669696769372842 18.899331716810128
    endloop
  endfacet
  facet normal -1 0 0
    outer loop
      vertex -8.9 0 22.6
      vertex -8.9 0.8524379323528132 19.010405163008603
      vertex -8.9 0.6413813066649465 19.049522196440066
    endloop
  endfacet
  facet normal -1 0 0
    outer loop
      vertex -8.9 0 22.6
      vertex -8.9 1.061158084920335 18.96029588778518
      vertex -8.9 0.8524379323528132 19.010405163008603
    endloop
  endfacet
  facet normal -1 0 0
    outer loop
      vertex -8.9 0 22.6
      vertex -8.9 1.2669696769372842 18.899331716810128
      vertex -8.9 1.061158084920335 18.96029588778518
    endloop
  endfacet
  facet normal -1 0 0
    outer loop
      vertex -8.9 0 22.6
      vertex -8.9 1.6676202366107806 18.745536376334663
      vertex -8.9 1.469308593135731 18.827679748638527
    endloop
  endfacet
  facet normal -1 0 0
    outer loop
      vertex -8.9 0 22.6
      vertex -8.9 2.05 18.550704155516197
      vertex -8.9 1.8613610489321417 18.65312674917231
    endloop
  endfacet
  facet normal -1 0 0
    outer loop
      vertex -8.9 0 22.6
      vertex -8.9 1.8613610489321417 18.65312674917231
      vertex -8.9 1.6676202366107806 18.745536376334663
    endloop
  endfacet
  facet normal -1 0 0
    outer loop
      vertex -8.9 0 22.6
      vertex -8.9 2.233020043561611 18.438549328576237
      vertex -8.9 2.05 18.550704155516197
    endloop
  endfacet
  facet normal -1 0 0
    outer loop
      vertex -8.9 0 22.6
      vertex -8.9 2.4099195343991395 18.316969676937283
      vertex -8.9 2.233020043561611 18.438549328576237
    endloop
  endfacet
  facet normal -1 0 0
    outer loop
      vertex -8.9 0 22.6
      vertex -8.9 0.3977532674463731 22.58958446413476
      vertex -8.9 0.7944163208341664 22.558366404798875
    endloop
  endfacet
  facet normal -1 0 0
    outer loop
      vertex -8.9 0 22.6
      vertex -8.9 0.7944163208341664 22.558366404798875
      vertex -8.9 1.1889019343057545 22.506431388523048
    endloop
  endfacet
  facet normal -1 0 0
    outer loop
      vertex -8.9 0 22.6
      vertex -8.9 1.1889019343057545 22.506431388523048
      vertex -8.9 1.9670247427791576 22.341036279796917
    endloop
  endfacet
  facet normal -1 0 0
    outer loop
      vertex -8.9 1.1889019343057545 22.506431388523048
      vertex -8.9 1.5801288502149708 22.433921765576923
      vertex -8.9 1.9670247427791576 22.341036279796917
    endloop
  endfacet
  facet normal -1 0 0
    outer loop
      vertex -8.9 0 22.6
      vertex -8.9 6.581793068761733 18.8
      vertex -8.9 2.7434354860713186 18.046893784457318
    endloop
  endfacet
  facet normal -1 0 0
    outer loop
      vertex -8.9 0 22.6
      vertex -8.9 3.8 21.581793068761733
      vertex -8.9 6.581793068761733 18.8
    endloop
  endfacet
  facet normal -1 0 0
    outer loop
      vertex -8.9 0 22.6
      vertex -8.9 1.9670247427791576 22.341036279796917
      vertex -8.9 3.8 21.581793068761733
    endloop
  endfacet
  facet normal -1 0 0
    outer loop
      vertex -8.9 1.9670247427791576 22.341036279796917
      vertex -8.9 2.3485291572496 22.228029523843166
      vertex -8.9 2.723596416544282 22.095211241378735
    endloop
  endfacet
  facet normal -1 0 0
    outer loop
      vertex -8.9 2.723596416544282 22.095211241378735
      vertex -8.9 3.4503277980205556 21.771649583831596
      vertex -8.9 3.8 21.581793068761733
    endloop
  endfacet
  facet normal -1 0 0
    outer loop
      vertex -8.9 1.9670247427791576 22.341036279796917
      vertex -8.9 2.723596416544282 22.095211241378735
      vertex -8.9 3.8 21.581793068761733
    endloop
  endfacet
  facet normal -1 0 0
    outer loop
      vertex -8.9 2.723596416544282 22.095211241378735
      vertex -8.9 3.0911984873760816 21.942945478083764
      vertex -8.9 3.4503277980205556 21.771649583831596
    endloop
  endfacet
  facet normal 2.162803199255619e-19 0.026176948307881847 0.999657324975557
    outer loop
      vertex -8.9 0 22.6
      vertex -3.9000000000000004 0.3977532674463731 22.58958446413476
      vertex -8.9 0.3977532674463731 22.58958446413476
    endloop
  endfacet
  facet normal 0 0.07845909572784629 0.9969173337331279
    outer loop
      vertex -8.9 0.3977532674463731 22.58958446413476
      vertex -3.9000000000000004 0.3977532674463731 22.58958446413476
      vertex -8.9 0.7944163208341664 22.558366404798875
    endloop
  endfacet
  facet normal -7.863836816609407e-19 0.13052619222004308 0.9914448613738115
    outer loop
      vertex -8.9 0.7944163208341664 22.558366404798875
      vertex -3.9000000000000004 1.1889019343057545 22.506431388523048
      vertex -8.9 1.1889019343057545 22.506431388523048
    endloop
  endfacet
  facet normal -7.314376881121411e-19 0.18223552549215036 0.983254907563954
    outer loop
      vertex -8.9 1.1889019343057545 22.506431388523048
      vertex -3.9000000000000004 1.5801288502149708 22.433921765576923
      vertex -8.9 1.5801288502149708 22.433921765576923
    endloop
  endfacet
  facet normal 0 0.2334453638559092 0.9723699203976757
    outer loop
      vertex -8.9 1.5801288502149708 22.433921765576923
      vertex -3.9000000000000004 1.5801288502149708 22.433921765576923
      vertex -8.9 1.9670247427791576 22.341036279796917
    endloop
  endfacet
  facet normal 1.117776900007038e-18 0.28401534470392203 0.9588197348681933
    outer loop
      vertex -8.9 1.9670247427791576 22.341036279796917
      vertex -3.9000000000000004 2.3485291572496 22.228029523843166
      vertex -8.9 2.3485291572496 22.228029523843166
    endloop
  endfacet
  facet normal 0 0.3338068592337641 0.9426414910921808
    outer loop
      vertex -8.9 2.3485291572496 22.228029523843166
      vertex -3.9000000000000004 2.3485291572496 22.228029523843166
      vertex -8.9 2.723596416544282 22.095211241378735
    endloop
  endfacet
  facet normal -5.650635562702371e-19 0.43051109680828914 0.9025852843498635
    outer loop
      vertex -8.9 3.4503277980205556 21.771649583831596
      vertex -8.9 3.0911984873760816 21.942945478083764
      vertex -3.9000000000000004 3.0911984873760816 21.942945478083764
    endloop
  endfacet
  facet normal 2.0339048027041545e-18 0.47715876025961046 0.8788171126619643
    outer loop
      vertex -8.9 3.4503277980205556 21.771649583831596
      vertex -3.9000000000000004 3.8 21.581793068761733
      vertex -8.9 3.8 21.581793068761733
    endloop
  endfacet
  facet normal -1.099403858276039e-18 0.38268343236509755 0.9238795325112835
    outer loop
      vertex -8.9 2.723596416544282 22.095211241378735
      vertex -3.9000000000000004 3.0911984873760816 21.942945478083764
      vertex -8.9 3.0911984873760816 21.942945478083764
    endloop
  endfacet
  facet normal -1 0 0
    outer loop
      vertex -8.9 6.581793068761733 18.8
      vertex -8.9 3.7455363763346634 16.66762023661078
      vertex -8.9 3.653126749172308 16.861361048932142
    endloop
  endfacet
  facet normal -1 0 0
    outer loop
      vertex -8.9 6.581793068761733 18.8
      vertex -8.9 3.653126749172308 16.861361048932142
      vertex -8.9 3.550704155516198 17.05
    endloop
  endfacet
  facet normal -1 0 0
    outer loop
      vertex -8.9 6.581793068761733 18.8
      vertex -8.9 3.0468937844573163 17.74343548607132
      vertex -8.9 2.899137802864845 17.899137802864846
    endloop
  endfacet
  facet normal -1 0 0
    outer loop
      vertex -8.9 6.581793068761733 18.8
      vertex -8.9 2.899137802864845 17.899137802864846
      vertex -8.9 2.7434354860713186 18.046893784457318
    endloop
  endfacet
  facet normal -1 0 0
    outer loop
      vertex -8.9 6.581793068761733 18.8
      vertex -8.9 3.4385493285762383 17.23302004356161
      vertex -8.9 3.3169696769372843 17.40991953439914
    endloop
  endfacet
  facet normal -1 0 0
    outer loop
      vertex -8.9 6.581793068761733 18.8
      vertex -8.9 3.3169696769372843 17.40991953439914
      vertex -8.9 3.1862984419735803 17.580213603304333
    endloop
  endfacet
  facet normal -1 0 0
    outer loop
      vertex -8.9 6.581793068761733 18.8
      vertex -8.9 3.550704155516198 17.05
      vertex -8.9 3.4385493285762383 17.23302004356161
    endloop
  endfacet
  facet normal -1 0 0
    outer loop
      vertex -8.9 6.581793068761733 18.8
      vertex -8.9 3.1862984419735803 17.580213603304333
      vertex -8.9 3.0468937844573163 17.74343548607132
    endloop
  endfacet
  facet normal -1 0 0
    outer loop
      vertex -8.9 6.581793068761733 18.8
      vertex -8.9 3.899331716810129 16.266969676937283
      vertex -8.9 3.827679748638527 16.469308593135732
    endloop
  endfacet
  facet normal -1 0 0
    outer loop
      vertex -8.9 6.581793068761733 18.8
      vertex -8.9 3.827679748638527 16.469308593135732
      vertex -8.9 3.7455363763346634 16.66762023661078
    endloop
  endfacet
  facet normal -1 0 0
    outer loop
      vertex -8.9 6.942945478083766 18.091198487376083
      vertex -8.9 7.095211241378733 17.723596416544282
      vertex -8.9 6.581793068761733 18.8
    endloop
  endfacet
  facet normal -1 0 0
    outer loop
      vertex -8.9 6.1485291572496 19.467167917422795
      vertex -8.9 6.581793068761733 18.8
      vertex -8.9 5.374011537017761 20.37401153701776
    endloop
  endfacet
  facet normal -1 0 0
    outer loop
      vertex -8.9 6.373896316385222 19.139256666114207
      vertex -8.9 6.581793068761733 18.8
      vertex -8.9 6.1485291572496 19.467167917422795
    endloop
  endfacet
  facet normal -1 0 0
    outer loop
      vertex -8.9 6.942945478083766 18.091198487376083
      vertex -8.9 6.581793068761733 18.8
      vertex -8.9 6.7716495838315955 18.450327798020556
    endloop
  endfacet
  facet normal 0 0.9025852843498605 0.43051109680829547
    outer loop
      vertex -8.9 6.942945478083766 18.091198487376083
      vertex -8.9 6.7716495838315955 18.450327798020556
      vertex -3.9000000000000004 6.942945478083766 18.091198487376083
    endloop
  endfacet
  facet normal 1.4196689425695787e-18 0.9238795325112871 0.38268343236508917
    outer loop
      vertex -8.9 6.942945478083766 18.091198487376083
      vertex -3.9000000000000004 7.095211241378733 17.723596416544282
      vertex -8.9 7.095211241378733 17.723596416544282
    endloop
  endfacet
  facet normal 0 0.8526401643540924 0.5224985647159486
    outer loop
      vertex -8.9 6.373896316385222 19.139256666114207
      vertex -3.9000000000000004 6.373896316385222 19.139256666114207
      vertex -8.9 6.581793068761733 18.8
    endloop
  endfacet
  facet normal 0 0.7933533402912369 0.6087614290087183
    outer loop
      vertex -8.9 6.1485291572496 19.467167917422795
      vertex -8.9 5.906309307072979 19.782834971978765
      vertex -3.9000000000000004 6.1485291572496 19.467167917422795
    endloop
  endfacet
  facet normal 0 0.8241261886220143 0.5664062369248348
    outer loop
      vertex -8.9 6.373896316385222 19.139256666114207
      vertex -8.9 6.1485291572496 19.467167917422795
      vertex -3.9000000000000004 6.373896316385222 19.139256666114207
    endloop
  endfacet
  facet normal -2.8238840820032445e-18 0.8788171126619655 0.47715876025960824
    outer loop
      vertex -8.9 6.7716495838315955 18.450327798020556
      vertex -8.9 6.581793068761733 18.8
      vertex -3.9000000000000004 6.581793068761733 18.8
    endloop
  endfacet
  facet normal -1 0 0
    outer loop
      vertex -8.9 5.374011537017761 20.37401153701776
      vertex -8.9 3.8 21.581793068761733
      vertex -8.9 4.7828349719787635 20.90630930707298
    endloop
  endfacet
  facet normal -1 0 0
    outer loop
      vertex -8.9 6.581793068761733 18.8
      vertex -8.9 3.8 21.581793068761733
      vertex -8.9 5.374011537017761 20.37401153701776
    endloop
  endfacet
  facet normal -1 0 0
    outer loop
      vertex -8.9 5.374011537017761 20.37401153701776
      vertex -8.9 4.7828349719787635 20.90630930707298
      vertex -8.9 5.085392608327322 20.647900673628197
    endloop
  endfacet
  facet normal -1 0 0
    outer loop
      vertex -8.9 4.467167917422795 21.148529157249598
      vertex -8.9 3.8 21.581793068761733
      vertex -8.9 4.139256666114206 21.37389631638522
    endloop
  endfacet
  facet normal -1 0 0
    outer loop
      vertex -8.9 4.467167917422795 21.148529157249598
      vertex -8.9 4.7828349719787635 20.90630930707298
      vertex -8.9 3.8 21.581793068761733
    endloop
  endfacet
  facet normal -1 0 0
    outer loop
      vertex -8.9 6.1485291572496 19.467167917422795
      vertex -8.9 5.374011537017761 20.37401153701776
      vertex -8.9 5.906309307072979 19.782834971978765
    endloop
  endfacet
  facet normal -1 0 0
    outer loop
      vertex -8.9 5.374011537017761 20.37401153701776
      vertex -8.9 5.647900673628196 20.08539260832732
      vertex -8.9 5.906309307072979 19.782834971978765
    endloop
  endfacet
  facet normal 0 0.6087614290087149 0.7933533402912396
    outer loop
      vertex -8.9 4.467167917422795 21.148529157249598
      vertex -3.9000000000000004 4.467167917422795 21.148529157249598
      vertex -8.9 4.7828349719787635 20.90630930707298
    endloop
  endfacet
  facet normal 0 0.7253743710122893 0.6883545756937522
    outer loop
      vertex -8.9 5.374011537017761 20.37401153701776
      vertex -3.9000000000000004 5.374011537017761 20.37401153701776
      vertex -8.9 5.647900673628196 20.08539260832732
    endloop
  endfacet
  facet normal 0 0.6494480483301843 0.7604059656000304
    outer loop
      vertex -8.9 5.085392608327322 20.647900673628197
      vertex -8.9 4.7828349719787635 20.90630930707298
      vertex -3.9000000000000004 5.085392608327322 20.647900673628197
    endloop
  endfacet
  facet normal 2.7834934143258083e-18 0.6883545756937546 0.7253743710122872
    outer loop
      vertex -8.9 5.374011537017761 20.37401153701776
      vertex -8.9 5.085392608327322 20.647900673628197
      vertex -3.9000000000000004 5.085392608327322 20.647900673628197
    endloop
  endfacet
  facet normal -9.497320065837524e-19 0.5224985647159518 0.8526401643540904
    outer loop
      vertex -8.9 4.139256666114206 21.37389631638522
      vertex -8.9 3.8 21.581793068761733
      vertex -3.9000000000000004 3.8 21.581793068761733
    endloop
  endfacet
  facet normal 0 0.5664062369248337 0.8241261886220149
    outer loop
      vertex -8.9 4.467167917422795 21.148529157249598
      vertex -8.9 4.139256666114206 21.37389631638522
      vertex -3.9000000000000004 4.467167917422795 21.148529157249598
    endloop
  endfacet
  facet normal 0 0.7604059656000286 0.6494480483301863
    outer loop
      vertex -8.9 5.647900673628196 20.08539260832732
      vertex -3.9000000000000004 5.647900673628196 20.08539260832732
      vertex -8.9 5.906309307072979 19.782834971978765
    endloop
  endfacet
  facet normal 0 0.026176948307881847 0.999657324975557
    outer loop
      vertex -8.9 0 22.6
      vertex -3.9000000000000004 0 22.6
      vertex -3.9000000000000004 0.3977532674463731 22.58958446413476
    endloop
  endfacet
  facet normal 0 0.07845909572784629 0.9969173337331279
    outer loop
      vertex -8.9 0.7944163208341664 22.558366404798875
      vertex -3.9000000000000004 0.3977532674463731 22.58958446413476
      vertex -3.9000000000000004 0.7944163208341664 22.558366404798875
    endloop
  endfacet
  facet normal 0 0.13052619222004308 0.9914448613738115
    outer loop
      vertex -8.9 0.7944163208341664 22.558366404798875
      vertex -3.9000000000000004 0.7944163208341664 22.558366404798875
      vertex -3.9000000000000004 1.1889019343057545 22.506431388523048
    endloop
  endfacet
  facet normal 0 0.18223552549215036 0.983254907563954
    outer loop
      vertex -8.9 1.1889019343057545 22.506431388523048
      vertex -3.9000000000000004 1.1889019343057545 22.506431388523048
      vertex -3.9000000000000004 1.5801288502149708 22.433921765576923
    endloop
  endfacet
  facet normal 0 0.2334453638559092 0.9723699203976757
    outer loop
      vertex -8.9 1.9670247427791576 22.341036279796917
      vertex -3.9000000000000004 1.5801288502149708 22.433921765576923
      vertex -3.9000000000000004 1.9670247427791576 22.341036279796917
    endloop
  endfacet
  facet normal 0 0.28401534470392203 0.9588197348681933
    outer loop
      vertex -8.9 1.9670247427791576 22.341036279796917
      vertex -3.9000000000000004 1.9670247427791576 22.341036279796917
      vertex -3.9000000000000004 2.3485291572496 22.228029523843166
    endloop
  endfacet
  facet normal 0 0.3338068592337641 0.9426414910921808
    outer loop
      vertex -8.9 2.723596416544282 22.095211241378735
      vertex -3.9000000000000004 2.3485291572496 22.228029523843166
      vertex -3.9000000000000004 2.723596416544282 22.095211241378735
    endloop
  endfacet
  facet normal 0 0.43051109680828914 0.9025852843498635
    outer loop
      vertex -8.9 3.4503277980205556 21.771649583831596
      vertex -3.9000000000000004 3.0911984873760816 21.942945478083764
      vertex -3.9000000000000004 3.4503277980205556 21.771649583831596
    endloop
  endfacet
  facet normal 0 0.47715876025961046 0.8788171126619643
    outer loop
      vertex -8.9 3.4503277980205556 21.771649583831596
      vertex -3.9000000000000004 3.4503277980205556 21.771649583831596
      vertex -3.9000000000000004 3.8 21.581793068761733
    endloop
  endfacet
  facet normal 0 0.38268343236509755 0.9238795325112835
    outer loop
      vertex -8.9 2.723596416544282 22.095211241378735
      vertex -3.9000000000000004 2.723596416544282 22.095211241378735
      vertex -3.9000000000000004 3.0911984873760816 21.942945478083764
    endloop
  endfacet
  facet normal 0 0.9238795325112871 0.38268343236508917
    outer loop
      vertex -8.9 6.942945478083766 18.091198487376083
      vertex -3.9000000000000004 6.942945478083766 18.091198487376083
      vertex -3.9000000000000004 7.095211241378733 17.723596416544282
    endloop
  endfacet
  facet normal 0 0.9025852843498605 0.43051109680829547
    outer loop
      vertex -8.9 6.7716495838315955 18.450327798020556
      vertex -3.9000000000000004 6.7716495838315955 18.450327798020556
      vertex -3.9000000000000004 6.942945478083766 18.091198487376083
    endloop
  endfacet
  facet normal 0 0.8526401643540924 0.5224985647159486
    outer loop
      vertex -8.9 6.581793068761733 18.8
      vertex -3.9000000000000004 6.373896316385222 19.139256666114207
      vertex -3.9000000000000004 6.581793068761733 18.8
    endloop
  endfacet
  facet normal 0 0.7933533402912369 0.6087614290087183
    outer loop
      vertex -8.9 5.906309307072979 19.782834971978765
      vertex -3.9000000000000004 5.906309307072979 19.782834971978765
      vertex -3.9000000000000004 6.1485291572496 19.467167917422795
    endloop
  endfacet
  facet normal 0 0.8241261886220143 0.5664062369248348
    outer loop
      vertex -8.9 6.1485291572496 19.467167917422795
      vertex -3.9000000000000004 6.1485291572496 19.467167917422795
      vertex -3.9000000000000004 6.373896316385222 19.139256666114207
    endloop
  endfacet
  facet normal 0 0.8788171126619655 0.47715876025960824
    outer loop
      vertex -8.9 6.7716495838315955 18.450327798020556
      vertex -3.9000000000000004 6.581793068761733 18.8
      vertex -3.9000000000000004 6.7716495838315955 18.450327798020556
    endloop
  endfacet
  facet normal 0 0.6087614290087149 0.7933533402912396
    outer loop
      vertex -8.9 4.7828349719787635 20.90630930707298
      vertex -3.9000000000000004 4.467167917422795 21.148529157249598
      vertex -3.9000000000000004 4.7828349719787635 20.90630930707298
    endloop
  endfacet
  facet normal 0 0.6883545756937546 0.7253743710122872
    outer loop
      vertex -8.9 5.374011537017761 20.37401153701776
      vertex -3.9000000000000004 5.085392608327322 20.647900673628197
      vertex -3.9000000000000004 5.374011537017761 20.37401153701776
    endloop
  endfacet
  facet normal 0 0.7253743710122893 0.6883545756937522
    outer loop
      vertex -8.9 5.647900673628196 20.08539260832732
      vertex -3.9000000000000004 5.374011537017761 20.37401153701776
      vertex -3.9000000000000004 5.647900673628196 20.08539260832732
    endloop
  endfacet
  facet normal 0 0.6494480483301843 0.7604059656000304
    outer loop
      vertex -8.9 4.7828349719787635 20.90630930707298
      vertex -3.9000000000000004 4.7828349719787635 20.90630930707298
      vertex -3.9000000000000004 5.085392608327322 20.647900673628197
    endloop
  endfacet
  facet normal 0 0.5224985647159518 0.8526401643540904
    outer loop
      vertex -8.9 4.139256666114206 21.37389631638522
      vertex -3.9000000000000004 3.8 21.581793068761733
      vertex -3.9000000000000004 4.139256666114206 21.37389631638522
    endloop
  endfacet
  facet normal 0 0.5664062369248337 0.8241261886220149
    outer loop
      vertex -8.9 4.139256666114206 21.37389631638522
      vertex -3.9000000000000004 4.139256666114206 21.37389631638522
      vertex -3.9000000000000004 4.467167917422795 21.148529157249598
    endloop
  endfacet
  facet normal 0 0.7604059656000286 0.6494480483301863
    outer loop
      vertex -8.9 5.906309307072979 19.782834971978765
      vertex -3.9000000000000004 5.647900673628196 20.08539260832732
      vertex -3.9000000000000004 5.906309307072979 19.782834971978765
    endloop
  endfacet
  facet normal -1 0 0
    outer loop
      vertex -8.9 12 4
      vertex -8.9 6.581793068761733 18.8
      vertex -8.9 7.095211241378733 17.723596416544282
    endloop
  endfacet
  facet normal 3.062005112304761e-17 0.9416657253579857 0.3365496422313044
    outer loop
      vertex -3.9000000000000004 12 4
      vertex -8.9 7.095211241378733 17.723596416544282
      vertex -3.9000000000000004 7.095211241378733 17.723596416544282
    endloop
  endfacet
  facet normal 1 0 0
    outer loop
      vertex -3.9000000000000004 12 4
      vertex -3.9000000000000004 4.0943810924937525 15.21457742059607
      vertex -3.9000000000000004 4.1 15
    endloop
  endfacet
  facet normal 1 0 0
    outer loop
      vertex -3.9000000000000004 12 4
      vertex -3.9000000000000004 4.07753977100992 15.42856669939738
      vertex -3.9000000000000004 4.0943810924937525 15.21457742059607
    endloop
  endfacet
  facet normal 1 0 0
    outer loop
      vertex -3.9000000000000004 12 4
      vertex -3.9000000000000004 4.049522196440065 15.641381306664947
      vertex -3.9000000000000004 4.07753977100992 15.42856669939738
    endloop
  endfacet
  facet normal 1 0 0
    outer loop
      vertex -3.9000000000000004 12 4
      vertex -3.9000000000000004 3.96029588778518 16.061158084920336
      vertex -3.9000000000000004 4.010405163008603 15.852437932352814
    endloop
  endfacet
  facet normal 1 0 0
    outer loop
      vertex -3.9000000000000004 12 4
      vertex -3.9000000000000004 4.010405163008603 15.852437932352814
      vertex -3.9000000000000004 4.049522196440065 15.641381306664947
    endloop
  endfacet
  facet normal 1 0 0
    outer loop
      vertex -3.9000000000000004 -4.7828349719787635 20.90630930707298
      vertex -3.9000000000000004 1.2669696769372842 18.899331716810128
      vertex -3.9000000000000004 6.581793068761733 18.8
    endloop
  endfacet
  facet normal 1 0 0
    outer loop
      vertex -3.9000000000000004 6.581793068761733 18.8
      vertex -3.9000000000000004 1.2669696769372842 18.899331716810128
      vertex -3.9000000000000004 1.469308593135731 18.827679748638527
    endloop
  endfacet
  facet normal 1 0 0
    outer loop
      vertex -3.9000000000000004 6.581793068761733 18.8
      vertex -3.9000000000000004 1.469308593135731 18.827679748638527
      vertex -3.9000000000000004 1.6676202366107806 18.745536376334663
    endloop
  endfacet
  facet normal 1 0 0
    outer loop
      vertex -3.9000000000000004 6.581793068761733 18.8
      vertex -3.9000000000000004 1.8613610489321417 18.65312674917231
      vertex -3.9000000000000004 2.05 18.550704155516197
    endloop
  endfacet
  facet normal 1 0 0
    outer loop
      vertex -3.9000000000000004 6.581793068761733 18.8
      vertex -3.9000000000000004 2.233020043561611 18.438549328576237
      vertex -3.9000000000000004 2.4099195343991395 18.316969676937283
    endloop
  endfacet
  facet normal 1 0 0
    outer loop
      vertex -3.9000000000000004 6.581793068761733 18.8
      vertex -3.9000000000000004 2.05 18.550704155516197
      vertex -3.9000000000000004 2.233020043561611 18.438549328576237
    endloop
  endfacet
  facet normal 1 0 0
    outer loop
      vertex -3.9000000000000004 6.581793068761733 18.8
      vertex -3.9000000000000004 1.6676202366107806 18.745536376334663
      vertex -3.9000000000000004 1.8613610489321417 18.65312674917231
    endloop
  endfacet
  facet normal 1 0 0
    outer loop
      vertex -3.9000000000000004 -4.7828349719787635 20.90630930707298
      vertex -3.9000000000000004 6.581793068761733 18.8
      vertex -3.9000000000000004 1.5801288502149708 22.433921765576923
    endloop
  endfacet
  facet normal 1 0 0
    outer loop
      vertex -3.9000000000000004 -1.5801288502149708 22.433921765576923
      vertex -3.9000000000000004 1.5801288502149708 22.433921765576923
      vertex -3.9000000000000004 0 22.6
    endloop
  endfacet
  facet normal 1 0 0
    outer loop
      vertex -3.9000000000000004 0 22.6
      vertex -3.9000000000000004 0.7944163208341664 22.558366404798875
      vertex -3.9000000000000004 0.3977532674463731 22.58958446413476
    endloop
  endfacet
  facet normal 1 0 0
    outer loop
      vertex -3.9000000000000004 0 22.6
      vertex -3.9000000000000004 1.5801288502149708 22.433921765576923
      vertex -3.9000000000000004 0.7944163208341664 22.558366404798875
    endloop
  endfacet
  facet normal 1 0 0
    outer loop
      vertex -3.9000000000000004 0.7944163208341664 22.558366404798875
      vertex -3.9000000000000004 1.5801288502149708 22.433921765576923
      vertex -3.9000000000000004 1.1889019343057545 22.506431388523048
    endloop
  endfacet
  facet normal 1 0 0
    outer loop
      vertex -3.9000000000000004 1.5801288502149708 22.433921765576923
      vertex -3.9000000000000004 3.0911984873760816 21.942945478083764
      vertex -3.9000000000000004 2.3485291572496 22.228029523843166
    endloop
  endfacet
  facet normal 1 0 0
    outer loop
      vertex -3.9000000000000004 1.5801288502149708 22.433921765576923
      vertex -3.9000000000000004 2.3485291572496 22.228029523843166
      vertex -3.9000000000000004 1.9670247427791576 22.341036279796917
    endloop
  endfacet
  facet normal 1 0 0
    outer loop
      vertex -3.9000000000000004 2.3485291572496 22.228029523843166
      vertex -3.9000000000000004 3.0911984873760816 21.942945478083764
      vertex -3.9000000000000004 2.723596416544282 22.095211241378735
    endloop
  endfacet
  facet normal 1 0 0
    outer loop
      vertex -3.9000000000000004 1.5801288502149708 22.433921765576923
      vertex -3.9000000000000004 4.467167917422795 21.148529157249598
      vertex -3.9000000000000004 3.0911984873760816 21.942945478083764
    endloop
  endfacet
  facet normal 1 0 0
    outer loop
      vertex -3.9000000000000004 3.4503277980205556 21.771649583831596
      vertex -3.9000000000000004 3.0911984873760816 21.942945478083764
      vertex -3.9000000000000004 3.8 21.581793068761733
    endloop
  endfacet
  facet normal 1 0 0
    outer loop
      vertex -3.9000000000000004 6.581793068761733 18.8
      vertex -3.9000000000000004 3.653126749172308 16.861361048932142
      vertex -3.9000000000000004 3.7455363763346634 16.66762023661078
    endloop
  endfacet
  facet normal 1 0 0
    outer loop
      vertex -3.9000000000000004 6.581793068761733 18.8
      vertex -3.9000000000000004 3.550704155516198 17.05
      vertex -3.9000000000000004 3.653126749172308 16.861361048932142
    endloop
  endfacet
  facet normal 1 0 0
    outer loop
      vertex -3.9000000000000004 6.581793068761733 18.8
      vertex -3.9000000000000004 2.5802136033043332 18.18629844197358
      vertex -3.9000000000000004 2.7434354860713186 18.046893784457318
    endloop
  endfacet
  facet normal 1 0 0
    outer loop
      vertex -3.9000000000000004 6.581793068761733 18.8
      vertex -3.9000000000000004 2.899137802864845 17.899137802864846
      vertex -3.9000000000000004 3.0468937844573163 17.74343548607132
    endloop
  endfacet
  facet normal 1 0 0
    outer loop
      vertex -3.9000000000000004 6.581793068761733 18.8
      vertex -3.9000000000000004 2.7434354860713186 18.046893784457318
      vertex -3.9000000000000004 2.899137802864845 17.899137802864846
    endloop
  endfacet
  facet normal 1 0 0
    outer loop
      vertex -3.9000000000000004 6.581793068761733 18.8
      vertex -3.9000000000000004 3.3169696769372843 17.40991953439914
      vertex -3.9000000000000004 3.4385493285762383 17.23302004356161
    endloop
  endfacet
  facet normal 1 0 0
    outer loop
      vertex -3.9000000000000004 6.581793068761733 18.8
      vertex -3.9000000000000004 3.1862984419735803 17.580213603304333
      vertex -3.9000000000000004 3.3169696769372843 17.40991953439914
    endloop
  endfacet
  facet normal 1 0 0
    outer loop
      vertex -3.9000000000000004 6.581793068761733 18.8
      vertex -3.9000000000000004 3.4385493285762383 17.23302004356161
      vertex -3.9000000000000004 3.550704155516198 17.05
    endloop
  endfacet
  facet normal 1 0 0
    outer loop
      vertex -3.9000000000000004 6.581793068761733 18.8
      vertex -3.9000000000000004 3.0468937844573163 17.74343548607132
      vertex -3.9000000000000004 3.1862984419735803 17.580213603304333
    endloop
  endfacet
  facet normal 1 0 0
    outer loop
      vertex -3.9000000000000004 6.581793068761733 18.8
      vertex -3.9000000000000004 3.899331716810129 16.266969676937283
      vertex -3.9000000000000004 3.96029588778518 16.061158084920336
    endloop
  endfacet
  facet normal 1 0 0
    outer loop
      vertex -3.9000000000000004 6.581793068761733 18.8
      vertex -3.9000000000000004 3.827679748638527 16.469308593135732
      vertex -3.9000000000000004 3.899331716810129 16.266969676937283
    endloop
  endfacet
  facet normal 1 0 0
    outer loop
      vertex -3.9000000000000004 6.581793068761733 18.8
      vertex -3.9000000000000004 3.7455363763346634 16.66762023661078
      vertex -3.9000000000000004 3.827679748638527 16.469308593135732
    endloop
  endfacet
  facet normal 1 0 0
    outer loop
      vertex -3.9000000000000004 6.581793068761733 18.8
      vertex -3.9000000000000004 2.4099195343991395 18.316969676937283
      vertex -3.9000000000000004 2.5802136033043332 18.18629844197358
    endloop
  endfacet
  facet normal 1 0 0
    outer loop
      vertex -3.9000000000000004 6.942945478083766 18.091198487376083
      vertex -3.9000000000000004 6.581793068761733 18.8
      vertex -3.9000000000000004 7.095211241378733 17.723596416544282
    endloop
  endfacet
  facet normal 1 0 0
    outer loop
      vertex -3.9000000000000004 6.373896316385222 19.139256666114207
      vertex -3.9000000000000004 6.1485291572496 19.467167917422795
      vertex -3.9000000000000004 6.581793068761733 18.8
    endloop
  endfacet
  facet normal 1 0 0
    outer loop
      vertex -3.9000000000000004 6.1485291572496 19.467167917422795
      vertex -3.9000000000000004 5.647900673628196 20.08539260832732
      vertex -3.9000000000000004 6.581793068761733 18.8
    endloop
  endfacet
  facet normal 1 0 0
    outer loop
      vertex -3.9000000000000004 6.942945478083766 18.091198487376083
      vertex -3.9000000000000004 6.7716495838315955 18.450327798020556
      vertex -3.9000000000000004 6.581793068761733 18.8
    endloop
  endfacet
  facet normal 1 0 0
    outer loop
      vertex -3.9000000000000004 1.5801288502149708 22.433921765576923
      vertex -3.9000000000000004 6.581793068761733 18.8
      vertex -3.9000000000000004 4.467167917422795 21.148529157249598
    endloop
  endfacet
  facet normal 1 0 0
    outer loop
      vertex -3.9000000000000004 6.581793068761733 18.8
      vertex -3.9000000000000004 5.647900673628196 20.08539260832732
      vertex -3.9000000000000004 4.467167917422795 21.148529157249598
    endloop
  endfacet
  facet normal 1 0 0
    outer loop
      vertex -3.9000000000000004 5.374011537017761 20.37401153701776
      vertex -3.9000000000000004 5.085392608327322 20.647900673628197
      vertex -3.9000000000000004 5.647900673628196 20.08539260832732
    endloop
  endfacet
  facet normal 1 0 0
    outer loop
      vertex -3.9000000000000004 4.467167917422795 21.148529157249598
      vertex -3.9000000000000004 5.647900673628196 20.08539260832732
      vertex -3.9000000000000004 5.085392608327322 20.647900673628197
    endloop
  endfacet
  facet normal 1 0 0
    outer loop
      vertex -3.9000000000000004 4.467167917422795 21.148529157249598
      vertex -3.9000000000000004 5.085392608327322 20.647900673628197
      vertex -3.9000000000000004 4.7828349719787635 20.90630930707298
    endloop
  endfacet
  facet normal 1 0 0
    outer loop
      vertex -3.9000000000000004 4.467167917422795 21.148529157249598
      vertex -3.9000000000000004 4.139256666114206 21.37389631638522
      vertex -3.9000000000000004 3.8 21.581793068761733
    endloop
  endfacet
  facet normal 1 0 0
    outer loop
      vertex -3.9000000000000004 3.0911984873760816 21.942945478083764
      vertex -3.9000000000000004 4.467167917422795 21.148529157249598
      vertex -3.9000000000000004 3.8 21.581793068761733
    endloop
  endfacet
  facet normal 1 0 0
    outer loop
      vertex -3.9000000000000004 6.1485291572496 19.467167917422795
      vertex -3.9000000000000004 5.906309307072979 19.782834971978765
      vertex -3.9000000000000004 5.647900673628196 20.08539260832732
    endloop
  endfacet
  facet normal 1 0 0
    outer loop
      vertex -3.9000000000000004 12 4
      vertex -3.9000000000000004 6.581793068761733 18.8
      vertex -3.9000000000000004 3.96029588778518 16.061158084920336
    endloop
  endfacet
  facet normal 1 0 0
    outer loop
      vertex -3.9000000000000004 12 4
      vertex -3.9000000000000004 7.095211241378733 17.723596416544282
      vertex -3.9000000000000004 6.581793068761733 18.8
    endloop
  endfacet
  facet normal -1 0 0
    outer loop
      vertex 3.9000000000000004 -12 4
      vertex 3.9000000000000004 -2.5802136033043332 11.81370155802642
      vertex 3.9000000000000004 -2.4099195343991395 11.683030323062717
    endloop
  endfacet
  facet normal -1 0 0
    outer loop
      vertex 3.9000000000000004 -12 4
      vertex 3.9000000000000004 -3.3169696769372843 12.59008046560086
      vertex 3.9000000000000004 -3.1862984419735803 12.419786396695667
    endloop
  endfacet
  facet normal -1 0 0
    outer loop
      vertex 3.9000000000000004 -12 4
      vertex 3.9000000000000004 -3.4385493285762383 12.766979956438389
      vertex 3.9000000000000004 -3.3169696769372843 12.59008046560086
    endloop
  endfacet
  facet normal -1 0 0
    outer loop
      vertex 3.9000000000000004 -12 4
      vertex 3.9000000000000004 -2.899137802864845 12.100862197135156
      vertex 3.9000000000000004 -2.7434354860713186 11.953106215542684
    endloop
  endfacet
  facet normal -1 0 0
    outer loop
      vertex 3.9000000000000004 -12 4
      vertex 3.9000000000000004 -3.0468937844573163 12.256564513928682
      vertex 3.9000000000000004 -2.899137802864845 12.100862197135156
    endloop
  endfacet
  facet normal -1 0 0
    outer loop
      vertex 3.9000000000000004 -12 4
      vertex 3.9000000000000004 -2.7434354860713186 11.953106215542684
      vertex 3.9000000000000004 -2.5802136033043332 11.81370155802642
    endloop
  endfacet
  facet normal -1 0 0
    outer loop
      vertex 3.9000000000000004 -12 4
      vertex 3.9000000000000004 -3.1862984419735803 12.419786396695667
      vertex 3.9000000000000004 -3.0468937844573163 12.256564513928682
    endloop
  endfacet
  facet normal -1 0 0
    outer loop
      vertex 3.9000000000000004 -12 4
      vertex 3.9000000000000004 -3.899331716810129 13.733030323062716
      vertex 3.9000000000000004 -3.827679748638527 13.53069140686427
    endloop
  endfacet
  facet normal -1 0 0
    outer loop
      vertex 3.9000000000000004 -12 4
      vertex 3.9000000000000004 -3.96029588778518 13.938841915079665
      vertex 3.9000000000000004 -3.899331716810129 13.733030323062716
    endloop
  endfacet
  facet normal -1 0 0
    outer loop
      vertex 3.9000000000000004 -12 4
      vertex 3.9000000000000004 -4.010405163008603 14.147562067647186
      vertex 3.9000000000000004 -3.96029588778518 13.938841915079665
    endloop
  endfacet
  facet normal -1 0 0
    outer loop
      vertex 3.9000000000000004 -12 4
      vertex 3.9000000000000004 -4.049522196440065 14.358618693335053
      vertex 3.9000000000000004 -4.010405163008603 14.147562067647186
    endloop
  endfacet
  facet normal -1 0 0
    outer loop
      vertex 3.9000000000000004 -12 4
      vertex 3.9000000000000004 -4.07753977100992 14.57143330060262
      vertex 3.9000000000000004 -4.049522196440065 14.358618693335053
    endloop
  endfacet
  facet normal -1 0 0
    outer loop
      vertex 3.9000000000000004 -12 4
      vertex 3.9000000000000004 -4.0943810924937525 14.78542257940393
      vertex 3.9000000000000004 -4.07753977100992 14.57143330060262
    endloop
  endfacet
  facet normal -1 0 0
    outer loop
      vertex 3.9000000000000004 -12 4
      vertex 3.9000000000000004 -4.1 15
      vertex 3.9000000000000004 -4.0943810924937525 14.78542257940393
    endloop
  endfacet
  facet normal -1 0 0
    outer loop
      vertex 3.9000000000000004 -12 4
      vertex 3.9000000000000004 -3.550704155516198 12.95
      vertex 3.9000000000000004 -3.4385493285762383 12.766979956438389
    endloop
  endfacet
  facet normal -1 0 0
    outer loop
      vertex 3.9000000000000004 -12 4
      vertex 3.9000000000000004 -3.653126749172308 13.138638951067858
      vertex 3.9000000000000004 -3.550704155516198 12.95
    endloop
  endfacet
  facet normal -1 0 0
    outer loop
      vertex 3.9000000000000004 -12 4
      vertex 3.9000000000000004 -3.7455363763346634 13.33237976338922
      vertex 3.9000000000000004 -3.653126749172308 13.138638951067858
    endloop
  endfacet
  facet normal -1 0 0
    outer loop
      vertex 3.9000000000000004 -12 4
      vertex 3.9000000000000004 -3.827679748638527 13.53069140686427
      vertex 3.9000000000000004 -3.7455363763346634 13.33237976338922
    endloop
  endfacet
  facet normal -1 0 0
    outer loop
      vertex 3.9000000000000004 -12 4
      vertex 3.9000000000000004 -2.233020043561611 11.561450671423762
      vertex 3.9000000000000004 -2.05 11.449295844483803
    endloop
  endfacet
  facet normal -1 0 0
    outer loop
      vertex 3.9000000000000004 -12 4
      vertex 3.9000000000000004 -2.4099195343991395 11.683030323062717
      vertex 3.9000000000000004 -2.233020043561611 11.561450671423762
    endloop
  endfacet
  facet normal -1 0 0
    outer loop
      vertex 3.9000000000000004 -12 4
      vertex 3.9000000000000004 -2.05 11.449295844483803
      vertex 3.9000000000000004 -1.8613610489321417 11.346873250827691
    endloop
  endfacet
  facet normal -1 0 0
    outer loop
      vertex 3.9000000000000004 -12 4
      vertex 3.9000000000000004 -1.8613610489321417 11.346873250827691
      vertex 3.9000000000000004 -1.6676202366107806 11.254463623665337
    endloop
  endfacet
  facet normal -1 0 0
    outer loop
      vertex 3.9000000000000004 -12 4
      vertex 3.9000000000000004 -1.6676202366107806 11.254463623665337
      vertex 3.9000000000000004 -1.469308593135731 11.172320251361473
    endloop
  endfacet
  facet normal -1 0 0
    outer loop
      vertex 3.9000000000000004 -12 4
      vertex 3.9000000000000004 -1.469308593135731 11.172320251361473
      vertex 3.9000000000000004 -1.2669696769372842 11.10066828318987
    endloop
  endfacet
  facet normal -1 0 0
    outer loop
      vertex 3.9000000000000004 -12 4
      vertex 3.9000000000000004 -1.2669696769372842 11.10066828318987
      vertex 3.9000000000000004 -1.061158084920335 11.039704112214821
    endloop
  endfacet
  facet normal -1 0 0
    outer loop
      vertex 3.9000000000000004 -12 4
      vertex 3.9000000000000004 -0.8524379323528132 10.989594836991397
      vertex 3.9000000000000004 -0.6413813066649465 10.950477803559934
    endloop
  endfacet
  facet normal -1 0 0
    outer loop
      vertex 3.9000000000000004 -12 4
      vertex 3.9000000000000004 -1.061158084920335 11.039704112214821
      vertex 3.9000000000000004 -0.8524379323528132 10.989594836991397
    endloop
  endfacet
  facet normal -1 0 0
    outer loop
      vertex 3.9000000000000004 -12 4
      vertex 3.9000000000000004 -0.6413813066649465 10.950477803559934
      vertex 3.9000000000000004 -0.4285666993973792 10.92246022899008
    endloop
  endfacet
  facet normal -1 0 0
    outer loop
      vertex 3.9000000000000004 -12 4
      vertex 3.9000000000000004 -0.4285666993973792 10.92246022899008
      vertex 3.9000000000000004 -0.2145774205960697 10.905618907506248
    endloop
  endfacet
  facet normal -1 0 0
    outer loop
      vertex 3.9000000000000004 -12 4
      vertex 3.9000000000000004 -0.2145774205960697 10.905618907506248
      vertex 3.9000000000000004 0 10.9
    endloop
  endfacet
  facet normal -1 0 0
    outer loop
      vertex 3.9000000000000004 -12 4
      vertex 3.9000000000000004 0 10.9
      vertex 3.9000000000000004 0.2145774205960697 10.905618907506248
    endloop
  endfacet
  facet normal -1 0 0
    outer loop
      vertex 3.9000000000000004 -12 4
      vertex 3.9000000000000004 0.2145774205960697 10.905618907506248
      vertex 3.9000000000000004 0.4285666993973792 10.92246022899008
    endloop
  endfacet
  facet normal -1 0 0
    outer loop
      vertex 3.9000000000000004 -12 4
      vertex 3.9000000000000004 0.4285666993973792 10.92246022899008
      vertex 3.9000000000000004 0.6413813066649465 10.950477803559934
    endloop
  endfacet
  facet normal -1 0 0
    outer loop
      vertex 3.9000000000000004 -12 4
      vertex 3.9000000000000004 0.6413813066649465 10.950477803559934
      vertex 3.9000000000000004 0.8524379323528132 10.989594836991397
    endloop
  endfacet
  facet normal -1 0 0
    outer loop
      vertex 3.9000000000000004 -12 4
      vertex 3.9000000000000004 0.8524379323528132 10.989594836991397
      vertex 3.9000000000000004 1.061158084920335 11.039704112214821
    endloop
  endfacet
  facet normal -1 0 0
    outer loop
      vertex 3.9000000000000004 -12 4
      vertex 3.9000000000000004 1.061158084920335 11.039704112214821
      vertex 3.9000000000000004 1.2669696769372842 11.10066828318987
    endloop
  endfacet
  facet normal -1 0 0
    outer loop
      vertex 3.9000000000000004 -12 4
      vertex 3.9000000000000004 1.2669696769372842 11.10066828318987
      vertex 3.9000000000000004 1.469308593135731 11.172320251361473
    endloop
  endfacet
  facet normal 0 -0.9416657253579857 0.3365496422313044
    outer loop
      vertex 3.9000000000000004 -12 4
      vertex 8.9 -12 4
      vertex 8.9 -7.095211241378733 17.723596416544282
    endloop
  endfacet
  facet normal 1 0 0
    outer loop
      vertex 8.9 -12 4
      vertex 8.9 -2.4099195343991395 11.683030323062717
      vertex 8.9 -2.5802136033043332 11.81370155802642
    endloop
  endfacet
  facet normal 1 0 0
    outer loop
      vertex 8.9 -12 4
      vertex 8.9 -3.1862984419735803 12.419786396695667
      vertex 8.9 -3.3169696769372843 12.59008046560086
    endloop
  endfacet
  facet normal 1 0 0
    outer loop
      vertex 8.9 -12 4
      vertex 8.9 -3.3169696769372843 12.59008046560086
      vertex 8.9 -3.4385493285762383 12.766979956438389
    endloop
  endfacet
  facet normal 1 0 0
    outer loop
      vertex 8.9 -12 4
      vertex 8.9 -2.7434354860713186 11.953106215542684
      vertex 8.9 -2.899137802864845 12.100862197135156
    endloop
  endfacet
  facet normal 1 0 0
    outer loop
      vertex 8.9 -12 4
      vertex 8.9 -2.899137802864845 12.100862197135156
      vertex 8.9 -3.0468937844573163 12.256564513928682
    endloop
  endfacet
  facet normal 1 0 0
    outer loop
      vertex 8.9 -12 4
      vertex 8.9 -2.5802136033043332 11.81370155802642
      vertex 8.9 -2.7434354860713186 11.953106215542684
    endloop
  endfacet
  facet normal 1 0 0
    outer loop
      vertex 8.9 -12 4
      vertex 8.9 -3.0468937844573163 12.256564513928682
      vertex 8.9 -3.1862984419735803 12.419786396695667
    endloop
  endfacet
  facet normal 1 0 0
    outer loop
      vertex 8.9 -12 4
      vertex 8.9 -3.827679748638527 13.53069140686427
      vertex 8.9 -3.899331716810129 13.733030323062716
    endloop
  endfacet
  facet normal 1 0 0
    outer loop
      vertex 8.9 -12 4
      vertex 8.9 -3.899331716810129 13.733030323062716
      vertex 8.9 -3.96029588778518 13.938841915079665
    endloop
  endfacet
  facet normal 1 0 0
    outer loop
      vertex 8.9 -12 4
      vertex 8.9 -3.96029588778518 13.938841915079665
      vertex 8.9 -4.010405163008603 14.147562067647186
    endloop
  endfacet
  facet normal 1 0 0
    outer loop
      vertex 8.9 -12 4
      vertex 8.9 -4.010405163008603 14.147562067647186
      vertex 8.9 -4.049522196440065 14.358618693335053
    endloop
  endfacet
  facet normal 1 0 0
    outer loop
      vertex 8.9 -12 4
      vertex 8.9 -4.049522196440065 14.358618693335053
      vertex 8.9 -4.07753977100992 14.57143330060262
    endloop
  endfacet
  facet normal 1 0 0
    outer loop
      vertex 8.9 -12 4
      vertex 8.9 -4.07753977100992 14.57143330060262
      vertex 8.9 -4.0943810924937525 14.78542257940393
    endloop
  endfacet
  facet normal 1 0 0
    outer loop
      vertex 8.9 -12 4
      vertex 8.9 -4.0943810924937525 14.78542257940393
      vertex 8.9 -4.1 15
    endloop
  endfacet
  facet normal 1 0 0
    outer loop
      vertex 8.9 -12 4
      vertex 8.9 -3.4385493285762383 12.766979956438389
      vertex 8.9 -3.550704155516198 12.95
    endloop
  endfacet
  facet normal 1 0 0
    outer loop
      vertex 8.9 -12 4
      vertex 8.9 -3.550704155516198 12.95
      vertex 8.9 -3.653126749172308 13.138638951067858
    endloop
  endfacet
  facet normal 1 0 0
    outer loop
      vertex 8.9 -12 4
      vertex 8.9 -3.653126749172308 13.138638951067858
      vertex 8.9 -3.7455363763346634 13.33237976338922
    endloop
  endfacet
  facet normal 1 0 0
    outer loop
      vertex 8.9 -12 4
      vertex 8.9 -3.7455363763346634 13.33237976338922
      vertex 8.9 -3.827679748638527 13.53069140686427
    endloop
  endfacet
  facet normal 1 0 0
    outer loop
      vertex 8.9 -12 4
      vertex 8.9 -2.05 11.449295844483803
      vertex 8.9 -2.233020043561611 11.561450671423762
    endloop
  endfacet
  facet normal 1 0 0
    outer loop
      vertex 8.9 -12 4
      vertex 8.9 -2.233020043561611 11.561450671423762
      vertex 8.9 -2.4099195343991395 11.683030323062717
    endloop
  endfacet
  facet normal 1 0 0
    outer loop
      vertex 8.9 -12 4
      vertex 8.9 -1.8613610489321417 11.346873250827691
      vertex 8.9 -2.05 11.449295844483803
    endloop
  endfacet
  facet normal 1 0 0
    outer loop
      vertex 8.9 -12 4
      vertex 8.9 -1.6676202366107806 11.254463623665337
      vertex 8.9 -1.8613610489321417 11.346873250827691
    endloop
  endfacet
  facet normal 1 0 0
    outer loop
      vertex 8.9 -12 4
      vertex 8.9 12 3
      vertex 8.9 -1.6676202366107806 11.254463623665337
    endloop
  endfacet
  facet normal -1 0 0
    outer loop
      vertex 3.9000000000000004 -12 4
      vertex 3.9000000000000004 -7.095211241378733 17.723596416544282
      vertex 3.9000000000000004 -6.581793068761733 18.8
    endloop
  endfacet
  facet normal -1 0 0
    outer loop
      vertex 3.9000000000000004 -12 4
      vertex 3.9000000000000004 -6.581793068761733 18.8
      vertex 3.9000000000000004 -3.96029588778518 16.061158084920336
    endloop
  endfacet
  facet normal -1 0 0
    outer loop
      vertex 3.9000000000000004 -12 4
      vertex 3.9000000000000004 -4.0943810924937525 15.21457742059607
      vertex 3.9000000000000004 -4.1 15
    endloop
  endfacet
  facet normal -1 0 0
    outer loop
      vertex 3.9000000000000004 -12 4
      vertex 3.9000000000000004 -4.07753977100992 15.42856669939738
      vertex 3.9000000000000004 -4.0943810924937525 15.21457742059607
    endloop
  endfacet
  facet normal -1 0 0
    outer loop
      vertex 3.9000000000000004 -12 4
      vertex 3.9000000000000004 -4.049522196440065 15.641381306664947
      vertex 3.9000000000000004 -4.07753977100992 15.42856669939738
    endloop
  endfacet
  facet normal -1 0 0
    outer loop
      vertex 3.9000000000000004 -12 4
      vertex 3.9000000000000004 -4.010405163008603 15.852437932352814
      vertex 3.9000000000000004 -4.049522196440065 15.641381306664947
    endloop
  endfacet
  facet normal -1 0 0
    outer loop
      vertex 3.9000000000000004 -12 4
      vertex 3.9000000000000004 -3.96029588778518 16.061158084920336
      vertex 3.9000000000000004 -4.010405163008603 15.852437932352814
    endloop
  endfacet
  facet normal -1 0 0
    outer loop
      vertex 3.9000000000000004 -7.095211241378733 17.723596416544282
      vertex 3.9000000000000004 -6.942945478083766 18.091198487376083
      vertex 3.9000000000000004 -6.7716495838315955 18.450327798020556
    endloop
  endfacet
  facet normal -1 0 0
    outer loop
      vertex 3.9000000000000004 -7.095211241378733 17.723596416544282
      vertex 3.9000000000000004 -6.7716495838315955 18.450327798020556
      vertex 3.9000000000000004 -6.581793068761733 18.8
    endloop
  endfacet
  facet normal -1 0 0
    outer loop
      vertex 3.9000000000000004 -6.581793068761733 18.8
      vertex 3.9000000000000004 -6.373896316385222 19.139256666114207
      vertex 3.9000000000000004 -6.1485291572496 19.467167917422795
    endloop
  endfacet
  facet normal -1 0 0
    outer loop
      vertex 3.9000000000000004 -6.581793068761733 18.8
      vertex 3.9000000000000004 -6.1485291572496 19.467167917422795
      vertex 3.9000000000000004 -5.906309307072979 19.782834971978765
    endloop
  endfacet
  facet normal -1 0 0
    outer loop
      vertex 3.9000000000000004 -6.581793068761733 18.8
      vertex 3.9000000000000004 -5.906309307072979 19.782834971978765
      vertex 3.9000000000000004 -5.374011537017761 20.37401153701776
    endloop
  endfacet
  facet normal -1 0 0
    outer loop
      vertex 3.9000000000000004 -6.581793068761733 18.8
      vertex 3.9000000000000004 -3.899331716810129 16.266969676937283
      vertex 3.9000000000000004 -3.96029588778518 16.061158084920336
    endloop
  endfacet
  facet normal -1 0 0
    outer loop
      vertex 3.9000000000000004 -6.581793068761733 18.8
      vertex 3.9000000000000004 -3.827679748638527 16.469308593135732
      vertex 3.9000000000000004 -3.899331716810129 16.266969676937283
    endloop
  endfacet
  facet normal -1 0 0
    outer loop
      vertex 3.9000000000000004 -6.581793068761733 18.8
      vertex 3.9000000000000004 -3.7455363763346634 16.66762023661078
      vertex 3.9000000000000004 -3.827679748638527 16.469308593135732
    endloop
  endfacet
  facet normal -1 0 0
    outer loop
      vertex 3.9000000000000004 -6.581793068761733 18.8
      vertex 3.9000000000000004 -3.653126749172308 16.861361048932142
      vertex 3.9000000000000004 -3.7455363763346634 16.66762023661078
    endloop
  endfacet
  facet normal -1 0 0
    outer loop
      vertex 3.9000000000000004 -6.581793068761733 18.8
      vertex 3.9000000000000004 -3.550704155516198 17.05
      vertex 3.9000000000000004 -3.653126749172308 16.861361048932142
    endloop
  endfacet
  facet normal -1 0 0
    outer loop
      vertex 3.9000000000000004 -6.581793068761733 18.8
      vertex 3.9000000000000004 -3.4385493285762383 17.23302004356161
      vertex 3.9000000000000004 -3.550704155516198 17.05
    endloop
  endfacet
  facet normal -1 0 0
    outer loop
      vertex 3.9000000000000004 -6.581793068761733 18.8
      vertex 3.9000000000000004 -3.3169696769372843 17.40991953439914
      vertex 3.9000000000000004 -3.4385493285762383 17.23302004356161
    endloop
  endfacet
  facet normal -1 0 0
    outer loop
      vertex 3.9000000000000004 -6.581793068761733 18.8
      vertex 3.9000000000000004 -3.1862984419735803 17.580213603304333
      vertex 3.9000000000000004 -3.3169696769372843 17.40991953439914
    endloop
  endfacet
  facet normal -1 0 0
    outer loop
      vertex 3.9000000000000004 -6.581793068761733 18.8
      vertex 3.9000000000000004 -3.0468937844573163 17.74343548607132
      vertex 3.9000000000000004 -3.1862984419735803 17.580213603304333
    endloop
  endfacet
  facet normal -1 0 0
    outer loop
      vertex 3.9000000000000004 -6.581793068761733 18.8
      vertex 3.9000000000000004 -2.899137802864845 17.899137802864846
      vertex 3.9000000000000004 -3.0468937844573163 17.74343548607132
    endloop
  endfacet
  facet normal -1 0 0
    outer loop
      vertex 3.9000000000000004 -6.581793068761733 18.8
      vertex 3.9000000000000004 -2.7434354860713186 18.046893784457318
      vertex 3.9000000000000004 -2.899137802864845 17.899137802864846
    endloop
  endfacet
  facet normal -1 0 0
    outer loop
      vertex 3.9000000000000004 -6.581793068761733 18.8
      vertex 3.9000000000000004 -2.5802136033043332 18.18629844197358
      vertex 3.9000000000000004 -2.7434354860713186 18.046893784457318
    endloop
  endfacet
  facet normal -1 0 0
    outer loop
      vertex 3.9000000000000004 -5.906309307072979 19.782834971978765
      vertex 3.9000000000000004 -5.647900673628196 20.08539260832732
      vertex 3.9000000000000004 -5.374011537017761 20.37401153701776
    endloop
  endfacet
  facet normal -1 0 0
    outer loop
      vertex 3.9000000000000004 -6.581793068761733 18.8
      vertex 3.9000000000000004 -5.374011537017761 20.37401153701776
      vertex 3.9000000000000004 -3.8 21.581793068761733
    endloop
  endfacet
  facet normal -1 0 0
    outer loop
      vertex 3.9000000000000004 -5.374011537017761 20.37401153701776
      vertex 3.9000000000000004 -5.085392608327322 20.647900673628197
      vertex 3.9000000000000004 -4.7828349719787635 20.90630930707298
    endloop
  endfacet
  facet normal -1 0 0
    outer loop
      vertex 3.9000000000000004 -5.374011537017761 20.37401153701776
      vertex 3.9000000000000004 -4.7828349719787635 20.90630930707298
      vertex 3.9000000000000004 -3.8 21.581793068761733
    endloop
  endfacet
  facet normal -1 0 0
    outer loop
      vertex 3.9000000000000004 -4.7828349719787635 20.90630930707298
      vertex 3.9000000000000004 -4.467167917422795 21.148529157249598
      vertex 3.9000000000000004 -4.139256666114206 21.37389631638522
    endloop
  endfacet
  facet normal -1 0 0
    outer loop
      vertex 3.9000000000000004 -4.7828349719787635 20.90630930707298
      vertex 3.9000000000000004 -4.139256666114206 21.37389631638522
      vertex 3.9000000000000004 -3.8 21.581793068761733
    endloop
  endfacet
  facet normal -1 0 0
    outer loop
      vertex 3.9000000000000004 0 22.6
      vertex 3.9000000000000004 -2.4099195343991395 18.316969676937283
      vertex 3.9000000000000004 -2.5802136033043332 18.18629844197358
    endloop
  endfacet
  facet normal -1 0 0
    outer loop
      vertex 3.9000000000000004 -6.581793068761733 18.8
      vertex 3.9000000000000004 0 22.6
      vertex 3.9000000000000004 -2.5802136033043332 18.18629844197358
    endloop
  endfacet
  facet normal -1 0 0
    outer loop
      vertex 3.9000000000000004 -6.581793068761733 18.8
      vertex 3.9000000000000004 -3.8 21.581793068761733
      vertex 3.9000000000000004 0 22.6
    endloop
  endfacet
  facet normal -1 0 0
    outer loop
      vertex 3.9000000000000004 -3.8 21.581793068761733
      vertex 3.9000000000000004 -3.4503277980205556 21.771649583831596
      vertex 3.9000000000000004 -2.723596416544282 22.095211241378735
    endloop
  endfacet
  facet normal -1 0 0
    outer loop
      vertex 3.9000000000000004 -3.4503277980205556 21.771649583831596
      vertex 3.9000000000000004 -3.0911984873760816 21.942945478083764
      vertex 3.9000000000000004 -2.723596416544282 22.095211241378735
    endloop
  endfacet
  facet normal -1 0 0
    outer loop
      vertex 3.9000000000000004 -3.8 21.581793068761733
      vertex 3.9000000000000004 -2.723596416544282 22.095211241378735
      vertex 3.9000000000000004 -1.9670247427791576 22.341036279796917
    endloop
  endfacet
  facet normal -1 0 0
    outer loop
      vertex 3.9000000000000004 -2.723596416544282 22.095211241378735
      vertex 3.9000000000000004 -2.3485291572496 22.228029523843166
      vertex 3.9000000000000004 -1.9670247427791576 22.341036279796917
    endloop
  endfacet
  facet normal -1 0 0
    outer loop
      vertex 3.9000000000000004 -3.8 21.581793068761733
      vertex 3.9000000000000004 -1.9670247427791576 22.341036279796917
      vertex 3.9000000000000004 0 22.6
    endloop
  endfacet
  facet normal -1 0 0
    outer loop
      vertex 3.9000000000000004 0 22.6
      vertex 3.9000000000000004 -2.233020043561611 18.438549328576237
      vertex 3.9000000000000004 -2.4099195343991395 18.316969676937283
    endloop
  endfacet
  facet normal -1 0 0
    outer loop
      vertex 3.9000000000000004 0 22.6
      vertex 3.9000000000000004 -2.05 18.550704155516197
      vertex 3.9000000000000004 -2.233020043561611 18.438549328576237
    endloop
  endfacet
  facet normal -1 0 0
    outer loop
      vertex 3.9000000000000004 0 22.6
      vertex 3.9000000000000004 -1.8613610489321417 18.65312674917231
      vertex 3.9000000000000004 -2.05 18.550704155516197
    endloop
  endfacet
  facet normal -1 0 0
    outer loop
      vertex 3.9000000000000004 0 22.6
      vertex 3.9000000000000004 -1.6676202366107806 18.745536376334663
      vertex 3.9000000000000004 -1.8613610489321417 18.65312674917231
    endloop
  endfacet
  facet normal -1 0 0
    outer loop
      vertex 3.9000000000000004 0 22.6
      vertex 3.9000000000000004 -1.469308593135731 18.827679748638527
      vertex 3.9000000000000004 -1.6676202366107806 18.745536376334663
    endloop
  endfacet
  facet normal -1 0 0
    outer loop
      vertex 3.9000000000000004 0 22.6
      vertex 3.9000000000000004 -1.2669696769372842 18.899331716810128
      vertex 3.9000000000000004 -1.469308593135731 18.827679748638527
    endloop
  endfacet
  facet normal -1 0 0
    outer loop
      vertex 3.9000000000000004 0 22.6
      vertex 3.9000000000000004 -1.061158084920335 18.96029588778518
      vertex 3.9000000000000004 -1.2669696769372842 18.899331716810128
    endloop
  endfacet
  facet normal -1 0 0
    outer loop
      vertex 3.9000000000000004 0 22.6
      vertex 3.9000000000000004 -0.8524379323528132 19.010405163008603
      vertex 3.9000000000000004 -1.061158084920335 18.96029588778518
    endloop
  endfacet
  facet normal -1 0 0
    outer loop
      vertex 3.9000000000000004 0 22.6
      vertex 3.9000000000000004 -0.6413813066649465 19.049522196440066
      vertex 3.9000000000000004 -0.8524379323528132 19.010405163008603
    endloop
  endfacet
  facet normal -1 0 0
    outer loop
      vertex 3.9000000000000004 0 22.6
      vertex 3.9000000000000004 -0.4285666993973792 19.07753977100992
      vertex 3.9000000000000004 -0.6413813066649465 19.049522196440066
    endloop
  endfacet
  facet normal -1 0 0
    outer loop
      vertex 3.9000000000000004 0 22.6
      vertex 3.9000000000000004 -0.2145774205960697 19.09438109249375
      vertex 3.9000000000000004 -0.4285666993973792 19.07753977100992
    endloop
  endfacet
  facet normal -1 0 0
    outer loop
      vertex 3.9000000000000004 0 22.6
      vertex 3.9000000000000004 0 19.1
      vertex 3.9000000000000004 -0.2145774205960697 19.09438109249375
    endloop
  endfacet
  facet normal -1 0 0
    outer loop
      vertex 3.9000000000000004 -1.9670247427791576 22.341036279796917
      vertex 3.9000000000000004 -1.5801288502149708 22.433921765576923
      vertex 3.9000000000000004 -1.1889019343057545 22.506431388523048
    endloop
  endfacet
  facet normal -1 0 0
    outer loop
      vertex 3.9000000000000004 -1.9670247427791576 22.341036279796917
      vertex 3.9000000000000004 -1.1889019343057545 22.506431388523048
      vertex 3.9000000000000004 0 22.6
    endloop
  endfacet
  facet normal -1 0 0
    outer loop
      vertex 3.9000000000000004 -1.1889019343057545 22.506431388523048
      vertex 3.9000000000000004 -0.7944163208341664 22.558366404798875
      vertex 3.9000000000000004 0 22.6
    endloop
  endfacet
  facet normal -1 0 0
    outer loop
      vertex 3.9000000000000004 -0.7944163208341664 22.558366404798875
      vertex 3.9000000000000004 -0.3977532674463731 22.58958446413476
      vertex 3.9000000000000004 0 22.6
    endloop
  endfacet
  facet normal -3.062005112304761e-17 -0.9416657253579857 0.3365496422313044
    outer loop
      vertex 3.9000000000000004 -12 4
      vertex 8.9 -7.095211241378733 17.723596416544282
      vertex 3.9000000000000004 -7.095211241378733 17.723596416544282
    endloop
  endfacet
  facet normal 1 0 0
    outer loop
      vertex 8.9 -12 4
      vertex 8.9 -6.942945478083766 18.091198487376083
      vertex 8.9 -7.095211241378733 17.723596416544282
    endloop
  endfacet
  facet normal 1 0 0
    outer loop
      vertex 8.9 -12 4
      vertex 8.9 -4.7828349719787635 20.90630930707298
      vertex 8.9 -6.942945478083766 18.091198487376083
    endloop
  endfacet
  facet normal 1 0 0
    outer loop
      vertex 8.9 -12 4
      vertex 8.9 -4.1 15
      vertex 8.9 -4.0943810924937525 15.21457742059607
    endloop
  endfacet
  facet normal 1 0 0
    outer loop
      vertex 8.9 -12 4
      vertex 8.9 -4.0943810924937525 15.21457742059607
      vertex 8.9 -4.7828349719787635 20.90630930707298
    endloop
  endfacet
  facet normal -1.4196689425695787e-18 -0.9238795325112871 0.38268343236508917
    outer loop
      vertex 3.9000000000000004 -7.095211241378733 17.723596416544282
      vertex 8.9 -6.942945478083766 18.091198487376083
      vertex 3.9000000000000004 -6.942945478083766 18.091198487376083
    endloop
  endfacet
  facet normal 0 -0.9025852843498605 0.43051109680829547
    outer loop
      vertex 3.9000000000000004 -6.942945478083766 18.091198487376083
      vertex 8.9 -6.942945478083766 18.091198487376083
      vertex 3.9000000000000004 -6.7716495838315955 18.450327798020556
    endloop
  endfacet
  facet normal 2.8238840820032445e-18 -0.8788171126619655 0.47715876025960824
    outer loop
      vertex 3.9000000000000004 -6.7716495838315955 18.450327798020556
      vertex 8.9 -6.581793068761733 18.8
      vertex 3.9000000000000004 -6.581793068761733 18.8
    endloop
  endfacet
  facet normal -2.0139158075215695e-18 -0.8526401643540924 0.5224985647159486
    outer loop
      vertex 3.9000000000000004 -6.581793068761733 18.8
      vertex 8.9 -6.373896316385222 19.139256666114207
      vertex 3.9000000000000004 -6.373896316385222 19.139256666114207
    endloop
  endfacet
  facet normal 0 -0.8241261886220143 0.5664062369248348
    outer loop
      vertex 3.9000000000000004 -6.373896316385222 19.139256666114207
      vertex 8.9 -6.373896316385222 19.139256666114207
      vertex 3.9000000000000004 -6.1485291572496 19.467167917422795
    endloop
  endfacet
  facet normal 3.1735419839112905e-18 -0.7933533402912369 0.6087614290087183
    outer loop
      vertex 3.9000000000000004 -6.1485291572496 19.467167917422795
      vertex 8.9 -5.906309307072979 19.782834971978765
      vertex 3.9000000000000004 -5.906309307072979 19.782834971978765
    endloop
  endfacet
  facet normal -3.0261936283589866e-18 -0.7604059656000286 0.6494480483301863
    outer loop
      vertex 3.9000000000000004 -5.906309307072979 19.782834971978765
      vertex 8.9 -5.647900673628196 20.08539260832732
      vertex 3.9000000000000004 -5.647900673628196 20.08539260832732
    endloop
  endfacet
  facet normal 0 -0.7253743710122893 0.6883545756937522
    outer loop
      vertex 3.9000000000000004 -5.647900673628196 20.08539260832732
      vertex 8.9 -5.647900673628196 20.08539260832732
      vertex 3.9000000000000004 -5.374011537017761 20.37401153701776
    endloop
  endfacet
  facet normal 0 -0.6883545756937546 0.7253743710122872
    outer loop
      vertex 3.9000000000000004 -5.374011537017761 20.37401153701776
      vertex 8.9 -5.374011537017761 20.37401153701776
      vertex 3.9000000000000004 -5.085392608327322 20.647900673628197
    endloop
  endfacet
  facet normal -3.1786380946008612e-18 -0.6494480483301843 0.7604059656000304
    outer loop
      vertex 3.9000000000000004 -5.085392608327322 20.647900673628197
      vertex 8.9 -4.7828349719787635 20.90630930707298
      vertex 3.9000000000000004 -4.7828349719787635 20.90630930707298
    endloop
  endfacet
  facet normal 0 -0.6087614290087149 0.7933533402912396
    outer loop
      vertex 3.9000000000000004 -4.7828349719787635 20.90630930707298
      vertex 8.9 -4.7828349719787635 20.90630930707298
      vertex 3.9000000000000004 -4.467167917422795 21.148529157249598
    endloop
  endfacet
  facet normal 2.994825609381479e-18 -0.5664062369248337 0.8241261886220149
    outer loop
      vertex 3.9000000000000004 -4.467167917422795 21.148529157249598
      vertex 8.9 -4.139256666114206 21.37389631638522
      vertex 3.9000000000000004 -4.139256666114206 21.37389631638522
    endloop
  endfacet
  facet normal 9.497320065837524e-19 -0.5224985647159518 0.8526401643540904
    outer loop
      vertex 3.9000000000000004 -4.139256666114206 21.37389631638522
      vertex 8.9 -3.8 21.581793068761733
      vertex 3.9000000000000004 -3.8 21.581793068761733
    endloop
  endfacet
  facet normal 0 -0.47715876025961046 0.8788171126619643
    outer loop
      vertex 3.9000000000000004 -3.8 21.581793068761733
      vertex 8.9 -3.8 21.581793068761733
      vertex 3.9000000000000004 -3.4503277980205556 21.771649583831596
    endloop
  endfacet
  facet normal 5.650635562702371e-19 -0.43051109680828914 0.9025852843498635
    outer loop
      vertex 3.9000000000000004 -3.4503277980205556 21.771649583831596
      vertex 8.9 -3.0911984873760816 21.942945478083764
      vertex 3.9000000000000004 -3.0911984873760816 21.942945478083764
    endloop
  endfacet
  facet normal 0 -0.38268343236509755 0.9238795325112835
    outer loop
      vertex 3.9000000000000004 -3.0911984873760816 21.942945478083764
      vertex 8.9 -3.0911984873760816 21.942945478083764
      vertex 3.9000000000000004 -2.723596416544282 22.095211241378735
    endloop
  endfacet
  facet normal -1.442756823279048e-19 -0.3338068592337641 0.9426414910921808
    outer loop
      vertex 3.9000000000000004 -2.723596416544282 22.095211241378735
      vertex 8.9 -2.3485291572496 22.228029523843166
      vertex 3.9000000000000004 -2.3485291572496 22.228029523843166
    endloop
  endfacet
  facet normal 0 -0.28401534470392203 0.9588197348681933
    outer loop
      vertex 3.9000000000000004 -2.3485291572496 22.228029523843166
      vertex 8.9 -2.3485291572496 22.228029523843166
      vertex 3.9000000000000004 -1.9670247427791576 22.341036279796917
    endloop
  endfacet
  facet normal 1.5736940513352948e-18 -0.2334453638559092 0.9723699203976757
    outer loop
      vertex 3.9000000000000004 -1.9670247427791576 22.341036279796917
      vertex 8.9 -1.5801288502149708 22.433921765576923
      vertex 3.9000000000000004 -1.5801288502149708 22.433921765576923
    endloop
  endfacet
  facet normal 0 -0.18223552549215036 0.983254907563954
    outer loop
      vertex 3.9000000000000004 -1.5801288502149708 22.433921765576923
      vertex 8.9 -1.5801288502149708 22.433921765576923
      vertex 3.9000000000000004 -1.1889019343057545 22.506431388523048
    endloop
  endfacet
  facet normal 0 -0.13052619222004308 0.9914448613738115
    outer loop
      vertex 3.9000000000000004 -1.1889019343057545 22.506431388523048
      vertex 8.9 -1.1889019343057545 22.506431388523048
      vertex 3.9000000000000004 -0.7944163208341664 22.558366404798875
    endloop
  endfacet
  facet normal -4.71084358874296e-20 -0.07845909572784629 0.9969173337331279
    outer loop
      vertex 3.9000000000000004 -0.7944163208341664 22.558366404798875
      vertex 8.9 -0.3977532674463731 22.58958446413476
      vertex 3.9000000000000004 -0.3977532674463731 22.58958446413476
    endloop
  endfacet
  facet normal 0 -0.026176948307881847 0.999657324975557
    outer loop
      vertex 3.9000000000000004 -0.3977532674463731 22.58958446413476
      vertex 8.9 -0.3977532674463731 22.58958446413476
      vertex 3.9000000000000004 0 22.6
    endloop
  endfacet
  facet normal 0 -0.9238795325112871 0.38268343236508917
    outer loop
      vertex 3.9000000000000004 -7.095211241378733 17.723596416544282
      vertex 8.9 -7.095211241378733 17.723596416544282
      vertex 8.9 -6.942945478083766 18.091198487376083
    endloop
  endfacet
  facet normal 0 -0.9025852843498605 0.43051109680829547
    outer loop
      vertex 3.9000000000000004 -6.7716495838315955 18.450327798020556
      vertex 8.9 -6.942945478083766 18.091198487376083
      vertex 8.9 -6.7716495838315955 18.450327798020556
    endloop
  endfacet
  facet normal 0 -0.8788171126619655 0.47715876025960824
    outer loop
      vertex 3.9000000000000004 -6.7716495838315955 18.450327798020556
      vertex 8.9 -6.7716495838315955 18.450327798020556
      vertex 8.9 -6.581793068761733 18.8
    endloop
  endfacet
  facet normal 0 -0.8526401643540924 0.5224985647159486
    outer loop
      vertex 3.9000000000000004 -6.581793068761733 18.8
      vertex 8.9 -6.581793068761733 18.8
      vertex 8.9 -6.373896316385222 19.139256666114207
    endloop
  endfacet
  facet normal 0 -0.8241261886220143 0.5664062369248348
    outer loop
      vertex 3.9000000000000004 -6.1485291572496 19.467167917422795
      vertex 8.9 -6.373896316385222 19.139256666114207
      vertex 8.9 -6.1485291572496 19.467167917422795
    endloop
  endfacet
  facet normal 0 -0.7933533402912369 0.6087614290087183
    outer loop
      vertex 3.9000000000000004 -6.1485291572496 19.467167917422795
      vertex 8.9 -6.1485291572496 19.467167917422795
      vertex 8.9 -5.906309307072979 19.782834971978765
    endloop
  endfacet
  facet normal 1 0 0
    outer loop
      vertex 8.9 -6.942945478083766 18.091198487376083
      vertex 8.9 -6.581793068761733 18.8
      vertex 8.9 -6.7716495838315955 18.450327798020556
    endloop
  endfacet
  facet normal 1 0 0
    outer loop
      vertex 8.9 -6.942945478083766 18.091198487376083
      vertex 8.9 -6.373896316385222 19.139256666114207
      vertex 8.9 -6.581793068761733 18.8
    endloop
  endfacet
  facet normal 1 0 0
    outer loop
      vertex 8.9 -6.942945478083766 18.091198487376083
      vertex 8.9 -5.906309307072979 19.782834971978765
      vertex 8.9 -6.373896316385222 19.139256666114207
    endloop
  endfacet
  facet normal 1 0 0
    outer loop
      vertex 8.9 -6.373896316385222 19.139256666114207
      vertex 8.9 -5.906309307072979 19.782834971978765
      vertex 8.9 -6.1485291572496 19.467167917422795
    endloop
  endfacet
  facet normal 1 0 0
    outer loop
      vertex 8.9 -6.942945478083766 18.091198487376083
      vertex 8.9 -4.7828349719787635 20.90630930707298
      vertex 8.9 -5.906309307072979 19.782834971978765
    endloop
  endfacet
  facet normal 1 0 0
    outer loop
      vertex 8.9 -4.7828349719787635 20.90630930707298
      vertex 8.9 -4.0943810924937525 15.21457742059607
      vertex 8.9 -4.07753977100992 15.42856669939738
    endloop
  endfacet
  facet normal 1 0 0
    outer loop
      vertex 8.9 -4.7828349719787635 20.90630930707298
      vertex 8.9 -4.07753977100992 15.42856669939738
      vertex 8.9 -4.049522196440065 15.641381306664947
    endloop
  endfacet
  facet normal 1 0 0
    outer loop
      vertex 8.9 -4.7828349719787635 20.90630930707298
      vertex 8.9 -4.049522196440065 15.641381306664947
      vertex 8.9 -4.010405163008603 15.852437932352814
    endloop
  endfacet
  facet normal 1 0 0
    outer loop
      vertex 8.9 -4.7828349719787635 20.90630930707298
      vertex 8.9 -4.010405163008603 15.852437932352814
      vertex 8.9 -3.96029588778518 16.061158084920336
    endloop
  endfacet
  facet normal 1 0 0
    outer loop
      vertex 8.9 -4.7828349719787635 20.90630930707298
      vertex 8.9 -3.96029588778518 16.061158084920336
      vertex 8.9 -3.899331716810129 16.266969676937283
    endloop
  endfacet
  facet normal 1 0 0
    outer loop
      vertex 8.9 -4.7828349719787635 20.90630930707298
      vertex 8.9 -3.899331716810129 16.266969676937283
      vertex 8.9 -3.827679748638527 16.469308593135732
    endloop
  endfacet
  facet normal 1 0 0
    outer loop
      vertex 8.9 -4.7828349719787635 20.90630930707298
      vertex 8.9 -3.827679748638527 16.469308593135732
      vertex 8.9 -3.7455363763346634 16.66762023661078
    endloop
  endfacet
  facet normal 1 0 0
    outer loop
      vertex 8.9 -4.7828349719787635 20.90630930707298
      vertex 8.9 -3.7455363763346634 16.66762023661078
      vertex 8.9 -3.653126749172308 16.861361048932142
    endloop
  endfacet
  facet normal 1 0 0
    outer loop
      vertex 8.9 -4.7828349719787635 20.90630930707298
      vertex 8.9 -3.653126749172308 16.861361048932142
      vertex 8.9 -3.550704155516198 17.05
    endloop
  endfacet
  facet normal 1 0 0
    outer loop
      vertex 8.9 -4.7828349719787635 20.90630930707298
      vertex 8.9 -3.550704155516198 17.05
      vertex 8.9 -3.4385493285762383 17.23302004356161
    endloop
  endfacet
  facet normal 1 0 0
    outer loop
      vertex 8.9 -4.7828349719787635 20.90630930707298
      vertex 8.9 -3.4385493285762383 17.23302004356161
      vertex 8.9 -3.3169696769372843 17.40991953439914
    endloop
  endfacet
  facet normal 1 0 0
    outer loop
      vertex 8.9 -4.7828349719787635 20.90630930707298
      vertex 8.9 -3.3169696769372843 17.40991953439914
      vertex 8.9 -3.1862984419735803 17.580213603304333
    endloop
  endfacet
  facet normal 0 -0.7604059656000286 0.6494480483301863
    outer loop
      vertex 3.9000000000000004 -5.906309307072979 19.782834971978765
      vertex 8.9 -5.906309307072979 19.782834971978765
      vertex 8.9 -5.647900673628196 20.08539260832732
    endloop
  endfacet
  facet normal 0 -0.7253743710122893 0.6883545756937522
    outer loop
      vertex 3.9000000000000004 -5.374011537017761 20.37401153701776
      vertex 8.9 -5.647900673628196 20.08539260832732
      vertex 8.9 -5.374011537017761 20.37401153701776
    endloop
  endfacet
  facet normal 0 -0.6883545756937546 0.7253743710122872
    outer loop
      vertex 3.9000000000000004 -5.085392608327322 20.647900673628197
      vertex 8.9 -5.374011537017761 20.37401153701776
      vertex 8.9 -5.085392608327322 20.647900673628197
    endloop
  endfacet
  facet normal 0 -0.6494480483301843 0.7604059656000304
    outer loop
      vertex 3.9000000000000004 -5.085392608327322 20.647900673628197
      vertex 8.9 -5.085392608327322 20.647900673628197
      vertex 8.9 -4.7828349719787635 20.90630930707298
    endloop
  endfacet
  facet normal 0 -0.6087614290087149 0.7933533402912396
    outer loop
      vertex 3.9000000000000004 -4.467167917422795 21.148529157249598
      vertex 8.9 -4.7828349719787635 20.90630930707298
      vertex 8.9 -4.467167917422795 21.148529157249598
    endloop
  endfacet
  facet normal 0 -0.5664062369248337 0.8241261886220149
    outer loop
      vertex 3.9000000000000004 -4.467167917422795 21.148529157249598
      vertex 8.9 -4.467167917422795 21.148529157249598
      vertex 8.9 -4.139256666114206 21.37389631638522
    endloop
  endfacet
  facet normal 0 -0.5224985647159518 0.8526401643540904
    outer loop
      vertex 3.9000000000000004 -4.139256666114206 21.37389631638522
      vertex 8.9 -4.139256666114206 21.37389631638522
      vertex 8.9 -3.8 21.581793068761733
    endloop
  endfacet
  facet normal 1 0 0
    outer loop
      vertex 8.9 -5.906309307072979 19.782834971978765
      vertex 8.9 -5.374011537017761 20.37401153701776
      vertex 8.9 -5.647900673628196 20.08539260832732
    endloop
  endfacet
  facet normal 1 0 0
    outer loop
      vertex 8.9 -5.906309307072979 19.782834971978765
      vertex 8.9 -4.7828349719787635 20.90630930707298
      vertex 8.9 -5.374011537017761 20.37401153701776
    endloop
  endfacet
  facet normal 1 0 0
    outer loop
      vertex 8.9 -5.374011537017761 20.37401153701776
      vertex 8.9 -4.7828349719787635 20.90630930707298
      vertex 8.9 -5.085392608327322 20.647900673628197
    endloop
  endfacet
  facet normal 1 0 0
    outer loop
      vertex 8.9 -4.7828349719787635 20.90630930707298
      vertex 8.9 -4.139256666114206 21.37389631638522
      vertex 8.9 -4.467167917422795 21.148529157249598
    endloop
  endfacet
  facet normal 1 0 0
    outer loop
      vertex 8.9 -4.7828349719787635 20.90630930707298
      vertex 8.9 -3.8 21.581793068761733
      vertex 8.9 -4.139256666114206 21.37389631638522
    endloop
  endfacet
  facet normal 1 0 0
    outer loop
      vertex 8.9 -4.7828349719787635 20.90630930707298
      vertex 8.9 -3.0911984873760816 21.942945478083764
      vertex 8.9 -3.8 21.581793068761733
    endloop
  endfacet
  facet normal 1 0 0
    outer loop
      vertex 8.9 -4.7828349719787635 20.90630930707298
      vertex 8.9 -3.1862984419735803 17.580213603304333
      vertex 8.9 -3.0468937844573163 17.74343548607132
    endloop
  endfacet
  facet normal 1 0 0
    outer loop
      vertex 8.9 -4.7828349719787635 20.90630930707298
      vertex 8.9 -3.0468937844573163 17.74343548607132
      vertex 8.9 -2.899137802864845 17.899137802864846
    endloop
  endfacet
  facet normal 1 0 0
    outer loop
      vertex 8.9 -4.7828349719787635 20.90630930707298
      vertex 8.9 -2.899137802864845 17.899137802864846
      vertex 8.9 -2.7434354860713186 18.046893784457318
    endloop
  endfacet
  facet normal 1 0 0
    outer loop
      vertex 8.9 -4.7828349719787635 20.90630930707298
      vertex 8.9 -2.7434354860713186 18.046893784457318
      vertex 8.9 -2.5802136033043332 18.18629844197358
    endloop
  endfacet
  facet normal 1 0 0
    outer loop
      vertex 8.9 -4.7828349719787635 20.90630930707298
      vertex 8.9 -2.5802136033043332 18.18629844197358
      vertex 8.9 -2.4099195343991395 18.316969676937283
    endloop
  endfacet
  facet normal 1 0 0
    outer loop
      vertex 8.9 -4.7828349719787635 20.90630930707298
      vertex 8.9 -2.4099195343991395 18.316969676937283
      vertex 8.9 -2.233020043561611 18.438549328576237
    endloop
  endfacet
  facet normal 1 0 0
    outer loop
      vertex 8.9 -4.7828349719787635 20.90630930707298
      vertex 8.9 -2.233020043561611 18.438549328576237
      vertex 8.9 -2.05 18.550704155516197
    endloop
  endfacet
  facet normal 1 0 0
    outer loop
      vertex 8.9 -4.7828349719787635 20.90630930707298
      vertex 8.9 -2.05 18.550704155516197
      vertex 8.9 -1.8613610489321417 18.65312674917231
    endloop
  endfacet
  facet normal 1 0 0
    outer loop
      vertex 8.9 -4.7828349719787635 20.90630930707298
      vertex 8.9 -1.8613610489321417 18.65312674917231
      vertex 8.9 -1.6676202366107806 18.745536376334663
    endloop
  endfacet
  facet normal 1 0 0
    outer loop
      vertex 8.9 -4.7828349719787635 20.90630930707298
      vertex 8.9 -1.6676202366107806 18.745536376334663
      vertex 8.9 -1.469308593135731 18.827679748638527
    endloop
  endfacet
  facet normal 1 0 0
    outer loop
      vertex 8.9 -4.7828349719787635 20.90630930707298
      vertex 8.9 -1.469308593135731 18.827679748638527
      vertex 8.9 -1.2669696769372842 18.899331716810128
    endloop
  endfacet
  facet normal 1 0 0
    outer loop
      vertex 8.9 -4.7828349719787635 20.90630930707298
      vertex 8.9 -1.2669696769372842 18.899331716810128
      vertex 8.9 -1.061158084920335 18.96029588778518
    endloop
  endfacet
  facet normal 1 0 0
    outer loop
      vertex 8.9 -4.7828349719787635 20.90630930707298
      vertex 8.9 -1.061158084920335 18.96029588778518
      vertex 8.9 -0.8524379323528132 19.010405163008603
    endloop
  endfacet
  facet normal 1 0 0
    outer loop
      vertex 8.9 -4.7828349719787635 20.90630930707298
      vertex 8.9 -0.8524379323528132 19.010405163008603
      vertex 8.9 -0.6413813066649465 19.049522196440066
    endloop
  endfacet
  facet normal 1 0 0
    outer loop
      vertex 8.9 -4.7828349719787635 20.90630930707298
      vertex 8.9 -0.6413813066649465 19.049522196440066
      vertex 8.9 -0.4285666993973792 19.07753977100992
    endloop
  endfacet
  facet normal 1 0 0
    outer loop
      vertex 8.9 -4.7828349719787635 20.90630930707298
      vertex 8.9 -0.4285666993973792 19.07753977100992
      vertex 8.9 -0.2145774205960697 19.09438109249375
    endloop
  endfacet
  facet normal 1 0 0
    outer loop
      vertex 8.9 -4.7828349719787635 20.90630930707298
      vertex 8.9 -0.2145774205960697 19.09438109249375
      vertex 8.9 0 19.1
    endloop
  endfacet
  facet normal 1 0 0
    outer loop
      vertex 8.9 -4.7828349719787635 20.90630930707298
      vertex 8.9 0 19.1
      vertex 8.9 0.2145774205960697 19.09438109249375
    endloop
  endfacet
  facet normal 0 -0.47715876025961046 0.8788171126619643
    outer loop
      vertex 3.9000000000000004 -3.4503277980205556 21.771649583831596
      vertex 8.9 -3.8 21.581793068761733
      vertex 8.9 -3.4503277980205556 21.771649583831596
    endloop
  endfacet
  facet normal 0 -0.43051109680828914 0.9025852843498635
    outer loop
      vertex 3.9000000000000004 -3.4503277980205556 21.771649583831596
      vertex 8.9 -3.4503277980205556 21.771649583831596
      vertex 8.9 -3.0911984873760816 21.942945478083764
    endloop
  endfacet
  facet normal 0 -0.38268343236509755 0.9238795325112835
    outer loop
      vertex 3.9000000000000004 -2.723596416544282 22.095211241378735
      vertex 8.9 -3.0911984873760816 21.942945478083764
      vertex 8.9 -2.723596416544282 22.095211241378735
    endloop
  endfacet
  facet normal 0 -0.3338068592337641 0.9426414910921808
    outer loop
      vertex 3.9000000000000004 -2.723596416544282 22.095211241378735
      vertex 8.9 -2.723596416544282 22.095211241378735
      vertex 8.9 -2.3485291572496 22.228029523843166
    endloop
  endfacet
  facet normal 0 -0.28401534470392203 0.9588197348681933
    outer loop
      vertex 3.9000000000000004 -1.9670247427791576 22.341036279796917
      vertex 8.9 -2.3485291572496 22.228029523843166
      vertex 8.9 -1.9670247427791576 22.341036279796917
    endloop
  endfacet
  facet normal 0 -0.2334453638559092 0.9723699203976757
    outer loop
      vertex 3.9000000000000004 -1.9670247427791576 22.341036279796917
      vertex 8.9 -1.9670247427791576 22.341036279796917
      vertex 8.9 -1.5801288502149708 22.433921765576923
    endloop
  endfacet
  facet normal 0 -0.18223552549215036 0.983254907563954
    outer loop
      vertex 3.9000000000000004 -1.1889019343057545 22.506431388523048
      vertex 8.9 -1.5801288502149708 22.433921765576923
      vertex 8.9 -1.1889019343057545 22.506431388523048
    endloop
  endfacet
  facet normal 0 -0.13052619222004308 0.9914448613738115
    outer loop
      vertex 3.9000000000000004 -0.7944163208341664 22.558366404798875
      vertex 8.9 -1.1889019343057545 22.506431388523048
      vertex 8.9 -0.7944163208341664 22.558366404798875
    endloop
  endfacet
  facet normal 0 -0.07845909572784629 0.9969173337331279
    outer loop
      vertex 3.9000000000000004 -0.7944163208341664 22.558366404798875
      vertex 8.9 -0.7944163208341664 22.558366404798875
      vertex 8.9 -0.3977532674463731 22.58958446413476
    endloop
  endfacet
  facet normal -2.162803199255619e-19 -0.026176948307881847 0.999657324975557
    outer loop
      vertex 8.9 -0.3977532674463731 22.58958446413476
      vertex 8.9 0 22.6
      vertex 3.9000000000000004 0 22.6
    endloop
  endfacet
  facet normal 1 0 0
    outer loop
      vertex 8.9 -3.8 21.581793068761733
      vertex 8.9 -3.0911984873760816 21.942945478083764
      vertex 8.9 -3.4503277980205556 21.771649583831596
    endloop
  endfacet
  facet normal 1 0 0
    outer loop
      vertex 8.9 -4.7828349719787635 20.90630930707298
      vertex 8.9 -1.5801288502149708 22.433921765576923
      vertex 8.9 -3.0911984873760816 21.942945478083764
    endloop
  endfacet
  facet normal 1 0 0
    outer loop
      vertex 8.9 -3.0911984873760816 21.942945478083764
      vertex 8.9 -2.3485291572496 22.228029523843166
      vertex 8.9 -2.723596416544282 22.095211241378735
    endloop
  endfacet
  facet normal 1 0 0
    outer loop
      vertex 8.9 -3.0911984873760816 21.942945478083764
      vertex 8.9 -1.5801288502149708 22.433921765576923
      vertex 8.9 -2.3485291572496 22.228029523843166
    endloop
  endfacet
  facet normal 1 0 0
    outer loop
      vertex 8.9 -2.3485291572496 22.228029523843166
      vertex 8.9 -1.5801288502149708 22.433921765576923
      vertex 8.9 -1.9670247427791576 22.341036279796917
    endloop
  endfacet
  facet normal 1 0 0
    outer loop
      vertex 8.9 -4.7828349719787635 20.90630930707298
      vertex 8.9 1.5801288502149708 22.433921765576923
      vertex 8.9 -1.5801288502149708 22.433921765576923
    endloop
  endfacet
  facet normal 1 0 0
    outer loop
      vertex 8.9 -1.5801288502149708 22.433921765576923
      vertex 8.9 -0.7944163208341664 22.558366404798875
      vertex 8.9 -1.1889019343057545 22.506431388523048
    endloop
  endfacet
  facet normal 1 0 0
    outer loop
      vertex 8.9 -1.5801288502149708 22.433921765576923
      vertex 8.9 0 22.6
      vertex 8.9 -0.7944163208341664 22.558366404798875
    endloop
  endfacet
  facet normal 1 0 0
    outer loop
      vertex 8.9 -0.7944163208341664 22.558366404798875
      vertex 8.9 0 22.6
      vertex 8.9 -0.3977532674463731 22.58958446413476
    endloop
  endfacet
  facet normal -1 0 0
    outer loop
      vertex 3.9000000000000004 -12 4
      vertex 3.9000000000000004 1.469308593135731 11.172320251361473
      vertex 3.9000000000000004 12 4
    endloop
  endfacet
  facet normal -1 0 0
    outer loop
      vertex 3.9000000000000004 12 4
      vertex 3.9000000000000004 1.469308593135731 11.172320251361473
      vertex 3.9000000000000004 1.6676202366107806 11.254463623665337
    endloop
  endfacet
  facet normal -1 0 0
    outer loop
      vertex 3.9000000000000004 12 4
      vertex 3.9000000000000004 1.6676202366107806 11.254463623665337
      vertex 3.9000000000000004 1.8613610489321417 11.346873250827691
    endloop
  endfacet
  facet normal -1 0 0
    outer loop
      vertex 3.9000000000000004 12 4
      vertex 3.9000000000000004 1.8613610489321417 11.346873250827691
      vertex 3.9000000000000004 2.05 11.449295844483803
    endloop
  endfacet
  facet normal -1 0 0
    outer loop
      vertex 3.9000000000000004 12 4
      vertex 3.9000000000000004 2.05 11.449295844483803
      vertex 3.9000000000000004 2.233020043561611 11.561450671423762
    endloop
  endfacet
  facet normal -1 0 0
    outer loop
      vertex 3.9000000000000004 12 4
      vertex 3.9000000000000004 2.233020043561611 11.561450671423762
      vertex 3.9000000000000004 2.4099195343991395 11.683030323062717
    endloop
  endfacet
  facet normal -1 0 0
    outer loop
      vertex 3.9000000000000004 12 4
      vertex 3.9000000000000004 2.4099195343991395 11.683030323062717
      vertex 3.9000000000000004 2.5802136033043332 11.81370155802642
    endloop
  endfacet
  facet normal -1 0 0
    outer loop
      vertex 3.9000000000000004 12 4
      vertex 3.9000000000000004 2.5802136033043332 11.81370155802642
      vertex 3.9000000000000004 2.7434354860713186 11.953106215542684
    endloop
  endfacet
  facet normal -1 0 0
    outer loop
      vertex 3.9000000000000004 12 4
      vertex 3.9000000000000004 2.7434354860713186 11.953106215542684
      vertex 3.9000000000000004 2.899137802864845 12.100862197135156
    endloop
  endfacet
  facet normal -1 0 0
    outer loop
      vertex 3.9000000000000004 12 4
      vertex 3.9000000000000004 2.899137802864845 12.100862197135156
      vertex 3.9000000000000004 3.0468937844573163 12.256564513928682
    endloop
  endfacet
  facet normal -1 0 0
    outer loop
      vertex 3.9000000000000004 12 4
      vertex 3.9000000000000004 3.0468937844573163 12.256564513928682
      vertex 3.9000000000000004 3.1862984419735803 12.419786396695667
    endloop
  endfacet
  facet normal -1 0 0
    outer loop
      vertex 3.9000000000000004 12 4
      vertex 3.9000000000000004 3.1862984419735803 12.419786396695667
      vertex 3.9000000000000004 3.3169696769372843 12.59008046560086
    endloop
  endfacet
  facet normal -1 0 0
    outer loop
      vertex 3.9000000000000004 12 4
      vertex 3.9000000000000004 3.3169696769372843 12.59008046560086
      vertex 3.9000000000000004 3.4385493285762383 12.766979956438389
    endloop
  endfacet
  facet normal -1 0 0
    outer loop
      vertex 3.9000000000000004 12 4
      vertex 3.9000000000000004 3.4385493285762383 12.766979956438389
      vertex 3.9000000000000004 3.550704155516198 12.95
    endloop
  endfacet
  facet normal -1 0 0
    outer loop
      vertex 3.9000000000000004 12 4
      vertex 3.9000000000000004 3.550704155516198 12.95
      vertex 3.9000000000000004 3.653126749172308 13.138638951067858
    endloop
  endfacet
  facet normal -1 0 0
    outer loop
      vertex 3.9000000000000004 12 4
      vertex 3.9000000000000004 3.653126749172308 13.138638951067858
      vertex 3.9000000000000004 3.7455363763346634 13.33237976338922
    endloop
  endfacet
  facet normal -1 0 0
    outer loop
      vertex 3.9000000000000004 12 4
      vertex 3.9000000000000004 3.7455363763346634 13.33237976338922
      vertex 3.9000000000000004 3.827679748638527 13.53069140686427
    endloop
  endfacet
  facet normal -1 0 0
    outer loop
      vertex 3.9000000000000004 12 4
      vertex 3.9000000000000004 3.827679748638527 13.53069140686427
      vertex 3.9000000000000004 3.899331716810129 13.733030323062716
    endloop
  endfacet
  facet normal -1 0 0
    outer loop
      vertex 3.9000000000000004 12 4
      vertex 3.9000000000000004 3.899331716810129 13.733030323062716
      vertex 3.9000000000000004 3.96029588778518 13.938841915079665
    endloop
  endfacet
  facet normal -1 0 0
    outer loop
      vertex 3.9000000000000004 12 4
      vertex 3.9000000000000004 3.96029588778518 13.938841915079665
      vertex 3.9000000000000004 4.010405163008603 14.147562067647186
    endloop
  endfacet
  facet normal -1 0 0
    outer loop
      vertex 3.9000000000000004 12 4
      vertex 3.9000000000000004 4.010405163008603 14.147562067647186
      vertex 3.9000000000000004 4.049522196440065 14.358618693335053
    endloop
  endfacet
  facet normal -1 0 0
    outer loop
      vertex 3.9000000000000004 12 4
      vertex 3.9000000000000004 4.049522196440065 14.358618693335053
      vertex 3.9000000000000004 4.07753977100992 14.57143330060262
    endloop
  endfacet
  facet normal -1 0 0
    outer loop
      vertex 3.9000000000000004 12 4
      vertex 3.9000000000000004 4.07753977100992 14.57143330060262
      vertex 3.9000000000000004 4.0943810924937525 14.78542257940393
    endloop
  endfacet
  facet normal -1 0 0
    outer loop
      vertex 3.9000000000000004 12 4
      vertex 3.9000000000000004 4.0943810924937525 14.78542257940393
      vertex 3.9000000000000004 4.1 15
    endloop
  endfacet
  facet normal 1 0 0
    outer loop
      vertex 8.9 12 3
      vertex 8.9 -1.2669696769372842 11.10066828318987
      vertex 8.9 -1.469308593135731 11.172320251361473
    endloop
  endfacet
  facet normal 1 0 0
    outer loop
      vertex 8.9 12 3
      vertex 8.9 -1.061158084920335 11.039704112214821
      vertex 8.9 -1.2669696769372842 11.10066828318987
    endloop
  endfacet
  facet normal 1 0 0
    outer loop
      vertex 8.9 12 3
      vertex 8.9 -0.8524379323528132 10.989594836991397
      vertex 8.9 -1.061158084920335 11.039704112214821
    endloop
  endfacet
  facet normal 1 0 0
    outer loop
      vertex 8.9 12 3
      vertex 8.9 -0.6413813066649465 10.950477803559934
      vertex 8.9 -0.8524379323528132 10.989594836991397
    endloop
  endfacet
  facet normal 1 0 0
    outer loop
      vertex 8.9 12 3
      vertex 8.9 -0.4285666993973792 10.92246022899008
      vertex 8.9 -0.6413813066649465 10.950477803559934
    endloop
  endfacet
  facet normal 1 0 0
    outer loop
      vertex 8.9 12 3
      vertex 8.9 -1.469308593135731 11.172320251361473
      vertex 8.9 -1.6676202366107806 11.254463623665337
    endloop
  endfacet
  facet normal 1 0 0
    outer loop
      vertex 8.9 12 3
      vertex 8.9 -0.2145774205960697 10.905618907506248
      vertex 8.9 -0.4285666993973792 10.92246022899008
    endloop
  endfacet
  facet normal 1 0 0
    outer loop
      vertex 8.9 12 3
      vertex 8.9 0 10.9
      vertex 8.9 -0.2145774205960697 10.905618907506248
    endloop
  endfacet
  facet normal 1 0 0
    outer loop
      vertex 8.9 12 3
      vertex 8.9 0.2145774205960697 10.905618907506248
      vertex 8.9 0 10.9
    endloop
  endfacet
  facet normal 1 0 0
    outer loop
      vertex 8.9 12 3
      vertex 8.9 0.4285666993973792 10.92246022899008
      vertex 8.9 0.2145774205960697 10.905618907506248
    endloop
  endfacet
  facet normal 1 0 0
    outer loop
      vertex 8.9 12 3
      vertex 8.9 0.6413813066649465 10.950477803559934
      vertex 8.9 0.4285666993973792 10.92246022899008
    endloop
  endfacet
  facet normal 1 0 0
    outer loop
      vertex 8.9 12 3
      vertex 8.9 0.8524379323528132 10.989594836991397
      vertex 8.9 0.6413813066649465 10.950477803559934
    endloop
  endfacet
  facet normal 1 0 0
    outer loop
      vertex 8.9 12 3
      vertex 8.9 1.061158084920335 11.039704112214821
      vertex 8.9 0.8524379323528132 10.989594836991397
    endloop
  endfacet
  facet normal 1 0 0
    outer loop
      vertex 8.9 12 3
      vertex 8.9 1.2669696769372842 11.10066828318987
      vertex 8.9 1.061158084920335 11.039704112214821
    endloop
  endfacet
  facet normal 1 0 0
    outer loop
      vertex 8.9 12 3
      vertex 8.9 1.469308593135731 11.172320251361473
      vertex 8.9 1.2669696769372842 11.10066828318987
    endloop
  endfacet
  facet normal 1 0 0
    outer loop
      vertex 8.9 12 3
      vertex 8.9 1.6676202366107806 11.254463623665337
      vertex 8.9 1.469308593135731 11.172320251361473
    endloop
  endfacet
  facet normal 1 0 0
    outer loop
      vertex 8.9 12 3
      vertex 8.9 1.8613610489321417 11.346873250827691
      vertex 8.9 1.6676202366107806 11.254463623665337
    endloop
  endfacet
  facet normal 1 0 0
    outer loop
      vertex 8.9 12 3
      vertex 8.9 2.05 11.449295844483803
      vertex 8.9 1.8613610489321417 11.346873250827691
    endloop
  endfacet
  facet normal 1 0 0
    outer loop
      vertex 8.9 12 3
      vertex 8.9 2.233020043561611 11.561450671423762
      vertex 8.9 2.05 11.449295844483803
    endloop
  endfacet
  facet normal 1 0 0
    outer loop
      vertex 8.9 12 3
      vertex 8.9 2.4099195343991395 11.683030323062717
      vertex 8.9 2.233020043561611 11.561450671423762
    endloop
  endfacet
  facet normal 1 0 0
    outer loop
      vertex 8.9 12 3
      vertex 8.9 2.5802136033043332 11.81370155802642
      vertex 8.9 2.4099195343991395 11.683030323062717
    endloop
  endfacet
  facet normal 1 0 0
    outer loop
      vertex 8.9 12 3
      vertex 8.9 2.7434354860713186 11.953106215542684
      vertex 8.9 2.5802136033043332 11.81370155802642
    endloop
  endfacet
  facet normal 1 0 0
    outer loop
      vertex 8.9 12 3
      vertex 8.9 2.899137802864845 12.100862197135156
      vertex 8.9 2.7434354860713186 11.953106215542684
    endloop
  endfacet
  facet normal 1 0 0
    outer loop
      vertex 8.9 12 3
      vertex 8.9 3.0468937844573163 12.256564513928682
      vertex 8.9 2.899137802864845 12.100862197135156
    endloop
  endfacet
  facet normal 1 0 0
    outer loop
      vertex 8.9 12 3
      vertex 8.9 3.1862984419735803 12.419786396695667
      vertex 8.9 3.0468937844573163 12.256564513928682
    endloop
  endfacet
  facet normal 1 0 0
    outer loop
      vertex 8.9 12 3
      vertex 8.9 3.3169696769372843 12.59008046560086
      vertex 8.9 3.1862984419735803 12.419786396695667
    endloop
  endfacet
  facet normal 1 0 0
    outer loop
      vertex 8.9 12 3
      vertex 8.9 3.4385493285762383 12.766979956438389
      vertex 8.9 3.3169696769372843 12.59008046560086
    endloop
  endfacet
  facet normal 1 0 0
    outer loop
      vertex 8.9 12 3
      vertex 8.9 3.550704155516198 12.95
      vertex 8.9 3.4385493285762383 12.766979956438389
    endloop
  endfacet
  facet normal 1 0 0
    outer loop
      vertex 8.9 12 3
      vertex 8.9 3.653126749172308 13.138638951067858
      vertex 8.9 3.550704155516198 12.95
    endloop
  endfacet
  facet normal 1 0 0
    outer loop
      vertex 8.9 12 3
      vertex 8.9 3.7455363763346634 13.33237976338922
      vertex 8.9 3.653126749172308 13.138638951067858
    endloop
  endfacet
  facet normal 1 0 0
    outer loop
      vertex 8.9 12 3
      vertex 8.9 3.827679748638527 13.53069140686427
      vertex 8.9 3.7455363763346634 13.33237976338922
    endloop
  endfacet
  facet normal 1 0 0
    outer loop
      vertex 8.9 12 3
      vertex 8.9 3.899331716810129 13.733030323062716
      vertex 8.9 3.827679748638527 13.53069140686427
    endloop
  endfacet
  facet normal 1 0 0
    outer loop
      vertex 8.9 12 3
      vertex 8.9 3.96029588778518 13.938841915079665
      vertex 8.9 3.899331716810129 13.733030323062716
    endloop
  endfacet
  facet normal 1 0 0
    outer loop
      vertex 8.9 12 3
      vertex 8.9 4.010405163008603 14.147562067647186
      vertex 8.9 3.96029588778518 13.938841915079665
    endloop
  endfacet
  facet normal 1 0 0
    outer loop
      vertex 8.9 12 3
      vertex 8.9 4.049522196440065 14.358618693335053
      vertex 8.9 4.010405163008603 14.147562067647186
    endloop
  endfacet
  facet normal 1 0 0
    outer loop
      vertex 8.9 12 3
      vertex 8.9 4.07753977100992 14.57143330060262
      vertex 8.9 4.049522196440065 14.358618693335053
    endloop
  endfacet
  facet normal 1 0 0
    outer loop
      vertex 8.9 12 3
      vertex 8.9 4.0943810924937525 14.78542257940393
      vertex 8.9 4.07753977100992 14.57143330060262
    endloop
  endfacet
  facet normal 1 0 0
    outer loop
      vertex 8.9 12 3
      vertex 8.9 4.1 15
      vertex 8.9 4.0943810924937525 14.78542257940393
    endloop
  endfacet
  facet normal 1 0 0
    outer loop
      vertex 8.9 12 3
      vertex 8.9 4.0943810924937525 15.21457742059607
      vertex 8.9 4.1 15
    endloop
  endfacet
  facet normal 1 0 0
    outer loop
      vertex 8.9 12 3
      vertex 8.9 4.07753977100992 15.42856669939738
      vertex 8.9 4.0943810924937525 15.21457742059607
    endloop
  endfacet
  facet normal 0 0.9416657253579857 0.3365496422313044
    outer loop
      vertex 3.9000000000000004 12 4
      vertex 3.9000000000000004 7.095211241378733 17.723596416544282
      vertex 8.9 12 4
    endloop
  endfacet
  facet normal 1 0 0
    outer loop
      vertex 8.9 12 3
      vertex 8.9 12 4
      vertex 8.9 6.581793068761733 18.8
    endloop
  endfacet
  facet normal -1 0 0
    outer loop
      vertex 3.9000000000000004 12 4
      vertex 3.9000000000000004 3.827679748638527 16.469308593135732
      vertex 3.9000000000000004 3.7455363763346634 16.66762023661078
    endloop
  endfacet
  facet normal -1 0 0
    outer loop
      vertex 3.9000000000000004 12 4
      vertex 3.9000000000000004 3.7455363763346634 16.66762023661078
      vertex 3.9000000000000004 3.653126749172308 16.861361048932142
    endloop
  endfacet
  facet normal -1 0 0
    outer loop
      vertex 3.9000000000000004 12 4
      vertex 3.9000000000000004 3.653126749172308 16.861361048932142
      vertex 3.9000000000000004 3.550704155516198 17.05
    endloop
  endfacet
  facet normal -1 0 0
    outer loop
      vertex 3.9000000000000004 12 4
      vertex 3.9000000000000004 4.1 15
      vertex 3.9000000000000004 4.0943810924937525 15.21457742059607
    endloop
  endfacet
  facet normal -1 0 0
    outer loop
      vertex 3.9000000000000004 12 4
      vertex 3.9000000000000004 4.0943810924937525 15.21457742059607
      vertex 3.9000000000000004 4.07753977100992 15.42856669939738
    endloop
  endfacet
  facet normal -1 0 0
    outer loop
      vertex 3.9000000000000004 12 4
      vertex 3.9000000000000004 4.07753977100992 15.42856669939738
      vertex 3.9000000000000004 4.049522196440065 15.641381306664947
    endloop
  endfacet
  facet normal -1 0 0
    outer loop
      vertex 3.9000000000000004 12 4
      vertex 3.9000000000000004 4.010405163008603 15.852437932352814
      vertex 3.9000000000000004 3.96029588778518 16.061158084920336
    endloop
  endfacet
  facet normal -1 0 0
    outer loop
      vertex 3.9000000000000004 12 4
      vertex 3.9000000000000004 4.049522196440065 15.641381306664947
      vertex 3.9000000000000004 4.010405163008603 15.852437932352814
    endloop
  endfacet
  facet normal -1 0 0
    outer loop
      vertex 3.9000000000000004 12 4
      vertex 3.9000000000000004 3.96029588778518 16.061158084920336
      vertex 3.9000000000000004 3.899331716810129 16.266969676937283
    endloop
  endfacet
  facet normal -1 0 0
    outer loop
      vertex 3.9000000000000004 12 4
      vertex 3.9000000000000004 3.899331716810129 16.266969676937283
      vertex 3.9000000000000004 3.827679748638527 16.469308593135732
    endloop
  endfacet
  facet normal -1 0 0
    outer loop
      vertex 3.9000000000000004 12 4
      vertex 3.9000000000000004 3.550704155516198 17.05
      vertex 3.9000000000000004 3.4385493285762383 17.23302004356161
    endloop
  endfacet
  facet normal -1 0 0
    outer loop
      vertex 3.9000000000000004 12 4
      vertex 3.9000000000000004 3.4385493285762383 17.23302004356161
      vertex 3.9000000000000004 0 22.6
    endloop
  endfacet
  facet normal -1 0 0
    outer loop
      vertex 3.9000000000000004 12 4
      vertex 3.9000000000000004 0 22.6
      vertex 3.9000000000000004 6.581793068761733 18.8
    endloop
  endfacet
  facet normal -1 0 0
    outer loop
      vertex 3.9000000000000004 0 22.6
      vertex 3.9000000000000004 2.5802136033043332 18.18629844197358
      vertex 3.9000000000000004 2.4099195343991395 18.316969676937283
    endloop
  endfacet
  facet normal -1 0 0
    outer loop
      vertex 3.9000000000000004 0 22.6
      vertex 3.9000000000000004 2.7434354860713186 18.046893784457318
      vertex 3.9000000000000004 2.5802136033043332 18.18629844197358
    endloop
  endfacet
  facet normal -1 0 0
    outer loop
      vertex 3.9000000000000004 0 22.6
      vertex 3.9000000000000004 3.0468937844573163 17.74343548607132
      vertex 3.9000000000000004 2.899137802864845 17.899137802864846
    endloop
  endfacet
  facet normal -1 0 0
    outer loop
      vertex 3.9000000000000004 0 22.6
      vertex 3.9000000000000004 3.1862984419735803 17.580213603304333
      vertex 3.9000000000000004 3.0468937844573163 17.74343548607132
    endloop
  endfacet
  facet normal -1 0 0
    outer loop
      vertex 3.9000000000000004 0 22.6
      vertex 3.9000000000000004 3.3169696769372843 17.40991953439914
      vertex 3.9000000000000004 3.1862984419735803 17.580213603304333
    endloop
  endfacet
  facet normal -1 0 0
    outer loop
      vertex 3.9000000000000004 0 22.6
      vertex 3.9000000000000004 3.4385493285762383 17.23302004356161
      vertex 3.9000000000000004 3.3169696769372843 17.40991953439914
    endloop
  endfacet
  facet normal -1 0 0
    outer loop
      vertex 3.9000000000000004 0 22.6
      vertex 3.9000000000000004 2.899137802864845 17.899137802864846
      vertex 3.9000000000000004 2.7434354860713186 18.046893784457318
    endloop
  endfacet
  facet normal -1 0 0
    outer loop
      vertex 3.9000000000000004 0 22.6
      vertex 3.9000000000000004 0.2145774205960697 19.09438109249375
      vertex 3.9000000000000004 0 19.1
    endloop
  endfacet
  facet normal -1 0 0
    outer loop
      vertex 3.9000000000000004 0 22.6
      vertex 3.9000000000000004 0.4285666993973792 19.07753977100992
      vertex 3.9000000000000004 0.2145774205960697 19.09438109249375
    endloop
  endfacet
  facet normal -1 0 0
    outer loop
      vertex 3.9000000000000004 0 22.6
      vertex 3.9000000000000004 0.6413813066649465 19.049522196440066
      vertex 3.9000000000000004 0.4285666993973792 19.07753977100992
    endloop
  endfacet
  facet normal -1 0 0
    outer loop
      vertex 3.9000000000000004 0 22.6
      vertex 3.9000000000000004 1.469308593135731 18.827679748638527
      vertex 3.9000000000000004 1.2669696769372842 18.899331716810128
    endloop
  endfacet
  facet normal -1 0 0
    outer loop
      vertex 3.9000000000000004 0 22.6
      vertex 3.9000000000000004 0.8524379323528132 19.010405163008603
      vertex 3.9000000000000004 0.6413813066649465 19.049522196440066
    endloop
  endfacet
  facet normal -1 0 0
    outer loop
      vertex 3.9000000000000004 0 22.6
      vertex 3.9000000000000004 1.061158084920335 18.96029588778518
      vertex 3.9000000000000004 0.8524379323528132 19.010405163008603
    endloop
  endfacet
  facet normal -1 0 0
    outer loop
      vertex 3.9000000000000004 0 22.6
      vertex 3.9000000000000004 1.2669696769372842 18.899331716810128
      vertex 3.9000000000000004 1.061158084920335 18.96029588778518
    endloop
  endfacet
  facet normal -1 0 0
    outer loop
      vertex 3.9000000000000004 0 22.6
      vertex 3.9000000000000004 1.6676202366107806 18.745536376334663
      vertex 3.9000000000000004 1.469308593135731 18.827679748638527
    endloop
  endfacet
  facet normal -1 0 0
    outer loop
      vertex 3.9000000000000004 0 22.6
      vertex 3.9000000000000004 2.05 18.550704155516197
      vertex 3.9000000000000004 1.8613610489321417 18.65312674917231
    endloop
  endfacet
  facet normal -1 0 0
    outer loop
      vertex 3.9000000000000004 0 22.6
      vertex 3.9000000000000004 1.8613610489321417 18.65312674917231
      vertex 3.9000000000000004 1.6676202366107806 18.745536376334663
    endloop
  endfacet
  facet normal -1 0 0
    outer loop
      vertex 3.9000000000000004 0 22.6
      vertex 3.9000000000000004 2.233020043561611 18.438549328576237
      vertex 3.9000000000000004 2.05 18.550704155516197
    endloop
  endfacet
  facet normal -1 0 0
    outer loop
      vertex 3.9000000000000004 0 22.6
      vertex 3.9000000000000004 2.4099195343991395 18.316969676937283
      vertex 3.9000000000000004 2.233020043561611 18.438549328576237
    endloop
  endfacet
  facet normal -1 0 0
    outer loop
      vertex 3.9000000000000004 0 22.6
      vertex 3.9000000000000004 0.3977532674463731 22.58958446413476
      vertex 3.9000000000000004 0.7944163208341664 22.558366404798875
    endloop
  endfacet
  facet normal -1 0 0
    outer loop
      vertex 3.9000000000000004 0 22.6
      vertex 3.9000000000000004 0.7944163208341664 22.558366404798875
      vertex 3.9000000000000004 1.1889019343057545 22.506431388523048
    endloop
  endfacet
  facet normal -1 0 0
    outer loop
      vertex 3.9000000000000004 0 22.6
      vertex 3.9000000000000004 1.1889019343057545 22.506431388523048
      vertex 3.9000000000000004 1.9670247427791576 22.341036279796917
    endloop
  endfacet
  facet normal -1 0 0
    outer loop
      vertex 3.9000000000000004 1.1889019343057545 22.506431388523048
      vertex 3.9000000000000004 1.5801288502149708 22.433921765576923
      vertex 3.9000000000000004 1.9670247427791576 22.341036279796917
    endloop
  endfacet
  facet normal -1 0 0
    outer loop
      vertex 3.9000000000000004 0 22.6
      vertex 3.9000000000000004 3.8 21.581793068761733
      vertex 3.9000000000000004 6.581793068761733 18.8
    endloop
  endfacet
  facet normal -1 0 0
    outer loop
      vertex 3.9000000000000004 0 22.6
      vertex 3.9000000000000004 1.9670247427791576 22.341036279796917
      vertex 3.9000000000000004 3.8 21.581793068761733
    endloop
  endfacet
  facet normal -1 0 0
    outer loop
      vertex 3.9000000000000004 1.9670247427791576 22.341036279796917
      vertex 3.9000000000000004 2.3485291572496 22.228029523843166
      vertex 3.9000000000000004 2.723596416544282 22.095211241378735
    endloop
  endfacet
  facet normal -1 0 0
    outer loop
      vertex 3.9000000000000004 2.723596416544282 22.095211241378735
      vertex 3.9000000000000004 3.4503277980205556 21.771649583831596
      vertex 3.9000000000000004 3.8 21.581793068761733
    endloop
  endfacet
  facet normal -1 0 0
    outer loop
      vertex 3.9000000000000004 1.9670247427791576 22.341036279796917
      vertex 3.9000000000000004 2.723596416544282 22.095211241378735
      vertex 3.9000000000000004 3.8 21.581793068761733
    endloop
  endfacet
  facet normal -1 0 0
    outer loop
      vertex 3.9000000000000004 2.723596416544282 22.095211241378735
      vertex 3.9000000000000004 3.0911984873760816 21.942945478083764
      vertex 3.9000000000000004 3.4503277980205556 21.771649583831596
    endloop
  endfacet
  facet normal -1 0 0
    outer loop
      vertex 3.9000000000000004 6.942945478083766 18.091198487376083
      vertex 3.9000000000000004 7.095211241378733 17.723596416544282
      vertex 3.9000000000000004 6.581793068761733 18.8
    endloop
  endfacet
  facet normal -1 0 0
    outer loop
      vertex 3.9000000000000004 6.1485291572496 19.467167917422795
      vertex 3.9000000000000004 6.581793068761733 18.8
      vertex 3.9000000000000004 5.374011537017761 20.37401153701776
    endloop
  endfacet
  facet normal -1 0 0
    outer loop
      vertex 3.9000000000000004 6.373896316385222 19.139256666114207
      vertex 3.9000000000000004 6.581793068761733 18.8
      vertex 3.9000000000000004 6.1485291572496 19.467167917422795
    endloop
  endfacet
  facet normal -1 0 0
    outer loop
      vertex 3.9000000000000004 6.942945478083766 18.091198487376083
      vertex 3.9000000000000004 6.581793068761733 18.8
      vertex 3.9000000000000004 6.7716495838315955 18.450327798020556
    endloop
  endfacet
  facet normal -1 0 0
    outer loop
      vertex 3.9000000000000004 5.374011537017761 20.37401153701776
      vertex 3.9000000000000004 3.8 21.581793068761733
      vertex 3.9000000000000004 4.7828349719787635 20.90630930707298
    endloop
  endfacet
  facet normal -1 0 0
    outer loop
      vertex 3.9000000000000004 6.581793068761733 18.8
      vertex 3.9000000000000004 3.8 21.581793068761733
      vertex 3.9000000000000004 5.374011537017761 20.37401153701776
    endloop
  endfacet
  facet normal -1 0 0
    outer loop
      vertex 3.9000000000000004 5.374011537017761 20.37401153701776
      vertex 3.9000000000000004 4.7828349719787635 20.90630930707298
      vertex 3.9000000000000004 5.085392608327322 20.647900673628197
    endloop
  endfacet
  facet normal -1 0 0
    outer loop
      vertex 3.9000000000000004 4.467167917422795 21.148529157249598
      vertex 3.9000000000000004 3.8 21.581793068761733
      vertex 3.9000000000000004 4.139256666114206 21.37389631638522
    endloop
  endfacet
  facet normal -1 0 0
    outer loop
      vertex 3.9000000000000004 4.467167917422795 21.148529157249598
      vertex 3.9000000000000004 4.7828349719787635 20.90630930707298
      vertex 3.9000000000000004 3.8 21.581793068761733
    endloop
  endfacet
  facet normal -1 0 0
    outer loop
      vertex 3.9000000000000004 6.1485291572496 19.467167917422795
      vertex 3.9000000000000004 5.374011537017761 20.37401153701776
      vertex 3.9000000000000004 5.906309307072979 19.782834971978765
    endloop
  endfacet
  facet normal -1 0 0
    outer loop
      vertex 3.9000000000000004 5.374011537017761 20.37401153701776
      vertex 3.9000000000000004 5.647900673628196 20.08539260832732
      vertex 3.9000000000000004 5.906309307072979 19.782834971978765
    endloop
  endfacet
  facet normal -1 0 0
    outer loop
      vertex 3.9000000000000004 12 4
      vertex 3.9000000000000004 6.581793068761733 18.8
      vertex 3.9000000000000004 7.095211241378733 17.723596416544282
    endloop
  endfacet
  facet normal 1 0 0
    outer loop
      vertex 8.9 12 3
      vertex 8.9 4.049522196440065 15.641381306664947
      vertex 8.9 4.07753977100992 15.42856669939738
    endloop
  endfacet
  facet normal 1 0 0
    outer loop
      vertex 8.9 12 3
      vertex 8.9 3.96029588778518 16.061158084920336
      vertex 8.9 4.010405163008603 15.852437932352814
    endloop
  endfacet
  facet normal 1 0 0
    outer loop
      vertex 8.9 12 3
      vertex 8.9 4.010405163008603 15.852437932352814
      vertex 8.9 4.049522196440065 15.641381306664947
    endloop
  endfacet
  facet normal 2.162803199255619e-19 0.026176948307881847 0.999657324975557
    outer loop
      vertex 3.9000000000000004 0 22.6
      vertex 8.9 0.3977532674463731 22.58958446413476
      vertex 3.9000000000000004 0.3977532674463731 22.58958446413476
    endloop
  endfacet
  facet normal 0 0.07845909572784629 0.9969173337331279
    outer loop
      vertex 3.9000000000000004 0.3977532674463731 22.58958446413476
      vertex 8.9 0.3977532674463731 22.58958446413476
      vertex 3.9000000000000004 0.7944163208341664 22.558366404798875
    endloop
  endfacet
  facet normal -7.863836816609407e-19 0.13052619222004308 0.9914448613738115
    outer loop
      vertex 3.9000000000000004 0.7944163208341664 22.558366404798875
      vertex 8.9 1.1889019343057545 22.506431388523048
      vertex 3.9000000000000004 1.1889019343057545 22.506431388523048
    endloop
  endfacet
  facet normal -7.314376881121411e-19 0.18223552549215036 0.983254907563954
    outer loop
      vertex 3.9000000000000004 1.1889019343057545 22.506431388523048
      vertex 8.9 1.5801288502149708 22.433921765576923
      vertex 3.9000000000000004 1.5801288502149708 22.433921765576923
    endloop
  endfacet
  facet normal 0 0.2334453638559092 0.9723699203976757
    outer loop
      vertex 3.9000000000000004 1.5801288502149708 22.433921765576923
      vertex 8.9 1.5801288502149708 22.433921765576923
      vertex 3.9000000000000004 1.9670247427791576 22.341036279796917
    endloop
  endfacet
  facet normal 1.117776900007038e-18 0.28401534470392203 0.9588197348681933
    outer loop
      vertex 3.9000000000000004 1.9670247427791576 22.341036279796917
      vertex 8.9 2.3485291572496 22.228029523843166
      vertex 3.9000000000000004 2.3485291572496 22.228029523843166
    endloop
  endfacet
  facet normal 0 0.3338068592337641 0.9426414910921808
    outer loop
      vertex 3.9000000000000004 2.3485291572496 22.228029523843166
      vertex 8.9 2.3485291572496 22.228029523843166
      vertex 3.9000000000000004 2.723596416544282 22.095211241378735
    endloop
  endfacet
  facet normal -5.650635562702371e-19 0.43051109680828914 0.9025852843498635
    outer loop
      vertex 3.9000000000000004 3.4503277980205556 21.771649583831596
      vertex 3.9000000000000004 3.0911984873760816 21.942945478083764
      vertex 8.9 3.0911984873760816 21.942945478083764
    endloop
  endfacet
  facet normal 2.0339048027041545e-18 0.47715876025961046 0.8788171126619643
    outer loop
      vertex 3.9000000000000004 3.4503277980205556 21.771649583831596
      vertex 8.9 3.8 21.581793068761733
      vertex 3.9000000000000004 3.8 21.581793068761733
    endloop
  endfacet
  facet normal -1.099403858276039e-18 0.38268343236509755 0.9238795325112835
    outer loop
      vertex 3.9000000000000004 2.723596416544282 22.095211241378735
      vertex 8.9 3.0911984873760816 21.942945478083764
      vertex 3.9000000000000004 3.0911984873760816 21.942945478083764
    endloop
  endfacet
  facet normal 0 0.9025852843498605 0.43051109680829547
    outer loop
      vertex 3.9000000000000004 6.942945478083766 18.091198487376083
      vertex 3.9000000000000004 6.7716495838315955 18.450327798020556
      vertex 8.9 6.942945478083766 18.091198487376083
    endloop
  endfacet
  facet normal 1.4196689425695787e-18 0.9238795325112871 0.38268343236508917
    outer loop
      vertex 3.9000000000000004 6.942945478083766 18.091198487376083
      vertex 8.9 7.095211241378733 17.723596416544282
      vertex 3.9000000000000004 7.095211241378733 17.723596416544282
    endloop
  endfacet
  facet normal 0 0.8526401643540924 0.5224985647159486
    outer loop
      vertex 3.9000000000000004 6.373896316385222 19.139256666114207
      vertex 8.9 6.373896316385222 19.139256666114207
      vertex 3.9000000000000004 6.581793068761733 18.8
    endloop
  endfacet
  facet normal 0 0.7933533402912369 0.6087614290087183
    outer loop
      vertex 3.9000000000000004 6.1485291572496 19.467167917422795
      vertex 3.9000000000000004 5.906309307072979 19.782834971978765
      vertex 8.9 6.1485291572496 19.467167917422795
    endloop
  endfacet
  facet normal 0 0.8241261886220143 0.5664062369248348
    outer loop
      vertex 3.9000000000000004 6.373896316385222 19.139256666114207
      vertex 3.9000000000000004 6.1485291572496 19.467167917422795
      vertex 8.9 6.373896316385222 19.139256666114207
    endloop
  endfacet
  facet normal -2.8238840820032445e-18 0.8788171126619655 0.47715876025960824
    outer loop
      vertex 3.9000000000000004 6.7716495838315955 18.450327798020556
      vertex 3.9000000000000004 6.581793068761733 18.8
      vertex 8.9 6.581793068761733 18.8
    endloop
  endfacet
  facet normal 0 0.6087614290087149 0.7933533402912396
    outer loop
      vertex 3.9000000000000004 4.467167917422795 21.148529157249598
      vertex 8.9 4.467167917422795 21.148529157249598
      vertex 3.9000000000000004 4.7828349719787635 20.90630930707298
    endloop
  endfacet
  facet normal 0 0.7253743710122893 0.6883545756937522
    outer loop
      vertex 3.9000000000000004 5.374011537017761 20.37401153701776
      vertex 8.9 5.374011537017761 20.37401153701776
      vertex 3.9000000000000004 5.647900673628196 20.08539260832732
    endloop
  endfacet
  facet normal 0 0.6494480483301843 0.7604059656000304
    outer loop
      vertex 3.9000000000000004 5.085392608327322 20.647900673628197
      vertex 3.9000000000000004 4.7828349719787635 20.90630930707298
      vertex 8.9 5.085392608327322 20.647900673628197
    endloop
  endfacet
  facet normal 2.7834934143258083e-18 0.6883545756937546 0.7253743710122872
    outer loop
      vertex 3.9000000000000004 5.374011537017761 20.37401153701776
      vertex 3.9000000000000004 5.085392608327322 20.647900673628197
      vertex 8.9 5.085392608327322 20.647900673628197
    endloop
  endfacet
  facet normal -9.497320065837524e-19 0.5224985647159518 0.8526401643540904
    outer loop
      vertex 3.9000000000000004 4.139256666114206 21.37389631638522
      vertex 3.9000000000000004 3.8 21.581793068761733
      vertex 8.9 3.8 21.581793068761733
    endloop
  endfacet
  facet normal 0 0.5664062369248337 0.8241261886220149
    outer loop
      vertex 3.9000000000000004 4.467167917422795 21.148529157249598
      vertex 3.9000000000000004 4.139256666114206 21.37389631638522
      vertex 8.9 4.467167917422795 21.148529157249598
    endloop
  endfacet
  facet normal 0 0.7604059656000286 0.6494480483301863
    outer loop
      vertex 3.9000000000000004 5.647900673628196 20.08539260832732
      vertex 8.9 5.647900673628196 20.08539260832732
      vertex 3.9000000000000004 5.906309307072979 19.782834971978765
    endloop
  endfacet
  facet normal 1 0 0
    outer loop
      vertex 8.9 -4.7828349719787635 20.90630930707298
      vertex 8.9 0.2145774205960697 19.09438109249375
      vertex 8.9 6.581793068761733 18.8
    endloop
  endfacet
  facet normal 1 0 0
    outer loop
      vertex 8.9 6.581793068761733 18.8
      vertex 8.9 0.2145774205960697 19.09438109249375
      vertex 8.9 0.4285666993973792 19.07753977100992
    endloop
  endfacet
  facet normal 1 0 0
    outer loop
      vertex 8.9 6.581793068761733 18.8
      vertex 8.9 0.4285666993973792 19.07753977100992
      vertex 8.9 0.6413813066649465 19.049522196440066
    endloop
  endfacet
  facet normal 1 0 0
    outer loop
      vertex 8.9 6.581793068761733 18.8
      vertex 8.9 0.6413813066649465 19.049522196440066
      vertex 8.9 0.8524379323528132 19.010405163008603
    endloop
  endfacet
  facet normal 1 0 0
    outer loop
      vertex 8.9 6.581793068761733 18.8
      vertex 8.9 1.061158084920335 18.96029588778518
      vertex 8.9 1.2669696769372842 18.899331716810128
    endloop
  endfacet
  facet normal 1 0 0
    outer loop
      vertex 8.9 6.581793068761733 18.8
      vertex 8.9 0.8524379323528132 19.010405163008603
      vertex 8.9 1.061158084920335 18.96029588778518
    endloop
  endfacet
  facet normal 1 0 0
    outer loop
      vertex 8.9 6.581793068761733 18.8
      vertex 8.9 1.2669696769372842 18.899331716810128
      vertex 8.9 1.469308593135731 18.827679748638527
    endloop
  endfacet
  facet normal 1 0 0
    outer loop
      vertex 8.9 6.581793068761733 18.8
      vertex 8.9 1.469308593135731 18.827679748638527
      vertex 8.9 1.6676202366107806 18.745536376334663
    endloop
  endfacet
  facet normal 1 0 0
    outer loop
      vertex 8.9 6.581793068761733 18.8
      vertex 8.9 1.8613610489321417 18.65312674917231
      vertex 8.9 2.05 18.550704155516197
    endloop
  endfacet
  facet normal 1 0 0
    outer loop
      vertex 8.9 6.581793068761733 18.8
      vertex 8.9 2.233020043561611 18.438549328576237
      vertex 8.9 2.4099195343991395 18.316969676937283
    endloop
  endfacet
  facet normal 1 0 0
    outer loop
      vertex 8.9 6.581793068761733 18.8
      vertex 8.9 2.05 18.550704155516197
      vertex 8.9 2.233020043561611 18.438549328576237
    endloop
  endfacet
  facet normal 1 0 0
    outer loop
      vertex 8.9 6.581793068761733 18.8
      vertex 8.9 1.6676202366107806 18.745536376334663
      vertex 8.9 1.8613610489321417 18.65312674917231
    endloop
  endfacet
  facet normal 0 0.026176948307881847 0.999657324975557
    outer loop
      vertex 3.9000000000000004 0 22.6
      vertex 8.9 0 22.6
      vertex 8.9 0.3977532674463731 22.58958446413476
    endloop
  endfacet
  facet normal 0 0.07845909572784629 0.9969173337331279
    outer loop
      vertex 3.9000000000000004 0.7944163208341664 22.558366404798875
      vertex 8.9 0.3977532674463731 22.58958446413476
      vertex 8.9 0.7944163208341664 22.558366404798875
    endloop
  endfacet
  facet normal 0 0.13052619222004308 0.9914448613738115
    outer loop
      vertex 3.9000000000000004 0.7944163208341664 22.558366404798875
      vertex 8.9 0.7944163208341664 22.558366404798875
      vertex 8.9 1.1889019343057545 22.506431388523048
    endloop
  endfacet
  facet normal 0 0.18223552549215036 0.983254907563954
    outer loop
      vertex 3.9000000000000004 1.1889019343057545 22.506431388523048
      vertex 8.9 1.1889019343057545 22.506431388523048
      vertex 8.9 1.5801288502149708 22.433921765576923
    endloop
  endfacet
  facet normal 0 0.2334453638559092 0.9723699203976757
    outer loop
      vertex 3.9000000000000004 1.9670247427791576 22.341036279796917
      vertex 8.9 1.5801288502149708 22.433921765576923
      vertex 8.9 1.9670247427791576 22.341036279796917
    endloop
  endfacet
  facet normal 0 0.28401534470392203 0.9588197348681933
    outer loop
      vertex 3.9000000000000004 1.9670247427791576 22.341036279796917
      vertex 8.9 1.9670247427791576 22.341036279796917
      vertex 8.9 2.3485291572496 22.228029523843166
    endloop
  endfacet
  facet normal 0 0.3338068592337641 0.9426414910921808
    outer loop
      vertex 3.9000000000000004 2.723596416544282 22.095211241378735
      vertex 8.9 2.3485291572496 22.228029523843166
      vertex 8.9 2.723596416544282 22.095211241378735
    endloop
  endfacet
  facet normal 0 0.43051109680828914 0.9025852843498635
    outer loop
      vertex 3.9000000000000004 3.4503277980205556 21.771649583831596
      vertex 8.9 3.0911984873760816 21.942945478083764
      vertex 8.9 3.4503277980205556 21.771649583831596
    endloop
  endfacet
  facet normal 0 0.47715876025961046 0.8788171126619643
    outer loop
      vertex 3.9000000000000004 3.4503277980205556 21.771649583831596
      vertex 8.9 3.4503277980205556 21.771649583831596
      vertex 8.9 3.8 21.581793068761733
    endloop
  endfacet
  facet normal 0 0.38268343236509755 0.9238795325112835
    outer loop
      vertex 3.9000000000000004 2.723596416544282 22.095211241378735
      vertex 8.9 2.723596416544282 22.095211241378735
      vertex 8.9 3.0911984873760816 21.942945478083764
    endloop
  endfacet
  facet normal 1 0 0
    outer loop
      vertex 8.9 -4.7828349719787635 20.90630930707298
      vertex 8.9 6.581793068761733 18.8
      vertex 8.9 1.5801288502149708 22.433921765576923
    endloop
  endfacet
  facet normal 1 0 0
    outer loop
      vertex 8.9 -1.5801288502149708 22.433921765576923
      vertex 8.9 1.5801288502149708 22.433921765576923
      vertex 8.9 0 22.6
    endloop
  endfacet
  facet normal 1 0 0
    outer loop
      vertex 8.9 0 22.6
      vertex 8.9 0.7944163208341664 22.558366404798875
      vertex 8.9 0.3977532674463731 22.58958446413476
    endloop
  endfacet
  facet normal 1 0 0
    outer loop
      vertex 8.9 0 22.6
      vertex 8.9 1.5801288502149708 22.433921765576923
      vertex 8.9 0.7944163208341664 22.558366404798875
    endloop
  endfacet
  facet normal 1 0 0
    outer loop
      vertex 8.9 0.7944163208341664 22.558366404798875
      vertex 8.9 1.5801288502149708 22.433921765576923
      vertex 8.9 1.1889019343057545 22.506431388523048
    endloop
  endfacet
  facet normal 1 0 0
    outer loop
      vertex 8.9 1.5801288502149708 22.433921765576923
      vertex 8.9 3.0911984873760816 21.942945478083764
      vertex 8.9 2.3485291572496 22.228029523843166
    endloop
  endfacet
  facet normal 1 0 0
    outer loop
      vertex 8.9 1.5801288502149708 22.433921765576923
      vertex 8.9 2.3485291572496 22.228029523843166
      vertex 8.9 1.9670247427791576 22.341036279796917
    endloop
  endfacet
  facet normal 1 0 0
    outer loop
      vertex 8.9 2.3485291572496 22.228029523843166
      vertex 8.9 3.0911984873760816 21.942945478083764
      vertex 8.9 2.723596416544282 22.095211241378735
    endloop
  endfacet
  facet normal 1 0 0
    outer loop
      vertex 8.9 1.5801288502149708 22.433921765576923
      vertex 8.9 4.467167917422795 21.148529157249598
      vertex 8.9 3.0911984873760816 21.942945478083764
    endloop
  endfacet
  facet normal 1 0 0
    outer loop
      vertex 8.9 3.4503277980205556 21.771649583831596
      vertex 8.9 3.0911984873760816 21.942945478083764
      vertex 8.9 3.8 21.581793068761733
    endloop
  endfacet
  facet normal 0 0.9238795325112871 0.38268343236508917
    outer loop
      vertex 3.9000000000000004 6.942945478083766 18.091198487376083
      vertex 8.9 6.942945478083766 18.091198487376083
      vertex 8.9 7.095211241378733 17.723596416544282
    endloop
  endfacet
  facet normal 0 0.9025852843498605 0.43051109680829547
    outer loop
      vertex 3.9000000000000004 6.7716495838315955 18.450327798020556
      vertex 8.9 6.7716495838315955 18.450327798020556
      vertex 8.9 6.942945478083766 18.091198487376083
    endloop
  endfacet
  facet normal 0 0.8526401643540924 0.5224985647159486
    outer loop
      vertex 3.9000000000000004 6.581793068761733 18.8
      vertex 8.9 6.373896316385222 19.139256666114207
      vertex 8.9 6.581793068761733 18.8
    endloop
  endfacet
  facet normal 0 0.7933533402912369 0.6087614290087183
    outer loop
      vertex 3.9000000000000004 5.906309307072979 19.782834971978765
      vertex 8.9 5.906309307072979 19.782834971978765
      vertex 8.9 6.1485291572496 19.467167917422795
    endloop
  endfacet
  facet normal 0 0.8241261886220143 0.5664062369248348
    outer loop
      vertex 3.9000000000000004 6.1485291572496 19.467167917422795
      vertex 8.9 6.1485291572496 19.467167917422795
      vertex 8.9 6.373896316385222 19.139256666114207
    endloop
  endfacet
  facet normal 0 0.8788171126619655 0.47715876025960824
    outer loop
      vertex 3.9000000000000004 6.7716495838315955 18.450327798020556
      vertex 8.9 6.581793068761733 18.8
      vertex 8.9 6.7716495838315955 18.450327798020556
    endloop
  endfacet
  facet normal 1 0 0
    outer loop
      vertex 8.9 6.581793068761733 18.8
      vertex 8.9 3.653126749172308 16.861361048932142
      vertex 8.9 3.7455363763346634 16.66762023661078
    endloop
  endfacet
  facet normal 1 0 0
    outer loop
      vertex 8.9 6.581793068761733 18.8
      vertex 8.9 3.550704155516198 17.05
      vertex 8.9 3.653126749172308 16.861361048932142
    endloop
  endfacet
  facet normal 1 0 0
    outer loop
      vertex 8.9 6.581793068761733 18.8
      vertex 8.9 2.5802136033043332 18.18629844197358
      vertex 8.9 2.7434354860713186 18.046893784457318
    endloop
  endfacet
  facet normal 1 0 0
    outer loop
      vertex 8.9 6.581793068761733 18.8
      vertex 8.9 2.899137802864845 17.899137802864846
      vertex 8.9 3.0468937844573163 17.74343548607132
    endloop
  endfacet
  facet normal 1 0 0
    outer loop
      vertex 8.9 6.581793068761733 18.8
      vertex 8.9 2.7434354860713186 18.046893784457318
      vertex 8.9 2.899137802864845 17.899137802864846
    endloop
  endfacet
  facet normal 1 0 0
    outer loop
      vertex 8.9 6.581793068761733 18.8
      vertex 8.9 3.3169696769372843 17.40991953439914
      vertex 8.9 3.4385493285762383 17.23302004356161
    endloop
  endfacet
  facet normal 1 0 0
    outer loop
      vertex 8.9 6.581793068761733 18.8
      vertex 8.9 3.1862984419735803 17.580213603304333
      vertex 8.9 3.3169696769372843 17.40991953439914
    endloop
  endfacet
  facet normal 1 0 0
    outer loop
      vertex 8.9 6.581793068761733 18.8
      vertex 8.9 3.4385493285762383 17.23302004356161
      vertex 8.9 3.550704155516198 17.05
    endloop
  endfacet
  facet normal 1 0 0
    outer loop
      vertex 8.9 6.581793068761733 18.8
      vertex 8.9 3.0468937844573163 17.74343548607132
      vertex 8.9 3.1862984419735803 17.580213603304333
    endloop
  endfacet
  facet normal 1 0 0
    outer loop
      vertex 8.9 6.581793068761733 18.8
      vertex 8.9 3.899331716810129 16.266969676937283
      vertex 8.9 3.96029588778518 16.061158084920336
    endloop
  endfacet
  facet normal 1 0 0
    outer loop
      vertex 8.9 6.581793068761733 18.8
      vertex 8.9 3.827679748638527 16.469308593135732
      vertex 8.9 3.899331716810129 16.266969676937283
    endloop
  endfacet
  facet normal 1 0 0
    outer loop
      vertex 8.9 6.581793068761733 18.8
      vertex 8.9 3.7455363763346634 16.66762023661078
      vertex 8.9 3.827679748638527 16.469308593135732
    endloop
  endfacet
  facet normal 1 0 0
    outer loop
      vertex 8.9 6.581793068761733 18.8
      vertex 8.9 2.4099195343991395 18.316969676937283
      vertex 8.9 2.5802136033043332 18.18629844197358
    endloop
  endfacet
  facet normal 1 0 0
    outer loop
      vertex 8.9 6.942945478083766 18.091198487376083
      vertex 8.9 6.581793068761733 18.8
      vertex 8.9 7.095211241378733 17.723596416544282
    endloop
  endfacet
  facet normal 1 0 0
    outer loop
      vertex 8.9 6.373896316385222 19.139256666114207
      vertex 8.9 6.1485291572496 19.467167917422795
      vertex 8.9 6.581793068761733 18.8
    endloop
  endfacet
  facet normal 1 0 0
    outer loop
      vertex 8.9 6.1485291572496 19.467167917422795
      vertex 8.9 5.647900673628196 20.08539260832732
      vertex 8.9 6.581793068761733 18.8
    endloop
  endfacet
  facet normal 1 0 0
    outer loop
      vertex 8.9 6.942945478083766 18.091198487376083
      vertex 8.9 6.7716495838315955 18.450327798020556
      vertex 8.9 6.581793068761733 18.8
    endloop
  endfacet
  facet normal 0 0.6087614290087149 0.7933533402912396
    outer loop
      vertex 3.9000000000000004 4.7828349719787635 20.90630930707298
      vertex 8.9 4.467167917422795 21.148529157249598
      vertex 8.9 4.7828349719787635 20.90630930707298
    endloop
  endfacet
  facet normal 0 0.6883545756937546 0.7253743710122872
    outer loop
      vertex 3.9000000000000004 5.374011537017761 20.37401153701776
      vertex 8.9 5.085392608327322 20.647900673628197
      vertex 8.9 5.374011537017761 20.37401153701776
    endloop
  endfacet
  facet normal 0 0.7253743710122893 0.6883545756937522
    outer loop
      vertex 3.9000000000000004 5.647900673628196 20.08539260832732
      vertex 8.9 5.374011537017761 20.37401153701776
      vertex 8.9 5.647900673628196 20.08539260832732
    endloop
  endfacet
  facet normal 0 0.6494480483301843 0.7604059656000304
    outer loop
      vertex 3.9000000000000004 4.7828349719787635 20.90630930707298
      vertex 8.9 4.7828349719787635 20.90630930707298
      vertex 8.9 5.085392608327322 20.647900673628197
    endloop
  endfacet
  facet normal 0 0.5224985647159518 0.8526401643540904
    outer loop
      vertex 3.9000000000000004 4.139256666114206 21.37389631638522
      vertex 8.9 3.8 21.581793068761733
      vertex 8.9 4.139256666114206 21.37389631638522
    endloop
  endfacet
  facet normal 0 0.5664062369248337 0.8241261886220149
    outer loop
      vertex 3.9000000000000004 4.139256666114206 21.37389631638522
      vertex 8.9 4.139256666114206 21.37389631638522
      vertex 8.9 4.467167917422795 21.148529157249598
    endloop
  endfacet
  facet normal 0 0.7604059656000286 0.6494480483301863
    outer loop
      vertex 3.9000000000000004 5.906309307072979 19.782834971978765
      vertex 8.9 5.647900673628196 20.08539260832732
      vertex 8.9 5.906309307072979 19.782834971978765
    endloop
  endfacet
  facet normal 1 0 0
    outer loop
      vertex 8.9 1.5801288502149708 22.433921765576923
      vertex 8.9 6.581793068761733 18.8
      vertex 8.9 4.467167917422795 21.148529157249598
    endloop
  endfacet
  facet normal 1 0 0
    outer loop
      vertex 8.9 6.581793068761733 18.8
      vertex 8.9 5.647900673628196 20.08539260832732
      vertex 8.9 4.467167917422795 21.148529157249598
    endloop
  endfacet
  facet normal 1 0 0
    outer loop
      vertex 8.9 5.374011537017761 20.37401153701776
      vertex 8.9 5.085392608327322 20.647900673628197
      vertex 8.9 5.647900673628196 20.08539260832732
    endloop
  endfacet
  facet normal 1 0 0
    outer loop
      vertex 8.9 4.467167917422795 21.148529157249598
      vertex 8.9 5.647900673628196 20.08539260832732
      vertex 8.9 5.085392608327322 20.647900673628197
    endloop
  endfacet
  facet normal 1 0 0
    outer loop
      vertex 8.9 4.467167917422795 21.148529157249598
      vertex 8.9 5.085392608327322 20.647900673628197
      vertex 8.9 4.7828349719787635 20.90630930707298
    endloop
  endfacet
  facet normal 1 0 0
    outer loop
      vertex 8.9 4.467167917422795 21.148529157249598
      vertex 8.9 4.139256666114206 21.37389631638522
      vertex 8.9 3.8 21.581793068761733
    endloop
  endfacet
  facet normal 1 0 0
    outer loop
      vertex 8.9 3.0911984873760816 21.942945478083764
      vertex 8.9 4.467167917422795 21.148529157249598
      vertex 8.9 3.8 21.581793068761733
    endloop
  endfacet
  facet normal 1 0 0
    outer loop
      vertex 8.9 6.1485291572496 19.467167917422795
      vertex 8.9 5.906309307072979 19.782834971978765
      vertex 8.9 5.647900673628196 20.08539260832732
    endloop
  endfacet
  facet normal 3.062005112304761e-17 0.9416657253579857 0.3365496422313044
    outer loop
      vertex 8.9 12 4
      vertex 3.9000000000000004 7.095211241378733 17.723596416544282
      vertex 8.9 7.095211241378733 17.723596416544282
    endloop
  endfacet
  facet normal 1 0 0
    outer loop
      vertex 8.9 12 3
      vertex 8.9 6.581793068761733 18.8
      vertex 8.9 3.96029588778518 16.061158084920336
    endloop
  endfacet
  facet normal 1 0 0
    outer loop
      vertex 8.9 12 4
      vertex 8.9 7.095211241378733 17.723596416544282
      vertex 8.9 6.581793068761733 18.8
    endloop
  endfacet
  facet normal -1 0 0
    outer loop
      vertex -8.9 -15 0
      vertex -8.9 -15 4
      vertex -8.9 -12 3
    endloop
  endfacet
  facet normal -1 0 0
    outer loop
      vertex -8.9 -15 4
      vertex -8.9 -12 4
      vertex -8.9 -12 3
    endloop
  endfacet
  facet normal 0 0 1
    outer loop
      vertex -8.9 -15 4
      vertex -3.9000000000000004 -12 4
      vertex -8.9 -12 4
    endloop
  endfacet
  facet normal 0 0 1
    outer loop
      vertex -8.9 -15 4
      vertex -1.2727922061357857 -12.272792206135787 4
      vertex -3.9000000000000004 -12 4
    endloop
  endfacet
  facet normal -1 0 0
    outer loop
      vertex -8.9 -15 0
      vertex -8.9 -12 3
      vertex -8.9 12 3
    endloop
  endfacet
  facet normal 0 0 -1
    outer loop
      vertex -8.9 -15 0
      vertex -1.3376606858593096 -12.204435091445944 0
      vertex -1.2727922061357857 -12.272792206135787 0
    endloop
  endfacet
  facet normal 0 0 -1
    outer loop
      vertex -8.9 -15 0
      vertex -1.2727922061357857 -12.272792206135787 0
      vertex -1.204435091445945 -12.33766068585931 0
    endloop
  endfacet
  facet normal 0 0 -1
    outer loop
      vertex -8.9 -15 0
      vertex -1.204435091445945 -12.33766068585931 0
      vertex -1.1327767038897074 -12.398862730622547 0
    endloop
  endfacet
  facet normal 0 0 -1
    outer loop
      vertex -8.9 -15 0
      vertex -1.1327767038897074 -12.398862730622547 0
      vertex -1.0580134541264516 -12.456230589874906 0
    endloop
  endfacet
  facet normal 0 0 -1
    outer loop
      vertex -8.9 -15 0
      vertex -1.0580134541264516 -12.456230589874906 0
      vertex -0.9803502630270488 -12.509607022301763 0
    endloop
  endfacet
  facet normal 0 0 -1
    outer loop
      vertex -8.9 -15 0
      vertex -0.9 -12.55884572681199 0
      vertex -0.8171828995311843 -12.603811743539062 0
    endloop
  endfacet
  facet normal 0 0 -1
    outer loop
      vertex -8.9 -15 0
      vertex -0.8171828995311843 -12.603811743539062 0
      vertex -0.7321259575364404 -12.644381823756682 0
    endloop
  endfacet
  facet normal 0 0 -1
    outer loop
      vertex -8.9 -15 0
      vertex -0.9803502630270488 -12.509607022301763 0
      vertex -0.9 -12.55884572681199 0
    endloop
  endfacet
  facet normal 0 0 -1
    outer loop
      vertex -8.9 -15 0
      vertex -0.7321259575364404 -12.644381823756682 0
      vertex -0.6450623091815405 -12.680444767694963 0
    endloop
  endfacet
  facet normal 0 0 -1
    outer loop
      vertex -8.9 -15 0
      vertex -0.6450623091815405 -12.680444767694963 0
      vertex -0.5562305898749054 -12.711901729331277 0
    endloop
  endfacet
  facet normal 0 0 -1
    outer loop
      vertex -8.9 -15 0
      vertex -1.738666487320323 -11.465874281184536 0
      vertex -1.7119017293312764 -11.556230589874906 0
    endloop
  endfacet
  facet normal 0 0 -1
    outer loop
      vertex -8.9 -15 0
      vertex -1.6804447676949632 -11.64506230918154 0
      vertex -1.6443818237566816 -11.732125957536441 0
    endloop
  endfacet
  facet normal 0 0 -1
    outer loop
      vertex -8.9 -15 0
      vertex -1.6443818237566816 -11.732125957536441 0
      vertex -1.6038117435390622 -11.817182899531185 0
    endloop
  endfacet
  facet normal 0 0 -1
    outer loop
      vertex -8.9 -15 0
      vertex -1.7119017293312764 -11.556230589874906 0
      vertex -1.6804447676949632 -11.64506230918154 0
    endloop
  endfacet
  facet normal 0 0 -1
    outer loop
      vertex -8.9 -15 0
      vertex -1.6038117435390622 -11.817182899531185 0
      vertex -1.5588457268119895 -11.9 0
    endloop
  endfacet
  facet normal 0 0 -1
    outer loop
      vertex -8.9 -15 0
      vertex -1.5588457268119895 -11.9 0
      vertex -1.5096070223017632 -11.980350263027049 0
    endloop
  endfacet
  facet normal 0 0 -1
    outer loop
      vertex -8.9 -15 0
      vertex -1.5096070223017632 -11.980350263027049 0
      vertex -1.4562305898749055 -12.058013454126451 0
    endloop
  endfacet
  facet normal 0 0 -1
    outer loop
      vertex -8.9 -15 0
      vertex -1.4562305898749055 -12.058013454126451 0
      vertex -1.3988627306225476 -12.132776703889707 0
    endloop
  endfacet
  facet normal 0 0 -1
    outer loop
      vertex -8.9 -15 0
      vertex -1.777839013071248 -11.281582037072415 0
      vertex -1.7606656813208503 -11.374241043471967 0
    endloop
  endfacet
  facet normal 0 0 -1
    outer loop
      vertex -8.9 -15 0
      vertex -1.7606656813208503 -11.374241043471967 0
      vertex -1.738666487320323 -11.465874281184536 0
    endloop
  endfacet
  facet normal 0 0 -1
    outer loop
      vertex -8.9 -15 0
      vertex -1.790139411662892 -11.188151233881776 0
      vertex -1.777839013071248 -11.281582037072415 0
    endloop
  endfacet
  facet normal 0 0 -1
    outer loop
      vertex -8.9 -15 0
      vertex -1.797533162558233 -11.094204721237299 0
      vertex -1.790139411662892 -11.188151233881776 0
    endloop
  endfacet
  facet normal 0 0 -1
    outer loop
      vertex -8.9 -15 0
      vertex -1.8 -11 0
      vertex -1.797533162558233 -11.094204721237299 0
    endloop
  endfacet
  facet normal 0 0 -1
    outer loop
      vertex -8.9 -15 0
      vertex -1.797533162558233 -10.905795278762701 0
      vertex -1.8 -11 0
    endloop
  endfacet
  facet normal 0 0 -1
    outer loop
      vertex -8.9 -15 0
      vertex -1.790139411662892 -10.811848766118224 0
      vertex -1.797533162558233 -10.905795278762701 0
    endloop
  endfacet
  facet normal 0 0 -1
    outer loop
      vertex -8.9 -15 0
      vertex -1.777839013071248 -10.718417962927585 0
      vertex -1.790139411662892 -10.811848766118224 0
    endloop
  endfacet
  facet normal 0 0 -1
    outer loop
      vertex -8.9 -15 0
      vertex -1.7606656813208503 -10.625758956528033 0
      vertex -1.777839013071248 -10.718417962927585 0
    endloop
  endfacet
  facet normal 0 0 -1
    outer loop
      vertex -8.9 -15 0
      vertex -1.738666487320323 -10.534125718815464 0
      vertex -1.7606656813208503 -10.625758956528033 0
    endloop
  endfacet
  facet normal 0 0 -1
    outer loop
      vertex -8.9 -15 0
      vertex -1.7119017293312764 -10.443769410125094 0
      vertex -1.738666487320323 -10.534125718815464 0
    endloop
  endfacet
  facet normal 0 0 -1
    outer loop
      vertex -8.9 -15 0
      vertex -1.6804447676949632 -10.35493769081846 0
      vertex -1.7119017293312764 -10.443769410125094 0
    endloop
  endfacet
  facet normal 0 0 -1
    outer loop
      vertex -8.9 -15 0
      vertex -1.6443818237566816 -10.267874042463559 0
      vertex -1.6804447676949632 -10.35493769081846 0
    endloop
  endfacet
  facet normal 0 0 -1
    outer loop
      vertex -8.9 -15 0
      vertex -1.3988627306225476 -12.132776703889707 0
      vertex -1.3376606858593096 -12.204435091445944 0
    endloop
  endfacet
  facet normal 0 0 -1
    outer loop
      vertex -8.9 -15 0
      vertex -0.5562305898749054 -12.711901729331277 0
      vertex -0.46587428118453733 -12.738666487320323 0
    endloop
  endfacet
  facet normal 0 -1 0
    outer loop
      vertex -8.9 -15 0
      vertex 8.9 -15 4
      vertex -8.9 -15 4
    endloop
  endfacet
  facet normal 0 0 1
    outer loop
      vertex -8.9 -15 4
      vertex -1.204435091445945 -12.33766068585931 4
      vertex -1.2727922061357857 -12.272792206135787 4
    endloop
  endfacet
  facet normal 0 0 1
    outer loop
      vertex -8.9 -15 4
      vertex -1.1327767038897074 -12.398862730622547 4
      vertex -1.204435091445945 -12.33766068585931 4
    endloop
  endfacet
  facet normal 0 0 1
    outer loop
      vertex -8.9 -15 4
      vertex -1.0580134541264516 -12.456230589874906 4
      vertex -1.1327767038897074 -12.398862730622547 4
    endloop
  endfacet
  facet normal 0 0 1
    outer loop
      vertex -8.9 -15 4
      vertex -0.9803502630270488 -12.509607022301763 4
      vertex -1.0580134541264516 -12.456230589874906 4
    endloop
  endfacet
  facet normal 0 0 1
    outer loop
      vertex -8.9 -15 4
      vertex -0.8171828995311843 -12.603811743539062 4
      vertex -0.9 -12.55884572681199 4
    endloop
  endfacet
  facet normal 0 0 1
    outer loop
      vertex -8.9 -15 4
      vertex -0.7321259575364404 -12.644381823756682 4
      vertex -0.8171828995311843 -12.603811743539062 4
    endloop
  endfacet
  facet normal 0 0 1
    outer loop
      vertex -8.9 -15 4
      vertex -0.9 -12.55884572681199 4
      vertex -0.9803502630270488 -12.509607022301763 4
    endloop
  endfacet
  facet normal 0 0 1
    outer loop
      vertex -8.9 -15 4
      vertex -0.6450623091815405 -12.680444767694963 4
      vertex -0.7321259575364404 -12.644381823756682 4
    endloop
  endfacet
  facet normal 0 0 1
    outer loop
      vertex -8.9 -15 4
      vertex -0.5562305898749054 -12.711901729331277 4
      vertex -0.6450623091815405 -12.680444767694963 4
    endloop
  endfacet
  facet normal 0 0 1
    outer loop
      vertex -8.9 -15 4
      vertex -0.46587428118453733 -12.738666487320323 4
      vertex -0.5562305898749054 -12.711901729331277 4
    endloop
  endfacet
  facet normal 0 0 1
    outer loop
      vertex -8.9 -15 4
      vertex -0.37424104347196685 -12.76066568132085 4
      vertex -0.46587428118453733 -12.738666487320323 4
    endloop
  endfacet
  facet normal 0 0 1
    outer loop
      vertex -8.9 -15 4
      vertex -0.2815820370724156 -12.777839013071247 4
      vertex -0.37424104347196685 -12.76066568132085 4
    endloop
  endfacet
  facet normal 0 0 1
    outer loop
      vertex -8.9 -15 4
      vertex -0.18815123388177626 -12.790139411662892 4
      vertex -0.2815820370724156 -12.777839013071247 4
    endloop
  endfacet
  facet normal 0 0 1
    outer loop
      vertex -8.9 -15 4
      vertex -0.09420472123729891 -12.797533162558233 4
      vertex -0.18815123388177626 -12.790139411662892 4
    endloop
  endfacet
  facet normal 0 0 1
    outer loop
      vertex -8.9 -15 4
      vertex 0 -12.8 4
      vertex -0.09420472123729891 -12.797533162558233 4
    endloop
  endfacet
  facet normal 0 0 1
    outer loop
      vertex -8.9 -15 4
      vertex 0.09420472123729891 -12.797533162558233 4
      vertex 0 -12.8 4
    endloop
  endfacet
  facet normal 0 0 1
    outer loop
      vertex -8.9 -15 4
      vertex 0.18815123388177626 -12.790139411662892 4
      vertex 0.09420472123729891 -12.797533162558233 4
    endloop
  endfacet
  facet normal 0 0 1
    outer loop
      vertex -8.9 -15 4
      vertex 0.2815820370724156 -12.777839013071247 4
      vertex 0.18815123388177626 -12.790139411662892 4
    endloop
  endfacet
  facet normal 0 0 1
    outer loop
      vertex -8.9 -15 4
      vertex 0.37424104347196685 -12.76066568132085 4
      vertex 0.2815820370724156 -12.777839013071247 4
    endloop
  endfacet
  facet normal 0 0 1
    outer loop
      vertex -8.9 -15 4
      vertex 0.46587428118453733 -12.738666487320323 4
      vertex 0.37424104347196685 -12.76066568132085 4
    endloop
  endfacet
  facet normal 0 0 1
    outer loop
      vertex -3.9000000000000004 -12 4
      vertex -1.6038117435390622 -11.817182899531185 4
      vertex -1.6443818237566816 -11.732125957536441 4
    endloop
  endfacet
  facet normal 0 0 1
    outer loop
      vertex -3.9000000000000004 -12 4
      vertex -1.6443818237566816 -11.732125957536441 4
      vertex -1.6804447676949632 -11.64506230918154 4
    endloop
  endfacet
  facet normal 0 0 1
    outer loop
      vertex -3.9000000000000004 -12 4
      vertex -1.6804447676949632 -11.64506230918154 4
      vertex -1.7119017293312764 -11.556230589874906 4
    endloop
  endfacet
  facet normal 0 0 1
    outer loop
      vertex -3.9000000000000004 -12 4
      vertex -1.5096070223017632 -11.980350263027049 4
      vertex -1.5588457268119895 -11.9 4
    endloop
  endfacet
  facet normal 0 0 1
    outer loop
      vertex -3.9000000000000004 -12 4
      vertex -1.4562305898749055 -12.058013454126451 4
      vertex -1.5096070223017632 -11.980350263027049 4
    endloop
  endfacet
  facet normal 0 0 1
    outer loop
      vertex -3.9000000000000004 -12 4
      vertex -1.3988627306225476 -12.132776703889707 4
      vertex -1.4562305898749055 -12.058013454126451 4
    endloop
  endfacet
  facet normal 0 0 1
    outer loop
      vertex -3.9000000000000004 -12 4
      vertex -1.5588457268119895 -11.9 4
      vertex -1.6038117435390622 -11.817182899531185 4
    endloop
  endfacet
  facet normal 0 0 1
    outer loop
      vertex -3.9000000000000004 -12 4
      vertex -1.7119017293312764 -11.556230589874906 4
      vertex -1.738666487320323 -11.465874281184536 4
    endloop
  endfacet
  facet normal 0 0 1
    outer loop
      vertex -3.9000000000000004 -12 4
      vertex -1.738666487320323 -11.465874281184536 4
      vertex -1.7606656813208503 -11.374241043471967 4
    endloop
  endfacet
  facet normal 0 0 1
    outer loop
      vertex -3.9000000000000004 -12 4
      vertex -1.7606656813208503 -11.374241043471967 4
      vertex -1.777839013071248 -11.281582037072415 4
    endloop
  endfacet
  facet normal 0 0 1
    outer loop
      vertex -3.9000000000000004 -12 4
      vertex -1.777839013071248 -11.281582037072415 4
      vertex -1.790139411662892 -11.188151233881776 4
    endloop
  endfacet
  facet normal 0 0 1
    outer loop
      vertex -3.9000000000000004 -12 4
      vertex -1.790139411662892 -11.188151233881776 4
      vertex -1.797533162558233 -11.094204721237299 4
    endloop
  endfacet
  facet normal 0 0 1
    outer loop
      vertex -3.9000000000000004 -12 4
      vertex -1.797533162558233 -11.094204721237299 4
      vertex -1.8 -11 4
    endloop
  endfacet
  facet normal 0 0 1
    outer loop
      vertex -3.9000000000000004 -12 4
      vertex -1.8 -11 4
      vertex -1.797533162558233 -10.905795278762701 4
    endloop
  endfacet
  facet normal 0 0 1
    outer loop
      vertex -3.9000000000000004 -12 4
      vertex -1.777839013071248 -10.718417962927585 4
      vertex -3.8 -7 4
    endloop
  endfacet
  facet normal 0 0 1
    outer loop
      vertex -3.9000000000000004 -12 4
      vertex -1.797533162558233 -10.905795278762701 4
      vertex -1.790139411662892 -10.811848766118224 4
    endloop
  endfacet
  facet normal 0 0 1
    outer loop
      vertex -3.9000000000000004 -12 4
      vertex -1.790139411662892 -10.811848766118224 4
      vertex -1.777839013071248 -10.718417962927585 4
    endloop
  endfacet
  facet normal 0 0 1
    outer loop
      vertex -3.8 -7 4
      vertex -1.777839013071248 -10.718417962927585 4
      vertex -1.7606656813208503 -10.625758956528033 4
    endloop
  endfacet
  facet normal 0 0 1
    outer loop
      vertex -3.8 -7 4
      vertex -1.7606656813208503 -10.625758956528033 4
      vertex -1.738666487320323 -10.534125718815464 4
    endloop
  endfacet
  facet normal 0 0 1
    outer loop
      vertex -3.8 -7 4
      vertex -1.738666487320323 -10.534125718815464 4
      vertex -1.7119017293312764 -10.443769410125094 4
    endloop
  endfacet
  facet normal 0 0 1
    outer loop
      vertex -3.8 -7 4
      vertex -1.7119017293312764 -10.443769410125094 4
      vertex -1.6804447676949632 -10.35493769081846 4
    endloop
  endfacet
  facet normal 0 0 1
    outer loop
      vertex -3.8 -7 4
      vertex -1.6804447676949632 -10.35493769081846 4
      vertex -1.6443818237566816 -10.267874042463559 4
    endloop
  endfacet
  facet normal 0 0 1
    outer loop
      vertex -3.8 -7 4
      vertex -1.6443818237566816 -10.267874042463559 4
      vertex -1.6038117435390622 -10.182817100468815 4
    endloop
  endfacet
  facet normal 0 0 1
    outer loop
      vertex -3.8 -7 4
      vertex -1.6038117435390622 -10.182817100468815 4
      vertex -1.5588457268119895 -10.1 4
    endloop
  endfacet
  facet normal 0 0 1
    outer loop
      vertex -3.8 -7 4
      vertex -1.5588457268119895 -10.1 4
      vertex -1.5096070223017632 -10.019649736972951 4
    endloop
  endfacet
  facet normal 0 0 1
    outer loop
      vertex -3.8 -7 4
      vertex -1.5096070223017632 -10.019649736972951 4
      vertex -1.4562305898749055 -9.941986545873549 4
    endloop
  endfacet
  facet normal 0 0 -1
    outer loop
      vertex -8.9 -15 0
      vertex -0.46587428118453733 -12.738666487320323 0
      vertex 8.9 -15 0
    endloop
  endfacet
  facet normal 0 0 1
    outer loop
      vertex -8.9 -15 4
      vertex 3.9000000000000004 -12 4
      vertex 0.46587428118453733 -12.738666487320323 4
    endloop
  endfacet
  facet normal 0 0 1
    outer loop
      vertex -3.9000000000000004 -12 4
      vertex -1.3376606858593096 -12.204435091445944 4
      vertex -1.3988627306225476 -12.132776703889707 4
    endloop
  endfacet
  facet normal 0 0 1
    outer loop
      vertex -3.9000000000000004 -12 4
      vertex -1.2727922061357857 -12.272792206135787 4
      vertex -1.3376606858593096 -12.204435091445944 4
    endloop
  endfacet
  facet normal 0 0 1
    outer loop
      vertex -3.8 -7 4
      vertex -1.4562305898749055 -9.941986545873549 4
      vertex -1.3988627306225476 -9.867223296110293 4
    endloop
  endfacet
  facet normal 0 0 1
    outer loop
      vertex -3.8 -7 4
      vertex -1.3988627306225476 -9.867223296110293 4
      vertex -1.3376606858593096 -9.795564908554056 4
    endloop
  endfacet
  facet normal 0 0 1
    outer loop
      vertex -3.8 -7 4
      vertex -1.3376606858593096 -9.795564908554056 4
      vertex -1.2727922061357857 -9.727207793864213 4
    endloop
  endfacet
  facet normal 0 0 1
    outer loop
      vertex -3.8 -7 4
      vertex -1.2727922061357857 -9.727207793864213 4
      vertex -1.204435091445945 -9.66233931414069 4
    endloop
  endfacet
  facet normal 0 0 1
    outer loop
      vertex -3.8 -7 4
      vertex -1.204435091445945 -9.66233931414069 4
      vertex -1.1327767038897074 -9.601137269377453 4
    endloop
  endfacet
  facet normal 0 0 1
    outer loop
      vertex -3.8 -7 4
      vertex -1.1327767038897074 -9.601137269377453 4
      vertex -1.0580134541264516 -9.543769410125094 4
    endloop
  endfacet
  facet normal 0 0 1
    outer loop
      vertex -3.8 -7 4
      vertex -1.0580134541264516 -9.543769410125094 4
      vertex -0.9803502630270488 -9.490392977698237 4
    endloop
  endfacet
  facet normal 0 0 1
    outer loop
      vertex -3.8 -7 4
      vertex -0.9803502630270488 -9.490392977698237 4
      vertex -0.9 -9.44115427318801 4
    endloop
  endfacet
  facet normal 0 0 1
    outer loop
      vertex -3.8 -7 4
      vertex -0.9 -9.44115427318801 4
      vertex -0.8171828995311843 -9.396188256460938 4
    endloop
  endfacet
  facet normal 0 0 1
    outer loop
      vertex -3.8 -7 4
      vertex -0.8171828995311843 -9.396188256460938 4
      vertex -0.7321259575364404 -9.355618176243318 4
    endloop
  endfacet
  facet normal 0 0 1
    outer loop
      vertex -3.8 -7 4
      vertex -0.7321259575364404 -9.355618176243318 4
      vertex -0.6450623091815405 -9.319555232305037 4
    endloop
  endfacet
  facet normal 0 0 1
    outer loop
      vertex -3.8 -7 4
      vertex -0.6450623091815405 -9.319555232305037 4
      vertex -0.5562305898749054 -9.288098270668723 4
    endloop
  endfacet
  facet normal 0 0 1
    outer loop
      vertex -3.8 -7 4
      vertex -0.5562305898749054 -9.288098270668723 4
      vertex -0.46587428118453733 -9.261333512679677 4
    endloop
  endfacet
  facet normal 0 0 1
    outer loop
      vertex -0.46587428118453733 -9.261333512679677 4
      vertex -0.37424104347196685 -9.23933431867915 4
      vertex -3.8 -7 4
    endloop
  endfacet
  facet normal 0 0 1
    outer loop
      vertex -0.37424104347196685 -9.23933431867915 4
      vertex -0.2815820370724156 -9.222160986928753 4
      vertex -3.8 -7 4
    endloop
  endfacet
  facet normal 0 0 1
    outer loop
      vertex -0.2815820370724156 -9.222160986928753 4
      vertex -0.18815123388177626 -9.209860588337108 4
      vertex -3.8 -7 4
    endloop
  endfacet
  facet normal 0 0 1
    outer loop
      vertex -0.18815123388177626 -9.209860588337108 4
      vertex -0.09420472123729891 -9.202466837441767 4
      vertex -3.8 -7 4
    endloop
  endfacet
  facet normal 0 0 1
    outer loop
      vertex -0.09420472123729891 -9.202466837441767 4
      vertex 0 -9.2 4
      vertex -3.8 -7 4
    endloop
  endfacet
  facet normal 0 0 1
    outer loop
      vertex -3.8 -7 4
      vertex 0 -9.2 4
      vertex 0.09420472123729891 -9.202466837441767 4
    endloop
  endfacet
  facet normal 0 0 1
    outer loop
      vertex -3.8 -7 4
      vertex 0.09420472123729891 -9.202466837441767 4
      vertex 0.18815123388177626 -9.209860588337108 4
    endloop
  endfacet
  facet normal 0 0 1
    outer loop
      vertex -3.8 -7 4
      vertex 0.18815123388177626 -9.209860588337108 4
      vertex 0.2815820370724156 -9.222160986928753 4
    endloop
  endfacet
  facet normal 0 0 1
    outer loop
      vertex -3.8 -7 4
      vertex 0.2815820370724156 -9.222160986928753 4
      vertex 0.37424104347196685 -9.23933431867915 4
    endloop
  endfacet
  facet normal 0 0 1
    outer loop
      vertex -3.8 -7 4
      vertex 0.37424104347196685 -9.23933431867915 4
      vertex 0.46587428118453733 -9.261333512679677 4
    endloop
  endfacet
  facet normal 0 0 1
    outer loop
      vertex -3.8 -7 4
      vertex 0.46587428118453733 -9.261333512679677 4
      vertex 0.5562305898749054 -9.288098270668723 4
    endloop
  endfacet
  facet normal 0 0 1
    outer loop
      vertex -3.8 -7 4
      vertex 0.5562305898749054 -9.288098270668723 4
      vertex 0.6450623091815405 -9.319555232305037 4
    endloop
  endfacet
  facet normal 0 0 1
    outer loop
      vertex -3.9000000000000004 -12 4
      vertex -3.8 -7 4
      vertex -3.8 7 4
    endloop
  endfacet
  facet normal 0 0 -1
    outer loop
      vertex -8.9 -15 0
      vertex 8.9 15 0
      vertex -1.6443818237566816 -10.267874042463559 0
    endloop
  endfacet
  facet normal -1 0 0
    outer loop
      vertex -8.9 -15 0
      vertex -8.9 12 3
      vertex -8.9 15 0
    endloop
  endfacet
  facet normal 0 0 -1
    outer loop
      vertex -8.9 -15 0
      vertex -8.9 15 0
      vertex -1.8 11 0
    endloop
  endfacet
  facet normal -1 0 0
    outer loop
      vertex -8.9 15 0
      vertex -8.9 12 3
      vertex -8.9 15 4
    endloop
  endfacet
  facet normal -1 0 0
    outer loop
      vertex -8.9 12 3
      vertex -8.9 12 4
      vertex -8.9 15 4
    endloop
  endfacet
  facet normal 0 0 1
    outer loop
      vertex -8.9 12 4
      vertex -3.9000000000000004 12 4
      vertex -8.9 15 4
    endloop
  endfacet
  facet normal 0 0 -1
    outer loop
      vertex -8.9 -15 0
      vertex -1.6804447676949632 10.35493769081846 0
      vertex -1.6443818237566816 10.267874042463559 0
    endloop
  endfacet
  facet normal 0 0 -1
    outer loop
      vertex -8.9 -15 0
      vertex -1.6443818237566816 10.267874042463559 0
      vertex -1.6038117435390622 10.182817100468815 0
    endloop
  endfacet
  facet normal 0 0 -1
    outer loop
      vertex -8.9 -15 0
      vertex -1.4562305898749055 9.941986545873549 0
      vertex -1.3988627306225476 9.867223296110293 0
    endloop
  endfacet
  facet normal 0 0 -1
    outer loop
      vertex -8.9 -15 0
      vertex -1.5588457268119895 10.1 0
      vertex -1.5096070223017632 10.019649736972951 0
    endloop
  endfacet
  facet normal 0 0 -1
    outer loop
      vertex -8.9 -15 0
      vertex -1.6038117435390622 10.182817100468815 0
      vertex -1.5588457268119895 10.1 0
    endloop
  endfacet
  facet normal 0 0 -1
    outer loop
      vertex -8.9 -15 0
      vertex -1.5096070223017632 10.019649736972951 0
      vertex -1.4562305898749055 9.941986545873549 0
    endloop
  endfacet
  facet normal 0 0 -1
    outer loop
      vertex -8.9 -15 0
      vertex -1.1327767038897074 9.601137269377453 0
      vertex -1.0580134541264516 9.543769410125094 0
    endloop
  endfacet
  facet normal 0 0 -1
    outer loop
      vertex -8.9 -15 0
      vertex -1.0580134541264516 9.543769410125094 0
      vertex -0.9803502630270488 9.490392977698237 0
    endloop
  endfacet
  facet normal 0 0 -1
    outer loop
      vertex -8.9 -15 0
      vertex -1.3376606858593096 9.795564908554056 0
      vertex -1.2727922061357857 9.727207793864213 0
    endloop
  endfacet
  facet normal 0 0 -1
    outer loop
      vertex -8.9 -15 0
      vertex -1.3988627306225476 9.867223296110293 0
      vertex -1.3376606858593096 9.795564908554056 0
    endloop
  endfacet
  facet normal 0 0 -1
    outer loop
      vertex -8.9 -15 0
      vertex -1.2727922061357857 9.727207793864213 0
      vertex -1.204435091445945 9.66233931414069 0
    endloop
  endfacet
  facet normal 0 0 -1
    outer loop
      vertex -8.9 -15 0
      vertex -1.204435091445945 9.66233931414069 0
      vertex -1.1327767038897074 9.601137269377453 0
    endloop
  endfacet
  facet normal 0 0 -1
    outer loop
      vertex -8.9 -15 0
      vertex -0.9803502630270488 9.490392977698237 0
      vertex -0.9 9.44115427318801 0
    endloop
  endfacet
  facet normal 0 0 -1
    outer loop
      vertex -8.9 -15 0
      vertex -0.9 9.44115427318801 0
      vertex -0.8171828995311843 9.396188256460938 0
    endloop
  endfacet
  facet normal 0 0 -1
    outer loop
      vertex -8.9 -15 0
      vertex -0.8171828995311843 9.396188256460938 0
      vertex -0.7321259575364404 9.355618176243318 0
    endloop
  endfacet
  facet normal 0 0 -1
    outer loop
      vertex -8.9 -15 0
      vertex -0.7321259575364404 9.355618176243318 0
      vertex -0.6450623091815405 9.319555232305037 0
    endloop
  endfacet
  facet normal 0 0 -1
    outer loop
      vertex -8.9 -15 0
      vertex -0.6450623091815405 9.319555232305037 0
      vertex -0.5562305898749054 9.288098270668723 0
    endloop
  endfacet
  facet normal 0 0 -1
    outer loop
      vertex -8.9 -15 0
      vertex -1.738666487320323 10.534125718815464 0
      vertex -1.7119017293312764 10.443769410125094 0
    endloop
  endfacet
  facet normal 0 0 -1
    outer loop
      vertex -8.9 -15 0
      vertex -1.7606656813208503 10.625758956528033 0
      vertex -1.738666487320323 10.534125718815464 0
    endloop
  endfacet
  facet normal 0 0 -1
    outer loop
      vertex -8.9 -15 0
      vertex -1.7119017293312764 10.443769410125094 0
      vertex -1.6804447676949632 10.35493769081846 0
    endloop
  endfacet
  facet normal 0 0 -1
    outer loop
      vertex -8.9 -15 0
      vertex -1.777839013071248 10.718417962927585 0
      vertex -1.7606656813208503 10.625758956528033 0
    endloop
  endfacet
  facet normal 0 0 -1
    outer loop
      vertex -8.9 -15 0
      vertex -1.790139411662892 10.811848766118224 0
      vertex -1.777839013071248 10.718417962927585 0
    endloop
  endfacet
  facet normal 0 0 -1
    outer loop
      vertex -8.9 -15 0
      vertex -1.797533162558233 10.905795278762701 0
      vertex -1.790139411662892 10.811848766118224 0
    endloop
  endfacet
  facet normal 0 0 -1
    outer loop
      vertex -8.9 -15 0
      vertex -1.8 11 0
      vertex -1.797533162558233 10.905795278762701 0
    endloop
  endfacet
  facet normal 0 0 -1
    outer loop
      vertex -8.9 -15 0
      vertex -0.46587428118453733 9.261333512679677 0
      vertex -0.37424104347196685 9.23933431867915 0
    endloop
  endfacet
  facet normal 0 0 -1
    outer loop
      vertex -8.9 -15 0
      vertex -0.5562305898749054 9.288098270668723 0
      vertex -0.46587428118453733 9.261333512679677 0
    endloop
  endfacet
  facet normal 0 0 -1
    outer loop
      vertex -8.9 -15 0
      vertex -0.37424104347196685 9.23933431867915 0
      vertex -0.2815820370724156 9.222160986928753 0
    endloop
  endfacet
  facet normal 0 0 -1
    outer loop
      vertex -8.9 -15 0
      vertex -0.2815820370724156 9.222160986928753 0
      vertex -0.18815123388177626 9.209860588337108 0
    endloop
  endfacet
  facet normal 0 0 -1
    outer loop
      vertex -8.9 -15 0
      vertex -0.18815123388177626 9.209860588337108 0
      vertex -0.09420472123729891 9.202466837441767 0
    endloop
  endfacet
  facet normal 0 0 -1
    outer loop
      vertex -8.9 -15 0
      vertex -0.09420472123729891 9.202466837441767 0
      vertex 0 9.2 0
    endloop
  endfacet
  facet normal 0 0 -1
    outer loop
      vertex -8.9 -15 0
      vertex 0 9.2 0
      vertex 0.09420472123729891 9.202466837441767 0
    endloop
  endfacet
  facet normal 0 0 -1
    outer loop
      vertex -8.9 -15 0
      vertex 0.09420472123729891 9.202466837441767 0
      vertex 0.18815123388177626 9.209860588337108 0
    endloop
  endfacet
  facet normal 0 0 -1
    outer loop
      vertex -8.9 -15 0
      vertex 0.18815123388177626 9.209860588337108 0
      vertex 0.2815820370724156 9.222160986928753 0
    endloop
  endfacet
  facet normal 0 0 -1
    outer loop
      vertex -8.9 -15 0
      vertex 0.2815820370724156 9.222160986928753 0
      vertex 0.37424104347196685 9.23933431867915 0
    endloop
  endfacet
  facet normal 0 0 -1
    outer loop
      vertex -8.9 -15 0
      vertex 0.37424104347196685 9.23933431867915 0
      vertex 0.46587428118453733 9.261333512679677 0
    endloop
  endfacet
  facet normal 0 0 -1
    outer loop
      vertex -8.9 -15 0
      vertex 0.46587428118453733 9.261333512679677 0
      vertex 0.5562305898749054 9.288098270668723 0
    endloop
  endfacet
  facet normal 0 0 -1
    outer loop
      vertex -8.9 -15 0
      vertex 0.5562305898749054 9.288098270668723 0
      vertex 0.6450623091815405 9.319555232305037 0
    endloop
  endfacet
  facet normal 0 0 -1
    outer loop
      vertex -8.9 -15 0
      vertex 0.6450623091815405 9.319555232305037 0
      vertex 0.7321259575364404 9.355618176243318 0
    endloop
  endfacet
  facet normal 0 0 -1
    outer loop
      vertex -8.9 -15 0
      vertex 0.7321259575364404 9.355618176243318 0
      vertex 0.8171828995311843 9.396188256460938 0
    endloop
  endfacet
  facet normal 0 0 -1
    outer loop
      vertex -8.9 -15 0
      vertex 0.8171828995311843 9.396188256460938 0
      vertex 0.9 9.44115427318801 0
    endloop
  endfacet
  facet normal 0 0 -1
    outer loop
      vertex -8.9 -15 0
      vertex 0.9 9.44115427318801 0
      vertex 0.9803502630270488 9.490392977698237 0
    endloop
  endfacet
  facet normal 0 0 -1
    outer loop
      vertex -8.9 -15 0
      vertex 0.9803502630270488 9.490392977698237 0
      vertex 1.0580134541264516 9.543769410125094 0
    endloop
  endfacet
  facet normal 0 0 1
    outer loop
      vertex -3.9000000000000004 -12 4
      vertex -3.8 7 4
      vertex -3.9000000000000004 12 4
    endloop
  endfacet
  facet normal 0 0 1
    outer loop
      vertex -3.8 7 4
      vertex -1.6443818237566816 10.267874042463559 4
      vertex -1.6804447676949632 10.35493769081846 4
    endloop
  endfacet
  facet normal 0 0 1
    outer loop
      vertex -3.8 7 4
      vertex -1.7119017293312764 10.443769410125094 4
      vertex -1.738666487320323 10.534125718815464 4
    endloop
  endfacet
  facet normal 0 0 1
    outer loop
      vertex -3.8 7 4
      vertex -1.6804447676949632 10.35493769081846 4
      vertex -1.7119017293312764 10.443769410125094 4
    endloop
  endfacet
  facet normal 0 0 1
    outer loop
      vertex -3.8 7 4
      vertex -1.5588457268119895 10.1 4
      vertex -1.6038117435390622 10.182817100468815 4
    endloop
  endfacet
  facet normal 0 0 1
    outer loop
      vertex -3.8 7 4
      vertex -1.4562305898749055 9.941986545873549 4
      vertex -1.5096070223017632 10.019649736972951 4
    endloop
  endfacet
  facet normal 0 0 1
    outer loop
      vertex -3.8 7 4
      vertex -1.5096070223017632 10.019649736972951 4
      vertex -1.5588457268119895 10.1 4
    endloop
  endfacet
  facet normal 0 0 1
    outer loop
      vertex -3.8 7 4
      vertex -1.6038117435390622 10.182817100468815 4
      vertex -1.6443818237566816 10.267874042463559 4
    endloop
  endfacet
  facet normal 0 0 1
    outer loop
      vertex -3.9000000000000004 12 4
      vertex -3.8 7 4
      vertex -1.7606656813208503 10.625758956528033 4
    endloop
  endfacet
  facet normal 0 0 1
    outer loop
      vertex -3.8 7 4
      vertex -1.738666487320323 10.534125718815464 4
      vertex -1.7606656813208503 10.625758956528033 4
    endloop
  endfacet
  facet normal 0 0 1
    outer loop
      vertex -3.9000000000000004 12 4
      vertex -1.7606656813208503 10.625758956528033 4
      vertex -1.777839013071248 10.718417962927585 4
    endloop
  endfacet
  facet normal 0 0 1
    outer loop
      vertex -3.9000000000000004 12 4
      vertex -1.777839013071248 10.718417962927585 4
      vertex -1.790139411662892 10.811848766118224 4
    endloop
  endfacet
  facet normal 0 0 1
    outer loop
      vertex -3.9000000000000004 12 4
      vertex -1.790139411662892 10.811848766118224 4
      vertex -1.797533162558233 10.905795278762701 4
    endloop
  endfacet
  facet normal 0 0 -1
    outer loop
      vertex -8.9 15 0
      vertex -1.797533162558233 11.094204721237299 0
      vertex -1.8 11 0
    endloop
  endfacet
  facet normal 0 0 -1
    outer loop
      vertex -8.9 15 0
      vertex -1.790139411662892 11.188151233881776 0
      vertex -1.797533162558233 11.094204721237299 0
    endloop
  endfacet
  facet normal 0 0 -1
    outer loop
      vertex -8.9 15 0
      vertex -1.777839013071248 11.281582037072415 0
      vertex -1.790139411662892 11.188151233881776 0
    endloop
  endfacet
  facet normal 0 0 -1
    outer loop
      vertex -8.9 15 0
      vertex -1.7606656813208503 11.374241043471967 0
      vertex -1.777839013071248 11.281582037072415 0
    endloop
  endfacet
  facet normal 0 0 -1
    outer loop
      vertex -8.9 15 0
      vertex -1.738666487320323 11.465874281184536 0
      vertex -1.7606656813208503 11.374241043471967 0
    endloop
  endfacet
  facet normal 0 0 -1
    outer loop
      vertex -8.9 15 0
      vertex -1.7119017293312764 11.556230589874906 0
      vertex -1.738666487320323 11.465874281184536 0
    endloop
  endfacet
  facet normal 0 0 -1
    outer loop
      vertex -8.9 15 0
      vertex -1.6804447676949632 11.64506230918154 0
      vertex -1.7119017293312764 11.556230589874906 0
    endloop
  endfacet
  facet normal 0 0 -1
    outer loop
      vertex -8.9 15 0
      vertex -1.6443818237566816 11.732125957536441 0
      vertex -1.6804447676949632 11.64506230918154 0
    endloop
  endfacet
  facet normal 0 0 -1
    outer loop
      vertex -8.9 15 0
      vertex -1.6038117435390622 11.817182899531185 0
      vertex -1.6443818237566816 11.732125957536441 0
    endloop
  endfacet
  facet normal 0 0 -1
    outer loop
      vertex -8.9 15 0
      vertex -1.5588457268119895 11.9 0
      vertex -1.6038117435390622 11.817182899531185 0
    endloop
  endfacet
  facet normal 0 0 -1
    outer loop
      vertex -8.9 15 0
      vertex -1.5096070223017632 11.980350263027049 0
      vertex -1.5588457268119895 11.9 0
    endloop
  endfacet
  facet normal 0 0 -1
    outer loop
      vertex -8.9 15 0
      vertex -1.4562305898749055 12.058013454126451 0
      vertex -1.5096070223017632 11.980350263027049 0
    endloop
  endfacet
  facet normal 0 0 -1
    outer loop
      vertex -8.9 15 0
      vertex -1.3988627306225476 12.132776703889707 0
      vertex -1.4562305898749055 12.058013454126451 0
    endloop
  endfacet
  facet normal 0 0 -1
    outer loop
      vertex -8.9 15 0
      vertex -1.3376606858593096 12.204435091445944 0
      vertex -1.3988627306225476 12.132776703889707 0
    endloop
  endfacet
  facet normal 0 0 -1
    outer loop
      vertex -8.9 15 0
      vertex -1.2727922061357857 12.272792206135787 0
      vertex -1.3376606858593096 12.204435091445944 0
    endloop
  endfacet
  facet normal 0 0 -1
    outer loop
      vertex -8.9 15 0
      vertex -1.204435091445945 12.33766068585931 0
      vertex -1.2727922061357857 12.272792206135787 0
    endloop
  endfacet
  facet normal 0 0 -1
    outer loop
      vertex -8.9 15 0
      vertex -1.1327767038897074 12.398862730622547 0
      vertex -1.204435091445945 12.33766068585931 0
    endloop
  endfacet
  facet normal 0 0 -1
    outer loop
      vertex -8.9 15 0
      vertex -1.0580134541264516 12.456230589874906 0
      vertex -1.1327767038897074 12.398862730622547 0
    endloop
  endfacet
  facet normal 0 0 -1
    outer loop
      vertex -8.9 15 0
      vertex -0.9803502630270488 12.509607022301763 0
      vertex -1.0580134541264516 12.456230589874906 0
    endloop
  endfacet
  facet normal 0 0 -1
    outer loop
      vertex -8.9 15 0
      vertex -0.9 12.55884572681199 0
      vertex -0.9803502630270488 12.509607022301763 0
    endloop
  endfacet
  facet normal 0 0 -1
    outer loop
      vertex -8.9 15 0
      vertex -0.8171828995311843 12.603811743539062 0
      vertex -0.9 12.55884572681199 0
    endloop
  endfacet
  facet normal 0 0 -1
    outer loop
      vertex -8.9 15 0
      vertex -0.7321259575364404 12.644381823756682 0
      vertex -0.8171828995311843 12.603811743539062 0
    endloop
  endfacet
  facet normal 0 0 -1
    outer loop
      vertex -8.9 15 0
      vertex -0.6450623091815405 12.680444767694963 0
      vertex -0.7321259575364404 12.644381823756682 0
    endloop
  endfacet
  facet normal 0 0 -1
    outer loop
      vertex -8.9 15 0
      vertex -0.5562305898749054 12.711901729331277 0
      vertex -0.6450623091815405 12.680444767694963 0
    endloop
  endfacet
  facet normal 0 0 -1
    outer loop
      vertex -8.9 15 0
      vertex -0.46587428118453733 12.738666487320323 0
      vertex -0.5562305898749054 12.711901729331277 0
    endloop
  endfacet
  facet normal 0 0 -1
    outer loop
      vertex -8.9 15 0
      vertex -0.37424104347196685 12.76066568132085 0
      vertex -0.46587428118453733 12.738666487320323 0
    endloop
  endfacet
  facet normal 0 0 -1
    outer loop
      vertex -8.9 15 0
      vertex -0.2815820370724156 12.777839013071247 0
      vertex -0.37424104347196685 12.76066568132085 0
    endloop
  endfacet
  facet normal 0 0 -1
    outer loop
      vertex -8.9 15 0
      vertex -0.18815123388177626 12.790139411662892 0
      vertex -0.2815820370724156 12.777839013071247 0
    endloop
  endfacet
  facet normal 0 0 -1
    outer loop
      vertex -8.9 15 0
      vertex -0.09420472123729891 12.797533162558233 0
      vertex -0.18815123388177626 12.790139411662892 0
    endloop
  endfacet
  facet normal 0 0 -1
    outer loop
      vertex -8.9 15 0
      vertex 0 12.8 0
      vertex -0.09420472123729891 12.797533162558233 0
    endloop
  endfacet
  facet normal 0 0 -1
    outer loop
      vertex -8.9 15 0
      vertex 0.09420472123729891 12.797533162558233 0
      vertex 0 12.8 0
    endloop
  endfacet
  facet normal 0 0 -1
    outer loop
      vertex -8.9 15 0
      vertex 0.18815123388177626 12.790139411662892 0
      vertex 0.09420472123729891 12.797533162558233 0
    endloop
  endfacet
  facet normal 0 0 -1
    outer loop
      vertex -8.9 15 0
      vertex 0.2815820370724156 12.777839013071247 0
      vertex 0.18815123388177626 12.790139411662892 0
    endloop
  endfacet
  facet normal 0 1 0
    outer loop
      vertex -8.9 15 0
      vertex -8.9 15 4
      vertex 8.9 15 0
    endloop
  endfacet
  facet normal 0 0 -1
    outer loop
      vertex -8.9 15 0
      vertex 0.37424104347196685 12.76066568132085 0
      vertex 0.2815820370724156 12.777839013071247 0
    endloop
  endfacet
  facet normal 0 0 -1
    outer loop
      vertex -8.9 15 0
      vertex 0.46587428118453733 12.738666487320323 0
      vertex 0.37424104347196685 12.76066568132085 0
    endloop
  endfacet
  facet normal 0 0 1
    outer loop
      vertex -3.9000000000000004 12 4
      vertex -1.797533162558233 10.905795278762701 4
      vertex -1.8 11 4
    endloop
  endfacet
  facet normal 0 0 1
    outer loop
      vertex -3.9000000000000004 12 4
      vertex -1.8 11 4
      vertex -1.797533162558233 11.094204721237299 4
    endloop
  endfacet
  facet normal 0 0 1
    outer loop
      vertex -3.9000000000000004 12 4
      vertex -1.797533162558233 11.094204721237299 4
      vertex -1.790139411662892 11.188151233881776 4
    endloop
  endfacet
  facet normal 0 0 1
    outer loop
      vertex -3.9000000000000004 12 4
      vertex -1.790139411662892 11.188151233881776 4
      vertex -1.777839013071248 11.281582037072415 4
    endloop
  endfacet
  facet normal 0 0 1
    outer loop
      vertex -3.9000000000000004 12 4
      vertex -1.777839013071248 11.281582037072415 4
      vertex -1.7606656813208503 11.374241043471967 4
    endloop
  endfacet
  facet normal 0 0 1
    outer loop
      vertex -3.9000000000000004 12 4
      vertex -1.7606656813208503 11.374241043471967 4
      vertex -1.738666487320323 11.465874281184536 4
    endloop
  endfacet
  facet normal 0 0 1
    outer loop
      vertex -3.9000000000000004 12 4
      vertex -1.738666487320323 11.465874281184536 4
      vertex -1.7119017293312764 11.556230589874906 4
    endloop
  endfacet
  facet normal 0 0 1
    outer loop
      vertex -3.9000000000000004 12 4
      vertex -1.7119017293312764 11.556230589874906 4
      vertex -1.6804447676949632 11.64506230918154 4
    endloop
  endfacet
  facet normal 0 0 1
    outer loop
      vertex -3.9000000000000004 12 4
      vertex -1.6804447676949632 11.64506230918154 4
      vertex -1.6443818237566816 11.732125957536441 4
    endloop
  endfacet
  facet normal 0 0 1
    outer loop
      vertex -3.9000000000000004 12 4
      vertex -1.6443818237566816 11.732125957536441 4
      vertex -1.6038117435390622 11.817182899531185 4
    endloop
  endfacet
  facet normal 0 0 1
    outer loop
      vertex -3.9000000000000004 12 4
      vertex -1.6038117435390622 11.817182899531185 4
      vertex -1.5588457268119895 11.9 4
    endloop
  endfacet
  facet normal 0 0 1
    outer loop
      vertex -3.9000000000000004 12 4
      vertex -1.5588457268119895 11.9 4
      vertex -1.5096070223017632 11.980350263027049 4
    endloop
  endfacet
  facet normal 0 0 1
    outer loop
      vertex -3.9000000000000004 12 4
      vertex -1.5096070223017632 11.980350263027049 4
      vertex -1.4562305898749055 12.058013454126451 4
    endloop
  endfacet
  facet normal 0 0 1
    outer loop
      vertex -3.9000000000000004 12 4
      vertex -1.4562305898749055 12.058013454126451 4
      vertex -1.3988627306225476 12.132776703889707 4
    endloop
  endfacet
  facet normal 0 0 1
    outer loop
      vertex -3.8 7 4
      vertex -1.3376606858593096 9.795564908554056 4
      vertex -1.3988627306225476 9.867223296110293 4
    endloop
  endfacet
  facet normal 0 0 1
    outer loop
      vertex -3.8 7 4
      vertex -1.2727922061357857 9.727207793864213 4
      vertex -1.3376606858593096 9.795564908554056 4
    endloop
  endfacet
  facet normal 0 0 1
    outer loop
      vertex -3.8 7 4
      vertex -1.204435091445945 9.66233931414069 4
      vertex -1.2727922061357857 9.727207793864213 4
    endloop
  endfacet
  facet normal 0 0 1
    outer loop
      vertex -3.8 7 4
      vertex -1.1327767038897074 9.601137269377453 4
      vertex -1.204435091445945 9.66233931414069 4
    endloop
  endfacet
  facet normal 0 0 1
    outer loop
      vertex -1.0580134541264516 9.543769410125094 4
      vertex -1.1327767038897074 9.601137269377453 4
      vertex -3.8 7 4
    endloop
  endfacet
  facet normal 0 0 1
    outer loop
      vertex -3.8 7 4
      vertex -1.3988627306225476 9.867223296110293 4
      vertex -1.4562305898749055 9.941986545873549 4
    endloop
  endfacet
  facet normal 0 0 1
    outer loop
      vertex -0.9 9.44115427318801 4
      vertex -0.9803502630270488 9.490392977698237 4
      vertex -3.8 7 4
    endloop
  endfacet
  facet normal 0 0 1
    outer loop
      vertex -0.8171828995311843 9.396188256460938 4
      vertex -0.9 9.44115427318801 4
      vertex -3.8 7 4
    endloop
  endfacet
  facet normal 0 0 1
    outer loop
      vertex -0.9803502630270488 9.490392977698237 4
      vertex -1.0580134541264516 9.543769410125094 4
      vertex -3.8 7 4
    endloop
  endfacet
  facet normal 0 0 1
    outer loop
      vertex -0.7321259575364404 9.355618176243318 4
      vertex -0.8171828995311843 9.396188256460938 4
      vertex -3.8 7 4
    endloop
  endfacet
  facet normal 0 0 1
    outer loop
      vertex -0.6450623091815405 9.319555232305037 4
      vertex -0.7321259575364404 9.355618176243318 4
      vertex -3.8 7 4
    endloop
  endfacet
  facet normal 0 0 1
    outer loop
      vertex -0.6450623091815405 9.319555232305037 4
      vertex -3.8 7 4
      vertex 3.8 7 4
    endloop
  endfacet
  facet normal 0 0 1
    outer loop
      vertex -3.9000000000000004 12 4
      vertex -1.3988627306225476 12.132776703889707 4
      vertex -1.3376606858593096 12.204435091445944 4
    endloop
  endfacet
  facet normal 0 0 1
    outer loop
      vertex -3.9000000000000004 12 4
      vertex -1.3376606858593096 12.204435091445944 4
      vertex -1.2727922061357857 12.272792206135787 4
    endloop
  endfacet
  facet normal 0 0 1
    outer loop
      vertex -3.9000000000000004 12 4
      vertex -1.2727922061357857 12.272792206135787 4
      vertex -1.204435091445945 12.33766068585931 4
    endloop
  endfacet
  facet normal 0 0 1
    outer loop
      vertex -3.9000000000000004 12 4
      vertex -1.204435091445945 12.33766068585931 4
      vertex -1.1327767038897074 12.398862730622547 4
    endloop
  endfacet
  facet normal 0 0 1
    outer loop
      vertex -3.9000000000000004 12 4
      vertex -1.1327767038897074 12.398862730622547 4
      vertex -1.0580134541264516 12.456230589874906 4
    endloop
  endfacet
  facet normal 0 0 1
    outer loop
      vertex -3.9000000000000004 12 4
      vertex -1.0580134541264516 12.456230589874906 4
      vertex -0.9803502630270488 12.509607022301763 4
    endloop
  endfacet
  facet normal 0 0 1
    outer loop
      vertex -3.9000000000000004 12 4
      vertex -0.9803502630270488 12.509607022301763 4
      vertex -0.9 12.55884572681199 4
    endloop
  endfacet
  facet normal 0 0 1
    outer loop
      vertex -3.9000000000000004 12 4
      vertex -0.9 12.55884572681199 4
      vertex -0.8171828995311843 12.603811743539062 4
    endloop
  endfacet
  facet normal 0 0 1
    outer loop
      vertex -3.9000000000000004 12 4
      vertex -0.8171828995311843 12.603811743539062 4
      vertex -0.7321259575364404 12.644381823756682 4
    endloop
  endfacet
  facet normal 0 0 1
    outer loop
      vertex -3.9000000000000004 12 4
      vertex -0.7321259575364404 12.644381823756682 4
      vertex -0.6450623091815405 12.680444767694963 4
    endloop
  endfacet
  facet normal 0 0 1
    outer loop
      vertex -3.9000000000000004 12 4
      vertex -0.6450623091815405 12.680444767694963 4
      vertex -0.5562305898749054 12.711901729331277 4
    endloop
  endfacet
  facet normal 0 0 1
    outer loop
      vertex -3.9000000000000004 12 4
      vertex -0.5562305898749054 12.711901729331277 4
      vertex -0.46587428118453733 12.738666487320323 4
    endloop
  endfacet
  facet normal 0 0 1
    outer loop
      vertex -8.9 15 4
      vertex -3.9000000000000004 12 4
      vertex 8.9 15 4
    endloop
  endfacet
  facet normal 0 0 1
    outer loop
      vertex -8.9 -15 4
      vertex 8.9 -15 4
      vertex 3.9000000000000004 -12 4
    endloop
  endfacet
  facet normal 0 0 1
    outer loop
      vertex 3.9000000000000004 -12 4
      vertex 0.5562305898749054 -12.711901729331277 4
      vertex 0.46587428118453733 -12.738666487320323 4
    endloop
  endfacet
  facet normal 0 0 1
    outer loop
      vertex 3.9000000000000004 -12 4
      vertex 0.6450623091815405 -12.680444767694963 4
      vertex 0.5562305898749054 -12.711901729331277 4
    endloop
  endfacet
  facet normal 0 0 1
    outer loop
      vertex 3.9000000000000004 -12 4
      vertex 0.7321259575364404 -12.644381823756682 4
      vertex 0.6450623091815405 -12.680444767694963 4
    endloop
  endfacet
  facet normal 0 0 1
    outer loop
      vertex 3.9000000000000004 -12 4
      vertex 0.8171828995311843 -12.603811743539062 4
      vertex 0.7321259575364404 -12.644381823756682 4
    endloop
  endfacet
  facet normal 0 0 1
    outer loop
      vertex 3.9000000000000004 -12 4
      vertex 0.9 -12.55884572681199 4
      vertex 0.8171828995311843 -12.603811743539062 4
    endloop
  endfacet
  facet normal 0 0 1
    outer loop
      vertex 3.9000000000000004 -12 4
      vertex 0.9803502630270488 -12.509607022301763 4
      vertex 0.9 -12.55884572681199 4
    endloop
  endfacet
  facet normal 0 0 1
    outer loop
      vertex 3.9000000000000004 -12 4
      vertex 1.0580134541264516 -12.456230589874906 4
      vertex 0.9803502630270488 -12.509607022301763 4
    endloop
  endfacet
  facet normal 0 0 1
    outer loop
      vertex 3.9000000000000004 -12 4
      vertex 1.1327767038897074 -12.398862730622547 4
      vertex 1.0580134541264516 -12.456230589874906 4
    endloop
  endfacet
  facet normal 0 0 1
    outer loop
      vertex 3.9000000000000004 -12 4
      vertex 1.204435091445945 -12.33766068585931 4
      vertex 1.1327767038897074 -12.398862730622547 4
    endloop
  endfacet
  facet normal 0 0 1
    outer loop
      vertex 3.9000000000000004 -12 4
      vertex 1.2727922061357857 -12.272792206135787 4
      vertex 1.204435091445945 -12.33766068585931 4
    endloop
  endfacet
  facet normal 0 0 1
    outer loop
      vertex 3.9000000000000004 -12 4
      vertex 1.3376606858593096 -12.204435091445944 4
      vertex 1.2727922061357857 -12.272792206135787 4
    endloop
  endfacet
  facet normal 0 0 1
    outer loop
      vertex 3.9000000000000004 -12 4
      vertex 1.3988627306225476 -12.132776703889707 4
      vertex 1.3376606858593096 -12.204435091445944 4
    endloop
  endfacet
  facet normal 0 0 1
    outer loop
      vertex -3.8 -7 4
      vertex 0.6450623091815405 -9.319555232305037 4
      vertex 3.8 -7 4
    endloop
  endfacet
  facet normal 0 0 1
    outer loop
      vertex 0.6450623091815405 -9.319555232305037 4
      vertex 0.7321259575364404 -9.355618176243318 4
      vertex 3.8 -7 4
    endloop
  endfacet
  facet normal 0 0 1
    outer loop
      vertex 0.7321259575364404 -9.355618176243318 4
      vertex 0.8171828995311843 -9.396188256460938 4
      vertex 3.8 -7 4
    endloop
  endfacet
  facet normal 0 0 1
    outer loop
      vertex 0.9803502630270488 -9.490392977698237 4
      vertex 1.0580134541264516 -9.543769410125094 4
      vertex 3.8 -7 4
    endloop
  endfacet
  facet normal 0 0 1
    outer loop
      vertex 0.8171828995311843 -9.396188256460938 4
      vertex 0.9 -9.44115427318801 4
      vertex 3.8 -7 4
    endloop
  endfacet
  facet normal 0 0 1
    outer loop
      vertex 0.9 -9.44115427318801 4
      vertex 0.9803502630270488 -9.490392977698237 4
      vertex 3.8 -7 4
    endloop
  endfacet
  facet normal 0 0 1
    outer loop
      vertex 1.4562305898749055 -9.941986545873549 4
      vertex 3.8 -7 4
      vertex 1.3988627306225476 -9.867223296110293 4
    endloop
  endfacet
  facet normal 0 0 1
    outer loop
      vertex 1.0580134541264516 -9.543769410125094 4
      vertex 1.1327767038897074 -9.601137269377453 4
      vertex 3.8 -7 4
    endloop
  endfacet
  facet normal 0 0 1
    outer loop
      vertex 1.1327767038897074 -9.601137269377453 4
      vertex 1.204435091445945 -9.66233931414069 4
      vertex 3.8 -7 4
    endloop
  endfacet
  facet normal 0 0 1
    outer loop
      vertex 1.204435091445945 -9.66233931414069 4
      vertex 1.2727922061357857 -9.727207793864213 4
      vertex 3.8 -7 4
    endloop
  endfacet
  facet normal 0 0 1
    outer loop
      vertex 1.3376606858593096 -9.795564908554056 4
      vertex 3.8 -7 4
      vertex 1.2727922061357857 -9.727207793864213 4
    endloop
  endfacet
  facet normal 0 0 1
    outer loop
      vertex 1.3988627306225476 -9.867223296110293 4
      vertex 3.8 -7 4
      vertex 1.3376606858593096 -9.795564908554056 4
    endloop
  endfacet
  facet normal 0 0 -1
    outer loop
      vertex 8.9 -15 0
      vertex -0.46587428118453733 -12.738666487320323 0
      vertex -0.37424104347196685 -12.76066568132085 0
    endloop
  endfacet
  facet normal 0 0 -1
    outer loop
      vertex 8.9 -15 0
      vertex -0.37424104347196685 -12.76066568132085 0
      vertex -0.2815820370724156 -12.777839013071247 0
    endloop
  endfacet
  facet normal 0 -1 0
    outer loop
      vertex -8.9 -15 0
      vertex 8.9 -15 0
      vertex 8.9 -15 4
    endloop
  endfacet
  facet normal 0 0 -1
    outer loop
      vertex 8.9 -15 0
      vertex -0.2815820370724156 -12.777839013071247 0
      vertex -0.18815123388177626 -12.790139411662892 0
    endloop
  endfacet
  facet normal 0 0 -1
    outer loop
      vertex 8.9 -15 0
      vertex -0.18815123388177626 -12.790139411662892 0
      vertex -0.09420472123729891 -12.797533162558233 0
    endloop
  endfacet
  facet normal 0 0 -1
    outer loop
      vertex 8.9 -15 0
      vertex -0.09420472123729891 -12.797533162558233 0
      vertex 0 -12.8 0
    endloop
  endfacet
  facet normal 0 0 -1
    outer loop
      vertex 8.9 -15 0
      vertex 0 -12.8 0
      vertex 0.09420472123729891 -12.797533162558233 0
    endloop
  endfacet
  facet normal 0 0 -1
    outer loop
      vertex 8.9 -15 0
      vertex 0.09420472123729891 -12.797533162558233 0
      vertex 0.18815123388177626 -12.790139411662892 0
    endloop
  endfacet
  facet normal 0 0 -1
    outer loop
      vertex 8.9 -15 0
      vertex 0.18815123388177626 -12.790139411662892 0
      vertex 0.2815820370724156 -12.777839013071247 0
    endloop
  endfacet
  facet normal 0 0 -1
    outer loop
      vertex 8.9 -15 0
      vertex 0.2815820370724156 -12.777839013071247 0
      vertex 0.37424104347196685 -12.76066568132085 0
    endloop
  endfacet
  facet normal 0 0 -1
    outer loop
      vertex 8.9 -15 0
      vertex 0.37424104347196685 -12.76066568132085 0
      vertex 0.46587428118453733 -12.738666487320323 0
    endloop
  endfacet
  facet normal 0 0 -1
    outer loop
      vertex 8.9 -15 0
      vertex 0.46587428118453733 -12.738666487320323 0
      vertex 0.5562305898749054 -12.711901729331277 0
    endloop
  endfacet
  facet normal 0 0 -1
    outer loop
      vertex 8.9 -15 0
      vertex 0.5562305898749054 -12.711901729331277 0
      vertex 0.6450623091815405 -12.680444767694963 0
    endloop
  endfacet
  facet normal 0 0 -1
    outer loop
      vertex 8.9 -15 0
      vertex 0.6450623091815405 -12.680444767694963 0
      vertex 0.7321259575364404 -12.644381823756682 0
    endloop
  endfacet
  facet normal 0 0 -1
    outer loop
      vertex 8.9 -15 0
      vertex 0.7321259575364404 -12.644381823756682 0
      vertex 0.8171828995311843 -12.603811743539062 0
    endloop
  endfacet
  facet normal 0 0 -1
    outer loop
      vertex 8.9 -15 0
      vertex 0.8171828995311843 -12.603811743539062 0
      vertex 0.9 -12.55884572681199 0
    endloop
  endfacet
  facet normal 0 0 -1
    outer loop
      vertex 8.9 -15 0
      vertex 0.9 -12.55884572681199 0
      vertex 0.9803502630270488 -12.509607022301763 0
    endloop
  endfacet
  facet normal 0 0 -1
    outer loop
      vertex 8.9 -15 0
      vertex 0.9803502630270488 -12.509607022301763 0
      vertex 1.0580134541264516 -12.456230589874906 0
    endloop
  endfacet
  facet normal 0 0 -1
    outer loop
      vertex 8.9 -15 0
      vertex 1.0580134541264516 -12.456230589874906 0
      vertex 1.1327767038897074 -12.398862730622547 0
    endloop
  endfacet
  facet normal 0 0 -1
    outer loop
      vertex 8.9 -15 0
      vertex 1.1327767038897074 -12.398862730622547 0
      vertex 1.204435091445945 -12.33766068585931 0
    endloop
  endfacet
  facet normal 0 0 -1
    outer loop
      vertex 8.9 -15 0
      vertex 1.204435091445945 -12.33766068585931 0
      vertex 1.2727922061357857 -12.272792206135787 0
    endloop
  endfacet
  facet normal 0 0 -1
    outer loop
      vertex 8.9 -15 0
      vertex 1.2727922061357857 -12.272792206135787 0
      vertex 1.3376606858593096 -12.204435091445944 0
    endloop
  endfacet
  facet normal 0 0 -1
    outer loop
      vertex 8.9 -15 0
      vertex 1.3376606858593096 -12.204435091445944 0
      vertex 1.3988627306225476 -12.132776703889707 0
    endloop
  endfacet
  facet normal 0 0 -1
    outer loop
      vertex 8.9 -15 0
      vertex 1.3376606858593096 -9.795564908554056 0
      vertex 1.2727922061357857 -9.727207793864213 0
    endloop
  endfacet
  facet normal 0 0 -1
    outer loop
      vertex 8.9 -15 0
      vertex 1.3988627306225476 -9.867223296110293 0
      vertex 1.3376606858593096 -9.795564908554056 0
    endloop
  endfacet
  facet normal 0 0 -1
    outer loop
      vertex 8.9 -15 0
      vertex 1.3988627306225476 -12.132776703889707 0
      vertex 1.4562305898749055 -12.058013454126451 0
    endloop
  endfacet
  facet normal 0 0 -1
    outer loop
      vertex 8.9 -15 0
      vertex 1.4562305898749055 -12.058013454126451 0
      vertex 1.5096070223017632 -11.980350263027049 0
    endloop
  endfacet
  facet normal 0 0 -1
    outer loop
      vertex 8.9 -15 0
      vertex 1.5096070223017632 -11.980350263027049 0
      vertex 1.5588457268119895 -11.9 0
    endloop
  endfacet
  facet normal 0 0 -1
    outer loop
      vertex 8.9 -15 0
      vertex 1.5588457268119895 -11.9 0
      vertex 1.6038117435390622 -11.817182899531185 0
    endloop
  endfacet
  facet normal 0 0 -1
    outer loop
      vertex 8.9 -15 0
      vertex 1.6038117435390622 -11.817182899531185 0
      vertex 1.6443818237566816 -11.732125957536441 0
    endloop
  endfacet
  facet normal 0 0 -1
    outer loop
      vertex 8.9 -15 0
      vertex 1.6443818237566816 -11.732125957536441 0
      vertex 1.6804447676949632 -11.64506230918154 0
    endloop
  endfacet
  facet normal 0 0 -1
    outer loop
      vertex 8.9 -15 0
      vertex 1.6804447676949632 -11.64506230918154 0
      vertex 1.7119017293312764 -11.556230589874906 0
    endloop
  endfacet
  facet normal 0 0 -1
    outer loop
      vertex 8.9 -15 0
      vertex 1.7119017293312764 -11.556230589874906 0
      vertex 1.738666487320323 -11.465874281184536 0
    endloop
  endfacet
  facet normal 0 0 -1
    outer loop
      vertex 8.9 -15 0
      vertex 1.738666487320323 -11.465874281184536 0
      vertex 1.7606656813208503 -11.374241043471967 0
    endloop
  endfacet
  facet normal 0 0 -1
    outer loop
      vertex 8.9 -15 0
      vertex 1.7606656813208503 -11.374241043471967 0
      vertex 1.777839013071248 -11.281582037072415 0
    endloop
  endfacet
  facet normal 0 0 -1
    outer loop
      vertex 8.9 -15 0
      vertex 1.777839013071248 -11.281582037072415 0
      vertex 1.790139411662892 -11.188151233881776 0
    endloop
  endfacet
  facet normal 0 0 -1
    outer loop
      vertex 8.9 -15 0
      vertex 1.790139411662892 -11.188151233881776 0
      vertex 1.797533162558233 -11.094204721237299 0
    endloop
  endfacet
  facet normal 0 0 -1
    outer loop
      vertex 8.9 -15 0
      vertex 1.797533162558233 -11.094204721237299 0
      vertex 1.8 -11 0
    endloop
  endfacet
  facet normal 0 0 -1
    outer loop
      vertex 8.9 -15 0
      vertex 1.8 -11 0
      vertex 1.797533162558233 -10.905795278762701 0
    endloop
  endfacet
  facet normal 0 0 -1
    outer loop
      vertex 8.9 -15 0
      vertex 1.797533162558233 -10.905795278762701 0
      vertex 1.790139411662892 -10.811848766118224 0
    endloop
  endfacet
  facet normal 0 0 -1
    outer loop
      vertex 8.9 -15 0
      vertex 1.6038117435390622 -10.182817100468815 0
      vertex 1.5588457268119895 -10.1 0
    endloop
  endfacet
  facet normal 0 0 -1
    outer loop
      vertex 8.9 -15 0
      vertex 1.790139411662892 -10.811848766118224 0
      vertex 1.777839013071248 -10.718417962927585 0
    endloop
  endfacet
  facet normal 0 0 -1
    outer loop
      vertex 8.9 -15 0
      vertex 1.777839013071248 -10.718417962927585 0
      vertex 1.7606656813208503 -10.625758956528033 0
    endloop
  endfacet
  facet normal 0 0 -1
    outer loop
      vertex 8.9 -15 0
      vertex 1.7606656813208503 -10.625758956528033 0
      vertex 1.738666487320323 -10.534125718815464 0
    endloop
  endfacet
  facet normal 0 0 -1
    outer loop
      vertex 8.9 -15 0
      vertex 1.738666487320323 -10.534125718815464 0
      vertex 1.7119017293312764 -10.443769410125094 0
    endloop
  endfacet
  facet normal 0 0 -1
    outer loop
      vertex 8.9 -15 0
      vertex 1.7119017293312764 -10.443769410125094 0
      vertex 1.6804447676949632 -10.35493769081846 0
    endloop
  endfacet
  facet normal 0 0 -1
    outer loop
      vertex 8.9 -15 0
      vertex 1.6804447676949632 -10.35493769081846 0
      vertex 1.6443818237566816 -10.267874042463559 0
    endloop
  endfacet
  facet normal 0 0 -1
    outer loop
      vertex 8.9 -15 0
      vertex 1.6443818237566816 -10.267874042463559 0
      vertex 1.6038117435390622 -10.182817100468815 0
    endloop
  endfacet
  facet normal 0 0 -1
    outer loop
      vertex 8.9 -15 0
      vertex 1.4562305898749055 -9.941986545873549 0
      vertex 1.3988627306225476 -9.867223296110293 0
    endloop
  endfacet
  facet normal 0 0 -1
    outer loop
      vertex 8.9 -15 0
      vertex 1.5096070223017632 -10.019649736972951 0
      vertex 1.4562305898749055 -9.941986545873549 0
    endloop
  endfacet
  facet normal 0 0 -1
    outer loop
      vertex 8.9 -15 0
      vertex 1.5588457268119895 -10.1 0
      vertex 1.5096070223017632 -10.019649736972951 0
    endloop
  endfacet
  facet normal 0 0 1
    outer loop
      vertex 3.9000000000000004 -12 4
      vertex 1.4562305898749055 -12.058013454126451 4
      vertex 1.3988627306225476 -12.132776703889707 4
    endloop
  endfacet
  facet normal 0 0 1
    outer loop
      vertex 3.9000000000000004 -12 4
      vertex 1.5096070223017632 -11.980350263027049 4
      vertex 1.4562305898749055 -12.058013454126451 4
    endloop
  endfacet
  facet normal 0 0 1
    outer loop
      vertex 3.9000000000000004 -12 4
      vertex 1.5588457268119895 -11.9 4
      vertex 1.5096070223017632 -11.980350263027049 4
    endloop
  endfacet
  facet normal 0 0 1
    outer loop
      vertex 3.9000000000000004 -12 4
      vertex 1.6038117435390622 -11.817182899531185 4
      vertex 1.5588457268119895 -11.9 4
    endloop
  endfacet
  facet normal 0 0 1
    outer loop
      vertex 3.9000000000000004 -12 4
      vertex 1.6443818237566816 -11.732125957536441 4
      vertex 1.6038117435390622 -11.817182899531185 4
    endloop
  endfacet
  facet normal 0 0 1
    outer loop
      vertex 3.9000000000000004 -12 4
      vertex 1.6804447676949632 -11.64506230918154 4
      vertex 1.6443818237566816 -11.732125957536441 4
    endloop
  endfacet
  facet normal 0 0 1
    outer loop
      vertex 3.9000000000000004 -12 4
      vertex 1.7119017293312764 -11.556230589874906 4
      vertex 1.6804447676949632 -11.64506230918154 4
    endloop
  endfacet
  facet normal 0 0 1
    outer loop
      vertex 3.9000000000000004 -12 4
      vertex 1.738666487320323 -11.465874281184536 4
      vertex 1.7119017293312764 -11.556230589874906 4
    endloop
  endfacet
  facet normal 0 0 1
    outer loop
      vertex 3.9000000000000004 -12 4
      vertex 1.7606656813208503 -11.374241043471967 4
      vertex 1.738666487320323 -11.465874281184536 4
    endloop
  endfacet
  facet normal 0 0 1
    outer loop
      vertex 3.9000000000000004 -12 4
      vertex 1.777839013071248 -11.281582037072415 4
      vertex 1.7606656813208503 -11.374241043471967 4
    endloop
  endfacet
  facet normal 0 0 1
    outer loop
      vertex 3.9000000000000004 -12 4
      vertex 1.790139411662892 -11.188151233881776 4
      vertex 1.777839013071248 -11.281582037072415 4
    endloop
  endfacet
  facet normal 0 0 1
    outer loop
      vertex 3.9000000000000004 -12 4
      vertex 1.797533162558233 -11.094204721237299 4
      vertex 1.790139411662892 -11.188151233881776 4
    endloop
  endfacet
  facet normal 0 0 1
    outer loop
      vertex 3.9000000000000004 -12 4
      vertex 1.8 -11 4
      vertex 1.797533162558233 -11.094204721237299 4
    endloop
  endfacet
  facet normal 0 0 1
    outer loop
      vertex 3.9000000000000004 -12 4
      vertex 1.797533162558233 -10.905795278762701 4
      vertex 1.8 -11 4
    endloop
  endfacet
  facet normal 0 0 1
    outer loop
      vertex 3.9000000000000004 -12 4
      vertex 1.790139411662892 -10.811848766118224 4
      vertex 1.797533162558233 -10.905795278762701 4
    endloop
  endfacet
  facet normal 0 0 1
    outer loop
      vertex 3.9000000000000004 -12 4
      vertex 1.777839013071248 -10.718417962927585 4
      vertex 1.790139411662892 -10.811848766118224 4
    endloop
  endfacet
  facet normal 0 0 1
    outer loop
      vertex 3.9000000000000004 -12 4
      vertex 1.7606656813208503 -10.625758956528033 4
      vertex 1.777839013071248 -10.718417962927585 4
    endloop
  endfacet
  facet normal 0 0 1
    outer loop
      vertex 1.7606656813208503 -10.625758956528033 4
      vertex 3.8 -7 4
      vertex 1.738666487320323 -10.534125718815464 4
    endloop
  endfacet
  facet normal 0 0 1
    outer loop
      vertex 3.9000000000000004 -12 4
      vertex 3.8 -7 4
      vertex 1.7606656813208503 -10.625758956528033 4
    endloop
  endfacet
  facet normal 0 0 1
    outer loop
      vertex 1.6443818237566816 -10.267874042463559 4
      vertex 3.8 -7 4
      vertex 1.6038117435390622 -10.182817100468815 4
    endloop
  endfacet
  facet normal 0 0 1
    outer loop
      vertex 1.5588457268119895 -10.1 4
      vertex 3.8 -7 4
      vertex 1.5096070223017632 -10.019649736972951 4
    endloop
  endfacet
  facet normal 0 0 1
    outer loop
      vertex 1.5096070223017632 -10.019649736972951 4
      vertex 3.8 -7 4
      vertex 1.4562305898749055 -9.941986545873549 4
    endloop
  endfacet
  facet normal 0 0 1
    outer loop
      vertex 1.6038117435390622 -10.182817100468815 4
      vertex 3.8 -7 4
      vertex 1.5588457268119895 -10.1 4
    endloop
  endfacet
  facet normal 0 0 1
    outer loop
      vertex 1.7119017293312764 -10.443769410125094 4
      vertex 3.8 -7 4
      vertex 1.6804447676949632 -10.35493769081846 4
    endloop
  endfacet
  facet normal 0 0 1
    outer loop
      vertex 1.738666487320323 -10.534125718815464 4
      vertex 3.8 -7 4
      vertex 1.7119017293312764 -10.443769410125094 4
    endloop
  endfacet
  facet normal 0 0 1
    outer loop
      vertex 1.6804447676949632 -10.35493769081846 4
      vertex 3.8 -7 4
      vertex 1.6443818237566816 -10.267874042463559 4
    endloop
  endfacet
  facet normal 0 0 -1
    outer loop
      vertex 8.9 15 0
      vertex -1.6038117435390622 -10.182817100468815 0
      vertex -1.6443818237566816 -10.267874042463559 0
    endloop
  endfacet
  facet normal 0 0 -1
    outer loop
      vertex 8.9 15 0
      vertex -1.5588457268119895 -10.1 0
      vertex -1.6038117435390622 -10.182817100468815 0
    endloop
  endfacet
  facet normal 0 0 -1
    outer loop
      vertex 8.9 15 0
      vertex -1.5096070223017632 -10.019649736972951 0
      vertex -1.5588457268119895 -10.1 0
    endloop
  endfacet
  facet normal 0 0 -1
    outer loop
      vertex 8.9 15 0
      vertex -1.4562305898749055 -9.941986545873549 0
      vertex -1.5096070223017632 -10.019649736972951 0
    endloop
  endfacet
  facet normal 0 0 -1
    outer loop
      vertex 8.9 15 0
      vertex -1.3988627306225476 -9.867223296110293 0
      vertex -1.4562305898749055 -9.941986545873549 0
    endloop
  endfacet
  facet normal 0 0 -1
    outer loop
      vertex 8.9 15 0
      vertex -1.3376606858593096 -9.795564908554056 0
      vertex -1.3988627306225476 -9.867223296110293 0
    endloop
  endfacet
  facet normal 0 0 -1
    outer loop
      vertex 8.9 15 0
      vertex -1.2727922061357857 -9.727207793864213 0
      vertex -1.3376606858593096 -9.795564908554056 0
    endloop
  endfacet
  facet normal 0 0 -1
    outer loop
      vertex 8.9 15 0
      vertex -1.204435091445945 -9.66233931414069 0
      vertex -1.2727922061357857 -9.727207793864213 0
    endloop
  endfacet
  facet normal 0 0 -1
    outer loop
      vertex 8.9 15 0
      vertex -1.1327767038897074 -9.601137269377453 0
      vertex -1.204435091445945 -9.66233931414069 0
    endloop
  endfacet
  facet normal 0 0 -1
    outer loop
      vertex 8.9 15 0
      vertex -1.0580134541264516 -9.543769410125094 0
      vertex -1.1327767038897074 -9.601137269377453 0
    endloop
  endfacet
  facet normal 0 0 -1
    outer loop
      vertex 8.9 15 0
      vertex -0.9803502630270488 -9.490392977698237 0
      vertex -1.0580134541264516 -9.543769410125094 0
    endloop
  endfacet
  facet normal 0 0 -1
    outer loop
      vertex 8.9 15 0
      vertex -0.9 -9.44115427318801 0
      vertex -0.9803502630270488 -9.490392977698237 0
    endloop
  endfacet
  facet normal 0 0 -1
    outer loop
      vertex 8.9 15 0
      vertex -0.8171828995311843 -9.396188256460938 0
      vertex -0.9 -9.44115427318801 0
    endloop
  endfacet
  facet normal 0 0 -1
    outer loop
      vertex 8.9 15 0
      vertex -0.7321259575364404 -9.355618176243318 0
      vertex -0.8171828995311843 -9.396188256460938 0
    endloop
  endfacet
  facet normal 0 0 -1
    outer loop
      vertex 8.9 15 0
      vertex -0.6450623091815405 -9.319555232305037 0
      vertex -0.7321259575364404 -9.355618176243318 0
    endloop
  endfacet
  facet normal 0 0 -1
    outer loop
      vertex 8.9 15 0
      vertex -0.5562305898749054 -9.288098270668723 0
      vertex -0.6450623091815405 -9.319555232305037 0
    endloop
  endfacet
  facet normal 0 0 -1
    outer loop
      vertex 8.9 15 0
      vertex -0.46587428118453733 -9.261333512679677 0
      vertex -0.5562305898749054 -9.288098270668723 0
    endloop
  endfacet
  facet normal 0 0 -1
    outer loop
      vertex 8.9 15 0
      vertex -0.37424104347196685 -9.23933431867915 0
      vertex -0.46587428118453733 -9.261333512679677 0
    endloop
  endfacet
  facet normal 0 0 -1
    outer loop
      vertex 8.9 15 0
      vertex -0.2815820370724156 -9.222160986928753 0
      vertex -0.37424104347196685 -9.23933431867915 0
    endloop
  endfacet
  facet normal 0 0 -1
    outer loop
      vertex 8.9 15 0
      vertex -0.18815123388177626 -9.209860588337108 0
      vertex -0.2815820370724156 -9.222160986928753 0
    endloop
  endfacet
  facet normal 0 0 -1
    outer loop
      vertex 8.9 15 0
      vertex -0.09420472123729891 -9.202466837441767 0
      vertex -0.18815123388177626 -9.209860588337108 0
    endloop
  endfacet
  facet normal 0 0 -1
    outer loop
      vertex 8.9 15 0
      vertex 0 -9.2 0
      vertex -0.09420472123729891 -9.202466837441767 0
    endloop
  endfacet
  facet normal 0 0 -1
    outer loop
      vertex 8.9 15 0
      vertex 0.09420472123729891 -9.202466837441767 0
      vertex 0 -9.2 0
    endloop
  endfacet
  facet normal 0 0 -1
    outer loop
      vertex 8.9 15 0
      vertex 0.18815123388177626 -9.209860588337108 0
      vertex 0.09420472123729891 -9.202466837441767 0
    endloop
  endfacet
  facet normal 0 0 -1
    outer loop
      vertex 8.9 15 0
      vertex 0.2815820370724156 -9.222160986928753 0
      vertex 0.18815123388177626 -9.209860588337108 0
    endloop
  endfacet
  facet normal 0 0 -1
    outer loop
      vertex 8.9 15 0
      vertex 0.37424104347196685 -9.23933431867915 0
      vertex 0.2815820370724156 -9.222160986928753 0
    endloop
  endfacet
  facet normal 0 0 -1
    outer loop
      vertex 8.9 15 0
      vertex 0.5562305898749054 -9.288098270668723 0
      vertex 0.46587428118453733 -9.261333512679677 0
    endloop
  endfacet
  facet normal 0 0 -1
    outer loop
      vertex 8.9 15 0
      vertex 0.46587428118453733 -9.261333512679677 0
      vertex 0.37424104347196685 -9.23933431867915 0
    endloop
  endfacet
  facet normal 0 0 -1
    outer loop
      vertex 8.9 15 0
      vertex 0.6450623091815405 -9.319555232305037 0
      vertex 0.5562305898749054 -9.288098270668723 0
    endloop
  endfacet
  facet normal 0 0 -1
    outer loop
      vertex 8.9 15 0
      vertex 0.7321259575364404 -9.355618176243318 0
      vertex 0.6450623091815405 -9.319555232305037 0
    endloop
  endfacet
  facet normal 0 0 -1
    outer loop
      vertex 8.9 15 0
      vertex 0.8171828995311843 -9.396188256460938 0
      vertex 0.7321259575364404 -9.355618176243318 0
    endloop
  endfacet
  facet normal 0 0 -1
    outer loop
      vertex 8.9 15 0
      vertex 0.9 -9.44115427318801 0
      vertex 0.8171828995311843 -9.396188256460938 0
    endloop
  endfacet
  facet normal 0 0 -1
    outer loop
      vertex 8.9 15 0
      vertex 0.9803502630270488 -9.490392977698237 0
      vertex 0.9 -9.44115427318801 0
    endloop
  endfacet
  facet normal 0 0 -1
    outer loop
      vertex 8.9 15 0
      vertex 1.204435091445945 -9.66233931414069 0
      vertex 1.1327767038897074 -9.601137269377453 0
    endloop
  endfacet
  facet normal 0 0 -1
    outer loop
      vertex 8.9 15 0
      vertex 1.2727922061357857 -9.727207793864213 0
      vertex 1.204435091445945 -9.66233931414069 0
    endloop
  endfacet
  facet normal 0 0 -1
    outer loop
      vertex 8.9 15 0
      vertex 1.0580134541264516 -9.543769410125094 0
      vertex 0.9803502630270488 -9.490392977698237 0
    endloop
  endfacet
  facet normal 0 0 -1
    outer loop
      vertex 8.9 15 0
      vertex 1.1327767038897074 -9.601137269377453 0
      vertex 1.0580134541264516 -9.543769410125094 0
    endloop
  endfacet
  facet normal 0 0 1
    outer loop
      vertex 3.9000000000000004 -12 4
      vertex 3.9000000000000004 12 4
      vertex 3.8 -7 4
    endloop
  endfacet
  facet normal 1 0 0
    outer loop
      vertex 8.9 -15 0
      vertex 8.9 -12 4
      vertex 8.9 -15 4
    endloop
  endfacet
  facet normal 0 0 1
    outer loop
      vertex 3.9000000000000004 -12 4
      vertex 8.9 -15 4
      vertex 8.9 -12 4
    endloop
  endfacet
  facet normal 0 0 -1
    outer loop
      vertex 8.9 -15 0
      vertex 1.2727922061357857 -9.727207793864213 0
      vertex 8.9 15 0
    endloop
  endfacet
  facet normal 1 0 0
    outer loop
      vertex 8.9 -15 0
      vertex 8.9 12 3
      vertex 8.9 -12 4
    endloop
  endfacet
  facet normal 0 0 -1
    outer loop
      vertex -8.9 -15 0
      vertex 1.0580134541264516 9.543769410125094 0
      vertex 8.9 15 0
    endloop
  endfacet
  facet normal 0 0 1
    outer loop
      vertex 3.9000000000000004 12 4
      vertex 3.8 7 4
      vertex 3.8 -7 4
    endloop
  endfacet
  facet normal 0 0 1
    outer loop
      vertex -0.5562305898749054 9.288098270668723 4
      vertex -0.6450623091815405 9.319555232305037 4
      vertex 3.8 7 4
    endloop
  endfacet
  facet normal 0 0 1
    outer loop
      vertex -0.46587428118453733 9.261333512679677 4
      vertex -0.5562305898749054 9.288098270668723 4
      vertex 3.8 7 4
    endloop
  endfacet
  facet normal 0 0 1
    outer loop
      vertex -0.37424104347196685 9.23933431867915 4
      vertex -0.46587428118453733 9.261333512679677 4
      vertex 3.8 7 4
    endloop
  endfacet
  facet normal 0 0 1
    outer loop
      vertex -0.2815820370724156 9.222160986928753 4
      vertex -0.37424104347196685 9.23933431867915 4
      vertex 3.8 7 4
    endloop
  endfacet
  facet normal 0 0 1
    outer loop
      vertex -0.18815123388177626 9.209860588337108 4
      vertex -0.2815820370724156 9.222160986928753 4
      vertex 3.8 7 4
    endloop
  endfacet
  facet normal 0 0 1
    outer loop
      vertex -0.09420472123729891 9.202466837441767 4
      vertex -0.18815123388177626 9.209860588337108 4
      vertex 3.8 7 4
    endloop
  endfacet
  facet normal 0 0 1
    outer loop
      vertex 0 9.2 4
      vertex -0.09420472123729891 9.202466837441767 4
      vertex 3.8 7 4
    endloop
  endfacet
  facet normal 0 0 1
    outer loop
      vertex 3.8 7 4
      vertex 0.09420472123729891 9.202466837441767 4
      vertex 0 9.2 4
    endloop
  endfacet
  facet normal 0 0 1
    outer loop
      vertex 3.8 7 4
      vertex 0.18815123388177626 9.209860588337108 4
      vertex 0.09420472123729891 9.202466837441767 4
    endloop
  endfacet
  facet normal 0 0 1
    outer loop
      vertex 3.8 7 4
      vertex 0.2815820370724156 9.222160986928753 4
      vertex 0.18815123388177626 9.209860588337108 4
    endloop
  endfacet
  facet normal 0 0 1
    outer loop
      vertex 3.8 7 4
      vertex 0.37424104347196685 9.23933431867915 4
      vertex 0.2815820370724156 9.222160986928753 4
    endloop
  endfacet
  facet normal 0 0 1
    outer loop
      vertex 3.8 7 4
      vertex 0.46587428118453733 9.261333512679677 4
      vertex 0.37424104347196685 9.23933431867915 4
    endloop
  endfacet
  facet normal 0 0 1
    outer loop
      vertex 3.8 7 4
      vertex 0.5562305898749054 9.288098270668723 4
      vertex 0.46587428118453733 9.261333512679677 4
    endloop
  endfacet
  facet normal 0 0 1
    outer loop
      vertex 3.8 7 4
      vertex 0.6450623091815405 9.319555232305037 4
      vertex 0.5562305898749054 9.288098270668723 4
    endloop
  endfacet
  facet normal 0 0 1
    outer loop
      vertex 3.8 7 4
      vertex 0.7321259575364404 9.355618176243318 4
      vertex 0.6450623091815405 9.319555232305037 4
    endloop
  endfacet
  facet normal 0 0 1
    outer loop
      vertex 3.8 7 4
      vertex 0.8171828995311843 9.396188256460938 4
      vertex 0.7321259575364404 9.355618176243318 4
    endloop
  endfacet
  facet normal 0 0 1
    outer loop
      vertex 3.8 7 4
      vertex 0.9 9.44115427318801 4
      vertex 0.8171828995311843 9.396188256460938 4
    endloop
  endfacet
  facet normal 0 0 1
    outer loop
      vertex 3.8 7 4
      vertex 0.9803502630270488 9.490392977698237 4
      vertex 0.9 9.44115427318801 4
    endloop
  endfacet
  facet normal 0 0 1
    outer loop
      vertex 3.8 7 4
      vertex 1.0580134541264516 9.543769410125094 4
      vertex 0.9803502630270488 9.490392977698237 4
    endloop
  endfacet
  facet normal 0 0 1
    outer loop
      vertex 3.8 7 4
      vertex 1.1327767038897074 9.601137269377453 4
      vertex 1.0580134541264516 9.543769410125094 4
    endloop
  endfacet
  facet normal 0 0 1
    outer loop
      vertex 3.8 7 4
      vertex 1.204435091445945 9.66233931414069 4
      vertex 1.1327767038897074 9.601137269377453 4
    endloop
  endfacet
  facet normal 0 0 1
    outer loop
      vertex 3.8 7 4
      vertex 1.2727922061357857 9.727207793864213 4
      vertex 1.204435091445945 9.66233931414069 4
    endloop
  endfacet
  facet normal 0 0 1
    outer loop
      vertex 3.8 7 4
      vertex 1.3376606858593096 9.795564908554056 4
      vertex 1.2727922061357857 9.727207793864213 4
    endloop
  endfacet
  facet normal 0 0 1
    outer loop
      vertex 3.8 7 4
      vertex 1.3988627306225476 9.867223296110293 4
      vertex 1.3376606858593096 9.795564908554056 4
    endloop
  endfacet
  facet normal 0 0 1
    outer loop
      vertex 3.8 7 4
      vertex 1.4562305898749055 9.941986545873549 4
      vertex 1.3988627306225476 9.867223296110293 4
    endloop
  endfacet
  facet normal 0 0 -1
    outer loop
      vertex -8.9 15 0
      vertex 8.9 15 0
      vertex 0.46587428118453733 12.738666487320323 0
    endloop
  endfacet
  facet normal 0 0 1
    outer loop
      vertex 3.9000000000000004 12 4
      vertex 1.2727922061357857 12.272792206135787 4
      vertex 1.3376606858593096 12.204435091445944 4
    endloop
  endfacet
  facet normal 0 0 1
    outer loop
      vertex 3.9000000000000004 12 4
      vertex 1.3376606858593096 12.204435091445944 4
      vertex 1.3988627306225476 12.132776703889707 4
    endloop
  endfacet
  facet normal 0 0 1
    outer loop
      vertex -3.9000000000000004 12 4
      vertex -0.46587428118453733 12.738666487320323 4
      vertex 8.9 15 4
    endloop
  endfacet
  facet normal 0 0 1
    outer loop
      vertex 3.8 7 4
      vertex 1.5096070223017632 10.019649736972951 4
      vertex 1.4562305898749055 9.941986545873549 4
    endloop
  endfacet
  facet normal 0 0 1
    outer loop
      vertex 3.8 7 4
      vertex 1.5588457268119895 10.1 4
      vertex 1.5096070223017632 10.019649736972951 4
    endloop
  endfacet
  facet normal 0 0 1
    outer loop
      vertex 3.8 7 4
      vertex 1.6038117435390622 10.182817100468815 4
      vertex 1.5588457268119895 10.1 4
    endloop
  endfacet
  facet normal 0 0 1
    outer loop
      vertex 3.8 7 4
      vertex 1.6443818237566816 10.267874042463559 4
      vertex 1.6038117435390622 10.182817100468815 4
    endloop
  endfacet
  facet normal 0 0 1
    outer loop
      vertex 3.8 7 4
      vertex 1.6804447676949632 10.35493769081846 4
      vertex 1.6443818237566816 10.267874042463559 4
    endloop
  endfacet
  facet normal 0 0 1
    outer loop
      vertex 3.8 7 4
      vertex 1.7119017293312764 10.443769410125094 4
      vertex 1.6804447676949632 10.35493769081846 4
    endloop
  endfacet
  facet normal 0 0 1
    outer loop
      vertex 3.8 7 4
      vertex 1.738666487320323 10.534125718815464 4
      vertex 1.7119017293312764 10.443769410125094 4
    endloop
  endfacet
  facet normal 0 0 1
    outer loop
      vertex 3.8 7 4
      vertex 1.7606656813208503 10.625758956528033 4
      vertex 1.738666487320323 10.534125718815464 4
    endloop
  endfacet
  facet normal 0 0 1
    outer loop
      vertex 3.8 7 4
      vertex 1.777839013071248 10.718417962927585 4
      vertex 1.7606656813208503 10.625758956528033 4
    endloop
  endfacet
  facet normal 0 0 1
    outer loop
      vertex 3.9000000000000004 12 4
      vertex 1.790139411662892 10.811848766118224 4
      vertex 1.777839013071248 10.718417962927585 4
    endloop
  endfacet
  facet normal 0 0 1
    outer loop
      vertex 3.9000000000000004 12 4
      vertex 1.797533162558233 10.905795278762701 4
      vertex 1.790139411662892 10.811848766118224 4
    endloop
  endfacet
  facet normal 0 0 1
    outer loop
      vertex 3.9000000000000004 12 4
      vertex 1.777839013071248 10.718417962927585 4
      vertex 3.8 7 4
    endloop
  endfacet
  facet normal 0 0 -1
    outer loop
      vertex 8.9 15 0
      vertex 0.5562305898749054 12.711901729331277 0
      vertex 0.46587428118453733 12.738666487320323 0
    endloop
  endfacet
  facet normal 0 1 0
    outer loop
      vertex -8.9 15 4
      vertex 8.9 15 4
      vertex 8.9 15 0
    endloop
  endfacet
  facet normal 0 0 -1
    outer loop
      vertex 8.9 15 0
      vertex 1.0580134541264516 9.543769410125094 0
      vertex 1.1327767038897074 9.601137269377453 0
    endloop
  endfacet
  facet normal 0 0 -1
    outer loop
      vertex 8.9 15 0
      vertex 1.1327767038897074 9.601137269377453 0
      vertex 1.204435091445945 9.66233931414069 0
    endloop
  endfacet
  facet normal 0 0 -1
    outer loop
      vertex 8.9 15 0
      vertex 1.204435091445945 9.66233931414069 0
      vertex 1.2727922061357857 9.727207793864213 0
    endloop
  endfacet
  facet normal 0 0 -1
    outer loop
      vertex 8.9 15 0
      vertex 1.2727922061357857 9.727207793864213 0
      vertex 1.3376606858593096 9.795564908554056 0
    endloop
  endfacet
  facet normal 0 0 -1
    outer loop
      vertex 8.9 15 0
      vertex 1.3376606858593096 9.795564908554056 0
      vertex 1.3988627306225476 9.867223296110293 0
    endloop
  endfacet
  facet normal 0 0 -1
    outer loop
      vertex 8.9 15 0
      vertex 1.3988627306225476 12.132776703889707 0
      vertex 1.3376606858593096 12.204435091445944 0
    endloop
  endfacet
  facet normal 0 0 -1
    outer loop
      vertex 8.9 15 0
      vertex 1.3988627306225476 9.867223296110293 0
      vertex 1.4562305898749055 9.941986545873549 0
    endloop
  endfacet
  facet normal 0 0 -1
    outer loop
      vertex 8.9 15 0
      vertex 1.4562305898749055 9.941986545873549 0
      vertex 1.5096070223017632 10.019649736972951 0
    endloop
  endfacet
  facet normal 0 0 -1
    outer loop
      vertex 8.9 15 0
      vertex 1.5096070223017632 10.019649736972951 0
      vertex 1.5588457268119895 10.1 0
    endloop
  endfacet
  facet normal 0 0 -1
    outer loop
      vertex 8.9 15 0
      vertex 1.5588457268119895 10.1 0
      vertex 1.6038117435390622 10.182817100468815 0
    endloop
  endfacet
  facet normal 0 0 -1
    outer loop
      vertex 8.9 15 0
      vertex 1.6038117435390622 10.182817100468815 0
      vertex 1.6443818237566816 10.267874042463559 0
    endloop
  endfacet
  facet normal 0 0 -1
    outer loop
      vertex 8.9 15 0
      vertex 1.6443818237566816 10.267874042463559 0
      vertex 1.6804447676949632 10.35493769081846 0
    endloop
  endfacet
  facet normal 0 0 -1
    outer loop
      vertex 8.9 15 0
      vertex 1.6804447676949632 10.35493769081846 0
      vertex 1.7119017293312764 10.443769410125094 0
    endloop
  endfacet
  facet normal 0 0 -1
    outer loop
      vertex 8.9 15 0
      vertex 1.7119017293312764 10.443769410125094 0
      vertex 1.738666487320323 10.534125718815464 0
    endloop
  endfacet
  facet normal 0 0 -1
    outer loop
      vertex 8.9 15 0
      vertex 1.738666487320323 10.534125718815464 0
      vertex 1.7606656813208503 10.625758956528033 0
    endloop
  endfacet
  facet normal 0 0 -1
    outer loop
      vertex 8.9 15 0
      vertex 1.7606656813208503 10.625758956528033 0
      vertex 1.777839013071248 10.718417962927585 0
    endloop
  endfacet
  facet normal 0 0 -1
    outer loop
      vertex 8.9 15 0
      vertex 1.777839013071248 10.718417962927585 0
      vertex 1.790139411662892 10.811848766118224 0
    endloop
  endfacet
  facet normal 0 0 -1
    outer loop
      vertex 8.9 15 0
      vertex 1.790139411662892 10.811848766118224 0
      vertex 1.797533162558233 10.905795278762701 0
    endloop
  endfacet
  facet normal 0 0 -1
    outer loop
      vertex 8.9 15 0
      vertex 1.797533162558233 10.905795278762701 0
      vertex 1.8 11 0
    endloop
  endfacet
  facet normal 0 0 -1
    outer loop
      vertex 8.9 15 0
      vertex 1.8 11 0
      vertex 1.797533162558233 11.094204721237299 0
    endloop
  endfacet
  facet normal 0 0 -1
    outer loop
      vertex 8.9 15 0
      vertex 1.797533162558233 11.094204721237299 0
      vertex 1.790139411662892 11.188151233881776 0
    endloop
  endfacet
  facet normal 0 0 -1
    outer loop
      vertex 8.9 15 0
      vertex 1.790139411662892 11.188151233881776 0
      vertex 1.777839013071248 11.281582037072415 0
    endloop
  endfacet
  facet normal 0 0 -1
    outer loop
      vertex 8.9 15 0
      vertex 1.7606656813208503 11.374241043471967 0
      vertex 1.738666487320323 11.465874281184536 0
    endloop
  endfacet
  facet normal 0 0 -1
    outer loop
      vertex 8.9 15 0
      vertex 1.777839013071248 11.281582037072415 0
      vertex 1.7606656813208503 11.374241043471967 0
    endloop
  endfacet
  facet normal 0 0 -1
    outer loop
      vertex 8.9 15 0
      vertex 1.4562305898749055 12.058013454126451 0
      vertex 1.3988627306225476 12.132776703889707 0
    endloop
  endfacet
  facet normal 0 0 -1
    outer loop
      vertex 8.9 15 0
      vertex 1.5096070223017632 11.980350263027049 0
      vertex 1.4562305898749055 12.058013454126451 0
    endloop
  endfacet
  facet normal 0 0 -1
    outer loop
      vertex 8.9 15 0
      vertex 1.5588457268119895 11.9 0
      vertex 1.5096070223017632 11.980350263027049 0
    endloop
  endfacet
  facet normal 0 0 -1
    outer loop
      vertex 8.9 15 0
      vertex 1.6038117435390622 11.817182899531185 0
      vertex 1.5588457268119895 11.9 0
    endloop
  endfacet
  facet normal 0 0 -1
    outer loop
      vertex 8.9 15 0
      vertex 1.7119017293312764 11.556230589874906 0
      vertex 1.6804447676949632 11.64506230918154 0
    endloop
  endfacet
  facet normal 0 0 -1
    outer loop
      vertex 8.9 15 0
      vertex 1.6443818237566816 11.732125957536441 0
      vertex 1.6038117435390622 11.817182899531185 0
    endloop
  endfacet
  facet normal 0 0 -1
    outer loop
      vertex 8.9 15 0
      vertex 1.6804447676949632 11.64506230918154 0
      vertex 1.6443818237566816 11.732125957536441 0
    endloop
  endfacet
  facet normal 0 0 -1
    outer loop
      vertex 8.9 15 0
      vertex 1.738666487320323 11.465874281184536 0
      vertex 1.7119017293312764 11.556230589874906 0
    endloop
  endfacet
  facet normal 0 0 -1
    outer loop
      vertex 8.9 15 0
      vertex 0.6450623091815405 12.680444767694963 0
      vertex 0.5562305898749054 12.711901729331277 0
    endloop
  endfacet
  facet normal 0 0 -1
    outer loop
      vertex 8.9 15 0
      vertex 0.7321259575364404 12.644381823756682 0
      vertex 0.6450623091815405 12.680444767694963 0
    endloop
  endfacet
  facet normal 0 0 -1
    outer loop
      vertex 8.9 15 0
      vertex 0.9803502630270488 12.509607022301763 0
      vertex 0.9 12.55884572681199 0
    endloop
  endfacet
  facet normal 0 0 -1
    outer loop
      vertex 8.9 15 0
      vertex 0.8171828995311843 12.603811743539062 0
      vertex 0.7321259575364404 12.644381823756682 0
    endloop
  endfacet
  facet normal 0 0 -1
    outer loop
      vertex 8.9 15 0
      vertex 0.9 12.55884572681199 0
      vertex 0.8171828995311843 12.603811743539062 0
    endloop
  endfacet
  facet normal 0 0 -1
    outer loop
      vertex 8.9 15 0
      vertex 1.0580134541264516 12.456230589874906 0
      vertex 0.9803502630270488 12.509607022301763 0
    endloop
  endfacet
  facet normal 0 0 -1
    outer loop
      vertex 8.9 15 0
      vertex 1.1327767038897074 12.398862730622547 0
      vertex 1.0580134541264516 12.456230589874906 0
    endloop
  endfacet
  facet normal 0 0 -1
    outer loop
      vertex 8.9 15 0
      vertex 1.204435091445945 12.33766068585931 0
      vertex 1.1327767038897074 12.398862730622547 0
    endloop
  endfacet
  facet normal 0 0 -1
    outer loop
      vertex 8.9 15 0
      vertex 1.2727922061357857 12.272792206135787 0
      vertex 1.204435091445945 12.33766068585931 0
    endloop
  endfacet
  facet normal 0 0 -1
    outer loop
      vertex 8.9 15 0
      vertex 1.3376606858593096 12.204435091445944 0
      vertex 1.2727922061357857 12.272792206135787 0
    endloop
  endfacet
  facet normal 0 0 1
    outer loop
      vertex 3.9000000000000004 12 4
      vertex 1.8 11 4
      vertex 1.797533162558233 10.905795278762701 4
    endloop
  endfacet
  facet normal 0 0 1
    outer loop
      vertex 3.9000000000000004 12 4
      vertex 1.797533162558233 11.094204721237299 4
      vertex 1.8 11 4
    endloop
  endfacet
  facet normal 0 0 1
    outer loop
      vertex 3.9000000000000004 12 4
      vertex 1.790139411662892 11.188151233881776 4
      vertex 1.797533162558233 11.094204721237299 4
    endloop
  endfacet
  facet normal 0 0 1
    outer loop
      vertex 3.9000000000000004 12 4
      vertex 1.777839013071248 11.281582037072415 4
      vertex 1.790139411662892 11.188151233881776 4
    endloop
  endfacet
  facet normal 0 0 1
    outer loop
      vertex 3.9000000000000004 12 4
      vertex 1.7606656813208503 11.374241043471967 4
      vertex 1.777839013071248 11.281582037072415 4
    endloop
  endfacet
  facet normal 0 0 1
    outer loop
      vertex 3.9000000000000004 12 4
      vertex 1.738666487320323 11.465874281184536 4
      vertex 1.7606656813208503 11.374241043471967 4
    endloop
  endfacet
  facet normal 0 0 1
    outer loop
      vertex 3.9000000000000004 12 4
      vertex 1.7119017293312764 11.556230589874906 4
      vertex 1.738666487320323 11.465874281184536 4
    endloop
  endfacet
  facet normal 0 0 1
    outer loop
      vertex 3.9000000000000004 12 4
      vertex 1.5588457268119895 11.9 4
      vertex 1.6038117435390622 11.817182899531185 4
    endloop
  endfacet
  facet normal 0 0 1
    outer loop
      vertex 3.9000000000000004 12 4
      vertex 1.3988627306225476 12.132776703889707 4
      vertex 1.4562305898749055 12.058013454126451 4
    endloop
  endfacet
  facet normal 0 0 1
    outer loop
      vertex 3.9000000000000004 12 4
      vertex 1.4562305898749055 12.058013454126451 4
      vertex 1.5096070223017632 11.980350263027049 4
    endloop
  endfacet
  facet normal 0 0 1
    outer loop
      vertex 3.9000000000000004 12 4
      vertex 1.5096070223017632 11.980350263027049 4
      vertex 1.5588457268119895 11.9 4
    endloop
  endfacet
  facet normal 0 0 1
    outer loop
      vertex 3.9000000000000004 12 4
      vertex 1.6804447676949632 11.64506230918154 4
      vertex 1.7119017293312764 11.556230589874906 4
    endloop
  endfacet
  facet normal 0 0 1
    outer loop
      vertex 3.9000000000000004 12 4
      vertex 1.6443818237566816 11.732125957536441 4
      vertex 1.6804447676949632 11.64506230918154 4
    endloop
  endfacet
  facet normal 0 0 1
    outer loop
      vertex 3.9000000000000004 12 4
      vertex 1.6038117435390622 11.817182899531185 4
      vertex 1.6443818237566816 11.732125957536441 4
    endloop
  endfacet
  facet normal 0 0 1
    outer loop
      vertex 8.9 15 4
      vertex -0.46587428118453733 12.738666487320323 4
      vertex -0.37424104347196685 12.76066568132085 4
    endloop
  endfacet
  facet normal 0 0 1
    outer loop
      vertex 8.9 15 4
      vertex -0.37424104347196685 12.76066568132085 4
      vertex -0.2815820370724156 12.777839013071247 4
    endloop
  endfacet
  facet normal 0 0 1
    outer loop
      vertex 8.9 15 4
      vertex -0.2815820370724156 12.777839013071247 4
      vertex -0.18815123388177626 12.790139411662892 4
    endloop
  endfacet
  facet normal 0 0 1
    outer loop
      vertex 8.9 15 4
      vertex -0.18815123388177626 12.790139411662892 4
      vertex -0.09420472123729891 12.797533162558233 4
    endloop
  endfacet
  facet normal 0 0 1
    outer loop
      vertex 8.9 15 4
      vertex -0.09420472123729891 12.797533162558233 4
      vertex 0 12.8 4
    endloop
  endfacet
  facet normal 0 0 1
    outer loop
      vertex 8.9 15 4
      vertex 0 12.8 4
      vertex 0.09420472123729891 12.797533162558233 4
    endloop
  endfacet
  facet normal 0 0 1
    outer loop
      vertex 8.9 15 4
      vertex 0.09420472123729891 12.797533162558233 4
      vertex 0.18815123388177626 12.790139411662892 4
    endloop
  endfacet
  facet normal 0 0 1
    outer loop
      vertex 8.9 15 4
      vertex 0.18815123388177626 12.790139411662892 4
      vertex 0.2815820370724156 12.777839013071247 4
    endloop
  endfacet
  facet normal 0 0 1
    outer loop
      vertex 8.9 15 4
      vertex 0.2815820370724156 12.777839013071247 4
      vertex 0.37424104347196685 12.76066568132085 4
    endloop
  endfacet
  facet normal 0 0 1
    outer loop
      vertex 8.9 15 4
      vertex 0.37424104347196685 12.76066568132085 4
      vertex 0.46587428118453733 12.738666487320323 4
    endloop
  endfacet
  facet normal 0 0 1
    outer loop
      vertex 8.9 15 4
      vertex 0.46587428118453733 12.738666487320323 4
      vertex 0.5562305898749054 12.711901729331277 4
    endloop
  endfacet
  facet normal 0 0 1
    outer loop
      vertex 8.9 15 4
      vertex 0.5562305898749054 12.711901729331277 4
      vertex 0.6450623091815405 12.680444767694963 4
    endloop
  endfacet
  facet normal 0 0 1
    outer loop
      vertex 8.9 15 4
      vertex 0.6450623091815405 12.680444767694963 4
      vertex 0.7321259575364404 12.644381823756682 4
    endloop
  endfacet
  facet normal 0 0 1
    outer loop
      vertex 8.9 15 4
      vertex 0.9 12.55884572681199 4
      vertex 0.9803502630270488 12.509607022301763 4
    endloop
  endfacet
  facet normal 0 0 1
    outer loop
      vertex 8.9 15 4
      vertex 0.7321259575364404 12.644381823756682 4
      vertex 0.8171828995311843 12.603811743539062 4
    endloop
  endfacet
  facet normal 0 0 1
    outer loop
      vertex 8.9 15 4
      vertex 0.8171828995311843 12.603811743539062 4
      vertex 0.9 12.55884572681199 4
    endloop
  endfacet
  facet normal 0 0 1
    outer loop
      vertex 8.9 15 4
      vertex 0.9803502630270488 12.509607022301763 4
      vertex 1.0580134541264516 12.456230589874906 4
    endloop
  endfacet
  facet normal 0 0 1
    outer loop
      vertex 8.9 15 4
      vertex 1.0580134541264516 12.456230589874906 4
      vertex 1.1327767038897074 12.398862730622547 4
    endloop
  endfacet
  facet normal 0 0 1
    outer loop
      vertex 8.9 15 4
      vertex 1.1327767038897074 12.398862730622547 4
      vertex 1.204435091445945 12.33766068585931 4
    endloop
  endfacet
  facet normal 0 0 1
    outer loop
      vertex 8.9 15 4
      vertex 1.204435091445945 12.33766068585931 4
      vertex 1.2727922061357857 12.272792206135787 4
    endloop
  endfacet
  facet normal 1 0 0
    outer loop
      vertex 8.9 -15 0
      vertex 8.9 15 0
      vertex 8.9 12 3
    endloop
  endfacet
  facet normal 0 0 1
    outer loop
      vertex 3.9000000000000004 12 4
      vertex 8.9 15 4
      vertex 1.2727922061357857 12.272792206135787 4
    endloop
  endfacet
  facet normal 1 0 0
    outer loop
      vertex 8.9 15 0
      vertex 8.9 15 4
      vertex 8.9 12 3
    endloop
  endfacet
  facet normal 0 0 1
    outer loop
      vertex 3.9000000000000004 12 4
      vertex 8.9 12 4
      vertex 8.9 15 4
    endloop
  endfacet
  facet normal 1 0 0
    outer loop
      vertex 8.9 12 3
      vertex 8.9 15 4
      vertex 8.9 12 4
    endloop
  endfacet
  facet normal 0.9588197348681936 0.28401534470392087 0
    outer loop
      vertex -1.738666487320323 -11.465874281184536 4
      vertex -1.7119017293312764 -11.556230589874906 0
      vertex -1.738666487320323 -11.465874281184536 0
    endloop
  endfacet
  facet normal 0.9426414910921781 0.33380685923377174 0
    outer loop
      vertex -1.7119017293312764 -11.556230589874906 4
      vertex -1.6804447676949632 -11.64506230918154 0
      vertex -1.7119017293312764 -11.556230589874906 0
    endloop
  endfacet
  facet normal 0.9723699203976758 0.2334453638559087 0
    outer loop
      vertex -1.7606656813208503 -11.374241043471967 4
      vertex -1.738666487320323 -11.465874281184536 0
      vertex -1.7606656813208503 -11.374241043471967 0
    endloop
  endfacet
  facet normal 0.983254907563955 0.18223552549214492 0
    outer loop
      vertex -1.777839013071248 -11.281582037072415 4
      vertex -1.7606656813208503 -11.374241043471967 0
      vertex -1.777839013071248 -11.281582037072415 0
    endloop
  endfacet
  facet normal 0.7253743710122961 0.6883545756937451 0
    outer loop
      vertex -1.3376606858593096 -12.204435091445944 4
      vertex -1.2727922061357857 -12.272792206135787 0
      vertex -1.3376606858593096 -12.204435091445944 0
    endloop
  endfacet
  facet normal 0.6883545756937521 0.7253743710122895 0
    outer loop
      vertex -1.2727922061357857 -12.272792206135787 4
      vertex -1.204435091445945 -12.33766068585931 0
      vertex -1.2727922061357857 -12.272792206135787 0
    endloop
  endfacet
  facet normal 0.6494480483301733 0.7604059656000397 0
    outer loop
      vertex -1.204435091445945 -12.33766068585931 4
      vertex -1.1327767038897074 -12.398862730622547 0
      vertex -1.204435091445945 -12.33766068585931 0
    endloop
  endfacet
  facet normal 0.9025852843498596 0.43051109680829697 0
    outer loop
      vertex -1.6443818237566816 -11.732125957536441 4
      vertex -1.6038117435390622 -11.817182899531185 0
      vertex -1.6443818237566816 -11.732125957536441 0
    endloop
  endfacet
  facet normal 0.8788171126619652 0.4771587602596088 0
    outer loop
      vertex -1.6038117435390622 -11.817182899531185 4
      vertex -1.5588457268119895 -11.9 0
      vertex -1.6038117435390622 -11.817182899531185 0
    endloop
  endfacet
  facet normal 0.8526401643540911 0.5224985647159507 0
    outer loop
      vertex -1.5588457268119895 -11.9 4
      vertex -1.5096070223017632 -11.980350263027049 0
      vertex -1.5588457268119895 -11.9 0
    endloop
  endfacet
  facet normal 0.8241261886220145 0.5664062369248345 0
    outer loop
      vertex -1.5096070223017632 -11.980350263027049 4
      vertex -1.4562305898749055 -12.058013454126451 0
      vertex -1.5096070223017632 -11.980350263027049 0
    endloop
  endfacet
  facet normal 0.7933533402912363 0.6087614290087191 0
    outer loop
      vertex -1.4562305898749055 -12.058013454126451 4
      vertex -1.3988627306225476 -12.132776703889707 0
      vertex -1.4562305898749055 -12.058013454126451 0
    endloop
  endfacet
  facet normal 0.9238795325112883 0.38268343236508595 0
    outer loop
      vertex -1.6804447676949632 -11.64506230918154 4
      vertex -1.6443818237566816 -11.732125957536441 0
      vertex -1.6804447676949632 -11.64506230918154 0
    endloop
  endfacet
  facet normal 0.7604059656000296 0.6494480483301852 0
    outer loop
      vertex -1.3988627306225476 -12.132776703889707 4
      vertex -1.3376606858593096 -12.204435091445944 0
      vertex -1.3988627306225476 -12.132776703889707 0
    endloop
  endfacet
  facet normal 0.9426414910921781 0.33380685923377174 2.4538899786830277e-19
    outer loop
      vertex -1.7119017293312764 -11.556230589874906 4
      vertex -1.6804447676949632 -11.64506230918154 4
      vertex -1.6804447676949632 -11.64506230918154 0
    endloop
  endfacet
  facet normal 0.9588197348681936 0.28401534470392087 2.601212818979625e-19
    outer loop
      vertex -1.738666487320323 -11.465874281184536 4
      vertex -1.7119017293312764 -11.556230589874906 4
      vertex -1.7119017293312764 -11.556230589874906 0
    endloop
  endfacet
  facet normal 0.9723699203976758 0.2334453638559087 1.3758735161076276e-19
    outer loop
      vertex -1.7606656813208503 -11.374241043471967 4
      vertex -1.738666487320323 -11.465874281184536 4
      vertex -1.738666487320323 -11.465874281184536 0
    endloop
  endfacet
  facet normal 0.9914448613738106 0.13052619222004982 2.673070247218332e-19
    outer loop
      vertex -1.790139411662892 -11.188151233881776 4
      vertex -1.777839013071248 -11.281582037072415 4
      vertex -1.777839013071248 -11.281582037072415 0
    endloop
  endfacet
  facet normal 0.983254907563955 0.18223552549214492 -7.084906408819246e-20
    outer loop
      vertex -1.777839013071248 -11.281582037072415 4
      vertex -1.7606656813208503 -11.374241043471967 4
      vertex -1.7606656813208503 -11.374241043471967 0
    endloop
  endfacet
  facet normal 0.7253743710122961 0.6883545756937451 -3.1922958980316475e-19
    outer loop
      vertex -1.3376606858593096 -12.204435091445944 4
      vertex -1.2727922061357857 -12.272792206135787 4
      vertex -1.2727922061357857 -12.272792206135787 0
    endloop
  endfacet
  facet normal 0.6883545756937521 0.7253743710122895 0
    outer loop
      vertex -1.204435091445945 -12.33766068585931 4
      vertex -1.204435091445945 -12.33766068585931 0
      vertex -1.2727922061357857 -12.272792206135787 4
    endloop
  endfacet
  facet normal 0.6494480483301733 0.7604059656000397 0
    outer loop
      vertex -1.1327767038897074 -12.398862730622547 4
      vertex -1.1327767038897074 -12.398862730622547 0
      vertex -1.204435091445945 -12.33766068585931 4
    endloop
  endfacet
  facet normal 0.9025852843498596 0.43051109680829697 4.567031828698225e-19
    outer loop
      vertex -1.6443818237566816 -11.732125957536441 4
      vertex -1.6038117435390622 -11.817182899531185 4
      vertex -1.6038117435390622 -11.817182899531185 0
    endloop
  endfacet
  facet normal 0.8788171126619652 0.4771587602596088 -1.3127311245789527e-19
    outer loop
      vertex -1.6038117435390622 -11.817182899531185 4
      vertex -1.5588457268119895 -11.9 4
      vertex -1.5588457268119895 -11.9 0
    endloop
  endfacet
  facet normal 0.8526401643540911 0.5224985647159507 5.004699629281099e-19
    outer loop
      vertex -1.5588457268119895 -11.9 4
      vertex -1.5096070223017632 -11.980350263027049 4
      vertex -1.5096070223017632 -11.980350263027049 0
    endloop
  endfacet
  facet normal 0.8241261886220145 0.5664062369248345 -8.83519882042575e-19
    outer loop
      vertex -1.5096070223017632 -11.980350263027049 4
      vertex -1.4562305898749055 -12.058013454126451 4
      vertex -1.4562305898749055 -12.058013454126451 0
    endloop
  endfacet
  facet normal 0.7933533402912363 0.6087614290087191 5.337357361445473e-19
    outer loop
      vertex -1.4562305898749055 -12.058013454126451 4
      vertex -1.3988627306225476 -12.132776703889707 4
      vertex -1.3988627306225476 -12.132776703889707 0
    endloop
  endfacet
  facet normal 0.9238795325112883 0.38268343236508595 1.141444903052207e-19
    outer loop
      vertex -1.6804447676949632 -11.64506230918154 4
      vertex -1.6443818237566816 -11.732125957536441 4
      vertex -1.6443818237566816 -11.732125957536441 0
    endloop
  endfacet
  facet normal 0.7604059656000296 0.6494480483301852 -4.526737577205799e-19
    outer loop
      vertex -1.3988627306225476 -12.132776703889707 4
      vertex -1.3376606858593096 -12.204435091445944 4
      vertex -1.3376606858593096 -12.204435091445944 0
    endloop
  endfacet
  facet normal 0.566406236924827 0.8241261886220197 0
    outer loop
      vertex -1.0580134541264516 -12.456230589874906 4
      vertex -0.9803502630270488 -12.509607022301763 0
      vertex -1.0580134541264516 -12.456230589874906 0
    endloop
  endfacet
  facet normal 0.6087614290087303 0.7933533402912278 0
    outer loop
      vertex -1.1327767038897074 -12.398862730622547 4
      vertex -1.0580134541264516 -12.456230589874906 0
      vertex -1.1327767038897074 -12.398862730622547 0
    endloop
  endfacet
  facet normal 0.5224985647159538 0.8526401643540892 0
    outer loop
      vertex -0.9803502630270488 -12.509607022301763 4
      vertex -0.9 -12.55884572681199 0
      vertex -0.9803502630270488 -12.509607022301763 0
    endloop
  endfacet
  facet normal 0.477158760259602 0.8788171126619688 0
    outer loop
      vertex -0.9 -12.55884572681199 4
      vertex -0.8171828995311843 -12.603811743539062 0
      vertex -0.9 -12.55884572681199 0
    endloop
  endfacet
  facet normal 0.3826834323650901 0.9238795325112865 0
    outer loop
      vertex -0.7321259575364404 -12.644381823756682 4
      vertex -0.6450623091815405 -12.680444767694963 0
      vertex -0.7321259575364404 -12.644381823756682 0
    endloop
  endfacet
  facet normal 0.3338068592337783 0.9426414910921758 0
    outer loop
      vertex -0.6450623091815405 -12.680444767694963 4
      vertex -0.5562305898749054 -12.711901729331277 0
      vertex -0.6450623091815405 -12.680444767694963 0
    endloop
  endfacet
  facet normal 0.4305110968082986 0.9025852843498591 0
    outer loop
      vertex -0.8171828995311843 -12.603811743539062 4
      vertex -0.7321259575364404 -12.644381823756682 0
      vertex -0.8171828995311843 -12.603811743539062 0
    endloop
  endfacet
  facet normal 0.28401534470391543 0.9588197348681952 0
    outer loop
      vertex -0.5562305898749054 -12.711901729331277 4
      vertex -0.46587428118453733 -12.738666487320323 0
      vertex -0.5562305898749054 -12.711901729331277 0
    endloop
  endfacet
  facet normal 0.2334453638559018 0.9723699203976773 0
    outer loop
      vertex -0.46587428118453733 -12.738666487320323 4
      vertex -0.37424104347196685 -12.76066568132085 0
      vertex -0.46587428118453733 -12.738666487320323 0
    endloop
  endfacet
  facet normal 0.18223552549214456 0.9832549075639551 0
    outer loop
      vertex -0.37424104347196685 -12.76066568132085 4
      vertex -0.2815820370724156 -12.777839013071247 0
      vertex -0.37424104347196685 -12.76066568132085 0
    endloop
  endfacet
  facet normal 0.13052619222005868 0.9914448613738095 0
    outer loop
      vertex -0.2815820370724156 -12.777839013071247 4
      vertex -0.18815123388177626 -12.790139411662892 0
      vertex -0.2815820370724156 -12.777839013071247 0
    endloop
  endfacet
  facet normal 0.0784590957278453 0.996917333733128 0
    outer loop
      vertex -0.18815123388177626 -12.790139411662892 4
      vertex -0.09420472123729891 -12.797533162558233 0
      vertex -0.18815123388177626 -12.790139411662892 0
    endloop
  endfacet
  facet normal 0.026176948307878867 0.999657324975557 0
    outer loop
      vertex -0.09420472123729891 -12.797533162558233 4
      vertex 0 -12.8 0
      vertex -0.09420472123729891 -12.797533162558233 0
    endloop
  endfacet
  facet normal 0.6087614290087303 0.7933533402912278 0
    outer loop
      vertex -1.0580134541264516 -12.456230589874906 4
      vertex -1.0580134541264516 -12.456230589874906 0
      vertex -1.1327767038897074 -12.398862730622547 4
    endloop
  endfacet
  facet normal 0.566406236924827 0.8241261886220197 0
    outer loop
      vertex -0.9803502630270488 -12.509607022301763 4
      vertex -0.9803502630270488 -12.509607022301763 0
      vertex -1.0580134541264516 -12.456230589874906 4
    endloop
  endfacet
  facet normal 0.5224985647159538 0.8526401643540892 0
    outer loop
      vertex -0.9 -12.55884572681199 4
      vertex -0.9 -12.55884572681199 0
      vertex -0.9803502630270488 -12.509607022301763 4
    endloop
  endfacet
  facet normal 0.477158760259602 0.8788171126619688 0
    outer loop
      vertex -0.8171828995311843 -12.603811743539062 4
      vertex -0.8171828995311843 -12.603811743539062 0
      vertex -0.9 -12.55884572681199 4
    endloop
  endfacet
  facet normal 0.3826834323650901 0.9238795325112865 0
    outer loop
      vertex -0.6450623091815405 -12.680444767694963 4
      vertex -0.6450623091815405 -12.680444767694963 0
      vertex -0.7321259575364404 -12.644381823756682 4
    endloop
  endfacet
  facet normal 0.3338068592337783 0.9426414910921758 0
    outer loop
      vertex -0.5562305898749054 -12.711901729331277 4
      vertex -0.5562305898749054 -12.711901729331277 0
      vertex -0.6450623091815405 -12.680444767694963 4
    endloop
  endfacet
  facet normal 0.4305110968082986 0.9025852843498591 0
    outer loop
      vertex -0.7321259575364404 -12.644381823756682 4
      vertex -0.7321259575364404 -12.644381823756682 0
      vertex -0.8171828995311843 -12.603811743539062 4
    endloop
  endfacet
  facet normal 0.28401534470391543 0.9588197348681952 0
    outer loop
      vertex -0.46587428118453733 -12.738666487320323 4
      vertex -0.46587428118453733 -12.738666487320323 0
      vertex -0.5562305898749054 -12.711901729331277 4
    endloop
  endfacet
  facet normal 0.2334453638559018 0.9723699203976773 0
    outer loop
      vertex -0.37424104347196685 -12.76066568132085 4
      vertex -0.37424104347196685 -12.76066568132085 0
      vertex -0.46587428118453733 -12.738666487320323 4
    endloop
  endfacet
  facet normal 0.18223552549214456 0.9832549075639551 0
    outer loop
      vertex -0.2815820370724156 -12.777839013071247 4
      vertex -0.2815820370724156 -12.777839013071247 0
      vertex -0.37424104347196685 -12.76066568132085 4
    endloop
  endfacet
  facet normal 0.13052619222005868 0.9914448613738095 0
    outer loop
      vertex -0.18815123388177626 -12.790139411662892 4
      vertex -0.18815123388177626 -12.790139411662892 0
      vertex -0.2815820370724156 -12.777839013071247 4
    endloop
  endfacet
  facet normal 0.0784590957278453 0.996917333733128 0
    outer loop
      vertex -0.09420472123729891 -12.797533162558233 4
      vertex -0.09420472123729891 -12.797533162558233 0
      vertex -0.18815123388177626 -12.790139411662892 4
    endloop
  endfacet
  facet normal 0.026176948307878867 0.999657324975557 0
    outer loop
      vertex 0 -12.8 4
      vertex 0 -12.8 0
      vertex -0.09420472123729891 -12.797533162558233 4
    endloop
  endfacet
  facet normal 0.9914448613738106 0.13052619222004982 0
    outer loop
      vertex -1.790139411662892 -11.188151233881776 4
      vertex -1.777839013071248 -11.281582037072415 0
      vertex -1.790139411662892 -11.188151233881776 0
    endloop
  endfacet
  facet normal 0.9969173337331279 0.07845909572784562 0
    outer loop
      vertex -1.797533162558233 -11.094204721237299 4
      vertex -1.790139411662892 -11.188151233881776 0
      vertex -1.797533162558233 -11.094204721237299 0
    endloop
  endfacet
  facet normal 0.9996573249755571 0.026176948307874207 0
    outer loop
      vertex -1.8 -11 4
      vertex -1.797533162558233 -11.094204721237299 0
      vertex -1.8 -11 0
    endloop
  endfacet
  facet normal 0.9996573249755571 -0.026176948307874207 0
    outer loop
      vertex -1.797533162558233 -10.905795278762701 4
      vertex -1.8 -11 0
      vertex -1.797533162558233 -10.905795278762701 0
    endloop
  endfacet
  facet normal 0.9969173337331279 -0.07845909572784562 0
    outer loop
      vertex -1.790139411662892 -10.811848766118224 4
      vertex -1.797533162558233 -10.905795278762701 0
      vertex -1.790139411662892 -10.811848766118224 0
    endloop
  endfacet
  facet normal 0.9914448613738106 -0.13052619222004982 0
    outer loop
      vertex -1.777839013071248 -10.718417962927585 4
      vertex -1.790139411662892 -10.811848766118224 0
      vertex -1.777839013071248 -10.718417962927585 0
    endloop
  endfacet
  facet normal 0.983254907563955 -0.18223552549214492 0
    outer loop
      vertex -1.7606656813208503 -10.625758956528033 4
      vertex -1.777839013071248 -10.718417962927585 0
      vertex -1.7606656813208503 -10.625758956528033 0
    endloop
  endfacet
  facet normal 0.9723699203976758 -0.2334453638559087 0
    outer loop
      vertex -1.738666487320323 -10.534125718815464 4
      vertex -1.7606656813208503 -10.625758956528033 0
      vertex -1.738666487320323 -10.534125718815464 0
    endloop
  endfacet
  facet normal 0.9588197348681936 -0.28401534470392087 0
    outer loop
      vertex -1.7119017293312764 -10.443769410125094 4
      vertex -1.738666487320323 -10.534125718815464 0
      vertex -1.7119017293312764 -10.443769410125094 0
    endloop
  endfacet
  facet normal 0.9426414910921781 -0.33380685923377174 0
    outer loop
      vertex -1.6804447676949632 -10.35493769081846 4
      vertex -1.7119017293312764 -10.443769410125094 0
      vertex -1.6804447676949632 -10.35493769081846 0
    endloop
  endfacet
  facet normal 0.9238795325112883 -0.38268343236508595 0
    outer loop
      vertex -1.6443818237566816 -10.267874042463559 4
      vertex -1.6804447676949632 -10.35493769081846 0
      vertex -1.6443818237566816 -10.267874042463559 0
    endloop
  endfacet
  facet normal 0.9025852843498596 -0.43051109680829697 0
    outer loop
      vertex -1.6038117435390622 -10.182817100468815 4
      vertex -1.6443818237566816 -10.267874042463559 0
      vertex -1.6038117435390622 -10.182817100468815 0
    endloop
  endfacet
  facet normal 0.8788171126619652 -0.4771587602596088 0
    outer loop
      vertex -1.5588457268119895 -10.1 4
      vertex -1.6038117435390622 -10.182817100468815 0
      vertex -1.5588457268119895 -10.1 0
    endloop
  endfacet
  facet normal 0.8526401643540911 -0.5224985647159507 0
    outer loop
      vertex -1.5096070223017632 -10.019649736972951 4
      vertex -1.5588457268119895 -10.1 0
      vertex -1.5096070223017632 -10.019649736972951 0
    endloop
  endfacet
  facet normal 0.8241261886220145 -0.5664062369248345 0
    outer loop
      vertex -1.4562305898749055 -9.941986545873549 4
      vertex -1.5096070223017632 -10.019649736972951 0
      vertex -1.4562305898749055 -9.941986545873549 0
    endloop
  endfacet
  facet normal 0.7933533402912363 -0.6087614290087191 0
    outer loop
      vertex -1.3988627306225476 -9.867223296110293 4
      vertex -1.4562305898749055 -9.941986545873549 0
      vertex -1.3988627306225476 -9.867223296110293 0
    endloop
  endfacet
  facet normal 0.7604059656000296 -0.6494480483301852 0
    outer loop
      vertex -1.3376606858593096 -9.795564908554056 4
      vertex -1.3988627306225476 -9.867223296110293 0
      vertex -1.3376606858593096 -9.795564908554056 0
    endloop
  endfacet
  facet normal 0.7253743710122961 -0.6883545756937451 0
    outer loop
      vertex -1.2727922061357857 -9.727207793864213 4
      vertex -1.3376606858593096 -9.795564908554056 0
      vertex -1.2727922061357857 -9.727207793864213 0
    endloop
  endfacet
  facet normal 0.6883545756937521 -0.7253743710122895 0
    outer loop
      vertex -1.204435091445945 -9.66233931414069 4
      vertex -1.2727922061357857 -9.727207793864213 0
      vertex -1.204435091445945 -9.66233931414069 0
    endloop
  endfacet
  facet normal 0.6494480483301733 -0.7604059656000397 2.7691427190539365e-19
    outer loop
      vertex -1.204435091445945 -9.66233931414069 0
      vertex -1.1327767038897074 -9.601137269377453 0
      vertex -1.1327767038897074 -9.601137269377453 4
    endloop
  endfacet
  facet normal 0.9969173337331279 0.07845909572784562 -8.138511641923455e-20
    outer loop
      vertex -1.797533162558233 -11.094204721237299 4
      vertex -1.790139411662892 -11.188151233881776 4
      vertex -1.790139411662892 -11.188151233881776 0
    endloop
  endfacet
  facet normal 0.9996573249755571 0.026176948307874207 2.9278218193767794e-20
    outer loop
      vertex -1.8 -11 4
      vertex -1.797533162558233 -11.094204721237299 4
      vertex -1.797533162558233 -11.094204721237299 0
    endloop
  endfacet
  facet normal 0.9996573249755571 -0.026176948307874207 -2.9278218193767794e-20
    outer loop
      vertex -1.797533162558233 -10.905795278762701 4
      vertex -1.8 -11 4
      vertex -1.8 -11 0
    endloop
  endfacet
  facet normal 0.9969173337331279 -0.07845909572784562 8.138511641923455e-20
    outer loop
      vertex -1.790139411662892 -10.811848766118224 4
      vertex -1.797533162558233 -10.905795278762701 4
      vertex -1.797533162558233 -10.905795278762701 0
    endloop
  endfacet
  facet normal 0.9914448613738106 -0.13052619222004982 -2.673070247218332e-19
    outer loop
      vertex -1.777839013071248 -10.718417962927585 4
      vertex -1.790139411662892 -10.811848766118224 4
      vertex -1.790139411662892 -10.811848766118224 0
    endloop
  endfacet
  facet normal 0.983254907563955 -0.18223552549214492 7.084906408819246e-20
    outer loop
      vertex -1.7606656813208503 -10.625758956528033 4
      vertex -1.777839013071248 -10.718417962927585 4
      vertex -1.777839013071248 -10.718417962927585 0
    endloop
  endfacet
  facet normal 0.9723699203976758 -0.2334453638559087 -1.3758735161076276e-19
    outer loop
      vertex -1.738666487320323 -10.534125718815464 4
      vertex -1.7606656813208503 -10.625758956528033 4
      vertex -1.7606656813208503 -10.625758956528033 0
    endloop
  endfacet
  facet normal 0.9588197348681936 -0.28401534470392087 -2.601212818979625e-19
    outer loop
      vertex -1.7119017293312764 -10.443769410125094 4
      vertex -1.738666487320323 -10.534125718815464 4
      vertex -1.738666487320323 -10.534125718815464 0
    endloop
  endfacet
  facet normal 0.9426414910921781 -0.33380685923377174 -2.4538899786830277e-19
    outer loop
      vertex -1.6804447676949632 -10.35493769081846 4
      vertex -1.7119017293312764 -10.443769410125094 4
      vertex -1.7119017293312764 -10.443769410125094 0
    endloop
  endfacet
  facet normal 0.9238795325112883 -0.38268343236508595 -1.141444903052207e-19
    outer loop
      vertex -1.6443818237566816 -10.267874042463559 4
      vertex -1.6804447676949632 -10.35493769081846 4
      vertex -1.6804447676949632 -10.35493769081846 0
    endloop
  endfacet
  facet normal 0.9025852843498596 -0.43051109680829697 -4.567031828698225e-19
    outer loop
      vertex -1.6038117435390622 -10.182817100468815 4
      vertex -1.6443818237566816 -10.267874042463559 4
      vertex -1.6443818237566816 -10.267874042463559 0
    endloop
  endfacet
  facet normal 0.8788171126619652 -0.4771587602596088 1.3127311245789527e-19
    outer loop
      vertex -1.5588457268119895 -10.1 4
      vertex -1.6038117435390622 -10.182817100468815 4
      vertex -1.6038117435390622 -10.182817100468815 0
    endloop
  endfacet
  facet normal 0.8526401643540911 -0.5224985647159507 -5.004699629281099e-19
    outer loop
      vertex -1.5096070223017632 -10.019649736972951 4
      vertex -1.5588457268119895 -10.1 4
      vertex -1.5588457268119895 -10.1 0
    endloop
  endfacet
  facet normal 0.8241261886220145 -0.5664062369248345 8.83519882042575e-19
    outer loop
      vertex -1.4562305898749055 -9.941986545873549 4
      vertex -1.5096070223017632 -10.019649736972951 4
      vertex -1.5096070223017632 -10.019649736972951 0
    endloop
  endfacet
  facet normal 0.7933533402912363 -0.6087614290087191 -5.337357361445473e-19
    outer loop
      vertex -1.3988627306225476 -9.867223296110293 4
      vertex -1.4562305898749055 -9.941986545873549 4
      vertex -1.4562305898749055 -9.941986545873549 0
    endloop
  endfacet
  facet normal 0.7604059656000296 -0.6494480483301852 4.526737577205799e-19
    outer loop
      vertex -1.3376606858593096 -9.795564908554056 4
      vertex -1.3988627306225476 -9.867223296110293 4
      vertex -1.3988627306225476 -9.867223296110293 0
    endloop
  endfacet
  facet normal 0.7253743710122961 -0.6883545756937451 3.1922958980316475e-19
    outer loop
      vertex -1.2727922061357857 -9.727207793864213 4
      vertex -1.3376606858593096 -9.795564908554056 4
      vertex -1.3376606858593096 -9.795564908554056 0
    endloop
  endfacet
  facet normal 0.6883545756937521 -0.7253743710122895 0
    outer loop
      vertex -1.2727922061357857 -9.727207793864213 4
      vertex -1.2727922061357857 -9.727207793864213 0
      vertex -1.204435091445945 -9.66233931414069 4
    endloop
  endfacet
  facet normal 0.6494480483301733 -0.7604059656000397 0
    outer loop
      vertex -1.204435091445945 -9.66233931414069 4
      vertex -1.204435091445945 -9.66233931414069 0
      vertex -1.1327767038897074 -9.601137269377453 4
    endloop
  endfacet
  facet normal 0.6087614290087303 -0.7933533402912278 0
    outer loop
      vertex -1.0580134541264516 -9.543769410125094 4
      vertex -1.1327767038897074 -9.601137269377453 0
      vertex -1.0580134541264516 -9.543769410125094 0
    endloop
  endfacet
  facet normal 0.566406236924827 -0.8241261886220197 0
    outer loop
      vertex -0.9803502630270488 -9.490392977698237 4
      vertex -1.0580134541264516 -9.543769410125094 0
      vertex -0.9803502630270488 -9.490392977698237 0
    endloop
  endfacet
  facet normal 0.5224985647159538 -0.8526401643540892 0
    outer loop
      vertex -0.9 -9.44115427318801 4
      vertex -0.9803502630270488 -9.490392977698237 0
      vertex -0.9 -9.44115427318801 0
    endloop
  endfacet
  facet normal 0.477158760259602 -0.8788171126619688 0
    outer loop
      vertex -0.8171828995311843 -9.396188256460938 4
      vertex -0.9 -9.44115427318801 0
      vertex -0.8171828995311843 -9.396188256460938 0
    endloop
  endfacet
  facet normal 0.6087614290087303 -0.7933533402912278 0
    outer loop
      vertex -1.1327767038897074 -9.601137269377453 4
      vertex -1.1327767038897074 -9.601137269377453 0
      vertex -1.0580134541264516 -9.543769410125094 4
    endloop
  endfacet
  facet normal 0.566406236924827 -0.8241261886220197 0
    outer loop
      vertex -1.0580134541264516 -9.543769410125094 4
      vertex -1.0580134541264516 -9.543769410125094 0
      vertex -0.9803502630270488 -9.490392977698237 4
    endloop
  endfacet
  facet normal 0.5224985647159538 -0.8526401643540892 0
    outer loop
      vertex -0.9803502630270488 -9.490392977698237 4
      vertex -0.9803502630270488 -9.490392977698237 0
      vertex -0.9 -9.44115427318801 4
    endloop
  endfacet
  facet normal 0.477158760259602 -0.8788171126619688 0
    outer loop
      vertex -0.9 -9.44115427318801 4
      vertex -0.9 -9.44115427318801 0
      vertex -0.8171828995311843 -9.396188256460938 4
    endloop
  endfacet
  facet normal 0.4305110968082986 -0.9025852843498591 0
    outer loop
      vertex -0.8171828995311843 -9.396188256460938 4
      vertex -0.8171828995311843 -9.396188256460938 0
      vertex -0.7321259575364404 -9.355618176243318 4
    endloop
  endfacet
  facet normal 0.4305110968082986 -0.9025852843498591 0
    outer loop
      vertex -0.7321259575364404 -9.355618176243318 4
      vertex -0.8171828995311843 -9.396188256460938 0
      vertex -0.7321259575364404 -9.355618176243318 0
    endloop
  endfacet
  facet normal 0.3826834323650901 -0.9238795325112865 0
    outer loop
      vertex -0.6450623091815405 -9.319555232305037 4
      vertex -0.7321259575364404 -9.355618176243318 0
      vertex -0.6450623091815405 -9.319555232305037 0
    endloop
  endfacet
  facet normal 0.3338068592337783 -0.9426414910921758 0
    outer loop
      vertex -0.5562305898749054 -9.288098270668723 4
      vertex -0.6450623091815405 -9.319555232305037 0
      vertex -0.5562305898749054 -9.288098270668723 0
    endloop
  endfacet
  facet normal 0.28401534470391543 -0.9588197348681952 0
    outer loop
      vertex -0.46587428118453733 -9.261333512679677 4
      vertex -0.5562305898749054 -9.288098270668723 0
      vertex -0.46587428118453733 -9.261333512679677 0
    endloop
  endfacet
  facet normal 0.2334453638559018 -0.9723699203976773 0
    outer loop
      vertex -0.37424104347196685 -9.23933431867915 4
      vertex -0.46587428118453733 -9.261333512679677 0
      vertex -0.37424104347196685 -9.23933431867915 0
    endloop
  endfacet
  facet normal 0.18223552549214456 -0.9832549075639551 0
    outer loop
      vertex -0.2815820370724156 -9.222160986928753 4
      vertex -0.37424104347196685 -9.23933431867915 0
      vertex -0.2815820370724156 -9.222160986928753 0
    endloop
  endfacet
  facet normal 0.13052619222005868 -0.9914448613738095 0
    outer loop
      vertex -0.18815123388177626 -9.209860588337108 4
      vertex -0.2815820370724156 -9.222160986928753 0
      vertex -0.18815123388177626 -9.209860588337108 0
    endloop
  endfacet
  facet normal 0.0784590957278453 -0.996917333733128 0
    outer loop
      vertex -0.09420472123729891 -9.202466837441767 4
      vertex -0.18815123388177626 -9.209860588337108 0
      vertex -0.09420472123729891 -9.202466837441767 0
    endloop
  endfacet
  facet normal 0.026176948307878867 -0.999657324975557 3.323901964464134e-20
    outer loop
      vertex -0.09420472123729891 -9.202466837441767 0
      vertex 0 -9.2 0
      vertex 0 -9.2 4
    endloop
  endfacet
  facet normal 0.3826834323650901 -0.9238795325112865 0
    outer loop
      vertex -0.7321259575364404 -9.355618176243318 4
      vertex -0.7321259575364404 -9.355618176243318 0
      vertex -0.6450623091815405 -9.319555232305037 4
    endloop
  endfacet
  facet normal 0.3338068592337783 -0.9426414910921758 0
    outer loop
      vertex -0.6450623091815405 -9.319555232305037 4
      vertex -0.6450623091815405 -9.319555232305037 0
      vertex -0.5562305898749054 -9.288098270668723 4
    endloop
  endfacet
  facet normal 0.28401534470391543 -0.9588197348681952 0
    outer loop
      vertex -0.5562305898749054 -9.288098270668723 4
      vertex -0.5562305898749054 -9.288098270668723 0
      vertex -0.46587428118453733 -9.261333512679677 4
    endloop
  endfacet
  facet normal 0.2334453638559018 -0.9723699203976773 0
    outer loop
      vertex -0.46587428118453733 -9.261333512679677 4
      vertex -0.46587428118453733 -9.261333512679677 0
      vertex -0.37424104347196685 -9.23933431867915 4
    endloop
  endfacet
  facet normal 0.18223552549214456 -0.9832549075639551 0
    outer loop
      vertex -0.37424104347196685 -9.23933431867915 4
      vertex -0.37424104347196685 -9.23933431867915 0
      vertex -0.2815820370724156 -9.222160986928753 4
    endloop
  endfacet
  facet normal 0.13052619222005868 -0.9914448613738095 0
    outer loop
      vertex -0.2815820370724156 -9.222160986928753 4
      vertex -0.2815820370724156 -9.222160986928753 0
      vertex -0.18815123388177626 -9.209860588337108 4
    endloop
  endfacet
  facet normal 0.0784590957278453 -0.996917333733128 0
    outer loop
      vertex -0.18815123388177626 -9.209860588337108 4
      vertex -0.18815123388177626 -9.209860588337108 0
      vertex -0.09420472123729891 -9.202466837441767 4
    endloop
  endfacet
  facet normal 0.026176948307878867 -0.999657324975557 0
    outer loop
      vertex -0.09420472123729891 -9.202466837441767 4
      vertex -0.09420472123729891 -9.202466837441767 0
      vertex 0 -9.2 4
    endloop
  endfacet
  facet normal -0.026176948307878867 0.999657324975557 0
    outer loop
      vertex 0 -12.8 4
      vertex 0.09420472123729891 -12.797533162558233 0
      vertex 0 -12.8 0
    endloop
  endfacet
  facet normal -0.0784590957278453 0.996917333733128 0
    outer loop
      vertex 0.09420472123729891 -12.797533162558233 4
      vertex 0.18815123388177626 -12.790139411662892 0
      vertex 0.09420472123729891 -12.797533162558233 0
    endloop
  endfacet
  facet normal -0.13052619222005868 0.9914448613738095 0
    outer loop
      vertex 0.18815123388177626 -12.790139411662892 4
      vertex 0.2815820370724156 -12.777839013071247 0
      vertex 0.18815123388177626 -12.790139411662892 0
    endloop
  endfacet
  facet normal -0.18223552549214456 0.9832549075639551 0
    outer loop
      vertex 0.2815820370724156 -12.777839013071247 4
      vertex 0.37424104347196685 -12.76066568132085 0
      vertex 0.2815820370724156 -12.777839013071247 0
    endloop
  endfacet
  facet normal -0.2334453638559018 0.9723699203976773 0
    outer loop
      vertex 0.37424104347196685 -12.76066568132085 4
      vertex 0.46587428118453733 -12.738666487320323 0
      vertex 0.37424104347196685 -12.76066568132085 0
    endloop
  endfacet
  facet normal -0.28401534470391543 0.9588197348681952 0
    outer loop
      vertex 0.46587428118453733 -12.738666487320323 4
      vertex 0.5562305898749054 -12.711901729331277 0
      vertex 0.46587428118453733 -12.738666487320323 0
    endloop
  endfacet
  facet normal -0.3338068592337783 0.9426414910921758 0
    outer loop
      vertex 0.5562305898749054 -12.711901729331277 4
      vertex 0.6450623091815405 -12.680444767694963 0
      vertex 0.5562305898749054 -12.711901729331277 0
    endloop
  endfacet
  facet normal -0.3826834323650901 0.9238795325112865 0
    outer loop
      vertex 0.6450623091815405 -12.680444767694963 4
      vertex 0.7321259575364404 -12.644381823756682 0
      vertex 0.6450623091815405 -12.680444767694963 0
    endloop
  endfacet
  facet normal -0.4305110968082986 0.9025852843498591 0
    outer loop
      vertex 0.7321259575364404 -12.644381823756682 4
      vertex 0.8171828995311843 -12.603811743539062 0
      vertex 0.7321259575364404 -12.644381823756682 0
    endloop
  endfacet
  facet normal -0.477158760259602 0.8788171126619688 0
    outer loop
      vertex 0.8171828995311843 -12.603811743539062 4
      vertex 0.9 -12.55884572681199 0
      vertex 0.8171828995311843 -12.603811743539062 0
    endloop
  endfacet
  facet normal -0.5224985647159538 0.8526401643540892 0
    outer loop
      vertex 0.9 -12.55884572681199 4
      vertex 0.9803502630270488 -12.509607022301763 0
      vertex 0.9 -12.55884572681199 0
    endloop
  endfacet
  facet normal -0.566406236924827 0.8241261886220197 0
    outer loop
      vertex 0.9803502630270488 -12.509607022301763 4
      vertex 1.0580134541264516 -12.456230589874906 0
      vertex 0.9803502630270488 -12.509607022301763 0
    endloop
  endfacet
  facet normal -0.6087614290087303 0.7933533402912278 0
    outer loop
      vertex 1.0580134541264516 -12.456230589874906 4
      vertex 1.1327767038897074 -12.398862730622547 0
      vertex 1.0580134541264516 -12.456230589874906 0
    endloop
  endfacet
  facet normal -0.026176948307878867 0.999657324975557 0
    outer loop
      vertex 0.09420472123729891 -12.797533162558233 4
      vertex 0.09420472123729891 -12.797533162558233 0
      vertex 0 -12.8 4
    endloop
  endfacet
  facet normal -0.0784590957278453 0.996917333733128 0
    outer loop
      vertex 0.18815123388177626 -12.790139411662892 4
      vertex 0.18815123388177626 -12.790139411662892 0
      vertex 0.09420472123729891 -12.797533162558233 4
    endloop
  endfacet
  facet normal -0.13052619222005868 0.9914448613738095 0
    outer loop
      vertex 0.2815820370724156 -12.777839013071247 4
      vertex 0.2815820370724156 -12.777839013071247 0
      vertex 0.18815123388177626 -12.790139411662892 4
    endloop
  endfacet
  facet normal -0.18223552549214456 0.9832549075639551 0
    outer loop
      vertex 0.37424104347196685 -12.76066568132085 4
      vertex 0.37424104347196685 -12.76066568132085 0
      vertex 0.2815820370724156 -12.777839013071247 4
    endloop
  endfacet
  facet normal -0.2334453638559018 0.9723699203976773 0
    outer loop
      vertex 0.46587428118453733 -12.738666487320323 4
      vertex 0.46587428118453733 -12.738666487320323 0
      vertex 0.37424104347196685 -12.76066568132085 4
    endloop
  endfacet
  facet normal -0.28401534470391543 0.9588197348681952 0
    outer loop
      vertex 0.5562305898749054 -12.711901729331277 4
      vertex 0.5562305898749054 -12.711901729331277 0
      vertex 0.46587428118453733 -12.738666487320323 4
    endloop
  endfacet
  facet normal -0.3338068592337783 0.9426414910921758 0
    outer loop
      vertex 0.6450623091815405 -12.680444767694963 4
      vertex 0.6450623091815405 -12.680444767694963 0
      vertex 0.5562305898749054 -12.711901729331277 4
    endloop
  endfacet
  facet normal -0.3826834323650901 0.9238795325112865 0
    outer loop
      vertex 0.7321259575364404 -12.644381823756682 4
      vertex 0.7321259575364404 -12.644381823756682 0
      vertex 0.6450623091815405 -12.680444767694963 4
    endloop
  endfacet
  facet normal -0.4305110968082986 0.9025852843498591 0
    outer loop
      vertex 0.8171828995311843 -12.603811743539062 4
      vertex 0.8171828995311843 -12.603811743539062 0
      vertex 0.7321259575364404 -12.644381823756682 4
    endloop
  endfacet
  facet normal -0.477158760259602 0.8788171126619688 0
    outer loop
      vertex 0.9 -12.55884572681199 4
      vertex 0.9 -12.55884572681199 0
      vertex 0.8171828995311843 -12.603811743539062 4
    endloop
  endfacet
  facet normal -0.5224985647159538 0.8526401643540892 0
    outer loop
      vertex 0.9803502630270488 -12.509607022301763 4
      vertex 0.9803502630270488 -12.509607022301763 0
      vertex 0.9 -12.55884572681199 4
    endloop
  endfacet
  facet normal -0.566406236924827 0.8241261886220197 0
    outer loop
      vertex 1.0580134541264516 -12.456230589874906 4
      vertex 1.0580134541264516 -12.456230589874906 0
      vertex 0.9803502630270488 -12.509607022301763 4
    endloop
  endfacet
  facet normal -0.6087614290087303 0.7933533402912278 0
    outer loop
      vertex 1.1327767038897074 -12.398862730622547 4
      vertex 1.1327767038897074 -12.398862730622547 0
      vertex 1.0580134541264516 -12.456230589874906 4
    endloop
  endfacet
  facet normal -0.6494480483301733 0.7604059656000397 0
    outer loop
      vertex 1.1327767038897074 -12.398862730622547 4
      vertex 1.204435091445945 -12.33766068585931 0
      vertex 1.1327767038897074 -12.398862730622547 0
    endloop
  endfacet
  facet normal -0.6883545756937521 0.7253743710122895 0
    outer loop
      vertex 1.204435091445945 -12.33766068585931 4
      vertex 1.2727922061357857 -12.272792206135787 0
      vertex 1.204435091445945 -12.33766068585931 0
    endloop
  endfacet
  facet normal -0.7253743710122961 0.6883545756937451 0
    outer loop
      vertex 1.2727922061357857 -12.272792206135787 0
      vertex 1.2727922061357857 -12.272792206135787 4
      vertex 1.3376606858593096 -12.204435091445944 0
    endloop
  endfacet
  facet normal -0.7604059656000296 0.6494480483301852 0
    outer loop
      vertex 1.3376606858593096 -12.204435091445944 4
      vertex 1.3988627306225476 -12.132776703889707 0
      vertex 1.3376606858593096 -12.204435091445944 0
    endloop
  endfacet
  facet normal -0.7933533402912363 0.6087614290087191 0
    outer loop
      vertex 1.3988627306225476 -12.132776703889707 4
      vertex 1.4562305898749055 -12.058013454126451 0
      vertex 1.3988627306225476 -12.132776703889707 0
    endloop
  endfacet
  facet normal -0.8241261886220145 0.5664062369248345 0
    outer loop
      vertex 1.4562305898749055 -12.058013454126451 4
      vertex 1.5096070223017632 -11.980350263027049 0
      vertex 1.4562305898749055 -12.058013454126451 0
    endloop
  endfacet
  facet normal -0.8526401643540911 0.5224985647159507 0
    outer loop
      vertex 1.5096070223017632 -11.980350263027049 4
      vertex 1.5588457268119895 -11.9 0
      vertex 1.5096070223017632 -11.980350263027049 0
    endloop
  endfacet
  facet normal -0.8788171126619652 0.4771587602596088 0
    outer loop
      vertex 1.5588457268119895 -11.9 4
      vertex 1.6038117435390622 -11.817182899531185 0
      vertex 1.5588457268119895 -11.9 0
    endloop
  endfacet
  facet normal -0.9025852843498596 0.43051109680829697 0
    outer loop
      vertex 1.6038117435390622 -11.817182899531185 4
      vertex 1.6443818237566816 -11.732125957536441 0
      vertex 1.6038117435390622 -11.817182899531185 0
    endloop
  endfacet
  facet normal -0.9238795325112883 0.38268343236508595 0
    outer loop
      vertex 1.6443818237566816 -11.732125957536441 4
      vertex 1.6804447676949632 -11.64506230918154 0
      vertex 1.6443818237566816 -11.732125957536441 0
    endloop
  endfacet
  facet normal -0.9426414910921781 0.33380685923377174 0
    outer loop
      vertex 1.6804447676949632 -11.64506230918154 4
      vertex 1.7119017293312764 -11.556230589874906 0
      vertex 1.6804447676949632 -11.64506230918154 0
    endloop
  endfacet
  facet normal -0.9588197348681936 0.28401534470392087 0
    outer loop
      vertex 1.7119017293312764 -11.556230589874906 4
      vertex 1.738666487320323 -11.465874281184536 0
      vertex 1.7119017293312764 -11.556230589874906 0
    endloop
  endfacet
  facet normal -0.9723699203976758 0.2334453638559087 0
    outer loop
      vertex 1.738666487320323 -11.465874281184536 4
      vertex 1.7606656813208503 -11.374241043471967 0
      vertex 1.738666487320323 -11.465874281184536 0
    endloop
  endfacet
  facet normal -0.983254907563955 0.18223552549214492 0
    outer loop
      vertex 1.7606656813208503 -11.374241043471967 4
      vertex 1.777839013071248 -11.281582037072415 0
      vertex 1.7606656813208503 -11.374241043471967 0
    endloop
  endfacet
  facet normal -0.9914448613738106 0.13052619222004982 0
    outer loop
      vertex 1.777839013071248 -11.281582037072415 4
      vertex 1.790139411662892 -11.188151233881776 0
      vertex 1.777839013071248 -11.281582037072415 0
    endloop
  endfacet
  facet normal -0.6494480483301733 0.7604059656000397 0
    outer loop
      vertex 1.204435091445945 -12.33766068585931 4
      vertex 1.204435091445945 -12.33766068585931 0
      vertex 1.1327767038897074 -12.398862730622547 4
    endloop
  endfacet
  facet normal -0.6883545756937521 0.7253743710122895 0
    outer loop
      vertex 1.2727922061357857 -12.272792206135787 4
      vertex 1.2727922061357857 -12.272792206135787 0
      vertex 1.204435091445945 -12.33766068585931 4
    endloop
  endfacet
  facet normal -0.7253743710122961 0.6883545756937451 3.1922958980316475e-19
    outer loop
      vertex 1.2727922061357857 -12.272792206135787 4
      vertex 1.3376606858593096 -12.204435091445944 4
      vertex 1.3376606858593096 -12.204435091445944 0
    endloop
  endfacet
  facet normal -0.7604059656000296 0.6494480483301852 4.526737577205799e-19
    outer loop
      vertex 1.3376606858593096 -12.204435091445944 4
      vertex 1.3988627306225476 -12.132776703889707 4
      vertex 1.3988627306225476 -12.132776703889707 0
    endloop
  endfacet
  facet normal -0.7933533402912363 0.6087614290087191 -5.337357361445473e-19
    outer loop
      vertex 1.3988627306225476 -12.132776703889707 4
      vertex 1.4562305898749055 -12.058013454126451 4
      vertex 1.4562305898749055 -12.058013454126451 0
    endloop
  endfacet
  facet normal -0.8241261886220145 0.5664062369248345 8.83519882042575e-19
    outer loop
      vertex 1.4562305898749055 -12.058013454126451 4
      vertex 1.5096070223017632 -11.980350263027049 4
      vertex 1.5096070223017632 -11.980350263027049 0
    endloop
  endfacet
  facet normal -0.8526401643540911 0.5224985647159507 -5.004699629281099e-19
    outer loop
      vertex 1.5096070223017632 -11.980350263027049 4
      vertex 1.5588457268119895 -11.9 4
      vertex 1.5588457268119895 -11.9 0
    endloop
  endfacet
  facet normal -0.8788171126619652 0.4771587602596088 1.3127311245789527e-19
    outer loop
      vertex 1.5588457268119895 -11.9 4
      vertex 1.6038117435390622 -11.817182899531185 4
      vertex 1.6038117435390622 -11.817182899531185 0
    endloop
  endfacet
  facet normal -0.9025852843498596 0.43051109680829697 -4.567031828698225e-19
    outer loop
      vertex 1.6038117435390622 -11.817182899531185 4
      vertex 1.6443818237566816 -11.732125957536441 4
      vertex 1.6443818237566816 -11.732125957536441 0
    endloop
  endfacet
  facet normal -0.9238795325112883 0.38268343236508595 -1.141444903052207e-19
    outer loop
      vertex 1.6443818237566816 -11.732125957536441 4
      vertex 1.6804447676949632 -11.64506230918154 4
      vertex 1.6804447676949632 -11.64506230918154 0
    endloop
  endfacet
  facet normal -0.9426414910921781 0.33380685923377174 -2.4538899786830277e-19
    outer loop
      vertex 1.6804447676949632 -11.64506230918154 4
      vertex 1.7119017293312764 -11.556230589874906 4
      vertex 1.7119017293312764 -11.556230589874906 0
    endloop
  endfacet
  facet normal -0.9588197348681936 0.28401534470392087 -2.601212818979625e-19
    outer loop
      vertex 1.7119017293312764 -11.556230589874906 4
      vertex 1.738666487320323 -11.465874281184536 4
      vertex 1.738666487320323 -11.465874281184536 0
    endloop
  endfacet
  facet normal -0.9723699203976758 0.2334453638559087 -1.3758735161076276e-19
    outer loop
      vertex 1.738666487320323 -11.465874281184536 4
      vertex 1.7606656813208503 -11.374241043471967 4
      vertex 1.7606656813208503 -11.374241043471967 0
    endloop
  endfacet
  facet normal -0.983254907563955 0.18223552549214492 7.084906408819246e-20
    outer loop
      vertex 1.7606656813208503 -11.374241043471967 4
      vertex 1.777839013071248 -11.281582037072415 4
      vertex 1.777839013071248 -11.281582037072415 0
    endloop
  endfacet
  facet normal -0.4305110968082986 -0.9025852843498591 0
    outer loop
      vertex 0.8171828995311843 -9.396188256460938 4
      vertex 0.7321259575364404 -9.355618176243318 0
      vertex 0.8171828995311843 -9.396188256460938 0
    endloop
  endfacet
  facet normal -0.477158760259602 -0.8788171126619688 0
    outer loop
      vertex 0.9 -9.44115427318801 4
      vertex 0.8171828995311843 -9.396188256460938 0
      vertex 0.9 -9.44115427318801 0
    endloop
  endfacet
  facet normal -0.5224985647159538 -0.8526401643540892 0
    outer loop
      vertex 0.9803502630270488 -9.490392977698237 4
      vertex 0.9 -9.44115427318801 0
      vertex 0.9803502630270488 -9.490392977698237 0
    endloop
  endfacet
  facet normal -0.566406236924827 -0.8241261886220197 0
    outer loop
      vertex 1.0580134541264516 -9.543769410125094 4
      vertex 0.9803502630270488 -9.490392977698237 0
      vertex 1.0580134541264516 -9.543769410125094 0
    endloop
  endfacet
  facet normal -0.6087614290087303 -0.7933533402912278 0
    outer loop
      vertex 1.1327767038897074 -9.601137269377453 4
      vertex 1.0580134541264516 -9.543769410125094 0
      vertex 1.1327767038897074 -9.601137269377453 0
    endloop
  endfacet
  facet normal -0.477158760259602 -0.8788171126619688 0
    outer loop
      vertex 0.8171828995311843 -9.396188256460938 4
      vertex 0.8171828995311843 -9.396188256460938 0
      vertex 0.9 -9.44115427318801 4
    endloop
  endfacet
  facet normal -0.5224985647159538 -0.8526401643540892 0
    outer loop
      vertex 0.9 -9.44115427318801 4
      vertex 0.9 -9.44115427318801 0
      vertex 0.9803502630270488 -9.490392977698237 4
    endloop
  endfacet
  facet normal -0.566406236924827 -0.8241261886220197 0
    outer loop
      vertex 0.9803502630270488 -9.490392977698237 4
      vertex 0.9803502630270488 -9.490392977698237 0
      vertex 1.0580134541264516 -9.543769410125094 4
    endloop
  endfacet
  facet normal -0.6087614290087303 -0.7933533402912278 0
    outer loop
      vertex 1.0580134541264516 -9.543769410125094 4
      vertex 1.0580134541264516 -9.543769410125094 0
      vertex 1.1327767038897074 -9.601137269377453 4
    endloop
  endfacet
  facet normal -0.026176948307878867 -0.999657324975557 0
    outer loop
      vertex 0.09420472123729891 -9.202466837441767 4
      vertex 0 -9.2 0
      vertex 0.09420472123729891 -9.202466837441767 0
    endloop
  endfacet
  facet normal -0.0784590957278453 -0.996917333733128 0
    outer loop
      vertex 0.18815123388177626 -9.209860588337108 4
      vertex 0.09420472123729891 -9.202466837441767 0
      vertex 0.18815123388177626 -9.209860588337108 0
    endloop
  endfacet
  facet normal -0.13052619222005868 -0.9914448613738095 0
    outer loop
      vertex 0.2815820370724156 -9.222160986928753 4
      vertex 0.18815123388177626 -9.209860588337108 0
      vertex 0.2815820370724156 -9.222160986928753 0
    endloop
  endfacet
  facet normal -0.18223552549214456 -0.9832549075639551 0
    outer loop
      vertex 0.37424104347196685 -9.23933431867915 4
      vertex 0.2815820370724156 -9.222160986928753 0
      vertex 0.37424104347196685 -9.23933431867915 0
    endloop
  endfacet
  facet normal -0.2334453638559018 -0.9723699203976773 0
    outer loop
      vertex 0.46587428118453733 -9.261333512679677 4
      vertex 0.37424104347196685 -9.23933431867915 0
      vertex 0.46587428118453733 -9.261333512679677 0
    endloop
  endfacet
  facet normal -0.28401534470391543 -0.9588197348681952 0
    outer loop
      vertex 0.5562305898749054 -9.288098270668723 4
      vertex 0.46587428118453733 -9.261333512679677 0
      vertex 0.5562305898749054 -9.288098270668723 0
    endloop
  endfacet
  facet normal -0.3338068592337783 -0.9426414910921758 0
    outer loop
      vertex 0.6450623091815405 -9.319555232305037 4
      vertex 0.5562305898749054 -9.288098270668723 0
      vertex 0.6450623091815405 -9.319555232305037 0
    endloop
  endfacet
  facet normal -0.3826834323650901 -0.9238795325112865 0
    outer loop
      vertex 0.7321259575364404 -9.355618176243318 4
      vertex 0.6450623091815405 -9.319555232305037 0
      vertex 0.7321259575364404 -9.355618176243318 0
    endloop
  endfacet
  facet normal -0.026176948307878867 -0.999657324975557 0
    outer loop
      vertex 0 -9.2 4
      vertex 0 -9.2 0
      vertex 0.09420472123729891 -9.202466837441767 4
    endloop
  endfacet
  facet normal -0.0784590957278453 -0.996917333733128 0
    outer loop
      vertex 0.09420472123729891 -9.202466837441767 4
      vertex 0.09420472123729891 -9.202466837441767 0
      vertex 0.18815123388177626 -9.209860588337108 4
    endloop
  endfacet
  facet normal -0.13052619222005868 -0.9914448613738095 0
    outer loop
      vertex 0.18815123388177626 -9.209860588337108 4
      vertex 0.18815123388177626 -9.209860588337108 0
      vertex 0.2815820370724156 -9.222160986928753 4
    endloop
  endfacet
  facet normal -0.18223552549214456 -0.9832549075639551 0
    outer loop
      vertex 0.2815820370724156 -9.222160986928753 4
      vertex 0.2815820370724156 -9.222160986928753 0
      vertex 0.37424104347196685 -9.23933431867915 4
    endloop
  endfacet
  facet normal -0.2334453638559018 -0.9723699203976773 0
    outer loop
      vertex 0.37424104347196685 -9.23933431867915 4
      vertex 0.37424104347196685 -9.23933431867915 0
      vertex 0.46587428118453733 -9.261333512679677 4
    endloop
  endfacet
  facet normal -0.28401534470391543 -0.9588197348681952 0
    outer loop
      vertex 0.46587428118453733 -9.261333512679677 4
      vertex 0.46587428118453733 -9.261333512679677 0
      vertex 0.5562305898749054 -9.288098270668723 4
    endloop
  endfacet
  facet normal -0.3338068592337783 -0.9426414910921758 0
    outer loop
      vertex 0.5562305898749054 -9.288098270668723 4
      vertex 0.5562305898749054 -9.288098270668723 0
      vertex 0.6450623091815405 -9.319555232305037 4
    endloop
  endfacet
  facet normal -0.3826834323650901 -0.9238795325112865 0
    outer loop
      vertex 0.6450623091815405 -9.319555232305037 4
      vertex 0.6450623091815405 -9.319555232305037 0
      vertex 0.7321259575364404 -9.355618176243318 4
    endloop
  endfacet
  facet normal -0.4305110968082986 -0.9025852843498591 0
    outer loop
      vertex 0.7321259575364404 -9.355618176243318 4
      vertex 0.7321259575364404 -9.355618176243318 0
      vertex 0.8171828995311843 -9.396188256460938 4
    endloop
  endfacet
  facet normal -0.9238795325112883 -0.38268343236508595 0
    outer loop
      vertex 1.6804447676949632 -10.35493769081846 4
      vertex 1.6443818237566816 -10.267874042463559 0
      vertex 1.6804447676949632 -10.35493769081846 0
    endloop
  endfacet
  facet normal -0.6494480483301733 -0.7604059656000397 0
    outer loop
      vertex 1.204435091445945 -9.66233931414069 4
      vertex 1.1327767038897074 -9.601137269377453 0
      vertex 1.204435091445945 -9.66233931414069 0
    endloop
  endfacet
  facet normal -0.6883545756937521 -0.7253743710122895 -9.08893592369553e-19
    outer loop
      vertex 1.204435091445945 -9.66233931414069 0
      vertex 1.2727922061357857 -9.727207793864213 0
      vertex 1.2727922061357857 -9.727207793864213 4
    endloop
  endfacet
  facet normal -0.7253743710122961 -0.6883545756937451 0
    outer loop
      vertex 1.3376606858593096 -9.795564908554056 4
      vertex 1.2727922061357857 -9.727207793864213 0
      vertex 1.3376606858593096 -9.795564908554056 0
    endloop
  endfacet
  facet normal -0.7604059656000296 -0.6494480483301852 0
    outer loop
      vertex 1.3988627306225476 -9.867223296110293 4
      vertex 1.3376606858593096 -9.795564908554056 0
      vertex 1.3988627306225476 -9.867223296110293 0
    endloop
  endfacet
  facet normal -0.7933533402912363 -0.6087614290087191 0
    outer loop
      vertex 1.4562305898749055 -9.941986545873549 4
      vertex 1.3988627306225476 -9.867223296110293 0
      vertex 1.4562305898749055 -9.941986545873549 0
    endloop
  endfacet
  facet normal -0.8241261886220145 -0.5664062369248345 0
    outer loop
      vertex 1.5096070223017632 -10.019649736972951 4
      vertex 1.4562305898749055 -9.941986545873549 0
      vertex 1.5096070223017632 -10.019649736972951 0
    endloop
  endfacet
  facet normal -0.8788171126619652 -0.4771587602596088 0
    outer loop
      vertex 1.6038117435390622 -10.182817100468815 4
      vertex 1.5588457268119895 -10.1 0
      vertex 1.6038117435390622 -10.182817100468815 0
    endloop
  endfacet
  facet normal -0.9025852843498596 -0.43051109680829697 0
    outer loop
      vertex 1.6443818237566816 -10.267874042463559 4
      vertex 1.6038117435390622 -10.182817100468815 0
      vertex 1.6443818237566816 -10.267874042463559 0
    endloop
  endfacet
  facet normal -0.8526401643540911 -0.5224985647159507 0
    outer loop
      vertex 1.5588457268119895 -10.1 4
      vertex 1.5096070223017632 -10.019649736972951 0
      vertex 1.5588457268119895 -10.1 0
    endloop
  endfacet
  facet normal -0.9969173337331279 0.07845909572784562 0
    outer loop
      vertex 1.790139411662892 -11.188151233881776 4
      vertex 1.797533162558233 -11.094204721237299 0
      vertex 1.790139411662892 -11.188151233881776 0
    endloop
  endfacet
  facet normal -0.9996573249755571 0.026176948307874207 0
    outer loop
      vertex 1.797533162558233 -11.094204721237299 4
      vertex 1.8 -11 0
      vertex 1.797533162558233 -11.094204721237299 0
    endloop
  endfacet
  facet normal -0.9996573249755571 -0.026176948307874207 0
    outer loop
      vertex 1.8 -11 4
      vertex 1.797533162558233 -10.905795278762701 0
      vertex 1.8 -11 0
    endloop
  endfacet
  facet normal -0.9969173337331279 -0.07845909572784562 0
    outer loop
      vertex 1.797533162558233 -10.905795278762701 4
      vertex 1.790139411662892 -10.811848766118224 0
      vertex 1.797533162558233 -10.905795278762701 0
    endloop
  endfacet
  facet normal -0.983254907563955 -0.18223552549214492 0
    outer loop
      vertex 1.777839013071248 -10.718417962927585 4
      vertex 1.7606656813208503 -10.625758956528033 0
      vertex 1.777839013071248 -10.718417962927585 0
    endloop
  endfacet
  facet normal -0.9914448613738106 -0.13052619222004982 0
    outer loop
      vertex 1.790139411662892 -10.811848766118224 4
      vertex 1.777839013071248 -10.718417962927585 0
      vertex 1.790139411662892 -10.811848766118224 0
    endloop
  endfacet
  facet normal -0.9723699203976758 -0.2334453638559087 0
    outer loop
      vertex 1.7606656813208503 -10.625758956528033 4
      vertex 1.738666487320323 -10.534125718815464 0
      vertex 1.7606656813208503 -10.625758956528033 0
    endloop
  endfacet
  facet normal -0.9588197348681936 -0.28401534470392087 0
    outer loop
      vertex 1.738666487320323 -10.534125718815464 4
      vertex 1.7119017293312764 -10.443769410125094 0
      vertex 1.738666487320323 -10.534125718815464 0
    endloop
  endfacet
  facet normal -0.9426414910921781 -0.33380685923377174 0
    outer loop
      vertex 1.7119017293312764 -10.443769410125094 4
      vertex 1.6804447676949632 -10.35493769081846 0
      vertex 1.7119017293312764 -10.443769410125094 0
    endloop
  endfacet
  facet normal -0.6494480483301733 -0.7604059656000397 0
    outer loop
      vertex 1.1327767038897074 -9.601137269377453 4
      vertex 1.1327767038897074 -9.601137269377453 0
      vertex 1.204435091445945 -9.66233931414069 4
    endloop
  endfacet
  facet normal -0.6883545756937521 -0.7253743710122895 0
    outer loop
      vertex 1.204435091445945 -9.66233931414069 4
      vertex 1.204435091445945 -9.66233931414069 0
      vertex 1.2727922061357857 -9.727207793864213 4
    endloop
  endfacet
  facet normal -0.7253743710122961 -0.6883545756937451 -3.1922958980316475e-19
    outer loop
      vertex 1.3376606858593096 -9.795564908554056 4
      vertex 1.2727922061357857 -9.727207793864213 4
      vertex 1.2727922061357857 -9.727207793864213 0
    endloop
  endfacet
  facet normal -0.7604059656000296 -0.6494480483301852 -4.526737577205799e-19
    outer loop
      vertex 1.3988627306225476 -9.867223296110293 4
      vertex 1.3376606858593096 -9.795564908554056 4
      vertex 1.3376606858593096 -9.795564908554056 0
    endloop
  endfacet
  facet normal -0.7933533402912363 -0.6087614290087191 5.337357361445473e-19
    outer loop
      vertex 1.4562305898749055 -9.941986545873549 4
      vertex 1.3988627306225476 -9.867223296110293 4
      vertex 1.3988627306225476 -9.867223296110293 0
    endloop
  endfacet
  facet normal -0.8241261886220145 -0.5664062369248345 -8.83519882042575e-19
    outer loop
      vertex 1.5096070223017632 -10.019649736972951 4
      vertex 1.4562305898749055 -9.941986545873549 4
      vertex 1.4562305898749055 -9.941986545873549 0
    endloop
  endfacet
  facet normal -0.8526401643540911 -0.5224985647159507 5.004699629281099e-19
    outer loop
      vertex 1.5588457268119895 -10.1 4
      vertex 1.5096070223017632 -10.019649736972951 4
      vertex 1.5096070223017632 -10.019649736972951 0
    endloop
  endfacet
  facet normal -0.8788171126619652 -0.4771587602596088 -1.3127311245789527e-19
    outer loop
      vertex 1.6038117435390622 -10.182817100468815 4
      vertex 1.5588457268119895 -10.1 4
      vertex 1.5588457268119895 -10.1 0
    endloop
  endfacet
  facet normal -0.9025852843498596 -0.43051109680829697 4.567031828698225e-19
    outer loop
      vertex 1.6443818237566816 -10.267874042463559 4
      vertex 1.6038117435390622 -10.182817100468815 4
      vertex 1.6038117435390622 -10.182817100468815 0
    endloop
  endfacet
  facet normal -0.9238795325112883 -0.38268343236508595 1.141444903052207e-19
    outer loop
      vertex 1.6804447676949632 -10.35493769081846 4
      vertex 1.6443818237566816 -10.267874042463559 4
      vertex 1.6443818237566816 -10.267874042463559 0
    endloop
  endfacet
  facet normal -0.9914448613738106 0.13052619222004982 -2.673070247218332e-19
    outer loop
      vertex 1.777839013071248 -11.281582037072415 4
      vertex 1.790139411662892 -11.188151233881776 4
      vertex 1.790139411662892 -11.188151233881776 0
    endloop
  endfacet
  facet normal -0.9969173337331279 0.07845909572784562 8.138511641923455e-20
    outer loop
      vertex 1.790139411662892 -11.188151233881776 4
      vertex 1.797533162558233 -11.094204721237299 4
      vertex 1.797533162558233 -11.094204721237299 0
    endloop
  endfacet
  facet normal -0.9996573249755571 0.026176948307874207 -2.9278218193767794e-20
    outer loop
      vertex 1.797533162558233 -11.094204721237299 4
      vertex 1.8 -11 4
      vertex 1.8 -11 0
    endloop
  endfacet
  facet normal -0.9996573249755571 -0.026176948307874207 2.9278218193767794e-20
    outer loop
      vertex 1.8 -11 4
      vertex 1.797533162558233 -10.905795278762701 4
      vertex 1.797533162558233 -10.905795278762701 0
    endloop
  endfacet
  facet normal -0.9969173337331279 -0.07845909572784562 -8.138511641923455e-20
    outer loop
      vertex 1.797533162558233 -10.905795278762701 4
      vertex 1.790139411662892 -10.811848766118224 4
      vertex 1.790139411662892 -10.811848766118224 0
    endloop
  endfacet
  facet normal -0.9914448613738106 -0.13052619222004982 2.673070247218332e-19
    outer loop
      vertex 1.790139411662892 -10.811848766118224 4
      vertex 1.777839013071248 -10.718417962927585 4
      vertex 1.777839013071248 -10.718417962927585 0
    endloop
  endfacet
  facet normal -0.983254907563955 -0.18223552549214492 -7.084906408819246e-20
    outer loop
      vertex 1.777839013071248 -10.718417962927585 4
      vertex 1.7606656813208503 -10.625758956528033 4
      vertex 1.7606656813208503 -10.625758956528033 0
    endloop
  endfacet
  facet normal -0.9723699203976758 -0.2334453638559087 1.3758735161076276e-19
    outer loop
      vertex 1.7606656813208503 -10.625758956528033 4
      vertex 1.738666487320323 -10.534125718815464 4
      vertex 1.738666487320323 -10.534125718815464 0
    endloop
  endfacet
  facet normal -0.9588197348681936 -0.28401534470392087 2.601212818979625e-19
    outer loop
      vertex 1.738666487320323 -10.534125718815464 4
      vertex 1.7119017293312764 -10.443769410125094 4
      vertex 1.7119017293312764 -10.443769410125094 0
    endloop
  endfacet
  facet normal -0.9426414910921781 -0.33380685923377174 2.4538899786830277e-19
    outer loop
      vertex 1.7119017293312764 -10.443769410125094 4
      vertex 1.6804447676949632 -10.35493769081846 4
      vertex 1.6804447676949632 -10.35493769081846 0
    endloop
  endfacet
  facet normal 0.9426414910921781 0.33380685923377174 2.4538899786830277e-19
    outer loop
      vertex -1.6804447676949632 10.35493769081846 0
      vertex -1.7119017293312764 10.443769410125094 0
      vertex -1.7119017293312764 10.443769410125094 4
    endloop
  endfacet
  facet normal 0.9588197348681936 0.28401534470392087 2.601212818979625e-19
    outer loop
      vertex -1.7119017293312764 10.443769410125094 0
      vertex -1.738666487320323 10.534125718815464 0
      vertex -1.738666487320323 10.534125718815464 4
    endloop
  endfacet
  facet normal 0.9723699203976758 0.2334453638559087 1.3758735161076276e-19
    outer loop
      vertex -1.738666487320323 10.534125718815464 0
      vertex -1.7606656813208503 10.625758956528033 0
      vertex -1.7606656813208503 10.625758956528033 4
    endloop
  endfacet
  facet normal 0.9914448613738106 0.13052619222004982 2.673070247218332e-19
    outer loop
      vertex -1.777839013071248 10.718417962927585 0
      vertex -1.790139411662892 10.811848766118224 0
      vertex -1.790139411662892 10.811848766118224 4
    endloop
  endfacet
  facet normal 0.983254907563955 0.18223552549214492 -7.084906408819246e-20
    outer loop
      vertex -1.7606656813208503 10.625758956528033 0
      vertex -1.777839013071248 10.718417962927585 0
      vertex -1.777839013071248 10.718417962927585 4
    endloop
  endfacet
  facet normal 0.9969173337331279 0.07845909572784562 -8.138511641923455e-20
    outer loop
      vertex -1.790139411662892 10.811848766118224 0
      vertex -1.797533162558233 10.905795278762701 0
      vertex -1.797533162558233 10.905795278762701 4
    endloop
  endfacet
  facet normal 0.9996573249755571 0.026176948307874207 2.9278218193767794e-20
    outer loop
      vertex -1.797533162558233 10.905795278762701 0
      vertex -1.8 11 0
      vertex -1.8 11 4
    endloop
  endfacet
  facet normal 0.9996573249755571 -0.026176948307874207 -2.9278218193767794e-20
    outer loop
      vertex -1.8 11 0
      vertex -1.797533162558233 11.094204721237299 0
      vertex -1.797533162558233 11.094204721237299 4
    endloop
  endfacet
  facet normal 0.9969173337331279 -0.07845909572784562 8.138511641923455e-20
    outer loop
      vertex -1.797533162558233 11.094204721237299 0
      vertex -1.790139411662892 11.188151233881776 0
      vertex -1.790139411662892 11.188151233881776 4
    endloop
  endfacet
  facet normal 0.8526401643540911 0.5224985647159507 5.004699629281099e-19
    outer loop
      vertex -1.5096070223017632 10.019649736972951 0
      vertex -1.5588457268119895 10.1 0
      vertex -1.5588457268119895 10.1 4
    endloop
  endfacet
  facet normal 0.9025852843498596 0.43051109680829697 4.567031828698225e-19
    outer loop
      vertex -1.6038117435390622 10.182817100468815 0
      vertex -1.6443818237566816 10.267874042463559 0
      vertex -1.6443818237566816 10.267874042463559 4
    endloop
  endfacet
  facet normal 0.8788171126619652 0.4771587602596088 -1.3127311245789527e-19
    outer loop
      vertex -1.5588457268119895 10.1 0
      vertex -1.6038117435390622 10.182817100468815 0
      vertex -1.6038117435390622 10.182817100468815 4
    endloop
  endfacet
  facet normal 0.8241261886220145 0.5664062369248345 -8.83519882042575e-19
    outer loop
      vertex -1.4562305898749055 9.941986545873549 0
      vertex -1.5096070223017632 10.019649736972951 0
      vertex -1.5096070223017632 10.019649736972951 4
    endloop
  endfacet
  facet normal 0.7933533402912363 0.6087614290087191 5.337357361445473e-19
    outer loop
      vertex -1.3988627306225476 9.867223296110293 0
      vertex -1.4562305898749055 9.941986545873549 0
      vertex -1.4562305898749055 9.941986545873549 4
    endloop
  endfacet
  facet normal 0.7604059656000296 0.6494480483301852 -4.526737577205799e-19
    outer loop
      vertex -1.3376606858593096 9.795564908554056 0
      vertex -1.3988627306225476 9.867223296110293 0
      vertex -1.3988627306225476 9.867223296110293 4
    endloop
  endfacet
  facet normal 0.7253743710122961 0.6883545756937451 -3.1922958980316475e-19
    outer loop
      vertex -1.2727922061357857 9.727207793864213 0
      vertex -1.3376606858593096 9.795564908554056 0
      vertex -1.3376606858593096 9.795564908554056 4
    endloop
  endfacet
  facet normal 0.6883545756937521 0.7253743710122895 0
    outer loop
      vertex -1.2727922061357857 9.727207793864213 0
      vertex -1.2727922061357857 9.727207793864213 4
      vertex -1.204435091445945 9.66233931414069 0
    endloop
  endfacet
  facet normal 0.6494480483301733 0.7604059656000397 0
    outer loop
      vertex -1.204435091445945 9.66233931414069 0
      vertex -1.204435091445945 9.66233931414069 4
      vertex -1.1327767038897074 9.601137269377453 0
    endloop
  endfacet
  facet normal 0.9238795325112883 0.38268343236508595 1.141444903052207e-19
    outer loop
      vertex -1.6443818237566816 10.267874042463559 0
      vertex -1.6804447676949632 10.35493769081846 0
      vertex -1.6804447676949632 10.35493769081846 4
    endloop
  endfacet
  facet normal 0.9426414910921781 0.33380685923377174 0
    outer loop
      vertex -1.6804447676949632 10.35493769081846 0
      vertex -1.7119017293312764 10.443769410125094 4
      vertex -1.6804447676949632 10.35493769081846 4
    endloop
  endfacet
  facet normal 0.9588197348681936 0.28401534470392087 0
    outer loop
      vertex -1.7119017293312764 10.443769410125094 0
      vertex -1.738666487320323 10.534125718815464 4
      vertex -1.7119017293312764 10.443769410125094 4
    endloop
  endfacet
  facet normal 0.9723699203976758 0.2334453638559087 0
    outer loop
      vertex -1.738666487320323 10.534125718815464 0
      vertex -1.7606656813208503 10.625758956528033 4
      vertex -1.738666487320323 10.534125718815464 4
    endloop
  endfacet
  facet normal 0.983254907563955 0.18223552549214492 0
    outer loop
      vertex -1.7606656813208503 10.625758956528033 0
      vertex -1.777839013071248 10.718417962927585 4
      vertex -1.7606656813208503 10.625758956528033 4
    endloop
  endfacet
  facet normal 0.9914448613738106 0.13052619222004982 0
    outer loop
      vertex -1.777839013071248 10.718417962927585 0
      vertex -1.790139411662892 10.811848766118224 4
      vertex -1.777839013071248 10.718417962927585 4
    endloop
  endfacet
  facet normal 0.9969173337331279 0.07845909572784562 0
    outer loop
      vertex -1.790139411662892 10.811848766118224 0
      vertex -1.797533162558233 10.905795278762701 4
      vertex -1.790139411662892 10.811848766118224 4
    endloop
  endfacet
  facet normal 0.9996573249755571 0.026176948307874207 0
    outer loop
      vertex -1.797533162558233 10.905795278762701 0
      vertex -1.8 11 4
      vertex -1.797533162558233 10.905795278762701 4
    endloop
  endfacet
  facet normal 0.9996573249755571 -0.026176948307874207 0
    outer loop
      vertex -1.8 11 0
      vertex -1.797533162558233 11.094204721237299 4
      vertex -1.8 11 4
    endloop
  endfacet
  facet normal 0.9969173337331279 -0.07845909572784562 0
    outer loop
      vertex -1.797533162558233 11.094204721237299 0
      vertex -1.790139411662892 11.188151233881776 4
      vertex -1.797533162558233 11.094204721237299 4
    endloop
  endfacet
  facet normal 0.9914448613738106 -0.13052619222004982 0
    outer loop
      vertex -1.790139411662892 11.188151233881776 0
      vertex -1.777839013071248 11.281582037072415 4
      vertex -1.790139411662892 11.188151233881776 4
    endloop
  endfacet
  facet normal 0.9238795325112883 0.38268343236508595 0
    outer loop
      vertex -1.6443818237566816 10.267874042463559 0
      vertex -1.6804447676949632 10.35493769081846 4
      vertex -1.6443818237566816 10.267874042463559 4
    endloop
  endfacet
  facet normal 0.9025852843498596 0.43051109680829697 0
    outer loop
      vertex -1.6038117435390622 10.182817100468815 0
      vertex -1.6443818237566816 10.267874042463559 4
      vertex -1.6038117435390622 10.182817100468815 4
    endloop
  endfacet
  facet normal 0.8788171126619652 0.4771587602596088 0
    outer loop
      vertex -1.5588457268119895 10.1 0
      vertex -1.6038117435390622 10.182817100468815 4
      vertex -1.5588457268119895 10.1 4
    endloop
  endfacet
  facet normal 0.8526401643540911 0.5224985647159507 0
    outer loop
      vertex -1.5096070223017632 10.019649736972951 0
      vertex -1.5588457268119895 10.1 4
      vertex -1.5096070223017632 10.019649736972951 4
    endloop
  endfacet
  facet normal 0.8241261886220145 0.5664062369248345 0
    outer loop
      vertex -1.4562305898749055 9.941986545873549 0
      vertex -1.5096070223017632 10.019649736972951 4
      vertex -1.4562305898749055 9.941986545873549 4
    endloop
  endfacet
  facet normal 0.7933533402912363 0.6087614290087191 0
    outer loop
      vertex -1.3988627306225476 9.867223296110293 0
      vertex -1.4562305898749055 9.941986545873549 4
      vertex -1.3988627306225476 9.867223296110293 4
    endloop
  endfacet
  facet normal 0.7604059656000296 0.6494480483301852 0
    outer loop
      vertex -1.3376606858593096 9.795564908554056 0
      vertex -1.3988627306225476 9.867223296110293 4
      vertex -1.3376606858593096 9.795564908554056 4
    endloop
  endfacet
  facet normal 0.7253743710122961 0.6883545756937451 0
    outer loop
      vertex -1.2727922061357857 9.727207793864213 0
      vertex -1.3376606858593096 9.795564908554056 4
      vertex -1.2727922061357857 9.727207793864213 4
    endloop
  endfacet
  facet normal 0.6883545756937521 0.7253743710122895 0
    outer loop
      vertex -1.204435091445945 9.66233931414069 0
      vertex -1.2727922061357857 9.727207793864213 4
      vertex -1.204435091445945 9.66233931414069 4
    endloop
  endfacet
  facet normal 0.6494480483301733 0.7604059656000397 0
    outer loop
      vertex -1.1327767038897074 9.601137269377453 0
      vertex -1.204435091445945 9.66233931414069 4
      vertex -1.1327767038897074 9.601137269377453 4
    endloop
  endfacet
  facet normal 0.3826834323650901 0.9238795325112865 0
    outer loop
      vertex -0.7321259575364404 9.355618176243318 0
      vertex -0.7321259575364404 9.355618176243318 4
      vertex -0.6450623091815405 9.319555232305037 0
    endloop
  endfacet
  facet normal 0.3338068592337783 0.9426414910921758 0
    outer loop
      vertex -0.6450623091815405 9.319555232305037 0
      vertex -0.6450623091815405 9.319555232305037 4
      vertex -0.5562305898749054 9.288098270668723 0
    endloop
  endfacet
  facet normal 0.28401534470391543 0.9588197348681952 0
    outer loop
      vertex -0.5562305898749054 9.288098270668723 0
      vertex -0.5562305898749054 9.288098270668723 4
      vertex -0.46587428118453733 9.261333512679677 0
    endloop
  endfacet
  facet normal 0.2334453638559018 0.9723699203976773 0
    outer loop
      vertex -0.46587428118453733 9.261333512679677 0
      vertex -0.46587428118453733 9.261333512679677 4
      vertex -0.37424104347196685 9.23933431867915 0
    endloop
  endfacet
  facet normal 0.18223552549214456 0.9832549075639551 0
    outer loop
      vertex -0.37424104347196685 9.23933431867915 0
      vertex -0.37424104347196685 9.23933431867915 4
      vertex -0.2815820370724156 9.222160986928753 0
    endloop
  endfacet
  facet normal 0.13052619222005868 0.9914448613738095 0
    outer loop
      vertex -0.2815820370724156 9.222160986928753 0
      vertex -0.2815820370724156 9.222160986928753 4
      vertex -0.18815123388177626 9.209860588337108 0
    endloop
  endfacet
  facet normal 0.0784590957278453 0.996917333733128 0
    outer loop
      vertex -0.18815123388177626 9.209860588337108 0
      vertex -0.18815123388177626 9.209860588337108 4
      vertex -0.09420472123729891 9.202466837441767 0
    endloop
  endfacet
  facet normal 0.026176948307878867 0.999657324975557 0
    outer loop
      vertex -0.09420472123729891 9.202466837441767 0
      vertex -0.09420472123729891 9.202466837441767 4
      vertex 0 9.2 0
    endloop
  endfacet
  facet normal 0.4305110968082986 0.9025852843498591 0
    outer loop
      vertex -0.7321259575364404 9.355618176243318 0
      vertex -0.8171828995311843 9.396188256460938 4
      vertex -0.7321259575364404 9.355618176243318 4
    endloop
  endfacet
  facet normal 0.3826834323650901 0.9238795325112865 0
    outer loop
      vertex -0.6450623091815405 9.319555232305037 0
      vertex -0.7321259575364404 9.355618176243318 4
      vertex -0.6450623091815405 9.319555232305037 4
    endloop
  endfacet
  facet normal 0.3338068592337783 0.9426414910921758 0
    outer loop
      vertex -0.5562305898749054 9.288098270668723 0
      vertex -0.6450623091815405 9.319555232305037 4
      vertex -0.5562305898749054 9.288098270668723 4
    endloop
  endfacet
  facet normal 0.28401534470391543 0.9588197348681952 0
    outer loop
      vertex -0.46587428118453733 9.261333512679677 0
      vertex -0.5562305898749054 9.288098270668723 4
      vertex -0.46587428118453733 9.261333512679677 4
    endloop
  endfacet
  facet normal 0.2334453638559018 0.9723699203976773 0
    outer loop
      vertex -0.37424104347196685 9.23933431867915 0
      vertex -0.46587428118453733 9.261333512679677 4
      vertex -0.37424104347196685 9.23933431867915 4
    endloop
  endfacet
  facet normal 0.18223552549214456 0.9832549075639551 0
    outer loop
      vertex -0.2815820370724156 9.222160986928753 0
      vertex -0.37424104347196685 9.23933431867915 4
      vertex -0.2815820370724156 9.222160986928753 4
    endloop
  endfacet
  facet normal 0.13052619222005868 0.9914448613738095 0
    outer loop
      vertex -0.18815123388177626 9.209860588337108 0
      vertex -0.2815820370724156 9.222160986928753 4
      vertex -0.18815123388177626 9.209860588337108 4
    endloop
  endfacet
  facet normal 0.0784590957278453 0.996917333733128 0
    outer loop
      vertex -0.09420472123729891 9.202466837441767 0
      vertex -0.18815123388177626 9.209860588337108 4
      vertex -0.09420472123729891 9.202466837441767 4
    endloop
  endfacet
  facet normal 0.026176948307878867 0.999657324975557 0
    outer loop
      vertex 0 9.2 0
      vertex -0.09420472123729891 9.202466837441767 4
      vertex 0 9.2 4
    endloop
  endfacet
  facet normal 0.6087614290087303 0.7933533402912278 -5.339512259267712e-19
    outer loop
      vertex -1.0580134541264516 9.543769410125094 0
      vertex -1.1327767038897074 9.601137269377453 0
      vertex -1.1327767038897074 9.601137269377453 4
    endloop
  endfacet
  facet normal 0.566406236924827 0.8241261886220197 0
    outer loop
      vertex -1.0580134541264516 9.543769410125094 0
      vertex -1.0580134541264516 9.543769410125094 4
      vertex -0.9803502630270488 9.490392977698237 0
    endloop
  endfacet
  facet normal 0.5224985647159538 0.8526401643540892 0
    outer loop
      vertex -0.9803502630270488 9.490392977698237 0
      vertex -0.9803502630270488 9.490392977698237 4
      vertex -0.9 9.44115427318801 0
    endloop
  endfacet
  facet normal 0.477158760259602 0.8788171126619688 0
    outer loop
      vertex -0.9 9.44115427318801 0
      vertex -0.9 9.44115427318801 4
      vertex -0.8171828995311843 9.396188256460938 0
    endloop
  endfacet
  facet normal 0.4305110968082986 0.9025852843498591 0
    outer loop
      vertex -0.8171828995311843 9.396188256460938 0
      vertex -0.8171828995311843 9.396188256460938 4
      vertex -0.7321259575364404 9.355618176243318 0
    endloop
  endfacet
  facet normal 0.6087614290087303 0.7933533402912278 0
    outer loop
      vertex -1.0580134541264516 9.543769410125094 0
      vertex -1.1327767038897074 9.601137269377453 4
      vertex -1.0580134541264516 9.543769410125094 4
    endloop
  endfacet
  facet normal 0.566406236924827 0.8241261886220197 0
    outer loop
      vertex -0.9803502630270488 9.490392977698237 0
      vertex -1.0580134541264516 9.543769410125094 4
      vertex -0.9803502630270488 9.490392977698237 4
    endloop
  endfacet
  facet normal 0.5224985647159538 0.8526401643540892 0
    outer loop
      vertex -0.9 9.44115427318801 0
      vertex -0.9803502630270488 9.490392977698237 4
      vertex -0.9 9.44115427318801 4
    endloop
  endfacet
  facet normal 0.477158760259602 0.8788171126619688 0
    outer loop
      vertex -0.8171828995311843 9.396188256460938 0
      vertex -0.9 9.44115427318801 4
      vertex -0.8171828995311843 9.396188256460938 4
    endloop
  endfacet
  facet normal 0.9914448613738106 -0.13052619222004982 -2.673070247218332e-19
    outer loop
      vertex -1.790139411662892 11.188151233881776 0
      vertex -1.777839013071248 11.281582037072415 0
      vertex -1.777839013071248 11.281582037072415 4
    endloop
  endfacet
  facet normal 0.983254907563955 -0.18223552549214492 7.084906408819246e-20
    outer loop
      vertex -1.777839013071248 11.281582037072415 0
      vertex -1.7606656813208503 11.374241043471967 0
      vertex -1.7606656813208503 11.374241043471967 4
    endloop
  endfacet
  facet normal 0.9723699203976758 -0.2334453638559087 -1.3758735161076276e-19
    outer loop
      vertex -1.7606656813208503 11.374241043471967 0
      vertex -1.738666487320323 11.465874281184536 0
      vertex -1.738666487320323 11.465874281184536 4
    endloop
  endfacet
  facet normal 0.9588197348681936 -0.28401534470392087 -2.601212818979625e-19
    outer loop
      vertex -1.738666487320323 11.465874281184536 0
      vertex -1.7119017293312764 11.556230589874906 0
      vertex -1.7119017293312764 11.556230589874906 4
    endloop
  endfacet
  facet normal 0.9426414910921781 -0.33380685923377174 -2.4538899786830277e-19
    outer loop
      vertex -1.7119017293312764 11.556230589874906 0
      vertex -1.6804447676949632 11.64506230918154 0
      vertex -1.6804447676949632 11.64506230918154 4
    endloop
  endfacet
  facet normal 0.9238795325112883 -0.38268343236508595 -1.141444903052207e-19
    outer loop
      vertex -1.6804447676949632 11.64506230918154 0
      vertex -1.6443818237566816 11.732125957536441 0
      vertex -1.6443818237566816 11.732125957536441 4
    endloop
  endfacet
  facet normal 0.9025852843498596 -0.43051109680829697 -4.567031828698225e-19
    outer loop
      vertex -1.6443818237566816 11.732125957536441 0
      vertex -1.6038117435390622 11.817182899531185 0
      vertex -1.6038117435390622 11.817182899531185 4
    endloop
  endfacet
  facet normal 0.8788171126619652 -0.4771587602596088 1.3127311245789527e-19
    outer loop
      vertex -1.6038117435390622 11.817182899531185 0
      vertex -1.5588457268119895 11.9 0
      vertex -1.5588457268119895 11.9 4
    endloop
  endfacet
  facet normal 0.8526401643540911 -0.5224985647159507 -5.004699629281099e-19
    outer loop
      vertex -1.5588457268119895 11.9 0
      vertex -1.5096070223017632 11.980350263027049 0
      vertex -1.5096070223017632 11.980350263027049 4
    endloop
  endfacet
  facet normal 0.8241261886220145 -0.5664062369248345 8.83519882042575e-19
    outer loop
      vertex -1.5096070223017632 11.980350263027049 0
      vertex -1.4562305898749055 12.058013454126451 0
      vertex -1.4562305898749055 12.058013454126451 4
    endloop
  endfacet
  facet normal 0.7933533402912363 -0.6087614290087191 -5.337357361445473e-19
    outer loop
      vertex -1.4562305898749055 12.058013454126451 0
      vertex -1.3988627306225476 12.132776703889707 0
      vertex -1.3988627306225476 12.132776703889707 4
    endloop
  endfacet
  facet normal 0.7604059656000296 -0.6494480483301852 4.526737577205799e-19
    outer loop
      vertex -1.3988627306225476 12.132776703889707 0
      vertex -1.3376606858593096 12.204435091445944 0
      vertex -1.3376606858593096 12.204435091445944 4
    endloop
  endfacet
  facet normal 0.7253743710122961 -0.6883545756937451 3.1922958980316475e-19
    outer loop
      vertex -1.3376606858593096 12.204435091445944 0
      vertex -1.2727922061357857 12.272792206135787 0
      vertex -1.2727922061357857 12.272792206135787 4
    endloop
  endfacet
  facet normal 0.6883545756937521 -0.7253743710122895 0
    outer loop
      vertex -1.204435091445945 12.33766068585931 0
      vertex -1.204435091445945 12.33766068585931 4
      vertex -1.2727922061357857 12.272792206135787 0
    endloop
  endfacet
  facet normal 0.6494480483301733 -0.7604059656000397 0
    outer loop
      vertex -1.1327767038897074 12.398862730622547 0
      vertex -1.1327767038897074 12.398862730622547 4
      vertex -1.204435091445945 12.33766068585931 0
    endloop
  endfacet
  facet normal 0.983254907563955 -0.18223552549214492 0
    outer loop
      vertex -1.777839013071248 11.281582037072415 0
      vertex -1.7606656813208503 11.374241043471967 4
      vertex -1.777839013071248 11.281582037072415 4
    endloop
  endfacet
  facet normal 0.9723699203976758 -0.2334453638559087 0
    outer loop
      vertex -1.7606656813208503 11.374241043471967 0
      vertex -1.738666487320323 11.465874281184536 4
      vertex -1.7606656813208503 11.374241043471967 4
    endloop
  endfacet
  facet normal 0.9588197348681936 -0.28401534470392087 0
    outer loop
      vertex -1.738666487320323 11.465874281184536 0
      vertex -1.7119017293312764 11.556230589874906 4
      vertex -1.738666487320323 11.465874281184536 4
    endloop
  endfacet
  facet normal 0.9426414910921781 -0.33380685923377174 0
    outer loop
      vertex -1.7119017293312764 11.556230589874906 0
      vertex -1.6804447676949632 11.64506230918154 4
      vertex -1.7119017293312764 11.556230589874906 4
    endloop
  endfacet
  facet normal 0.9238795325112883 -0.38268343236508595 0
    outer loop
      vertex -1.6804447676949632 11.64506230918154 0
      vertex -1.6443818237566816 11.732125957536441 4
      vertex -1.6804447676949632 11.64506230918154 4
    endloop
  endfacet
  facet normal 0.9025852843498596 -0.43051109680829697 0
    outer loop
      vertex -1.6443818237566816 11.732125957536441 0
      vertex -1.6038117435390622 11.817182899531185 4
      vertex -1.6443818237566816 11.732125957536441 4
    endloop
  endfacet
  facet normal 0.8788171126619652 -0.4771587602596088 0
    outer loop
      vertex -1.6038117435390622 11.817182899531185 0
      vertex -1.5588457268119895 11.9 4
      vertex -1.6038117435390622 11.817182899531185 4
    endloop
  endfacet
  facet normal 0.8526401643540911 -0.5224985647159507 0
    outer loop
      vertex -1.5588457268119895 11.9 0
      vertex -1.5096070223017632 11.980350263027049 4
      vertex -1.5588457268119895 11.9 4
    endloop
  endfacet
  facet normal 0.8241261886220145 -0.5664062369248345 8.83519882042575e-19
    outer loop
      vertex -1.4562305898749055 12.058013454126451 4
      vertex -1.5096070223017632 11.980350263027049 4
      vertex -1.5096070223017632 11.980350263027049 0
    endloop
  endfacet
  facet normal 0.7933533402912363 -0.6087614290087191 0
    outer loop
      vertex -1.4562305898749055 12.058013454126451 0
      vertex -1.3988627306225476 12.132776703889707 4
      vertex -1.4562305898749055 12.058013454126451 4
    endloop
  endfacet
  facet normal 0.7604059656000296 -0.6494480483301852 0
    outer loop
      vertex -1.3988627306225476 12.132776703889707 0
      vertex -1.3376606858593096 12.204435091445944 4
      vertex -1.3988627306225476 12.132776703889707 4
    endloop
  endfacet
  facet normal 0.7253743710122961 -0.6883545756937451 0
    outer loop
      vertex -1.3376606858593096 12.204435091445944 0
      vertex -1.2727922061357857 12.272792206135787 4
      vertex -1.3376606858593096 12.204435091445944 4
    endloop
  endfacet
  facet normal 0.6883545756937521 -0.7253743710122895 0
    outer loop
      vertex -1.2727922061357857 12.272792206135787 0
      vertex -1.204435091445945 12.33766068585931 4
      vertex -1.2727922061357857 12.272792206135787 4
    endloop
  endfacet
  facet normal 0.6494480483301733 -0.7604059656000397 0
    outer loop
      vertex -1.204435091445945 12.33766068585931 0
      vertex -1.1327767038897074 12.398862730622547 4
      vertex -1.204435091445945 12.33766068585931 4
    endloop
  endfacet
  facet normal 0.6087614290087303 -0.7933533402912278 0
    outer loop
      vertex -1.0580134541264516 12.456230589874906 0
      vertex -1.0580134541264516 12.456230589874906 4
      vertex -1.1327767038897074 12.398862730622547 0
    endloop
  endfacet
  facet normal 0.566406236924827 -0.8241261886220197 0
    outer loop
      vertex -0.9803502630270488 12.509607022301763 0
      vertex -0.9803502630270488 12.509607022301763 4
      vertex -1.0580134541264516 12.456230589874906 0
    endloop
  endfacet
  facet normal 0.5224985647159538 -0.8526401643540892 0
    outer loop
      vertex -0.9 12.55884572681199 0
      vertex -0.9 12.55884572681199 4
      vertex -0.9803502630270488 12.509607022301763 0
    endloop
  endfacet
  facet normal 0.477158760259602 -0.8788171126619688 0
    outer loop
      vertex -0.8171828995311843 12.603811743539062 0
      vertex -0.8171828995311843 12.603811743539062 4
      vertex -0.9 12.55884572681199 0
    endloop
  endfacet
  facet normal 0.4305110968082986 -0.9025852843498591 0
    outer loop
      vertex -0.7321259575364404 12.644381823756682 0
      vertex -0.7321259575364404 12.644381823756682 4
      vertex -0.8171828995311843 12.603811743539062 0
    endloop
  endfacet
  facet normal 0.3826834323650901 -0.9238795325112865 0
    outer loop
      vertex -0.6450623091815405 12.680444767694963 0
      vertex -0.6450623091815405 12.680444767694963 4
      vertex -0.7321259575364404 12.644381823756682 0
    endloop
  endfacet
  facet normal 0.3338068592337783 -0.9426414910921758 0
    outer loop
      vertex -0.5562305898749054 12.711901729331277 0
      vertex -0.5562305898749054 12.711901729331277 4
      vertex -0.6450623091815405 12.680444767694963 0
    endloop
  endfacet
  facet normal 0.28401534470391543 -0.9588197348681952 0
    outer loop
      vertex -0.46587428118453733 12.738666487320323 0
      vertex -0.46587428118453733 12.738666487320323 4
      vertex -0.5562305898749054 12.711901729331277 0
    endloop
  endfacet
  facet normal 0.2334453638559018 -0.9723699203976773 0
    outer loop
      vertex -0.37424104347196685 12.76066568132085 0
      vertex -0.37424104347196685 12.76066568132085 4
      vertex -0.46587428118453733 12.738666487320323 0
    endloop
  endfacet
  facet normal 0.18223552549214456 -0.9832549075639551 0
    outer loop
      vertex -0.2815820370724156 12.777839013071247 0
      vertex -0.2815820370724156 12.777839013071247 4
      vertex -0.37424104347196685 12.76066568132085 0
    endloop
  endfacet
  facet normal 0.13052619222005868 -0.9914448613738095 0
    outer loop
      vertex -0.18815123388177626 12.790139411662892 0
      vertex -0.18815123388177626 12.790139411662892 4
      vertex -0.2815820370724156 12.777839013071247 0
    endloop
  endfacet
  facet normal 0.0784590957278453 -0.996917333733128 0
    outer loop
      vertex -0.09420472123729891 12.797533162558233 0
      vertex -0.09420472123729891 12.797533162558233 4
      vertex -0.18815123388177626 12.790139411662892 0
    endloop
  endfacet
  facet normal 0.026176948307878867 -0.999657324975557 3.323901964464134e-20
    outer loop
      vertex -0.09420472123729891 12.797533162558233 0
      vertex 0 12.8 0
      vertex 0 12.8 4
    endloop
  endfacet
  facet normal 0.6087614290087303 -0.7933533402912278 0
    outer loop
      vertex -1.1327767038897074 12.398862730622547 0
      vertex -1.0580134541264516 12.456230589874906 4
      vertex -1.1327767038897074 12.398862730622547 4
    endloop
  endfacet
  facet normal 0.566406236924827 -0.8241261886220197 0
    outer loop
      vertex -1.0580134541264516 12.456230589874906 0
      vertex -0.9803502630270488 12.509607022301763 4
      vertex -1.0580134541264516 12.456230589874906 4
    endloop
  endfacet
  facet normal 0.5224985647159538 -0.8526401643540892 0
    outer loop
      vertex -0.9803502630270488 12.509607022301763 0
      vertex -0.9 12.55884572681199 4
      vertex -0.9803502630270488 12.509607022301763 4
    endloop
  endfacet
  facet normal 0.477158760259602 -0.8788171126619688 0
    outer loop
      vertex -0.9 12.55884572681199 0
      vertex -0.8171828995311843 12.603811743539062 4
      vertex -0.9 12.55884572681199 4
    endloop
  endfacet
  facet normal 0.4305110968082986 -0.9025852843498591 0
    outer loop
      vertex -0.8171828995311843 12.603811743539062 0
      vertex -0.7321259575364404 12.644381823756682 4
      vertex -0.8171828995311843 12.603811743539062 4
    endloop
  endfacet
  facet normal 0.3826834323650901 -0.9238795325112865 0
    outer loop
      vertex -0.7321259575364404 12.644381823756682 0
      vertex -0.6450623091815405 12.680444767694963 4
      vertex -0.7321259575364404 12.644381823756682 4
    endloop
  endfacet
  facet normal 0.3338068592337783 -0.9426414910921758 0
    outer loop
      vertex -0.6450623091815405 12.680444767694963 0
      vertex -0.5562305898749054 12.711901729331277 4
      vertex -0.6450623091815405 12.680444767694963 4
    endloop
  endfacet
  facet normal 0.28401534470391543 -0.9588197348681952 0
    outer loop
      vertex -0.5562305898749054 12.711901729331277 0
      vertex -0.46587428118453733 12.738666487320323 4
      vertex -0.5562305898749054 12.711901729331277 4
    endloop
  endfacet
  facet normal 0.2334453638559018 -0.9723699203976773 0
    outer loop
      vertex -0.46587428118453733 12.738666487320323 0
      vertex -0.37424104347196685 12.76066568132085 4
      vertex -0.46587428118453733 12.738666487320323 4
    endloop
  endfacet
  facet normal 0.18223552549214456 -0.9832549075639551 0
    outer loop
      vertex -0.37424104347196685 12.76066568132085 0
      vertex -0.2815820370724156 12.777839013071247 4
      vertex -0.37424104347196685 12.76066568132085 4
    endloop
  endfacet
  facet normal 0.13052619222005868 -0.9914448613738095 0
    outer loop
      vertex -0.2815820370724156 12.777839013071247 0
      vertex -0.18815123388177626 12.790139411662892 4
      vertex -0.2815820370724156 12.777839013071247 4
    endloop
  endfacet
  facet normal 0.0784590957278453 -0.996917333733128 0
    outer loop
      vertex -0.18815123388177626 12.790139411662892 0
      vertex -0.09420472123729891 12.797533162558233 4
      vertex -0.18815123388177626 12.790139411662892 4
    endloop
  endfacet
  facet normal 0.026176948307878867 -0.999657324975557 0
    outer loop
      vertex -0.09420472123729891 12.797533162558233 0
      vertex 0 12.8 4
      vertex -0.09420472123729891 12.797533162558233 4
    endloop
  endfacet
  facet normal -0.026176948307878867 0.999657324975557 0
    outer loop
      vertex 0 9.2 0
      vertex 0 9.2 4
      vertex 0.09420472123729891 9.202466837441767 0
    endloop
  endfacet
  facet normal -0.0784590957278453 0.996917333733128 0
    outer loop
      vertex 0.09420472123729891 9.202466837441767 0
      vertex 0.09420472123729891 9.202466837441767 4
      vertex 0.18815123388177626 9.209860588337108 0
    endloop
  endfacet
  facet normal -0.13052619222005868 0.9914448613738095 0
    outer loop
      vertex 0.18815123388177626 9.209860588337108 0
      vertex 0.18815123388177626 9.209860588337108 4
      vertex 0.2815820370724156 9.222160986928753 0
    endloop
  endfacet
  facet normal -0.18223552549214456 0.9832549075639551 0
    outer loop
      vertex 0.2815820370724156 9.222160986928753 0
      vertex 0.2815820370724156 9.222160986928753 4
      vertex 0.37424104347196685 9.23933431867915 0
    endloop
  endfacet
  facet normal -0.2334453638559018 0.9723699203976773 0
    outer loop
      vertex 0.37424104347196685 9.23933431867915 0
      vertex 0.37424104347196685 9.23933431867915 4
      vertex 0.46587428118453733 9.261333512679677 0
    endloop
  endfacet
  facet normal -0.28401534470391543 0.9588197348681952 0
    outer loop
      vertex 0.46587428118453733 9.261333512679677 0
      vertex 0.46587428118453733 9.261333512679677 4
      vertex 0.5562305898749054 9.288098270668723 0
    endloop
  endfacet
  facet normal -0.3338068592337783 0.9426414910921758 0
    outer loop
      vertex 0.5562305898749054 9.288098270668723 0
      vertex 0.5562305898749054 9.288098270668723 4
      vertex 0.6450623091815405 9.319555232305037 0
    endloop
  endfacet
  facet normal -0.3826834323650901 0.9238795325112865 0
    outer loop
      vertex 0.6450623091815405 9.319555232305037 0
      vertex 0.6450623091815405 9.319555232305037 4
      vertex 0.7321259575364404 9.355618176243318 0
    endloop
  endfacet
  facet normal -0.4305110968082986 0.9025852843498591 0
    outer loop
      vertex 0.7321259575364404 9.355618176243318 0
      vertex 0.7321259575364404 9.355618176243318 4
      vertex 0.8171828995311843 9.396188256460938 0
    endloop
  endfacet
  facet normal -0.026176948307878867 0.999657324975557 0
    outer loop
      vertex 0.09420472123729891 9.202466837441767 0
      vertex 0 9.2 4
      vertex 0.09420472123729891 9.202466837441767 4
    endloop
  endfacet
  facet normal -0.0784590957278453 0.996917333733128 0
    outer loop
      vertex 0.18815123388177626 9.209860588337108 0
      vertex 0.09420472123729891 9.202466837441767 4
      vertex 0.18815123388177626 9.209860588337108 4
    endloop
  endfacet
  facet normal -0.13052619222005868 0.9914448613738095 0
    outer loop
      vertex 0.2815820370724156 9.222160986928753 0
      vertex 0.18815123388177626 9.209860588337108 4
      vertex 0.2815820370724156 9.222160986928753 4
    endloop
  endfacet
  facet normal -0.18223552549214456 0.9832549075639551 0
    outer loop
      vertex 0.37424104347196685 9.23933431867915 0
      vertex 0.2815820370724156 9.222160986928753 4
      vertex 0.37424104347196685 9.23933431867915 4
    endloop
  endfacet
  facet normal -0.2334453638559018 0.9723699203976773 0
    outer loop
      vertex 0.46587428118453733 9.261333512679677 0
      vertex 0.37424104347196685 9.23933431867915 4
      vertex 0.46587428118453733 9.261333512679677 4
    endloop
  endfacet
  facet normal -0.28401534470391543 0.9588197348681952 0
    outer loop
      vertex 0.5562305898749054 9.288098270668723 0
      vertex 0.46587428118453733 9.261333512679677 4
      vertex 0.5562305898749054 9.288098270668723 4
    endloop
  endfacet
  facet normal -0.3338068592337783 0.9426414910921758 0
    outer loop
      vertex 0.6450623091815405 9.319555232305037 0
      vertex 0.5562305898749054 9.288098270668723 4
      vertex 0.6450623091815405 9.319555232305037 4
    endloop
  endfacet
  facet normal -0.3826834323650901 0.9238795325112865 0
    outer loop
      vertex 0.7321259575364404 9.355618176243318 0
      vertex 0.6450623091815405 9.319555232305037 4
      vertex 0.7321259575364404 9.355618176243318 4
    endloop
  endfacet
  facet normal -0.477158760259602 0.8788171126619688 0
    outer loop
      vertex 0.8171828995311843 9.396188256460938 0
      vertex 0.8171828995311843 9.396188256460938 4
      vertex 0.9 9.44115427318801 0
    endloop
  endfacet
  facet normal -0.5224985647159538 0.8526401643540892 0
    outer loop
      vertex 0.9 9.44115427318801 0
      vertex 0.9 9.44115427318801 4
      vertex 0.9803502630270488 9.490392977698237 0
    endloop
  endfacet
  facet normal -0.566406236924827 0.8241261886220197 0
    outer loop
      vertex 0.9803502630270488 9.490392977698237 0
      vertex 0.9803502630270488 9.490392977698237 4
      vertex 1.0580134541264516 9.543769410125094 0
    endloop
  endfacet
  facet normal -0.6087614290087303 0.7933533402912278 0
    outer loop
      vertex 1.0580134541264516 9.543769410125094 0
      vertex 1.0580134541264516 9.543769410125094 4
      vertex 1.1327767038897074 9.601137269377453 0
    endloop
  endfacet
  facet normal -0.4305110968082986 0.9025852843498591 0
    outer loop
      vertex 0.8171828995311843 9.396188256460938 0
      vertex 0.7321259575364404 9.355618176243318 4
      vertex 0.8171828995311843 9.396188256460938 4
    endloop
  endfacet
  facet normal -0.477158760259602 0.8788171126619688 0
    outer loop
      vertex 0.9 9.44115427318801 0
      vertex 0.8171828995311843 9.396188256460938 4
      vertex 0.9 9.44115427318801 4
    endloop
  endfacet
  facet normal -0.5224985647159538 0.8526401643540892 0
    outer loop
      vertex 0.9803502630270488 9.490392977698237 0
      vertex 0.9 9.44115427318801 4
      vertex 0.9803502630270488 9.490392977698237 4
    endloop
  endfacet
  facet normal -0.566406236924827 0.8241261886220197 0
    outer loop
      vertex 1.0580134541264516 9.543769410125094 0
      vertex 0.9803502630270488 9.490392977698237 4
      vertex 1.0580134541264516 9.543769410125094 4
    endloop
  endfacet
  facet normal -0.6087614290087303 0.7933533402912278 0
    outer loop
      vertex 1.1327767038897074 9.601137269377453 0
      vertex 1.0580134541264516 9.543769410125094 4
      vertex 1.1327767038897074 9.601137269377453 4
    endloop
  endfacet
  facet normal -0.6494480483301733 0.7604059656000397 0
    outer loop
      vertex 1.1327767038897074 9.601137269377453 0
      vertex 1.1327767038897074 9.601137269377453 4
      vertex 1.204435091445945 9.66233931414069 0
    endloop
  endfacet
  facet normal -0.6883545756937521 0.7253743710122895 0
    outer loop
      vertex 1.204435091445945 9.66233931414069 0
      vertex 1.204435091445945 9.66233931414069 4
      vertex 1.2727922061357857 9.727207793864213 0
    endloop
  endfacet
  facet normal -0.7253743710122961 0.6883545756937451 0
    outer loop
      vertex 1.2727922061357857 9.727207793864213 0
      vertex 1.2727922061357857 9.727207793864213 4
      vertex 1.3376606858593096 9.795564908554056 0
    endloop
  endfacet
  facet normal -0.7604059656000296 0.6494480483301852 4.526737577205799e-19
    outer loop
      vertex 1.3988627306225476 9.867223296110293 0
      vertex 1.3376606858593096 9.795564908554056 0
      vertex 1.3376606858593096 9.795564908554056 4
    endloop
  endfacet
  facet normal -0.7933533402912363 0.6087614290087191 -5.337357361445473e-19
    outer loop
      vertex 1.4562305898749055 9.941986545873549 0
      vertex 1.3988627306225476 9.867223296110293 0
      vertex 1.3988627306225476 9.867223296110293 4
    endloop
  endfacet
  facet normal -0.8241261886220145 0.5664062369248345 8.83519882042575e-19
    outer loop
      vertex 1.5096070223017632 10.019649736972951 0
      vertex 1.4562305898749055 9.941986545873549 0
      vertex 1.4562305898749055 9.941986545873549 4
    endloop
  endfacet
  facet normal -0.8526401643540911 0.5224985647159507 -5.004699629281099e-19
    outer loop
      vertex 1.5588457268119895 10.1 0
      vertex 1.5096070223017632 10.019649736972951 0
      vertex 1.5096070223017632 10.019649736972951 4
    endloop
  endfacet
  facet normal -0.8788171126619652 0.4771587602596088 1.3127311245789527e-19
    outer loop
      vertex 1.6038117435390622 10.182817100468815 0
      vertex 1.5588457268119895 10.1 0
      vertex 1.5588457268119895 10.1 4
    endloop
  endfacet
  facet normal -0.9025852843498596 0.43051109680829697 -4.567031828698225e-19
    outer loop
      vertex 1.6443818237566816 10.267874042463559 0
      vertex 1.6038117435390622 10.182817100468815 0
      vertex 1.6038117435390622 10.182817100468815 4
    endloop
  endfacet
  facet normal -0.9238795325112883 0.38268343236508595 -1.141444903052207e-19
    outer loop
      vertex 1.6804447676949632 10.35493769081846 0
      vertex 1.6443818237566816 10.267874042463559 0
      vertex 1.6443818237566816 10.267874042463559 4
    endloop
  endfacet
  facet normal -0.9426414910921781 0.33380685923377174 -2.4538899786830277e-19
    outer loop
      vertex 1.7119017293312764 10.443769410125094 0
      vertex 1.6804447676949632 10.35493769081846 0
      vertex 1.6804447676949632 10.35493769081846 4
    endloop
  endfacet
  facet normal -0.9588197348681936 0.28401534470392087 -2.601212818979625e-19
    outer loop
      vertex 1.738666487320323 10.534125718815464 0
      vertex 1.7119017293312764 10.443769410125094 0
      vertex 1.7119017293312764 10.443769410125094 4
    endloop
  endfacet
  facet normal -0.9723699203976758 0.2334453638559087 -1.3758735161076276e-19
    outer loop
      vertex 1.7606656813208503 10.625758956528033 0
      vertex 1.738666487320323 10.534125718815464 0
      vertex 1.738666487320323 10.534125718815464 4
    endloop
  endfacet
  facet normal -0.983254907563955 0.18223552549214492 7.084906408819246e-20
    outer loop
      vertex 1.777839013071248 10.718417962927585 0
      vertex 1.7606656813208503 10.625758956528033 0
      vertex 1.7606656813208503 10.625758956528033 4
    endloop
  endfacet
  facet normal -0.9914448613738106 0.13052619222004982 -2.673070247218332e-19
    outer loop
      vertex 1.790139411662892 10.811848766118224 0
      vertex 1.777839013071248 10.718417962927585 0
      vertex 1.777839013071248 10.718417962927585 4
    endloop
  endfacet
  facet normal -0.9969173337331279 0.07845909572784562 8.138511641923455e-20
    outer loop
      vertex 1.797533162558233 10.905795278762701 0
      vertex 1.790139411662892 10.811848766118224 0
      vertex 1.790139411662892 10.811848766118224 4
    endloop
  endfacet
  facet normal -0.9996573249755571 0.026176948307874207 -2.9278218193767794e-20
    outer loop
      vertex 1.8 11 0
      vertex 1.797533162558233 10.905795278762701 0
      vertex 1.797533162558233 10.905795278762701 4
    endloop
  endfacet
  facet normal -0.9996573249755571 -0.026176948307874207 2.9278218193767794e-20
    outer loop
      vertex 1.797533162558233 11.094204721237299 0
      vertex 1.8 11 0
      vertex 1.8 11 4
    endloop
  endfacet
  facet normal -0.9969173337331279 -0.07845909572784562 -8.138511641923455e-20
    outer loop
      vertex 1.790139411662892 11.188151233881776 0
      vertex 1.797533162558233 11.094204721237299 0
      vertex 1.797533162558233 11.094204721237299 4
    endloop
  endfacet
  facet normal -0.9914448613738106 -0.13052619222004982 2.673070247218332e-19
    outer loop
      vertex 1.777839013071248 11.281582037072415 0
      vertex 1.790139411662892 11.188151233881776 0
      vertex 1.790139411662892 11.188151233881776 4
    endloop
  endfacet
  facet normal -0.6494480483301733 0.7604059656000397 0
    outer loop
      vertex 1.204435091445945 9.66233931414069 0
      vertex 1.1327767038897074 9.601137269377453 4
      vertex 1.204435091445945 9.66233931414069 4
    endloop
  endfacet
  facet normal -0.6883545756937521 0.7253743710122895 0
    outer loop
      vertex 1.2727922061357857 9.727207793864213 0
      vertex 1.204435091445945 9.66233931414069 4
      vertex 1.2727922061357857 9.727207793864213 4
    endloop
  endfacet
  facet normal -0.7253743710122961 0.6883545756937451 0
    outer loop
      vertex 1.3376606858593096 9.795564908554056 0
      vertex 1.2727922061357857 9.727207793864213 4
      vertex 1.3376606858593096 9.795564908554056 4
    endloop
  endfacet
  facet normal -0.7604059656000296 0.6494480483301852 0
    outer loop
      vertex 1.3988627306225476 9.867223296110293 0
      vertex 1.3376606858593096 9.795564908554056 4
      vertex 1.3988627306225476 9.867223296110293 4
    endloop
  endfacet
  facet normal -0.7933533402912363 0.6087614290087191 0
    outer loop
      vertex 1.4562305898749055 9.941986545873549 0
      vertex 1.3988627306225476 9.867223296110293 4
      vertex 1.4562305898749055 9.941986545873549 4
    endloop
  endfacet
  facet normal -0.8241261886220145 0.5664062369248345 0
    outer loop
      vertex 1.5096070223017632 10.019649736972951 0
      vertex 1.4562305898749055 9.941986545873549 4
      vertex 1.5096070223017632 10.019649736972951 4
    endloop
  endfacet
  facet normal -0.8526401643540911 0.5224985647159507 0
    outer loop
      vertex 1.5588457268119895 10.1 0
      vertex 1.5096070223017632 10.019649736972951 4
      vertex 1.5588457268119895 10.1 4
    endloop
  endfacet
  facet normal -0.8788171126619652 0.4771587602596088 0
    outer loop
      vertex 1.6038117435390622 10.182817100468815 0
      vertex 1.5588457268119895 10.1 4
      vertex 1.6038117435390622 10.182817100468815 4
    endloop
  endfacet
  facet normal -0.9025852843498596 0.43051109680829697 0
    outer loop
      vertex 1.6443818237566816 10.267874042463559 0
      vertex 1.6038117435390622 10.182817100468815 4
      vertex 1.6443818237566816 10.267874042463559 4
    endloop
  endfacet
  facet normal -0.9238795325112883 0.38268343236508595 0
    outer loop
      vertex 1.6804447676949632 10.35493769081846 0
      vertex 1.6443818237566816 10.267874042463559 4
      vertex 1.6804447676949632 10.35493769081846 4
    endloop
  endfacet
  facet normal -0.9426414910921781 0.33380685923377174 0
    outer loop
      vertex 1.7119017293312764 10.443769410125094 0
      vertex 1.6804447676949632 10.35493769081846 4
      vertex 1.7119017293312764 10.443769410125094 4
    endloop
  endfacet
  facet normal -0.9588197348681936 0.28401534470392087 0
    outer loop
      vertex 1.738666487320323 10.534125718815464 0
      vertex 1.7119017293312764 10.443769410125094 4
      vertex 1.738666487320323 10.534125718815464 4
    endloop
  endfacet
  facet normal -0.9723699203976758 0.2334453638559087 0
    outer loop
      vertex 1.7606656813208503 10.625758956528033 0
      vertex 1.738666487320323 10.534125718815464 4
      vertex 1.7606656813208503 10.625758956528033 4
    endloop
  endfacet
  facet normal -0.983254907563955 0.18223552549214492 0
    outer loop
      vertex 1.777839013071248 10.718417962927585 0
      vertex 1.7606656813208503 10.625758956528033 4
      vertex 1.777839013071248 10.718417962927585 4
    endloop
  endfacet
  facet normal -0.9914448613738106 0.13052619222004982 0
    outer loop
      vertex 1.790139411662892 10.811848766118224 0
      vertex 1.777839013071248 10.718417962927585 4
      vertex 1.790139411662892 10.811848766118224 4
    endloop
  endfacet
  facet normal -0.9969173337331279 0.07845909572784562 0
    outer loop
      vertex 1.797533162558233 10.905795278762701 0
      vertex 1.790139411662892 10.811848766118224 4
      vertex 1.797533162558233 10.905795278762701 4
    endloop
  endfacet
  facet normal -0.9996573249755571 0.026176948307874207 0
    outer loop
      vertex 1.8 11 0
      vertex 1.797533162558233 10.905795278762701 4
      vertex 1.8 11 4
    endloop
  endfacet
  facet normal -0.9996573249755571 -0.026176948307874207 0
    outer loop
      vertex 1.797533162558233 11.094204721237299 0
      vertex 1.8 11 4
      vertex 1.797533162558233 11.094204721237299 4
    endloop
  endfacet
  facet normal -0.9969173337331279 -0.07845909572784562 0
    outer loop
      vertex 1.790139411662892 11.188151233881776 0
      vertex 1.797533162558233 11.094204721237299 4
      vertex 1.790139411662892 11.188151233881776 4
    endloop
  endfacet
  facet normal -0.026176948307878867 -0.999657324975557 0
    outer loop
      vertex 0.09420472123729891 12.797533162558233 0
      vertex 0.09420472123729891 12.797533162558233 4
      vertex 0 12.8 0
    endloop
  endfacet
  facet normal -0.0784590957278453 -0.996917333733128 0
    outer loop
      vertex 0.18815123388177626 12.790139411662892 0
      vertex 0.18815123388177626 12.790139411662892 4
      vertex 0.09420472123729891 12.797533162558233 0
    endloop
  endfacet
  facet normal -0.13052619222005868 -0.9914448613738095 0
    outer loop
      vertex 0.2815820370724156 12.777839013071247 0
      vertex 0.2815820370724156 12.777839013071247 4
      vertex 0.18815123388177626 12.790139411662892 0
    endloop
  endfacet
  facet normal -0.18223552549214456 -0.9832549075639551 0
    outer loop
      vertex 0.37424104347196685 12.76066568132085 0
      vertex 0.37424104347196685 12.76066568132085 4
      vertex 0.2815820370724156 12.777839013071247 0
    endloop
  endfacet
  facet normal -0.2334453638559018 -0.9723699203976773 0
    outer loop
      vertex 0.46587428118453733 12.738666487320323 0
      vertex 0.46587428118453733 12.738666487320323 4
      vertex 0.37424104347196685 12.76066568132085 0
    endloop
  endfacet
  facet normal -0.28401534470391543 -0.9588197348681952 0
    outer loop
      vertex 0.5562305898749054 12.711901729331277 0
      vertex 0.5562305898749054 12.711901729331277 4
      vertex 0.46587428118453733 12.738666487320323 0
    endloop
  endfacet
  facet normal -0.4305110968082986 -0.9025852843498591 0
    outer loop
      vertex 0.8171828995311843 12.603811743539062 0
      vertex 0.8171828995311843 12.603811743539062 4
      vertex 0.7321259575364404 12.644381823756682 0
    endloop
  endfacet
  facet normal -0.3338068592337783 -0.9426414910921758 0
    outer loop
      vertex 0.6450623091815405 12.680444767694963 0
      vertex 0.6450623091815405 12.680444767694963 4
      vertex 0.5562305898749054 12.711901729331277 0
    endloop
  endfacet
  facet normal -0.3826834323650901 -0.9238795325112865 0
    outer loop
      vertex 0.7321259575364404 12.644381823756682 0
      vertex 0.7321259575364404 12.644381823756682 4
      vertex 0.6450623091815405 12.680444767694963 0
    endloop
  endfacet
  facet normal -0.477158760259602 -0.8788171126619688 0
    outer loop
      vertex 0.9 12.55884572681199 0
      vertex 0.9 12.55884572681199 4
      vertex 0.8171828995311843 12.603811743539062 0
    endloop
  endfacet
  facet normal -0.5224985647159538 -0.8526401643540892 0
    outer loop
      vertex 0.9803502630270488 12.509607022301763 0
      vertex 0.9803502630270488 12.509607022301763 4
      vertex 0.9 12.55884572681199 0
    endloop
  endfacet
  facet normal -0.6087614290087303 -0.7933533402912278 0
    outer loop
      vertex 1.1327767038897074 12.398862730622547 0
      vertex 1.1327767038897074 12.398862730622547 4
      vertex 1.0580134541264516 12.456230589874906 0
    endloop
  endfacet
  facet normal -0.566406236924827 -0.8241261886220197 0
    outer loop
      vertex 1.0580134541264516 12.456230589874906 0
      vertex 1.0580134541264516 12.456230589874906 4
      vertex 0.9803502630270488 12.509607022301763 0
    endloop
  endfacet
  facet normal -0.026176948307878867 -0.999657324975557 0
    outer loop
      vertex 0 12.8 0
      vertex 0.09420472123729891 12.797533162558233 4
      vertex 0 12.8 4
    endloop
  endfacet
  facet normal -0.0784590957278453 -0.996917333733128 0
    outer loop
      vertex 0.09420472123729891 12.797533162558233 0
      vertex 0.18815123388177626 12.790139411662892 4
      vertex 0.09420472123729891 12.797533162558233 4
    endloop
  endfacet
  facet normal -0.13052619222005868 -0.9914448613738095 0
    outer loop
      vertex 0.18815123388177626 12.790139411662892 0
      vertex 0.2815820370724156 12.777839013071247 4
      vertex 0.18815123388177626 12.790139411662892 4
    endloop
  endfacet
  facet normal -0.18223552549214456 -0.9832549075639551 0
    outer loop
      vertex 0.2815820370724156 12.777839013071247 0
      vertex 0.37424104347196685 12.76066568132085 4
      vertex 0.2815820370724156 12.777839013071247 4
    endloop
  endfacet
  facet normal -0.2334453638559018 -0.9723699203976773 0
    outer loop
      vertex 0.37424104347196685 12.76066568132085 0
      vertex 0.46587428118453733 12.738666487320323 4
      vertex 0.37424104347196685 12.76066568132085 4
    endloop
  endfacet
  facet normal -0.28401534470391543 -0.9588197348681952 0
    outer loop
      vertex 0.46587428118453733 12.738666487320323 0
      vertex 0.5562305898749054 12.711901729331277 4
      vertex 0.46587428118453733 12.738666487320323 4
    endloop
  endfacet
  facet normal -0.4305110968082986 -0.9025852843498591 0
    outer loop
      vertex 0.7321259575364404 12.644381823756682 0
      vertex 0.8171828995311843 12.603811743539062 4
      vertex 0.7321259575364404 12.644381823756682 4
    endloop
  endfacet
  facet normal -0.3338068592337783 -0.9426414910921758 0
    outer loop
      vertex 0.5562305898749054 12.711901729331277 0
      vertex 0.6450623091815405 12.680444767694963 4
      vertex 0.5562305898749054 12.711901729331277 4
    endloop
  endfacet
  facet normal -0.3826834323650901 -0.9238795325112865 0
    outer loop
      vertex 0.6450623091815405 12.680444767694963 0
      vertex 0.7321259575364404 12.644381823756682 4
      vertex 0.6450623091815405 12.680444767694963 4
    endloop
  endfacet
  facet normal -0.477158760259602 -0.8788171126619688 0
    outer loop
      vertex 0.8171828995311843 12.603811743539062 0
      vertex 0.9 12.55884572681199 4
      vertex 0.8171828995311843 12.603811743539062 4
    endloop
  endfacet
  facet normal -0.5224985647159538 -0.8526401643540892 0
    outer loop
      vertex 0.9 12.55884572681199 0
      vertex 0.9803502630270488 12.509607022301763 4
      vertex 0.9 12.55884572681199 4
    endloop
  endfacet
  facet normal -0.566406236924827 -0.8241261886220197 0
    outer loop
      vertex 0.9803502630270488 12.509607022301763 0
      vertex 1.0580134541264516 12.456230589874906 4
      vertex 0.9803502630270488 12.509607022301763 4
    endloop
  endfacet
  facet normal -0.6087614290087303 -0.7933533402912278 0
    outer loop
      vertex 1.0580134541264516 12.456230589874906 0
      vertex 1.1327767038897074 12.398862730622547 4
      vertex 1.0580134541264516 12.456230589874906 4
    endloop
  endfacet
  facet normal -0.7604059656000296 -0.6494480483301852 -4.526737577205799e-19
    outer loop
      vertex 1.3376606858593096 12.204435091445944 0
      vertex 1.3988627306225476 12.132776703889707 0
      vertex 1.3988627306225476 12.132776703889707 4
    endloop
  endfacet
  facet normal -0.9238795325112883 -0.38268343236508595 1.141444903052207e-19
    outer loop
      vertex 1.6443818237566816 11.732125957536441 0
      vertex 1.6804447676949632 11.64506230918154 0
      vertex 1.6804447676949632 11.64506230918154 4
    endloop
  endfacet
  facet normal -0.7933533402912363 -0.6087614290087191 5.337357361445473e-19
    outer loop
      vertex 1.3988627306225476 12.132776703889707 0
      vertex 1.4562305898749055 12.058013454126451 0
      vertex 1.4562305898749055 12.058013454126451 4
    endloop
  endfacet
  facet normal -0.8241261886220145 -0.5664062369248345 -8.83519882042575e-19
    outer loop
      vertex 1.4562305898749055 12.058013454126451 0
      vertex 1.5096070223017632 11.980350263027049 0
      vertex 1.5096070223017632 11.980350263027049 4
    endloop
  endfacet
  facet normal -0.8526401643540911 -0.5224985647159507 5.004699629281099e-19
    outer loop
      vertex 1.5096070223017632 11.980350263027049 0
      vertex 1.5588457268119895 11.9 0
      vertex 1.5588457268119895 11.9 4
    endloop
  endfacet
  facet normal -0.8788171126619652 -0.4771587602596088 -1.3127311245789527e-19
    outer loop
      vertex 1.5588457268119895 11.9 0
      vertex 1.6038117435390622 11.817182899531185 0
      vertex 1.6038117435390622 11.817182899531185 4
    endloop
  endfacet
  facet normal -0.9025852843498596 -0.43051109680829697 4.567031828698225e-19
    outer loop
      vertex 1.6038117435390622 11.817182899531185 0
      vertex 1.6443818237566816 11.732125957536441 0
      vertex 1.6443818237566816 11.732125957536441 4
    endloop
  endfacet
  facet normal -0.6494480483301733 -0.7604059656000397 0
    outer loop
      vertex 1.204435091445945 12.33766068585931 0
      vertex 1.204435091445945 12.33766068585931 4
      vertex 1.1327767038897074 12.398862730622547 0
    endloop
  endfacet
  facet normal -0.6883545756937521 -0.7253743710122895 -9.08893592369553e-19
    outer loop
      vertex 1.204435091445945 12.33766068585931 0
      vertex 1.2727922061357857 12.272792206135787 0
      vertex 1.2727922061357857 12.272792206135787 4
    endloop
  endfacet
  facet normal -0.7253743710122961 -0.6883545756937451 -3.1922958980316475e-19
    outer loop
      vertex 1.2727922061357857 12.272792206135787 0
      vertex 1.3376606858593096 12.204435091445944 0
      vertex 1.3376606858593096 12.204435091445944 4
    endloop
  endfacet
  facet normal -0.983254907563955 -0.18223552549214492 -7.084906408819246e-20
    outer loop
      vertex 1.7606656813208503 11.374241043471967 0
      vertex 1.777839013071248 11.281582037072415 0
      vertex 1.777839013071248 11.281582037072415 4
    endloop
  endfacet
  facet normal -0.9723699203976758 -0.2334453638559087 1.3758735161076276e-19
    outer loop
      vertex 1.738666487320323 11.465874281184536 0
      vertex 1.7606656813208503 11.374241043471967 0
      vertex 1.7606656813208503 11.374241043471967 4
    endloop
  endfacet
  facet normal -0.9426414910921781 -0.33380685923377174 2.4538899786830277e-19
    outer loop
      vertex 1.6804447676949632 11.64506230918154 0
      vertex 1.7119017293312764 11.556230589874906 0
      vertex 1.7119017293312764 11.556230589874906 4
    endloop
  endfacet
  facet normal -0.9588197348681936 -0.28401534470392087 2.601212818979625e-19
    outer loop
      vertex 1.7119017293312764 11.556230589874906 0
      vertex 1.738666487320323 11.465874281184536 0
      vertex 1.738666487320323 11.465874281184536 4
    endloop
  endfacet
  facet normal -0.7604059656000296 -0.6494480483301852 0
    outer loop
      vertex 1.3376606858593096 12.204435091445944 0
      vertex 1.3988627306225476 12.132776703889707 4
      vertex 1.3376606858593096 12.204435091445944 4
    endloop
  endfacet
  facet normal -0.9238795325112883 -0.38268343236508595 0
    outer loop
      vertex 1.6443818237566816 11.732125957536441 0
      vertex 1.6804447676949632 11.64506230918154 4
      vertex 1.6443818237566816 11.732125957536441 4
    endloop
  endfacet
  facet normal -0.7933533402912363 -0.6087614290087191 0
    outer loop
      vertex 1.3988627306225476 12.132776703889707 0
      vertex 1.4562305898749055 12.058013454126451 4
      vertex 1.3988627306225476 12.132776703889707 4
    endloop
  endfacet
  facet normal -0.8241261886220145 -0.5664062369248345 -8.83519882042575e-19
    outer loop
      vertex 1.5096070223017632 11.980350263027049 4
      vertex 1.4562305898749055 12.058013454126451 4
      vertex 1.4562305898749055 12.058013454126451 0
    endloop
  endfacet
  facet normal -0.8526401643540911 -0.5224985647159507 0
    outer loop
      vertex 1.5096070223017632 11.980350263027049 0
      vertex 1.5588457268119895 11.9 4
      vertex 1.5096070223017632 11.980350263027049 4
    endloop
  endfacet
  facet normal -0.8788171126619652 -0.4771587602596088 0
    outer loop
      vertex 1.5588457268119895 11.9 0
      vertex 1.6038117435390622 11.817182899531185 4
      vertex 1.5588457268119895 11.9 4
    endloop
  endfacet
  facet normal -0.9025852843498596 -0.43051109680829697 0
    outer loop
      vertex 1.6038117435390622 11.817182899531185 0
      vertex 1.6443818237566816 11.732125957536441 4
      vertex 1.6038117435390622 11.817182899531185 4
    endloop
  endfacet
  facet normal -0.6494480483301733 -0.7604059656000397 0
    outer loop
      vertex 1.1327767038897074 12.398862730622547 0
      vertex 1.204435091445945 12.33766068585931 4
      vertex 1.1327767038897074 12.398862730622547 4
    endloop
  endfacet
  facet normal -0.6883545756937521 -0.7253743710122895 0
    outer loop
      vertex 1.204435091445945 12.33766068585931 0
      vertex 1.2727922061357857 12.272792206135787 4
      vertex 1.204435091445945 12.33766068585931 4
    endloop
  endfacet
  facet normal -0.7253743710122961 -0.6883545756937451 0
    outer loop
      vertex 1.2727922061357857 12.272792206135787 0
      vertex 1.3376606858593096 12.204435091445944 4
      vertex 1.2727922061357857 12.272792206135787 4
    endloop
  endfacet
  facet normal -0.983254907563955 -0.18223552549214492 0
    outer loop
      vertex 1.7606656813208503 11.374241043471967 0
      vertex 1.777839013071248 11.281582037072415 4
      vertex 1.7606656813208503 11.374241043471967 4
    endloop
  endfacet
  facet normal -0.9914448613738106 -0.13052619222004982 0
    outer loop
      vertex 1.777839013071248 11.281582037072415 0
      vertex 1.790139411662892 11.188151233881776 4
      vertex 1.777839013071248 11.281582037072415 4
    endloop
  endfacet
  facet normal -0.9723699203976758 -0.2334453638559087 0
    outer loop
      vertex 1.738666487320323 11.465874281184536 0
      vertex 1.7606656813208503 11.374241043471967 4
      vertex 1.738666487320323 11.465874281184536 4
    endloop
  endfacet
  facet normal -0.9588197348681936 -0.28401534470392087 0
    outer loop
      vertex 1.7119017293312764 11.556230589874906 0
      vertex 1.738666487320323 11.465874281184536 4
      vertex 1.7119017293312764 11.556230589874906 4
    endloop
  endfacet
  facet normal -0.9426414910921781 -0.33380685923377174 0
    outer loop
      vertex 1.6804447676949632 11.64506230918154 0
      vertex 1.7119017293312764 11.556230589874906 4
      vertex 1.6804447676949632 11.64506230918154 4
    endloop
  endfacet
  facet normal 0 0.38268343236509395 0.9238795325112852
    outer loop
      vertex -8.9 -1.6676202366107806 11.254463623665337
      vertex -3.9000000000000004 -1.6676202366107806 11.254463623665337
      vertex -8.9 -1.469308593135731 11.172320251361473
    endloop
  endfacet
  facet normal 0 0.2840153447039191 0.9588197348681942
    outer loop
      vertex -8.9 -1.2669696769372842 11.10066828318987
      vertex -3.9000000000000004 -1.2669696769372842 11.10066828318987
      vertex -8.9 -1.061158084920335 11.039704112214821
    endloop
  endfacet
  facet normal 0 0.3338068592337712 0.9426414910921783
    outer loop
      vertex -8.9 -1.469308593135731 11.172320251361473
      vertex -3.9000000000000004 -1.469308593135731 11.172320251361473
      vertex -8.9 -1.2669696769372842 11.10066828318987
    endloop
  endfacet
  facet normal 0 0.2334453638559073 0.9723699203976761
    outer loop
      vertex -8.9 -1.061158084920335 11.039704112214821
      vertex -3.9000000000000004 -1.061158084920335 11.039704112214821
      vertex -8.9 -0.8524379323528132 10.989594836991397
    endloop
  endfacet
  facet normal 0 0.13052619222004694 0.9914448613738112
    outer loop
      vertex -8.9 -0.6413813066649465 10.950477803559934
      vertex -3.9000000000000004 -0.6413813066649465 10.950477803559934
      vertex -8.9 -0.4285666993973792 10.92246022899008
    endloop
  endfacet
  facet normal 0 0.182235525492154 0.9832549075639533
    outer loop
      vertex -8.9 -0.8524379323528132 10.989594836991397
      vertex -3.9000000000000004 -0.8524379323528132 10.989594836991397
      vertex -8.9 -0.6413813066649465 10.950477803559934
    endloop
  endfacet
  facet normal 0 0.07845909572783939 0.9969173337331284
    outer loop
      vertex -8.9 -0.4285666993973792 10.92246022899008
      vertex -3.9000000000000004 -0.4285666993973792 10.92246022899008
      vertex -8.9 -0.2145774205960697 10.905618907506248
    endloop
  endfacet
  facet normal 0 0.02617694830787749 0.9996573249755571
    outer loop
      vertex -8.9 -0.2145774205960697 10.905618907506248
      vertex -3.9000000000000004 -0.2145774205960697 10.905618907506248
      vertex -8.9 0 10.9
    endloop
  endfacet
  facet normal 0 0.4305110968082896 0.9025852843498633
    outer loop
      vertex -8.9 -1.6676202366107806 11.254463623665337
      vertex -3.9000000000000004 -1.8613610489321417 11.346873250827691
      vertex -3.9000000000000004 -1.6676202366107806 11.254463623665337
    endloop
  endfacet
  facet normal 0 0.38268343236509395 0.9238795325112852
    outer loop
      vertex -8.9 -1.469308593135731 11.172320251361473
      vertex -3.9000000000000004 -1.6676202366107806 11.254463623665337
      vertex -3.9000000000000004 -1.469308593135731 11.172320251361473
    endloop
  endfacet
  facet normal 0 0.3338068592337712 0.9426414910921783
    outer loop
      vertex -8.9 -1.2669696769372842 11.10066828318987
      vertex -3.9000000000000004 -1.469308593135731 11.172320251361473
      vertex -3.9000000000000004 -1.2669696769372842 11.10066828318987
    endloop
  endfacet
  facet normal 0 0.2840153447039191 0.9588197348681942
    outer loop
      vertex -8.9 -1.061158084920335 11.039704112214821
      vertex -3.9000000000000004 -1.2669696769372842 11.10066828318987
      vertex -3.9000000000000004 -1.061158084920335 11.039704112214821
    endloop
  endfacet
  facet normal 0 0.13052619222004694 0.9914448613738112
    outer loop
      vertex -8.9 -0.4285666993973792 10.92246022899008
      vertex -3.9000000000000004 -0.6413813066649465 10.950477803559934
      vertex -3.9000000000000004 -0.4285666993973792 10.92246022899008
    endloop
  endfacet
  facet normal 0 0.2334453638559073 0.9723699203976761
    outer loop
      vertex -8.9 -0.8524379323528132 10.989594836991397
      vertex -3.9000000000000004 -1.061158084920335 11.039704112214821
      vertex -3.9000000000000004 -0.8524379323528132 10.989594836991397
    endloop
  endfacet
  facet normal 0 0.182235525492154 0.9832549075639533
    outer loop
      vertex -8.9 -0.6413813066649465 10.950477803559934
      vertex -3.9000000000000004 -0.8524379323528132 10.989594836991397
      vertex -3.9000000000000004 -0.6413813066649465 10.950477803559934
    endloop
  endfacet
  facet normal 0 0.07845909572783939 0.9969173337331284
    outer loop
      vertex -8.9 -0.2145774205960697 10.905618907506248
      vertex -3.9000000000000004 -0.4285666993973792 10.92246022899008
      vertex -3.9000000000000004 -0.2145774205960697 10.905618907506248
    endloop
  endfacet
  facet normal 0 0.02617694830787749 0.9996573249755571
    outer loop
      vertex -8.9 0 10.9
      vertex -3.9000000000000004 -0.2145774205960697 10.905618907506248
      vertex -3.9000000000000004 0 10.9
    endloop
  endfacet
  facet normal 0 0.9238795325112865 0.38268343236509034
    outer loop
      vertex -3.9000000000000004 -3.827679748638527 13.53069140686427
      vertex -8.9 -3.7455363763346634 13.33237976338922
      vertex -8.9 -3.827679748638527 13.53069140686427
    endloop
  endfacet
  facet normal 0 0.9426414910921785 0.3338068592337703
    outer loop
      vertex -3.9000000000000004 -3.899331716810129 13.733030323062716
      vertex -8.9 -3.827679748638527 13.53069140686427
      vertex -8.9 -3.899331716810129 13.733030323062716
    endloop
  endfacet
  facet normal 0 0.9723699203976768 0.23344536385590442
    outer loop
      vertex -3.9000000000000004 -4.010405163008603 14.147562067647186
      vertex -8.9 -3.96029588778518 13.938841915079665
      vertex -8.9 -4.010405163008603 14.147562067647186
    endloop
  endfacet
  facet normal 0 0.9588197348681927 0.2840153447039239
    outer loop
      vertex -3.9000000000000004 -3.96029588778518 13.938841915079665
      vertex -8.9 -3.899331716810129 13.733030323062716
      vertex -8.9 -3.96029588778518 13.938841915079665
    endloop
  endfacet
  facet normal 0 0.9832549075639542 0.18223552549214972
    outer loop
      vertex -3.9000000000000004 -4.049522196440065 14.358618693335053
      vertex -8.9 -4.010405163008603 14.147562067647186
      vertex -8.9 -4.049522196440065 14.358618693335053
    endloop
  endfacet
  facet normal 0 0.9914448613738109 0.13052619222004674
    outer loop
      vertex -3.9000000000000004 -4.07753977100992 14.57143330060262
      vertex -8.9 -4.049522196440065 14.358618693335053
      vertex -8.9 -4.07753977100992 14.57143330060262
    endloop
  endfacet
  facet normal 0 0.9969173337331276 0.0784590957278478
    outer loop
      vertex -3.9000000000000004 -4.0943810924937525 14.78542257940393
      vertex -8.9 -4.07753977100992 14.57143330060262
      vertex -8.9 -4.0943810924937525 14.78542257940393
    endloop
  endfacet
  facet normal 0 0.9996573249755573 0.0261769483078733
    outer loop
      vertex -3.9000000000000004 -4.1 15
      vertex -8.9 -4.0943810924937525 14.78542257940393
      vertex -8.9 -4.1 15
    endloop
  endfacet
  facet normal 0 0.9996573249755573 -0.0261769483078733
    outer loop
      vertex -3.9000000000000004 -4.0943810924937525 15.21457742059607
      vertex -8.9 -4.1 15
      vertex -8.9 -4.0943810924937525 15.21457742059607
    endloop
  endfacet
  facet normal 0 0.9969173337331276 -0.0784590957278478
    outer loop
      vertex -3.9000000000000004 -4.07753977100992 15.42856669939738
      vertex -8.9 -4.0943810924937525 15.21457742059607
      vertex -8.9 -4.07753977100992 15.42856669939738
    endloop
  endfacet
  facet normal 0 0.9914448613738109 -0.13052619222004674
    outer loop
      vertex -3.9000000000000004 -4.049522196440065 15.641381306664947
      vertex -8.9 -4.07753977100992 15.42856669939738
      vertex -8.9 -4.049522196440065 15.641381306664947
    endloop
  endfacet
  facet normal 0 0.9832549075639542 -0.18223552549214972
    outer loop
      vertex -3.9000000000000004 -4.010405163008603 15.852437932352814
      vertex -8.9 -4.049522196440065 15.641381306664947
      vertex -8.9 -4.010405163008603 15.852437932352814
    endloop
  endfacet
  facet normal 0 0.9723699203976772 -0.23344536385590253
    outer loop
      vertex -3.9000000000000004 -3.96029588778518 16.061158084920336
      vertex -8.9 -4.010405163008603 15.852437932352814
      vertex -8.9 -3.96029588778518 16.061158084920336
    endloop
  endfacet
  facet normal 3.4338078615759005e-19 0.9588197348681914 -0.2840153447039285
    outer loop
      vertex -8.9 -3.96029588778518 16.061158084920336
      vertex -8.9 -3.899331716810129 16.266969676937283
      vertex -3.9000000000000004 -3.899331716810129 16.266969676937283
    endloop
  endfacet
  facet normal 3.329178445178371e-19 0.9426414910921804 -0.33380685923376513
    outer loop
      vertex -8.9 -3.899331716810129 16.266969676937283
      vertex -8.9 -3.827679748638527 16.469308593135732
      vertex -3.9000000000000004 -3.827679748638527 16.469308593135732
    endloop
  endfacet
  facet normal -5.68419673184028e-19 0.9238795325112853 -0.3826834323650933
    outer loop
      vertex -8.9 -3.827679748638527 16.469308593135732
      vertex -8.9 -3.7455363763346634 16.66762023661078
      vertex -3.9000000000000004 -3.7455363763346634 16.66762023661078
    endloop
  endfacet
  facet normal 0 0.8241261886220167 0.5664062369248312
    outer loop
      vertex -3.9000000000000004 -3.4385493285762383 12.766979956438389
      vertex -8.9 -3.3169696769372843 12.59008046560086
      vertex -8.9 -3.4385493285762383 12.766979956438389
    endloop
  endfacet
  facet normal 0 0.6883545756937534 0.7253743710122883
    outer loop
      vertex -3.9000000000000004 -2.899137802864845 12.100862197135156
      vertex -8.9 -2.7434354860713186 11.953106215542684
      vertex -8.9 -2.899137802864845 12.100862197135156
    endloop
  endfacet
  facet normal 0 0.7253743710122883 0.6883545756937534
    outer loop
      vertex -3.9000000000000004 -3.0468937844573163 12.256564513928682
      vertex -8.9 -2.899137802864845 12.100862197135156
      vertex -8.9 -3.0468937844573163 12.256564513928682
    endloop
  endfacet
  facet normal 0 0.7933533402912331 0.6087614290087232
    outer loop
      vertex -3.9000000000000004 -3.3169696769372843 12.59008046560086
      vertex -8.9 -3.1862984419735803 12.419786396695667
      vertex -8.9 -3.3169696769372843 12.59008046560086
    endloop
  endfacet
  facet normal 0 0.7604059656000312 0.6494480483301834
    outer loop
      vertex -3.9000000000000004 -3.1862984419735803 12.419786396695667
      vertex -8.9 -3.0468937844573163 12.256564513928682
      vertex -8.9 -3.1862984419735803 12.419786396695667
    endloop
  endfacet
  facet normal 0 0.5664062369248359 0.8241261886220135
    outer loop
      vertex -3.9000000000000004 -2.4099195343991395 11.683030323062717
      vertex -8.9 -2.233020043561611 11.561450671423762
      vertex -8.9 -2.4099195343991395 11.683030323062717
    endloop
  endfacet
  facet normal 0 0.6494480483301835 0.760405965600031
    outer loop
      vertex -3.9000000000000004 -2.7434354860713186 11.953106215542684
      vertex -8.9 -2.5802136033043332 11.81370155802642
      vertex -8.9 -2.7434354860713186 11.953106215542684
    endloop
  endfacet
  facet normal 0 0.6087614290087187 0.7933533402912367
    outer loop
      vertex -3.9000000000000004 -2.5802136033043332 11.81370155802642
      vertex -8.9 -2.4099195343991395 11.683030323062717
      vertex -8.9 -2.5802136033043332 11.81370155802642
    endloop
  endfacet
  facet normal 0 0.522498564715944 0.8526401643540951
    outer loop
      vertex -8.9 -2.233020043561611 11.561450671423762
      vertex -3.9000000000000004 -2.233020043561611 11.561450671423762
      vertex -8.9 -2.05 11.449295844483803
    endloop
  endfacet
  facet normal 0 0.47715876025961507 0.8788171126619617
    outer loop
      vertex -8.9 -2.05 11.449295844483803
      vertex -3.9000000000000004 -2.05 11.449295844483803
      vertex -8.9 -1.8613610489321417 11.346873250827691
    endloop
  endfacet
  facet normal 0 0.8526401643540922 0.5224985647159489
    outer loop
      vertex -3.9000000000000004 -3.550704155516198 12.95
      vertex -8.9 -3.4385493285762383 12.766979956438389
      vertex -8.9 -3.550704155516198 12.95
    endloop
  endfacet
  facet normal 0 0.8788171126619645 0.47715876025960985
    outer loop
      vertex -3.9000000000000004 -3.653126749172308 13.138638951067858
      vertex -8.9 -3.550704155516198 12.95
      vertex -8.9 -3.653126749172308 13.138638951067858
    endloop
  endfacet
  facet normal 0 0.9025852843498617 0.4305110968082926
    outer loop
      vertex -3.9000000000000004 -3.7455363763346634 13.33237976338922
      vertex -8.9 -3.653126749172308 13.138638951067858
      vertex -8.9 -3.7455363763346634 13.33237976338922
    endloop
  endfacet
  facet normal 0 0.4305110968082896 0.9025852843498633
    outer loop
      vertex -8.9 -1.8613610489321417 11.346873250827691
      vertex -3.9000000000000004 -1.8613610489321417 11.346873250827691
      vertex -8.9 -1.6676202366107806 11.254463623665337
    endloop
  endfacet
  facet normal -1.3258194759367516e-18 0.9025852843498617 -0.4305110968082926
    outer loop
      vertex -8.9 -3.7455363763346634 16.66762023661078
      vertex -8.9 -3.653126749172308 16.861361048932142
      vertex -3.9000000000000004 -3.653126749172308 16.861361048932142
    endloop
  endfacet
  facet normal 3.8284472271016126e-19 0.9238795325112865 0.38268343236509034
    outer loop
      vertex -3.9000000000000004 -3.827679748638527 13.53069140686427
      vertex -3.9000000000000004 -3.7455363763346634 13.33237976338922
      vertex -8.9 -3.7455363763346634 13.33237976338922
    endloop
  endfacet
  facet normal -7.479390481513702e-19 0.9426414910921785 0.3338068592337703
    outer loop
      vertex -3.9000000000000004 -3.899331716810129 13.733030323062716
      vertex -3.9000000000000004 -3.827679748638527 13.53069140686427
      vertex -8.9 -3.827679748638527 13.53069140686427
    endloop
  endfacet
  facet normal -1.0840365084832266e-19 0.9588197348681927 0.2840153447039239
    outer loop
      vertex -3.9000000000000004 -3.96029588778518 13.938841915079665
      vertex -3.9000000000000004 -3.899331716810129 13.733030323062716
      vertex -8.9 -3.899331716810129 13.733030323062716
    endloop
  endfacet
  facet normal -1.0547851813678723e-19 0.9723699203976768 0.23344536385590442
    outer loop
      vertex -3.9000000000000004 -4.010405163008603 14.147562067647186
      vertex -3.9000000000000004 -3.96029588778518 13.938841915079665
      vertex -8.9 -3.96029588778518 13.938841915079665
    endloop
  endfacet
  facet normal -2.4190713209298657e-19 0.9832549075639542 0.18223552549214972
    outer loop
      vertex -3.9000000000000004 -4.049522196440065 14.358618693335053
      vertex -3.9000000000000004 -4.010405163008603 14.147562067647186
      vertex -8.9 -4.010405163008603 14.147562067647186
    endloop
  endfacet
  facet normal 3.553641144235584e-19 0.9914448613738109 0.13052619222004674
    outer loop
      vertex -3.9000000000000004 -4.07753977100992 14.57143330060262
      vertex -3.9000000000000004 -4.049522196440065 14.358618693335053
      vertex -8.9 -4.049522196440065 14.358618693335053
    endloop
  endfacet
  facet normal 1.38185254169503e-19 0.9969173337331276 0.0784590957278478
    outer loop
      vertex -3.9000000000000004 -4.0943810924937525 14.78542257940393
      vertex -3.9000000000000004 -4.07753977100992 14.57143330060262
      vertex -8.9 -4.07753977100992 14.57143330060262
    endloop
  endfacet
  facet normal -8.592548784072546e-20 0.9996573249755573 0.0261769483078733
    outer loop
      vertex -3.9000000000000004 -4.1 15
      vertex -3.9000000000000004 -4.0943810924937525 14.78542257940393
      vertex -8.9 -4.0943810924937525 14.78542257940393
    endloop
  endfacet
  facet normal 8.592548784072546e-20 0.9996573249755573 -0.0261769483078733
    outer loop
      vertex -3.9000000000000004 -4.0943810924937525 15.21457742059607
      vertex -3.9000000000000004 -4.1 15
      vertex -8.9 -4.1 15
    endloop
  endfacet
  facet normal -1.38185254169503e-19 0.9969173337331276 -0.0784590957278478
    outer loop
      vertex -3.9000000000000004 -4.07753977100992 15.42856669939738
      vertex -3.9000000000000004 -4.0943810924937525 15.21457742059607
      vertex -8.9 -4.0943810924937525 15.21457742059607
    endloop
  endfacet
  facet normal -3.553641144235584e-19 0.9914448613738109 -0.13052619222004674
    outer loop
      vertex -3.9000000000000004 -4.049522196440065 15.641381306664947
      vertex -3.9000000000000004 -4.07753977100992 15.42856669939738
      vertex -8.9 -4.07753977100992 15.42856669939738
    endloop
  endfacet
  facet normal 2.4190713209298657e-19 0.9832549075639542 -0.18223552549214972
    outer loop
      vertex -3.9000000000000004 -4.010405163008603 15.852437932352814
      vertex -3.9000000000000004 -4.049522196440065 15.641381306664947
      vertex -8.9 -4.049522196440065 15.641381306664947
    endloop
  endfacet
  facet normal 6.096052595733167e-19 0.9723699203976772 -0.23344536385590253
    outer loop
      vertex -3.9000000000000004 -3.96029588778518 16.061158084920336
      vertex -3.9000000000000004 -4.010405163008603 15.852437932352814
      vertex -8.9 -4.010405163008603 15.852437932352814
    endloop
  endfacet
  facet normal 3.4338078615759005e-19 0.9588197348681914 -0.2840153447039285
    outer loop
      vertex -3.9000000000000004 -3.899331716810129 16.266969676937283
      vertex -3.9000000000000004 -3.96029588778518 16.061158084920336
      vertex -8.9 -3.96029588778518 16.061158084920336
    endloop
  endfacet
  facet normal 0 0.9426414910921804 -0.33380685923376513
    outer loop
      vertex -8.9 -3.899331716810129 16.266969676937283
      vertex -3.9000000000000004 -3.827679748638527 16.469308593135732
      vertex -3.9000000000000004 -3.899331716810129 16.266969676937283
    endloop
  endfacet
  facet normal 0 0.9238795325112853 -0.3826834323650933
    outer loop
      vertex -8.9 -3.827679748638527 16.469308593135732
      vertex -3.9000000000000004 -3.7455363763346634 16.66762023661078
      vertex -3.9000000000000004 -3.827679748638527 16.469308593135732
    endloop
  endfacet
  facet normal 1.3195029020755992e-18 0.8241261886220167 0.5664062369248312
    outer loop
      vertex -3.9000000000000004 -3.4385493285762383 12.766979956438389
      vertex -3.9000000000000004 -3.3169696769372843 12.59008046560086
      vertex -8.9 -3.3169696769372843 12.59008046560086
    endloop
  endfacet
  facet normal -1.487462198458751e-18 0.7604059656000312 0.6494480483301834
    outer loop
      vertex -3.9000000000000004 -3.1862984419735803 12.419786396695667
      vertex -3.9000000000000004 -3.0468937844573163 12.256564513928682
      vertex -8.9 -3.0468937844573163 12.256564513928682
    endloop
  endfacet
  facet normal -8.3199480573026285e-19 0.7253743710122883 0.6883545756937534
    outer loop
      vertex -3.9000000000000004 -3.0468937844573163 12.256564513928682
      vertex -3.9000000000000004 -2.899137802864845 12.100862197135156
      vertex -8.9 -2.899137802864845 12.100862197135156
    endloop
  endfacet
  facet normal 7.272782257979731e-19 0.7933533402912331 0.6087614290087232
    outer loop
      vertex -3.9000000000000004 -3.3169696769372843 12.59008046560086
      vertex -3.9000000000000004 -3.1862984419735803 12.419786396695667
      vertex -8.9 -3.1862984419735803 12.419786396695667
    endloop
  endfacet
  facet normal 0 0.6883545756937534 0.7253743710122883
    outer loop
      vertex -3.9000000000000004 -2.7434354860713186 11.953106215542684
      vertex -8.9 -2.7434354860713186 11.953106215542684
      vertex -3.9000000000000004 -2.899137802864845 12.100862197135156
    endloop
  endfacet
  facet normal 0 0.6494480483301835 0.760405965600031
    outer loop
      vertex -3.9000000000000004 -2.5802136033043332 11.81370155802642
      vertex -8.9 -2.5802136033043332 11.81370155802642
      vertex -3.9000000000000004 -2.7434354860713186 11.953106215542684
    endloop
  endfacet
  facet normal 0 0.6087614290087187 0.7933533402912367
    outer loop
      vertex -3.9000000000000004 -2.4099195343991395 11.683030323062717
      vertex -8.9 -2.4099195343991395 11.683030323062717
      vertex -3.9000000000000004 -2.5802136033043332 11.81370155802642
    endloop
  endfacet
  facet normal 0 0.5664062369248359 0.8241261886220135
    outer loop
      vertex -8.9 -2.233020043561611 11.561450671423762
      vertex -3.9000000000000004 -2.4099195343991395 11.683030323062717
      vertex -3.9000000000000004 -2.233020043561611 11.561450671423762
    endloop
  endfacet
  facet normal 0 0.522498564715944 0.8526401643540951
    outer loop
      vertex -8.9 -2.05 11.449295844483803
      vertex -3.9000000000000004 -2.233020043561611 11.561450671423762
      vertex -3.9000000000000004 -2.05 11.449295844483803
    endloop
  endfacet
  facet normal 0 0.47715876025961507 0.8788171126619617
    outer loop
      vertex -8.9 -1.8613610489321417 11.346873250827691
      vertex -3.9000000000000004 -2.05 11.449295844483803
      vertex -3.9000000000000004 -1.8613610489321417 11.346873250827691
    endloop
  endfacet
  facet normal 1.0442220496654082e-18 0.8788171126619645 0.47715876025960985
    outer loop
      vertex -3.9000000000000004 -3.653126749172308 13.138638951067858
      vertex -3.9000000000000004 -3.550704155516198 12.95
      vertex -8.9 -3.550704155516198 12.95
    endloop
  endfacet
  facet normal -2.9800816969335673e-19 0.8526401643540922 0.5224985647159489
    outer loop
      vertex -3.9000000000000004 -3.550704155516198 12.95
      vertex -3.9000000000000004 -3.4385493285762383 12.766979956438389
      vertex -8.9 -3.4385493285762383 12.766979956438389
    endloop
  endfacet
  facet normal 1.3258194759367516e-18 0.9025852843498617 0.4305110968082926
    outer loop
      vertex -3.9000000000000004 -3.7455363763346634 13.33237976338922
      vertex -3.9000000000000004 -3.653126749172308 13.138638951067858
      vertex -8.9 -3.653126749172308 13.138638951067858
    endloop
  endfacet
  facet normal 0 0.9025852843498617 -0.4305110968082926
    outer loop
      vertex -8.9 -3.7455363763346634 16.66762023661078
      vertex -3.9000000000000004 -3.653126749172308 16.861361048932142
      vertex -3.9000000000000004 -3.7455363763346634 16.66762023661078
    endloop
  endfacet
  facet normal 0 0.8788171126619645 -0.47715876025960985
    outer loop
      vertex -8.9 -3.653126749172308 16.861361048932142
      vertex -3.9000000000000004 -3.550704155516198 17.05
      vertex -3.9000000000000004 -3.653126749172308 16.861361048932142
    endloop
  endfacet
  facet normal -1.0442220496654082e-18 0.8788171126619645 -0.47715876025960985
    outer loop
      vertex -8.9 -3.653126749172308 16.861361048932142
      vertex -8.9 -3.550704155516198 17.05
      vertex -3.9000000000000004 -3.550704155516198 17.05
    endloop
  endfacet
  facet normal -1.0702759832194473e-18 0.85264016435409 -0.5224985647159526
    outer loop
      vertex -8.9 -3.550704155516198 17.05
      vertex -8.9 -3.4385493285762383 17.23302004356161
      vertex -3.9000000000000004 -3.4385493285762383 17.23302004356161
    endloop
  endfacet
  facet normal -5.152813558098297e-19 0.8241261886220194 -0.5664062369248273
    outer loop
      vertex -8.9 -3.4385493285762383 17.23302004356161
      vertex -8.9 -3.3169696769372843 17.40991953439914
      vertex -3.9000000000000004 -3.3169696769372843 17.40991953439914
    endloop
  endfacet
  facet normal -7.272782257979731e-19 0.7933533402912331 -0.6087614290087232
    outer loop
      vertex -8.9 -3.3169696769372843 17.40991953439914
      vertex -8.9 -3.1862984419735803 17.580213603304333
      vertex -3.9000000000000004 -3.1862984419735803 17.580213603304333
    endloop
  endfacet
  facet normal -5.323410715131176e-19 0.7604059656000346 -0.6494480483301792
    outer loop
      vertex -8.9 -3.1862984419735803 17.580213603304333
      vertex -8.9 -3.0468937844573163 17.74343548607132
      vertex -3.9000000000000004 -3.0468937844573163 17.74343548607132
    endloop
  endfacet
  facet normal 8.3199480573026285e-19 0.7253743710122883 -0.6883545756937534
    outer loop
      vertex -8.9 -3.0468937844573163 17.74343548607132
      vertex -8.9 -2.899137802864845 17.899137802864846
      vertex -3.9000000000000004 -2.899137802864845 17.899137802864846
    endloop
  endfacet
  facet normal 0 0.6883545756937534 -0.7253743710122883
    outer loop
      vertex -3.9000000000000004 -2.7434354860713186 18.046893784457318
      vertex -8.9 -2.899137802864845 17.899137802864846
      vertex -8.9 -2.7434354860713186 18.046893784457318
    endloop
  endfacet
  facet normal 0 0.6494480483301788 -0.7604059656000351
    outer loop
      vertex -3.9000000000000004 -2.5802136033043332 18.18629844197358
      vertex -8.9 -2.7434354860713186 18.046893784457318
      vertex -8.9 -2.5802136033043332 18.18629844197358
    endloop
  endfacet
  facet normal 0 0.6087614290087187 -0.7933533402912367
    outer loop
      vertex -3.9000000000000004 -2.4099195343991395 18.316969676937283
      vertex -8.9 -2.5802136033043332 18.18629844197358
      vertex -8.9 -2.4099195343991395 18.316969676937283
    endloop
  endfacet
  facet normal 0 0.5664062369248304 -0.8241261886220174
    outer loop
      vertex -3.9000000000000004 -2.233020043561611 18.438549328576237
      vertex -8.9 -2.4099195343991395 18.316969676937283
      vertex -8.9 -2.233020043561611 18.438549328576237
    endloop
  endfacet
  facet normal 0 0.52249856471595 -0.8526401643540914
    outer loop
      vertex -3.9000000000000004 -2.05 18.550704155516197
      vertex -8.9 -2.233020043561611 18.438549328576237
      vertex -8.9 -2.05 18.550704155516197
    endloop
  endfacet
  facet normal 0 0.47715876025961507 -0.8788171126619617
    outer loop
      vertex -3.9000000000000004 -1.8613610489321417 18.65312674917231
      vertex -8.9 -2.05 18.550704155516197
      vertex -8.9 -1.8613610489321417 18.65312674917231
    endloop
  endfacet
  facet normal 0 0.4305110968082896 -0.9025852843498633
    outer loop
      vertex -3.9000000000000004 -1.6676202366107806 18.745536376334663
      vertex -8.9 -1.8613610489321417 18.65312674917231
      vertex -8.9 -1.6676202366107806 18.745536376334663
    endloop
  endfacet
  facet normal 0 0.38268343236509395 -0.9238795325112852
    outer loop
      vertex -3.9000000000000004 -1.469308593135731 18.827679748638527
      vertex -8.9 -1.6676202366107806 18.745536376334663
      vertex -8.9 -1.469308593135731 18.827679748638527
    endloop
  endfacet
  facet normal 0 0.3338068592337638 -0.9426414910921809
    outer loop
      vertex -3.9000000000000004 -1.2669696769372842 18.899331716810128
      vertex -8.9 -1.469308593135731 18.827679748638527
      vertex -8.9 -1.2669696769372842 18.899331716810128
    endloop
  endfacet
  facet normal 0 0.28401534470392664 -0.9588197348681917
    outer loop
      vertex -3.9000000000000004 -1.061158084920335 18.96029588778518
      vertex -8.9 -1.2669696769372842 18.899331716810128
      vertex -8.9 -1.061158084920335 18.96029588778518
    endloop
  endfacet
  facet normal 0 0.2334453638559073 -0.9723699203976761
    outer loop
      vertex -3.9000000000000004 -0.8524379323528132 19.010405163008603
      vertex -8.9 -1.061158084920335 18.96029588778518
      vertex -8.9 -0.8524379323528132 19.010405163008603
    endloop
  endfacet
  facet normal 0 0.182235525492154 -0.9832549075639533
    outer loop
      vertex -3.9000000000000004 -0.6413813066649465 19.049522196440066
      vertex -8.9 -0.8524379323528132 19.010405163008603
      vertex -8.9 -0.6413813066649465 19.049522196440066
    endloop
  endfacet
  facet normal 0 0.13052619222004694 -0.9914448613738112
    outer loop
      vertex -3.9000000000000004 -0.4285666993973792 19.07753977100992
      vertex -8.9 -0.6413813066649465 19.049522196440066
      vertex -8.9 -0.4285666993973792 19.07753977100992
    endloop
  endfacet
  facet normal 0 0.07845909572783939 -0.9969173337331284
    outer loop
      vertex -3.9000000000000004 -0.2145774205960697 19.09438109249375
      vertex -8.9 -0.4285666993973792 19.07753977100992
      vertex -8.9 -0.2145774205960697 19.09438109249375
    endloop
  endfacet
  facet normal 0 0.02617694830788576 -0.9996573249755569
    outer loop
      vertex -3.9000000000000004 0 19.1
      vertex -8.9 -0.2145774205960697 19.09438109249375
      vertex -8.9 0 19.1
    endloop
  endfacet
  facet normal 0 0.85264016435409 -0.5224985647159526
    outer loop
      vertex -8.9 -3.550704155516198 17.05
      vertex -3.9000000000000004 -3.4385493285762383 17.23302004356161
      vertex -3.9000000000000004 -3.550704155516198 17.05
    endloop
  endfacet
  facet normal 0 0.8241261886220194 -0.5664062369248273
    outer loop
      vertex -8.9 -3.4385493285762383 17.23302004356161
      vertex -3.9000000000000004 -3.3169696769372843 17.40991953439914
      vertex -3.9000000000000004 -3.4385493285762383 17.23302004356161
    endloop
  endfacet
  facet normal 0 0.7933533402912331 -0.6087614290087232
    outer loop
      vertex -8.9 -3.3169696769372843 17.40991953439914
      vertex -3.9000000000000004 -3.1862984419735803 17.580213603304333
      vertex -3.9000000000000004 -3.3169696769372843 17.40991953439914
    endloop
  endfacet
  facet normal 0 0.7604059656000346 -0.6494480483301792
    outer loop
      vertex -8.9 -3.1862984419735803 17.580213603304333
      vertex -3.9000000000000004 -3.0468937844573163 17.74343548607132
      vertex -3.9000000000000004 -3.1862984419735803 17.580213603304333
    endloop
  endfacet
  facet normal 0 0.7253743710122883 -0.6883545756937534
    outer loop
      vertex -8.9 -3.0468937844573163 17.74343548607132
      vertex -3.9000000000000004 -2.899137802864845 17.899137802864846
      vertex -3.9000000000000004 -3.0468937844573163 17.74343548607132
    endloop
  endfacet
  facet normal 0 0.6883545756937534 -0.7253743710122883
    outer loop
      vertex -8.9 -2.899137802864845 17.899137802864846
      vertex -3.9000000000000004 -2.7434354860713186 18.046893784457318
      vertex -3.9000000000000004 -2.899137802864845 17.899137802864846
    endloop
  endfacet
  facet normal 0 0.6494480483301788 -0.7604059656000351
    outer loop
      vertex -3.9000000000000004 -2.7434354860713186 18.046893784457318
      vertex -8.9 -2.7434354860713186 18.046893784457318
      vertex -3.9000000000000004 -2.5802136033043332 18.18629844197358
    endloop
  endfacet
  facet normal 0 0.6087614290087187 -0.7933533402912367
    outer loop
      vertex -3.9000000000000004 -2.5802136033043332 18.18629844197358
      vertex -8.9 -2.5802136033043332 18.18629844197358
      vertex -3.9000000000000004 -2.4099195343991395 18.316969676937283
    endloop
  endfacet
  facet normal 0 0.5664062369248304 -0.8241261886220174
    outer loop
      vertex -3.9000000000000004 -2.4099195343991395 18.316969676937283
      vertex -8.9 -2.4099195343991395 18.316969676937283
      vertex -3.9000000000000004 -2.233020043561611 18.438549328576237
    endloop
  endfacet
  facet normal 0 0.52249856471595 -0.8526401643540914
    outer loop
      vertex -3.9000000000000004 -2.233020043561611 18.438549328576237
      vertex -8.9 -2.233020043561611 18.438549328576237
      vertex -3.9000000000000004 -2.05 18.550704155516197
    endloop
  endfacet
  facet normal 0 0.47715876025961507 -0.8788171126619617
    outer loop
      vertex -3.9000000000000004 -2.05 18.550704155516197
      vertex -8.9 -2.05 18.550704155516197
      vertex -3.9000000000000004 -1.8613610489321417 18.65312674917231
    endloop
  endfacet
  facet normal 0 0.4305110968082896 -0.9025852843498633
    outer loop
      vertex -3.9000000000000004 -1.8613610489321417 18.65312674917231
      vertex -8.9 -1.8613610489321417 18.65312674917231
      vertex -3.9000000000000004 -1.6676202366107806 18.745536376334663
    endloop
  endfacet
  facet normal 0 0.38268343236509395 -0.9238795325112852
    outer loop
      vertex -3.9000000000000004 -1.6676202366107806 18.745536376334663
      vertex -8.9 -1.6676202366107806 18.745536376334663
      vertex -3.9000000000000004 -1.469308593135731 18.827679748638527
    endloop
  endfacet
  facet normal 0 0.3338068592337638 -0.9426414910921809
    outer loop
      vertex -3.9000000000000004 -1.469308593135731 18.827679748638527
      vertex -8.9 -1.469308593135731 18.827679748638527
      vertex -3.9000000000000004 -1.2669696769372842 18.899331716810128
    endloop
  endfacet
  facet normal 0 0.28401534470392664 -0.9588197348681917
    outer loop
      vertex -3.9000000000000004 -1.2669696769372842 18.899331716810128
      vertex -8.9 -1.2669696769372842 18.899331716810128
      vertex -3.9000000000000004 -1.061158084920335 18.96029588778518
    endloop
  endfacet
  facet normal 0 0.2334453638559073 -0.9723699203976761
    outer loop
      vertex -3.9000000000000004 -1.061158084920335 18.96029588778518
      vertex -8.9 -1.061158084920335 18.96029588778518
      vertex -3.9000000000000004 -0.8524379323528132 19.010405163008603
    endloop
  endfacet
  facet normal 0 0.182235525492154 -0.9832549075639533
    outer loop
      vertex -3.9000000000000004 -0.8524379323528132 19.010405163008603
      vertex -8.9 -0.8524379323528132 19.010405163008603
      vertex -3.9000000000000004 -0.6413813066649465 19.049522196440066
    endloop
  endfacet
  facet normal 0 0.13052619222004694 -0.9914448613738112
    outer loop
      vertex -3.9000000000000004 -0.6413813066649465 19.049522196440066
      vertex -8.9 -0.6413813066649465 19.049522196440066
      vertex -3.9000000000000004 -0.4285666993973792 19.07753977100992
    endloop
  endfacet
  facet normal 0 0.07845909572783939 -0.9969173337331284
    outer loop
      vertex -3.9000000000000004 -0.4285666993973792 19.07753977100992
      vertex -8.9 -0.4285666993973792 19.07753977100992
      vertex -3.9000000000000004 -0.2145774205960697 19.09438109249375
    endloop
  endfacet
  facet normal 0 0.02617694830788576 -0.9996573249755569
    outer loop
      vertex -3.9000000000000004 -0.2145774205960697 19.09438109249375
      vertex -8.9 -0.2145774205960697 19.09438109249375
      vertex -3.9000000000000004 0 19.1
    endloop
  endfacet
  facet normal 0 -0.02617694830787749 0.9996573249755571
    outer loop
      vertex -8.9 0 10.9
      vertex -3.9000000000000004 0 10.9
      vertex -8.9 0.2145774205960697 10.905618907506248
    endloop
  endfacet
  facet normal 0 -0.07845909572783939 0.9969173337331284
    outer loop
      vertex -8.9 0.2145774205960697 10.905618907506248
      vertex -3.9000000000000004 0.2145774205960697 10.905618907506248
      vertex -8.9 0.4285666993973792 10.92246022899008
    endloop
  endfacet
  facet normal 0 -0.13052619222004694 0.9914448613738112
    outer loop
      vertex -8.9 0.4285666993973792 10.92246022899008
      vertex -3.9000000000000004 0.4285666993973792 10.92246022899008
      vertex -8.9 0.6413813066649465 10.950477803559934
    endloop
  endfacet
  facet normal 0 -0.182235525492154 0.9832549075639533
    outer loop
      vertex -8.9 0.6413813066649465 10.950477803559934
      vertex -3.9000000000000004 0.6413813066649465 10.950477803559934
      vertex -8.9 0.8524379323528132 10.989594836991397
    endloop
  endfacet
  facet normal 0 -0.2334453638559073 0.9723699203976761
    outer loop
      vertex -8.9 0.8524379323528132 10.989594836991397
      vertex -3.9000000000000004 0.8524379323528132 10.989594836991397
      vertex -8.9 1.061158084920335 11.039704112214821
    endloop
  endfacet
  facet normal 0 -0.2840153447039191 0.9588197348681942
    outer loop
      vertex -8.9 1.061158084920335 11.039704112214821
      vertex -3.9000000000000004 1.061158084920335 11.039704112214821
      vertex -8.9 1.2669696769372842 11.10066828318987
    endloop
  endfacet
  facet normal 0 -0.3338068592337712 0.9426414910921783
    outer loop
      vertex -8.9 1.2669696769372842 11.10066828318987
      vertex -3.9000000000000004 1.2669696769372842 11.10066828318987
      vertex -8.9 1.469308593135731 11.172320251361473
    endloop
  endfacet
  facet normal 0 -0.38268343236509395 0.9238795325112852
    outer loop
      vertex -8.9 1.469308593135731 11.172320251361473
      vertex -3.9000000000000004 1.469308593135731 11.172320251361473
      vertex -8.9 1.6676202366107806 11.254463623665337
    endloop
  endfacet
  facet normal 0 -0.4305110968082896 0.9025852843498633
    outer loop
      vertex -8.9 1.6676202366107806 11.254463623665337
      vertex -3.9000000000000004 1.6676202366107806 11.254463623665337
      vertex -8.9 1.8613610489321417 11.346873250827691
    endloop
  endfacet
  facet normal 0 -0.02617694830787749 0.9996573249755571
    outer loop
      vertex -8.9 0.2145774205960697 10.905618907506248
      vertex -3.9000000000000004 0 10.9
      vertex -3.9000000000000004 0.2145774205960697 10.905618907506248
    endloop
  endfacet
  facet normal 0 -0.07845909572783939 0.9969173337331284
    outer loop
      vertex -8.9 0.4285666993973792 10.92246022899008
      vertex -3.9000000000000004 0.2145774205960697 10.905618907506248
      vertex -3.9000000000000004 0.4285666993973792 10.92246022899008
    endloop
  endfacet
  facet normal 0 -0.13052619222004694 0.9914448613738112
    outer loop
      vertex -8.9 0.6413813066649465 10.950477803559934
      vertex -3.9000000000000004 0.4285666993973792 10.92246022899008
      vertex -3.9000000000000004 0.6413813066649465 10.950477803559934
    endloop
  endfacet
  facet normal 0 -0.182235525492154 0.9832549075639533
    outer loop
      vertex -8.9 0.8524379323528132 10.989594836991397
      vertex -3.9000000000000004 0.6413813066649465 10.950477803559934
      vertex -3.9000000000000004 0.8524379323528132 10.989594836991397
    endloop
  endfacet
  facet normal 0 -0.2334453638559073 0.9723699203976761
    outer loop
      vertex -8.9 1.061158084920335 11.039704112214821
      vertex -3.9000000000000004 0.8524379323528132 10.989594836991397
      vertex -3.9000000000000004 1.061158084920335 11.039704112214821
    endloop
  endfacet
  facet normal 0 -0.2840153447039191 0.9588197348681942
    outer loop
      vertex -8.9 1.2669696769372842 11.10066828318987
      vertex -3.9000000000000004 1.061158084920335 11.039704112214821
      vertex -3.9000000000000004 1.2669696769372842 11.10066828318987
    endloop
  endfacet
  facet normal 0 -0.3338068592337712 0.9426414910921783
    outer loop
      vertex -8.9 1.469308593135731 11.172320251361473
      vertex -3.9000000000000004 1.2669696769372842 11.10066828318987
      vertex -3.9000000000000004 1.469308593135731 11.172320251361473
    endloop
  endfacet
  facet normal 0 -0.38268343236509395 0.9238795325112852
    outer loop
      vertex -8.9 1.6676202366107806 11.254463623665337
      vertex -3.9000000000000004 1.469308593135731 11.172320251361473
      vertex -3.9000000000000004 1.6676202366107806 11.254463623665337
    endloop
  endfacet
  facet normal 0 -0.47715876025961507 0.8788171126619617
    outer loop
      vertex -8.9 1.8613610489321417 11.346873250827691
      vertex -3.9000000000000004 1.8613610489321417 11.346873250827691
      vertex -8.9 2.05 11.449295844483803
    endloop
  endfacet
  facet normal 0 -0.522498564715944 0.8526401643540951
    outer loop
      vertex -8.9 2.05 11.449295844483803
      vertex -3.9000000000000004 2.05 11.449295844483803
      vertex -8.9 2.233020043561611 11.561450671423762
    endloop
  endfacet
  facet normal 0 -0.5664062369248359 0.8241261886220135
    outer loop
      vertex -8.9 2.233020043561611 11.561450671423762
      vertex -3.9000000000000004 2.233020043561611 11.561450671423762
      vertex -8.9 2.4099195343991395 11.683030323062717
    endloop
  endfacet
  facet normal 0 -0.6087614290087187 0.7933533402912367
    outer loop
      vertex -8.9 2.4099195343991395 11.683030323062717
      vertex -3.9000000000000004 2.4099195343991395 11.683030323062717
      vertex -8.9 2.5802136033043332 11.81370155802642
    endloop
  endfacet
  facet normal 0 -0.6494480483301835 0.760405965600031
    outer loop
      vertex -8.9 2.5802136033043332 11.81370155802642
      vertex -3.9000000000000004 2.5802136033043332 11.81370155802642
      vertex -8.9 2.7434354860713186 11.953106215542684
    endloop
  endfacet
  facet normal 0 -0.6883545756937534 0.7253743710122883
    outer loop
      vertex -8.9 2.7434354860713186 11.953106215542684
      vertex -3.9000000000000004 2.7434354860713186 11.953106215542684
      vertex -8.9 2.899137802864845 12.100862197135156
    endloop
  endfacet
  facet normal 0 -0.7253743710122883 0.6883545756937534
    outer loop
      vertex -8.9 2.899137802864845 12.100862197135156
      vertex -3.9000000000000004 2.899137802864845 12.100862197135156
      vertex -8.9 3.0468937844573163 12.256564513928682
    endloop
  endfacet
  facet normal 1.487462198458751e-18 -0.7604059656000312 0.6494480483301834
    outer loop
      vertex -8.9 3.1862984419735803 12.419786396695667
      vertex -8.9 3.0468937844573163 12.256564513928682
      vertex -3.9000000000000004 3.0468937844573163 12.256564513928682
    endloop
  endfacet
  facet normal -7.272782257979731e-19 -0.7933533402912331 0.6087614290087232
    outer loop
      vertex -8.9 3.3169696769372843 12.59008046560086
      vertex -8.9 3.1862984419735803 12.419786396695667
      vertex -3.9000000000000004 3.1862984419735803 12.419786396695667
    endloop
  endfacet
  facet normal -1.3195029020755992e-18 -0.8241261886220167 0.5664062369248312
    outer loop
      vertex -8.9 3.4385493285762383 12.766979956438389
      vertex -8.9 3.3169696769372843 12.59008046560086
      vertex -3.9000000000000004 3.3169696769372843 12.59008046560086
    endloop
  endfacet
  facet normal 2.9800816969335673e-19 -0.8526401643540922 0.5224985647159489
    outer loop
      vertex -8.9 3.550704155516198 12.95
      vertex -8.9 3.4385493285762383 12.766979956438389
      vertex -3.9000000000000004 3.4385493285762383 12.766979956438389
    endloop
  endfacet
  facet normal -1.0442220496654082e-18 -0.8788171126619645 0.47715876025960985
    outer loop
      vertex -8.9 3.653126749172308 13.138638951067858
      vertex -8.9 3.550704155516198 12.95
      vertex -3.9000000000000004 3.550704155516198 12.95
    endloop
  endfacet
  facet normal -1.3258194759367516e-18 -0.9025852843498617 0.4305110968082926
    outer loop
      vertex -8.9 3.7455363763346634 13.33237976338922
      vertex -8.9 3.653126749172308 13.138638951067858
      vertex -3.9000000000000004 3.653126749172308 13.138638951067858
    endloop
  endfacet
  facet normal 0 -0.9025852843498617 -0.4305110968082926
    outer loop
      vertex -3.9000000000000004 3.7455363763346634 16.66762023661078
      vertex -8.9 3.653126749172308 16.861361048932142
      vertex -8.9 3.7455363763346634 16.66762023661078
    endloop
  endfacet
  facet normal 0 -0.8788171126619645 -0.47715876025960985
    outer loop
      vertex -3.9000000000000004 3.653126749172308 16.861361048932142
      vertex -8.9 3.550704155516198 17.05
      vertex -8.9 3.653126749172308 16.861361048932142
    endloop
  endfacet
  facet normal -3.8284472271016126e-19 -0.9238795325112865 0.38268343236509034
    outer loop
      vertex -8.9 3.827679748638527 13.53069140686427
      vertex -8.9 3.7455363763346634 13.33237976338922
      vertex -3.9000000000000004 3.7455363763346634 13.33237976338922
    endloop
  endfacet
  facet normal 7.479390481513702e-19 -0.9426414910921785 0.3338068592337703
    outer loop
      vertex -8.9 3.899331716810129 13.733030323062716
      vertex -8.9 3.827679748638527 13.53069140686427
      vertex -3.9000000000000004 3.827679748638527 13.53069140686427
    endloop
  endfacet
  facet normal 1.0840365084832266e-19 -0.9588197348681927 0.2840153447039239
    outer loop
      vertex -8.9 3.96029588778518 13.938841915079665
      vertex -8.9 3.899331716810129 13.733030323062716
      vertex -3.9000000000000004 3.899331716810129 13.733030323062716
    endloop
  endfacet
  facet normal 1.0547851813678723e-19 -0.9723699203976768 0.23344536385590442
    outer loop
      vertex -8.9 4.010405163008603 14.147562067647186
      vertex -8.9 3.96029588778518 13.938841915079665
      vertex -3.9000000000000004 3.96029588778518 13.938841915079665
    endloop
  endfacet
  facet normal 2.4190713209298657e-19 -0.9832549075639542 0.18223552549214972
    outer loop
      vertex -8.9 4.049522196440065 14.358618693335053
      vertex -8.9 4.010405163008603 14.147562067647186
      vertex -3.9000000000000004 4.010405163008603 14.147562067647186
    endloop
  endfacet
  facet normal -3.553641144235584e-19 -0.9914448613738109 0.13052619222004674
    outer loop
      vertex -8.9 4.07753977100992 14.57143330060262
      vertex -8.9 4.049522196440065 14.358618693335053
      vertex -3.9000000000000004 4.049522196440065 14.358618693335053
    endloop
  endfacet
  facet normal -1.38185254169503e-19 -0.9969173337331276 0.0784590957278478
    outer loop
      vertex -8.9 4.0943810924937525 14.78542257940393
      vertex -8.9 4.07753977100992 14.57143330060262
      vertex -3.9000000000000004 4.07753977100992 14.57143330060262
    endloop
  endfacet
  facet normal 8.592548784072546e-20 -0.9996573249755573 0.0261769483078733
    outer loop
      vertex -8.9 4.1 15
      vertex -8.9 4.0943810924937525 14.78542257940393
      vertex -3.9000000000000004 4.0943810924937525 14.78542257940393
    endloop
  endfacet
  facet normal -8.592548784072546e-20 -0.9996573249755573 -0.0261769483078733
    outer loop
      vertex -8.9 4.0943810924937525 15.21457742059607
      vertex -8.9 4.1 15
      vertex -3.9000000000000004 4.1 15
    endloop
  endfacet
  facet normal 1.38185254169503e-19 -0.9969173337331276 -0.0784590957278478
    outer loop
      vertex -8.9 4.07753977100992 15.42856669939738
      vertex -8.9 4.0943810924937525 15.21457742059607
      vertex -3.9000000000000004 4.0943810924937525 15.21457742059607
    endloop
  endfacet
  facet normal 3.553641144235584e-19 -0.9914448613738109 -0.13052619222004674
    outer loop
      vertex -8.9 4.049522196440065 15.641381306664947
      vertex -8.9 4.07753977100992 15.42856669939738
      vertex -3.9000000000000004 4.07753977100992 15.42856669939738
    endloop
  endfacet
  facet normal -2.4190713209298657e-19 -0.9832549075639542 -0.18223552549214972
    outer loop
      vertex -8.9 4.010405163008603 15.852437932352814
      vertex -8.9 4.049522196440065 15.641381306664947
      vertex -3.9000000000000004 4.049522196440065 15.641381306664947
    endloop
  endfacet
  facet normal -3.4338078615759005e-19 -0.9588197348681914 -0.2840153447039285
    outer loop
      vertex -8.9 3.899331716810129 16.266969676937283
      vertex -8.9 3.96029588778518 16.061158084920336
      vertex -3.9000000000000004 3.96029588778518 16.061158084920336
    endloop
  endfacet
  facet normal -6.096052595733167e-19 -0.9723699203976772 -0.23344536385590253
    outer loop
      vertex -8.9 3.96029588778518 16.061158084920336
      vertex -8.9 4.010405163008603 15.852437932352814
      vertex -3.9000000000000004 4.010405163008603 15.852437932352814
    endloop
  endfacet
  facet normal 0 -0.9426414910921804 -0.33380685923376513
    outer loop
      vertex -3.9000000000000004 3.899331716810129 16.266969676937283
      vertex -8.9 3.827679748638527 16.469308593135732
      vertex -8.9 3.899331716810129 16.266969676937283
    endloop
  endfacet
  facet normal 0 -0.9238795325112853 -0.3826834323650933
    outer loop
      vertex -3.9000000000000004 3.827679748638527 16.469308593135732
      vertex -8.9 3.7455363763346634 16.66762023661078
      vertex -8.9 3.827679748638527 16.469308593135732
    endloop
  endfacet
  facet normal 0 -0.4305110968082896 0.9025852843498633
    outer loop
      vertex -8.9 1.8613610489321417 11.346873250827691
      vertex -3.9000000000000004 1.6676202366107806 11.254463623665337
      vertex -3.9000000000000004 1.8613610489321417 11.346873250827691
    endloop
  endfacet
  facet normal 0 -0.47715876025961507 0.8788171126619617
    outer loop
      vertex -8.9 2.05 11.449295844483803
      vertex -3.9000000000000004 1.8613610489321417 11.346873250827691
      vertex -3.9000000000000004 2.05 11.449295844483803
    endloop
  endfacet
  facet normal 0 -0.522498564715944 0.8526401643540951
    outer loop
      vertex -8.9 2.233020043561611 11.561450671423762
      vertex -3.9000000000000004 2.05 11.449295844483803
      vertex -3.9000000000000004 2.233020043561611 11.561450671423762
    endloop
  endfacet
  facet normal 0 -0.5664062369248359 0.8241261886220135
    outer loop
      vertex -8.9 2.4099195343991395 11.683030323062717
      vertex -3.9000000000000004 2.233020043561611 11.561450671423762
      vertex -3.9000000000000004 2.4099195343991395 11.683030323062717
    endloop
  endfacet
  facet normal 0 -0.6087614290087187 0.7933533402912367
    outer loop
      vertex -8.9 2.5802136033043332 11.81370155802642
      vertex -3.9000000000000004 2.4099195343991395 11.683030323062717
      vertex -3.9000000000000004 2.5802136033043332 11.81370155802642
    endloop
  endfacet
  facet normal 0 -0.6494480483301835 0.760405965600031
    outer loop
      vertex -8.9 2.7434354860713186 11.953106215542684
      vertex -3.9000000000000004 2.5802136033043332 11.81370155802642
      vertex -3.9000000000000004 2.7434354860713186 11.953106215542684
    endloop
  endfacet
  facet normal 0 -0.6883545756937534 0.7253743710122883
    outer loop
      vertex -8.9 2.899137802864845 12.100862197135156
      vertex -3.9000000000000004 2.7434354860713186 11.953106215542684
      vertex -3.9000000000000004 2.899137802864845 12.100862197135156
    endloop
  endfacet
  facet normal 0 -0.7253743710122883 0.6883545756937534
    outer loop
      vertex -8.9 3.0468937844573163 12.256564513928682
      vertex -3.9000000000000004 2.899137802864845 12.100862197135156
      vertex -3.9000000000000004 3.0468937844573163 12.256564513928682
    endloop
  endfacet
  facet normal 0 -0.7604059656000312 0.6494480483301834
    outer loop
      vertex -8.9 3.1862984419735803 12.419786396695667
      vertex -3.9000000000000004 3.0468937844573163 12.256564513928682
      vertex -3.9000000000000004 3.1862984419735803 12.419786396695667
    endloop
  endfacet
  facet normal 0 -0.7933533402912331 0.6087614290087232
    outer loop
      vertex -8.9 3.3169696769372843 12.59008046560086
      vertex -3.9000000000000004 3.1862984419735803 12.419786396695667
      vertex -3.9000000000000004 3.3169696769372843 12.59008046560086
    endloop
  endfacet
  facet normal 0 -0.8241261886220167 0.5664062369248312
    outer loop
      vertex -8.9 3.4385493285762383 12.766979956438389
      vertex -3.9000000000000004 3.3169696769372843 12.59008046560086
      vertex -3.9000000000000004 3.4385493285762383 12.766979956438389
    endloop
  endfacet
  facet normal 0 -0.8526401643540922 0.5224985647159489
    outer loop
      vertex -8.9 3.550704155516198 12.95
      vertex -3.9000000000000004 3.4385493285762383 12.766979956438389
      vertex -3.9000000000000004 3.550704155516198 12.95
    endloop
  endfacet
  facet normal 0 -0.8788171126619645 0.47715876025960985
    outer loop
      vertex -8.9 3.653126749172308 13.138638951067858
      vertex -3.9000000000000004 3.550704155516198 12.95
      vertex -3.9000000000000004 3.653126749172308 13.138638951067858
    endloop
  endfacet
  facet normal 0 -0.9025852843498617 0.4305110968082926
    outer loop
      vertex -8.9 3.7455363763346634 13.33237976338922
      vertex -3.9000000000000004 3.653126749172308 13.138638951067858
      vertex -3.9000000000000004 3.7455363763346634 13.33237976338922
    endloop
  endfacet
  facet normal 1.3258194759367516e-18 -0.9025852843498617 -0.4305110968082926
    outer loop
      vertex -3.9000000000000004 3.7455363763346634 16.66762023661078
      vertex -3.9000000000000004 3.653126749172308 16.861361048932142
      vertex -8.9 3.653126749172308 16.861361048932142
    endloop
  endfacet
  facet normal 0 -0.9238795325112865 0.38268343236509034
    outer loop
      vertex -8.9 3.827679748638527 13.53069140686427
      vertex -3.9000000000000004 3.7455363763346634 13.33237976338922
      vertex -3.9000000000000004 3.827679748638527 13.53069140686427
    endloop
  endfacet
  facet normal 0 -0.9426414910921785 0.3338068592337703
    outer loop
      vertex -8.9 3.899331716810129 13.733030323062716
      vertex -3.9000000000000004 3.827679748638527 13.53069140686427
      vertex -3.9000000000000004 3.899331716810129 13.733030323062716
    endloop
  endfacet
  facet normal 0 -0.9588197348681927 0.2840153447039239
    outer loop
      vertex -8.9 3.96029588778518 13.938841915079665
      vertex -3.9000000000000004 3.899331716810129 13.733030323062716
      vertex -3.9000000000000004 3.96029588778518 13.938841915079665
    endloop
  endfacet
  facet normal 0 -0.9723699203976768 0.23344536385590442
    outer loop
      vertex -8.9 4.010405163008603 14.147562067647186
      vertex -3.9000000000000004 3.96029588778518 13.938841915079665
      vertex -3.9000000000000004 4.010405163008603 14.147562067647186
    endloop
  endfacet
  facet normal 0 -0.9832549075639542 0.18223552549214972
    outer loop
      vertex -8.9 4.049522196440065 14.358618693335053
      vertex -3.9000000000000004 4.010405163008603 14.147562067647186
      vertex -3.9000000000000004 4.049522196440065 14.358618693335053
    endloop
  endfacet
  facet normal 0 -0.9914448613738109 0.13052619222004674
    outer loop
      vertex -8.9 4.07753977100992 14.57143330060262
      vertex -3.9000000000000004 4.049522196440065 14.358618693335053
      vertex -3.9000000000000004 4.07753977100992 14.57143330060262
    endloop
  endfacet
  facet normal 0 -0.9969173337331276 0.0784590957278478
    outer loop
      vertex -8.9 4.0943810924937525 14.78542257940393
      vertex -3.9000000000000004 4.07753977100992 14.57143330060262
      vertex -3.9000000000000004 4.0943810924937525 14.78542257940393
    endloop
  endfacet
  facet normal 0 -0.9996573249755573 0.0261769483078733
    outer loop
      vertex -8.9 4.1 15
      vertex -3.9000000000000004 4.0943810924937525 14.78542257940393
      vertex -3.9000000000000004 4.1 15
    endloop
  endfacet
  facet normal 0 -0.9996573249755573 -0.0261769483078733
    outer loop
      vertex -8.9 4.0943810924937525 15.21457742059607
      vertex -3.9000000000000004 4.1 15
      vertex -3.9000000000000004 4.0943810924937525 15.21457742059607
    endloop
  endfacet
  facet normal 0 -0.9969173337331276 -0.0784590957278478
    outer loop
      vertex -8.9 4.07753977100992 15.42856669939738
      vertex -3.9000000000000004 4.0943810924937525 15.21457742059607
      vertex -3.9000000000000004 4.07753977100992 15.42856669939738
    endloop
  endfacet
  facet normal 0 -0.9914448613738109 -0.13052619222004674
    outer loop
      vertex -8.9 4.049522196440065 15.641381306664947
      vertex -3.9000000000000004 4.07753977100992 15.42856669939738
      vertex -3.9000000000000004 4.049522196440065 15.641381306664947
    endloop
  endfacet
  facet normal 0 -0.9832549075639542 -0.18223552549214972
    outer loop
      vertex -8.9 4.010405163008603 15.852437932352814
      vertex -3.9000000000000004 4.049522196440065 15.641381306664947
      vertex -3.9000000000000004 4.010405163008603 15.852437932352814
    endloop
  endfacet
  facet normal 0 -0.9723699203976772 -0.23344536385590253
    outer loop
      vertex -8.9 3.96029588778518 16.061158084920336
      vertex -3.9000000000000004 4.010405163008603 15.852437932352814
      vertex -3.9000000000000004 3.96029588778518 16.061158084920336
    endloop
  endfacet
  facet normal -3.4338078615759005e-19 -0.9588197348681914 -0.2840153447039285
    outer loop
      vertex -3.9000000000000004 3.96029588778518 16.061158084920336
      vertex -3.9000000000000004 3.899331716810129 16.266969676937283
      vertex -8.9 3.899331716810129 16.266969676937283
    endloop
  endfacet
  facet normal -3.329178445178371e-19 -0.9426414910921804 -0.33380685923376513
    outer loop
      vertex -3.9000000000000004 3.899331716810129 16.266969676937283
      vertex -3.9000000000000004 3.827679748638527 16.469308593135732
      vertex -8.9 3.827679748638527 16.469308593135732
    endloop
  endfacet
  facet normal 5.68419673184028e-19 -0.9238795325112853 -0.3826834323650933
    outer loop
      vertex -3.9000000000000004 3.827679748638527 16.469308593135732
      vertex -3.9000000000000004 3.7455363763346634 16.66762023661078
      vertex -8.9 3.7455363763346634 16.66762023661078
    endloop
  endfacet
  facet normal 0 -0.13052619222004694 -0.9914448613738112
    outer loop
      vertex -3.9000000000000004 0.6413813066649465 19.049522196440066
      vertex -8.9 0.4285666993973792 19.07753977100992
      vertex -8.9 0.6413813066649465 19.049522196440066
    endloop
  endfacet
  facet normal 0 -0.182235525492154 -0.9832549075639533
    outer loop
      vertex -3.9000000000000004 0.8524379323528132 19.010405163008603
      vertex -8.9 0.6413813066649465 19.049522196440066
      vertex -8.9 0.8524379323528132 19.010405163008603
    endloop
  endfacet
  facet normal 0 -0.02617694830788576 -0.9996573249755569
    outer loop
      vertex -3.9000000000000004 0.2145774205960697 19.09438109249375
      vertex -8.9 0 19.1
      vertex -8.9 0.2145774205960697 19.09438109249375
    endloop
  endfacet
  facet normal 0 -0.07845909572783939 -0.9969173337331284
    outer loop
      vertex -3.9000000000000004 0.4285666993973792 19.07753977100992
      vertex -8.9 0.2145774205960697 19.09438109249375
      vertex -8.9 0.4285666993973792 19.07753977100992
    endloop
  endfacet
  facet normal 0 -0.2334453638559073 -0.9723699203976761
    outer loop
      vertex -3.9000000000000004 1.061158084920335 18.96029588778518
      vertex -8.9 0.8524379323528132 19.010405163008603
      vertex -8.9 1.061158084920335 18.96029588778518
    endloop
  endfacet
  facet normal 0 -0.3338068592337638 -0.9426414910921809
    outer loop
      vertex -3.9000000000000004 1.469308593135731 18.827679748638527
      vertex -8.9 1.2669696769372842 18.899331716810128
      vertex -8.9 1.469308593135731 18.827679748638527
    endloop
  endfacet
  facet normal 0 -0.28401534470392664 -0.9588197348681917
    outer loop
      vertex -3.9000000000000004 1.2669696769372842 18.899331716810128
      vertex -8.9 1.061158084920335 18.96029588778518
      vertex -8.9 1.2669696769372842 18.899331716810128
    endloop
  endfacet
  facet normal 0 -0.4305110968082896 -0.9025852843498633
    outer loop
      vertex -3.9000000000000004 1.8613610489321417 18.65312674917231
      vertex -8.9 1.6676202366107806 18.745536376334663
      vertex -8.9 1.8613610489321417 18.65312674917231
    endloop
  endfacet
  facet normal 0 -0.38268343236509395 -0.9238795325112852
    outer loop
      vertex -3.9000000000000004 1.6676202366107806 18.745536376334663
      vertex -8.9 1.469308593135731 18.827679748638527
      vertex -8.9 1.6676202366107806 18.745536376334663
    endloop
  endfacet
  facet normal 0 -0.5664062369248304 -0.8241261886220174
    outer loop
      vertex -3.9000000000000004 2.4099195343991395 18.316969676937283
      vertex -8.9 2.233020043561611 18.438549328576237
      vertex -8.9 2.4099195343991395 18.316969676937283
    endloop
  endfacet
  facet normal 0 -0.6087614290087187 -0.7933533402912367
    outer loop
      vertex -3.9000000000000004 2.5802136033043332 18.18629844197358
      vertex -8.9 2.4099195343991395 18.316969676937283
      vertex -8.9 2.5802136033043332 18.18629844197358
    endloop
  endfacet
  facet normal 0 -0.6494480483301788 -0.7604059656000351
    outer loop
      vertex -3.9000000000000004 2.7434354860713186 18.046893784457318
      vertex -8.9 2.5802136033043332 18.18629844197358
      vertex -8.9 2.7434354860713186 18.046893784457318
    endloop
  endfacet
  facet normal 0 -0.7933533402912331 -0.6087614290087232
    outer loop
      vertex -3.9000000000000004 3.3169696769372843 17.40991953439914
      vertex -8.9 3.1862984419735803 17.580213603304333
      vertex -8.9 3.3169696769372843 17.40991953439914
    endloop
  endfacet
  facet normal 0 -0.7604059656000346 -0.6494480483301792
    outer loop
      vertex -3.9000000000000004 3.1862984419735803 17.580213603304333
      vertex -8.9 3.0468937844573163 17.74343548607132
      vertex -8.9 3.1862984419735803 17.580213603304333
    endloop
  endfacet
  facet normal 0 -0.85264016435409 -0.5224985647159526
    outer loop
      vertex -3.9000000000000004 3.550704155516198 17.05
      vertex -8.9 3.4385493285762383 17.23302004356161
      vertex -8.9 3.550704155516198 17.05
    endloop
  endfacet
  facet normal 0 -0.8241261886220194 -0.5664062369248273
    outer loop
      vertex -3.9000000000000004 3.4385493285762383 17.23302004356161
      vertex -8.9 3.3169696769372843 17.40991953439914
      vertex -8.9 3.4385493285762383 17.23302004356161
    endloop
  endfacet
  facet normal 0 -0.7253743710122883 -0.6883545756937534
    outer loop
      vertex -3.9000000000000004 3.0468937844573163 17.74343548607132
      vertex -8.9 2.899137802864845 17.899137802864846
      vertex -8.9 3.0468937844573163 17.74343548607132
    endloop
  endfacet
  facet normal -8.3199480573026285e-19 -0.6883545756937534 -0.7253743710122883
    outer loop
      vertex -8.9 2.7434354860713186 18.046893784457318
      vertex -8.9 2.899137802864845 17.899137802864846
      vertex -3.9000000000000004 2.899137802864845 17.899137802864846
    endloop
  endfacet
  facet normal 0 -0.47715876025961507 -0.8788171126619617
    outer loop
      vertex -3.9000000000000004 2.05 18.550704155516197
      vertex -8.9 1.8613610489321417 18.65312674917231
      vertex -8.9 2.05 18.550704155516197
    endloop
  endfacet
  facet normal 0 -0.52249856471595 -0.8526401643540914
    outer loop
      vertex -3.9000000000000004 2.233020043561611 18.438549328576237
      vertex -8.9 2.05 18.550704155516197
      vertex -8.9 2.233020043561611 18.438549328576237
    endloop
  endfacet
  facet normal 0 -0.13052619222004694 -0.9914448613738112
    outer loop
      vertex -3.9000000000000004 0.4285666993973792 19.07753977100992
      vertex -8.9 0.4285666993973792 19.07753977100992
      vertex -3.9000000000000004 0.6413813066649465 19.049522196440066
    endloop
  endfacet
  facet normal 0 -0.182235525492154 -0.9832549075639533
    outer loop
      vertex -3.9000000000000004 0.6413813066649465 19.049522196440066
      vertex -8.9 0.6413813066649465 19.049522196440066
      vertex -3.9000000000000004 0.8524379323528132 19.010405163008603
    endloop
  endfacet
  facet normal 0 -0.2334453638559073 -0.9723699203976761
    outer loop
      vertex -3.9000000000000004 0.8524379323528132 19.010405163008603
      vertex -8.9 0.8524379323528132 19.010405163008603
      vertex -3.9000000000000004 1.061158084920335 18.96029588778518
    endloop
  endfacet
  facet normal 0 -0.02617694830788576 -0.9996573249755569
    outer loop
      vertex -3.9000000000000004 0 19.1
      vertex -8.9 0 19.1
      vertex -3.9000000000000004 0.2145774205960697 19.09438109249375
    endloop
  endfacet
  facet normal 0 -0.07845909572783939 -0.9969173337331284
    outer loop
      vertex -3.9000000000000004 0.2145774205960697 19.09438109249375
      vertex -8.9 0.2145774205960697 19.09438109249375
      vertex -3.9000000000000004 0.4285666993973792 19.07753977100992
    endloop
  endfacet
  facet normal 0 -0.28401534470392664 -0.9588197348681917
    outer loop
      vertex -3.9000000000000004 1.061158084920335 18.96029588778518
      vertex -8.9 1.061158084920335 18.96029588778518
      vertex -3.9000000000000004 1.2669696769372842 18.899331716810128
    endloop
  endfacet
  facet normal 0 -0.3338068592337638 -0.9426414910921809
    outer loop
      vertex -3.9000000000000004 1.2669696769372842 18.899331716810128
      vertex -8.9 1.2669696769372842 18.899331716810128
      vertex -3.9000000000000004 1.469308593135731 18.827679748638527
    endloop
  endfacet
  facet normal 0 -0.4305110968082896 -0.9025852843498633
    outer loop
      vertex -3.9000000000000004 1.6676202366107806 18.745536376334663
      vertex -8.9 1.6676202366107806 18.745536376334663
      vertex -3.9000000000000004 1.8613610489321417 18.65312674917231
    endloop
  endfacet
  facet normal 0 -0.38268343236509395 -0.9238795325112852
    outer loop
      vertex -3.9000000000000004 1.469308593135731 18.827679748638527
      vertex -8.9 1.469308593135731 18.827679748638527
      vertex -3.9000000000000004 1.6676202366107806 18.745536376334663
    endloop
  endfacet
  facet normal 0 -0.6883545756937534 -0.7253743710122883
    outer loop
      vertex -8.9 2.7434354860713186 18.046893784457318
      vertex -3.9000000000000004 2.899137802864845 17.899137802864846
      vertex -3.9000000000000004 2.7434354860713186 18.046893784457318
    endloop
  endfacet
  facet normal 0 -0.6087614290087187 -0.7933533402912367
    outer loop
      vertex -3.9000000000000004 2.4099195343991395 18.316969676937283
      vertex -8.9 2.4099195343991395 18.316969676937283
      vertex -3.9000000000000004 2.5802136033043332 18.18629844197358
    endloop
  endfacet
  facet normal 0 -0.6494480483301788 -0.7604059656000351
    outer loop
      vertex -3.9000000000000004 2.5802136033043332 18.18629844197358
      vertex -8.9 2.5802136033043332 18.18629844197358
      vertex -3.9000000000000004 2.7434354860713186 18.046893784457318
    endloop
  endfacet
  facet normal 7.272782257979731e-19 -0.7933533402912331 -0.6087614290087232
    outer loop
      vertex -3.9000000000000004 3.3169696769372843 17.40991953439914
      vertex -3.9000000000000004 3.1862984419735803 17.580213603304333
      vertex -8.9 3.1862984419735803 17.580213603304333
    endloop
  endfacet
  facet normal 1.0702759832194473e-18 -0.85264016435409 -0.5224985647159526
    outer loop
      vertex -3.9000000000000004 3.550704155516198 17.05
      vertex -3.9000000000000004 3.4385493285762383 17.23302004356161
      vertex -8.9 3.4385493285762383 17.23302004356161
    endloop
  endfacet
  facet normal 1.0442220496654082e-18 -0.8788171126619645 -0.47715876025960985
    outer loop
      vertex -3.9000000000000004 3.653126749172308 16.861361048932142
      vertex -3.9000000000000004 3.550704155516198 17.05
      vertex -8.9 3.550704155516198 17.05
    endloop
  endfacet
  facet normal 5.152813558098297e-19 -0.8241261886220194 -0.5664062369248273
    outer loop
      vertex -3.9000000000000004 3.4385493285762383 17.23302004356161
      vertex -3.9000000000000004 3.3169696769372843 17.40991953439914
      vertex -8.9 3.3169696769372843 17.40991953439914
    endloop
  endfacet
  facet normal -8.3199480573026285e-19 -0.7253743710122883 -0.6883545756937534
    outer loop
      vertex -3.9000000000000004 3.0468937844573163 17.74343548607132
      vertex -3.9000000000000004 2.899137802864845 17.899137802864846
      vertex -8.9 2.899137802864845 17.899137802864846
    endloop
  endfacet
  facet normal 5.323410715131176e-19 -0.7604059656000346 -0.6494480483301792
    outer loop
      vertex -3.9000000000000004 3.1862984419735803 17.580213603304333
      vertex -3.9000000000000004 3.0468937844573163 17.74343548607132
      vertex -8.9 3.0468937844573163 17.74343548607132
    endloop
  endfacet
  facet normal 0 -0.47715876025961507 -0.8788171126619617
    outer loop
      vertex -3.9000000000000004 1.8613610489321417 18.65312674917231
      vertex -8.9 1.8613610489321417 18.65312674917231
      vertex -3.9000000000000004 2.05 18.550704155516197
    endloop
  endfacet
  facet normal 0 -0.52249856471595 -0.8526401643540914
    outer loop
      vertex -3.9000000000000004 2.05 18.550704155516197
      vertex -8.9 2.05 18.550704155516197
      vertex -3.9000000000000004 2.233020043561611 18.438549328576237
    endloop
  endfacet
  facet normal 0 -0.5664062369248304 -0.8241261886220174
    outer loop
      vertex -3.9000000000000004 2.233020043561611 18.438549328576237
      vertex -8.9 2.233020043561611 18.438549328576237
      vertex -3.9000000000000004 2.4099195343991395 18.316969676937283
    endloop
  endfacet
  facet normal 0 0.38268343236509395 0.9238795325112852
    outer loop
      vertex 3.9000000000000004 -1.6676202366107806 11.254463623665337
      vertex 8.9 -1.6676202366107806 11.254463623665337
      vertex 3.9000000000000004 -1.469308593135731 11.172320251361473
    endloop
  endfacet
  facet normal 0 0.2840153447039191 0.9588197348681942
    outer loop
      vertex 3.9000000000000004 -1.2669696769372842 11.10066828318987
      vertex 8.9 -1.2669696769372842 11.10066828318987
      vertex 3.9000000000000004 -1.061158084920335 11.039704112214821
    endloop
  endfacet
  facet normal 0 0.3338068592337712 0.9426414910921783
    outer loop
      vertex 3.9000000000000004 -1.469308593135731 11.172320251361473
      vertex 8.9 -1.469308593135731 11.172320251361473
      vertex 3.9000000000000004 -1.2669696769372842 11.10066828318987
    endloop
  endfacet
  facet normal 0 0.2334453638559073 0.9723699203976761
    outer loop
      vertex 3.9000000000000004 -1.061158084920335 11.039704112214821
      vertex 8.9 -1.061158084920335 11.039704112214821
      vertex 3.9000000000000004 -0.8524379323528132 10.989594836991397
    endloop
  endfacet
  facet normal 0 0.13052619222004694 0.9914448613738112
    outer loop
      vertex 3.9000000000000004 -0.6413813066649465 10.950477803559934
      vertex 8.9 -0.6413813066649465 10.950477803559934
      vertex 3.9000000000000004 -0.4285666993973792 10.92246022899008
    endloop
  endfacet
  facet normal 0 0.182235525492154 0.9832549075639533
    outer loop
      vertex 3.9000000000000004 -0.8524379323528132 10.989594836991397
      vertex 8.9 -0.8524379323528132 10.989594836991397
      vertex 3.9000000000000004 -0.6413813066649465 10.950477803559934
    endloop
  endfacet
  facet normal 0 0.07845909572783939 0.9969173337331284
    outer loop
      vertex 3.9000000000000004 -0.4285666993973792 10.92246022899008
      vertex 8.9 -0.4285666993973792 10.92246022899008
      vertex 3.9000000000000004 -0.2145774205960697 10.905618907506248
    endloop
  endfacet
  facet normal 0 0.02617694830787749 0.9996573249755571
    outer loop
      vertex 3.9000000000000004 -0.2145774205960697 10.905618907506248
      vertex 8.9 -0.2145774205960697 10.905618907506248
      vertex 3.9000000000000004 0 10.9
    endloop
  endfacet
  facet normal 0 0.4305110968082896 0.9025852843498633
    outer loop
      vertex 3.9000000000000004 -1.6676202366107806 11.254463623665337
      vertex 8.9 -1.8613610489321417 11.346873250827691
      vertex 8.9 -1.6676202366107806 11.254463623665337
    endloop
  endfacet
  facet normal 0 0.38268343236509395 0.9238795325112852
    outer loop
      vertex 3.9000000000000004 -1.469308593135731 11.172320251361473
      vertex 8.9 -1.6676202366107806 11.254463623665337
      vertex 8.9 -1.469308593135731 11.172320251361473
    endloop
  endfacet
  facet normal 0 0.3338068592337712 0.9426414910921783
    outer loop
      vertex 3.9000000000000004 -1.2669696769372842 11.10066828318987
      vertex 8.9 -1.469308593135731 11.172320251361473
      vertex 8.9 -1.2669696769372842 11.10066828318987
    endloop
  endfacet
  facet normal 0 0.2840153447039191 0.9588197348681942
    outer loop
      vertex 3.9000000000000004 -1.061158084920335 11.039704112214821
      vertex 8.9 -1.2669696769372842 11.10066828318987
      vertex 8.9 -1.061158084920335 11.039704112214821
    endloop
  endfacet
  facet normal 0 0.13052619222004694 0.9914448613738112
    outer loop
      vertex 3.9000000000000004 -0.4285666993973792 10.92246022899008
      vertex 8.9 -0.6413813066649465 10.950477803559934
      vertex 8.9 -0.4285666993973792 10.92246022899008
    endloop
  endfacet
  facet normal 0 0.2334453638559073 0.9723699203976761
    outer loop
      vertex 3.9000000000000004 -0.8524379323528132 10.989594836991397
      vertex 8.9 -1.061158084920335 11.039704112214821
      vertex 8.9 -0.8524379323528132 10.989594836991397
    endloop
  endfacet
  facet normal 0 0.182235525492154 0.9832549075639533
    outer loop
      vertex 3.9000000000000004 -0.6413813066649465 10.950477803559934
      vertex 8.9 -0.8524379323528132 10.989594836991397
      vertex 8.9 -0.6413813066649465 10.950477803559934
    endloop
  endfacet
  facet normal 0 0.07845909572783939 0.9969173337331284
    outer loop
      vertex 3.9000000000000004 -0.2145774205960697 10.905618907506248
      vertex 8.9 -0.4285666993973792 10.92246022899008
      vertex 8.9 -0.2145774205960697 10.905618907506248
    endloop
  endfacet
  facet normal 0 0.02617694830787749 0.9996573249755571
    outer loop
      vertex 3.9000000000000004 0 10.9
      vertex 8.9 -0.2145774205960697 10.905618907506248
      vertex 8.9 0 10.9
    endloop
  endfacet
  facet normal 3.8284472271016126e-19 0.9238795325112865 0.38268343236509034
    outer loop
      vertex 3.9000000000000004 -3.7455363763346634 13.33237976338922
      vertex 3.9000000000000004 -3.827679748638527 13.53069140686427
      vertex 8.9 -3.827679748638527 13.53069140686427
    endloop
  endfacet
  facet normal -7.479390481513702e-19 0.9426414910921785 0.3338068592337703
    outer loop
      vertex 3.9000000000000004 -3.827679748638527 13.53069140686427
      vertex 3.9000000000000004 -3.899331716810129 13.733030323062716
      vertex 8.9 -3.899331716810129 13.733030323062716
    endloop
  endfacet
  facet normal -1.0547851813678723e-19 0.9723699203976768 0.23344536385590442
    outer loop
      vertex 3.9000000000000004 -3.96029588778518 13.938841915079665
      vertex 3.9000000000000004 -4.010405163008603 14.147562067647186
      vertex 8.9 -4.010405163008603 14.147562067647186
    endloop
  endfacet
  facet normal -1.0840365084832266e-19 0.9588197348681927 0.2840153447039239
    outer loop
      vertex 3.9000000000000004 -3.899331716810129 13.733030323062716
      vertex 3.9000000000000004 -3.96029588778518 13.938841915079665
      vertex 8.9 -3.96029588778518 13.938841915079665
    endloop
  endfacet
  facet normal -2.4190713209298657e-19 0.9832549075639542 0.18223552549214972
    outer loop
      vertex 3.9000000000000004 -4.010405163008603 14.147562067647186
      vertex 3.9000000000000004 -4.049522196440065 14.358618693335053
      vertex 8.9 -4.049522196440065 14.358618693335053
    endloop
  endfacet
  facet normal 3.553641144235584e-19 0.9914448613738109 0.13052619222004674
    outer loop
      vertex 3.9000000000000004 -4.049522196440065 14.358618693335053
      vertex 3.9000000000000004 -4.07753977100992 14.57143330060262
      vertex 8.9 -4.07753977100992 14.57143330060262
    endloop
  endfacet
  facet normal 1.38185254169503e-19 0.9969173337331276 0.0784590957278478
    outer loop
      vertex 3.9000000000000004 -4.07753977100992 14.57143330060262
      vertex 3.9000000000000004 -4.0943810924937525 14.78542257940393
      vertex 8.9 -4.0943810924937525 14.78542257940393
    endloop
  endfacet
  facet normal -8.592548784072546e-20 0.9996573249755573 0.0261769483078733
    outer loop
      vertex 3.9000000000000004 -4.0943810924937525 14.78542257940393
      vertex 3.9000000000000004 -4.1 15
      vertex 8.9 -4.1 15
    endloop
  endfacet
  facet normal 8.592548784072546e-20 0.9996573249755573 -0.0261769483078733
    outer loop
      vertex 3.9000000000000004 -4.1 15
      vertex 3.9000000000000004 -4.0943810924937525 15.21457742059607
      vertex 8.9 -4.0943810924937525 15.21457742059607
    endloop
  endfacet
  facet normal -1.38185254169503e-19 0.9969173337331276 -0.0784590957278478
    outer loop
      vertex 3.9000000000000004 -4.0943810924937525 15.21457742059607
      vertex 3.9000000000000004 -4.07753977100992 15.42856669939738
      vertex 8.9 -4.07753977100992 15.42856669939738
    endloop
  endfacet
  facet normal -3.553641144235584e-19 0.9914448613738109 -0.13052619222004674
    outer loop
      vertex 3.9000000000000004 -4.07753977100992 15.42856669939738
      vertex 3.9000000000000004 -4.049522196440065 15.641381306664947
      vertex 8.9 -4.049522196440065 15.641381306664947
    endloop
  endfacet
  facet normal 2.4190713209298657e-19 0.9832549075639542 -0.18223552549214972
    outer loop
      vertex 3.9000000000000004 -4.049522196440065 15.641381306664947
      vertex 3.9000000000000004 -4.010405163008603 15.852437932352814
      vertex 8.9 -4.010405163008603 15.852437932352814
    endloop
  endfacet
  facet normal 6.096052595733167e-19 0.9723699203976772 -0.23344536385590253
    outer loop
      vertex 3.9000000000000004 -4.010405163008603 15.852437932352814
      vertex 3.9000000000000004 -3.96029588778518 16.061158084920336
      vertex 8.9 -3.96029588778518 16.061158084920336
    endloop
  endfacet
  facet normal 3.4338078615759005e-19 0.9588197348681914 -0.2840153447039285
    outer loop
      vertex 3.9000000000000004 -3.96029588778518 16.061158084920336
      vertex 3.9000000000000004 -3.899331716810129 16.266969676937283
      vertex 8.9 -3.899331716810129 16.266969676937283
    endloop
  endfacet
  facet normal 3.329178445178371e-19 0.9426414910921804 -0.33380685923376513
    outer loop
      vertex 3.9000000000000004 -3.899331716810129 16.266969676937283
      vertex 3.9000000000000004 -3.827679748638527 16.469308593135732
      vertex 8.9 -3.827679748638527 16.469308593135732
    endloop
  endfacet
  facet normal 0 0.9238795325112853 -0.3826834323650933
    outer loop
      vertex 8.9 -3.7455363763346634 16.66762023661078
      vertex 3.9000000000000004 -3.827679748638527 16.469308593135732
      vertex 3.9000000000000004 -3.7455363763346634 16.66762023661078
    endloop
  endfacet
  facet normal 1.3195029020755992e-18 0.8241261886220167 0.5664062369248312
    outer loop
      vertex 3.9000000000000004 -3.3169696769372843 12.59008046560086
      vertex 3.9000000000000004 -3.4385493285762383 12.766979956438389
      vertex 8.9 -3.4385493285762383 12.766979956438389
    endloop
  endfacet
  facet normal 0 0.6883545756937534 0.7253743710122883
    outer loop
      vertex 3.9000000000000004 -2.899137802864845 12.100862197135156
      vertex 8.9 -2.899137802864845 12.100862197135156
      vertex 3.9000000000000004 -2.7434354860713186 11.953106215542684
    endloop
  endfacet
  facet normal -8.3199480573026285e-19 0.7253743710122883 0.6883545756937534
    outer loop
      vertex 3.9000000000000004 -2.899137802864845 12.100862197135156
      vertex 3.9000000000000004 -3.0468937844573163 12.256564513928682
      vertex 8.9 -3.0468937844573163 12.256564513928682
    endloop
  endfacet
  facet normal 7.272782257979731e-19 0.7933533402912331 0.6087614290087232
    outer loop
      vertex 3.9000000000000004 -3.1862984419735803 12.419786396695667
      vertex 3.9000000000000004 -3.3169696769372843 12.59008046560086
      vertex 8.9 -3.3169696769372843 12.59008046560086
    endloop
  endfacet
  facet normal -1.487462198458751e-18 0.7604059656000312 0.6494480483301834
    outer loop
      vertex 3.9000000000000004 -3.0468937844573163 12.256564513928682
      vertex 3.9000000000000004 -3.1862984419735803 12.419786396695667
      vertex 8.9 -3.1862984419735803 12.419786396695667
    endloop
  endfacet
  facet normal 0 0.5664062369248359 0.8241261886220135
    outer loop
      vertex 8.9 -2.4099195343991395 11.683030323062717
      vertex 3.9000000000000004 -2.233020043561611 11.561450671423762
      vertex 3.9000000000000004 -2.4099195343991395 11.683030323062717
    endloop
  endfacet
  facet normal 0 0.6494480483301835 0.760405965600031
    outer loop
      vertex 3.9000000000000004 -2.7434354860713186 11.953106215542684
      vertex 8.9 -2.7434354860713186 11.953106215542684
      vertex 3.9000000000000004 -2.5802136033043332 11.81370155802642
    endloop
  endfacet
  facet normal 0 0.6087614290087187 0.7933533402912367
    outer loop
      vertex 3.9000000000000004 -2.5802136033043332 11.81370155802642
      vertex 8.9 -2.5802136033043332 11.81370155802642
      vertex 3.9000000000000004 -2.4099195343991395 11.683030323062717
    endloop
  endfacet
  facet normal 0 0.522498564715944 0.8526401643540951
    outer loop
      vertex 3.9000000000000004 -2.233020043561611 11.561450671423762
      vertex 8.9 -2.233020043561611 11.561450671423762
      vertex 3.9000000000000004 -2.05 11.449295844483803
    endloop
  endfacet
  facet normal 0 0.47715876025961507 0.8788171126619617
    outer loop
      vertex 3.9000000000000004 -2.05 11.449295844483803
      vertex 8.9 -2.05 11.449295844483803
      vertex 3.9000000000000004 -1.8613610489321417 11.346873250827691
    endloop
  endfacet
  facet normal -2.9800816969335673e-19 0.8526401643540922 0.5224985647159489
    outer loop
      vertex 3.9000000000000004 -3.4385493285762383 12.766979956438389
      vertex 3.9000000000000004 -3.550704155516198 12.95
      vertex 8.9 -3.550704155516198 12.95
    endloop
  endfacet
  facet normal 1.0442220496654082e-18 0.8788171126619645 0.47715876025960985
    outer loop
      vertex 3.9000000000000004 -3.550704155516198 12.95
      vertex 3.9000000000000004 -3.653126749172308 13.138638951067858
      vertex 8.9 -3.653126749172308 13.138638951067858
    endloop
  endfacet
  facet normal 1.3258194759367516e-18 0.9025852843498617 0.4305110968082926
    outer loop
      vertex 3.9000000000000004 -3.653126749172308 13.138638951067858
      vertex 3.9000000000000004 -3.7455363763346634 13.33237976338922
      vertex 8.9 -3.7455363763346634 13.33237976338922
    endloop
  endfacet
  facet normal 0 0.4305110968082896 0.9025852843498633
    outer loop
      vertex 3.9000000000000004 -1.8613610489321417 11.346873250827691
      vertex 8.9 -1.8613610489321417 11.346873250827691
      vertex 3.9000000000000004 -1.6676202366107806 11.254463623665337
    endloop
  endfacet
  facet normal 0 0.9025852843498617 -0.4305110968082926
    outer loop
      vertex 8.9 -3.653126749172308 16.861361048932142
      vertex 3.9000000000000004 -3.7455363763346634 16.66762023661078
      vertex 3.9000000000000004 -3.653126749172308 16.861361048932142
    endloop
  endfacet
  facet normal 0 0.9238795325112865 0.38268343236509034
    outer loop
      vertex 3.9000000000000004 -3.7455363763346634 13.33237976338922
      vertex 8.9 -3.827679748638527 13.53069140686427
      vertex 8.9 -3.7455363763346634 13.33237976338922
    endloop
  endfacet
  facet normal 0 0.9426414910921785 0.3338068592337703
    outer loop
      vertex 3.9000000000000004 -3.827679748638527 13.53069140686427
      vertex 8.9 -3.899331716810129 13.733030323062716
      vertex 8.9 -3.827679748638527 13.53069140686427
    endloop
  endfacet
  facet normal 0 0.9588197348681927 0.2840153447039239
    outer loop
      vertex 3.9000000000000004 -3.899331716810129 13.733030323062716
      vertex 8.9 -3.96029588778518 13.938841915079665
      vertex 8.9 -3.899331716810129 13.733030323062716
    endloop
  endfacet
  facet normal 0 0.9723699203976768 0.23344536385590442
    outer loop
      vertex 3.9000000000000004 -3.96029588778518 13.938841915079665
      vertex 8.9 -4.010405163008603 14.147562067647186
      vertex 8.9 -3.96029588778518 13.938841915079665
    endloop
  endfacet
  facet normal 0 0.9832549075639542 0.18223552549214972
    outer loop
      vertex 3.9000000000000004 -4.010405163008603 14.147562067647186
      vertex 8.9 -4.049522196440065 14.358618693335053
      vertex 8.9 -4.010405163008603 14.147562067647186
    endloop
  endfacet
  facet normal 0 0.9914448613738109 0.13052619222004674
    outer loop
      vertex 3.9000000000000004 -4.049522196440065 14.358618693335053
      vertex 8.9 -4.07753977100992 14.57143330060262
      vertex 8.9 -4.049522196440065 14.358618693335053
    endloop
  endfacet
  facet normal 0 0.9969173337331276 0.0784590957278478
    outer loop
      vertex 3.9000000000000004 -4.07753977100992 14.57143330060262
      vertex 8.9 -4.0943810924937525 14.78542257940393
      vertex 8.9 -4.07753977100992 14.57143330060262
    endloop
  endfacet
  facet normal 0 0.9996573249755573 0.0261769483078733
    outer loop
      vertex 3.9000000000000004 -4.0943810924937525 14.78542257940393
      vertex 8.9 -4.1 15
      vertex 8.9 -4.0943810924937525 14.78542257940393
    endloop
  endfacet
  facet normal 0 0.9996573249755573 -0.0261769483078733
    outer loop
      vertex 3.9000000000000004 -4.1 15
      vertex 8.9 -4.0943810924937525 15.21457742059607
      vertex 8.9 -4.1 15
    endloop
  endfacet
  facet normal 0 0.9969173337331276 -0.0784590957278478
    outer loop
      vertex 3.9000000000000004 -4.0943810924937525 15.21457742059607
      vertex 8.9 -4.07753977100992 15.42856669939738
      vertex 8.9 -4.0943810924937525 15.21457742059607
    endloop
  endfacet
  facet normal 0 0.9914448613738109 -0.13052619222004674
    outer loop
      vertex 3.9000000000000004 -4.07753977100992 15.42856669939738
      vertex 8.9 -4.049522196440065 15.641381306664947
      vertex 8.9 -4.07753977100992 15.42856669939738
    endloop
  endfacet
  facet normal 0 0.9832549075639542 -0.18223552549214972
    outer loop
      vertex 3.9000000000000004 -4.049522196440065 15.641381306664947
      vertex 8.9 -4.010405163008603 15.852437932352814
      vertex 8.9 -4.049522196440065 15.641381306664947
    endloop
  endfacet
  facet normal 0 0.9723699203976772 -0.23344536385590253
    outer loop
      vertex 3.9000000000000004 -4.010405163008603 15.852437932352814
      vertex 8.9 -3.96029588778518 16.061158084920336
      vertex 8.9 -4.010405163008603 15.852437932352814
    endloop
  endfacet
  facet normal 0 0.9588197348681914 -0.2840153447039285
    outer loop
      vertex 3.9000000000000004 -3.96029588778518 16.061158084920336
      vertex 8.9 -3.899331716810129 16.266969676937283
      vertex 8.9 -3.96029588778518 16.061158084920336
    endloop
  endfacet
  facet normal 0 0.9426414910921804 -0.33380685923376513
    outer loop
      vertex 3.9000000000000004 -3.899331716810129 16.266969676937283
      vertex 8.9 -3.827679748638527 16.469308593135732
      vertex 8.9 -3.899331716810129 16.266969676937283
    endloop
  endfacet
  facet normal 0 0.9238795325112853 -0.3826834323650933
    outer loop
      vertex 3.9000000000000004 -3.827679748638527 16.469308593135732
      vertex 8.9 -3.7455363763346634 16.66762023661078
      vertex 8.9 -3.827679748638527 16.469308593135732
    endloop
  endfacet
  facet normal 0 0.8241261886220167 0.5664062369248312
    outer loop
      vertex 3.9000000000000004 -3.3169696769372843 12.59008046560086
      vertex 8.9 -3.4385493285762383 12.766979956438389
      vertex 8.9 -3.3169696769372843 12.59008046560086
    endloop
  endfacet
  facet normal 0 0.7604059656000312 0.6494480483301834
    outer loop
      vertex 3.9000000000000004 -3.0468937844573163 12.256564513928682
      vertex 8.9 -3.1862984419735803 12.419786396695667
      vertex 8.9 -3.0468937844573163 12.256564513928682
    endloop
  endfacet
  facet normal 0 0.7253743710122883 0.6883545756937534
    outer loop
      vertex 3.9000000000000004 -2.899137802864845 12.100862197135156
      vertex 8.9 -3.0468937844573163 12.256564513928682
      vertex 8.9 -2.899137802864845 12.100862197135156
    endloop
  endfacet
  facet normal 0 0.7933533402912331 0.6087614290087232
    outer loop
      vertex 3.9000000000000004 -3.1862984419735803 12.419786396695667
      vertex 8.9 -3.3169696769372843 12.59008046560086
      vertex 8.9 -3.1862984419735803 12.419786396695667
    endloop
  endfacet
  facet normal 0 0.6883545756937534 0.7253743710122883
    outer loop
      vertex 3.9000000000000004 -2.7434354860713186 11.953106215542684
      vertex 8.9 -2.899137802864845 12.100862197135156
      vertex 8.9 -2.7434354860713186 11.953106215542684
    endloop
  endfacet
  facet normal 0 0.6494480483301835 0.760405965600031
    outer loop
      vertex 3.9000000000000004 -2.5802136033043332 11.81370155802642
      vertex 8.9 -2.7434354860713186 11.953106215542684
      vertex 8.9 -2.5802136033043332 11.81370155802642
    endloop
  endfacet
  facet normal 0 0.6087614290087187 0.7933533402912367
    outer loop
      vertex 3.9000000000000004 -2.4099195343991395 11.683030323062717
      vertex 8.9 -2.5802136033043332 11.81370155802642
      vertex 8.9 -2.4099195343991395 11.683030323062717
    endloop
  endfacet
  facet normal 0 0.5664062369248359 0.8241261886220135
    outer loop
      vertex 3.9000000000000004 -2.233020043561611 11.561450671423762
      vertex 8.9 -2.4099195343991395 11.683030323062717
      vertex 8.9 -2.233020043561611 11.561450671423762
    endloop
  endfacet
  facet normal 0 0.522498564715944 0.8526401643540951
    outer loop
      vertex 3.9000000000000004 -2.05 11.449295844483803
      vertex 8.9 -2.233020043561611 11.561450671423762
      vertex 8.9 -2.05 11.449295844483803
    endloop
  endfacet
  facet normal 0 0.47715876025961507 0.8788171126619617
    outer loop
      vertex 3.9000000000000004 -1.8613610489321417 11.346873250827691
      vertex 8.9 -2.05 11.449295844483803
      vertex 8.9 -1.8613610489321417 11.346873250827691
    endloop
  endfacet
  facet normal 0 0.8788171126619645 0.47715876025960985
    outer loop
      vertex 3.9000000000000004 -3.550704155516198 12.95
      vertex 8.9 -3.653126749172308 13.138638951067858
      vertex 8.9 -3.550704155516198 12.95
    endloop
  endfacet
  facet normal 0 0.8526401643540922 0.5224985647159489
    outer loop
      vertex 3.9000000000000004 -3.4385493285762383 12.766979956438389
      vertex 8.9 -3.550704155516198 12.95
      vertex 8.9 -3.4385493285762383 12.766979956438389
    endloop
  endfacet
  facet normal 0 0.9025852843498617 0.4305110968082926
    outer loop
      vertex 3.9000000000000004 -3.653126749172308 13.138638951067858
      vertex 8.9 -3.7455363763346634 13.33237976338922
      vertex 8.9 -3.653126749172308 13.138638951067858
    endloop
  endfacet
  facet normal -1.3258194759367516e-18 0.9025852843498617 -0.4305110968082926
    outer loop
      vertex 8.9 -3.653126749172308 16.861361048932142
      vertex 8.9 -3.7455363763346634 16.66762023661078
      vertex 3.9000000000000004 -3.7455363763346634 16.66762023661078
    endloop
  endfacet
  facet normal -1.0442220496654082e-18 0.8788171126619645 -0.47715876025960985
    outer loop
      vertex 8.9 -3.550704155516198 17.05
      vertex 8.9 -3.653126749172308 16.861361048932142
      vertex 3.9000000000000004 -3.653126749172308 16.861361048932142
    endloop
  endfacet
  facet normal 0 0.8788171126619645 -0.47715876025960985
    outer loop
      vertex 8.9 -3.550704155516198 17.05
      vertex 3.9000000000000004 -3.653126749172308 16.861361048932142
      vertex 3.9000000000000004 -3.550704155516198 17.05
    endloop
  endfacet
  facet normal 0 0.85264016435409 -0.5224985647159526
    outer loop
      vertex 8.9 -3.4385493285762383 17.23302004356161
      vertex 3.9000000000000004 -3.550704155516198 17.05
      vertex 3.9000000000000004 -3.4385493285762383 17.23302004356161
    endloop
  endfacet
  facet normal 0 0.8241261886220194 -0.5664062369248273
    outer loop
      vertex 8.9 -3.3169696769372843 17.40991953439914
      vertex 3.9000000000000004 -3.4385493285762383 17.23302004356161
      vertex 3.9000000000000004 -3.3169696769372843 17.40991953439914
    endloop
  endfacet
  facet normal 0 0.7933533402912331 -0.6087614290087232
    outer loop
      vertex 8.9 -3.1862984419735803 17.580213603304333
      vertex 3.9000000000000004 -3.3169696769372843 17.40991953439914
      vertex 3.9000000000000004 -3.1862984419735803 17.580213603304333
    endloop
  endfacet
  facet normal 0 0.7604059656000346 -0.6494480483301792
    outer loop
      vertex 8.9 -3.0468937844573163 17.74343548607132
      vertex 3.9000000000000004 -3.1862984419735803 17.580213603304333
      vertex 3.9000000000000004 -3.0468937844573163 17.74343548607132
    endloop
  endfacet
  facet normal 0 0.7253743710122883 -0.6883545756937534
    outer loop
      vertex 8.9 -2.899137802864845 17.899137802864846
      vertex 3.9000000000000004 -3.0468937844573163 17.74343548607132
      vertex 3.9000000000000004 -2.899137802864845 17.899137802864846
    endloop
  endfacet
  facet normal 0 0.6883545756937534 -0.7253743710122883
    outer loop
      vertex 8.9 -2.7434354860713186 18.046893784457318
      vertex 3.9000000000000004 -2.899137802864845 17.899137802864846
      vertex 3.9000000000000004 -2.7434354860713186 18.046893784457318
    endloop
  endfacet
  facet normal 0 0.6494480483301788 -0.7604059656000351
    outer loop
      vertex 8.9 -2.5802136033043332 18.18629844197358
      vertex 3.9000000000000004 -2.7434354860713186 18.046893784457318
      vertex 3.9000000000000004 -2.5802136033043332 18.18629844197358
    endloop
  endfacet
  facet normal 0 0.6087614290087187 -0.7933533402912367
    outer loop
      vertex 8.9 -2.4099195343991395 18.316969676937283
      vertex 3.9000000000000004 -2.5802136033043332 18.18629844197358
      vertex 3.9000000000000004 -2.4099195343991395 18.316969676937283
    endloop
  endfacet
  facet normal 0 0.5664062369248304 -0.8241261886220174
    outer loop
      vertex 8.9 -2.233020043561611 18.438549328576237
      vertex 3.9000000000000004 -2.4099195343991395 18.316969676937283
      vertex 3.9000000000000004 -2.233020043561611 18.438549328576237
    endloop
  endfacet
  facet normal 0 0.52249856471595 -0.8526401643540914
    outer loop
      vertex 8.9 -2.05 18.550704155516197
      vertex 3.9000000000000004 -2.233020043561611 18.438549328576237
      vertex 3.9000000000000004 -2.05 18.550704155516197
    endloop
  endfacet
  facet normal 0 0.47715876025961507 -0.8788171126619617
    outer loop
      vertex 8.9 -1.8613610489321417 18.65312674917231
      vertex 3.9000000000000004 -2.05 18.550704155516197
      vertex 3.9000000000000004 -1.8613610489321417 18.65312674917231
    endloop
  endfacet
  facet normal 0 0.4305110968082896 -0.9025852843498633
    outer loop
      vertex 8.9 -1.6676202366107806 18.745536376334663
      vertex 3.9000000000000004 -1.8613610489321417 18.65312674917231
      vertex 3.9000000000000004 -1.6676202366107806 18.745536376334663
    endloop
  endfacet
  facet normal 0 0.38268343236509395 -0.9238795325112852
    outer loop
      vertex 8.9 -1.469308593135731 18.827679748638527
      vertex 3.9000000000000004 -1.6676202366107806 18.745536376334663
      vertex 3.9000000000000004 -1.469308593135731 18.827679748638527
    endloop
  endfacet
  facet normal 0 0.3338068592337638 -0.9426414910921809
    outer loop
      vertex 8.9 -1.2669696769372842 18.899331716810128
      vertex 3.9000000000000004 -1.469308593135731 18.827679748638527
      vertex 3.9000000000000004 -1.2669696769372842 18.899331716810128
    endloop
  endfacet
  facet normal 0 0.28401534470392664 -0.9588197348681917
    outer loop
      vertex 8.9 -1.061158084920335 18.96029588778518
      vertex 3.9000000000000004 -1.2669696769372842 18.899331716810128
      vertex 3.9000000000000004 -1.061158084920335 18.96029588778518
    endloop
  endfacet
  facet normal 0 0.2334453638559073 -0.9723699203976761
    outer loop
      vertex 8.9 -0.8524379323528132 19.010405163008603
      vertex 3.9000000000000004 -1.061158084920335 18.96029588778518
      vertex 3.9000000000000004 -0.8524379323528132 19.010405163008603
    endloop
  endfacet
  facet normal 0 0.182235525492154 -0.9832549075639533
    outer loop
      vertex 8.9 -0.6413813066649465 19.049522196440066
      vertex 3.9000000000000004 -0.8524379323528132 19.010405163008603
      vertex 3.9000000000000004 -0.6413813066649465 19.049522196440066
    endloop
  endfacet
  facet normal 0 0.13052619222004694 -0.9914448613738112
    outer loop
      vertex 8.9 -0.4285666993973792 19.07753977100992
      vertex 3.9000000000000004 -0.6413813066649465 19.049522196440066
      vertex 3.9000000000000004 -0.4285666993973792 19.07753977100992
    endloop
  endfacet
  facet normal 0 0.07845909572783939 -0.9969173337331284
    outer loop
      vertex 8.9 -0.2145774205960697 19.09438109249375
      vertex 3.9000000000000004 -0.4285666993973792 19.07753977100992
      vertex 3.9000000000000004 -0.2145774205960697 19.09438109249375
    endloop
  endfacet
  facet normal 0 0.02617694830788576 -0.9996573249755569
    outer loop
      vertex 8.9 0 19.1
      vertex 3.9000000000000004 -0.2145774205960697 19.09438109249375
      vertex 3.9000000000000004 0 19.1
    endloop
  endfacet
  facet normal -1.0702759832194473e-18 0.85264016435409 -0.5224985647159526
    outer loop
      vertex 8.9 -3.4385493285762383 17.23302004356161
      vertex 8.9 -3.550704155516198 17.05
      vertex 3.9000000000000004 -3.550704155516198 17.05
    endloop
  endfacet
  facet normal -5.152813558098297e-19 0.8241261886220194 -0.5664062369248273
    outer loop
      vertex 8.9 -3.3169696769372843 17.40991953439914
      vertex 8.9 -3.4385493285762383 17.23302004356161
      vertex 3.9000000000000004 -3.4385493285762383 17.23302004356161
    endloop
  endfacet
  facet normal -7.272782257979731e-19 0.7933533402912331 -0.6087614290087232
    outer loop
      vertex 8.9 -3.1862984419735803 17.580213603304333
      vertex 8.9 -3.3169696769372843 17.40991953439914
      vertex 3.9000000000000004 -3.3169696769372843 17.40991953439914
    endloop
  endfacet
  facet normal -5.323410715131176e-19 0.7604059656000346 -0.6494480483301792
    outer loop
      vertex 8.9 -3.0468937844573163 17.74343548607132
      vertex 8.9 -3.1862984419735803 17.580213603304333
      vertex 3.9000000000000004 -3.1862984419735803 17.580213603304333
    endloop
  endfacet
  facet normal 8.3199480573026285e-19 0.7253743710122883 -0.6883545756937534
    outer loop
      vertex 8.9 -2.899137802864845 17.899137802864846
      vertex 8.9 -3.0468937844573163 17.74343548607132
      vertex 3.9000000000000004 -3.0468937844573163 17.74343548607132
    endloop
  endfacet
  facet normal 0 0.6883545756937534 -0.7253743710122883
    outer loop
      vertex 8.9 -2.899137802864845 17.899137802864846
      vertex 3.9000000000000004 -2.899137802864845 17.899137802864846
      vertex 8.9 -2.7434354860713186 18.046893784457318
    endloop
  endfacet
  facet normal 0 0.6494480483301788 -0.7604059656000351
    outer loop
      vertex 8.9 -2.7434354860713186 18.046893784457318
      vertex 3.9000000000000004 -2.7434354860713186 18.046893784457318
      vertex 8.9 -2.5802136033043332 18.18629844197358
    endloop
  endfacet
  facet normal 0 0.6087614290087187 -0.7933533402912367
    outer loop
      vertex 8.9 -2.5802136033043332 18.18629844197358
      vertex 3.9000000000000004 -2.5802136033043332 18.18629844197358
      vertex 8.9 -2.4099195343991395 18.316969676937283
    endloop
  endfacet
  facet normal 0 0.5664062369248304 -0.8241261886220174
    outer loop
      vertex 8.9 -2.4099195343991395 18.316969676937283
      vertex 3.9000000000000004 -2.4099195343991395 18.316969676937283
      vertex 8.9 -2.233020043561611 18.438549328576237
    endloop
  endfacet
  facet normal 0 0.52249856471595 -0.8526401643540914
    outer loop
      vertex 8.9 -2.233020043561611 18.438549328576237
      vertex 3.9000000000000004 -2.233020043561611 18.438549328576237
      vertex 8.9 -2.05 18.550704155516197
    endloop
  endfacet
  facet normal 0 0.47715876025961507 -0.8788171126619617
    outer loop
      vertex 8.9 -2.05 18.550704155516197
      vertex 3.9000000000000004 -2.05 18.550704155516197
      vertex 8.9 -1.8613610489321417 18.65312674917231
    endloop
  endfacet
  facet normal 0 0.4305110968082896 -0.9025852843498633
    outer loop
      vertex 8.9 -1.8613610489321417 18.65312674917231
      vertex 3.9000000000000004 -1.8613610489321417 18.65312674917231
      vertex 8.9 -1.6676202366107806 18.745536376334663
    endloop
  endfacet
  facet normal 0 0.38268343236509395 -0.9238795325112852
    outer loop
      vertex 8.9 -1.6676202366107806 18.745536376334663
      vertex 3.9000000000000004 -1.6676202366107806 18.745536376334663
      vertex 8.9 -1.469308593135731 18.827679748638527
    endloop
  endfacet
  facet normal 0 0.3338068592337638 -0.9426414910921809
    outer loop
      vertex 8.9 -1.469308593135731 18.827679748638527
      vertex 3.9000000000000004 -1.469308593135731 18.827679748638527
      vertex 8.9 -1.2669696769372842 18.899331716810128
    endloop
  endfacet
  facet normal 0 0.28401534470392664 -0.9588197348681917
    outer loop
      vertex 8.9 -1.2669696769372842 18.899331716810128
      vertex 3.9000000000000004 -1.2669696769372842 18.899331716810128
      vertex 8.9 -1.061158084920335 18.96029588778518
    endloop
  endfacet
  facet normal 0 0.2334453638559073 -0.9723699203976761
    outer loop
      vertex 8.9 -1.061158084920335 18.96029588778518
      vertex 3.9000000000000004 -1.061158084920335 18.96029588778518
      vertex 8.9 -0.8524379323528132 19.010405163008603
    endloop
  endfacet
  facet normal 0 0.182235525492154 -0.9832549075639533
    outer loop
      vertex 8.9 -0.8524379323528132 19.010405163008603
      vertex 3.9000000000000004 -0.8524379323528132 19.010405163008603
      vertex 8.9 -0.6413813066649465 19.049522196440066
    endloop
  endfacet
  facet normal 0 0.13052619222004694 -0.9914448613738112
    outer loop
      vertex 8.9 -0.6413813066649465 19.049522196440066
      vertex 3.9000000000000004 -0.6413813066649465 19.049522196440066
      vertex 8.9 -0.4285666993973792 19.07753977100992
    endloop
  endfacet
  facet normal 0 0.07845909572783939 -0.9969173337331284
    outer loop
      vertex 8.9 -0.4285666993973792 19.07753977100992
      vertex 3.9000000000000004 -0.4285666993973792 19.07753977100992
      vertex 8.9 -0.2145774205960697 19.09438109249375
    endloop
  endfacet
  facet normal 0 0.02617694830788576 -0.9996573249755569
    outer loop
      vertex 8.9 -0.2145774205960697 19.09438109249375
      vertex 3.9000000000000004 -0.2145774205960697 19.09438109249375
      vertex 8.9 0 19.1
    endloop
  endfacet
  facet normal 0 -0.02617694830787749 0.9996573249755571
    outer loop
      vertex 3.9000000000000004 0 10.9
      vertex 8.9 0 10.9
      vertex 3.9000000000000004 0.2145774205960697 10.905618907506248
    endloop
  endfacet
  facet normal 0 -0.07845909572783939 0.9969173337331284
    outer loop
      vertex 3.9000000000000004 0.2145774205960697 10.905618907506248
      vertex 8.9 0.2145774205960697 10.905618907506248
      vertex 3.9000000000000004 0.4285666993973792 10.92246022899008
    endloop
  endfacet
  facet normal 0 -0.13052619222004694 0.9914448613738112
    outer loop
      vertex 3.9000000000000004 0.4285666993973792 10.92246022899008
      vertex 8.9 0.4285666993973792 10.92246022899008
      vertex 3.9000000000000004 0.6413813066649465 10.950477803559934
    endloop
  endfacet
  facet normal 0 -0.182235525492154 0.9832549075639533
    outer loop
      vertex 3.9000000000000004 0.6413813066649465 10.950477803559934
      vertex 8.9 0.6413813066649465 10.950477803559934
      vertex 3.9000000000000004 0.8524379323528132 10.989594836991397
    endloop
  endfacet
  facet normal 0 -0.2334453638559073 0.9723699203976761
    outer loop
      vertex 3.9000000000000004 0.8524379323528132 10.989594836991397
      vertex 8.9 0.8524379323528132 10.989594836991397
      vertex 3.9000000000000004 1.061158084920335 11.039704112214821
    endloop
  endfacet
  facet normal 0 -0.2840153447039191 0.9588197348681942
    outer loop
      vertex 3.9000000000000004 1.061158084920335 11.039704112214821
      vertex 8.9 1.061158084920335 11.039704112214821
      vertex 3.9000000000000004 1.2669696769372842 11.10066828318987
    endloop
  endfacet
  facet normal 0 -0.3338068592337712 0.9426414910921783
    outer loop
      vertex 3.9000000000000004 1.2669696769372842 11.10066828318987
      vertex 8.9 1.2669696769372842 11.10066828318987
      vertex 3.9000000000000004 1.469308593135731 11.172320251361473
    endloop
  endfacet
  facet normal 0 -0.38268343236509395 0.9238795325112852
    outer loop
      vertex 3.9000000000000004 1.469308593135731 11.172320251361473
      vertex 8.9 1.469308593135731 11.172320251361473
      vertex 3.9000000000000004 1.6676202366107806 11.254463623665337
    endloop
  endfacet
  facet normal 0 -0.4305110968082896 0.9025852843498633
    outer loop
      vertex 3.9000000000000004 1.6676202366107806 11.254463623665337
      vertex 8.9 1.6676202366107806 11.254463623665337
      vertex 3.9000000000000004 1.8613610489321417 11.346873250827691
    endloop
  endfacet
  facet normal 0 -0.02617694830787749 0.9996573249755571
    outer loop
      vertex 3.9000000000000004 0.2145774205960697 10.905618907506248
      vertex 8.9 0 10.9
      vertex 8.9 0.2145774205960697 10.905618907506248
    endloop
  endfacet
  facet normal 0 -0.07845909572783939 0.9969173337331284
    outer loop
      vertex 3.9000000000000004 0.4285666993973792 10.92246022899008
      vertex 8.9 0.2145774205960697 10.905618907506248
      vertex 8.9 0.4285666993973792 10.92246022899008
    endloop
  endfacet
  facet normal 0 -0.13052619222004694 0.9914448613738112
    outer loop
      vertex 3.9000000000000004 0.6413813066649465 10.950477803559934
      vertex 8.9 0.4285666993973792 10.92246022899008
      vertex 8.9 0.6413813066649465 10.950477803559934
    endloop
  endfacet
  facet normal 0 -0.182235525492154 0.9832549075639533
    outer loop
      vertex 3.9000000000000004 0.8524379323528132 10.989594836991397
      vertex 8.9 0.6413813066649465 10.950477803559934
      vertex 8.9 0.8524379323528132 10.989594836991397
    endloop
  endfacet
  facet normal 0 -0.2334453638559073 0.9723699203976761
    outer loop
      vertex 3.9000000000000004 1.061158084920335 11.039704112214821
      vertex 8.9 0.8524379323528132 10.989594836991397
      vertex 8.9 1.061158084920335 11.039704112214821
    endloop
  endfacet
  facet normal 0 -0.2840153447039191 0.9588197348681942
    outer loop
      vertex 3.9000000000000004 1.2669696769372842 11.10066828318987
      vertex 8.9 1.061158084920335 11.039704112214821
      vertex 8.9 1.2669696769372842 11.10066828318987
    endloop
  endfacet
  facet normal 0 -0.3338068592337712 0.9426414910921783
    outer loop
      vertex 3.9000000000000004 1.469308593135731 11.172320251361473
      vertex 8.9 1.2669696769372842 11.10066828318987
      vertex 8.9 1.469308593135731 11.172320251361473
    endloop
  endfacet
  facet normal 0 -0.38268343236509395 0.9238795325112852
    outer loop
      vertex 3.9000000000000004 1.6676202366107806 11.254463623665337
      vertex 8.9 1.469308593135731 11.172320251361473
      vertex 8.9 1.6676202366107806 11.254463623665337
    endloop
  endfacet
  facet normal 0 -0.47715876025961507 0.8788171126619617
    outer loop
      vertex 3.9000000000000004 1.8613610489321417 11.346873250827691
      vertex 8.9 1.8613610489321417 11.346873250827691
      vertex 3.9000000000000004 2.05 11.449295844483803
    endloop
  endfacet
  facet normal 0 -0.522498564715944 0.8526401643540951
    outer loop
      vertex 3.9000000000000004 2.05 11.449295844483803
      vertex 8.9 2.05 11.449295844483803
      vertex 3.9000000000000004 2.233020043561611 11.561450671423762
    endloop
  endfacet
  facet normal 0 -0.5664062369248359 0.8241261886220135
    outer loop
      vertex 3.9000000000000004 2.233020043561611 11.561450671423762
      vertex 8.9 2.233020043561611 11.561450671423762
      vertex 3.9000000000000004 2.4099195343991395 11.683030323062717
    endloop
  endfacet
  facet normal 0 -0.6087614290087187 0.7933533402912367
    outer loop
      vertex 8.9 2.4099195343991395 11.683030323062717
      vertex 3.9000000000000004 2.5802136033043332 11.81370155802642
      vertex 3.9000000000000004 2.4099195343991395 11.683030323062717
    endloop
  endfacet
  facet normal 0 -0.6494480483301835 0.760405965600031
    outer loop
      vertex 8.9 2.5802136033043332 11.81370155802642
      vertex 3.9000000000000004 2.7434354860713186 11.953106215542684
      vertex 3.9000000000000004 2.5802136033043332 11.81370155802642
    endloop
  endfacet
  facet normal 0 -0.6883545756937534 0.7253743710122883
    outer loop
      vertex 8.9 2.7434354860713186 11.953106215542684
      vertex 3.9000000000000004 2.899137802864845 12.100862197135156
      vertex 3.9000000000000004 2.7434354860713186 11.953106215542684
    endloop
  endfacet
  facet normal 0 -0.7253743710122883 0.6883545756937534
    outer loop
      vertex 3.9000000000000004 2.899137802864845 12.100862197135156
      vertex 8.9 2.899137802864845 12.100862197135156
      vertex 3.9000000000000004 3.0468937844573163 12.256564513928682
    endloop
  endfacet
  facet normal 0 -0.7604059656000312 0.6494480483301834
    outer loop
      vertex 8.9 3.0468937844573163 12.256564513928682
      vertex 3.9000000000000004 3.1862984419735803 12.419786396695667
      vertex 3.9000000000000004 3.0468937844573163 12.256564513928682
    endloop
  endfacet
  facet normal 0 -0.7933533402912331 0.6087614290087232
    outer loop
      vertex 8.9 3.1862984419735803 12.419786396695667
      vertex 3.9000000000000004 3.3169696769372843 12.59008046560086
      vertex 3.9000000000000004 3.1862984419735803 12.419786396695667
    endloop
  endfacet
  facet normal 0 -0.8241261886220167 0.5664062369248312
    outer loop
      vertex 8.9 3.3169696769372843 12.59008046560086
      vertex 3.9000000000000004 3.4385493285762383 12.766979956438389
      vertex 3.9000000000000004 3.3169696769372843 12.59008046560086
    endloop
  endfacet
  facet normal 0 -0.8526401643540922 0.5224985647159489
    outer loop
      vertex 8.9 3.4385493285762383 12.766979956438389
      vertex 3.9000000000000004 3.550704155516198 12.95
      vertex 3.9000000000000004 3.4385493285762383 12.766979956438389
    endloop
  endfacet
  facet normal 0 -0.8788171126619645 0.47715876025960985
    outer loop
      vertex 8.9 3.550704155516198 12.95
      vertex 3.9000000000000004 3.653126749172308 13.138638951067858
      vertex 3.9000000000000004 3.550704155516198 12.95
    endloop
  endfacet
  facet normal 0 -0.9025852843498617 0.4305110968082926
    outer loop
      vertex 8.9 3.653126749172308 13.138638951067858
      vertex 3.9000000000000004 3.7455363763346634 13.33237976338922
      vertex 3.9000000000000004 3.653126749172308 13.138638951067858
    endloop
  endfacet
  facet normal 0 -0.9025852843498617 -0.4305110968082926
    outer loop
      vertex 8.9 3.7455363763346634 16.66762023661078
      vertex 3.9000000000000004 3.653126749172308 16.861361048932142
      vertex 3.9000000000000004 3.7455363763346634 16.66762023661078
    endloop
  endfacet
  facet normal 0 -0.8788171126619645 -0.47715876025960985
    outer loop
      vertex 8.9 3.653126749172308 16.861361048932142
      vertex 3.9000000000000004 3.550704155516198 17.05
      vertex 3.9000000000000004 3.653126749172308 16.861361048932142
    endloop
  endfacet
  facet normal 0 -0.9238795325112865 0.38268343236509034
    outer loop
      vertex 8.9 3.7455363763346634 13.33237976338922
      vertex 3.9000000000000004 3.827679748638527 13.53069140686427
      vertex 3.9000000000000004 3.7455363763346634 13.33237976338922
    endloop
  endfacet
  facet normal 0 -0.9426414910921785 0.3338068592337703
    outer loop
      vertex 8.9 3.827679748638527 13.53069140686427
      vertex 3.9000000000000004 3.899331716810129 13.733030323062716
      vertex 3.9000000000000004 3.827679748638527 13.53069140686427
    endloop
  endfacet
  facet normal 0 -0.9588197348681927 0.2840153447039239
    outer loop
      vertex 8.9 3.899331716810129 13.733030323062716
      vertex 3.9000000000000004 3.96029588778518 13.938841915079665
      vertex 3.9000000000000004 3.899331716810129 13.733030323062716
    endloop
  endfacet
  facet normal 0 -0.9723699203976768 0.23344536385590442
    outer loop
      vertex 8.9 3.96029588778518 13.938841915079665
      vertex 3.9000000000000004 4.010405163008603 14.147562067647186
      vertex 3.9000000000000004 3.96029588778518 13.938841915079665
    endloop
  endfacet
  facet normal 0 -0.9832549075639542 0.18223552549214972
    outer loop
      vertex 8.9 4.010405163008603 14.147562067647186
      vertex 3.9000000000000004 4.049522196440065 14.358618693335053
      vertex 3.9000000000000004 4.010405163008603 14.147562067647186
    endloop
  endfacet
  facet normal 0 -0.9914448613738109 0.13052619222004674
    outer loop
      vertex 8.9 4.049522196440065 14.358618693335053
      vertex 3.9000000000000004 4.07753977100992 14.57143330060262
      vertex 3.9000000000000004 4.049522196440065 14.358618693335053
    endloop
  endfacet
  facet normal 0 -0.9969173337331276 0.0784590957278478
    outer loop
      vertex 8.9 4.07753977100992 14.57143330060262
      vertex 3.9000000000000004 4.0943810924937525 14.78542257940393
      vertex 3.9000000000000004 4.07753977100992 14.57143330060262
    endloop
  endfacet
  facet normal 0 -0.9996573249755573 0.0261769483078733
    outer loop
      vertex 8.9 4.0943810924937525 14.78542257940393
      vertex 3.9000000000000004 4.1 15
      vertex 3.9000000000000004 4.0943810924937525 14.78542257940393
    endloop
  endfacet
  facet normal 0 -0.9996573249755573 -0.0261769483078733
    outer loop
      vertex 8.9 4.1 15
      vertex 3.9000000000000004 4.0943810924937525 15.21457742059607
      vertex 3.9000000000000004 4.1 15
    endloop
  endfacet
  facet normal 0 -0.9969173337331276 -0.0784590957278478
    outer loop
      vertex 8.9 4.0943810924937525 15.21457742059607
      vertex 3.9000000000000004 4.07753977100992 15.42856669939738
      vertex 3.9000000000000004 4.0943810924937525 15.21457742059607
    endloop
  endfacet
  facet normal 0 -0.9914448613738109 -0.13052619222004674
    outer loop
      vertex 8.9 4.07753977100992 15.42856669939738
      vertex 3.9000000000000004 4.049522196440065 15.641381306664947
      vertex 3.9000000000000004 4.07753977100992 15.42856669939738
    endloop
  endfacet
  facet normal 0 -0.9832549075639542 -0.18223552549214972
    outer loop
      vertex 8.9 4.049522196440065 15.641381306664947
      vertex 3.9000000000000004 4.010405163008603 15.852437932352814
      vertex 3.9000000000000004 4.049522196440065 15.641381306664947
    endloop
  endfacet
  facet normal 0 -0.9588197348681914 -0.2840153447039285
    outer loop
      vertex 8.9 3.96029588778518 16.061158084920336
      vertex 3.9000000000000004 3.899331716810129 16.266969676937283
      vertex 3.9000000000000004 3.96029588778518 16.061158084920336
    endloop
  endfacet
  facet normal 0 -0.9723699203976772 -0.23344536385590253
    outer loop
      vertex 8.9 4.010405163008603 15.852437932352814
      vertex 3.9000000000000004 3.96029588778518 16.061158084920336
      vertex 3.9000000000000004 4.010405163008603 15.852437932352814
    endloop
  endfacet
  facet normal 0 -0.9426414910921804 -0.33380685923376513
    outer loop
      vertex 8.9 3.899331716810129 16.266969676937283
      vertex 3.9000000000000004 3.827679748638527 16.469308593135732
      vertex 3.9000000000000004 3.899331716810129 16.266969676937283
    endloop
  endfacet
  facet normal 0 -0.9238795325112853 -0.3826834323650933
    outer loop
      vertex 8.9 3.827679748638527 16.469308593135732
      vertex 3.9000000000000004 3.7455363763346634 16.66762023661078
      vertex 3.9000000000000004 3.827679748638527 16.469308593135732
    endloop
  endfacet
  facet normal 0 -0.4305110968082896 0.9025852843498633
    outer loop
      vertex 3.9000000000000004 1.8613610489321417 11.346873250827691
      vertex 8.9 1.6676202366107806 11.254463623665337
      vertex 8.9 1.8613610489321417 11.346873250827691
    endloop
  endfacet
  facet normal 0 -0.47715876025961507 0.8788171126619617
    outer loop
      vertex 3.9000000000000004 2.05 11.449295844483803
      vertex 8.9 1.8613610489321417 11.346873250827691
      vertex 8.9 2.05 11.449295844483803
    endloop
  endfacet
  facet normal 0 -0.522498564715944 0.8526401643540951
    outer loop
      vertex 3.9000000000000004 2.233020043561611 11.561450671423762
      vertex 8.9 2.05 11.449295844483803
      vertex 8.9 2.233020043561611 11.561450671423762
    endloop
  endfacet
  facet normal 0 -0.5664062369248359 0.8241261886220135
    outer loop
      vertex 8.9 2.4099195343991395 11.683030323062717
      vertex 3.9000000000000004 2.4099195343991395 11.683030323062717
      vertex 8.9 2.233020043561611 11.561450671423762
    endloop
  endfacet
  facet normal 0 -0.6087614290087187 0.7933533402912367
    outer loop
      vertex 8.9 2.5802136033043332 11.81370155802642
      vertex 3.9000000000000004 2.5802136033043332 11.81370155802642
      vertex 8.9 2.4099195343991395 11.683030323062717
    endloop
  endfacet
  facet normal 0 -0.6494480483301835 0.760405965600031
    outer loop
      vertex 8.9 2.7434354860713186 11.953106215542684
      vertex 3.9000000000000004 2.7434354860713186 11.953106215542684
      vertex 8.9 2.5802136033043332 11.81370155802642
    endloop
  endfacet
  facet normal 0 -0.6883545756937534 0.7253743710122883
    outer loop
      vertex 8.9 2.899137802864845 12.100862197135156
      vertex 3.9000000000000004 2.899137802864845 12.100862197135156
      vertex 8.9 2.7434354860713186 11.953106215542684
    endloop
  endfacet
  facet normal 8.3199480573026285e-19 -0.7253743710122883 0.6883545756937534
    outer loop
      vertex 8.9 2.899137802864845 12.100862197135156
      vertex 8.9 3.0468937844573163 12.256564513928682
      vertex 3.9000000000000004 3.0468937844573163 12.256564513928682
    endloop
  endfacet
  facet normal 1.487462198458751e-18 -0.7604059656000312 0.6494480483301834
    outer loop
      vertex 8.9 3.0468937844573163 12.256564513928682
      vertex 8.9 3.1862984419735803 12.419786396695667
      vertex 3.9000000000000004 3.1862984419735803 12.419786396695667
    endloop
  endfacet
  facet normal -7.272782257979731e-19 -0.7933533402912331 0.6087614290087232
    outer loop
      vertex 8.9 3.1862984419735803 12.419786396695667
      vertex 8.9 3.3169696769372843 12.59008046560086
      vertex 3.9000000000000004 3.3169696769372843 12.59008046560086
    endloop
  endfacet
  facet normal -1.3195029020755992e-18 -0.8241261886220167 0.5664062369248312
    outer loop
      vertex 8.9 3.3169696769372843 12.59008046560086
      vertex 8.9 3.4385493285762383 12.766979956438389
      vertex 3.9000000000000004 3.4385493285762383 12.766979956438389
    endloop
  endfacet
  facet normal 2.9800816969335673e-19 -0.8526401643540922 0.5224985647159489
    outer loop
      vertex 8.9 3.4385493285762383 12.766979956438389
      vertex 8.9 3.550704155516198 12.95
      vertex 3.9000000000000004 3.550704155516198 12.95
    endloop
  endfacet
  facet normal -1.0442220496654082e-18 -0.8788171126619645 0.47715876025960985
    outer loop
      vertex 8.9 3.550704155516198 12.95
      vertex 8.9 3.653126749172308 13.138638951067858
      vertex 3.9000000000000004 3.653126749172308 13.138638951067858
    endloop
  endfacet
  facet normal -1.3258194759367516e-18 -0.9025852843498617 0.4305110968082926
    outer loop
      vertex 8.9 3.653126749172308 13.138638951067858
      vertex 8.9 3.7455363763346634 13.33237976338922
      vertex 3.9000000000000004 3.7455363763346634 13.33237976338922
    endloop
  endfacet
  facet normal 1.3258194759367516e-18 -0.9025852843498617 -0.4305110968082926
    outer loop
      vertex 8.9 3.7455363763346634 16.66762023661078
      vertex 8.9 3.653126749172308 16.861361048932142
      vertex 3.9000000000000004 3.653126749172308 16.861361048932142
    endloop
  endfacet
  facet normal -3.8284472271016126e-19 -0.9238795325112865 0.38268343236509034
    outer loop
      vertex 8.9 3.7455363763346634 13.33237976338922
      vertex 8.9 3.827679748638527 13.53069140686427
      vertex 3.9000000000000004 3.827679748638527 13.53069140686427
    endloop
  endfacet
  facet normal 7.479390481513702e-19 -0.9426414910921785 0.3338068592337703
    outer loop
      vertex 8.9 3.827679748638527 13.53069140686427
      vertex 8.9 3.899331716810129 13.733030323062716
      vertex 3.9000000000000004 3.899331716810129 13.733030323062716
    endloop
  endfacet
  facet normal 1.0840365084832266e-19 -0.9588197348681927 0.2840153447039239
    outer loop
      vertex 8.9 3.899331716810129 13.733030323062716
      vertex 8.9 3.96029588778518 13.938841915079665
      vertex 3.9000000000000004 3.96029588778518 13.938841915079665
    endloop
  endfacet
  facet normal 1.0547851813678723e-19 -0.9723699203976768 0.23344536385590442
    outer loop
      vertex 8.9 3.96029588778518 13.938841915079665
      vertex 8.9 4.010405163008603 14.147562067647186
      vertex 3.9000000000000004 4.010405163008603 14.147562067647186
    endloop
  endfacet
  facet normal 2.4190713209298657e-19 -0.9832549075639542 0.18223552549214972
    outer loop
      vertex 8.9 4.010405163008603 14.147562067647186
      vertex 8.9 4.049522196440065 14.358618693335053
      vertex 3.9000000000000004 4.049522196440065 14.358618693335053
    endloop
  endfacet
  facet normal -3.553641144235584e-19 -0.9914448613738109 0.13052619222004674
    outer loop
      vertex 8.9 4.049522196440065 14.358618693335053
      vertex 8.9 4.07753977100992 14.57143330060262
      vertex 3.9000000000000004 4.07753977100992 14.57143330060262
    endloop
  endfacet
  facet normal -1.38185254169503e-19 -0.9969173337331276 0.0784590957278478
    outer loop
      vertex 8.9 4.07753977100992 14.57143330060262
      vertex 8.9 4.0943810924937525 14.78542257940393
      vertex 3.9000000000000004 4.0943810924937525 14.78542257940393
    endloop
  endfacet
  facet normal 8.592548784072546e-20 -0.9996573249755573 0.0261769483078733
    outer loop
      vertex 8.9 4.0943810924937525 14.78542257940393
      vertex 8.9 4.1 15
      vertex 3.9000000000000004 4.1 15
    endloop
  endfacet
  facet normal -8.592548784072546e-20 -0.9996573249755573 -0.0261769483078733
    outer loop
      vertex 8.9 4.1 15
      vertex 8.9 4.0943810924937525 15.21457742059607
      vertex 3.9000000000000004 4.0943810924937525 15.21457742059607
    endloop
  endfacet
  facet normal 1.38185254169503e-19 -0.9969173337331276 -0.0784590957278478
    outer loop
      vertex 8.9 4.0943810924937525 15.21457742059607
      vertex 8.9 4.07753977100992 15.42856669939738
      vertex 3.9000000000000004 4.07753977100992 15.42856669939738
    endloop
  endfacet
  facet normal 3.553641144235584e-19 -0.9914448613738109 -0.13052619222004674
    outer loop
      vertex 8.9 4.07753977100992 15.42856669939738
      vertex 8.9 4.049522196440065 15.641381306664947
      vertex 3.9000000000000004 4.049522196440065 15.641381306664947
    endloop
  endfacet
  facet normal -2.4190713209298657e-19 -0.9832549075639542 -0.18223552549214972
    outer loop
      vertex 8.9 4.049522196440065 15.641381306664947
      vertex 8.9 4.010405163008603 15.852437932352814
      vertex 3.9000000000000004 4.010405163008603 15.852437932352814
    endloop
  endfacet
  facet normal -6.096052595733167e-19 -0.9723699203976772 -0.23344536385590253
    outer loop
      vertex 8.9 4.010405163008603 15.852437932352814
      vertex 8.9 3.96029588778518 16.061158084920336
      vertex 3.9000000000000004 3.96029588778518 16.061158084920336
    endloop
  endfacet
  facet normal -3.4338078615759005e-19 -0.9588197348681914 -0.2840153447039285
    outer loop
      vertex 8.9 3.96029588778518 16.061158084920336
      vertex 8.9 3.899331716810129 16.266969676937283
      vertex 3.9000000000000004 3.899331716810129 16.266969676937283
    endloop
  endfacet
  facet normal -3.329178445178371e-19 -0.9426414910921804 -0.33380685923376513
    outer loop
      vertex 8.9 3.899331716810129 16.266969676937283
      vertex 8.9 3.827679748638527 16.469308593135732
      vertex 3.9000000000000004 3.827679748638527 16.469308593135732
    endloop
  endfacet
  facet normal 5.68419673184028e-19 -0.9238795325112853 -0.3826834323650933
    outer loop
      vertex 8.9 3.827679748638527 16.469308593135732
      vertex 8.9 3.7455363763346634 16.66762023661078
      vertex 3.9000000000000004 3.7455363763346634 16.66762023661078
    endloop
  endfacet
  facet normal 0 -0.13052619222004694 -0.9914448613738112
    outer loop
      vertex 8.9 0.6413813066649465 19.049522196440066
      vertex 3.9000000000000004 0.4285666993973792 19.07753977100992
      vertex 3.9000000000000004 0.6413813066649465 19.049522196440066
    endloop
  endfacet
  facet normal 0 -0.182235525492154 -0.9832549075639533
    outer loop
      vertex 8.9 0.8524379323528132 19.010405163008603
      vertex 3.9000000000000004 0.6413813066649465 19.049522196440066
      vertex 3.9000000000000004 0.8524379323528132 19.010405163008603
    endloop
  endfacet
  facet normal 0 -0.02617694830788576 -0.9996573249755569
    outer loop
      vertex 8.9 0.2145774205960697 19.09438109249375
      vertex 3.9000000000000004 0 19.1
      vertex 3.9000000000000004 0.2145774205960697 19.09438109249375
    endloop
  endfacet
  facet normal 0 -0.07845909572783939 -0.9969173337331284
    outer loop
      vertex 8.9 0.4285666993973792 19.07753977100992
      vertex 3.9000000000000004 0.2145774205960697 19.09438109249375
      vertex 3.9000000000000004 0.4285666993973792 19.07753977100992
    endloop
  endfacet
  facet normal 0 -0.2334453638559073 -0.9723699203976761
    outer loop
      vertex 8.9 1.061158084920335 18.96029588778518
      vertex 3.9000000000000004 0.8524379323528132 19.010405163008603
      vertex 3.9000000000000004 1.061158084920335 18.96029588778518
    endloop
  endfacet
  facet normal 0 -0.3338068592337638 -0.9426414910921809
    outer loop
      vertex 8.9 1.469308593135731 18.827679748638527
      vertex 3.9000000000000004 1.2669696769372842 18.899331716810128
      vertex 3.9000000000000004 1.469308593135731 18.827679748638527
    endloop
  endfacet
  facet normal 0 -0.28401534470392664 -0.9588197348681917
    outer loop
      vertex 8.9 1.2669696769372842 18.899331716810128
      vertex 3.9000000000000004 1.061158084920335 18.96029588778518
      vertex 3.9000000000000004 1.2669696769372842 18.899331716810128
    endloop
  endfacet
  facet normal 0 -0.4305110968082896 -0.9025852843498633
    outer loop
      vertex 8.9 1.8613610489321417 18.65312674917231
      vertex 3.9000000000000004 1.6676202366107806 18.745536376334663
      vertex 3.9000000000000004 1.8613610489321417 18.65312674917231
    endloop
  endfacet
  facet normal 0 -0.38268343236509395 -0.9238795325112852
    outer loop
      vertex 8.9 1.6676202366107806 18.745536376334663
      vertex 3.9000000000000004 1.469308593135731 18.827679748638527
      vertex 3.9000000000000004 1.6676202366107806 18.745536376334663
    endloop
  endfacet
  facet normal 0 -0.5664062369248304 -0.8241261886220174
    outer loop
      vertex 8.9 2.4099195343991395 18.316969676937283
      vertex 3.9000000000000004 2.233020043561611 18.438549328576237
      vertex 3.9000000000000004 2.4099195343991395 18.316969676937283
    endloop
  endfacet
  facet normal 0 -0.6087614290087187 -0.7933533402912367
    outer loop
      vertex 8.9 2.5802136033043332 18.18629844197358
      vertex 3.9000000000000004 2.4099195343991395 18.316969676937283
      vertex 3.9000000000000004 2.5802136033043332 18.18629844197358
    endloop
  endfacet
  facet normal 0 -0.6494480483301788 -0.7604059656000351
    outer loop
      vertex 8.9 2.7434354860713186 18.046893784457318
      vertex 3.9000000000000004 2.5802136033043332 18.18629844197358
      vertex 3.9000000000000004 2.7434354860713186 18.046893784457318
    endloop
  endfacet
  facet normal 0 -0.7933533402912331 -0.6087614290087232
    outer loop
      vertex 8.9 3.3169696769372843 17.40991953439914
      vertex 3.9000000000000004 3.1862984419735803 17.580213603304333
      vertex 3.9000000000000004 3.3169696769372843 17.40991953439914
    endloop
  endfacet
  facet normal 0 -0.7604059656000346 -0.6494480483301792
    outer loop
      vertex 8.9 3.1862984419735803 17.580213603304333
      vertex 3.9000000000000004 3.0468937844573163 17.74343548607132
      vertex 3.9000000000000004 3.1862984419735803 17.580213603304333
    endloop
  endfacet
  facet normal 0 -0.85264016435409 -0.5224985647159526
    outer loop
      vertex 8.9 3.550704155516198 17.05
      vertex 3.9000000000000004 3.4385493285762383 17.23302004356161
      vertex 3.9000000000000004 3.550704155516198 17.05
    endloop
  endfacet
  facet normal 0 -0.8241261886220194 -0.5664062369248273
    outer loop
      vertex 8.9 3.4385493285762383 17.23302004356161
      vertex 3.9000000000000004 3.3169696769372843 17.40991953439914
      vertex 3.9000000000000004 3.4385493285762383 17.23302004356161
    endloop
  endfacet
  facet normal 0 -0.7253743710122883 -0.6883545756937534
    outer loop
      vertex 8.9 3.0468937844573163 17.74343548607132
      vertex 3.9000000000000004 2.899137802864845 17.899137802864846
      vertex 3.9000000000000004 3.0468937844573163 17.74343548607132
    endloop
  endfacet
  facet normal -8.3199480573026285e-19 -0.6883545756937534 -0.7253743710122883
    outer loop
      vertex 3.9000000000000004 2.7434354860713186 18.046893784457318
      vertex 3.9000000000000004 2.899137802864845 17.899137802864846
      vertex 8.9 2.899137802864845 17.899137802864846
    endloop
  endfacet
  facet normal 0 -0.47715876025961507 -0.8788171126619617
    outer loop
      vertex 8.9 2.05 18.550704155516197
      vertex 3.9000000000000004 1.8613610489321417 18.65312674917231
      vertex 3.9000000000000004 2.05 18.550704155516197
    endloop
  endfacet
  facet normal 0 -0.52249856471595 -0.8526401643540914
    outer loop
      vertex 8.9 2.233020043561611 18.438549328576237
      vertex 3.9000000000000004 2.05 18.550704155516197
      vertex 3.9000000000000004 2.233020043561611 18.438549328576237
    endloop
  endfacet
  facet normal 0 -0.13052619222004694 -0.9914448613738112
    outer loop
      vertex 8.9 0.4285666993973792 19.07753977100992
      vertex 3.9000000000000004 0.4285666993973792 19.07753977100992
      vertex 8.9 0.6413813066649465 19.049522196440066
    endloop
  endfacet
  facet normal 0 -0.182235525492154 -0.9832549075639533
    outer loop
      vertex 8.9 0.6413813066649465 19.049522196440066
      vertex 3.9000000000000004 0.6413813066649465 19.049522196440066
      vertex 8.9 0.8524379323528132 19.010405163008603
    endloop
  endfacet
  facet normal 0 -0.2334453638559073 -0.9723699203976761
    outer loop
      vertex 8.9 0.8524379323528132 19.010405163008603
      vertex 3.9000000000000004 0.8524379323528132 19.010405163008603
      vertex 8.9 1.061158084920335 18.96029588778518
    endloop
  endfacet
  facet normal 0 -0.02617694830788576 -0.9996573249755569
    outer loop
      vertex 8.9 0 19.1
      vertex 3.9000000000000004 0 19.1
      vertex 8.9 0.2145774205960697 19.09438109249375
    endloop
  endfacet
  facet normal 0 -0.07845909572783939 -0.9969173337331284
    outer loop
      vertex 8.9 0.2145774205960697 19.09438109249375
      vertex 3.9000000000000004 0.2145774205960697 19.09438109249375
      vertex 8.9 0.4285666993973792 19.07753977100992
    endloop
  endfacet
  facet normal 0 -0.28401534470392664 -0.9588197348681917
    outer loop
      vertex 8.9 1.061158084920335 18.96029588778518
      vertex 3.9000000000000004 1.061158084920335 18.96029588778518
      vertex 8.9 1.2669696769372842 18.899331716810128
    endloop
  endfacet
  facet normal 0 -0.3338068592337638 -0.9426414910921809
    outer loop
      vertex 8.9 1.2669696769372842 18.899331716810128
      vertex 3.9000000000000004 1.2669696769372842 18.899331716810128
      vertex 8.9 1.469308593135731 18.827679748638527
    endloop
  endfacet
  facet normal 0 -0.4305110968082896 -0.9025852843498633
    outer loop
      vertex 8.9 1.6676202366107806 18.745536376334663
      vertex 3.9000000000000004 1.6676202366107806 18.745536376334663
      vertex 8.9 1.8613610489321417 18.65312674917231
    endloop
  endfacet
  facet normal 0 -0.38268343236509395 -0.9238795325112852
    outer loop
      vertex 8.9 1.469308593135731 18.827679748638527
      vertex 3.9000000000000004 1.469308593135731 18.827679748638527
      vertex 8.9 1.6676202366107806 18.745536376334663
    endloop
  endfacet
  facet normal 0 -0.6883545756937534 -0.7253743710122883
    outer loop
      vertex 8.9 2.7434354860713186 18.046893784457318
      vertex 3.9000000000000004 2.7434354860713186 18.046893784457318
      vertex 8.9 2.899137802864845 17.899137802864846
    endloop
  endfacet
  facet normal 0 -0.6087614290087187 -0.7933533402912367
    outer loop
      vertex 8.9 2.4099195343991395 18.316969676937283
      vertex 3.9000000000000004 2.4099195343991395 18.316969676937283
      vertex 8.9 2.5802136033043332 18.18629844197358
    endloop
  endfacet
  facet normal 0 -0.6494480483301788 -0.7604059656000351
    outer loop
      vertex 8.9 2.5802136033043332 18.18629844197358
      vertex 3.9000000000000004 2.5802136033043332 18.18629844197358
      vertex 8.9 2.7434354860713186 18.046893784457318
    endloop
  endfacet
  facet normal 7.272782257979731e-19 -0.7933533402912331 -0.6087614290087232
    outer loop
      vertex 8.9 3.3169696769372843 17.40991953439914
      vertex 8.9 3.1862984419735803 17.580213603304333
      vertex 3.9000000000000004 3.1862984419735803 17.580213603304333
    endloop
  endfacet
  facet normal 1.0702759832194473e-18 -0.85264016435409 -0.5224985647159526
    outer loop
      vertex 8.9 3.550704155516198 17.05
      vertex 8.9 3.4385493285762383 17.23302004356161
      vertex 3.9000000000000004 3.4385493285762383 17.23302004356161
    endloop
  endfacet
  facet normal 1.0442220496654082e-18 -0.8788171126619645 -0.47715876025960985
    outer loop
      vertex 8.9 3.653126749172308 16.861361048932142
      vertex 8.9 3.550704155516198 17.05
      vertex 3.9000000000000004 3.550704155516198 17.05
    endloop
  endfacet
  facet normal 5.152813558098297e-19 -0.8241261886220194 -0.5664062369248273
    outer loop
      vertex 8.9 3.4385493285762383 17.23302004356161
      vertex 8.9 3.3169696769372843 17.40991953439914
      vertex 3.9000000000000004 3.3169696769372843 17.40991953439914
    endloop
  endfacet
  facet normal -8.3199480573026285e-19 -0.7253743710122883 -0.6883545756937534
    outer loop
      vertex 8.9 3.0468937844573163 17.74343548607132
      vertex 8.9 2.899137802864845 17.899137802864846
      vertex 3.9000000000000004 2.899137802864845 17.899137802864846
    endloop
  endfacet
  facet normal 5.323410715131176e-19 -0.7604059656000346 -0.6494480483301792
    outer loop
      vertex 8.9 3.1862984419735803 17.580213603304333
      vertex 8.9 3.0468937844573163 17.74343548607132
      vertex 3.9000000000000004 3.0468937844573163 17.74343548607132
    endloop
  endfacet
  facet normal 0 -0.47715876025961507 -0.8788171126619617
    outer loop
      vertex 8.9 1.8613610489321417 18.65312674917231
      vertex 3.9000000000000004 1.8613610489321417 18.65312674917231
      vertex 8.9 2.05 18.550704155516197
    endloop
  endfacet
  facet normal 0 -0.52249856471595 -0.8526401643540914
    outer loop
      vertex 8.9 2.05 18.550704155516197
      vertex 3.9000000000000004 2.05 18.550704155516197
      vertex 8.9 2.233020043561611 18.438549328576237
    endloop
  endfacet
  facet normal 0 -0.5664062369248304 -0.8241261886220174
    outer loop
      vertex 8.9 2.233020043561611 18.438549328576237
      vertex 3.9000000000000004 2.233020043561611 18.438549328576237
      vertex 8.9 2.4099195343991395 18.316969676937283
    endloop
  endfacet
  facet normal 1 0 0
    outer loop
      vertex -3.8 -7 1.5
      vertex -3.8 7 4
      vertex -3.8 -7 4
    endloop
  endfacet
  facet normal 0 1 0
    outer loop
      vertex -3.8 -7 1.5
      vertex -3.8 -7 4
      vertex 3.8 -7 1.5
    endloop
  endfacet
  facet normal 1 0 0
    outer loop
      vertex -3.8 -7 1.5
      vertex -3.8 7 1.5
      vertex -3.8 7 4
    endloop
  endfacet
  facet normal 0 0 1
    outer loop
      vertex -3.8 -7 1.5
      vertex 3.8 7 1.5
      vertex -3.8 7 1.5
    endloop
  endfacet
  facet normal 0 -1 0
    outer loop
      vertex -3.8 7 1.5
      vertex 3.8 7 4
      vertex -3.8 7 4
    endloop
  endfacet
  facet normal 0 1 0
    outer loop
      vertex 3.8 -7 1.5
      vertex -3.8 -7 4
      vertex 3.8 -7 4
    endloop
  endfacet
  facet normal 0 0 1
    outer loop
      vertex -3.8 -7 1.5
      vertex 3.8 -7 1.5
      vertex 3.8 7 1.5
    endloop
  endfacet
  facet normal -1 0 0
    outer loop
      vertex 3.8 -7 1.5
      vertex 3.8 -7 4
      vertex 3.8 7 1.5
    endloop
  endfacet
  facet normal 0 -1 0
    outer loop
      vertex -3.8 7 1.5
      vertex 3.8 7 1.5
      vertex 3.8 7 4
    endloop
  endfacet
  facet normal -1 0 0
    outer loop
      vertex 3.8 7 1.5
      vertex 3.8 -7 4
      vertex 3.8 7 4
    endloop
  endfacet
endsolid OpenSCAD_Model
